solid OpenSCAD_Model
  facet normal 0 0 -1
    outer loop
      vertex -19.098463104665278 -52.03010071784258 0
      vertex -19.229629130661486 -51.61409522563219 0
      vertex -19.324038767814635 -51.188240885436535 0
    endloop
  endfacet
  facet normal -0.9537169519742491 -0.3007057956158277 0
    outer loop
      vertex -19.098463104665278 -52.03010071784258 0
      vertex -19.229629130661486 -51.61409522563219 3
      vertex -19.229629130661486 -51.61409522563219 0
    endloop
  endfacet
  facet normal -0.9762960057303499 -0.2164396202061085 0
    outer loop
      vertex -19.229629130661486 -51.61409522563219 0
      vertex -19.229629130661486 -51.61409522563219 3
      vertex -19.324038767814635 -51.188240885436535 0
    endloop
  endfacet
  facet normal -0.9914448622992901 -0.13052618519033563 0
    outer loop
      vertex -19.324038767814635 -51.188240885436535 0
      vertex -19.380973489582537 -50.755778714716435 3
      vertex -19.380973489582537 -50.755778714716435 0
    endloop
  endfacet
  facet normal -0.9537169519742491 -0.3007057956158277 0
    outer loop
      vertex -19.098463104665278 -52.03010071784258 0
      vertex -19.098463104665278 -52.03010071784258 3
      vertex -19.229629130661486 -51.61409522563219 3
    endloop
  endfacet
  facet normal -0.9762960057303499 -0.2164396202061085 0
    outer loop
      vertex -19.324038767814635 -51.188240885436535 0
      vertex -19.229629130661486 -51.61409522563219 3
      vertex -19.324038767814635 -51.188240885436535 3
    endloop
  endfacet
  facet normal -0.9914448622992901 -0.13052618519033563 0
    outer loop
      vertex -19.324038767814635 -51.188240885436535 0
      vertex -19.324038767814635 -51.188240885436535 3
      vertex -19.380973489582537 -50.755778714716435 3
    endloop
  endfacet
  facet normal 0 0 -1
    outer loop
      vertex -18.230222219228743 -53.53393804997206 0
      vertex -18.495760218799113 -53.18788218468428 0
      vertex -17.613938049972056 -54.150222219228745 0
    endloop
  endfacet
  facet normal 0 0 -1
    outer loop
      vertex -18.230222219228743 -53.53393804997206 0
      vertex -17.613938049972056 -54.150222219228745 0
      vertex -17.935533905029295 -53.8555339050293 0
    endloop
  endfacet
  facet normal 0 0 -1
    outer loop
      vertex -17.613938049972056 -54.150222219228745 0
      vertex -18.495760218799113 -53.18788218468428 0
      vertex -16.51309131234884 -54.85153893351555 0
    endloop
  endfacet
  facet normal 0 0 -1
    outer loop
      vertex -18.730127015709876 -52.82 0
      vertex -18.931538933515547 -52.43309131234884 0
      vertex -18.495760218799113 -53.18788218468428 0
    endloop
  endfacet
  facet normal 0 0 -1
    outer loop
      vertex -19.098463104665278 -52.03010071784258 0
      vertex -18.495760218799113 -53.18788218468428 0
      vertex -18.931538933515547 -52.43309131234884 0
    endloop
  endfacet
  facet normal 0 0 -1
    outer loop
      vertex -19.098463104665278 -52.03010071784258 0
      vertex -19.324038767814635 -51.188240885436535 0
      vertex -18.495760218799113 -53.18788218468428 0
    endloop
  endfacet
  facet normal 0 0 -1
    outer loop
      vertex -17.613938049972056 -54.150222219228745 0
      vertex -16.51309131234884 -54.85153893351555 0
      vertex -17.267882184684275 -54.415760218799115 0
    endloop
  endfacet
  facet normal 0 0 -1
    outer loop
      vertex -17.267882184684275 -54.415760218799115 0
      vertex -16.51309131234884 -54.85153893351555 0
      vertex -16.9 -54.65012701570988 0
    endloop
  endfacet
  facet normal 0 0 -1
    outer loop
      vertex -18.495760218799113 -53.18788218468428 0
      vertex -14.399999999999999 -55.32 0
      vertex -16.51309131234884 -54.85153893351555 0
    endloop
  endfacet
  facet normal 0 0 -1
    outer loop
      vertex -16.51309131234884 -54.85153893351555 0
      vertex -15.69409522563219 -55.14962913066149 0
      vertex -16.110100717842577 -55.01846310466528 0
    endloop
  endfacet
  facet normal 0 0 -1
    outer loop
      vertex -19.324038767814635 -51.188240885436535 0
      vertex -14.399999999999999 -55.32 0
      vertex -18.495760218799113 -53.18788218468428 0
    endloop
  endfacet
  facet normal -0.7372773290728231 -0.6755902160594426 0
    outer loop
      vertex -18.230222219228743 -53.53393804997206 0
      vertex -17.935533905029295 -53.8555339050293 0
      vertex -17.935533905029295 -53.8555339050293 3
    endloop
  endfacet
  facet normal -0.6755902160594426 -0.7372773290728231 0
    outer loop
      vertex -17.935533905029295 -53.8555339050293 0
      vertex -17.613938049972056 -54.150222219228745 0
      vertex -17.935533905029295 -53.8555339050293 3
    endloop
  endfacet
  facet normal -0.8870108299460169 -0.4617486194440415 0
    outer loop
      vertex -18.730127015709876 -52.82 0
      vertex -18.931538933515547 -52.43309131234884 3
      vertex -18.931538933515547 -52.43309131234884 0
    endloop
  endfacet
  facet normal -0.8433914483399447 -0.5372996043801359 0
    outer loop
      vertex -18.730127015709876 -52.82 0
      vertex -18.495760218799113 -53.18788218468428 0
      vertex -18.495760218799113 -53.18788218468428 3
    endloop
  endfacet
  facet normal -0.7933533460635712 -0.6087614214860659 0
    outer loop
      vertex -18.230222219228743 -53.53393804997206 0
      vertex -18.230222219228743 -53.53393804997206 3
      vertex -18.495760218799113 -53.18788218468428 0
    endloop
  endfacet
  facet normal -0.9238795313794139 -0.38268343509767255 0
    outer loop
      vertex -19.098463104665278 -52.03010071784258 0
      vertex -18.931538933515547 -52.43309131234884 0
      vertex -18.931538933515547 -52.43309131234884 3
    endloop
  endfacet
  facet normal -0.5372996043801359 -0.8433914483399447 0
    outer loop
      vertex -17.267882184684275 -54.415760218799115 0
      vertex -16.9 -54.65012701570988 0
      vertex -16.9 -54.65012701570988 3
    endloop
  endfacet
  facet normal -0.4617486194440415 -0.8870108299460169 0
    outer loop
      vertex -16.9 -54.65012701570988 0
      vertex -16.51309131234884 -54.85153893351555 0
      vertex -16.9 -54.65012701570988 3
    endloop
  endfacet
  facet normal -0.6087614214860659 -0.7933533460635712 0
    outer loop
      vertex -17.613938049972056 -54.150222219228745 0
      vertex -17.267882184684275 -54.415760218799115 0
      vertex -17.267882184684275 -54.415760218799115 3
    endloop
  endfacet
  facet normal -0.38268343509767255 -0.9238795313794139 0
    outer loop
      vertex -16.51309131234884 -54.85153893351555 0
      vertex -16.110100717842577 -55.01846310466528 0
      vertex -16.110100717842577 -55.01846310466528 3
    endloop
  endfacet
  facet normal -0.3007057956158277 -0.9537169519742491 0
    outer loop
      vertex -16.110100717842577 -55.01846310466528 0
      vertex -15.69409522563219 -55.14962913066149 0
      vertex -16.110100717842577 -55.01846310466528 3
    endloop
  endfacet
  facet normal 0 0 -1
    outer loop
      vertex -16.51309131234884 -54.85153893351555 0
      vertex -15.268240885436533 -55.24403876781464 0
      vertex -15.69409522563219 -55.14962913066149 0
    endloop
  endfacet
  facet normal 0 0 -1
    outer loop
      vertex -16.51309131234884 -54.85153893351555 0
      vertex -14.399999999999999 -55.32 0
      vertex -15.268240885436533 -55.24403876781464 0
    endloop
  endfacet
  facet normal 0 0 -1
    outer loop
      vertex -15.268240885436533 -55.24403876781464 0
      vertex -14.399999999999999 -55.32 0
      vertex -14.835778714716433 -55.30097348958254 0
    endloop
  endfacet
  facet normal -0.2164396202061085 -0.9762960057303499 0
    outer loop
      vertex -15.69409522563219 -55.14962913066149 0
      vertex -15.268240885436533 -55.24403876781464 0
      vertex -15.268240885436533 -55.24403876781464 3
    endloop
  endfacet
  facet normal -0.13052618519033563 -0.9914448622992901 0
    outer loop
      vertex -15.268240885436533 -55.24403876781464 0
      vertex -14.835778714716433 -55.30097348958254 0
      vertex -14.835778714716433 -55.30097348958254 3
    endloop
  endfacet
  facet normal -0.043619389272507574 -0.9990482214985889 0
    outer loop
      vertex -14.835778714716433 -55.30097348958254 0
      vertex -14.399999999999999 -55.32 0
      vertex -14.835778714716433 -55.30097348958254 3
    endloop
  endfacet
  facet normal -0.7372773290728231 -0.6755902160594426 0
    outer loop
      vertex -18.230222219228743 -53.53393804997206 0
      vertex -17.935533905029295 -53.8555339050293 3
      vertex -18.230222219228743 -53.53393804997206 3
    endloop
  endfacet
  facet normal -0.6755902160594426 -0.7372773290728231 0
    outer loop
      vertex -17.613938049972056 -54.150222219228745 0
      vertex -17.613938049972056 -54.150222219228745 3
      vertex -17.935533905029295 -53.8555339050293 3
    endloop
  endfacet
  facet normal -0.6087614214860659 -0.7933533460635712 0
    outer loop
      vertex -17.613938049972056 -54.150222219228745 0
      vertex -17.267882184684275 -54.415760218799115 3
      vertex -17.613938049972056 -54.150222219228745 3
    endloop
  endfacet
  facet normal -0.8870108299460169 -0.4617486194440415 0
    outer loop
      vertex -18.730127015709876 -52.82 0
      vertex -18.730127015709876 -52.82 3
      vertex -18.931538933515547 -52.43309131234884 3
    endloop
  endfacet
  facet normal -0.7933533460635712 -0.6087614214860659 0
    outer loop
      vertex -18.495760218799113 -53.18788218468428 0
      vertex -18.230222219228743 -53.53393804997206 3
      vertex -18.495760218799113 -53.18788218468428 3
    endloop
  endfacet
  facet normal -0.8433914483399447 -0.5372996043801359 0
    outer loop
      vertex -18.730127015709876 -52.82 0
      vertex -18.495760218799113 -53.18788218468428 3
      vertex -18.730127015709876 -52.82 3
    endloop
  endfacet
  facet normal -0.9238795313794139 -0.38268343509767255 0
    outer loop
      vertex -19.098463104665278 -52.03010071784258 0
      vertex -18.931538933515547 -52.43309131234884 3
      vertex -19.098463104665278 -52.03010071784258 3
    endloop
  endfacet
  facet normal -0.5372996043801359 -0.8433914483399447 0
    outer loop
      vertex -17.267882184684275 -54.415760218799115 0
      vertex -16.9 -54.65012701570988 3
      vertex -17.267882184684275 -54.415760218799115 3
    endloop
  endfacet
  facet normal -0.38268343509767255 -0.9238795313794139 0
    outer loop
      vertex -16.51309131234884 -54.85153893351555 0
      vertex -16.110100717842577 -55.01846310466528 3
      vertex -16.51309131234884 -54.85153893351555 3
    endloop
  endfacet
  facet normal -0.4617486194440415 -0.8870108299460169 0
    outer loop
      vertex -16.51309131234884 -54.85153893351555 0
      vertex -16.51309131234884 -54.85153893351555 3
      vertex -16.9 -54.65012701570988 3
    endloop
  endfacet
  facet normal -0.3007057956158277 -0.9537169519742491 0
    outer loop
      vertex -15.69409522563219 -55.14962913066149 0
      vertex -15.69409522563219 -55.14962913066149 3
      vertex -16.110100717842577 -55.01846310466528 3
    endloop
  endfacet
  facet normal -0.2164396202061085 -0.9762960057303499 0
    outer loop
      vertex -15.69409522563219 -55.14962913066149 0
      vertex -15.268240885436533 -55.24403876781464 3
      vertex -15.69409522563219 -55.14962913066149 3
    endloop
  endfacet
  facet normal -0.13052618519033563 -0.9914448622992901 0
    outer loop
      vertex -15.268240885436533 -55.24403876781464 0
      vertex -14.835778714716433 -55.30097348958254 3
      vertex -15.268240885436533 -55.24403876781464 3
    endloop
  endfacet
  facet normal -0.043619389272507574 -0.9990482214985889 0
    outer loop
      vertex -14.399999999999999 -55.32 0
      vertex -14.399999999999999 -55.32 3
      vertex -14.835778714716433 -55.30097348958254 3
    endloop
  endfacet
  facet normal 0 0 -1
    outer loop
      vertex -19.324038767814635 -51.188240885436535 0
      vertex -19.380973489582537 -50.755778714716435 0
      vertex -25.4 0 0
    endloop
  endfacet
  facet normal 0 0 -1
    outer loop
      vertex -19.324038767814635 -51.188240885436535 0
      vertex -25.4 0 0
      vertex -14.399999999999999 -55.32 0
    endloop
  endfacet
  facet normal 0 0 -1
    outer loop
      vertex -14.399999999999999 -55.32 0
      vertex -25.4 0 0
      vertex -6.5 -46.32 0
    endloop
  endfacet
  facet normal 0 0 -1
    outer loop
      vertex -25.4 0 0
      vertex -6.475265537596346 -45.753487672140224 0
      vertex -6.5 -46.32 0
    endloop
  endfacet
  facet normal 0 0 -1
    outer loop
      vertex -25.4 0 0
      vertex -6.401250394579352 -45.19128684516495 0
      vertex -6.475265537596346 -45.753487672140224 0
    endloop
  endfacet
  facet normal -0.9917807639173001 -0.1279488816817746 0
    outer loop
      vertex -19.380973489582537 -50.755778714716435 0
      vertex -19.380973489582537 -50.755778714716435 3
      vertex -25.4 -4.1 4.1
    endloop
  endfacet
  facet normal -0.9896136574667592 -0.13028510251374778 0.06075031702177444
    outer loop
      vertex -19.324038767814635 -51.188240885436535 3
      vertex -25.4 -3.7158619268502644 5.832734873136867
      vertex -19.380973489582537 -50.755778714716435 3
    endloop
  endfacet
  facet normal 0 0 -1
    outer loop
      vertex -14.399999999999999 -55.32 0
      vertex -5.629165124598851 -49.57 0
      vertex -5.324488287878447 -50.0482468362818 0
    endloop
  endfacet
  facet normal 0 0 -1
    outer loop
      vertex -14.399999999999999 -55.32 0
      vertex -4.979288880273357 -50.49811946296251 0
      vertex -4.59619407771256 -50.91619407771256 0
    endloop
  endfacet
  facet normal 0 0 -1
    outer loop
      vertex -14.399999999999999 -55.32 0
      vertex -5.324488287878447 -50.0482468362818 0
      vertex -4.979288880273357 -50.49811946296251 0
    endloop
  endfacet
  facet normal 0 0 -1
    outer loop
      vertex -14.399999999999999 -55.32 0
      vertex -4.178119462962505 -51.29928888027336 0
      vertex -3.7282468362817993 -51.644488287878445 0
    endloop
  endfacet
  facet normal 0 0 -1
    outer loop
      vertex -14.399999999999999 -55.32 0
      vertex -4.59619407771256 -50.91619407771256 0
      vertex -4.178119462962505 -51.29928888027336 0
    endloop
  endfacet
  facet normal 0 0 -1
    outer loop
      vertex -14.399999999999999 -55.32 0
      vertex -3.25 -51.94916512459885 0
      vertex -2.747018701314546 -52.21100061573823 0
    endloop
  endfacet
  facet normal 0 0 -1
    outer loop
      vertex -14.399999999999999 -55.32 0
      vertex -3.7282468362817993 -51.644488287878445 0
      vertex -3.25 -51.94916512459885 0
    endloop
  endfacet
  facet normal 0 0 -1
    outer loop
      vertex -14.399999999999999 -55.32 0
      vertex -2.747018701314546 -52.21100061573823 0
      vertex -2.2231309316168466 -52.428002035108406 0
    endloop
  endfacet
  facet normal 0 0 -1
    outer loop
      vertex -14.399999999999999 -55.32 0
      vertex -6.108002035108405 -48.543130931616844 0
      vertex -5.891000615738225 -49.067018701314545 0
    endloop
  endfacet
  facet normal 0 0 -1
    outer loop
      vertex -14.399999999999999 -55.32 0
      vertex -6.401250394579352 -47.44871315483505 0
      vertex -6.278517870878944 -48.00232379316638 0
    endloop
  endfacet
  facet normal 0 0 -1
    outer loop
      vertex -14.399999999999999 -55.32 0
      vertex -6.278517870878944 -48.00232379316638 0
      vertex -6.108002035108405 -48.543130931616844 0
    endloop
  endfacet
  facet normal 0 0 -1
    outer loop
      vertex -14.399999999999999 -55.32 0
      vertex -6.475265537596346 -46.886512327859776 0
      vertex -6.401250394579352 -47.44871315483505 0
    endloop
  endfacet
  facet normal 0 0 -1
    outer loop
      vertex -14.399999999999999 -55.32 0
      vertex -5.891000615738225 -49.067018701314545 0
      vertex -5.629165124598851 -49.57 0
    endloop
  endfacet
  facet normal 0 0 -1
    outer loop
      vertex -14.399999999999999 -55.32 0
      vertex -6.5 -46.32 0
      vertex -6.475265537596346 -46.886512327859776 0
    endloop
  endfacet
  facet normal 0 0 -1
    outer loop
      vertex -14.399999999999999 -55.32 0
      vertex -1.6823237931663848 -52.59851787087894 0
      vertex -1.128713154835047 -52.72125039457935 0
    endloop
  endfacet
  facet normal 0 0 -1
    outer loop
      vertex -14.399999999999999 -55.32 0
      vertex -1.128713154835047 -52.72125039457935 0
      vertex -0.5665123278597781 -52.79526553759635 0
    endloop
  endfacet
  facet normal 0 0 -1
    outer loop
      vertex -14.399999999999999 -55.32 0
      vertex -0.5665123278597781 -52.79526553759635 0
      vertex 0 -52.82 0
    endloop
  endfacet
  facet normal 0 0 -1
    outer loop
      vertex -14.399999999999999 -55.32 0
      vertex -2.2231309316168466 -52.428002035108406 0
      vertex -1.6823237931663848 -52.59851787087894 0
    endloop
  endfacet
  facet normal 0 0 -1
    outer loop
      vertex -14.399999999999999 -55.32 0
      vertex 0 -52.82 0
      vertex 0.5665123278597781 -52.79526553759635 0
    endloop
  endfacet
  facet normal 0 0 -1
    outer loop
      vertex -14.399999999999999 -55.32 0
      vertex 0.5665123278597781 -52.79526553759635 0
      vertex 1.128713154835047 -52.72125039457935 0
    endloop
  endfacet
  facet normal 0 -1 0
    outer loop
      vertex -14.399999999999999 -55.32 0
      vertex 14.39999999701977 -55.32 3
      vertex -14.399999999999999 -55.32 3
    endloop
  endfacet
  facet normal -8.497138388240683e-19 -0.09390897687587808 0.995580787310666
    outer loop
      vertex -14.399999999999999 -55.32 3
      vertex -4.59619407771256 -50.91619407771256 3.4153926168453648
      vertex -4.979288880273357 -50.49811946296251 3.45482784885201
    endloop
  endfacet
  facet normal -5.1134283777789496e-17 -0.09390897687587796 0.9955807873106661
    outer loop
      vertex -14.399999999999999 -55.32 3
      vertex -4.979288880273357 -50.49811946296251 3.45482784885201
      vertex -5.324488287878447 -50.0482468362818 3.497262454495787
    endloop
  endfacet
  facet normal 6.189299828991021e-17 -0.09390897687587822 0.9955807873106662
    outer loop
      vertex -14.399999999999999 -55.32 3
      vertex -5.324488287878447 -50.0482468362818 3.497262454495787
      vertex -5.629165124598851 -49.57 3.542373480805031
    endloop
  endfacet
  facet normal 1.3823907632152498e-16 -0.09390897687587847 0.9955807873106661
    outer loop
      vertex -14.399999999999999 -55.32 3
      vertex -3.7282468362817993 -51.644488287878445 3.346695666268352
      vertex -4.178119462962505 -51.29928888027336 3.379256884403066
    endloop
  endfacet
  facet normal 1.1632735951089842e-16 -0.09390897687587843 0.995580787310666
    outer loop
      vertex -14.399999999999999 -55.32 3
      vertex -4.178119462962505 -51.29928888027336 3.379256884403066
      vertex -4.59619407771256 -50.91619407771256 3.4153926168453648
    endloop
  endfacet
  facet normal 3.2245974427465503e-17 -0.09390897687587821 0.9955807873106661
    outer loop
      vertex -14.399999999999999 -55.32 3
      vertex -2.2231309316168466 -52.428002035108406 3.2727900874259683
      vertex -2.747018701314546 -52.21100061573823 3.2932589248456963
    endloop
  endfacet
  facet normal 9.427061779054832e-17 -0.09390897687587837 0.9955807873106661
    outer loop
      vertex -14.399999999999999 -55.32 3
      vertex -2.747018701314546 -52.21100061573823 3.2932589248456963
      vertex -3.25 -51.94916512459885 3.3179567729722286
    endloop
  endfacet
  facet normal -1.9481117260241243e-16 -0.09390897687587745 0.9955807873106663
    outer loop
      vertex -14.399999999999999 -55.32 3
      vertex -3.25 -51.94916512459885 3.3179567729722286
      vertex -3.7282468362817993 -51.644488287878445 3.346695666268352
    endloop
  endfacet
  facet normal -2.311301950966957e-16 -0.09390897687587776 0.9955807873106661
    outer loop
      vertex -14.399999999999999 -55.32 3
      vertex -5.891000615738225 -49.067018701314545 3.5898176056307465
      vertex -6.108002035108405 -48.543130931616844 3.639233750535464
    endloop
  endfacet
  facet normal 2.271082923947054e-16 -0.0939089768758783 0.9955807873106661
    outer loop
      vertex -14.399999999999999 -55.32 3
      vertex -6.108002035108405 -48.543130931616844 3.639233750535464
      vertex -6.278517870878944 -48.00232379316638 3.6902458288181745
    endloop
  endfacet
  facet normal 8.113955068658371e-17 -0.09390897687587801 0.9955807873106661
    outer loop
      vertex -14.399999999999999 -55.32 3
      vertex -6.278517870878944 -48.00232379316638 3.6902458288181745
      vertex -6.401250394579352 -47.44871315483505 3.7424656077612113
    endloop
  endfacet
  facet normal -7.302840194689493e-17 -0.09390897687587803 0.9955807873106661
    outer loop
      vertex -14.399999999999999 -55.32 3
      vertex -6.401250394579352 -47.44871315483505 3.7424656077612113
      vertex -6.475265537596346 -46.886512327859776 3.795495663315654
    endloop
  endfacet
  facet normal -1.1207986805445105e-16 -0.0939089768758779 0.9955807873106661
    outer loop
      vertex -14.399999999999999 -55.32 3
      vertex -5.629165124598851 -49.57 3.542373480805031
      vertex -5.891000615738225 -49.067018701314545 3.5898176056307465
    endloop
  endfacet
  facet normal 1.3881080567888663e-16 -0.09390897687587818 0.9955807873106661
    outer loop
      vertex -14.399999999999999 -55.32 3
      vertex -6.475265537596346 -46.886512327859776 3.795495663315654
      vertex -6.5 -46.32 3.848932404738309
    endloop
  endfacet
  facet normal -9.356436545420693e-16 -0.09390897687587738 0.9955807873106661
    outer loop
      vertex -14.399999999999999 -55.32 3
      vertex -6.5 -46.32 3.848932404738309
      vertex -6.475265537596346 -45.753487672140224 3.902369146160964
    endloop
  endfacet
  facet normal 1.0565853334736389e-15 -0.09390897687587894 0.995580787310666
    outer loop
      vertex -14.399999999999999 -55.32 3
      vertex -6.475265537596346 -45.753487672140224 3.902369146160964
      vertex -6.401250394579352 -45.19128684516495 3.955399201715407
    endloop
  endfacet
  facet normal 1.6536499075371263e-15 -0.09390897687587949 0.9955807873106659
    outer loop
      vertex -14.399999999999999 -55.32 3
      vertex -6.401250394579352 -45.19128684516495 3.955399201715407
      vertex -6.278517870878944 -44.63767620683362 4.007618980658444
    endloop
  endfacet
  facet normal -9.92345215027643e-16 -0.0939089768758777 0.9955807873106661
    outer loop
      vertex -14.399999999999999 -55.32 3
      vertex -6.278517870878944 -44.63767620683362 4.007618980658444
      vertex -6.108002035108405 -44.09686906838316 4.058631058941154
    endloop
  endfacet
  facet normal -1.5682475771253763e-15 -0.09390897687587729 0.9955807873106662
    outer loop
      vertex -14.399999999999999 -55.32 3
      vertex -6.108002035108405 -44.09686906838316 4.058631058941154
      vertex -5.891000615738225 -43.572981298685455 4.108047203845872
    endloop
  endfacet
  facet normal 1.6208738808710528e-16 -0.09390897687587878 0.9955807873106659
    outer loop
      vertex -14.399999999999999 -55.32 3
      vertex -1.128713154835047 -52.72125039457935 3.2451291946491647
      vertex -1.6823237931663848 -52.59851787087894 3.25670604092523
    endloop
  endfacet
  facet normal -1.1705637809885854e-16 -0.09390897687587754 0.9955807873106661
    outer loop
      vertex -14.399999999999999 -55.32 3
      vertex -1.6823237931663848 -52.59851787087894 3.25670604092523
      vertex -2.2231309316168466 -52.428002035108406 3.2727900874259683
    endloop
  endfacet
  facet normal 0 -0.093908976875878 0.9955807873106661
    outer loop
      vertex -14.399999999999999 -55.32 3
      vertex 14.39999999701977 -55.32 3
      vertex -1.128713154835047 -52.72125039457935 3.2451291946491647
    endloop
  endfacet
  facet normal 0 0 -1
    outer loop
      vertex -25.4 0 0
      vertex -6.278517870878944 -44.63767620683362 0
      vertex -6.401250394579352 -45.19128684516495 0
    endloop
  endfacet
  facet normal 0 0 -1
    outer loop
      vertex -25.4 0 0
      vertex -6.108002035108405 -44.09686906838316 0
      vertex -6.278517870878944 -44.63767620683362 0
    endloop
  endfacet
  facet normal 0 0 -1
    outer loop
      vertex -25.4 0 0
      vertex -5.891000615738225 -43.572981298685455 0
      vertex -6.108002035108405 -44.09686906838316 0
    endloop
  endfacet
  facet normal 0 0 -1
    outer loop
      vertex -25.4 0 0
      vertex -5.629165124598851 -43.07 0
      vertex -5.891000615738225 -43.572981298685455 0
    endloop
  endfacet
  facet normal 0 0 -1
    outer loop
      vertex -25.4 0 0
      vertex -5.324488287878447 -42.5917531637182 0
      vertex -5.629165124598851 -43.07 0
    endloop
  endfacet
  facet normal 0 0 -1
    outer loop
      vertex -25.4 0 0
      vertex -4.979288880273357 -42.141880537037494 0
      vertex -5.324488287878447 -42.5917531637182 0
    endloop
  endfacet
  facet normal 0 0 -1
    outer loop
      vertex -25.4 0 0
      vertex -4.59619407771256 -41.72380592228744 0
      vertex -4.979288880273357 -42.141880537037494 0
    endloop
  endfacet
  facet normal 0 0 -1
    outer loop
      vertex -25.4 0 0
      vertex -4.178119462962505 -41.34071111972664 0
      vertex -4.59619407771256 -41.72380592228744 0
    endloop
  endfacet
  facet normal 0 0 -1
    outer loop
      vertex -25.4 0 0
      vertex -3.7282468362817993 -40.995511712121555 0
      vertex -4.178119462962505 -41.34071111972664 0
    endloop
  endfacet
  facet normal 0 0 -1
    outer loop
      vertex -25.4 0 0
      vertex -3.25 -40.69083487540115 0
      vertex -3.7282468362817993 -40.995511712121555 0
    endloop
  endfacet
  facet normal 0 0 -1
    outer loop
      vertex -25.4 0 0
      vertex -2.747018701314546 -40.42899938426177 0
      vertex -3.25 -40.69083487540115 0
    endloop
  endfacet
  facet normal 0 0 -1
    outer loop
      vertex -25.4 0 0
      vertex -2.2231309316168466 -40.211997964891594 0
      vertex -2.747018701314546 -40.42899938426177 0
    endloop
  endfacet
  facet normal 0 0 -1
    outer loop
      vertex -25.4 0 0
      vertex -1.6823237931663848 -40.04148212912106 0
      vertex -2.2231309316168466 -40.211997964891594 0
    endloop
  endfacet
  facet normal 0 0 -1
    outer loop
      vertex -25.4 0 0
      vertex -1.128713154835047 -39.91874960542065 0
      vertex -1.6823237931663848 -40.04148212912106 0
    endloop
  endfacet
  facet normal 0 0 -1
    outer loop
      vertex -25.4 0 0
      vertex -0.5665123278597781 -39.84473446240365 0
      vertex -1.128713154835047 -39.91874960542065 0
    endloop
  endfacet
  facet normal 0 0 -1
    outer loop
      vertex -25.4 0 0
      vertex 0 -39.82 0
      vertex -0.5665123278597781 -39.84473446240365 0
    endloop
  endfacet
  facet normal 0 0 -1
    outer loop
      vertex -25.4 0 0
      vertex 0.5665123278597781 -39.84473446240365 0
      vertex 0 -39.82 0
    endloop
  endfacet
  facet normal 0 0 -1
    outer loop
      vertex -25.4 0 0
      vertex 1.128713154835047 -39.91874960542065 0
      vertex 0.5665123278597781 -39.84473446240365 0
    endloop
  endfacet
  facet normal 0 0 -1
    outer loop
      vertex -25.4 0 0
      vertex 1.6823237931663848 -40.04148212912106 0
      vertex 1.128713154835047 -39.91874960542065 0
    endloop
  endfacet
  facet normal 0 0 -1
    outer loop
      vertex -25.4 0 0
      vertex 2.2231309316168466 -40.211997964891594 0
      vertex 1.6823237931663848 -40.04148212912106 0
    endloop
  endfacet
  facet normal 0 0 -1
    outer loop
      vertex -25.4 0 0
      vertex 2.747018701314546 -40.42899938426177 0
      vertex 2.2231309316168466 -40.211997964891594 0
    endloop
  endfacet
  facet normal 0 0 -1
    outer loop
      vertex -25.4 0 0
      vertex 3.25 -40.69083487540115 0
      vertex 2.747018701314546 -40.42899938426177 0
    endloop
  endfacet
  facet normal 0 0 -1
    outer loop
      vertex -25.4 0 0
      vertex 3.7282468362817993 -40.995511712121555 0
      vertex 3.25 -40.69083487540115 0
    endloop
  endfacet
  facet normal 0 0 -1
    outer loop
      vertex -25.4 0 0
      vertex 4.178119462962505 -41.34071111972664 0
      vertex 3.7282468362817993 -40.995511712121555 0
    endloop
  endfacet
  facet normal 0 0 -1
    outer loop
      vertex -25.4 0 0
      vertex 18.495760215818883 -53.18788218468428 0
      vertex 4.178119462962505 -41.34071111972664 0
    endloop
  endfacet
  facet normal -0.03142509345682143 -0.0996676644883666 0.9945244190851547
    outer loop
      vertex -16.110100717842577 -55.01846310466528 3
      vertex -15.69409522563219 -55.14962913066149 3
      vertex -25.4 -0.35733854526539843 8.184398262176156
    endloop
  endfacet
  facet normal -0.3220006637736238 -0.13337704314396803 0.9372972510850108
    outer loop
      vertex -19.098463104665278 -52.03010071784258 3
      vertex -18.931538933515547 -52.43309131234884 3
      vertex -25.4 -0.7119575284344143 8.137711787350053
    endloop
  endfacet
  facet normal -0.1888692356853685 -0.12032297198776432 0.9746028905270374
    outer loop
      vertex -18.730127015709876 -52.82 3
      vertex -18.495760218799113 -53.18788218468428 3
      vertex -25.4 -0.35733854526539843 8.184398262176156
    endloop
  endfacet
  facet normal -0.15131183389728814 -0.11610565147045544 0.9816436250591457
    outer loop
      vertex -18.230222219228743 -53.53393804997206 3
      vertex -25.4 -0.35733854526539843 8.184398262176156
      vertex -18.495760218799113 -53.18788218468428 3
    endloop
  endfacet
  facet normal -0.24167384168753062 -0.1258074411129192 0.9621674708722019
    outer loop
      vertex -18.730127015709876 -52.82 3
      vertex -25.4 -0.35733854526539843 8.184398262176156
      vertex -18.931538933515547 -52.43309131234884 3
    endloop
  endfacet
  facet normal -0.45659067846210216 -0.14396248588587965 0.8779520231761389
    outer loop
      vertex -19.098463104665278 -52.03010071784258 3
      vertex -25.4 -0.7119575284344143 8.137711787350053
      vertex -19.229629130661486 -51.61409522563219 3
    endloop
  endfacet
  facet normal -0.7001501528765266 -0.1552195566573886 0.696919401837874
    outer loop
      vertex -19.229629130661486 -51.61409522563219 3
      vertex -25.4 -1.061158084920335 8.06029588778518
      vertex -19.324038767814635 -51.188240885436535 3
    endloop
  endfacet
  facet normal -0.12300368890201126 -0.11271211725162134 0.9859848229770852
    outer loop
      vertex -18.230222219228743 -53.53393804997206 3
      vertex -17.935533905029295 -53.8555339050293 3
      vertex -25.4 -0.35733854526539843 8.184398262176156
    endloop
  endfacet
  facet normal -0.10068047417724803 -0.10987345483501733 0.9888332852620112
    outer loop
      vertex -17.935533905029295 -53.8555339050293 3
      vertex -17.613938049972056 -54.150222219228745 3
      vertex -25.4 -0.35733854526539843 8.184398262176156
    endloop
  endfacet
  facet normal -0.0824262586407238 -0.1074199937579592 0.990791025810959
    outer loop
      vertex -17.613938049972056 -54.150222219228745 3
      vertex -17.267882184684275 -54.415760218799115 3
      vertex -25.4 -0.35733854526539843 8.184398262176156
    endloop
  endfacet
  facet normal -0.06704514235099023 -0.10523979405641623 0.9921842241409095
    outer loop
      vertex -17.267882184684275 -54.415760218799115 3
      vertex -16.9 -54.65012701570988 3
      vertex -25.4 -0.35733854526539843 8.184398262176156
    endloop
  endfacet
  facet normal -0.05375151259000516 -0.10325569321835794 0.993201407929068
    outer loop
      vertex -16.9 -54.65012701570988 3
      vertex -16.51309131234884 -54.85153893351555 3
      vertex -25.4 -0.35733854526539843 8.184398262176156
    endloop
  endfacet
  facet normal -0.042006307190526254 -0.1014121956761936 0.9939572610149535
    outer loop
      vertex -16.51309131234884 -54.85153893351555 3
      vertex -16.110100717842577 -55.01846310466528 3
      vertex -25.4 -0.35733854526539843 8.184398262176156
    endloop
  endfacet
  facet normal -0.02172374226575979 -0.0979894659923188 0.9949503221651376
    outer loop
      vertex -15.69409522563219 -55.14962913066149 3
      vertex -15.268240885436533 -55.24403876781464 3
      vertex -25.4 -0.35733854526539843 8.184398262176156
    endloop
  endfacet
  facet normal -0.012684824132257683 -0.09635081035087281 0.9952666057803125
    outer loop
      vertex -15.268240885436533 -55.24403876781464 3
      vertex -14.835778714716433 -55.30097348958254 3
      vertex -25.4 -0.35733854526539843 8.184398262176156
    endloop
  endfacet
  facet normal -0.0041359398217368695 -0.09472859184976552 0.9954945443787986
    outer loop
      vertex -14.835778714716433 -55.30097348958254 3
      vertex -14.399999999999999 -55.32 3
      vertex -25.4 -0.35733854526539843 8.184398262176156
    endloop
  endfacet
  facet normal -1.967289366692044e-17 -0.09390897687587807 0.995580787310666
    outer loop
      vertex -14.399999999999999 -55.32 3
      vertex -5.891000615738225 -43.572981298685455 4.108047203845872
      vertex -25.4 -0.35733854526539843 8.184398262176156
    endloop
  endfacet
  facet normal -4.588394610607508e-16 -0.09390897687587794 0.995580787310666
    outer loop
      vertex -25.4 -0.35733854526539843 8.184398262176156
      vertex -5.891000615738225 -43.572981298685455 4.108047203845872
      vertex -5.629165124598851 -43.07 4.155491328671587
    endloop
  endfacet
  facet normal 1.4477925135477975e-15 -0.09390897687587735 0.9955807873106661
    outer loop
      vertex -25.4 -0.35733854526539843 8.184398262176156
      vertex -5.629165124598851 -43.07 4.155491328671587
      vertex -5.324488287878447 -42.5917531637182 4.2006023549808305
    endloop
  endfacet
  facet normal -9.202425462450488e-16 -0.09390897687587847 0.9955807873106661
    outer loop
      vertex -25.4 -0.35733854526539843 8.184398262176156
      vertex -5.324488287878447 -42.5917531637182 4.2006023549808305
      vertex -4.979288880273357 -42.141880537037494 4.243036960624608
    endloop
  endfacet
  facet normal 4.620433897995122e-16 -0.09390897687587849 0.995580787310666
    outer loop
      vertex -25.4 -0.35733854526539843 8.184398262176156
      vertex -4.979288880273357 -42.141880537037494 4.243036960624608
      vertex -4.59619407771256 -41.72380592228744 4.2824721926312534
    endloop
  endfacet
  facet normal -8.359792350145043e-16 -0.09390897687587801 0.9955807873106661
    outer loop
      vertex -25.4 -0.35733854526539843 8.184398262176156
      vertex -4.59619407771256 -41.72380592228744 4.2824721926312534
      vertex -4.178119462962505 -41.34071111972664 4.318607925073552
    endloop
  endfacet
  facet normal 1.4700234302681941e-15 -0.09390897687587754 0.9955807873106661
    outer loop
      vertex -25.4 -0.35733854526539843 8.184398262176156
      vertex -4.178119462962505 -41.34071111972664 4.318607925073552
      vertex -3.7282468362817993 -40.995511712121555 4.351169143208265
    endloop
  endfacet
  facet normal -5.478008142042995e-16 -0.093908976875878 0.995580787310666
    outer loop
      vertex -25.4 -0.35733854526539843 8.184398262176156
      vertex -3.7282468362817993 -40.995511712121555 4.351169143208265
      vertex -3.25 -40.69083487540115 4.379908036504389
    endloop
  endfacet
  facet normal -5.921991887922437e-16 -0.09390897687587828 0.9955807873106662
    outer loop
      vertex -25.4 -0.35733854526539843 8.184398262176156
      vertex -3.25 -40.69083487540115 4.379908036504389
      vertex -2.747018701314546 -40.42899938426177 4.4046058846309215
    endloop
  endfacet
  facet normal 8.191347296760946e-16 -0.09390897687587793 0.9955807873106661
    outer loop
      vertex -25.4 -0.35733854526539843 8.184398262176156
      vertex -2.747018701314546 -40.42899938426177 4.4046058846309215
      vertex -2.2231309316168466 -40.211997964891594 4.425074722050649
    endloop
  endfacet
  facet normal -8.524361769111447e-17 -0.09390897687587833 0.995580787310666
    outer loop
      vertex -25.4 -0.35733854526539843 8.184398262176156
      vertex -2.2231309316168466 -40.211997964891594 4.425074722050649
      vertex -1.6823237931663848 -40.04148212912106 4.441158768551388
    endloop
  endfacet
  facet normal -1.077581122583887e-15 -0.09390897687587897 0.995580787310666
    outer loop
      vertex -25.4 -0.35733854526539843 8.184398262176156
      vertex -1.6823237931663848 -40.04148212912106 4.441158768551388
      vertex -1.128713154835047 -39.91874960542065 4.4527356148274535
    endloop
  endfacet
  facet normal 9.101200897325163e-16 -0.0939089768758772 0.9955807873106662
    outer loop
      vertex -25.4 -0.35733854526539843 8.184398262176156
      vertex -1.128713154835047 -39.91874960542065 4.4527356148274535
      vertex -0.5665123278597781 -39.84473446240365 4.459717154088394
    endloop
  endfacet
  facet normal -1.2675927500757003e-15 -0.09390897687587865 0.995580787310666
    outer loop
      vertex -25.4 -0.35733854526539843 8.184398262176156
      vertex -0.5665123278597781 -39.84473446240365 4.459717154088394
      vertex 0 -39.82 4.4620502526048655
    endloop
  endfacet
  facet normal 7.94072371757898e-16 -0.09390897687587726 0.9955807873106662
    outer loop
      vertex -25.4 -0.35733854526539843 8.184398262176156
      vertex 0 -39.82 4.4620502526048655
      vertex 0.5665123278597781 -39.84473446240365 4.459717154088394
    endloop
  endfacet
  facet normal -1.9478495369720075e-15 -0.09390897687587887 0.995580787310666
    outer loop
      vertex -25.4 -0.35733854526539843 8.184398262176156
      vertex 0.5665123278597781 -39.84473446240365 4.459717154088394
      vertex 1.128713154835047 -39.91874960542065 4.4527356148274535
    endloop
  endfacet
  facet normal 1.392311679817289e-15 -0.09390897687587739 0.9955807873106661
    outer loop
      vertex -25.4 -0.35733854526539843 8.184398262176156
      vertex 1.128713154835047 -39.91874960542065 4.4527356148274535
      vertex 1.6823237931663848 -40.04148212912106 4.441158768551388
    endloop
  endfacet
  facet normal 5.282991098475564e-16 -0.09390897687587747 0.9955807873106662
    outer loop
      vertex -25.4 -0.35733854526539843 8.184398262176156
      vertex 1.6823237931663848 -40.04148212912106 4.441158768551388
      vertex 2.2231309316168466 -40.211997964891594 4.425074722050649
    endloop
  endfacet
  facet normal -1.541087221034919e-15 -0.09390897687587911 0.995580787310666
    outer loop
      vertex -25.4 -0.35733854526539843 8.184398262176156
      vertex 2.2231309316168466 -40.211997964891594 4.425074722050649
      vertex 2.747018701314546 -40.42899938426177 4.4046058846309215
    endloop
  endfacet
  facet normal 1.4230205930444827e-15 -0.09390897687587693 0.9955807873106661
    outer loop
      vertex -25.4 -0.35733854526539843 8.184398262176156
      vertex 2.747018701314546 -40.42899938426177 4.4046058846309215
      vertex 3.25 -40.69083487540115 4.379908036504389
    endloop
  endfacet
  facet normal -2.4908997868257085e-15 -0.09390897687587986 0.9955807873106659
    outer loop
      vertex -25.4 -0.35733854526539843 8.184398262176156
      vertex 3.7282468362817993 -40.995511712121555 4.351169143208265
      vertex 4.178119462962505 -41.34071111972664 4.318607925073552
    endloop
  endfacet
  facet normal 2.4976811487797834e-15 -0.0939089768758772 0.9955807873106661
    outer loop
      vertex -25.4 -0.35733854526539843 8.184398262176156
      vertex 4.178119462962505 -41.34071111972664 4.318607925073552
      vertex 4.59619407771256 -41.72380592228744 4.2824721926312534
    endloop
  endfacet
  facet normal 1.966246862873809e-15 -0.09390897687587646 0.9955807873106663
    outer loop
      vertex -25.4 -0.35733854526539843 8.184398262176156
      vertex 3.25 -40.69083487540115 4.379908036504389
      vertex 3.7282468362817993 -40.995511712121555 4.351169143208265
    endloop
  endfacet
  facet normal -0.9754004360304583 -0.11844256427456995 -0.1859175848586036
    outer loop
      vertex -19.380973489582537 -50.755778714716435 0
      vertex -25.4 -2.3516633890392886 0.7414766184151333
      vertex -25.4 -2.05 0.5492958444838019
    endloop
  endfacet
  facet normal -0.9805300481483332 -0.11954193585650777 -0.15579008392675608
    outer loop
      vertex -19.380973489582537 -50.755778714716435 0
      vertex -25.4 -2.6354291997148107 0.95921778321219
      vertex -25.4 -2.3516633890392886 0.7414766184151333
    endloop
  endfacet
  facet normal -0.9839760945220355 -0.1204580284451872 -0.1314568704642729
    outer loop
      vertex -19.380973489582537 -50.755778714716435 0
      vertex -25.4 -2.899137802864845 1.2008621971351547
      vertex -25.4 -2.6354291997148107 0.95921778321219
    endloop
  endfacet
  facet normal -0.9863797013598723 -0.12127054619996938 -0.11112398197315543
    outer loop
      vertex -19.380973489582537 -50.755778714716435 0
      vertex -25.4 -3.1407822167878097 1.464570800285189
      vertex -25.4 -2.899137802864845 1.2008621971351547
    endloop
  endfacet
  facet normal -0.9893511689900939 -0.12275406596625936 -0.0782029648203046
    outer loop
      vertex -19.380973489582537 -50.755778714716435 0
      vertex -25.4 -3.550704155516198 2.05
      vertex -25.4 -3.3585233815848663 1.748336610960711
    endloop
  endfacet
  facet normal -0.988100373307073 -0.12202602845381234 -0.09363386486849914
    outer loop
      vertex -19.380973489582537 -50.755778714716435 0
      vertex -25.4 -3.3585233815848663 1.748336610960711
      vertex -25.4 -3.1407822167878097 1.464570800285189
    endloop
  endfacet
  facet normal -0.9902637670786016 -0.12347519475361408 -0.06427711794919011
    outer loop
      vertex -19.380973489582537 -50.755778714716435 0
      vertex -25.4 -3.7158619268502644 2.367265126863132
      vertex -25.4 -3.550704155516198 2.05
    endloop
  endfacet
  facet normal -0.9909219273649227 -0.12420505957161568 -0.05144742018992068
    outer loop
      vertex -19.380973489582537 -50.755778714716435 0
      vertex -25.4 -3.852739745222224 2.6977174123647583
      vertex -25.4 -3.7158619268502644 2.367265126863132
    endloop
  endfacet
  facet normal -0.9913796139983391 -0.1249567975895635 -0.03939872694218705
    outer loop
      vertex -19.380973489582537 -50.755778714716435 0
      vertex -25.4 -3.96029588778518 3.0388419150796646
      vertex -25.4 -3.852739745222224 2.6977174123647583
    endloop
  endfacet
  facet normal -0.7385627718987051 -0.08799876389800372 -0.6684169727929751
    outer loop
      vertex -19.380973489582537 -50.755778714716435 0
      vertex -25.4 -0.7119575284344143 0.062288212649947106
      vertex -25.4 -0.35733854526539843 0.01560173782384311
    endloop
  endfacet
  facet normal -0.8752547941124089 -0.1046836423190353 -0.47219739560279766
    outer loop
      vertex -19.380973489582537 -50.755778714716435 0
      vertex -25.4 -1.061158084920335 0.1397041122148197
      vertex -25.4 -0.7119575284344143 0.062288212649947106
    endloop
  endfacet
  facet normal -0.9287240105606968 -0.11149322428049067 -0.35361133062671357
    outer loop
      vertex -19.380973489582537 -50.755778714716435 0
      vertex -25.4 -1.4022825876352416 0.24726025477777558
      vertex -25.4 -1.061158084920335 0.1397041122148197
    endloop
  endfacet
  facet normal -0.9538309959625169 -0.1149366172605703 -0.27748154020375926
    outer loop
      vertex -19.380973489582537 -50.755778714716435 0
      vertex -25.4 -1.7327348731368675 0.38413807314973525
      vertex -25.4 -1.4022825876352416 0.24726025477777558
    endloop
  endfacet
  facet normal -0.3452110471363802 -0.04093788918266334 -0.9376318158873833
    outer loop
      vertex -19.380973489582537 -50.755778714716435 0
      vertex -25.4 -0.35733854526539843 0.01560173782384311
      vertex -25.4 0 0
    endloop
  endfacet
  facet normal -0.9673595732251318 -0.11701064829132045 -0.22477536403292928
    outer loop
      vertex -19.380973489582537 -50.755778714716435 0
      vertex -25.4 -2.05 0.5492958444838019
      vertex -25.4 -1.7327348731368675 0.38413807314973525
    endloop
  endfacet
  facet normal -0.9916711736664765 -0.1257425418553526 -0.0278764503964892
    outer loop
      vertex -19.380973489582537 -50.755778714716435 0
      vertex -25.4 -4.0377117873500525 3.3880424715655852
      vertex -25.4 -3.96029588778518 3.0388419150796646
    endloop
  endfacet
  facet normal -0.9918171269103053 -0.12657449554152958 -0.016663848468906457
    outer loop
      vertex -19.380973489582537 -50.755778714716435 0
      vertex -25.4 -4.0843982621761565 3.742661454734601
      vertex -25.4 -4.0377117873500525 3.3880424715655852
    endloop
  endfacet
  facet normal -0.99182734906768 -0.12746582804609916 -0.005565278241108162
    outer loop
      vertex -19.380973489582537 -50.755778714716435 0
      vertex -25.4 -4.1 4.1
      vertex -25.4 -4.0843982621761565 3.742661454734601
    endloop
  endfacet
  facet normal -0.9917485186677774 -0.1280765626033863 0.005591943487745282
    outer loop
      vertex -19.380973489582537 -50.755778714716435 3
      vertex -25.4 -4.0843982621761565 4.457338545265398
      vertex -25.4 -4.1 4.1
    endloop
  endfacet
  facet normal -0.9915773613341506 -0.12840775156464335 0.016905201203066995
    outer loop
      vertex -19.380973489582537 -50.755778714716435 3
      vertex -25.4 -4.0377117873500525 4.811957528434414
      vertex -25.4 -4.0843982621761565 4.457338545265398
    endloop
  endfacet
  facet normal -1 0 0
    outer loop
      vertex -25.4 -3.3585233815848663 1.748336610960711
      vertex -25.4 -3.550704155516198 2.05
      vertex -25.4 -3.1407822167878097 1.464570800285189
    endloop
  endfacet
  facet normal -1 0 0
    outer loop
      vertex -25.4 -2.899137802864845 1.2008621971351547
      vertex -25.4 -3.550704155516198 2.05
      vertex -25.4 -3.852739745222224 2.6977174123647583
    endloop
  endfacet
  facet normal -1 0 0
    outer loop
      vertex -25.4 -0.7119575284344143 0.062288212649947106
      vertex -25.4 -1.061158084920335 0.1397041122148197
      vertex -25.4 -0.35733854526539843 0.01560173782384311
    endloop
  endfacet
  facet normal -1 0 0
    outer loop
      vertex -25.4 -1.7327348731368675 0.38413807314973525
      vertex -25.4 0 0
      vertex -25.4 -1.061158084920335 0.1397041122148197
    endloop
  endfacet
  facet normal -1 0 0
    outer loop
      vertex -25.4 -1.061158084920335 0.1397041122148197
      vertex -25.4 0 0
      vertex -25.4 -0.35733854526539843 0.01560173782384311
    endloop
  endfacet
  facet normal -1 0 0
    outer loop
      vertex -25.4 -1.7327348731368675 0.38413807314973525
      vertex -25.4 -1.061158084920335 0.1397041122148197
      vertex -25.4 -1.4022825876352416 0.24726025477777558
    endloop
  endfacet
  facet normal -1 0 0
    outer loop
      vertex -25.4 0 0
      vertex -25.4 0.503579715234098 1.2440575162645966
      vertex -25.4 0.35733854526539843 0.01560173782384311
    endloop
  endfacet
  facet normal 0 0.04361938736533543 -0.9990482215818578
    outer loop
      vertex -25.4 0 0
      vertex -25.4 0.35733854526539843 0.01560173782384311
      vertex -19.9 0 0
    endloop
  endfacet
  facet normal -1 0 0
    outer loop
      vertex -25.4 -1.7327348731368675 0.38413807314973525
      vertex -25.4 -2.05 0.5492958444838019
      vertex -25.4 -2.3516633890392886 0.7414766184151333
    endloop
  endfacet
  facet normal -1 0 0
    outer loop
      vertex -25.4 -1.7327348731368675 0.38413807314973525
      vertex -25.4 -2.899137802864845 1.2008621971351547
      vertex -25.4 0 0
    endloop
  endfacet
  facet normal -1 0 0
    outer loop
      vertex -25.4 -2.3516633890392886 0.7414766184151333
      vertex -25.4 -2.6354291997148107 0.95921778321219
      vertex -25.4 -2.899137802864845 1.2008621971351547
    endloop
  endfacet
  facet normal -1 0 0
    outer loop
      vertex -25.4 -1.7327348731368675 0.38413807314973525
      vertex -25.4 -2.3516633890392886 0.7414766184151333
      vertex -25.4 -2.899137802864845 1.2008621971351547
    endloop
  endfacet
  facet normal -1 0 0
    outer loop
      vertex -25.4 0 0
      vertex -25.4 -1.45 1.588526329025128
      vertex -25.4 -0.9918584156444392 1.3748913997208652
    endloop
  endfacet
  facet normal -1 0 0
    outer loop
      vertex -25.4 0 0
      vertex -25.4 -0.503579715234098 1.2440575162645966
      vertex -25.4 0 1.1999999999999997
    endloop
  endfacet
  facet normal -1 0 0
    outer loop
      vertex -25.4 0 0
      vertex -25.4 -0.9918584156444392 1.3748913997208652
      vertex -25.4 -0.503579715234098 1.2440575162645966
    endloop
  endfacet
  facet normal -1 0 0
    outer loop
      vertex -25.4 0 0
      vertex -25.4 0 1.1999999999999997
      vertex -25.4 0.503579715234098 1.2440575162645966
    endloop
  endfacet
  facet normal -1 0 0
    outer loop
      vertex -25.4 0.35733854526539843 0.01560173782384311
      vertex -25.4 1.061158084920335 0.1397041122148197
      vertex -25.4 0.7119575284344143 0.062288212649947106
    endloop
  endfacet
  facet normal -1 0 0
    outer loop
      vertex -25.4 0.35733854526539843 0.01560173782384311
      vertex -25.4 2.05 0.5492958444838019
      vertex -25.4 1.061158084920335 0.1397041122148197
    endloop
  endfacet
  facet normal -1 0 0
    outer loop
      vertex -25.4 1.061158084920335 0.1397041122148197
      vertex -25.4 1.7327348731368675 0.38413807314973525
      vertex -25.4 1.4022825876352416 0.24726025477777558
    endloop
  endfacet
  facet normal -1 0 0
    outer loop
      vertex -25.4 1.061158084920335 0.1397041122148197
      vertex -25.4 2.05 0.5492958444838019
      vertex -25.4 1.7327348731368675 0.38413807314973525
    endloop
  endfacet
  facet normal 0 0.1305261922200526 -0.9914448613738103
    outer loop
      vertex -25.4 0.35733854526539843 0.01560173782384311
      vertex -25.4 0.7119575284344143 0.062288212649947106
      vertex -19.9 0.35733854526539843 0.01560173782384311
    endloop
  endfacet
  facet normal 0 0.21643961393810163 -0.9762960071199337
    outer loop
      vertex -25.4 0.7119575284344143 0.062288212649947106
      vertex -25.4 1.061158084920335 0.1397041122148197
      vertex -19.9 0.7119575284344143 0.062288212649947106
    endloop
  endfacet
  facet normal 0 0.3007057995042739 -0.9537169507482267
    outer loop
      vertex -25.4 1.061158084920335 0.1397041122148197
      vertex -25.4 1.4022825876352416 0.24726025477777558
      vertex -19.9 1.061158084920335 0.1397041122148197
    endloop
  endfacet
  facet normal 0 0.38268343236509017 -0.9238795325112866
    outer loop
      vertex -25.4 1.4022825876352416 0.24726025477777558
      vertex -25.4 1.7327348731368675 0.38413807314973525
      vertex -19.9 1.4022825876352416 0.24726025477777558
    endloop
  endfacet
  facet normal 0 0.46174861323503436 -0.8870108331782215
    outer loop
      vertex -25.4 1.7327348731368675 0.38413807314973525
      vertex -25.4 2.05 0.5492958444838019
      vertex -19.9 1.7327348731368675 0.38413807314973525
    endloop
  endfacet
  facet normal -1 0 0
    outer loop
      vertex -25.4 0.35733854526539843 0.01560173782384311
      vertex -25.4 0.503579715234098 1.2440575162645966
      vertex -25.4 0.9918584156444392 1.3748913997208652
    endloop
  endfacet
  facet normal -1 0 0
    outer loop
      vertex -25.4 0.35733854526539843 0.01560173782384311
      vertex -25.4 0.9918584156444392 1.3748913997208652
      vertex -25.4 1.45 1.588526329025128
    endloop
  endfacet
  facet normal -1 0 0
    outer loop
      vertex -25.4 0.35733854526539843 0.01560173782384311
      vertex -25.4 3.3585233815848663 1.748336610960711
      vertex -25.4 2.05 0.5492958444838019
    endloop
  endfacet
  facet normal -1 0 0
    outer loop
      vertex -25.4 2.05 0.5492958444838019
      vertex -25.4 2.899137802864845 1.2008621971351547
      vertex -25.4 2.3516633890392886 0.7414766184151333
    endloop
  endfacet
  facet normal -1 0 0
    outer loop
      vertex -25.4 2.3516633890392886 0.7414766184151333
      vertex -25.4 2.899137802864845 1.2008621971351547
      vertex -25.4 2.6354291997148107 0.95921778321219
    endloop
  endfacet
  facet normal 0 0.5372996083468228 -0.8433914458128864
    outer loop
      vertex -25.4 2.05 0.5492958444838019
      vertex -25.4 2.3516633890392886 0.7414766184151333
      vertex -19.9 2.05 0.5492958444838019
    endloop
  endfacet
  facet normal 0 0.6087614290087212 -0.7933533402912347
    outer loop
      vertex -25.4 2.3516633890392886 0.7414766184151333
      vertex -25.4 2.6354291997148107 0.95921778321219
      vertex -19.9 2.3516633890392886 0.7414766184151333
    endloop
  endfacet
  facet normal 0 0 -1
    outer loop
      vertex -25.4 0 0
      vertex -19.9 0 0
      vertex -19.9 -6.6 0
    endloop
  endfacet
  facet normal 0 0.04361938736533543 -0.9990482215818578
    outer loop
      vertex -25.4 0.35733854526539843 0.01560173782384311
      vertex -19.9 0.35733854526539843 0.01560173782384311
      vertex -19.9 0 0
    endloop
  endfacet
  facet normal 0 0.1305261922200526 -0.9914448613738103
    outer loop
      vertex -25.4 0.7119575284344143 0.062288212649947106
      vertex -19.9 0.7119575284344143 0.062288212649947106
      vertex -19.9 0.35733854526539843 0.01560173782384311
    endloop
  endfacet
  facet normal 0 0.21643961393810163 -0.9762960071199337
    outer loop
      vertex -25.4 1.061158084920335 0.1397041122148197
      vertex -19.9 1.061158084920335 0.1397041122148197
      vertex -19.9 0.7119575284344143 0.062288212649947106
    endloop
  endfacet
  facet normal 0 0.3007057995042739 -0.9537169507482267
    outer loop
      vertex -25.4 1.4022825876352416 0.24726025477777558
      vertex -19.9 1.4022825876352416 0.24726025477777558
      vertex -19.9 1.061158084920335 0.1397041122148197
    endloop
  endfacet
  facet normal 0 0.38268343236509017 -0.9238795325112866
    outer loop
      vertex -25.4 1.7327348731368675 0.38413807314973525
      vertex -19.9 1.7327348731368675 0.38413807314973525
      vertex -19.9 1.4022825876352416 0.24726025477777558
    endloop
  endfacet
  facet normal 0 0.46174861323503436 -0.8870108331782215
    outer loop
      vertex -25.4 2.05 0.5492958444838019
      vertex -19.9 2.05 0.5492958444838019
      vertex -19.9 1.7327348731368675 0.38413807314973525
    endloop
  endfacet
  facet normal 0 0.5372996083468228 -0.8433914458128864
    outer loop
      vertex -25.4 2.3516633890392886 0.7414766184151333
      vertex -19.9 2.3516633890392886 0.7414766184151333
      vertex -19.9 2.05 0.5492958444838019
    endloop
  endfacet
  facet normal 0 0.6087614290087212 -0.7933533402912347
    outer loop
      vertex -25.4 2.6354291997148107 0.95921778321219
      vertex -19.9 2.6354291997148107 0.95921778321219
      vertex -19.9 2.3516633890392886 0.7414766184151333
    endloop
  endfacet
  facet normal -1 0 0
    outer loop
      vertex -25.4 0 0
      vertex -25.4 -1.8640840680909638 1.8784711149549636
      vertex -25.4 -1.45 1.588526329025128
    endloop
  endfacet
  facet normal -1 0 0
    outer loop
      vertex -25.4 -2.899137802864845 1.2008621971351547
      vertex -25.4 -3.1407822167878097 1.464570800285189
      vertex -25.4 -3.550704155516198 2.05
    endloop
  endfacet
  facet normal -1 0 0
    outer loop
      vertex -25.4 0 0
      vertex -25.4 -2.899137802864845 1.2008621971351547
      vertex -25.4 -4.1 4.1
    endloop
  endfacet
  facet normal -1 0 0
    outer loop
      vertex -25.4 0 0
      vertex -25.4 -4.1 4.1
      vertex -25.4 -1.8640840680909638 1.8784711149549636
    endloop
  endfacet
  facet normal -1 0 0
    outer loop
      vertex -25.4 0.35733854526539843 0.01560173782384311
      vertex -25.4 1.45 1.588526329025128
      vertex -25.4 1.8640840680909638 1.8784711149549636
    endloop
  endfacet
  facet normal -1 0 0
    outer loop
      vertex -25.4 0.35733854526539843 0.01560173782384311
      vertex -25.4 1.8640840680909638 1.8784711149549636
      vertex -25.4 3.3585233815848663 1.748336610960711
    endloop
  endfacet
  facet normal -1 0 0
    outer loop
      vertex -25.4 2.05 0.5492958444838019
      vertex -25.4 3.3585233815848663 1.748336610960711
      vertex -25.4 2.899137802864845 1.2008621971351547
    endloop
  endfacet
  facet normal -1 0 0
    outer loop
      vertex -25.4 2.899137802864845 1.2008621971351547
      vertex -25.4 3.3585233815848663 1.748336610960711
      vertex -25.4 3.1407822167878097 1.464570800285189
    endloop
  endfacet
  facet normal 0 0.675590207615659 -0.7372773368101253
    outer loop
      vertex -25.4 2.6354291997148107 0.95921778321219
      vertex -25.4 2.899137802864845 1.2008621971351547
      vertex -19.9 2.6354291997148107 0.95921778321219
    endloop
  endfacet
  facet normal 0 0.7372773368101253 -0.675590207615659
    outer loop
      vertex -25.4 2.899137802864845 1.2008621971351547
      vertex -25.4 3.1407822167878097 1.464570800285189
      vertex -19.9 2.899137802864845 1.2008621971351547
    endloop
  endfacet
  facet normal -1 0 0
    outer loop
      vertex -25.4 3.3585233815848663 1.748336610960711
      vertex -25.4 1.8640840680909638 1.8784711149549636
      vertex -25.4 2.221528885045036 2.2359159319090356
    endloop
  endfacet
  facet normal 0 0.7933533402912347 -0.6087614290087212
    outer loop
      vertex -25.4 3.1407822167878097 1.464570800285189
      vertex -25.4 3.3585233815848663 1.748336610960711
      vertex -19.9 3.1407822167878097 1.464570800285189
    endloop
  endfacet
  facet normal 0 0.8433914458128864 -0.5372996083468228
    outer loop
      vertex -25.4 3.3585233815848663 1.748336610960711
      vertex -25.4 3.550704155516198 2.05
      vertex -19.9 3.3585233815848663 1.748336610960711
    endloop
  endfacet
  facet normal 0 0.675590207615659 -0.7372773368101253
    outer loop
      vertex -25.4 2.899137802864845 1.2008621971351547
      vertex -19.9 2.899137802864845 1.2008621971351547
      vertex -19.9 2.6354291997148107 0.95921778321219
    endloop
  endfacet
  facet normal 0 0.7372773368101253 -0.675590207615659
    outer loop
      vertex -25.4 3.1407822167878097 1.464570800285189
      vertex -19.9 3.1407822167878097 1.464570800285189
      vertex -19.9 2.899137802864845 1.2008621971351547
    endloop
  endfacet
  facet normal 0 0.7933533402912347 -0.6087614290087212
    outer loop
      vertex -25.4 3.3585233815848663 1.748336610960711
      vertex -19.9 3.3585233815848663 1.748336610960711
      vertex -19.9 3.1407822167878097 1.464570800285189
    endloop
  endfacet
  facet normal 0 0.8433914458128864 -0.5372996083468228
    outer loop
      vertex -25.4 3.550704155516198 2.05
      vertex -19.9 3.550704155516198 2.05
      vertex -19.9 3.3585233815848663 1.748336610960711
    endloop
  endfacet
  facet normal -1 0 0
    outer loop
      vertex -25.4 -3.550704155516198 2.05
      vertex -25.4 -3.7158619268502644 2.367265126863132
      vertex -25.4 -3.852739745222224 2.6977174123647583
    endloop
  endfacet
  facet normal -1 0 0
    outer loop
      vertex -25.4 -2.899137802864845 1.2008621971351547
      vertex -25.4 -3.852739745222224 2.6977174123647583
      vertex -25.4 -4.1 4.1
    endloop
  endfacet
  facet normal -1 0 0
    outer loop
      vertex -25.4 -3.852739745222224 2.6977174123647583
      vertex -25.4 -3.96029588778518 3.0388419150796646
      vertex -25.4 -4.0377117873500525 3.3880424715655852
    endloop
  endfacet
  facet normal -1 0 0
    outer loop
      vertex -25.4 -3.852739745222224 2.6977174123647583
      vertex -25.4 -4.0377117873500525 3.3880424715655852
      vertex -25.4 -4.1 4.1
    endloop
  endfacet
  facet normal -1 0 0
    outer loop
      vertex -25.4 -4.0377117873500525 3.3880424715655852
      vertex -25.4 -4.0843982621761565 3.742661454734601
      vertex -25.4 -4.1 4.1
    endloop
  endfacet
  facet normal -1 0 0
    outer loop
      vertex -25.4 -4.1 4.1
      vertex -25.4 -2.221528885045036 2.2359159319090356
      vertex -25.4 -1.8640840680909638 1.8784711149549636
    endloop
  endfacet
  facet normal -1 0 0
    outer loop
      vertex -25.4 -4.1 4.1
      vertex -25.4 -2.5114736709748717 2.6499999999999995
      vertex -25.4 -2.221528885045036 2.2359159319090356
    endloop
  endfacet
  facet normal -1 0 0
    outer loop
      vertex -25.4 3.3585233815848663 1.748336610960711
      vertex -25.4 2.221528885045036 2.2359159319090356
      vertex -25.4 2.5114736709748717 2.6499999999999995
    endloop
  endfacet
  facet normal -1 0 0
    outer loop
      vertex -25.4 3.3585233815848663 1.748336610960711
      vertex -25.4 3.7158619268502644 2.367265126863132
      vertex -25.4 3.550704155516198 2.05
    endloop
  endfacet
  facet normal -1 0 0
    outer loop
      vertex -25.4 3.3585233815848663 1.748336610960711
      vertex -25.4 2.5114736709748717 2.6499999999999995
      vertex -25.4 2.7251086002791345 3.10814158435556
    endloop
  endfacet
  facet normal -1 0 0
    outer loop
      vertex -25.4 3.3585233815848663 1.748336610960711
      vertex -25.4 3.96029588778518 3.0388419150796646
      vertex -25.4 3.7158619268502644 2.367265126863132
    endloop
  endfacet
  facet normal 0 0.8870108331782215 -0.46174861323503436
    outer loop
      vertex -25.4 3.550704155516198 2.05
      vertex -25.4 3.7158619268502644 2.367265126863132
      vertex -19.9 3.550704155516198 2.05
    endloop
  endfacet
  facet normal 0 0.9238795325112866 -0.3826834323650899
    outer loop
      vertex -25.4 3.7158619268502644 2.367265126863132
      vertex -25.4 3.852739745222224 2.6977174123647583
      vertex -19.9 3.7158619268502644 2.367265126863132
    endloop
  endfacet
  facet normal -1 0 0
    outer loop
      vertex -25.4 3.7158619268502644 2.367265126863132
      vertex -25.4 3.96029588778518 3.0388419150796646
      vertex -25.4 3.852739745222224 2.6977174123647583
    endloop
  endfacet
  facet normal 0 0.9537169507482266 -0.30070579950427406
    outer loop
      vertex -25.4 3.852739745222224 2.6977174123647583
      vertex -25.4 3.96029588778518 3.0388419150796646
      vertex -19.9 3.852739745222224 2.6977174123647583
    endloop
  endfacet
  facet normal 0 0.8870108331782215 -0.46174861323503436
    outer loop
      vertex -25.4 3.7158619268502644 2.367265126863132
      vertex -19.9 3.7158619268502644 2.367265126863132
      vertex -19.9 3.550704155516198 2.05
    endloop
  endfacet
  facet normal 0 0.9238795325112866 -0.3826834323650899
    outer loop
      vertex -25.4 3.852739745222224 2.6977174123647583
      vertex -19.9 3.852739745222224 2.6977174123647583
      vertex -19.9 3.7158619268502644 2.367265126863132
    endloop
  endfacet
  facet normal 0 0.9537169507482266 -0.30070579950427406
    outer loop
      vertex -25.4 3.96029588778518 3.0388419150796646
      vertex -19.9 3.96029588778518 3.0388419150796646
      vertex -19.9 3.852739745222224 2.6977174123647583
    endloop
  endfacet
  facet normal -1 0 0
    outer loop
      vertex -25.4 -4.1 4.1
      vertex -25.4 -2.7251086002791345 3.10814158435556
      vertex -25.4 -2.5114736709748717 2.6499999999999995
    endloop
  endfacet
  facet normal -1 0 0
    outer loop
      vertex -25.4 -4.1 4.1
      vertex -25.4 -2.855942483735403 3.5964202847659017
      vertex -25.4 -2.7251086002791345 3.10814158435556
    endloop
  endfacet
  facet normal -1 0 0
    outer loop
      vertex -25.4 -4.1 4.1
      vertex -25.4 -2.9 4.1
      vertex -25.4 -2.855942483735403 3.5964202847659017
    endloop
  endfacet
  facet normal -1 0 0
    outer loop
      vertex -25.4 3.3585233815848663 1.748336610960711
      vertex -25.4 4.0377117873500525 4.811957528434414
      vertex -25.4 3.96029588778518 3.0388419150796646
    endloop
  endfacet
  facet normal -1 0 0
    outer loop
      vertex -25.4 3.3585233815848663 1.748336610960711
      vertex -25.4 2.7251086002791345 3.10814158435556
      vertex -25.4 4.0377117873500525 4.811957528434414
    endloop
  endfacet
  facet normal -1 0 0
    outer loop
      vertex -25.4 3.96029588778518 3.0388419150796646
      vertex -25.4 4.0843982621761565 3.742661454734601
      vertex -25.4 4.0377117873500525 3.3880424715655852
    endloop
  endfacet
  facet normal 0 0.9762960071199337 -0.21643961393810168
    outer loop
      vertex -25.4 3.96029588778518 3.0388419150796646
      vertex -25.4 4.0377117873500525 3.3880424715655852
      vertex -19.9 3.96029588778518 3.0388419150796646
    endloop
  endfacet
  facet normal 0 0.9914448613738103 -0.1305261922200526
    outer loop
      vertex -25.4 4.0377117873500525 3.3880424715655852
      vertex -25.4 4.0843982621761565 3.742661454734601
      vertex -19.9 4.0377117873500525 3.3880424715655852
    endloop
  endfacet
  facet normal -1 0 0
    outer loop
      vertex -25.4 4.0377117873500525 4.811957528434414
      vertex -25.4 2.7251086002791345 3.10814158435556
      vertex -25.4 2.855942483735403 3.5964202847659017
    endloop
  endfacet
  facet normal -1 0 0
    outer loop
      vertex -25.4 3.96029588778518 3.0388419150796646
      vertex -25.4 4.0377117873500525 4.811957528434414
      vertex -25.4 4.0843982621761565 3.742661454734601
    endloop
  endfacet
  facet normal 0 0.9990482215818578 -0.04361938736533542
    outer loop
      vertex -25.4 4.0843982621761565 3.742661454734601
      vertex -25.4 4.1 4.1
      vertex -19.9 4.0843982621761565 3.742661454734601
    endloop
  endfacet
  facet normal 0 0.9762960071199337 -0.21643961393810168
    outer loop
      vertex -25.4 4.0377117873500525 3.3880424715655852
      vertex -19.9 4.0377117873500525 3.3880424715655852
      vertex -19.9 3.96029588778518 3.0388419150796646
    endloop
  endfacet
  facet normal 0 0.9914448613738103 -0.1305261922200526
    outer loop
      vertex -25.4 4.0843982621761565 3.742661454734601
      vertex -19.9 4.0843982621761565 3.742661454734601
      vertex -19.9 4.0377117873500525 3.3880424715655852
    endloop
  endfacet
  facet normal 0 0.9990482215818578 -0.04361938736533542
    outer loop
      vertex -25.4 4.1 4.1
      vertex -19.9 4.1 4.1
      vertex -19.9 4.0843982621761565 3.742661454734601
    endloop
  endfacet
  facet normal 0 0 -1
    outer loop
      vertex -25.4 0 0
      vertex -19.9 -6.6 0
      vertex 18.495760215818883 -53.18788218468428 0
    endloop
  endfacet
  facet normal 0 0 -1
    outer loop
      vertex 18.495760215818883 -53.18788218468428 0
      vertex -19.9 -6.6 0
      vertex -14.1 -6.6 0
    endloop
  endfacet
  facet normal 0 0 -1
    outer loop
      vertex -14.1 0 0
      vertex 14.1 -6.6 0
      vertex -14.1 -6.6 0
    endloop
  endfacet
  facet normal 0 0.043619387365335424 -0.9990482215818577
    outer loop
      vertex -14.1 0 0
      vertex -14.1 0.35733854526539843 0.01560173782384311
      vertex 14.1 0 0
    endloop
  endfacet
  facet normal 0 0.1305261922200526 -0.9914448613738103
    outer loop
      vertex -14.1 0.35733854526539843 0.01560173782384311
      vertex -14.1 0.7119575284344143 0.062288212649947106
      vertex 14.1 0.35733854526539843 0.01560173782384311
    endloop
  endfacet
  facet normal 0 0.2164396139381016 -0.9762960071199337
    outer loop
      vertex -14.1 0.7119575284344143 0.062288212649947106
      vertex -14.1 1.061158084920335 0.1397041122148197
      vertex 14.1 0.7119575284344143 0.062288212649947106
    endloop
  endfacet
  facet normal 1.949915616224521e-19 0.3007057995042739 -0.9537169507482267
    outer loop
      vertex -14.1 1.4022825876352416 0.24726025477777558
      vertex 14.1 1.061158084920335 0.1397041122148197
      vertex -14.1 1.061158084920335 0.1397041122148197
    endloop
  endfacet
  facet normal 0 0.3826834323650901 -0.9238795325112866
    outer loop
      vertex -14.1 1.4022825876352416 0.24726025477777558
      vertex -14.1 1.7327348731368675 0.38413807314973525
      vertex 14.1 1.4022825876352416 0.24726025477777558
    endloop
  endfacet
  facet normal 0 0.46174861323503436 -0.8870108331782214
    outer loop
      vertex -14.1 1.7327348731368675 0.38413807314973525
      vertex -14.1 2.05 0.5492958444838019
      vertex 14.1 1.7327348731368675 0.38413807314973525
    endloop
  endfacet
  facet normal 0 0.5372996083468229 -0.8433914458128863
    outer loop
      vertex -14.1 2.05 0.5492958444838019
      vertex -14.1 2.3516633890392886 0.7414766184151333
      vertex 14.1 2.05 0.5492958444838019
    endloop
  endfacet
  facet normal 0 0.6087614290087213 -0.7933533402912347
    outer loop
      vertex -14.1 2.3516633890392886 0.7414766184151333
      vertex -14.1 2.6354291997148107 0.95921778321219
      vertex 14.1 2.3516633890392886 0.7414766184151333
    endloop
  endfacet
  facet normal 0 0.6755902076156589 -0.7372773368101252
    outer loop
      vertex -14.1 2.6354291997148107 0.95921778321219
      vertex -14.1 2.899137802864845 1.2008621971351547
      vertex 14.1 2.6354291997148107 0.95921778321219
    endloop
  endfacet
  facet normal 0 0.7372773368101252 -0.6755902076156589
    outer loop
      vertex 14.1 2.899137802864845 1.2008621971351547
      vertex -14.1 2.899137802864845 1.2008621971351547
      vertex -14.1 3.1407822167878097 1.464570800285189
    endloop
  endfacet
  facet normal 0 0.7933533402912347 -0.6087614290087213
    outer loop
      vertex 14.1 3.1407822167878097 1.464570800285189
      vertex -14.1 3.1407822167878097 1.464570800285189
      vertex -14.1 3.3585233815848663 1.748336610960711
    endloop
  endfacet
  facet normal 0 0.8433914458128863 -0.5372996083468229
    outer loop
      vertex -14.1 3.3585233815848663 1.748336610960711
      vertex -14.1 3.550704155516198 2.05
      vertex 14.1 3.3585233815848663 1.748336610960711
    endloop
  endfacet
  facet normal 0 0.8870108331782214 -0.46174861323503436
    outer loop
      vertex -14.1 3.550704155516198 2.05
      vertex -14.1 3.7158619268502644 2.367265126863132
      vertex 14.1 3.550704155516198 2.05
    endloop
  endfacet
  facet normal 0 0.9238795325112866 -0.3826834323650899
    outer loop
      vertex -14.1 3.7158619268502644 2.367265126863132
      vertex -14.1 3.852739745222224 2.6977174123647583
      vertex 14.1 3.7158619268502644 2.367265126863132
    endloop
  endfacet
  facet normal 0 0.9537169507482267 -0.30070579950427406
    outer loop
      vertex -14.1 3.852739745222224 2.6977174123647583
      vertex -14.1 3.96029588778518 3.0388419150796646
      vertex 14.1 3.852739745222224 2.6977174123647583
    endloop
  endfacet
  facet normal 0 0.9762960071199337 -0.21643961393810168
    outer loop
      vertex -14.1 3.96029588778518 3.0388419150796646
      vertex -14.1 4.0377117873500525 3.3880424715655852
      vertex 14.1 3.96029588778518 3.0388419150796646
    endloop
  endfacet
  facet normal 0 0.9914448613738103 -0.1305261922200526
    outer loop
      vertex -14.1 4.0377117873500525 3.3880424715655852
      vertex -14.1 4.0843982621761565 3.742661454734601
      vertex 14.1 4.0377117873500525 3.3880424715655852
    endloop
  endfacet
  facet normal 1.8266250730398778e-20 0.9990482215818577 -0.0436193873653354
    outer loop
      vertex -14.1 4.1 4.1
      vertex 14.1 4.0843982621761565 3.742661454734601
      vertex -14.1 4.0843982621761565 3.742661454734601
    endloop
  endfacet
  facet normal -0.9912568951046347 -0.12881843061574122 0.0285583585175496
    outer loop
      vertex -19.380973489582537 -50.755778714716435 3
      vertex -25.4 -3.96029588778518 5.161158084920334
      vertex -25.4 -4.0377117873500525 4.811957528434414
    endloop
  endfacet
  facet normal -0.9907643504566168 -0.12931924233791114 0.040774200487891016
    outer loop
      vertex -19.380973489582537 -50.755778714716435 3
      vertex -25.4 -3.852739745222224 5.502282587635241
      vertex -25.4 -3.96029588778518 5.161158084920334
    endloop
  endfacet
  facet normal -0.9900622553081924 -0.12992496092159114 0.05381668090451737
    outer loop
      vertex -19.380973489582537 -50.755778714716435 3
      vertex -25.4 -3.7158619268502644 5.832734873136867
      vertex -25.4 -3.852739745222224 5.502282587635241
    endloop
  endfacet
  facet normal -0.9890926835746386 -0.1306517978033622 0.06801302103177853
    outer loop
      vertex -19.324038767814635 -51.188240885436535 3
      vertex -25.4 -3.550704155516198 6.1499999999999995
      vertex -25.4 -3.7158619268502644 5.832734873136867
    endloop
  endfacet
  facet normal -0.9877651562263627 -0.13152579716826623 0.08379117390490116
    outer loop
      vertex -19.324038767814635 -51.188240885436535 3
      vertex -25.4 -3.3585233815848663 6.451663389039288
      vertex -25.4 -3.550704155516198 6.1499999999999995
    endloop
  endfacet
  facet normal -0.9859358348344021 -0.1325886167567281 0.10173882393623489
    outer loop
      vertex -19.324038767814635 -51.188240885436535 3
      vertex -25.4 -3.1407822167878097 6.73542919971481
      vertex -25.4 -3.3585233815848663 6.451663389039288
    endloop
  endfacet
  facet normal -0.983371565225336 -0.13389322777559767 0.1226905386005977
    outer loop
      vertex -19.324038767814635 -51.188240885436535 3
      vertex -25.4 -2.899137802864845 6.999137802864844
      vertex -25.4 -3.1407822167878097 6.73542919971481
    endloop
  endfacet
  facet normal -0.9796757664471267 -0.13551503072774135 0.14788870505584326
    outer loop
      vertex -19.324038767814635 -51.188240885436535 3
      vertex -25.4 -2.6354291997148107 7.240782216787809
      vertex -25.4 -2.899137802864845 6.999137802864844
    endloop
  endfacet
  facet normal -0.9741338320399643 -0.13756294670255165 0.17927552250557094
    outer loop
      vertex -19.324038767814635 -51.188240885436535 3
      vertex -25.4 -2.3516633890392886 7.458523381584866
      vertex -25.4 -2.6354291997148107 7.240782216787809
    endloop
  endfacet
  facet normal -0.96535911583002 -0.14019481985334994 0.22006178671038826
    outer loop
      vertex -19.324038767814635 -51.188240885436535 3
      vertex -25.4 -2.05 7.650704155516197
      vertex -25.4 -2.3516633890392886 7.458523381584866
    endloop
  endfacet
  facet normal -0.9503914456018511 -0.1436298733217731 0.27591041955025036
    outer loop
      vertex -19.324038767814635 -51.188240885436535 3
      vertex -25.4 -1.7327348731368675 7.815861926850264
      vertex -25.4 -2.05 7.650704155516197
    endloop
  endfacet
  facet normal -0.9220771304066039 -0.1481008445196463 0.35754706743824716
    outer loop
      vertex -19.324038767814635 -51.188240885436535 3
      vertex -25.4 -1.4022825876352416 7.952739745222224
      vertex -25.4 -1.7327348731368675 7.815861926850264
    endloop
  endfacet
  facet normal -0.8601656294171065 -0.15336440635063714 0.486409754049186
    outer loop
      vertex -19.324038767814635 -51.188240885436535 3
      vertex -25.4 -1.061158084920335 8.06029588778518
      vertex -25.4 -1.4022825876352416 7.952739745222224
    endloop
  endfacet
  facet normal -0.6972181270821746 -0.15515669387142011 0.6998666184459115
    outer loop
      vertex -19.229629130661486 -51.61409522563219 3
      vertex -25.4 -0.7119575284344143 8.137711787350053
      vertex -25.4 -1.061158084920335 8.06029588778518
    endloop
  endfacet
  facet normal -0.24818212064667128 -0.12644247035314451 0.9604259142080224
    outer loop
      vertex -18.931538933515547 -52.43309131234884 3
      vertex -25.4 -0.35733854526539843 8.184398262176156
      vertex -25.4 -0.7119575284344143 8.137711787350053
    endloop
  endfacet
  facet normal 6.303542648479991e-16 -0.0939089768758776 0.9955807873106661
    outer loop
      vertex -25.4 -0.35733854526539843 8.184398262176156
      vertex 4.59619407771256 -41.72380592228744 4.2824721926312534
      vertex -19.9 -6.6 7.595554084316712
    endloop
  endfacet
  facet normal -1 0 0
    outer loop
      vertex -25.4 -4.1 4.1
      vertex -25.4 -4.0843982621761565 4.457338545265398
      vertex -25.4 -3.96029588778518 5.161158084920334
    endloop
  endfacet
  facet normal -1 0 0
    outer loop
      vertex -25.4 -4.0843982621761565 4.457338545265398
      vertex -25.4 -4.0377117873500525 4.811957528434414
      vertex -25.4 -3.96029588778518 5.161158084920334
    endloop
  endfacet
  facet normal -1 0 0
    outer loop
      vertex -25.4 -4.1 4.1
      vertex -25.4 -3.96029588778518 5.161158084920334
      vertex -25.4 -3.7158619268502644 5.832734873136867
    endloop
  endfacet
  facet normal -1 0 0
    outer loop
      vertex -25.4 -3.96029588778518 5.161158084920334
      vertex -25.4 -3.852739745222224 5.502282587635241
      vertex -25.4 -3.7158619268502644 5.832734873136867
    endloop
  endfacet
  facet normal -1 0 0
    outer loop
      vertex -25.4 -4.1 4.1
      vertex -25.4 -3.7158619268502644 5.832734873136867
      vertex -25.4 -2.899137802864845 6.999137802864844
    endloop
  endfacet
  facet normal -1 0 0
    outer loop
      vertex -25.4 -3.7158619268502644 5.832734873136867
      vertex -25.4 -3.550704155516198 6.1499999999999995
      vertex -25.4 -3.3585233815848663 6.451663389039288
    endloop
  endfacet
  facet normal -1 0 0
    outer loop
      vertex -25.4 -4.1 4.1
      vertex -25.4 -2.855942483735403 4.603579715234098
      vertex -25.4 -2.9 4.1
    endloop
  endfacet
  facet normal -1 0 0
    outer loop
      vertex -25.4 -4.1 4.1
      vertex -25.4 -2.7251086002791345 5.091858415644439
      vertex -25.4 -2.855942483735403 4.603579715234098
    endloop
  endfacet
  facet normal -1 0 0
    outer loop
      vertex -25.4 -4.1 4.1
      vertex -25.4 -2.5114736709748717 5.55
      vertex -25.4 -2.7251086002791345 5.091858415644439
    endloop
  endfacet
  facet normal -1 0 0
    outer loop
      vertex -25.4 4.0377117873500525 4.811957528434414
      vertex -25.4 2.855942483735403 3.5964202847659017
      vertex -25.4 2.9 4.1
    endloop
  endfacet
  facet normal -1 0 0
    outer loop
      vertex -25.4 4.0843982621761565 3.742661454734601
      vertex -25.4 4.0377117873500525 4.811957528434414
      vertex -25.4 4.1 4.1
    endloop
  endfacet
  facet normal -1 0 0
    outer loop
      vertex -25.4 4.1 4.1
      vertex -25.4 4.0377117873500525 4.811957528434414
      vertex -25.4 4.0843982621761565 4.457338545265398
    endloop
  endfacet
  facet normal -1 0 0
    outer loop
      vertex -25.4 4.0377117873500525 4.811957528434414
      vertex -25.4 2.9 4.1
      vertex -25.4 2.855942483735403 4.603579715234098
    endloop
  endfacet
  facet normal 0 0.9990482215818578 0.04361938736533542
    outer loop
      vertex -25.4 4.1 4.1
      vertex -25.4 4.0843982621761565 4.457338545265398
      vertex -19.9 4.1 4.1
    endloop
  endfacet
  facet normal 0 0.9914448613738103 0.1305261922200526
    outer loop
      vertex -25.4 4.0843982621761565 4.457338545265398
      vertex -25.4 4.0377117873500525 4.811957528434414
      vertex -19.9 4.0843982621761565 4.457338545265398
    endloop
  endfacet
  facet normal -1 0 0
    outer loop
      vertex -25.4 4.0377117873500525 4.811957528434414
      vertex -25.4 2.855942483735403 4.603579715234098
      vertex -25.4 2.7251086002791345 5.091858415644439
    endloop
  endfacet
  facet normal 0 0.9762960071199336 0.21643961393810193
    outer loop
      vertex -25.4 4.0377117873500525 4.811957528434414
      vertex -25.4 3.96029588778518 5.161158084920334
      vertex -19.9 4.0377117873500525 4.811957528434414
    endloop
  endfacet
  facet normal 0 0.9990482215818578 0.04361938736533542
    outer loop
      vertex -25.4 4.0843982621761565 4.457338545265398
      vertex -19.9 4.0843982621761565 4.457338545265398
      vertex -19.9 4.1 4.1
    endloop
  endfacet
  facet normal 0 0.9914448613738103 0.1305261922200526
    outer loop
      vertex -25.4 4.0377117873500525 4.811957528434414
      vertex -19.9 4.0377117873500525 4.811957528434414
      vertex -19.9 4.0843982621761565 4.457338545265398
    endloop
  endfacet
  facet normal 0 0.9762960071199336 0.21643961393810193
    outer loop
      vertex -25.4 3.96029588778518 5.161158084920334
      vertex -19.9 3.96029588778518 5.161158084920334
      vertex -19.9 4.0377117873500525 4.811957528434414
    endloop
  endfacet
  facet normal -1 0 0
    outer loop
      vertex -25.4 -4.1 4.1
      vertex -25.4 -2.221528885045036 5.964084068090964
      vertex -25.4 -2.5114736709748717 5.55
    endloop
  endfacet
  facet normal -1 0 0
    outer loop
      vertex -25.4 -4.1 4.1
      vertex -25.4 -1.8640840680909638 6.321528885045035
      vertex -25.4 -2.221528885045036 5.964084068090964
    endloop
  endfacet
  facet normal -1 0 0
    outer loop
      vertex -25.4 4.0377117873500525 4.811957528434414
      vertex -25.4 2.7251086002791345 5.091858415644439
      vertex -25.4 2.5114736709748717 5.55
    endloop
  endfacet
  facet normal -1 0 0
    outer loop
      vertex -25.4 4.0377117873500525 4.811957528434414
      vertex -25.4 3.852739745222224 5.502282587635241
      vertex -25.4 3.96029588778518 5.161158084920334
    endloop
  endfacet
  facet normal -1 0 0
    outer loop
      vertex -25.4 4.0377117873500525 4.811957528434414
      vertex -25.4 2.5114736709748717 5.55
      vertex -25.4 2.221528885045036 5.964084068090964
    endloop
  endfacet
  facet normal -1 0 0
    outer loop
      vertex -25.4 4.0377117873500525 4.811957528434414
      vertex -25.4 3.550704155516198 6.1499999999999995
      vertex -25.4 3.852739745222224 5.502282587635241
    endloop
  endfacet
  facet normal 0 0.9537169507482267 0.30070579950427373
    outer loop
      vertex -25.4 3.96029588778518 5.161158084920334
      vertex -25.4 3.852739745222224 5.502282587635241
      vertex -19.9 3.96029588778518 5.161158084920334
    endloop
  endfacet
  facet normal 0 0.9238795325112866 0.3826834323650899
    outer loop
      vertex -25.4 3.852739745222224 5.502282587635241
      vertex -25.4 3.7158619268502644 5.832734873136867
      vertex -19.9 3.852739745222224 5.502282587635241
    endloop
  endfacet
  facet normal -1 0 0
    outer loop
      vertex -25.4 4.0377117873500525 4.811957528434414
      vertex -25.4 2.221528885045036 5.964084068090964
      vertex -25.4 1.8640840680909638 6.321528885045035
    endloop
  endfacet
  facet normal -1 0 0
    outer loop
      vertex -25.4 3.852739745222224 5.502282587635241
      vertex -25.4 3.550704155516198 6.1499999999999995
      vertex -25.4 3.7158619268502644 5.832734873136867
    endloop
  endfacet
  facet normal -1 0 0
    outer loop
      vertex -25.4 4.0377117873500525 4.811957528434414
      vertex -25.4 1.8640840680909638 6.321528885045035
      vertex -25.4 1.45 6.611473670974871
    endloop
  endfacet
  facet normal -1 0 0
    outer loop
      vertex -25.4 4.0377117873500525 4.811957528434414
      vertex -25.4 2.3516633890392886 7.458523381584866
      vertex -25.4 3.550704155516198 6.1499999999999995
    endloop
  endfacet
  facet normal 0 0.8870108331782215 0.46174861323503436
    outer loop
      vertex -25.4 3.7158619268502644 5.832734873136867
      vertex -25.4 3.550704155516198 6.1499999999999995
      vertex -19.9 3.7158619268502644 5.832734873136867
    endloop
  endfacet
  facet normal 0 0.9537169507482267 0.30070579950427373
    outer loop
      vertex -25.4 3.852739745222224 5.502282587635241
      vertex -19.9 3.852739745222224 5.502282587635241
      vertex -19.9 3.96029588778518 5.161158084920334
    endloop
  endfacet
  facet normal 0 0.9238795325112866 0.3826834323650899
    outer loop
      vertex -25.4 3.7158619268502644 5.832734873136867
      vertex -19.9 3.7158619268502644 5.832734873136867
      vertex -19.9 3.852739745222224 5.502282587635241
    endloop
  endfacet
  facet normal 0 0.8870108331782215 0.46174861323503436
    outer loop
      vertex -25.4 3.550704155516198 6.1499999999999995
      vertex -19.9 3.550704155516198 6.1499999999999995
      vertex -19.9 3.7158619268502644 5.832734873136867
    endloop
  endfacet
  facet normal -1 0 0
    outer loop
      vertex -25.4 -4.1 4.1
      vertex -25.4 -0.35733854526539843 8.184398262176156
      vertex -25.4 -1.8640840680909638 6.321528885045035
    endloop
  endfacet
  facet normal -1 0 0
    outer loop
      vertex -25.4 -3.7158619268502644 5.832734873136867
      vertex -25.4 -3.3585233815848663 6.451663389039288
      vertex -25.4 -2.899137802864845 6.999137802864844
    endloop
  endfacet
  facet normal -1 0 0
    outer loop
      vertex -25.4 -4.1 4.1
      vertex -25.4 -2.899137802864845 6.999137802864844
      vertex -25.4 -0.35733854526539843 8.184398262176156
    endloop
  endfacet
  facet normal -1 0 0
    outer loop
      vertex -25.4 -3.3585233815848663 6.451663389039288
      vertex -25.4 -3.1407822167878097 6.73542919971481
      vertex -25.4 -2.899137802864845 6.999137802864844
    endloop
  endfacet
  facet normal -1 0 0
    outer loop
      vertex -25.4 -0.35733854526539843 8.184398262176156
      vertex -25.4 -1.45 6.611473670974871
      vertex -25.4 -1.8640840680909638 6.321528885045035
    endloop
  endfacet
  facet normal -1 0 0
    outer loop
      vertex -25.4 4.0377117873500525 4.811957528434414
      vertex -25.4 1.45 6.611473670974871
      vertex -25.4 -0.35733854526539843 8.184398262176156
    endloop
  endfacet
  facet normal -1 0 0
    outer loop
      vertex -25.4 3.550704155516198 6.1499999999999995
      vertex -25.4 2.899137802864845 6.999137802864844
      vertex -25.4 3.3585233815848663 6.451663389039288
    endloop
  endfacet
  facet normal 0 0.8433914458128859 0.5372996083468233
    outer loop
      vertex -25.4 3.550704155516198 6.1499999999999995
      vertex -25.4 3.3585233815848663 6.451663389039288
      vertex -19.9 3.550704155516198 6.1499999999999995
    endloop
  endfacet
  facet normal 0 0.7933533402912347 0.6087614290087212
    outer loop
      vertex -25.4 3.3585233815848663 6.451663389039288
      vertex -25.4 3.1407822167878097 6.73542919971481
      vertex -19.9 3.3585233815848663 6.451663389039288
    endloop
  endfacet
  facet normal -1 0 0
    outer loop
      vertex -25.4 4.0377117873500525 4.811957528434414
      vertex -25.4 -0.35733854526539843 8.184398262176156
      vertex -25.4 2.3516633890392886 7.458523381584866
    endloop
  endfacet
  facet normal -1 0 0
    outer loop
      vertex -25.4 3.3585233815848663 6.451663389039288
      vertex -25.4 2.899137802864845 6.999137802864844
      vertex -25.4 3.1407822167878097 6.73542919971481
    endloop
  endfacet
  facet normal -1 0 0
    outer loop
      vertex -25.4 3.550704155516198 6.1499999999999995
      vertex -25.4 2.3516633890392886 7.458523381584866
      vertex -25.4 2.899137802864845 6.999137802864844
    endloop
  endfacet
  facet normal 0 0.7372773368101253 0.675590207615659
    outer loop
      vertex -25.4 3.1407822167878097 6.73542919971481
      vertex -25.4 2.899137802864845 6.999137802864844
      vertex -19.9 3.1407822167878097 6.73542919971481
    endloop
  endfacet
  facet normal 0 0.6755902076156596 0.7372773368101246
    outer loop
      vertex -25.4 2.899137802864845 6.999137802864844
      vertex -25.4 2.6354291997148107 7.240782216787809
      vertex -19.9 2.899137802864845 6.999137802864844
    endloop
  endfacet
  facet normal 0 0.8433914458128859 0.5372996083468233
    outer loop
      vertex -25.4 3.3585233815848663 6.451663389039288
      vertex -19.9 3.3585233815848663 6.451663389039288
      vertex -19.9 3.550704155516198 6.1499999999999995
    endloop
  endfacet
  facet normal 0 0.7933533402912347 0.6087614290087212
    outer loop
      vertex -25.4 3.1407822167878097 6.73542919971481
      vertex -19.9 3.1407822167878097 6.73542919971481
      vertex -19.9 3.3585233815848663 6.451663389039288
    endloop
  endfacet
  facet normal 0 0.7372773368101253 0.675590207615659
    outer loop
      vertex -25.4 2.899137802864845 6.999137802864844
      vertex -19.9 2.899137802864845 6.999137802864844
      vertex -19.9 3.1407822167878097 6.73542919971481
    endloop
  endfacet
  facet normal 0 0.6755902076156596 0.7372773368101246
    outer loop
      vertex -25.4 2.6354291997148107 7.240782216787809
      vertex -19.9 2.6354291997148107 7.240782216787809
      vertex -19.9 2.899137802864845 6.999137802864844
    endloop
  endfacet
  facet normal -1 0 0
    outer loop
      vertex -25.4 -2.899137802864845 6.999137802864844
      vertex -25.4 -2.6354291997148107 7.240782216787809
      vertex -25.4 -2.3516633890392886 7.458523381584866
    endloop
  endfacet
  facet normal -1 0 0
    outer loop
      vertex -25.4 -2.899137802864845 6.999137802864844
      vertex -25.4 -2.3516633890392886 7.458523381584866
      vertex -25.4 -1.7327348731368675 7.815861926850264
    endloop
  endfacet
  facet normal -1 0 0
    outer loop
      vertex -25.4 -2.3516633890392886 7.458523381584866
      vertex -25.4 -2.05 7.650704155516197
      vertex -25.4 -1.7327348731368675 7.815861926850264
    endloop
  endfacet
  facet normal -1 0 0
    outer loop
      vertex -25.4 -2.899137802864845 6.999137802864844
      vertex -25.4 -1.7327348731368675 7.815861926850264
      vertex -25.4 -0.35733854526539843 8.184398262176156
    endloop
  endfacet
  facet normal -1 0 0
    outer loop
      vertex -25.4 -0.35733854526539843 8.184398262176156
      vertex -25.4 -0.9918584156444392 6.825108600279134
      vertex -25.4 -1.45 6.611473670974871
    endloop
  endfacet
  facet normal -1 0 0
    outer loop
      vertex -25.4 -0.35733854526539843 8.184398262176156
      vertex -25.4 -0.503579715234098 6.955942483735402
      vertex -25.4 -0.9918584156444392 6.825108600279134
    endloop
  endfacet
  facet normal -1 0 0
    outer loop
      vertex -25.4 -0.35733854526539843 8.184398262176156
      vertex -25.4 0 7
      vertex -25.4 -0.503579715234098 6.955942483735402
    endloop
  endfacet
  facet normal -1 0 0
    outer loop
      vertex -25.4 -0.35733854526539843 8.184398262176156
      vertex -25.4 0.9918584156444392 6.825108600279134
      vertex -25.4 0.503579715234098 6.955942483735402
    endloop
  endfacet
  facet normal -1 0 0
    outer loop
      vertex -25.4 -0.35733854526539843 8.184398262176156
      vertex -25.4 0.503579715234098 6.955942483735402
      vertex -25.4 0 7
    endloop
  endfacet
  facet normal -1 0 0
    outer loop
      vertex -25.4 -1.7327348731368675 7.815861926850264
      vertex -25.4 -1.4022825876352416 7.952739745222224
      vertex -25.4 -1.061158084920335 8.06029588778518
    endloop
  endfacet
  facet normal -1 0 0
    outer loop
      vertex -25.4 -1.7327348731368675 7.815861926850264
      vertex -25.4 -1.061158084920335 8.06029588778518
      vertex -25.4 -0.7119575284344143 8.137711787350053
    endloop
  endfacet
  facet normal -1 0 0
    outer loop
      vertex -25.4 -1.7327348731368675 7.815861926850264
      vertex -25.4 -0.7119575284344143 8.137711787350053
      vertex -25.4 -0.35733854526539843 8.184398262176156
    endloop
  endfacet
  facet normal -1 0 0
    outer loop
      vertex -25.4 -0.35733854526539843 8.184398262176156
      vertex -25.4 0 8.2
      vertex -25.4 0.35733854526539843 8.184398262176156
    endloop
  endfacet
  facet normal -1 0 0
    outer loop
      vertex -25.4 -0.35733854526539843 8.184398262176156
      vertex -25.4 0.35733854526539843 8.184398262176156
      vertex -25.4 1.061158084920335 8.06029588778518
    endloop
  endfacet
  facet normal 9.496886702963644e-20 -0.04361938736533543 0.9990482215818578
    outer loop
      vertex -25.4 -0.35733854526539843 8.184398262176156
      vertex -19.9 0 8.2
      vertex -25.4 0 8.2
    endloop
  endfacet
  facet normal -9.496886702963644e-20 0.04361938736533543 0.9990482215818578
    outer loop
      vertex -25.4 0 8.2
      vertex -19.9 0.35733854526539843 8.184398262176156
      vertex -25.4 0.35733854526539843 8.184398262176156
    endloop
  endfacet
  facet normal -1 0 0
    outer loop
      vertex -25.4 -0.35733854526539843 8.184398262176156
      vertex -25.4 1.45 6.611473670974871
      vertex -25.4 0.9918584156444392 6.825108600279134
    endloop
  endfacet
  facet normal -1 0 0
    outer loop
      vertex -25.4 2.05 7.650704155516197
      vertex -25.4 2.3516633890392886 7.458523381584866
      vertex -25.4 1.7327348731368675 7.815861926850264
    endloop
  endfacet
  facet normal -1 0 0
    outer loop
      vertex -25.4 2.899137802864845 6.999137802864844
      vertex -25.4 2.3516633890392886 7.458523381584866
      vertex -25.4 2.6354291997148107 7.240782216787809
    endloop
  endfacet
  facet normal 0 0.608761429008722 0.793353340291234
    outer loop
      vertex -25.4 2.6354291997148107 7.240782216787809
      vertex -25.4 2.3516633890392886 7.458523381584866
      vertex -19.9 2.6354291997148107 7.240782216787809
    endloop
  endfacet
  facet normal 5.59239051402012e-19 0.5372996083468219 0.8433914458128868
    outer loop
      vertex -25.4 2.05 7.650704155516197
      vertex -19.9 2.3516633890392886 7.458523381584866
      vertex -25.4 2.3516633890392886 7.458523381584866
    endloop
  endfacet
  facet normal -1 0 0
    outer loop
      vertex -25.4 -0.35733854526539843 8.184398262176156
      vertex -25.4 1.061158084920335 8.06029588778518
      vertex -25.4 2.3516633890392886 7.458523381584866
    endloop
  endfacet
  facet normal -1 0 0
    outer loop
      vertex -25.4 2.3516633890392886 7.458523381584866
      vertex -25.4 1.061158084920335 8.06029588778518
      vertex -25.4 1.7327348731368675 7.815861926850264
    endloop
  endfacet
  facet normal -1 0 0
    outer loop
      vertex -25.4 1.7327348731368675 7.815861926850264
      vertex -25.4 1.061158084920335 8.06029588778518
      vertex -25.4 1.4022825876352416 7.952739745222224
    endloop
  endfacet
  facet normal -1 0 0
    outer loop
      vertex -25.4 0.35733854526539843 8.184398262176156
      vertex -25.4 0.7119575284344143 8.137711787350053
      vertex -25.4 1.061158084920335 8.06029588778518
    endloop
  endfacet
  facet normal 0 0.46174861323503436 0.8870108331782215
    outer loop
      vertex -25.4 2.05 7.650704155516197
      vertex -25.4 1.7327348731368675 7.815861926850264
      vertex -19.9 2.05 7.650704155516197
    endloop
  endfacet
  facet normal 0 0.38268343236509017 0.9238795325112866
    outer loop
      vertex -25.4 1.7327348731368675 7.815861926850264
      vertex -25.4 1.4022825876352416 7.952739745222224
      vertex -19.9 1.7327348731368675 7.815861926850264
    endloop
  endfacet
  facet normal 1.855998746408023e-19 0.30070579950427617 0.9537169507482259
    outer loop
      vertex -25.4 1.061158084920335 8.06029588778518
      vertex -19.9 1.4022825876352416 7.952739745222224
      vertex -25.4 1.4022825876352416 7.952739745222224
    endloop
  endfacet
  facet normal -8.073523438260085e-19 0.13052619222005016 0.9914448613738106
    outer loop
      vertex -25.4 0.35733854526539843 8.184398262176156
      vertex -19.9 0.7119575284344143 8.137711787350053
      vertex -25.4 0.7119575284344143 8.137711787350053
    endloop
  endfacet
  facet normal 0 0.21643961393810163 0.9762960071199337
    outer loop
      vertex -25.4 1.061158084920335 8.06029588778518
      vertex -25.4 0.7119575284344143 8.137711787350053
      vertex -19.9 1.061158084920335 8.06029588778518
    endloop
  endfacet
  facet normal 0 -0.09390897687587818 0.9955807873106662
    outer loop
      vertex -25.4 -0.35733854526539843 8.184398262176156
      vertex -19.9 -6.6 7.595554084316712
      vertex -19.9 -0.35733854526539843 8.184398262176156
    endloop
  endfacet
  facet normal 0 -0.04361938736533543 0.9990482215818578
    outer loop
      vertex -25.4 -0.35733854526539843 8.184398262176156
      vertex -19.9 -0.35733854526539843 8.184398262176156
      vertex -19.9 0 8.2
    endloop
  endfacet
  facet normal 0 0.04361938736533543 0.9990482215818578
    outer loop
      vertex -25.4 0 8.2
      vertex -19.9 0 8.2
      vertex -19.9 0.35733854526539843 8.184398262176156
    endloop
  endfacet
  facet normal 0 0.5372996083468219 0.8433914458128868
    outer loop
      vertex -25.4 2.05 7.650704155516197
      vertex -19.9 2.05 7.650704155516197
      vertex -19.9 2.3516633890392886 7.458523381584866
    endloop
  endfacet
  facet normal 0 0.608761429008722 0.793353340291234
    outer loop
      vertex -25.4 2.3516633890392886 7.458523381584866
      vertex -19.9 2.3516633890392886 7.458523381584866
      vertex -19.9 2.6354291997148107 7.240782216787809
    endloop
  endfacet
  facet normal 0 0.46174861323503436 0.8870108331782215
    outer loop
      vertex -25.4 1.7327348731368675 7.815861926850264
      vertex -19.9 1.7327348731368675 7.815861926850264
      vertex -19.9 2.05 7.650704155516197
    endloop
  endfacet
  facet normal 0 0.38268343236509017 0.9238795325112866
    outer loop
      vertex -25.4 1.4022825876352416 7.952739745222224
      vertex -19.9 1.4022825876352416 7.952739745222224
      vertex -19.9 1.7327348731368675 7.815861926850264
    endloop
  endfacet
  facet normal 0 0.30070579950427617 0.9537169507482259
    outer loop
      vertex -25.4 1.061158084920335 8.06029588778518
      vertex -19.9 1.061158084920335 8.06029588778518
      vertex -19.9 1.4022825876352416 7.952739745222224
    endloop
  endfacet
  facet normal 0 0.21643961393810163 0.9762960071199337
    outer loop
      vertex -25.4 0.7119575284344143 8.137711787350053
      vertex -19.9 0.7119575284344143 8.137711787350053
      vertex -19.9 1.061158084920335 8.06029588778518
    endloop
  endfacet
  facet normal 0 0.13052619222005016 0.9914448613738106
    outer loop
      vertex -25.4 0.35733854526539843 8.184398262176156
      vertex -19.9 0.35733854526539843 8.184398262176156
      vertex -19.9 0.7119575284344143 8.137711787350053
    endloop
  endfacet
  facet normal -1.6210961841688983e-16 -0.09390897687587817 0.9955807873106661
    outer loop
      vertex 4.59619407771256 -41.72380592228744 4.2824721926312534
      vertex -14.1 -6.6 7.595554084316713
      vertex -19.9 -6.6 7.595554084316712
    endloop
  endfacet
  facet normal 0 0.9990482215818577 0.0436193873653354
    outer loop
      vertex -14.1 4.1 4.1
      vertex -14.1 4.0843982621761565 4.457338545265398
      vertex 14.1 4.1 4.1
    endloop
  endfacet
  facet normal 0 0.9914448613738103 0.1305261922200526
    outer loop
      vertex -14.1 4.0843982621761565 4.457338545265398
      vertex -14.1 4.0377117873500525 4.811957528434414
      vertex 14.1 4.0843982621761565 4.457338545265398
    endloop
  endfacet
  facet normal 1.0386277476989355e-19 0.9762960071199335 0.2164396139381019
    outer loop
      vertex -14.1 3.96029588778518 5.161158084920334
      vertex 14.1 4.0377117873500525 4.811957528434414
      vertex -14.1 4.0377117873500525 4.811957528434414
    endloop
  endfacet
  facet normal 1.8901640278614169e-19 0.9537169507482267 0.3007057995042737
    outer loop
      vertex -14.1 3.852739745222224 5.502282587635241
      vertex 14.1 3.96029588778518 5.161158084920334
      vertex -14.1 3.96029588778518 5.161158084920334
    endloop
  endfacet
  facet normal 0 0.9238795325112866 0.3826834323650899
    outer loop
      vertex -14.1 3.852739745222224 5.502282587635241
      vertex -14.1 3.7158619268502644 5.832734873136867
      vertex 14.1 3.852739745222224 5.502282587635241
    endloop
  endfacet
  facet normal 0 0.8870108331782214 0.46174861323503436
    outer loop
      vertex -14.1 3.7158619268502644 5.832734873136867
      vertex -14.1 3.550704155516198 6.1499999999999995
      vertex 14.1 3.7158619268502644 5.832734873136867
    endloop
  endfacet
  facet normal 0 0.8433914458128859 0.5372996083468234
    outer loop
      vertex -14.1 3.550704155516198 6.1499999999999995
      vertex -14.1 3.3585233815848663 6.451663389039288
      vertex 14.1 3.550704155516198 6.1499999999999995
    endloop
  endfacet
  facet normal 0 0.7933533402912347 0.6087614290087213
    outer loop
      vertex -14.1 3.3585233815848663 6.451663389039288
      vertex -14.1 3.1407822167878097 6.73542919971481
      vertex 14.1 3.3585233815848663 6.451663389039288
    endloop
  endfacet
  facet normal 0 0.7372773368101252 0.6755902076156589
    outer loop
      vertex -14.1 3.1407822167878097 6.73542919971481
      vertex -14.1 2.899137802864845 6.999137802864844
      vertex 14.1 3.1407822167878097 6.73542919971481
    endloop
  endfacet
  facet normal 0 0.6755902076156596 0.7372773368101246
    outer loop
      vertex -14.1 2.899137802864845 6.999137802864844
      vertex -14.1 2.6354291997148107 7.240782216787809
      vertex 14.1 2.899137802864845 6.999137802864844
    endloop
  endfacet
  facet normal 0 -0.09390897687587803 0.9955807873106661
    outer loop
      vertex -14.1 -0.35733854526539843 8.184398262176156
      vertex -14.1 -6.6 7.595554084316713
      vertex 14.1 -0.35733854526539843 8.184398262176156
    endloop
  endfacet
  facet normal 1.8522296761099305e-20 -0.043619387365335424 0.9990482215818577
    outer loop
      vertex -14.1 -0.35733854526539843 8.184398262176156
      vertex 14.1 0 8.2
      vertex -14.1 0 8.2
    endloop
  endfacet
  facet normal -1.8522296761099305e-20 0.043619387365335424 0.9990482215818577
    outer loop
      vertex -14.1 0 8.2
      vertex 14.1 0.35733854526539843 8.184398262176156
      vertex -14.1 0.35733854526539843 8.184398262176156
    endloop
  endfacet
  facet normal 0 0.6087614290087221 0.7933533402912342
    outer loop
      vertex -14.1 2.6354291997148107 7.240782216787809
      vertex -14.1 2.3516633890392886 7.458523381584866
      vertex 14.1 2.6354291997148107 7.240782216787809
    endloop
  endfacet
  facet normal 0 0.537299608346822 0.8433914458128868
    outer loop
      vertex -14.1 2.3516633890392886 7.458523381584866
      vertex -14.1 2.05 7.650704155516197
      vertex 14.1 2.3516633890392886 7.458523381584866
    endloop
  endfacet
  facet normal 0 0.46174861323503436 0.8870108331782214
    outer loop
      vertex -14.1 2.05 7.650704155516197
      vertex -14.1 1.7327348731368675 7.815861926850264
      vertex 14.1 2.05 7.650704155516197
    endloop
  endfacet
  facet normal 0 0.3826834323650901 0.9238795325112866
    outer loop
      vertex -14.1 1.7327348731368675 7.815861926850264
      vertex -14.1 1.4022825876352416 7.952739745222224
      vertex 14.1 1.7327348731368675 7.815861926850264
    endloop
  endfacet
  facet normal 0 0.30070579950427617 0.953716950748226
    outer loop
      vertex -14.1 1.4022825876352416 7.952739745222224
      vertex -14.1 1.061158084920335 8.06029588778518
      vertex 14.1 1.4022825876352416 7.952739745222224
    endloop
  endfacet
  facet normal 0 0.13052619222005016 0.9914448613738106
    outer loop
      vertex -14.1 0.7119575284344143 8.137711787350053
      vertex -14.1 0.35733854526539843 8.184398262176156
      vertex 14.1 0.7119575284344143 8.137711787350053
    endloop
  endfacet
  facet normal 0 0.2164396139381016 0.9762960071199337
    outer loop
      vertex -14.1 1.061158084920335 8.06029588778518
      vertex -14.1 0.7119575284344143 8.137711787350053
      vertex 14.1 1.061158084920335 8.06029588778518
    endloop
  endfacet
  facet normal 0 0 -1
    outer loop
      vertex -14.399999999999999 -55.32 0
      vertex 1.128713154835047 -52.72125039457935 0
      vertex 18.495760215818883 -53.18788218468428 0
    endloop
  endfacet
  facet normal 0 0 -1
    outer loop
      vertex -14.399999999999999 -55.32 0
      vertex 14.835778711736204 -55.30097348958254 0
      vertex 14.39999999701977 -55.32 0
    endloop
  endfacet
  facet normal 0 0 -1
    outer loop
      vertex -14.399999999999999 -55.32 0
      vertex 18.495760215818883 -53.18788218468428 0
      vertex 14.835778711736204 -55.30097348958254 0
    endloop
  endfacet
  facet normal 0 -1 0
    outer loop
      vertex -14.399999999999999 -55.32 0
      vertex 14.39999999701977 -55.32 0
      vertex 14.39999999701977 -55.32 3
    endloop
  endfacet
  facet normal 0 0 -1
    outer loop
      vertex 18.495760215818883 -53.18788218468428 0
      vertex 1.128713154835047 -52.72125039457935 0
      vertex 1.6823237931663848 -52.59851787087894 0
    endloop
  endfacet
  facet normal 0 0 -1
    outer loop
      vertex 18.495760215818883 -53.18788218468428 0
      vertex 1.6823237931663848 -52.59851787087894 0
      vertex 2.2231309316168466 -52.428002035108406 0
    endloop
  endfacet
  facet normal 0 0 -1
    outer loop
      vertex 18.495760215818883 -53.18788218468428 0
      vertex 2.2231309316168466 -52.428002035108406 0
      vertex 2.747018701314546 -52.21100061573823 0
    endloop
  endfacet
  facet normal 0 0 -1
    outer loop
      vertex 18.495760215818883 -53.18788218468428 0
      vertex 2.747018701314546 -52.21100061573823 0
      vertex 3.25 -51.94916512459885 0
    endloop
  endfacet
  facet normal 0 0 -1
    outer loop
      vertex 18.495760215818883 -53.18788218468428 0
      vertex 3.25 -51.94916512459885 0
      vertex 3.7282468362817993 -51.644488287878445 0
    endloop
  endfacet
  facet normal 0 0 -1
    outer loop
      vertex 18.495760215818883 -53.18788218468428 0
      vertex 3.7282468362817993 -51.644488287878445 0
      vertex 4.178119462962505 -51.29928888027336 0
    endloop
  endfacet
  facet normal 0 0 -1
    outer loop
      vertex 18.495760215818883 -53.18788218468428 0
      vertex 4.178119462962505 -51.29928888027336 0
      vertex 4.59619407771256 -50.91619407771256 0
    endloop
  endfacet
  facet normal 0 0 -1
    outer loop
      vertex 18.495760215818883 -53.18788218468428 0
      vertex 4.59619407771256 -50.91619407771256 0
      vertex 4.979288880273357 -50.49811946296251 0
    endloop
  endfacet
  facet normal 0 0 -1
    outer loop
      vertex 18.495760215818883 -53.18788218468428 0
      vertex 4.979288880273357 -50.49811946296251 0
      vertex 5.324488287878447 -50.0482468362818 0
    endloop
  endfacet
  facet normal 0 0 -1
    outer loop
      vertex 18.495760215818883 -53.18788218468428 0
      vertex 5.324488287878447 -50.0482468362818 0
      vertex 5.629165124598851 -49.57 0
    endloop
  endfacet
  facet normal 0 0 -1
    outer loop
      vertex 18.495760215818883 -53.18788218468428 0
      vertex 5.629165124598851 -49.57 0
      vertex 5.891000615738225 -49.067018701314545 0
    endloop
  endfacet
  facet normal 0 0 -1
    outer loop
      vertex 18.495760215818883 -53.18788218468428 0
      vertex 5.891000615738225 -49.067018701314545 0
      vertex 6.108002035108405 -48.543130931616844 0
    endloop
  endfacet
  facet normal 0 0 -1
    outer loop
      vertex 18.495760215818883 -53.18788218468428 0
      vertex 6.108002035108405 -48.543130931616844 0
      vertex 6.278517870878944 -48.00232379316638 0
    endloop
  endfacet
  facet normal 0 0 -1
    outer loop
      vertex 18.495760215818883 -53.18788218468428 0
      vertex 6.278517870878944 -48.00232379316638 0
      vertex 6.401250394579352 -47.44871315483505 0
    endloop
  endfacet
  facet normal 0 0 -1
    outer loop
      vertex 18.495760215818883 -53.18788218468428 0
      vertex 6.401250394579352 -47.44871315483505 0
      vertex 6.475265537596346 -46.886512327859776 0
    endloop
  endfacet
  facet normal 0 0 -1
    outer loop
      vertex 18.495760215818883 -53.18788218468428 0
      vertex 6.475265537596346 -46.886512327859776 0
      vertex 6.5 -46.32 0
    endloop
  endfacet
  facet normal 0 0 -1
    outer loop
      vertex 18.495760215818883 -53.18788218468428 0
      vertex 6.5 -46.32 0
      vertex 6.475265537596346 -45.753487672140224 0
    endloop
  endfacet
  facet normal 0 0 -1
    outer loop
      vertex 18.495760215818883 -53.18788218468428 0
      vertex 6.475265537596346 -45.753487672140224 0
      vertex 6.401250394579352 -45.19128684516495 0
    endloop
  endfacet
  facet normal 0 0 -1
    outer loop
      vertex 18.495760215818883 -53.18788218468428 0
      vertex 4.59619407771256 -41.72380592228744 0
      vertex 4.178119462962505 -41.34071111972664 0
    endloop
  endfacet
  facet normal 0 0 -1
    outer loop
      vertex 18.495760215818883 -53.18788218468428 0
      vertex 4.979288880273357 -42.141880537037494 0
      vertex 4.59619407771256 -41.72380592228744 0
    endloop
  endfacet
  facet normal 0 0 -1
    outer loop
      vertex 18.495760215818883 -53.18788218468428 0
      vertex 6.278517870878944 -44.63767620683362 0
      vertex 6.108002035108405 -44.09686906838316 0
    endloop
  endfacet
  facet normal 0 0 -1
    outer loop
      vertex 18.495760215818883 -53.18788218468428 0
      vertex 5.629165124598851 -43.07 0
      vertex 5.324488287878447 -42.5917531637182 0
    endloop
  endfacet
  facet normal 0 0 -1
    outer loop
      vertex 18.495760215818883 -53.18788218468428 0
      vertex 5.891000615738225 -43.572981298685455 0
      vertex 5.629165124598851 -43.07 0
    endloop
  endfacet
  facet normal 0 0 -1
    outer loop
      vertex 18.495760215818883 -53.18788218468428 0
      vertex 6.108002035108405 -44.09686906838316 0
      vertex 5.891000615738225 -43.572981298685455 0
    endloop
  endfacet
  facet normal 0 0 -1
    outer loop
      vertex 18.495760215818883 -53.18788218468428 0
      vertex 6.401250394579352 -45.19128684516495 0
      vertex 6.278517870878944 -44.63767620683362 0
    endloop
  endfacet
  facet normal 0 0 -1
    outer loop
      vertex 18.495760215818883 -53.18788218468428 0
      vertex 5.324488287878447 -42.5917531637182 0
      vertex 4.979288880273357 -42.141880537037494 0
    endloop
  endfacet
  facet normal 5.827407401260985e-16 -0.09390897687587572 0.9955807873106662
    outer loop
      vertex 14.39999999701977 -55.32 3
      vertex -0.5665123278597781 -52.79526553759635 3.2381476553882234
      vertex -1.128713154835047 -52.72125039457935 3.2451291946491647
    endloop
  endfacet
  facet normal -1.0426487664469392e-15 -0.09390897687588363 0.9955807873106656
    outer loop
      vertex 14.39999999701977 -55.32 3
      vertex 0 -52.82 3.2358145568717527
      vertex -0.5665123278597781 -52.79526553759635 3.2381476553882234
    endloop
  endfacet
  facet normal 6.034621339956656e-16 -0.09390897687587463 0.9955807873106665
    outer loop
      vertex 14.39999999701977 -55.32 3
      vertex 0.5665123278597781 -52.79526553759635 3.2381476553882234
      vertex 0 -52.82 3.2358145568717527
    endloop
  endfacet
  facet normal -5.241104189128965e-16 -0.09390897687588073 0.9955807873106658
    outer loop
      vertex 14.39999999701977 -55.32 3
      vertex 1.128713154835047 -52.72125039457935 3.245129194649165
      vertex 0.5665123278597781 -52.79526553759635 3.2381476553882234
    endloop
  endfacet
  facet normal 2.548054527631971e-16 -0.09390897687587711 0.9955807873106662
    outer loop
      vertex 14.39999999701977 -55.32 3
      vertex 1.6823237931663848 -52.59851787087894 3.25670604092523
      vertex 1.128713154835047 -52.72125039457935 3.245129194649165
    endloop
  endfacet
  facet normal 1.2577446681643288e-16 -0.09390897687587749 0.9955807873106662
    outer loop
      vertex 14.39999999701977 -55.32 3
      vertex 2.2231309316168466 -52.428002035108406 3.2727900874259683
      vertex 1.6823237931663848 -52.59851787087894 3.25670604092523
    endloop
  endfacet
  facet normal -3.516137781061013e-17 -0.09390897687587822 0.9955807873106661
    outer loop
      vertex 14.39999999701977 -55.32 3
      vertex 2.747018701314546 -52.21100061573823 3.2932589248456963
      vertex 2.2231309316168466 -52.428002035108406 3.2727900874259683
    endloop
  endfacet
  facet normal -9.824230099696939e-17 -0.09390897687587833 0.9955807873106661
    outer loop
      vertex 14.39999999701977 -55.32 3
      vertex 3.25 -51.94916512459885 3.3179567729722286
      vertex 2.747018701314546 -52.21100061573823 3.2932589248456963
    endloop
  endfacet
  facet normal 1.6703428879159495e-16 -0.09390897687587756 0.9955807873106661
    outer loop
      vertex 14.39999999701977 -55.32 3
      vertex 3.7282468362817993 -51.644488287878445 3.346695666268352
      vertex 3.25 -51.94916512459885 3.3179567729722286
    endloop
  endfacet
  facet normal -4.354068207380421e-16 -0.09390897687587921 0.9955807873106661
    outer loop
      vertex 14.39999999701977 -55.32 3
      vertex 4.178119462962505 -51.29928888027336 3.3792568844030666
      vertex 3.7282468362817993 -51.644488287878445 3.346695666268352
    endloop
  endfacet
  facet normal 2.125486500462982e-16 -0.09390897687587756 0.9955807873106662
    outer loop
      vertex 14.39999999701977 -55.32 3
      vertex 4.59619407771256 -50.91619407771256 3.4153926168453648
      vertex 4.178119462962505 -51.29928888027336 3.3792568844030666
    endloop
  endfacet
  facet normal 2.748147480842611e-16 -0.0939089768758774 0.9955807873106662
    outer loop
      vertex 14.39999999701977 -55.32 3
      vertex 4.979288880273357 -50.49811946296251 3.4548278488520094
      vertex 4.59619407771256 -50.91619407771256 3.4153926168453648
    endloop
  endfacet
  facet normal -3.387940346840667e-16 -0.09390897687587868 0.9955807873106661
    outer loop
      vertex 14.39999999701977 -55.32 3
      vertex 5.324488287878447 -50.0482468362818 3.497262454495787
      vertex 4.979288880273357 -50.49811946296251 3.4548278488520094
    endloop
  endfacet
  facet normal -1.1152581537903484e-16 -0.09390897687587828 0.9955807873106661
    outer loop
      vertex 14.39999999701977 -55.32 3
      vertex 5.629165124598851 -49.57 3.542373480805031
      vertex 5.324488287878447 -50.0482468362818 3.497262454495787
    endloop
  endfacet
  facet normal 6.686979302501108e-17 -0.09390897687587796 0.9955807873106661
    outer loop
      vertex 14.39999999701977 -55.32 3
      vertex 5.891000615738225 -49.067018701314545 3.5898176056307465
      vertex 5.629165124598851 -49.57 3.542373480805031
    endloop
  endfacet
  facet normal 2.2094316867465577e-16 -0.09390897687587792 0.9955807873106661
    outer loop
      vertex 14.39999999701977 -55.32 3
      vertex 6.108002035108405 -48.543130931616844 3.639233750535464
      vertex 5.891000615738225 -49.067018701314545 3.5898176056307465
    endloop
  endfacet
  facet normal 2.6702527893821465e-16 -0.09390897687587771 0.9955807873106661
    outer loop
      vertex 14.39999999701977 -55.32 3
      vertex 6.278517870878944 -48.00232379316638 3.690245828818174
      vertex 6.108002035108405 -48.543130931616844 3.639233750535464
    endloop
  endfacet
  facet normal -7.556012731090702e-17 -0.09390897687587818 0.9955807873106661
    outer loop
      vertex 14.39999999701977 -55.32 3
      vertex 6.401250394579352 -47.44871315483505 3.742465607761211
      vertex 6.278517870878944 -48.00232379316638 3.690245828818174
    endloop
  endfacet
  facet normal -4.599487683146391e-17 -0.09390897687587814 0.9955807873106661
    outer loop
      vertex 14.39999999701977 -55.32 3
      vertex 6.475265537596346 -46.886512327859776 3.7954956633156534
      vertex 6.401250394579352 -47.44871315483505 3.742465607761211
    endloop
  endfacet
  facet normal -1.788059624414241e-15 -0.09390897687587979 0.9955807873106659
    outer loop
      vertex 14.39999999701977 -55.32 3
      vertex 6.5 -46.32 3.8489324047383096
      vertex 6.475265537596346 -46.886512327859776 3.7954956633156534
    endloop
  endfacet
  facet normal 1.6728791468909138e-15 -0.09390897687587645 0.9955807873106665
    outer loop
      vertex 14.39999999701977 -55.32 3
      vertex 6.475265537596346 -45.753487672140224 3.902369146160964
      vertex 6.5 -46.32 3.8489324047383096
    endloop
  endfacet
  facet normal -1.5689856524560447e-17 -0.09390897687587782 0.9955807873106661
    outer loop
      vertex 14.39999999701977 -55.32 3
      vertex 6.401250394579352 -45.19128684516495 3.9553992017154065
      vertex 6.475265537596346 -45.753487672140224 3.902369146160964
    endloop
  endfacet
  facet normal -1.205468564161135e-16 -0.09390897687587813 0.9955807873106661
    outer loop
      vertex 14.39999999701977 -55.32 3
      vertex 6.278517870878944 -44.63767620683362 4.007618980658443
      vertex 6.401250394579352 -45.19128684516495 3.9553992017154065
    endloop
  endfacet
  facet normal 1.0316216665416179e-15 -0.09390897687587796 0.9955807873106661
    outer loop
      vertex 14.39999999701977 -55.32 3
      vertex 6.108002035108405 -44.09686906838316 4.058631058941153
      vertex 6.278517870878944 -44.63767620683362 4.007618980658443
    endloop
  endfacet
  facet normal -3.854130457971429e-15 -0.09390897687588094 0.9955807873106658
    outer loop
      vertex 14.39999999701977 -55.32 3
      vertex 5.891000615738225 -43.572981298685455 4.108047203845872
      vertex 6.108002035108405 -44.09686906838316 4.058631058941153
    endloop
  endfacet
  facet normal 0 0 -1
    outer loop
      vertex 14.835778711736204 -55.30097348958254 0
      vertex 16.513091309368612 -54.85153893351555 0
      vertex 15.268240882456304 -55.24403876781464 0
    endloop
  endfacet
  facet normal 0 0 -1
    outer loop
      vertex 15.268240882456304 -55.24403876781464 0
      vertex 16.110100714862348 -55.01846310466528 0
      vertex 15.69409522265196 -55.14962913066149 0
    endloop
  endfacet
  facet normal 0.043619389272507574 -0.9990482214985889 0
    outer loop
      vertex 14.39999999701977 -55.32 0
      vertex 14.835778711736204 -55.30097348958254 0
      vertex 14.39999999701977 -55.32 3
    endloop
  endfacet
  facet normal 0.13052618519033563 -0.9914448622992901 0
    outer loop
      vertex 14.835778711736204 -55.30097348958254 0
      vertex 15.268240882456304 -55.24403876781464 0
      vertex 15.268240882456304 -55.24403876781464 3
    endloop
  endfacet
  facet normal 0.2164396202061085 -0.9762960057303499 0
    outer loop
      vertex 15.268240882456304 -55.24403876781464 0
      vertex 15.69409522265196 -55.14962913066149 0
      vertex 15.69409522265196 -55.14962913066149 3
    endloop
  endfacet
  facet normal 0.3007057956158277 -0.9537169519742491 0
    outer loop
      vertex 15.69409522265196 -55.14962913066149 0
      vertex 16.110100714862348 -55.01846310466528 0
      vertex 15.69409522265196 -55.14962913066149 3
    endloop
  endfacet
  facet normal 0 0 -1
    outer loop
      vertex 15.268240882456304 -55.24403876781464 0
      vertex 16.513091309368612 -54.85153893351555 0
      vertex 16.110100714862348 -55.01846310466528 0
    endloop
  endfacet
  facet normal 0 0 -1
    outer loop
      vertex 14.835778711736204 -55.30097348958254 0
      vertex 18.495760215818883 -53.18788218468428 0
      vertex 16.513091309368612 -54.85153893351555 0
    endloop
  endfacet
  facet normal 0 0 -1
    outer loop
      vertex 16.513091309368612 -54.85153893351555 0
      vertex 17.267882181704046 -54.415760218799115 0
      vertex 16.89999999701977 -54.65012701570988 0
    endloop
  endfacet
  facet normal 0 0 -1
    outer loop
      vertex 16.513091309368612 -54.85153893351555 0
      vertex 17.613938046991827 -54.150222219228745 0
      vertex 17.267882181704046 -54.415760218799115 0
    endloop
  endfacet
  facet normal 0 0 -1
    outer loop
      vertex 16.513091309368612 -54.85153893351555 0
      vertex 18.495760215818883 -53.18788218468428 0
      vertex 17.613938046991827 -54.150222219228745 0
    endloop
  endfacet
  facet normal 0 0 -1
    outer loop
      vertex 17.613938046991827 -54.150222219228745 0
      vertex 18.230222216248514 -53.53393804997206 0
      vertex 17.935533902049066 -53.8555339050293 0
    endloop
  endfacet
  facet normal 0 0 -1
    outer loop
      vertex 17.613938046991827 -54.150222219228745 0
      vertex 18.495760215818883 -53.18788218468428 0
      vertex 18.230222216248514 -53.53393804997206 0
    endloop
  endfacet
  facet normal 0 0 -1
    outer loop
      vertex 18.495760215818883 -53.18788218468428 0
      vertex 19.09846310168505 -52.03010071784258 0
      vertex 18.730127012729646 -52.82 0
    endloop
  endfacet
  facet normal 0 0 -1
    outer loop
      vertex 18.730127012729646 -52.82 0
      vertex 19.09846310168505 -52.03010071784258 0
      vertex 18.931538930535318 -52.43309131234884 0
    endloop
  endfacet
  facet normal 0 0 -1
    outer loop
      vertex 18.495760215818883 -53.18788218468428 0
      vertex 19.380973486602308 -50.755778714716435 0
      vertex 19.09846310168505 -52.03010071784258 0
    endloop
  endfacet
  facet normal 0.38268343509767255 -0.9238795313794139 0
    outer loop
      vertex 16.110100714862348 -55.01846310466528 0
      vertex 16.513091309368612 -54.85153893351555 0
      vertex 16.110100714862348 -55.01846310466528 3
    endloop
  endfacet
  facet normal 0.4617486194440415 -0.8870108299460169 0
    outer loop
      vertex 16.513091309368612 -54.85153893351555 0
      vertex 16.89999999701977 -54.65012701570988 0
      vertex 16.89999999701977 -54.65012701570988 3
    endloop
  endfacet
  facet normal 0.5372996043801359 -0.8433914483399447 0
    outer loop
      vertex 16.89999999701977 -54.65012701570988 0
      vertex 17.267882181704046 -54.415760218799115 0
      vertex 16.89999999701977 -54.65012701570988 3
    endloop
  endfacet
  facet normal 0.6087614214860659 -0.7933533460635712 0
    outer loop
      vertex 17.267882181704046 -54.415760218799115 0
      vertex 17.613938046991827 -54.150222219228745 0
      vertex 17.613938046991827 -54.150222219228745 3
    endloop
  endfacet
  facet normal 0.6755902160594426 -0.7372773290728231 0
    outer loop
      vertex 17.613938046991827 -54.150222219228745 0
      vertex 17.935533902049066 -53.8555339050293 0
      vertex 17.935533902049066 -53.8555339050293 3
    endloop
  endfacet
  facet normal 0.7372773290728231 -0.6755902160594426 0
    outer loop
      vertex 17.935533902049066 -53.8555339050293 0
      vertex 18.230222216248514 -53.53393804997206 0
      vertex 17.935533902049066 -53.8555339050293 3
    endloop
  endfacet
  facet normal 0.7933533460635712 -0.6087614214860659 0
    outer loop
      vertex 18.230222216248514 -53.53393804997206 0
      vertex 18.495760215818883 -53.18788218468428 0
      vertex 18.230222216248514 -53.53393804997206 3
    endloop
  endfacet
  facet normal 0.8433914483399447 -0.5372996043801359 0
    outer loop
      vertex 18.495760215818883 -53.18788218468428 0
      vertex 18.730127012729646 -52.82 0
      vertex 18.730127012729646 -52.82 3
    endloop
  endfacet
  facet normal 0.8870108299460169 -0.4617486194440415 0
    outer loop
      vertex 18.730127012729646 -52.82 0
      vertex 18.931538930535318 -52.43309131234884 0
      vertex 18.931538930535318 -52.43309131234884 3
    endloop
  endfacet
  facet normal 0.9238795313794139 -0.38268343509767255 0
    outer loop
      vertex 18.931538930535318 -52.43309131234884 0
      vertex 19.09846310168505 -52.03010071784258 0
      vertex 18.931538930535318 -52.43309131234884 3
    endloop
  endfacet
  facet normal 0.043619389272507574 -0.9990482214985889 0
    outer loop
      vertex 14.835778711736204 -55.30097348958254 0
      vertex 14.835778711736204 -55.30097348958254 3
      vertex 14.39999999701977 -55.32 3
    endloop
  endfacet
  facet normal 0.13052618519033563 -0.9914448622992901 0
    outer loop
      vertex 14.835778711736204 -55.30097348958254 0
      vertex 15.268240882456304 -55.24403876781464 3
      vertex 14.835778711736204 -55.30097348958254 3
    endloop
  endfacet
  facet normal 0.2164396202061085 -0.9762960057303499 0
    outer loop
      vertex 15.268240882456304 -55.24403876781464 0
      vertex 15.69409522265196 -55.14962913066149 3
      vertex 15.268240882456304 -55.24403876781464 3
    endloop
  endfacet
  facet normal 0.3007057956158277 -0.9537169519742491 0
    outer loop
      vertex 16.110100714862348 -55.01846310466528 0
      vertex 16.110100714862348 -55.01846310466528 3
      vertex 15.69409522265196 -55.14962913066149 3
    endloop
  endfacet
  facet normal 0.38268343509767255 -0.9238795313794139 0
    outer loop
      vertex 16.513091309368612 -54.85153893351555 0
      vertex 16.513091309368612 -54.85153893351555 3
      vertex 16.110100714862348 -55.01846310466528 3
    endloop
  endfacet
  facet normal 0.4617486194440415 -0.8870108299460169 0
    outer loop
      vertex 16.513091309368612 -54.85153893351555 0
      vertex 16.89999999701977 -54.65012701570988 3
      vertex 16.513091309368612 -54.85153893351555 3
    endloop
  endfacet
  facet normal 0.5372996043801359 -0.8433914483399447 0
    outer loop
      vertex 17.267882181704046 -54.415760218799115 0
      vertex 17.267882181704046 -54.415760218799115 3
      vertex 16.89999999701977 -54.65012701570988 3
    endloop
  endfacet
  facet normal 0.6087614214860659 -0.7933533460635712 0
    outer loop
      vertex 17.267882181704046 -54.415760218799115 0
      vertex 17.613938046991827 -54.150222219228745 3
      vertex 17.267882181704046 -54.415760218799115 3
    endloop
  endfacet
  facet normal 0.6755902160594426 -0.7372773290728231 0
    outer loop
      vertex 17.613938046991827 -54.150222219228745 0
      vertex 17.935533902049066 -53.8555339050293 3
      vertex 17.613938046991827 -54.150222219228745 3
    endloop
  endfacet
  facet normal 0.7372773290728231 -0.6755902160594426 0
    outer loop
      vertex 18.230222216248514 -53.53393804997206 0
      vertex 18.230222216248514 -53.53393804997206 3
      vertex 17.935533902049066 -53.8555339050293 3
    endloop
  endfacet
  facet normal 0.7933533460635712 -0.6087614214860659 0
    outer loop
      vertex 18.495760215818883 -53.18788218468428 0
      vertex 18.495760215818883 -53.18788218468428 3
      vertex 18.230222216248514 -53.53393804997206 3
    endloop
  endfacet
  facet normal 0.8433914483399447 -0.5372996043801359 0
    outer loop
      vertex 18.495760215818883 -53.18788218468428 0
      vertex 18.730127012729646 -52.82 3
      vertex 18.495760215818883 -53.18788218468428 3
    endloop
  endfacet
  facet normal 0.8870108299460169 -0.4617486194440415 0
    outer loop
      vertex 18.730127012729646 -52.82 0
      vertex 18.931538930535318 -52.43309131234884 3
      vertex 18.730127012729646 -52.82 3
    endloop
  endfacet
  facet normal 0.9238795313794139 -0.38268343509767255 0
    outer loop
      vertex 19.09846310168505 -52.03010071784258 0
      vertex 19.09846310168505 -52.03010071784258 3
      vertex 18.931538930535318 -52.43309131234884 3
    endloop
  endfacet
  facet normal 0 0 -1
    outer loop
      vertex 19.09846310168505 -52.03010071784258 0
      vertex 19.324038764834405 -51.188240885436535 0
      vertex 19.229629127681257 -51.61409522563219 0
    endloop
  endfacet
  facet normal 0.9537169519742491 -0.3007057956158277 0
    outer loop
      vertex 19.09846310168505 -52.03010071784258 0
      vertex 19.229629127681257 -51.61409522563219 0
      vertex 19.229629127681257 -51.61409522563219 3
    endloop
  endfacet
  facet normal 0 0 -1
    outer loop
      vertex 19.09846310168505 -52.03010071784258 0
      vertex 19.380973486602308 -50.755778714716435 0
      vertex 19.324038764834405 -51.188240885436535 0
    endloop
  endfacet
  facet normal 0.9762960057303499 -0.2164396202061085 0
    outer loop
      vertex 19.229629127681257 -51.61409522563219 0
      vertex 19.324038764834405 -51.188240885436535 0
      vertex 19.229629127681257 -51.61409522563219 3
    endloop
  endfacet
  facet normal 0.9914448622992901 -0.13052618519033563 0
    outer loop
      vertex 19.324038764834405 -51.188240885436535 0
      vertex 19.380973486602308 -50.755778714716435 0
      vertex 19.380973486602308 -50.755778714716435 3
    endloop
  endfacet
  facet normal 0.9537169519742491 -0.3007057956158277 0
    outer loop
      vertex 19.09846310168505 -52.03010071784258 0
      vertex 19.229629127681257 -51.61409522563219 3
      vertex 19.09846310168505 -52.03010071784258 3
    endloop
  endfacet
  facet normal 0.9762960057303499 -0.2164396202061085 0
    outer loop
      vertex 19.324038764834405 -51.188240885436535 0
      vertex 19.324038764834405 -51.188240885436535 3
      vertex 19.229629127681257 -51.61409522563219 3
    endloop
  endfacet
  facet normal 0.9914448622992901 -0.13052618519033563 0
    outer loop
      vertex 19.324038764834405 -51.188240885436535 0
      vertex 19.380973486602308 -50.755778714716435 3
      vertex 19.324038764834405 -51.188240885436535 3
    endloop
  endfacet
  facet normal 0 0 -1
    outer loop
      vertex 18.495760215818883 -53.18788218468428 0
      vertex 25.4 0 0
      vertex 19.380973486602308 -50.755778714716435 0
    endloop
  endfacet
  facet normal 0.9917807639092608 -0.12794888174408942 0
    outer loop
      vertex 19.380973486602308 -50.755778714716435 0
      vertex 25.4 -4.1 4.1
      vertex 19.380973486602308 -50.755778714716435 3
    endloop
  endfacet
  facet normal 0.9896136575293518 -0.13028510252198827 0.060750315984476104
    outer loop
      vertex 19.324038764834405 -51.188240885436535 3
      vertex 19.380973486602308 -50.755778714716435 3
      vertex 25.4 -3.7158619268502644 5.832734873136867
    endloop
  endfacet
  facet normal 2.0328322540375948e-15 -0.09390897687587897 0.9955807873106661
    outer loop
      vertex 25.4 -0.35733854526539843 8.184398262176156
      vertex 4.59619407771256 -41.72380592228744 4.2824721926312534
      vertex 4.979288880273357 -42.141880537037494 4.2430369606246074
    endloop
  endfacet
  facet normal -6.022699709152714e-16 -0.09390897687587793 0.9955807873106661
    outer loop
      vertex 25.4 -0.35733854526539843 8.184398262176156
      vertex 4.979288880273357 -42.141880537037494 4.2430369606246074
      vertex 5.324488287878447 -42.5917531637182 4.2006023549808305
    endloop
  endfacet
  facet normal -6.38286140160308e-16 -0.09390897687587832 0.995580787310666
    outer loop
      vertex 25.4 -0.35733854526539843 8.184398262176156
      vertex 5.629165124598851 -43.07 4.155491328671587
      vertex 5.891000615738225 -43.572981298685455 4.108047203845872
    endloop
  endfacet
  facet normal -1.2642995254405196e-15 -0.09390897687587754 0.9955807873106661
    outer loop
      vertex 25.4 -0.35733854526539843 8.184398262176156
      vertex 5.324488287878447 -42.5917531637182 4.2006023549808305
      vertex 5.629165124598851 -43.07 4.155491328671587
    endloop
  endfacet
  facet normal 2.811440678527002e-17 -0.09390897687587808 0.9955807873106662
    outer loop
      vertex 14.39999999701977 -55.32 3
      vertex 25.4 -0.35733854526539843 8.184398262176156
      vertex 5.891000615738225 -43.572981298685455 4.108047203845872
    endloop
  endfacet
  facet normal 0.0041359398217466585 -0.09472859184998972 0.9954945443787772
    outer loop
      vertex 14.39999999701977 -55.32 3
      vertex 14.835778711736204 -55.30097348958254 3
      vertex 25.4 -0.35733854526539843 8.184398262176156
    endloop
  endfacet
  facet normal 0.01268482413234974 -0.09635081035157204 0.9952666057802435
    outer loop
      vertex 14.835778711736204 -55.30097348958254 3
      vertex 15.268240882456304 -55.24403876781464 3
      vertex 25.4 -0.35733854526539843 8.184398262176156
    endloop
  endfacet
  facet normal 0.021723742266029702 -0.09798946599353629 0.9949503221650118
    outer loop
      vertex 15.268240882456304 -55.24403876781464 3
      vertex 15.69409522265196 -55.14962913066149 3
      vertex 25.4 -0.35733854526539843 8.184398262176156
    endloop
  endfacet
  facet normal 0.031425093457386005 -0.0996676644901572 0.9945244190849575
    outer loop
      vertex 15.69409522265196 -55.14962913066149 3
      vertex 16.110100714862348 -55.01846310466528 3
      vertex 25.4 -0.35733854526539843 8.184398262176156
    endloop
  endfacet
  facet normal 0.04200630719153445 -0.1014121956786276 0.9939572610146625
    outer loop
      vertex 16.110100714862348 -55.01846310466528 3
      vertex 16.513091309368612 -54.85153893351555 3
      vertex 25.4 -0.35733854526539843 8.184398262176156
    endloop
  endfacet
  facet normal 0.053751512591654727 -0.10325569322152672 0.9932014079286492
    outer loop
      vertex 16.513091309368612 -54.85153893351555 3
      vertex 16.89999999701977 -54.65012701570988 3
      vertex 25.4 -0.35733854526539843 8.184398262176156
    endloop
  endfacet
  facet normal 0.06704514235355401 -0.10523979406044054 0.9921842241403095
    outer loop
      vertex 16.89999999701977 -54.65012701570988 3
      vertex 17.267882181704046 -54.415760218799115 3
      vertex 25.4 -0.35733854526539843 8.184398262176156
    endloop
  endfacet
  facet normal 0.08242625864459338 -0.10741999376300215 0.9907910258100904
    outer loop
      vertex 17.267882181704046 -54.415760218799115 3
      vertex 17.613938046991827 -54.150222219228745 3
      vertex 25.4 -0.35733854526539843 8.184398262176156
    endloop
  endfacet
  facet normal 0.1006804741830099 -0.10987345484130531 0.9888332852607259
    outer loop
      vertex 17.613938046991827 -54.150222219228745 3
      vertex 17.935533902049066 -53.8555339050293 3
      vertex 25.4 -0.35733854526539843 8.184398262176156
    endloop
  endfacet
  facet normal 0.12300368891058673 -0.11271211725947931 0.9859848229751171
    outer loop
      vertex 17.935533902049066 -53.8555339050293 3
      vertex 18.230222216248514 -53.53393804997206 3
      vertex 25.4 -0.35733854526539843 8.184398262176156
    endloop
  endfacet
  facet normal 0.15131183391020778 -0.11610565148036903 0.9816436250559817
    outer loop
      vertex 18.230222216248514 -53.53393804997206 3
      vertex 18.495760215818883 -53.18788218468428 3
      vertex 25.4 -0.35733854526539843 8.184398262176156
    endloop
  endfacet
  facet normal 0.1888692357053534 -0.1203229720004961 0.9746028905215927
    outer loop
      vertex 18.495760215818883 -53.18788218468428 3
      vertex 18.730127012729646 -52.82 3
      vertex 25.4 -0.35733854526539843 8.184398262176156
    endloop
  endfacet
  facet normal 0.24167384171983503 -0.1258074411297358 0.962167470861889
    outer loop
      vertex 18.730127012729646 -52.82 3
      vertex 18.931538930535318 -52.43309131234884 3
      vertex 25.4 -0.35733854526539843 8.184398262176156
    endloop
  endfacet
  facet normal 0.3220006638299968 -0.1333770431673185 0.9372972510623216
    outer loop
      vertex 18.931538930535318 -52.43309131234884 3
      vertex 19.09846310168505 -52.03010071784258 3
      vertex 25.4 -0.7119575284344143 8.137711787350053
    endloop
  endfacet
  facet normal 0.45659067856827285 -0.14396248591935512 0.8779520231154341
    outer loop
      vertex 19.09846310168505 -52.03010071784258 3
      vertex 19.229629127681257 -51.61409522563219 3
      vertex 25.4 -0.7119575284344143 8.137711787350053
    endloop
  endfacet
  facet normal 0.7001501530777317 -0.15521955670199467 0.6969194016258017
    outer loop
      vertex 19.229629127681257 -51.61409522563219 3
      vertex 19.324038764834405 -51.188240885436535 3
      vertex 25.4 -1.061158084920335 8.06029588778518
    endloop
  endfacet
  facet normal 0 0 -1
    outer loop
      vertex 18.495760215818883 -53.18788218468428 0
      vertex -14.1 -6.6 0
      vertex 14.1 -6.6 0
    endloop
  endfacet
  facet normal 0 0 -1
    outer loop
      vertex -14.1 0 0
      vertex 14.1 0 0
      vertex 14.1 -6.6 0
    endloop
  endfacet
  facet normal 0 0.043619387365335424 -0.9990482215818577
    outer loop
      vertex -14.1 0.35733854526539843 0.01560173782384311
      vertex 14.1 0.35733854526539843 0.01560173782384311
      vertex 14.1 0 0
    endloop
  endfacet
  facet normal 0 0.1305261922200526 -0.9914448613738103
    outer loop
      vertex -14.1 0.7119575284344143 0.062288212649947106
      vertex 14.1 0.7119575284344143 0.062288212649947106
      vertex 14.1 0.35733854526539843 0.01560173782384311
    endloop
  endfacet
  facet normal 0 0.2164396139381016 -0.9762960071199337
    outer loop
      vertex -14.1 1.061158084920335 0.1397041122148197
      vertex 14.1 1.061158084920335 0.1397041122148197
      vertex 14.1 0.7119575284344143 0.062288212649947106
    endloop
  endfacet
  facet normal 0 0.3007057995042739 -0.9537169507482267
    outer loop
      vertex -14.1 1.4022825876352416 0.24726025477777558
      vertex 14.1 1.4022825876352416 0.24726025477777558
      vertex 14.1 1.061158084920335 0.1397041122148197
    endloop
  endfacet
  facet normal 0 0.3826834323650901 -0.9238795325112866
    outer loop
      vertex -14.1 1.7327348731368675 0.38413807314973525
      vertex 14.1 1.7327348731368675 0.38413807314973525
      vertex 14.1 1.4022825876352416 0.24726025477777558
    endloop
  endfacet
  facet normal 0 0.46174861323503436 -0.8870108331782214
    outer loop
      vertex -14.1 2.05 0.5492958444838019
      vertex 14.1 2.05 0.5492958444838019
      vertex 14.1 1.7327348731368675 0.38413807314973525
    endloop
  endfacet
  facet normal 0 0.5372996083468229 -0.8433914458128863
    outer loop
      vertex 14.1 2.3516633890392886 0.7414766184151333
      vertex 14.1 2.05 0.5492958444838019
      vertex -14.1 2.3516633890392886 0.7414766184151333
    endloop
  endfacet
  facet normal 0 0.6087614290087213 -0.7933533402912347
    outer loop
      vertex -14.1 2.6354291997148107 0.95921778321219
      vertex 14.1 2.6354291997148107 0.95921778321219
      vertex 14.1 2.3516633890392886 0.7414766184151333
    endloop
  endfacet
  facet normal 0 0.6755902076156589 -0.7372773368101252
    outer loop
      vertex -14.1 2.899137802864845 1.2008621971351547
      vertex 14.1 2.899137802864845 1.2008621971351547
      vertex 14.1 2.6354291997148107 0.95921778321219
    endloop
  endfacet
  facet normal 0 0.7372773368101252 -0.6755902076156589
    outer loop
      vertex 14.1 3.1407822167878097 1.464570800285189
      vertex 14.1 2.899137802864845 1.2008621971351547
      vertex -14.1 3.1407822167878097 1.464570800285189
    endloop
  endfacet
  facet normal 0 0.7933533402912347 -0.6087614290087213
    outer loop
      vertex -14.1 3.3585233815848663 1.748336610960711
      vertex 14.1 3.3585233815848663 1.748336610960711
      vertex 14.1 3.1407822167878097 1.464570800285189
    endloop
  endfacet
  facet normal 0 0.8433914458128863 -0.5372996083468229
    outer loop
      vertex -14.1 3.550704155516198 2.05
      vertex 14.1 3.550704155516198 2.05
      vertex 14.1 3.3585233815848663 1.748336610960711
    endloop
  endfacet
  facet normal 0 0.8870108331782214 -0.46174861323503436
    outer loop
      vertex -14.1 3.7158619268502644 2.367265126863132
      vertex 14.1 3.7158619268502644 2.367265126863132
      vertex 14.1 3.550704155516198 2.05
    endloop
  endfacet
  facet normal 0 0.9238795325112866 -0.3826834323650899
    outer loop
      vertex -14.1 3.852739745222224 2.6977174123647583
      vertex 14.1 3.852739745222224 2.6977174123647583
      vertex 14.1 3.7158619268502644 2.367265126863132
    endloop
  endfacet
  facet normal 0 0.9537169507482267 -0.30070579950427406
    outer loop
      vertex -14.1 3.96029588778518 3.0388419150796646
      vertex 14.1 3.96029588778518 3.0388419150796646
      vertex 14.1 3.852739745222224 2.6977174123647583
    endloop
  endfacet
  facet normal 0 0.9762960071199337 -0.21643961393810168
    outer loop
      vertex -14.1 4.0377117873500525 3.3880424715655852
      vertex 14.1 4.0377117873500525 3.3880424715655852
      vertex 14.1 3.96029588778518 3.0388419150796646
    endloop
  endfacet
  facet normal 0 0.9914448613738103 -0.1305261922200526
    outer loop
      vertex -14.1 4.0843982621761565 3.742661454734601
      vertex 14.1 4.0843982621761565 3.742661454734601
      vertex 14.1 4.0377117873500525 3.3880424715655852
    endloop
  endfacet
  facet normal 0 0.9990482215818577 -0.0436193873653354
    outer loop
      vertex -14.1 4.1 4.1
      vertex 14.1 4.1 4.1
      vertex 14.1 4.0843982621761565 3.742661454734601
    endloop
  endfacet
  facet normal 0 0 -1
    outer loop
      vertex 18.495760215818883 -53.18788218468428 0
      vertex 14.1 -6.6 0
      vertex 19.9 -6.6 0
    endloop
  endfacet
  facet normal 0 0 -1
    outer loop
      vertex 18.495760215818883 -53.18788218468428 0
      vertex 19.9 -6.6 0
      vertex 25.4 0 0
    endloop
  endfacet
  facet normal 0.9754004360069889 -0.11844256433036514 -0.18591758494618812
    outer loop
      vertex 19.380973486602308 -50.755778714716435 0
      vertex 25.4 -2.05 0.5492958444838019
      vertex 25.4 -2.3516633890392886 0.7414766184151333
    endloop
  endfacet
  facet normal 0.9805300481296118 -0.11954193591341475 -0.15579008400092156
    outer loop
      vertex 19.380973486602308 -50.755778714716435 0
      vertex 25.4 -2.3516633890392886 0.7414766184151333
      vertex 25.4 -2.6354291997148107 0.95921778321219
    endloop
  endfacet
  facet normal 0.983976094506547 -0.12045802850293406 -0.13145687052729296
    outer loop
      vertex 19.380973486602308 -50.755778714716435 0
      vertex 25.4 -2.6354291997148107 0.95921778321219
      vertex 25.4 -2.899137802864845 1.2008621971351547
    endloop
  endfacet
  facet normal 0.9863797013466592 -0.12127054625839016 -0.11112398202668464
    outer loop
      vertex 19.380973486602308 -50.755778714716435 0
      vertex 25.4 -2.899137802864845 1.2008621971351547
      vertex 25.4 -3.1407822167878097 1.464570800285189
    endloop
  endfacet
  facet normal 0.9893511689797166 -0.12275406602575148 -0.07820296485820585
    outer loop
      vertex 19.380973486602308 -50.755778714716435 0
      vertex 25.4 -3.3585233815848663 1.748336610960711
      vertex 25.4 -3.550704155516198 2.05
    endloop
  endfacet
  facet normal 0.9881003732954988 -0.12202602851280232 -0.09363386491376215
    outer loop
      vertex 19.380973486602308 -50.755778714716435 0
      vertex 25.4 -3.1407822167878097 1.464570800285189
      vertex 25.4 -3.3585233815848663 1.748336610960711
    endloop
  endfacet
  facet normal 0.9902637670691004 -0.12347519481356624 -0.06427711798040109
    outer loop
      vertex 19.380973486602308 -50.755778714716435 0
      vertex 25.4 -3.550704155516198 2.05
      vertex 25.4 -3.7158619268502644 2.367265126863132
    endloop
  endfacet
  facet normal 0.9909219273560549 -0.12420505963200248 -0.05144742021493423
    outer loop
      vertex 19.380973486602308 -50.755778714716435 0
      vertex 25.4 -3.7158619268502644 2.367265126863132
      vertex 25.4 -3.852739745222224 2.6977174123647583
    endloop
  endfacet
  facet normal 0.9913796139899128 -0.12495679765037178 -0.039398726961359376
    outer loop
      vertex 19.380973486602308 -50.755778714716435 0
      vertex 25.4 -3.852739745222224 2.6977174123647583
      vertex 25.4 -3.96029588778518 3.0388419150796646
    endloop
  endfacet
  facet normal 0.7385627717324876 -0.08799876392177038 -0.6684169729735069
    outer loop
      vertex 19.380973486602308 -50.755778714716435 0
      vertex 25.4 -0.35733854526539843 0.01560173782384311
      vertex 25.4 -0.7119575284344143 0.062288212649947106
    endloop
  endfacet
  facet normal 0.87525479401103 -0.1046836423587425 -0.47219739578190856
    outer loop
      vertex 19.380973486602308 -50.755778714716435 0
      vertex 25.4 -0.7119575284344143 0.062288212649947106
      vertex 25.4 -1.061158084920335 0.1397041122148197
    endloop
  endfacet
  facet normal 0.9287240104974792 -0.11149322432810556 -0.35361133077773527
    outer loop
      vertex 19.380973486602308 -50.755778714716435 0
      vertex 25.4 -1.061158084920335 0.1397041122148197
      vertex 25.4 -1.4022825876352416 0.24726025477777558
    endloop
  endfacet
  facet normal 0.9538309959199147 -0.11493661731234589 -0.27748154032875605
    outer loop
      vertex 19.380973486602308 -50.755778714716435 0
      vertex 25.4 -1.4022825876352416 0.24726025477777558
      vertex 25.4 -1.7327348731368675 0.38413807314973525
    endloop
  endfacet
  facet normal 0.3452110469858215 -0.04093788918507866 -0.9376318159427095
    outer loop
      vertex 19.380973486602308 -50.755778714716435 0
      vertex 25.4 0 0
      vertex 25.4 -0.35733854526539843 0.01560173782384311
    endloop
  endfacet
  facet normal 0.967359573194374 -0.11701064834553611 -0.22477536413707727
    outer loop
      vertex 19.380973486602308 -50.755778714716435 0
      vertex 25.4 -1.7327348731368675 0.38413807314973525
      vertex 25.4 -2.05 0.5492958444838019
    endloop
  endfacet
  facet normal 0.9916711736583316 -0.12574254191657905 -0.027876450410062696
    outer loop
      vertex 19.380973486602308 -50.755778714716435 0
      vertex 25.4 -3.96029588778518 3.0388419150796646
      vertex 25.4 -4.0377117873500525 3.3880424715655852
    endloop
  endfacet
  facet normal 0.9918171269023012 -0.12657449560317963 -0.016663848477023804
    outer loop
      vertex 19.380973486602308 -50.755778714716435 0
      vertex 25.4 -4.0377117873500525 3.3880424715655852
      vertex 25.4 -4.0843982621761565 3.742661454734601
    endloop
  endfacet
  facet normal 0.9918273490596855 -0.12746582810818466 -0.005565278243817557
    outer loop
      vertex 19.380973486602308 -50.755778714716435 0
      vertex 25.4 -4.0843982621761565 3.742661454734601
      vertex 25.4 -4.1 4.1
    endloop
  endfacet
  facet normal 0.991748518659707 -0.12807656266575929 0.005591943490466547
    outer loop
      vertex 19.380973486602308 -50.755778714716435 3
      vertex 25.4 -4.1 4.1
      vertex 25.4 -4.0843982621761565 4.457338545265398
    endloop
  endfacet
  facet normal 0.9915773613259151 -0.12840775162715606 0.016905201211296926
    outer loop
      vertex 19.380973486602308 -50.755778714716435 3
      vertex 25.4 -4.0843982621761565 4.457338545265398
      vertex 25.4 -4.0377117873500525 4.811957528434414
    endloop
  endfacet
  facet normal 0 0 -1
    outer loop
      vertex 25.4 0 0
      vertex 19.9 -6.6 0
      vertex 19.9 0 0
    endloop
  endfacet
  facet normal 0 0.04361938736533543 -0.9990482215818578
    outer loop
      vertex 25.4 0 0
      vertex 19.9 0 0
      vertex 19.9 0.35733854526539843 0.01560173782384311
    endloop
  endfacet
  facet normal 0 0.1305261922200526 -0.9914448613738103
    outer loop
      vertex 25.4 0.35733854526539843 0.01560173782384311
      vertex 19.9 0.35733854526539843 0.01560173782384311
      vertex 19.9 0.7119575284344143 0.062288212649947106
    endloop
  endfacet
  facet normal 0 0.21643961393810163 -0.9762960071199337
    outer loop
      vertex 25.4 0.7119575284344143 0.062288212649947106
      vertex 19.9 0.7119575284344143 0.062288212649947106
      vertex 19.9 1.061158084920335 0.1397041122148197
    endloop
  endfacet
  facet normal 0 0.3007057995042739 -0.9537169507482267
    outer loop
      vertex 25.4 1.061158084920335 0.1397041122148197
      vertex 19.9 1.061158084920335 0.1397041122148197
      vertex 19.9 1.4022825876352416 0.24726025477777558
    endloop
  endfacet
  facet normal 0 0.38268343236509017 -0.9238795325112866
    outer loop
      vertex 25.4 1.4022825876352416 0.24726025477777558
      vertex 19.9 1.4022825876352416 0.24726025477777558
      vertex 19.9 1.7327348731368675 0.38413807314973525
    endloop
  endfacet
  facet normal 0 0.46174861323503436 -0.8870108331782215
    outer loop
      vertex 25.4 1.7327348731368675 0.38413807314973525
      vertex 19.9 1.7327348731368675 0.38413807314973525
      vertex 19.9 2.05 0.5492958444838019
    endloop
  endfacet
  facet normal 0 0.5372996083468228 -0.8433914458128864
    outer loop
      vertex 25.4 2.05 0.5492958444838019
      vertex 19.9 2.05 0.5492958444838019
      vertex 19.9 2.3516633890392886 0.7414766184151333
    endloop
  endfacet
  facet normal 0 0.6087614290087212 -0.7933533402912347
    outer loop
      vertex 25.4 2.3516633890392886 0.7414766184151333
      vertex 19.9 2.3516633890392886 0.7414766184151333
      vertex 19.9 2.6354291997148107 0.95921778321219
    endloop
  endfacet
  facet normal 9.496886702963644e-20 0.04361938736533543 -0.9990482215818578
    outer loop
      vertex 25.4 0 0
      vertex 19.9 0.35733854526539843 0.01560173782384311
      vertex 25.4 0.35733854526539843 0.01560173782384311
    endloop
  endfacet
  facet normal 1 0 0
    outer loop
      vertex 25.4 -0.7119575284344143 0.062288212649947106
      vertex 25.4 0 0
      vertex 25.4 -1.061158084920335 0.1397041122148197
    endloop
  endfacet
  facet normal 1 0 0
    outer loop
      vertex 25.4 -1.7327348731368675 0.38413807314973525
      vertex 25.4 -1.061158084920335 0.1397041122148197
      vertex 25.4 0 0
    endloop
  endfacet
  facet normal 1 0 0
    outer loop
      vertex 25.4 -0.7119575284344143 0.062288212649947106
      vertex 25.4 -0.35733854526539843 0.01560173782384311
      vertex 25.4 0 0
    endloop
  endfacet
  facet normal 1 0 0
    outer loop
      vertex 25.4 -1.7327348731368675 0.38413807314973525
      vertex 25.4 -1.4022825876352416 0.24726025477777558
      vertex 25.4 -1.061158084920335 0.1397041122148197
    endloop
  endfacet
  facet normal 1 0 0
    outer loop
      vertex 25.4 -1.7327348731368675 0.38413807314973525
      vertex 25.4 -2.3516633890392886 0.7414766184151333
      vertex 25.4 -2.05 0.5492958444838019
    endloop
  endfacet
  facet normal 1 0 0
    outer loop
      vertex 25.4 -1.7327348731368675 0.38413807314973525
      vertex 25.4 0 0
      vertex 25.4 -2.899137802864845 1.2008621971351547
    endloop
  endfacet
  facet normal 1 0 0
    outer loop
      vertex 25.4 -2.3516633890392886 0.7414766184151333
      vertex 25.4 -2.899137802864845 1.2008621971351547
      vertex 25.4 -2.6354291997148107 0.95921778321219
    endloop
  endfacet
  facet normal 1 0 0
    outer loop
      vertex 25.4 -1.7327348731368675 0.38413807314973525
      vertex 25.4 -2.899137802864845 1.2008621971351547
      vertex 25.4 -2.3516633890392886 0.7414766184151333
    endloop
  endfacet
  facet normal 1 0 0
    outer loop
      vertex 25.4 0 0
      vertex 25.4 0.35733854526539843 0.01560173782384311
      vertex 25.4 -1.8640840680909638 1.8784711149549636
    endloop
  endfacet
  facet normal 1 0 0
    outer loop
      vertex 25.4 0.35733854526539843 0.01560173782384311
      vertex 25.4 -0.9918584156444392 1.3748913997208652
      vertex 25.4 -1.45 1.588526329025128
    endloop
  endfacet
  facet normal 1 0 0
    outer loop
      vertex 25.4 0.35733854526539843 0.01560173782384311
      vertex 25.4 -0.503579715234098 1.2440575162645966
      vertex 25.4 -0.9918584156444392 1.3748913997208652
    endloop
  endfacet
  facet normal 1 0 0
    outer loop
      vertex 25.4 0.35733854526539843 0.01560173782384311
      vertex 25.4 0 1.1999999999999997
      vertex 25.4 -0.503579715234098 1.2440575162645966
    endloop
  endfacet
  facet normal 1 0 0
    outer loop
      vertex 25.4 0.35733854526539843 0.01560173782384311
      vertex 25.4 0.503579715234098 1.2440575162645966
      vertex 25.4 0 1.1999999999999997
    endloop
  endfacet
  facet normal 4.2369467064835517e-19 0.1305261922200526 -0.9914448613738103
    outer loop
      vertex 25.4 0.35733854526539843 0.01560173782384311
      vertex 19.9 0.7119575284344143 0.062288212649947106
      vertex 25.4 0.7119575284344143 0.062288212649947106
    endloop
  endfacet
  facet normal 1.4918247275407257e-19 0.21643961393810163 -0.9762960071199337
    outer loop
      vertex 25.4 0.7119575284344143 0.062288212649947106
      vertex 19.9 1.061158084920335 0.1397041122148197
      vertex 25.4 1.061158084920335 0.1397041122148197
    endloop
  endfacet
  facet normal 9.99774915955118e-19 0.3007057995042739 -0.9537169507482267
    outer loop
      vertex 25.4 1.061158084920335 0.1397041122148197
      vertex 19.9 1.4022825876352416 0.24726025477777558
      vertex 25.4 1.4022825876352416 0.24726025477777558
    endloop
  endfacet
  facet normal 1.1135575960723247e-19 0.38268343236509017 -0.9238795325112866
    outer loop
      vertex 25.4 1.4022825876352416 0.24726025477777558
      vertex 19.9 1.7327348731368675 0.38413807314973525
      vertex 25.4 1.7327348731368675 0.38413807314973525
    endloop
  endfacet
  facet normal 4.975283682952447e-19 0.46174861323503436 -0.8870108331782215
    outer loop
      vertex 25.4 1.7327348731368675 0.38413807314973525
      vertex 19.9 2.05 0.5492958444838019
      vertex 25.4 2.05 0.5492958444838019
    endloop
  endfacet
  facet normal 1 0 0
    outer loop
      vertex 25.4 0.35733854526539843 0.01560173782384311
      vertex 25.4 0.7119575284344143 0.062288212649947106
      vertex 25.4 1.061158084920335 0.1397041122148197
    endloop
  endfacet
  facet normal 1 0 0
    outer loop
      vertex 25.4 0.35733854526539843 0.01560173782384311
      vertex 25.4 1.061158084920335 0.1397041122148197
      vertex 25.4 1.7327348731368675 0.38413807314973525
    endloop
  endfacet
  facet normal 1 0 0
    outer loop
      vertex 25.4 1.061158084920335 0.1397041122148197
      vertex 25.4 1.4022825876352416 0.24726025477777558
      vertex 25.4 1.7327348731368675 0.38413807314973525
    endloop
  endfacet
  facet normal 5.217058208256493e-19 0.5372996083468228 -0.8433914458128864
    outer loop
      vertex 25.4 2.05 0.5492958444838019
      vertex 19.9 2.3516633890392886 0.7414766184151333
      vertex 25.4 2.3516633890392886 0.7414766184151333
    endloop
  endfacet
  facet normal -1.2355508514045337e-18 0.6087614290087212 -0.7933533402912347
    outer loop
      vertex 25.4 2.3516633890392886 0.7414766184151333
      vertex 19.9 2.6354291997148107 0.95921778321219
      vertex 25.4 2.6354291997148107 0.95921778321219
    endloop
  endfacet
  facet normal 1 0 0
    outer loop
      vertex 25.4 0.35733854526539843 0.01560173782384311
      vertex 25.4 1.7327348731368675 0.38413807314973525
      vertex 25.4 3.1407822167878097 1.464570800285189
    endloop
  endfacet
  facet normal 1 0 0
    outer loop
      vertex 25.4 1.7327348731368675 0.38413807314973525
      vertex 25.4 2.05 0.5492958444838019
      vertex 25.4 2.3516633890392886 0.7414766184151333
    endloop
  endfacet
  facet normal 1 0 0
    outer loop
      vertex 25.4 0.35733854526539843 0.01560173782384311
      vertex 25.4 0.9918584156444392 1.3748913997208652
      vertex 25.4 0.503579715234098 1.2440575162645966
    endloop
  endfacet
  facet normal 1 0 0
    outer loop
      vertex 25.4 0.35733854526539843 0.01560173782384311
      vertex 25.4 1.45 1.588526329025128
      vertex 25.4 0.9918584156444392 1.3748913997208652
    endloop
  endfacet
  facet normal 1 0 0
    outer loop
      vertex 25.4 1.7327348731368675 0.38413807314973525
      vertex 25.4 2.3516633890392886 0.7414766184151333
      vertex 25.4 3.1407822167878097 1.464570800285189
    endloop
  endfacet
  facet normal 1 0 0
    outer loop
      vertex 25.4 2.3516633890392886 0.7414766184151333
      vertex 25.4 2.6354291997148107 0.95921778321219
      vertex 25.4 2.899137802864845 1.2008621971351547
    endloop
  endfacet
  facet normal 0 0.675590207615659 -0.7372773368101253
    outer loop
      vertex 25.4 2.6354291997148107 0.95921778321219
      vertex 19.9 2.6354291997148107 0.95921778321219
      vertex 19.9 2.899137802864845 1.2008621971351547
    endloop
  endfacet
  facet normal 0 0.7372773368101253 -0.675590207615659
    outer loop
      vertex 25.4 2.899137802864845 1.2008621971351547
      vertex 19.9 2.899137802864845 1.2008621971351547
      vertex 19.9 3.1407822167878097 1.464570800285189
    endloop
  endfacet
  facet normal 0 0.7933533402912347 -0.6087614290087212
    outer loop
      vertex 25.4 3.1407822167878097 1.464570800285189
      vertex 19.9 3.1407822167878097 1.464570800285189
      vertex 19.9 3.3585233815848663 1.748336610960711
    endloop
  endfacet
  facet normal 0 0.8433914458128864 -0.5372996083468228
    outer loop
      vertex 25.4 3.3585233815848663 1.748336610960711
      vertex 19.9 3.3585233815848663 1.748336610960711
      vertex 19.9 3.550704155516198 2.05
    endloop
  endfacet
  facet normal 1 0 0
    outer loop
      vertex 25.4 -3.3585233815848663 1.748336610960711
      vertex 25.4 -3.1407822167878097 1.464570800285189
      vertex 25.4 -2.899137802864845 1.2008621971351547
    endloop
  endfacet
  facet normal 1 0 0
    outer loop
      vertex 25.4 0.35733854526539843 0.01560173782384311
      vertex 25.4 -1.45 1.588526329025128
      vertex 25.4 -1.8640840680909638 1.8784711149549636
    endloop
  endfacet
  facet normal 1 0 0
    outer loop
      vertex 25.4 0 0
      vertex 25.4 -1.8640840680909638 1.8784711149549636
      vertex 25.4 -2.221528885045036 2.2359159319090356
    endloop
  endfacet
  facet normal 1 0 0
    outer loop
      vertex 25.4 -3.3585233815848663 1.748336610960711
      vertex 25.4 -2.899137802864845 1.2008621971351547
      vertex 25.4 -3.7158619268502644 2.367265126863132
    endloop
  endfacet
  facet normal 1 0 0
    outer loop
      vertex 25.4 0 0
      vertex 25.4 -4.0843982621761565 3.742661454734601
      vertex 25.4 -2.899137802864845 1.2008621971351547
    endloop
  endfacet
  facet normal 1 0 0
    outer loop
      vertex 25.4 0 0
      vertex 25.4 -2.221528885045036 2.2359159319090356
      vertex 25.4 -4.0843982621761565 3.742661454734601
    endloop
  endfacet
  facet normal -1.045111383924313e-18 0.675590207615659 -0.7372773368101253
    outer loop
      vertex 25.4 2.6354291997148107 0.95921778321219
      vertex 19.9 2.899137802864845 1.2008621971351547
      vertex 25.4 2.899137802864845 1.2008621971351547
    endloop
  endfacet
  facet normal -1.045111383924313e-18 0.7372773368101253 -0.675590207615659
    outer loop
      vertex 25.4 2.899137802864845 1.2008621971351547
      vertex 19.9 3.1407822167878097 1.464570800285189
      vertex 25.4 3.1407822167878097 1.464570800285189
    endloop
  endfacet
  facet normal 1 0 0
    outer loop
      vertex 25.4 0.35733854526539843 0.01560173782384311
      vertex 25.4 1.8640840680909638 1.8784711149549636
      vertex 25.4 1.45 1.588526329025128
    endloop
  endfacet
  facet normal 1 0 0
    outer loop
      vertex 25.4 0.35733854526539843 0.01560173782384311
      vertex 25.4 3.1407822167878097 1.464570800285189
      vertex 25.4 1.8640840680909638 1.8784711149549636
    endloop
  endfacet
  facet normal 1 0 0
    outer loop
      vertex 25.4 2.3516633890392886 0.7414766184151333
      vertex 25.4 2.899137802864845 1.2008621971351547
      vertex 25.4 3.1407822167878097 1.464570800285189
    endloop
  endfacet
  facet normal -1.2355508514045337e-18 0.7933533402912347 -0.6087614290087212
    outer loop
      vertex 25.4 3.1407822167878097 1.464570800285189
      vertex 19.9 3.3585233815848663 1.748336610960711
      vertex 25.4 3.3585233815848663 1.748336610960711
    endloop
  endfacet
  facet normal 5.217058208256493e-19 0.8433914458128864 -0.5372996083468228
    outer loop
      vertex 25.4 3.3585233815848663 1.748336610960711
      vertex 19.9 3.550704155516198 2.05
      vertex 25.4 3.550704155516198 2.05
    endloop
  endfacet
  facet normal 1 0 0
    outer loop
      vertex 25.4 3.1407822167878097 1.464570800285189
      vertex 25.4 3.3585233815848663 1.748336610960711
      vertex 25.4 3.550704155516198 2.05
    endloop
  endfacet
  facet normal 1 0 0
    outer loop
      vertex 25.4 3.1407822167878097 1.464570800285189
      vertex 25.4 2.221528885045036 2.2359159319090356
      vertex 25.4 1.8640840680909638 1.8784711149549636
    endloop
  endfacet
  facet normal 1 0 0
    outer loop
      vertex 25.4 -3.3585233815848663 1.748336610960711
      vertex 25.4 -3.7158619268502644 2.367265126863132
      vertex 25.4 -3.550704155516198 2.05
    endloop
  endfacet
  facet normal 1 0 0
    outer loop
      vertex 25.4 -2.899137802864845 1.2008621971351547
      vertex 25.4 -4.0843982621761565 3.742661454734601
      vertex 25.4 -3.7158619268502644 2.367265126863132
    endloop
  endfacet
  facet normal 1 0 0
    outer loop
      vertex 25.4 -3.7158619268502644 2.367265126863132
      vertex 25.4 -3.96029588778518 3.0388419150796646
      vertex 25.4 -3.852739745222224 2.6977174123647583
    endloop
  endfacet
  facet normal 1 0 0
    outer loop
      vertex 25.4 -3.7158619268502644 2.367265126863132
      vertex 25.4 -4.0843982621761565 3.742661454734601
      vertex 25.4 -3.96029588778518 3.0388419150796646
    endloop
  endfacet
  facet normal 1 0 0
    outer loop
      vertex 25.4 -3.96029588778518 3.0388419150796646
      vertex 25.4 -4.0843982621761565 3.742661454734601
      vertex 25.4 -4.0377117873500525 3.3880424715655852
    endloop
  endfacet
  facet normal 0 0.8870108331782215 -0.46174861323503436
    outer loop
      vertex 25.4 3.550704155516198 2.05
      vertex 19.9 3.550704155516198 2.05
      vertex 19.9 3.7158619268502644 2.367265126863132
    endloop
  endfacet
  facet normal 0 0.9238795325112866 -0.3826834323650899
    outer loop
      vertex 25.4 3.7158619268502644 2.367265126863132
      vertex 19.9 3.7158619268502644 2.367265126863132
      vertex 19.9 3.852739745222224 2.6977174123647583
    endloop
  endfacet
  facet normal 0 0.9537169507482266 -0.30070579950427406
    outer loop
      vertex 25.4 3.852739745222224 2.6977174123647583
      vertex 19.9 3.852739745222224 2.6977174123647583
      vertex 19.9 3.96029588778518 3.0388419150796646
    endloop
  endfacet
  facet normal 1 0 0
    outer loop
      vertex 25.4 -4.0843982621761565 3.742661454734601
      vertex 25.4 -2.221528885045036 2.2359159319090356
      vertex 25.4 -2.5114736709748717 2.6499999999999995
    endloop
  endfacet
  facet normal 4.975283682952447e-19 0.8870108331782215 -0.46174861323503436
    outer loop
      vertex 25.4 3.550704155516198 2.05
      vertex 19.9 3.7158619268502644 2.367265126863132
      vertex 25.4 3.7158619268502644 2.367265126863132
    endloop
  endfacet
  facet normal 1 0 0
    outer loop
      vertex 25.4 3.1407822167878097 1.464570800285189
      vertex 25.4 3.550704155516198 2.05
      vertex 25.4 3.852739745222224 2.6977174123647583
    endloop
  endfacet
  facet normal 1 0 0
    outer loop
      vertex 25.4 3.550704155516198 2.05
      vertex 25.4 3.7158619268502644 2.367265126863132
      vertex 25.4 3.852739745222224 2.6977174123647583
    endloop
  endfacet
  facet normal 1.4520223968702993e-18 0.9238795325112866 -0.3826834323650899
    outer loop
      vertex 25.4 3.7158619268502644 2.367265126863132
      vertex 19.9 3.852739745222224 2.6977174123647583
      vertex 25.4 3.852739745222224 2.6977174123647583
    endloop
  endfacet
  facet normal -5.58544477709661e-19 0.9537169507482266 -0.30070579950427406
    outer loop
      vertex 25.4 3.852739745222224 2.6977174123647583
      vertex 19.9 3.96029588778518 3.0388419150796646
      vertex 25.4 3.96029588778518 3.0388419150796646
    endloop
  endfacet
  facet normal 1 0 0
    outer loop
      vertex 25.4 3.1407822167878097 1.464570800285189
      vertex 25.4 4.0843982621761565 4.457338545265398
      vertex 25.4 2.221528885045036 2.2359159319090356
    endloop
  endfacet
  facet normal 1 0 0
    outer loop
      vertex 25.4 3.1407822167878097 1.464570800285189
      vertex 25.4 3.852739745222224 2.6977174123647583
      vertex 25.4 4.0843982621761565 4.457338545265398
    endloop
  endfacet
  facet normal 1 0 0
    outer loop
      vertex 25.4 3.852739745222224 2.6977174123647583
      vertex 25.4 3.96029588778518 3.0388419150796646
      vertex 25.4 4.0377117873500525 3.3880424715655852
    endloop
  endfacet
  facet normal 0 0.9762960071199337 -0.21643961393810168
    outer loop
      vertex 25.4 3.96029588778518 3.0388419150796646
      vertex 19.9 3.96029588778518 3.0388419150796646
      vertex 19.9 4.0377117873500525 3.3880424715655852
    endloop
  endfacet
  facet normal 0 0.9914448613738103 -0.1305261922200526
    outer loop
      vertex 25.4 4.0377117873500525 3.3880424715655852
      vertex 19.9 4.0377117873500525 3.3880424715655852
      vertex 19.9 4.0843982621761565 3.742661454734601
    endloop
  endfacet
  facet normal 0 0.9990482215818578 -0.04361938736533542
    outer loop
      vertex 25.4 4.0843982621761565 3.742661454734601
      vertex 19.9 4.0843982621761565 3.742661454734601
      vertex 19.9 4.1 4.1
    endloop
  endfacet
  facet normal 1 0 0
    outer loop
      vertex 25.4 -4.0843982621761565 3.742661454734601
      vertex 25.4 -2.5114736709748717 2.6499999999999995
      vertex 25.4 -2.7251086002791345 3.10814158435556
    endloop
  endfacet
  facet normal 1 0 0
    outer loop
      vertex 25.4 -4.0843982621761565 3.742661454734601
      vertex 25.4 -2.7251086002791345 3.10814158435556
      vertex 25.4 -2.855942483735403 3.5964202847659017
    endloop
  endfacet
  facet normal 1 0 0
    outer loop
      vertex 25.4 -4.0843982621761565 3.742661454734601
      vertex 25.4 -2.855942483735403 3.5964202847659017
      vertex 25.4 -2.9 4.1
    endloop
  endfacet
  facet normal -6.926071676145468e-19 0.9762960071199337 -0.21643961393810168
    outer loop
      vertex 25.4 3.96029588778518 3.0388419150796646
      vertex 19.9 4.0377117873500525 3.3880424715655852
      vertex 25.4 4.0377117873500525 3.3880424715655852
    endloop
  endfacet
  facet normal 1 0 0
    outer loop
      vertex 25.4 4.0843982621761565 4.457338545265398
      vertex 25.4 2.5114736709748717 2.6499999999999995
      vertex 25.4 2.221528885045036 2.2359159319090356
    endloop
  endfacet
  facet normal 1 0 0
    outer loop
      vertex 25.4 4.0843982621761565 4.457338545265398
      vertex 25.4 2.7251086002791345 3.10814158435556
      vertex 25.4 2.5114736709748717 2.6499999999999995
    endloop
  endfacet
  facet normal 1 0 0
    outer loop
      vertex 25.4 3.852739745222224 2.6977174123647583
      vertex 25.4 4.0377117873500525 3.3880424715655852
      vertex 25.4 4.0843982621761565 4.457338545265398
    endloop
  endfacet
  facet normal 4.2369467064835517e-19 0.9914448613738103 -0.1305261922200526
    outer loop
      vertex 25.4 4.0377117873500525 3.3880424715655852
      vertex 19.9 4.0843982621761565 3.742661454734601
      vertex 25.4 4.0843982621761565 3.742661454734601
    endloop
  endfacet
  facet normal 9.365604919949921e-20 0.9990482215818578 -0.04361938736533542
    outer loop
      vertex 25.4 4.0843982621761565 3.742661454734601
      vertex 19.9 4.1 4.1
      vertex 25.4 4.1 4.1
    endloop
  endfacet
  facet normal 1 0 0
    outer loop
      vertex 25.4 4.0843982621761565 4.457338545265398
      vertex 25.4 2.855942483735403 3.5964202847659017
      vertex 25.4 2.7251086002791345 3.10814158435556
    endloop
  endfacet
  facet normal 1 0 0
    outer loop
      vertex 25.4 4.0377117873500525 3.3880424715655852
      vertex 25.4 4.0843982621761565 3.742661454734601
      vertex 25.4 4.0843982621761565 4.457338545265398
    endloop
  endfacet
  facet normal 1 0 0
    outer loop
      vertex 25.4 4.0843982621761565 4.457338545265398
      vertex 25.4 2.9 4.1
      vertex 25.4 2.855942483735403 3.5964202847659017
    endloop
  endfacet
  facet normal -1.9851920730697583e-18 -0.09390897687587808 0.9955807873106662
    outer loop
      vertex 4.59619407771256 -41.72380592228744 4.2824721926312534
      vertex 14.1 -6.6 7.595554084316713
      vertex -14.1 -6.6 7.595554084316713
    endloop
  endfacet
  facet normal 0 0.9990482215818577 0.0436193873653354
    outer loop
      vertex -14.1 4.0843982621761565 4.457338545265398
      vertex 14.1 4.0843982621761565 4.457338545265398
      vertex 14.1 4.1 4.1
    endloop
  endfacet
  facet normal 0 0.9914448613738103 0.1305261922200526
    outer loop
      vertex -14.1 4.0377117873500525 4.811957528434414
      vertex 14.1 4.0377117873500525 4.811957528434414
      vertex 14.1 4.0843982621761565 4.457338545265398
    endloop
  endfacet
  facet normal 0 0.9762960071199335 0.2164396139381019
    outer loop
      vertex -14.1 3.96029588778518 5.161158084920334
      vertex 14.1 3.96029588778518 5.161158084920334
      vertex 14.1 4.0377117873500525 4.811957528434414
    endloop
  endfacet
  facet normal 0 0.9537169507482267 0.3007057995042737
    outer loop
      vertex -14.1 3.852739745222224 5.502282587635241
      vertex 14.1 3.852739745222224 5.502282587635241
      vertex 14.1 3.96029588778518 5.161158084920334
    endloop
  endfacet
  facet normal 0 0.9238795325112866 0.3826834323650899
    outer loop
      vertex -14.1 3.7158619268502644 5.832734873136867
      vertex 14.1 3.7158619268502644 5.832734873136867
      vertex 14.1 3.852739745222224 5.502282587635241
    endloop
  endfacet
  facet normal 0 0.8870108331782214 0.46174861323503436
    outer loop
      vertex -14.1 3.550704155516198 6.1499999999999995
      vertex 14.1 3.550704155516198 6.1499999999999995
      vertex 14.1 3.7158619268502644 5.832734873136867
    endloop
  endfacet
  facet normal 0 -0.09390897687587803 0.9955807873106661
    outer loop
      vertex -14.1 -6.6 7.595554084316713
      vertex 14.1 -6.6 7.595554084316713
      vertex 14.1 -0.35733854526539843 8.184398262176156
    endloop
  endfacet
  facet normal 0 0.8433914458128859 0.5372996083468234
    outer loop
      vertex 14.1 3.3585233815848663 6.451663389039288
      vertex 14.1 3.550704155516198 6.1499999999999995
      vertex -14.1 3.3585233815848663 6.451663389039288
    endloop
  endfacet
  facet normal 0 0.7933533402912347 0.6087614290087213
    outer loop
      vertex -14.1 3.1407822167878097 6.73542919971481
      vertex 14.1 3.1407822167878097 6.73542919971481
      vertex 14.1 3.3585233815848663 6.451663389039288
    endloop
  endfacet
  facet normal 0 0.7372773368101252 0.6755902076156589
    outer loop
      vertex -14.1 2.899137802864845 6.999137802864844
      vertex 14.1 2.899137802864845 6.999137802864844
      vertex 14.1 3.1407822167878097 6.73542919971481
    endloop
  endfacet
  facet normal 0 0.6755902076156596 0.7372773368101246
    outer loop
      vertex -14.1 2.6354291997148107 7.240782216787809
      vertex 14.1 2.6354291997148107 7.240782216787809
      vertex 14.1 2.899137802864845 6.999137802864844
    endloop
  endfacet
  facet normal 0 -0.043619387365335424 0.9990482215818577
    outer loop
      vertex -14.1 -0.35733854526539843 8.184398262176156
      vertex 14.1 -0.35733854526539843 8.184398262176156
      vertex 14.1 0 8.2
    endloop
  endfacet
  facet normal 0 0.043619387365335424 0.9990482215818577
    outer loop
      vertex -14.1 0 8.2
      vertex 14.1 0 8.2
      vertex 14.1 0.35733854526539843 8.184398262176156
    endloop
  endfacet
  facet normal 0 0.537299608346822 0.8433914458128868
    outer loop
      vertex -14.1 2.05 7.650704155516197
      vertex 14.1 2.05 7.650704155516197
      vertex 14.1 2.3516633890392886 7.458523381584866
    endloop
  endfacet
  facet normal 0 0.6087614290087221 0.7933533402912342
    outer loop
      vertex -14.1 2.3516633890392886 7.458523381584866
      vertex 14.1 2.3516633890392886 7.458523381584866
      vertex 14.1 2.6354291997148107 7.240782216787809
    endloop
  endfacet
  facet normal 0 0.46174861323503436 0.8870108331782214
    outer loop
      vertex 14.1 1.7327348731368675 7.815861926850264
      vertex 14.1 2.05 7.650704155516197
      vertex -14.1 1.7327348731368675 7.815861926850264
    endloop
  endfacet
  facet normal 0 0.3826834323650901 0.9238795325112866
    outer loop
      vertex -14.1 1.4022825876352416 7.952739745222224
      vertex 14.1 1.4022825876352416 7.952739745222224
      vertex 14.1 1.7327348731368675 7.815861926850264
    endloop
  endfacet
  facet normal 0 0.30070579950427617 0.953716950748226
    outer loop
      vertex -14.1 1.061158084920335 8.06029588778518
      vertex 14.1 1.061158084920335 8.06029588778518
      vertex 14.1 1.4022825876352416 7.952739745222224
    endloop
  endfacet
  facet normal 0 0.2164396139381016 0.9762960071199337
    outer loop
      vertex -14.1 0.7119575284344143 8.137711787350053
      vertex 14.1 0.7119575284344143 8.137711787350053
      vertex 14.1 1.061158084920335 8.06029588778518
    endloop
  endfacet
  facet normal 0 0.13052619222005016 0.9914448613738106
    outer loop
      vertex -14.1 0.35733854526539843 8.184398262176156
      vertex 14.1 0.35733854526539843 8.184398262176156
      vertex 14.1 0.7119575284344143 8.137711787350053
    endloop
  endfacet
  facet normal 0.9912568950960897 -0.12881843067841325 0.028558358531444377
    outer loop
      vertex 19.380973486602308 -50.755778714716435 3
      vertex 25.4 -4.0377117873500525 4.811957528434414
      vertex 25.4 -3.96029588778518 5.161158084920334
    endloop
  endfacet
  facet normal 0.9907643504475974 -0.12931924240076442 0.04077420050770895
    outer loop
      vertex 19.380973486602308 -50.755778714716435 3
      vertex 25.4 -3.96029588778518 5.161158084920334
      vertex 25.4 -3.852739745222224 5.502282587635241
    endloop
  endfacet
  facet normal 0.9900622552984977 -0.1299249609846494 0.05381668093063513
    outer loop
      vertex 19.380973486602308 -50.755778714716435 3
      vertex 25.4 -3.852739745222224 5.502282587635241
      vertex 25.4 -3.7158619268502644 5.832734873136867
    endloop
  endfacet
  facet normal 0.989092683564113 -0.13065179786605594 0.06801302106441677
    outer loop
      vertex 19.324038764834405 -51.188240885436535 3
      vertex 25.4 -3.7158619268502644 5.832734873136867
      vertex 25.4 -3.550704155516198 6.1499999999999995
    endloop
  endfacet
  facet normal 0.9877651562145798 -0.1315257972312103 0.08379117394499996
    outer loop
      vertex 19.324038764834405 -51.188240885436535 3
      vertex 25.4 -3.550704155516198 6.1499999999999995
      vertex 25.4 -3.3585233815848663 6.451663389039288
    endloop
  endfacet
  facet normal 0.9859358348208946 -0.13258861681994566 0.10173882398474651
    outer loop
      vertex 19.324038764834405 -51.188240885436535 3
      vertex 25.4 -3.3585233815848663 6.451663389039288
      vertex 25.4 -3.1407822167878097 6.73542919971481
    endloop
  endfacet
  facet normal 0.983371565209428 -0.1338932278391054 0.12269053865879403
    outer loop
      vertex 19.324038764834405 -51.188240885436535 3
      vertex 25.4 -3.1407822167878097 6.73542919971481
      vertex 25.4 -2.899137802864845 6.999137802864844
    endloop
  endfacet
  facet normal 0.979675766427792 -0.1355150307915368 0.14788870512546706
    outer loop
      vertex 19.324038764834405 -51.188240885436535 3
      vertex 25.4 -2.899137802864845 6.999137802864844
      vertex 25.4 -2.6354291997148107 7.240782216787809
    endloop
  endfacet
  facet normal 0.9741338320155666 -0.13756294676658004 0.17927552258901047
    outer loop
      vertex 19.324038764834405 -51.188240885436535 3
      vertex 25.4 -2.6354291997148107 7.240782216787809
      vertex 25.4 -2.3516633890392886 7.458523381584866
    endloop
  endfacet
  facet normal 0.965359115797782 -0.14019481991743304 0.22006178681098384
    outer loop
      vertex 19.324038764834405 -51.188240885436535 3
      vertex 25.4 -2.3516633890392886 7.458523381584866
      vertex 25.4 -2.05 7.650704155516197
    endloop
  endfacet
  facet normal -9.652140769063312e-18 -0.0939089768758781 0.9955807873106661
    outer loop
      vertex 4.59619407771256 -41.72380592228744 4.2824721926312534
      vertex 19.9 -6.6 7.595554084316713
      vertex 14.1 -6.6 7.595554084316713
    endloop
  endfacet
  facet normal 1.116587748969695e-16 -0.09390897687587814 0.9955807873106661
    outer loop
      vertex 25.4 -0.35733854526539843 8.184398262176156
      vertex 19.9 -6.6 7.595554084316713
      vertex 4.59619407771256 -41.72380592228744 4.2824721926312534
    endloop
  endfacet
  facet normal 0.9503914455567463 -0.14362987338540667 0.27591041967249147
    outer loop
      vertex 19.324038764834405 -51.188240885436535 3
      vertex 25.4 -2.05 7.650704155516197
      vertex 25.4 -1.7327348731368675 7.815861926850264
    endloop
  endfacet
  facet normal 0.9220771303388672 -0.1481008445814099 0.35754706758734955
    outer loop
      vertex 19.324038764834405 -51.188240885436535 3
      vertex 25.4 -1.7327348731368675 7.815861926850264
      vertex 25.4 -1.4022825876352416 7.952739745222224
    endloop
  endfacet
  facet normal 0.860165629307359 -0.1533644064062938 0.48640975422571464
    outer loop
      vertex 19.324038764834405 -51.188240885436535 3
      vertex 25.4 -1.4022825876352416 7.952739745222224
      vertex 25.4 -1.061158084920335 8.06029588778518
    endloop
  endfacet
  facet normal 0.697218126909113 -0.15515669390784942 0.6998666186102419
    outer loop
      vertex 19.229629127681257 -51.61409522563219 3
      vertex 25.4 -1.061158084920335 8.06029588778518
      vertex 25.4 -0.7119575284344143 8.137711787350053
    endloop
  endfacet
  facet normal 0.24818212053938157 -0.1264424703567321 0.9604259142352745
    outer loop
      vertex 18.931538930535318 -52.43309131234884 3
      vertex 25.4 -0.7119575284344143 8.137711787350053
      vertex 25.4 -0.35733854526539843 8.184398262176156
    endloop
  endfacet
  facet normal 1 0 0
    outer loop
      vertex 25.4 -4.0843982621761565 3.742661454734601
      vertex 25.4 -4.0377117873500525 4.811957528434414
      vertex 25.4 -4.1 4.1
    endloop
  endfacet
  facet normal 1 0 0
    outer loop
      vertex 25.4 -4.1 4.1
      vertex 25.4 -4.0377117873500525 4.811957528434414
      vertex 25.4 -4.0843982621761565 4.457338545265398
    endloop
  endfacet
  facet normal 1 0 0
    outer loop
      vertex 25.4 -4.0843982621761565 3.742661454734601
      vertex 25.4 -3.852739745222224 5.502282587635241
      vertex 25.4 -4.0377117873500525 4.811957528434414
    endloop
  endfacet
  facet normal 1 0 0
    outer loop
      vertex 25.4 -4.0377117873500525 4.811957528434414
      vertex 25.4 -3.852739745222224 5.502282587635241
      vertex 25.4 -3.96029588778518 5.161158084920334
    endloop
  endfacet
  facet normal 1 0 0
    outer loop
      vertex 25.4 -4.0843982621761565 3.742661454734601
      vertex 25.4 -3.1407822167878097 6.73542919971481
      vertex 25.4 -3.852739745222224 5.502282587635241
    endloop
  endfacet
  facet normal 1 0 0
    outer loop
      vertex 25.4 -3.852739745222224 5.502282587635241
      vertex 25.4 -3.550704155516198 6.1499999999999995
      vertex 25.4 -3.7158619268502644 5.832734873136867
    endloop
  endfacet
  facet normal 1 0 0
    outer loop
      vertex 25.4 -3.852739745222224 5.502282587635241
      vertex 25.4 -3.1407822167878097 6.73542919971481
      vertex 25.4 -3.550704155516198 6.1499999999999995
    endloop
  endfacet
  facet normal 0 0.9990482215818578 0.04361938736533542
    outer loop
      vertex 25.4 4.1 4.1
      vertex 19.9 4.1 4.1
      vertex 19.9 4.0843982621761565 4.457338545265398
    endloop
  endfacet
  facet normal 0 0.9914448613738103 0.1305261922200526
    outer loop
      vertex 25.4 4.0843982621761565 4.457338545265398
      vertex 19.9 4.0843982621761565 4.457338545265398
      vertex 19.9 4.0377117873500525 4.811957528434414
    endloop
  endfacet
  facet normal 0 0.9762960071199336 0.21643961393810193
    outer loop
      vertex 25.4 4.0377117873500525 4.811957528434414
      vertex 19.9 4.0377117873500525 4.811957528434414
      vertex 19.9 3.96029588778518 5.161158084920334
    endloop
  endfacet
  facet normal 1 0 0
    outer loop
      vertex 25.4 -4.0843982621761565 3.742661454734601
      vertex 25.4 -2.9 4.1
      vertex 25.4 -2.855942483735403 4.603579715234098
    endloop
  endfacet
  facet normal 1 0 0
    outer loop
      vertex 25.4 -4.0843982621761565 3.742661454734601
      vertex 25.4 -2.855942483735403 4.603579715234098
      vertex 25.4 -2.7251086002791345 5.091858415644439
    endloop
  endfacet
  facet normal 1 0 0
    outer loop
      vertex 25.4 -4.0843982621761565 3.742661454734601
      vertex 25.4 -2.7251086002791345 5.091858415644439
      vertex 25.4 -2.5114736709748717 5.55
    endloop
  endfacet
  facet normal 1 0 0
    outer loop
      vertex 25.4 -4.0843982621761565 3.742661454734601
      vertex 25.4 -2.5114736709748717 5.55
      vertex 25.4 -2.221528885045036 5.964084068090964
    endloop
  endfacet
  facet normal -9.365604919949921e-20 0.9990482215818578 0.04361938736533542
    outer loop
      vertex 25.4 4.1 4.1
      vertex 19.9 4.0843982621761565 4.457338545265398
      vertex 25.4 4.0843982621761565 4.457338545265398
    endloop
  endfacet
  facet normal 1 0 0
    outer loop
      vertex 25.4 4.0843982621761565 3.742661454734601
      vertex 25.4 4.1 4.1
      vertex 25.4 4.0843982621761565 4.457338545265398
    endloop
  endfacet
  facet normal 1 0 0
    outer loop
      vertex 25.4 4.0843982621761565 4.457338545265398
      vertex 25.4 2.855942483735403 4.603579715234098
      vertex 25.4 2.9 4.1
    endloop
  endfacet
  facet normal -4.2369467064835517e-19 0.9914448613738103 0.1305261922200526
    outer loop
      vertex 25.4 4.0843982621761565 4.457338545265398
      vertex 19.9 4.0377117873500525 4.811957528434414
      vertex 25.4 4.0377117873500525 4.811957528434414
    endloop
  endfacet
  facet normal 5.325327724565451e-19 0.9762960071199336 0.21643961393810193
    outer loop
      vertex 25.4 4.0377117873500525 4.811957528434414
      vertex 19.9 3.96029588778518 5.161158084920334
      vertex 25.4 3.96029588778518 5.161158084920334
    endloop
  endfacet
  facet normal 1 0 0
    outer loop
      vertex 25.4 4.0843982621761565 4.457338545265398
      vertex 25.4 2.7251086002791345 5.091858415644439
      vertex 25.4 2.855942483735403 4.603579715234098
    endloop
  endfacet
  facet normal 1 0 0
    outer loop
      vertex 25.4 4.0843982621761565 4.457338545265398
      vertex 25.4 4.0377117873500525 4.811957528434414
      vertex 25.4 3.96029588778518 5.161158084920334
    endloop
  endfacet
  facet normal 1 0 0
    outer loop
      vertex 25.4 4.0843982621761565 4.457338545265398
      vertex 25.4 2.5114736709748717 5.55
      vertex 25.4 2.7251086002791345 5.091858415644439
    endloop
  endfacet
  facet normal 0 0.9537169507482267 0.30070579950427373
    outer loop
      vertex 25.4 3.96029588778518 5.161158084920334
      vertex 19.9 3.96029588778518 5.161158084920334
      vertex 19.9 3.852739745222224 5.502282587635241
    endloop
  endfacet
  facet normal 0 0.9238795325112866 0.3826834323650899
    outer loop
      vertex 25.4 3.852739745222224 5.502282587635241
      vertex 19.9 3.852739745222224 5.502282587635241
      vertex 19.9 3.7158619268502644 5.832734873136867
    endloop
  endfacet
  facet normal 0 0.8870108331782215 0.46174861323503436
    outer loop
      vertex 25.4 3.7158619268502644 5.832734873136867
      vertex 19.9 3.7158619268502644 5.832734873136867
      vertex 19.9 3.550704155516198 6.1499999999999995
    endloop
  endfacet
  facet normal 1 0 0
    outer loop
      vertex 25.4 -4.0843982621761565 3.742661454734601
      vertex 25.4 -2.221528885045036 5.964084068090964
      vertex 25.4 -3.1407822167878097 6.73542919971481
    endloop
  endfacet
  facet normal 9.69138647012581e-19 0.9537169507482267 0.30070579950427373
    outer loop
      vertex 25.4 3.96029588778518 5.161158084920334
      vertex 19.9 3.852739745222224 5.502282587635241
      vertex 25.4 3.852739745222224 5.502282587635241
    endloop
  endfacet
  facet normal 1 0 0
    outer loop
      vertex 25.4 4.0843982621761565 4.457338545265398
      vertex 25.4 2.221528885045036 5.964084068090964
      vertex 25.4 2.5114736709748717 5.55
    endloop
  endfacet
  facet normal 1 0 0
    outer loop
      vertex 25.4 4.0843982621761565 4.457338545265398
      vertex 25.4 3.96029588778518 5.161158084920334
      vertex 25.4 3.7158619268502644 5.832734873136867
    endloop
  endfacet
  facet normal 1 0 0
    outer loop
      vertex 25.4 3.96029588778518 5.161158084920334
      vertex 25.4 3.852739745222224 5.502282587635241
      vertex 25.4 3.7158619268502644 5.832734873136867
    endloop
  endfacet
  facet normal -1.4520223968702993e-18 0.9238795325112866 0.3826834323650899
    outer loop
      vertex 25.4 3.852739745222224 5.502282587635241
      vertex 19.9 3.7158619268502644 5.832734873136867
      vertex 25.4 3.7158619268502644 5.832734873136867
    endloop
  endfacet
  facet normal -4.975283682952447e-19 0.8870108331782215 0.46174861323503436
    outer loop
      vertex 25.4 3.7158619268502644 5.832734873136867
      vertex 19.9 3.550704155516198 6.1499999999999995
      vertex 25.4 3.550704155516198 6.1499999999999995
    endloop
  endfacet
  facet normal 1 0 0
    outer loop
      vertex 25.4 4.0843982621761565 4.457338545265398
      vertex 25.4 2.6354291997148107 7.240782216787809
      vertex 25.4 2.221528885045036 5.964084068090964
    endloop
  endfacet
  facet normal 1 0 0
    outer loop
      vertex 25.4 4.0843982621761565 4.457338545265398
      vertex 25.4 3.7158619268502644 5.832734873136867
      vertex 25.4 2.6354291997148107 7.240782216787809
    endloop
  endfacet
  facet normal 1 0 0
    outer loop
      vertex 25.4 3.7158619268502644 5.832734873136867
      vertex 25.4 3.550704155516198 6.1499999999999995
      vertex 25.4 3.3585233815848663 6.451663389039288
    endloop
  endfacet
  facet normal 1 0 0
    outer loop
      vertex 25.4 -3.550704155516198 6.1499999999999995
      vertex 25.4 -3.1407822167878097 6.73542919971481
      vertex 25.4 -3.3585233815848663 6.451663389039288
    endloop
  endfacet
  facet normal 0 0.8433914458128859 0.5372996083468233
    outer loop
      vertex 25.4 3.550704155516198 6.1499999999999995
      vertex 19.9 3.550704155516198 6.1499999999999995
      vertex 19.9 3.3585233815848663 6.451663389039288
    endloop
  endfacet
  facet normal 0 0.7933533402912347 0.6087614290087212
    outer loop
      vertex 25.4 3.3585233815848663 6.451663389039288
      vertex 19.9 3.3585233815848663 6.451663389039288
      vertex 19.9 3.1407822167878097 6.73542919971481
    endloop
  endfacet
  facet normal 0 0.7372773368101253 0.675590207615659
    outer loop
      vertex 25.4 3.1407822167878097 6.73542919971481
      vertex 19.9 3.1407822167878097 6.73542919971481
      vertex 19.9 2.899137802864845 6.999137802864844
    endloop
  endfacet
  facet normal 0 0.6755902076156596 0.7372773368101246
    outer loop
      vertex 25.4 2.899137802864845 6.999137802864844
      vertex 19.9 2.899137802864845 6.999137802864844
      vertex 19.9 2.6354291997148107 7.240782216787809
    endloop
  endfacet
  facet normal 1 0 0
    outer loop
      vertex 25.4 -3.1407822167878097 6.73542919971481
      vertex 25.4 -2.221528885045036 5.964084068090964
      vertex 25.4 -1.8640840680909638 6.321528885045035
    endloop
  endfacet
  facet normal 1 0 0
    outer loop
      vertex 25.4 -3.1407822167878097 6.73542919971481
      vertex 25.4 -2.6354291997148107 7.240782216787809
      vertex 25.4 -2.899137802864845 6.999137802864844
    endloop
  endfacet
  facet normal 1 0 0
    outer loop
      vertex 25.4 -3.1407822167878097 6.73542919971481
      vertex 25.4 -2.3516633890392886 7.458523381584866
      vertex 25.4 -2.6354291997148107 7.240782216787809
    endloop
  endfacet
  facet normal 1 0 0
    outer loop
      vertex 25.4 -3.1407822167878097 6.73542919971481
      vertex 25.4 -1.8640840680909638 6.321528885045035
      vertex 25.4 -0.35733854526539843 8.184398262176156
    endloop
  endfacet
  facet normal 1 0 0
    outer loop
      vertex 25.4 -0.35733854526539843 8.184398262176156
      vertex 25.4 -1.8640840680909638 6.321528885045035
      vertex 25.4 -1.45 6.611473670974871
    endloop
  endfacet
  facet normal 5.349457038552216e-19 0.8433914458128859 0.5372996083468233
    outer loop
      vertex 25.4 3.550704155516198 6.1499999999999995
      vertex 19.9 3.3585233815848663 6.451663389039288
      vertex 25.4 3.3585233815848663 6.451663389039288
    endloop
  endfacet
  facet normal 1.2355508514045337e-18 0.7933533402912347 0.6087614290087212
    outer loop
      vertex 25.4 3.3585233815848663 6.451663389039288
      vertex 19.9 3.1407822167878097 6.73542919971481
      vertex 25.4 3.1407822167878097 6.73542919971481
    endloop
  endfacet
  facet normal 1 0 0
    outer loop
      vertex 25.4 2.6354291997148107 7.240782216787809
      vertex 25.4 1.8640840680909638 6.321528885045035
      vertex 25.4 2.221528885045036 5.964084068090964
    endloop
  endfacet
  facet normal 1 0 0
    outer loop
      vertex 25.4 3.7158619268502644 5.832734873136867
      vertex 25.4 3.3585233815848663 6.451663389039288
      vertex 25.4 2.6354291997148107 7.240782216787809
    endloop
  endfacet
  facet normal 1.045111383924313e-18 0.7372773368101253 0.675590207615659
    outer loop
      vertex 25.4 3.1407822167878097 6.73542919971481
      vertex 19.9 2.899137802864845 6.999137802864844
      vertex 25.4 2.899137802864845 6.999137802864844
    endloop
  endfacet
  facet normal -2.0495085725682536e-18 0.6755902076156596 0.7372773368101246
    outer loop
      vertex 25.4 2.899137802864845 6.999137802864844
      vertex 19.9 2.6354291997148107 7.240782216787809
      vertex 25.4 2.6354291997148107 7.240782216787809
    endloop
  endfacet
  facet normal 1 0 0
    outer loop
      vertex 25.4 -0.35733854526539843 8.184398262176156
      vertex 25.4 1.45 6.611473670974871
      vertex 25.4 1.8640840680909638 6.321528885045035
    endloop
  endfacet
  facet normal 1 0 0
    outer loop
      vertex 25.4 3.3585233815848663 6.451663389039288
      vertex 25.4 3.1407822167878097 6.73542919971481
      vertex 25.4 2.899137802864845 6.999137802864844
    endloop
  endfacet
  facet normal 1 0 0
    outer loop
      vertex 25.4 3.3585233815848663 6.451663389039288
      vertex 25.4 2.899137802864845 6.999137802864844
      vertex 25.4 2.6354291997148107 7.240782216787809
    endloop
  endfacet
  facet normal 0 -0.09390897687587804 0.9955807873106662
    outer loop
      vertex 25.4 -0.35733854526539843 8.184398262176156
      vertex 19.9 -0.35733854526539843 8.184398262176156
      vertex 19.9 -6.6 7.595554084316713
    endloop
  endfacet
  facet normal 0 -0.04361938736533543 0.9990482215818578
    outer loop
      vertex 25.4 0 8.2
      vertex 19.9 0 8.2
      vertex 19.9 -0.35733854526539843 8.184398262176156
    endloop
  endfacet
  facet normal 0 0.04361938736533543 0.9990482215818578
    outer loop
      vertex 25.4 0.35733854526539843 8.184398262176156
      vertex 19.9 0.35733854526539843 8.184398262176156
      vertex 19.9 0 8.2
    endloop
  endfacet
  facet normal 0 0.608761429008722 0.793353340291234
    outer loop
      vertex 25.4 2.6354291997148107 7.240782216787809
      vertex 19.9 2.6354291997148107 7.240782216787809
      vertex 19.9 2.3516633890392886 7.458523381584866
    endloop
  endfacet
  facet normal 0 0.5372996083468219 0.8433914458128868
    outer loop
      vertex 25.4 2.3516633890392886 7.458523381584866
      vertex 19.9 2.3516633890392886 7.458523381584866
      vertex 19.9 2.05 7.650704155516197
    endloop
  endfacet
  facet normal 0 0.46174861323503436 0.8870108331782215
    outer loop
      vertex 25.4 2.05 7.650704155516197
      vertex 19.9 2.05 7.650704155516197
      vertex 19.9 1.7327348731368675 7.815861926850264
    endloop
  endfacet
  facet normal 0 0.38268343236509017 0.9238795325112866
    outer loop
      vertex 25.4 1.7327348731368675 7.815861926850264
      vertex 19.9 1.7327348731368675 7.815861926850264
      vertex 19.9 1.4022825876352416 7.952739745222224
    endloop
  endfacet
  facet normal 0 0.30070579950427617 0.9537169507482259
    outer loop
      vertex 25.4 1.4022825876352416 7.952739745222224
      vertex 19.9 1.4022825876352416 7.952739745222224
      vertex 19.9 1.061158084920335 8.06029588778518
    endloop
  endfacet
  facet normal 0 0.13052619222005016 0.9914448613738106
    outer loop
      vertex 25.4 0.7119575284344143 8.137711787350053
      vertex 19.9 0.7119575284344143 8.137711787350053
      vertex 19.9 0.35733854526539843 8.184398262176156
    endloop
  endfacet
  facet normal 0 0.21643961393810163 0.9762960071199337
    outer loop
      vertex 25.4 1.061158084920335 8.06029588778518
      vertex 19.9 1.061158084920335 8.06029588778518
      vertex 19.9 0.7119575284344143 8.137711787350053
    endloop
  endfacet
  facet normal 1 0 0
    outer loop
      vertex 25.4 -3.1407822167878097 6.73542919971481
      vertex 25.4 -1.7327348731368675 7.815861926850264
      vertex 25.4 -2.3516633890392886 7.458523381584866
    endloop
  endfacet
  facet normal 1 0 0
    outer loop
      vertex 25.4 -2.3516633890392886 7.458523381584866
      vertex 25.4 -1.7327348731368675 7.815861926850264
      vertex 25.4 -2.05 7.650704155516197
    endloop
  endfacet
  facet normal 1 0 0
    outer loop
      vertex 25.4 -3.1407822167878097 6.73542919971481
      vertex 25.4 -0.35733854526539843 8.184398262176156
      vertex 25.4 -1.7327348731368675 7.815861926850264
    endloop
  endfacet
  facet normal 1 0 0
    outer loop
      vertex 25.4 -0.35733854526539843 8.184398262176156
      vertex 25.4 -1.45 6.611473670974871
      vertex 25.4 -0.9918584156444392 6.825108600279134
    endloop
  endfacet
  facet normal 1 0 0
    outer loop
      vertex 25.4 -0.35733854526539843 8.184398262176156
      vertex 25.4 -0.9918584156444392 6.825108600279134
      vertex 25.4 -0.503579715234098 6.955942483735402
    endloop
  endfacet
  facet normal 1 0 0
    outer loop
      vertex 25.4 -0.35733854526539843 8.184398262176156
      vertex 25.4 -0.503579715234098 6.955942483735402
      vertex 25.4 0 7
    endloop
  endfacet
  facet normal 1 0 0
    outer loop
      vertex 25.4 -0.35733854526539843 8.184398262176156
      vertex 25.4 0.503579715234098 6.955942483735402
      vertex 25.4 0.9918584156444392 6.825108600279134
    endloop
  endfacet
  facet normal 1 0 0
    outer loop
      vertex 25.4 -0.35733854526539843 8.184398262176156
      vertex 25.4 0 7
      vertex 25.4 0.503579715234098 6.955942483735402
    endloop
  endfacet
  facet normal 0 -0.04361938736533543 0.9990482215818578
    outer loop
      vertex 25.4 -0.35733854526539843 8.184398262176156
      vertex 25.4 0 8.2
      vertex 19.9 -0.35733854526539843 8.184398262176156
    endloop
  endfacet
  facet normal 0 0.04361938736533543 0.9990482215818578
    outer loop
      vertex 25.4 0 8.2
      vertex 25.4 0.35733854526539843 8.184398262176156
      vertex 19.9 0 8.2
    endloop
  endfacet
  facet normal 1 0 0
    outer loop
      vertex 25.4 -1.7327348731368675 7.815861926850264
      vertex 25.4 -1.061158084920335 8.06029588778518
      vertex 25.4 -1.4022825876352416 7.952739745222224
    endloop
  endfacet
  facet normal 1 0 0
    outer loop
      vertex 25.4 -1.7327348731368675 7.815861926850264
      vertex 25.4 -0.35733854526539843 8.184398262176156
      vertex 25.4 -1.061158084920335 8.06029588778518
    endloop
  endfacet
  facet normal 1 0 0
    outer loop
      vertex 25.4 -1.061158084920335 8.06029588778518
      vertex 25.4 -0.35733854526539843 8.184398262176156
      vertex 25.4 -0.7119575284344143 8.137711787350053
    endloop
  endfacet
  facet normal 1 0 0
    outer loop
      vertex 25.4 -0.35733854526539843 8.184398262176156
      vertex 25.4 0.35733854526539843 8.184398262176156
      vertex 25.4 0 8.2
    endloop
  endfacet
  facet normal 1 0 0
    outer loop
      vertex 25.4 -0.35733854526539843 8.184398262176156
      vertex 25.4 0.7119575284344143 8.137711787350053
      vertex 25.4 0.35733854526539843 8.184398262176156
    endloop
  endfacet
  facet normal 0 0.5372996083468219 0.8433914458128868
    outer loop
      vertex 25.4 2.05 7.650704155516197
      vertex 25.4 2.3516633890392886 7.458523381584866
      vertex 19.9 2.05 7.650704155516197
    endloop
  endfacet
  facet normal 6.67624430454176e-19 0.608761429008722 0.793353340291234
    outer loop
      vertex 25.4 2.6354291997148107 7.240782216787809
      vertex 19.9 2.3516633890392886 7.458523381584866
      vertex 25.4 2.3516633890392886 7.458523381584866
    endloop
  endfacet
  facet normal 1 0 0
    outer loop
      vertex 25.4 -0.35733854526539843 8.184398262176156
      vertex 25.4 0.9918584156444392 6.825108600279134
      vertex 25.4 1.45 6.611473670974871
    endloop
  endfacet
  facet normal 1 0 0
    outer loop
      vertex 25.4 -0.35733854526539843 8.184398262176156
      vertex 25.4 1.8640840680909638 6.321528885045035
      vertex 25.4 2.6354291997148107 7.240782216787809
    endloop
  endfacet
  facet normal 1 0 0
    outer loop
      vertex 25.4 2.05 7.650704155516197
      vertex 25.4 1.4022825876352416 7.952739745222224
      vertex 25.4 2.6354291997148107 7.240782216787809
    endloop
  endfacet
  facet normal 1 0 0
    outer loop
      vertex 25.4 2.05 7.650704155516197
      vertex 25.4 2.6354291997148107 7.240782216787809
      vertex 25.4 2.3516633890392886 7.458523381584866
    endloop
  endfacet
  facet normal -4.975283682952447e-19 0.46174861323503436 0.8870108331782215
    outer loop
      vertex 25.4 2.05 7.650704155516197
      vertex 19.9 1.7327348731368675 7.815861926850264
      vertex 25.4 1.7327348731368675 7.815861926850264
    endloop
  endfacet
  facet normal -1.1135575960723247e-19 0.38268343236509017 0.9238795325112866
    outer loop
      vertex 25.4 1.7327348731368675 7.815861926850264
      vertex 19.9 1.4022825876352416 7.952739745222224
      vertex 25.4 1.4022825876352416 7.952739745222224
    endloop
  endfacet
  facet normal 0 0.30070579950427617 0.9537169507482259
    outer loop
      vertex 25.4 1.061158084920335 8.06029588778518
      vertex 25.4 1.4022825876352416 7.952739745222224
      vertex 19.9 1.061158084920335 8.06029588778518
    endloop
  endfacet
  facet normal -1.4918247275407257e-19 0.21643961393810163 0.9762960071199337
    outer loop
      vertex 25.4 1.061158084920335 8.06029588778518
      vertex 19.9 0.7119575284344143 8.137711787350053
      vertex 25.4 0.7119575284344143 8.137711787350053
    endloop
  endfacet
  facet normal 0 0.13052619222005016 0.9914448613738106
    outer loop
      vertex 25.4 0.35733854526539843 8.184398262176156
      vertex 25.4 0.7119575284344143 8.137711787350053
      vertex 19.9 0.35733854526539843 8.184398262176156
    endloop
  endfacet
  facet normal 1 0 0
    outer loop
      vertex 25.4 -0.35733854526539843 8.184398262176156
      vertex 25.4 2.6354291997148107 7.240782216787809
      vertex 25.4 1.4022825876352416 7.952739745222224
    endloop
  endfacet
  facet normal 1 0 0
    outer loop
      vertex 25.4 2.05 7.650704155516197
      vertex 25.4 1.7327348731368675 7.815861926850264
      vertex 25.4 1.4022825876352416 7.952739745222224
    endloop
  endfacet
  facet normal 1 0 0
    outer loop
      vertex 25.4 1.061158084920335 8.06029588778518
      vertex 25.4 0.7119575284344143 8.137711787350053
      vertex 25.4 1.4022825876352416 7.952739745222224
    endloop
  endfacet
  facet normal 1 0 0
    outer loop
      vertex 25.4 -0.35733854526539843 8.184398262176156
      vertex 25.4 1.4022825876352416 7.952739745222224
      vertex 25.4 0.7119575284344143 8.137711787350053
    endloop
  endfacet
  facet normal 1 0 0
    outer loop
      vertex -19.9 -0.6327372651524871 2.361568651546069
      vertex -19.9 -6.6 0
      vertex -19.9 0 0
    endloop
  endfacet
  facet normal 1 0 0
    outer loop
      vertex -19.9 -0.6327372651524871 2.361568651546069
      vertex -19.9 0 0
      vertex -19.9 0.35733854526539843 0.01560173782384311
    endloop
  endfacet
  facet normal 1 0 0
    outer loop
      vertex -19.9 -0.6327372651524871 2.361568651546069
      vertex -19.9 0.35733854526539843 0.01560173782384311
      vertex -19.9 0.7119575284344143 0.062288212649947106
    endloop
  endfacet
  facet normal 1 0 0
    outer loop
      vertex -19.9 -0.6327372651524871 2.361568651546069
      vertex -19.9 0.7119575284344143 0.062288212649947106
      vertex -19.9 1.061158084920335 0.1397041122148197
    endloop
  endfacet
  facet normal 1 0 0
    outer loop
      vertex -19.9 -0.6327372651524871 2.361568651546069
      vertex -19.9 1.061158084920335 0.1397041122148197
      vertex -19.9 1.4022825876352416 0.24726025477777558
    endloop
  endfacet
  facet normal 1 0 0
    outer loop
      vertex -19.9 -0.6327372651524871 2.361568651546069
      vertex -19.9 1.4022825876352416 0.24726025477777558
      vertex -19.9 1.7327348731368675 0.38413807314973525
    endloop
  endfacet
  facet normal 1 0 0
    outer loop
      vertex -19.9 -0.9249999999999999 2.4978530029987884
      vertex -19.9 -6.6 0
      vertex -19.9 -0.6327372651524871 2.361568651546069
    endloop
  endfacet
  facet normal 1 0 0
    outer loop
      vertex -19.9 -0.9249999999999999 2.4978530029987884
      vertex -19.9 -1.1891570779200975 2.6828177802298905
      vertex -19.9 -6.6 0
    endloop
  endfacet
  facet normal 1 0 0
    outer loop
      vertex -19.9 -1.1891570779200975 2.6828177802298905
      vertex -19.9 -1.4171822197701092 2.910842922079902
      vertex -19.9 -6.6 0
    endloop
  endfacet
  facet normal 1 0 0
    outer loop
      vertex -19.9 -1.4171822197701092 2.910842922079902
      vertex -19.9 -1.6021469970012112 3.175
      vertex -19.9 -6.6 0
    endloop
  endfacet
  facet normal 1 0 0
    outer loop
      vertex -19.9 -0.3212491286838211 2.2781056569274147
      vertex -19.9 -0.6327372651524871 2.361568651546069
      vertex -19.9 2.05 0.5492958444838019
    endloop
  endfacet
  facet normal 1 0 0
    outer loop
      vertex -19.9 -0.6327372651524871 2.361568651546069
      vertex -19.9 1.7327348731368675 0.38413807314973525
      vertex -19.9 2.05 0.5492958444838019
    endloop
  endfacet
  facet normal 1 0 0
    outer loop
      vertex -19.9 0.6327372651524871 2.361568651546069
      vertex -19.9 2.05 0.5492958444838019
      vertex -19.9 2.3516633890392886 0.7414766184151333
    endloop
  endfacet
  facet normal 1 0 0
    outer loop
      vertex -19.9 0.9249999999999999 2.4978530029987884
      vertex -19.9 2.3516633890392886 0.7414766184151333
      vertex -19.9 2.6354291997148107 0.95921778321219
    endloop
  endfacet
  facet normal 1 0 0
    outer loop
      vertex -19.9 -0.3212491286838211 2.2781056569274147
      vertex -19.9 2.05 0.5492958444838019
      vertex -19.9 0 2.25
    endloop
  endfacet
  facet normal 1 0 0
    outer loop
      vertex -19.9 0 2.25
      vertex -19.9 2.05 0.5492958444838019
      vertex -19.9 0.3212491286838211 2.2781056569274147
    endloop
  endfacet
  facet normal 1 0 0
    outer loop
      vertex -19.9 0.3212491286838211 2.2781056569274147
      vertex -19.9 2.05 0.5492958444838019
      vertex -19.9 0.6327372651524871 2.361568651546069
    endloop
  endfacet
  facet normal 1 0 0
    outer loop
      vertex -19.9 0.6327372651524871 2.361568651546069
      vertex -19.9 2.3516633890392886 0.7414766184151333
      vertex -19.9 0.9249999999999999 2.4978530029987884
    endloop
  endfacet
  facet normal 1 0 0
    outer loop
      vertex -19.9 0.9249999999999999 2.4978530029987884
      vertex -19.9 2.6354291997148107 0.95921778321219
      vertex -19.9 1.1891570779200975 2.6828177802298905
    endloop
  endfacet
  facet normal 1 0 0
    outer loop
      vertex -19.9 1.4171822197701092 2.910842922079902
      vertex -19.9 2.6354291997148107 0.95921778321219
      vertex -19.9 2.899137802864845 1.2008621971351547
    endloop
  endfacet
  facet normal 1 0 0
    outer loop
      vertex -19.9 1.6021469970012112 3.175
      vertex -19.9 2.899137802864845 1.2008621971351547
      vertex -19.9 3.1407822167878097 1.464570800285189
    endloop
  endfacet
  facet normal -1 0 0
    outer loop
      vertex -14.1 -0.6327372651524871 2.361568651546069
      vertex -14.1 0.35733854526539843 0.01560173782384311
      vertex -14.1 0 0
    endloop
  endfacet
  facet normal -1 0 0
    outer loop
      vertex -14.1 -0.6327372651524871 2.361568651546069
      vertex -14.1 0.7119575284344143 0.062288212649947106
      vertex -14.1 0.35733854526539843 0.01560173782384311
    endloop
  endfacet
  facet normal -1 0 0
    outer loop
      vertex -14.1 -0.6327372651524871 2.361568651546069
      vertex -14.1 1.061158084920335 0.1397041122148197
      vertex -14.1 0.7119575284344143 0.062288212649947106
    endloop
  endfacet
  facet normal -1 0 0
    outer loop
      vertex -14.1 -0.6327372651524871 2.361568651546069
      vertex -14.1 1.4022825876352416 0.24726025477777558
      vertex -14.1 1.061158084920335 0.1397041122148197
    endloop
  endfacet
  facet normal -1 0 0
    outer loop
      vertex -14.1 -0.6327372651524871 2.361568651546069
      vertex -14.1 1.7327348731368675 0.38413807314973525
      vertex -14.1 1.4022825876352416 0.24726025477777558
    endloop
  endfacet
  facet normal -1 0 0
    outer loop
      vertex -14.1 -1.6021469970012112 3.175
      vertex -14.1 0 0
      vertex -14.1 -6.6 0
    endloop
  endfacet
  facet normal -1 0 0
    outer loop
      vertex -14.1 -0.9249999999999999 2.4978530029987884
      vertex -14.1 0 0
      vertex -14.1 -1.1891570779200975 2.6828177802298905
    endloop
  endfacet
  facet normal -1 0 0
    outer loop
      vertex -14.1 -0.9249999999999999 2.4978530029987884
      vertex -14.1 -0.6327372651524871 2.361568651546069
      vertex -14.1 0 0
    endloop
  endfacet
  facet normal -1 0 0
    outer loop
      vertex -14.1 -1.1891570779200975 2.6828177802298905
      vertex -14.1 0 0
      vertex -14.1 -1.4171822197701092 2.910842922079902
    endloop
  endfacet
  facet normal -1 0 0
    outer loop
      vertex -14.1 -1.4171822197701092 2.910842922079902
      vertex -14.1 0 0
      vertex -14.1 -1.6021469970012112 3.175
    endloop
  endfacet
  facet normal -1 0 0
    outer loop
      vertex -14.1 -0.6327372651524871 2.361568651546069
      vertex -14.1 2.05 0.5492958444838019
      vertex -14.1 1.7327348731368675 0.38413807314973525
    endloop
  endfacet
  facet normal -1 0 0
    outer loop
      vertex -14.1 -0.6327372651524871 2.361568651546069
      vertex -14.1 2.3516633890392886 0.7414766184151333
      vertex -14.1 2.05 0.5492958444838019
    endloop
  endfacet
  facet normal -1 0 0
    outer loop
      vertex -14.1 0.6327372651524871 2.361568651546069
      vertex -14.1 2.6354291997148107 0.95921778321219
      vertex -14.1 2.3516633890392886 0.7414766184151333
    endloop
  endfacet
  facet normal -1 0 0
    outer loop
      vertex -14.1 -0.3212491286838211 2.2781056569274147
      vertex -14.1 2.3516633890392886 0.7414766184151333
      vertex -14.1 -0.6327372651524871 2.361568651546069
    endloop
  endfacet
  facet normal -1 0 0
    outer loop
      vertex -14.1 -0.3212491286838211 2.2781056569274147
      vertex -14.1 0 2.25
      vertex -14.1 2.3516633890392886 0.7414766184151333
    endloop
  endfacet
  facet normal -1 0 0
    outer loop
      vertex -14.1 0 2.25
      vertex -14.1 0.3212491286838211 2.2781056569274147
      vertex -14.1 2.3516633890392886 0.7414766184151333
    endloop
  endfacet
  facet normal -1 0 0
    outer loop
      vertex -14.1 0.3212491286838211 2.2781056569274147
      vertex -14.1 0.6327372651524871 2.361568651546069
      vertex -14.1 2.3516633890392886 0.7414766184151333
    endloop
  endfacet
  facet normal -1 0 0
    outer loop
      vertex -14.1 0.9249999999999999 2.4978530029987884
      vertex -14.1 2.899137802864845 1.2008621971351547
      vertex -14.1 2.6354291997148107 0.95921778321219
    endloop
  endfacet
  facet normal -1 0 0
    outer loop
      vertex -14.1 0.6327372651524871 2.361568651546069
      vertex -14.1 0.9249999999999999 2.4978530029987884
      vertex -14.1 2.6354291997148107 0.95921778321219
    endloop
  endfacet
  facet normal -1 0 0
    outer loop
      vertex -14.1 1.4171822197701092 2.910842922079902
      vertex -14.1 3.1407822167878097 1.464570800285189
      vertex -14.1 2.899137802864845 1.2008621971351547
    endloop
  endfacet
  facet normal 1 0 0
    outer loop
      vertex -19.9 -1.7384313484539304 3.4672627348475125
      vertex -19.9 -6.6 7.595554084316712
      vertex -19.9 -6.6 0
    endloop
  endfacet
  facet normal 1 0 0
    outer loop
      vertex -19.9 -1.6021469970012112 3.175
      vertex -19.9 -1.7384313484539304 3.4672627348475125
      vertex -19.9 -6.6 0
    endloop
  endfacet
  facet normal 1 0 0
    outer loop
      vertex -19.9 1.1891570779200975 2.6828177802298905
      vertex -19.9 2.6354291997148107 0.95921778321219
      vertex -19.9 1.4171822197701092 2.910842922079902
    endloop
  endfacet
  facet normal 1 0 0
    outer loop
      vertex -19.9 1.4171822197701092 2.910842922079902
      vertex -19.9 2.899137802864845 1.2008621971351547
      vertex -19.9 1.6021469970012112 3.175
    endloop
  endfacet
  facet normal 1 0 0
    outer loop
      vertex -19.9 1.7384313484539304 3.4672627348475125
      vertex -19.9 3.1407822167878097 1.464570800285189
      vertex -19.9 3.3585233815848663 1.748336610960711
    endloop
  endfacet
  facet normal 1 0 0
    outer loop
      vertex -19.9 1.7384313484539304 3.4672627348475125
      vertex -19.9 3.3585233815848663 1.748336610960711
      vertex -19.9 3.550704155516198 2.05
    endloop
  endfacet
  facet normal 1 0 0
    outer loop
      vertex -19.9 1.6021469970012112 3.175
      vertex -19.9 3.1407822167878097 1.464570800285189
      vertex -19.9 1.7384313484539304 3.4672627348475125
    endloop
  endfacet
  facet normal 1 0 0
    outer loop
      vertex -19.9 1.7384313484539304 3.4672627348475125
      vertex -19.9 3.550704155516198 2.05
      vertex -19.9 3.7158619268502644 2.367265126863132
    endloop
  endfacet
  facet normal 1 0 0
    outer loop
      vertex -19.9 1.7384313484539304 3.4672627348475125
      vertex -19.9 3.7158619268502644 2.367265126863132
      vertex -19.9 3.852739745222224 2.6977174123647583
    endloop
  endfacet
  facet normal 1 0 0
    outer loop
      vertex -19.9 1.7384313484539304 3.4672627348475125
      vertex -19.9 3.852739745222224 2.6977174123647583
      vertex -19.9 3.96029588778518 3.0388419150796646
    endloop
  endfacet
  facet normal 1 0 0
    outer loop
      vertex -19.9 1.7384313484539304 3.4672627348475125
      vertex -19.9 3.96029588778518 3.0388419150796646
      vertex -19.9 4.0377117873500525 3.3880424715655852
    endloop
  endfacet
  facet normal 1 0 0
    outer loop
      vertex -19.9 1.7384313484539304 3.4672627348475125
      vertex -19.9 4.0377117873500525 3.3880424715655852
      vertex -19.9 4.0843982621761565 3.742661454734601
    endloop
  endfacet
  facet normal 1 0 0
    outer loop
      vertex -19.9 1.7384313484539304 3.4672627348475125
      vertex -19.9 4.0843982621761565 3.742661454734601
      vertex -19.9 4.1 4.1
    endloop
  endfacet
  facet normal 1 0 0
    outer loop
      vertex -19.9 1.7384313484539304 3.4672627348475125
      vertex -19.9 4.1 4.1
      vertex -19.9 4.0843982621761565 4.457338545265398
    endloop
  endfacet
  facet normal 0 1 0
    outer loop
      vertex -19.9 -6.6 0
      vertex -19.9 -6.6 7.595554084316712
      vertex -14.1 -6.6 0
    endloop
  endfacet
  facet normal -1 0 0
    outer loop
      vertex -14.1 -1.7384313484539304 3.4672627348475125
      vertex -14.1 -6.6 0
      vertex -14.1 -1.8218943430725847 3.7787508713161784
    endloop
  endfacet
  facet normal -1 0 0
    outer loop
      vertex -14.1 -1.8218943430725847 3.7787508713161784
      vertex -14.1 -6.6 0
      vertex -14.1 -1.8499999999999999 4.1
    endloop
  endfacet
  facet normal -1 0 0
    outer loop
      vertex -14.1 -1.8499999999999999 4.1
      vertex -14.1 -6.6 0
      vertex -14.1 -1.8218943430725847 4.4212491286838205
    endloop
  endfacet
  facet normal -1 0 0
    outer loop
      vertex -14.1 -1.8218943430725847 4.4212491286838205
      vertex -14.1 -6.6 0
      vertex -14.1 -1.7384313484539304 4.732737265152487
    endloop
  endfacet
  facet normal -1 0 0
    outer loop
      vertex -14.1 -1.6021469970012112 3.175
      vertex -14.1 -6.6 0
      vertex -14.1 -1.7384313484539304 3.4672627348475125
    endloop
  endfacet
  facet normal -1 0 0
    outer loop
      vertex -14.1 0.9249999999999999 2.4978530029987884
      vertex -14.1 1.1891570779200975 2.6828177802298905
      vertex -14.1 2.899137802864845 1.2008621971351547
    endloop
  endfacet
  facet normal -1 0 0
    outer loop
      vertex -14.1 1.1891570779200975 2.6828177802298905
      vertex -14.1 1.4171822197701092 2.910842922079902
      vertex -14.1 2.899137802864845 1.2008621971351547
    endloop
  endfacet
  facet normal -1 0 0
    outer loop
      vertex -14.1 1.4171822197701092 2.910842922079902
      vertex -14.1 1.6021469970012112 3.175
      vertex -14.1 3.1407822167878097 1.464570800285189
    endloop
  endfacet
  facet normal -1 0 0
    outer loop
      vertex -14.1 1.6021469970012112 3.175
      vertex -14.1 3.3585233815848663 1.748336610960711
      vertex -14.1 3.1407822167878097 1.464570800285189
    endloop
  endfacet
  facet normal -1 0 0
    outer loop
      vertex -14.1 1.7384313484539304 3.4672627348475125
      vertex -14.1 3.550704155516198 2.05
      vertex -14.1 3.3585233815848663 1.748336610960711
    endloop
  endfacet
  facet normal -1 0 0
    outer loop
      vertex -14.1 1.6021469970012112 3.175
      vertex -14.1 1.7384313484539304 3.4672627348475125
      vertex -14.1 3.3585233815848663 1.748336610960711
    endloop
  endfacet
  facet normal -1 0 0
    outer loop
      vertex -14.1 1.7384313484539304 3.4672627348475125
      vertex -14.1 3.7158619268502644 2.367265126863132
      vertex -14.1 3.550704155516198 2.05
    endloop
  endfacet
  facet normal -1 0 0
    outer loop
      vertex -14.1 1.7384313484539304 3.4672627348475125
      vertex -14.1 3.852739745222224 2.6977174123647583
      vertex -14.1 3.7158619268502644 2.367265126863132
    endloop
  endfacet
  facet normal -1 0 0
    outer loop
      vertex -14.1 1.7384313484539304 3.4672627348475125
      vertex -14.1 3.96029588778518 3.0388419150796646
      vertex -14.1 3.852739745222224 2.6977174123647583
    endloop
  endfacet
  facet normal -1 0 0
    outer loop
      vertex -14.1 1.7384313484539304 3.4672627348475125
      vertex -14.1 4.0377117873500525 3.3880424715655852
      vertex -14.1 3.96029588778518 3.0388419150796646
    endloop
  endfacet
  facet normal -1 0 0
    outer loop
      vertex -14.1 1.7384313484539304 3.4672627348475125
      vertex -14.1 4.0843982621761565 3.742661454734601
      vertex -14.1 4.0377117873500525 3.3880424715655852
    endloop
  endfacet
  facet normal -1 0 0
    outer loop
      vertex -14.1 1.7384313484539304 3.4672627348475125
      vertex -14.1 4.1 4.1
      vertex -14.1 4.0843982621761565 3.742661454734601
    endloop
  endfacet
  facet normal -1 0 0
    outer loop
      vertex -14.1 1.7384313484539304 3.4672627348475125
      vertex -14.1 4.0843982621761565 4.457338545265398
      vertex -14.1 4.1 4.1
    endloop
  endfacet
  facet normal 1 0 0
    outer loop
      vertex -19.9 -1.7384313484539304 3.4672627348475125
      vertex -19.9 -1.8218943430725847 3.7787508713161784
      vertex -19.9 -6.6 7.595554084316712
    endloop
  endfacet
  facet normal 1 0 0
    outer loop
      vertex -19.9 -1.8218943430725847 3.7787508713161784
      vertex -19.9 -1.8499999999999999 4.1
      vertex -19.9 -6.6 7.595554084316712
    endloop
  endfacet
  facet normal 1 0 0
    outer loop
      vertex -19.9 -1.8499999999999999 4.1
      vertex -19.9 -1.8218943430725847 4.4212491286838205
      vertex -19.9 -6.6 7.595554084316712
    endloop
  endfacet
  facet normal 1 0 0
    outer loop
      vertex -19.9 -1.8218943430725847 4.4212491286838205
      vertex -19.9 -1.7384313484539304 4.732737265152487
      vertex -19.9 -6.6 7.595554084316712
    endloop
  endfacet
  facet normal 1 0 0
    outer loop
      vertex -19.9 1.7384313484539304 3.4672627348475125
      vertex -19.9 4.0843982621761565 4.457338545265398
      vertex -19.9 4.0377117873500525 4.811957528434414
    endloop
  endfacet
  facet normal 1 0 0
    outer loop
      vertex -19.9 1.7384313484539304 3.4672627348475125
      vertex -19.9 3.550704155516198 6.1499999999999995
      vertex -19.9 1.8218943430725847 3.7787508713161784
    endloop
  endfacet
  facet normal 1 0 0
    outer loop
      vertex -19.9 1.7384313484539304 3.4672627348475125
      vertex -19.9 4.0377117873500525 4.811957528434414
      vertex -19.9 3.96029588778518 5.161158084920334
    endloop
  endfacet
  facet normal 1 0 0
    outer loop
      vertex -19.9 1.8218943430725847 3.7787508713161784
      vertex -19.9 3.550704155516198 6.1499999999999995
      vertex -19.9 1.8499999999999999 4.1
    endloop
  endfacet
  facet normal 1 0 0
    outer loop
      vertex -19.9 1.7384313484539304 3.4672627348475125
      vertex -19.9 3.96029588778518 5.161158084920334
      vertex -19.9 3.852739745222224 5.502282587635241
    endloop
  endfacet
  facet normal 1 0 0
    outer loop
      vertex -19.9 1.8499999999999999 4.1
      vertex -19.9 3.550704155516198 6.1499999999999995
      vertex -19.9 1.8218943430725847 4.4212491286838205
    endloop
  endfacet
  facet normal 1 0 0
    outer loop
      vertex -19.9 1.7384313484539304 3.4672627348475125
      vertex -19.9 3.852739745222224 5.502282587635241
      vertex -19.9 3.7158619268502644 5.832734873136867
    endloop
  endfacet
  facet normal 1 0 0
    outer loop
      vertex -19.9 1.8218943430725847 4.4212491286838205
      vertex -19.9 3.550704155516198 6.1499999999999995
      vertex -19.9 1.7384313484539304 4.732737265152487
    endloop
  endfacet
  facet normal 1 0 0
    outer loop
      vertex -19.9 -1.7384313484539304 4.732737265152487
      vertex -19.9 -1.6021469970012112 5.0249999999999995
      vertex -19.9 -0.35733854526539843 8.184398262176156
    endloop
  endfacet
  facet normal 1 0 0
    outer loop
      vertex -19.9 1.7384313484539304 4.732737265152487
      vertex -19.9 3.3585233815848663 6.451663389039288
      vertex -19.9 1.6021469970012112 5.0249999999999995
    endloop
  endfacet
  facet normal 1 0 0
    outer loop
      vertex -19.9 1.7384313484539304 3.4672627348475125
      vertex -19.9 3.7158619268502644 5.832734873136867
      vertex -19.9 3.550704155516198 6.1499999999999995
    endloop
  endfacet
  facet normal 1 0 0
    outer loop
      vertex -19.9 1.6021469970012112 5.0249999999999995
      vertex -19.9 3.1407822167878097 6.73542919971481
      vertex -19.9 1.4171822197701092 5.289157077920097
    endloop
  endfacet
  facet normal 1 0 0
    outer loop
      vertex -19.9 1.7384313484539304 4.732737265152487
      vertex -19.9 3.550704155516198 6.1499999999999995
      vertex -19.9 3.3585233815848663 6.451663389039288
    endloop
  endfacet
  facet normal 1 0 0
    outer loop
      vertex -19.9 1.6021469970012112 5.0249999999999995
      vertex -19.9 3.3585233815848663 6.451663389039288
      vertex -19.9 3.1407822167878097 6.73542919971481
    endloop
  endfacet
  facet normal 0 1 0
    outer loop
      vertex -14.1 -6.6 0
      vertex -19.9 -6.6 7.595554084316712
      vertex -14.1 -6.6 7.595554084316713
    endloop
  endfacet
  facet normal -1 0 0
    outer loop
      vertex -14.1 -1.7384313484539304 4.732737265152487
      vertex -14.1 -6.6 0
      vertex -14.1 -6.6 7.595554084316713
    endloop
  endfacet
  facet normal -1 0 0
    outer loop
      vertex -14.1 1.7384313484539304 3.4672627348475125
      vertex -14.1 4.0377117873500525 4.811957528434414
      vertex -14.1 4.0843982621761565 4.457338545265398
    endloop
  endfacet
  facet normal -1 0 0
    outer loop
      vertex -14.1 1.7384313484539304 3.4672627348475125
      vertex -14.1 1.8218943430725847 3.7787508713161784
      vertex -14.1 3.3585233815848663 6.451663389039288
    endloop
  endfacet
  facet normal -1 0 0
    outer loop
      vertex -14.1 1.7384313484539304 3.4672627348475125
      vertex -14.1 3.96029588778518 5.161158084920334
      vertex -14.1 4.0377117873500525 4.811957528434414
    endloop
  endfacet
  facet normal -1 0 0
    outer loop
      vertex -14.1 1.8218943430725847 3.7787508713161784
      vertex -14.1 1.8499999999999999 4.1
      vertex -14.1 3.3585233815848663 6.451663389039288
    endloop
  endfacet
  facet normal -1 0 0
    outer loop
      vertex -14.1 1.7384313484539304 3.4672627348475125
      vertex -14.1 3.852739745222224 5.502282587635241
      vertex -14.1 3.96029588778518 5.161158084920334
    endloop
  endfacet
  facet normal -1 0 0
    outer loop
      vertex -14.1 1.8499999999999999 4.1
      vertex -14.1 1.8218943430725847 4.4212491286838205
      vertex -14.1 3.3585233815848663 6.451663389039288
    endloop
  endfacet
  facet normal -1 0 0
    outer loop
      vertex -14.1 1.7384313484539304 3.4672627348475125
      vertex -14.1 3.7158619268502644 5.832734873136867
      vertex -14.1 3.852739745222224 5.502282587635241
    endloop
  endfacet
  facet normal -1 0 0
    outer loop
      vertex -14.1 -1.7384313484539304 4.732737265152487
      vertex -14.1 -6.6 7.595554084316713
      vertex -14.1 -1.6021469970012112 5.0249999999999995
    endloop
  endfacet
  facet normal -1 0 0
    outer loop
      vertex -14.1 -1.6021469970012112 5.0249999999999995
      vertex -14.1 -6.6 7.595554084316713
      vertex -14.1 -1.4171822197701092 5.289157077920097
    endloop
  endfacet
  facet normal -1 0 0
    outer loop
      vertex -14.1 1.7384313484539304 4.732737265152487
      vertex -14.1 1.6021469970012112 5.0249999999999995
      vertex -14.1 3.1407822167878097 6.73542919971481
    endloop
  endfacet
  facet normal -1 0 0
    outer loop
      vertex -14.1 1.8218943430725847 4.4212491286838205
      vertex -14.1 1.7384313484539304 4.732737265152487
      vertex -14.1 3.3585233815848663 6.451663389039288
    endloop
  endfacet
  facet normal -1 0 0
    outer loop
      vertex -14.1 1.7384313484539304 3.4672627348475125
      vertex -14.1 3.550704155516198 6.1499999999999995
      vertex -14.1 3.7158619268502644 5.832734873136867
    endloop
  endfacet
  facet normal -1 0 0
    outer loop
      vertex -14.1 1.7384313484539304 3.4672627348475125
      vertex -14.1 3.3585233815848663 6.451663389039288
      vertex -14.1 3.550704155516198 6.1499999999999995
    endloop
  endfacet
  facet normal -1 0 0
    outer loop
      vertex -14.1 1.6021469970012112 5.0249999999999995
      vertex -14.1 1.4171822197701092 5.289157077920097
      vertex -14.1 2.899137802864845 6.999137802864844
    endloop
  endfacet
  facet normal -1 0 0
    outer loop
      vertex -14.1 1.7384313484539304 4.732737265152487
      vertex -14.1 3.1407822167878097 6.73542919971481
      vertex -14.1 3.3585233815848663 6.451663389039288
    endloop
  endfacet
  facet normal 1 0 0
    outer loop
      vertex -19.9 -1.6021469970012112 5.0249999999999995
      vertex -19.9 -1.4171822197701092 5.289157077920097
      vertex -19.9 -0.35733854526539843 8.184398262176156
    endloop
  endfacet
  facet normal 1 0 0
    outer loop
      vertex -19.9 -1.7384313484539304 4.732737265152487
      vertex -19.9 -0.35733854526539843 8.184398262176156
      vertex -19.9 -6.6 7.595554084316712
    endloop
  endfacet
  facet normal 1 0 0
    outer loop
      vertex -19.9 -1.4171822197701092 5.289157077920097
      vertex -19.9 -0.24574561328669753 6.862072930905313
      vertex -19.9 -0.35733854526539843 8.184398262176156
    endloop
  endfacet
  facet normal 1 0 0
    outer loop
      vertex -19.9 1.4171822197701092 5.289157077920097
      vertex -19.9 2.05 7.650704155516197
      vertex -19.9 0.24574561328669753 6.862072930905313
    endloop
  endfacet
  facet normal 1 0 0
    outer loop
      vertex -19.9 1.4171822197701092 5.289157077920097
      vertex -19.9 3.1407822167878097 6.73542919971481
      vertex -19.9 2.899137802864845 6.999137802864844
    endloop
  endfacet
  facet normal 1 0 0
    outer loop
      vertex -19.9 1.4171822197701092 5.289157077920097
      vertex -19.9 2.899137802864845 6.999137802864844
      vertex -19.9 2.6354291997148107 7.240782216787809
    endloop
  endfacet
  facet normal 1 0 0
    outer loop
      vertex -19.9 1.4171822197701092 5.289157077920097
      vertex -19.9 2.6354291997148107 7.240782216787809
      vertex -19.9 2.3516633890392886 7.458523381584866
    endloop
  endfacet
  facet normal 1 0 0
    outer loop
      vertex -19.9 1.4171822197701092 5.289157077920097
      vertex -19.9 2.3516633890392886 7.458523381584866
      vertex -19.9 2.05 7.650704155516197
    endloop
  endfacet
  facet normal 1 0 0
    outer loop
      vertex -19.9 0.24574561328669753 6.862072930905313
      vertex -19.9 2.05 7.650704155516197
      vertex -19.9 0.2298133329356934 6.882836282905961
    endloop
  endfacet
  facet normal 1 0 0
    outer loop
      vertex -19.9 0.21213203435596426 6.902132034355963
      vertex -19.9 0.2298133329356934 6.882836282905961
      vertex -19.9 2.05 7.650704155516197
    endloop
  endfacet
  facet normal 1 0 0
    outer loop
      vertex -19.9 -0.24574561328669753 6.862072930905313
      vertex -19.9 -0.2298133329356934 6.882836282905961
      vertex -19.9 -0.35733854526539843 8.184398262176156
    endloop
  endfacet
  facet normal 1 0 0
    outer loop
      vertex -19.9 -0.2298133329356934 6.882836282905961
      vertex -19.9 -0.21213203435596426 6.902132034355963
      vertex -19.9 -0.35733854526539843 8.184398262176156
    endloop
  endfacet
  facet normal 1 0 0
    outer loop
      vertex -19.9 -0.21213203435596426 6.902132034355963
      vertex -19.9 -0.19283628290596178 6.919813332935693
      vertex -19.9 -0.35733854526539843 8.184398262176156
    endloop
  endfacet
  facet normal 1 0 0
    outer loop
      vertex -19.9 -0.19283628290596178 6.919813332935693
      vertex -19.9 -0.1720729309053138 6.935745613286697
      vertex -19.9 -0.35733854526539843 8.184398262176156
    endloop
  endfacet
  facet normal 1 0 0
    outer loop
      vertex -19.9 -0.1720729309053138 6.935745613286697
      vertex -19.9 -0.15 6.9498076211353315
      vertex -19.9 -0.35733854526539843 8.184398262176156
    endloop
  endfacet
  facet normal 1 0 0
    outer loop
      vertex -19.9 -0.15 6.9498076211353315
      vertex -19.9 -0.12678547852220984 6.961892336110994
      vertex -19.9 -0.35733854526539843 8.184398262176156
    endloop
  endfacet
  facet normal 1 0 0
    outer loop
      vertex -19.9 -0.12678547852220984 6.961892336110994
      vertex -19.9 -0.10260604299770061 6.9719077862357715
      vertex -19.9 -0.35733854526539843 8.184398262176156
    endloop
  endfacet
  facet normal 1 0 0
    outer loop
      vertex -19.9 -0.10260604299770061 6.9719077862357715
      vertex -19.9 -0.07764571353075622 6.97977774788672
      vertex -19.9 -0.35733854526539843 8.184398262176156
    endloop
  endfacet
  facet normal 1 0 0
    outer loop
      vertex -19.9 -0.07764571353075622 6.97977774788672
      vertex -19.9 -0.0520944533000791 6.985442325903662
      vertex -19.9 -0.35733854526539843 8.184398262176156
    endloop
  endfacet
  facet normal 1 0 0
    outer loop
      vertex -19.9 -0.0520944533000791 6.985442325903662
      vertex -19.9 -0.02614672282429745 6.9888584094275235
      vertex -19.9 -0.35733854526539843 8.184398262176156
    endloop
  endfacet
  facet normal 1 0 0
    outer loop
      vertex -19.9 0.02614672282429745 6.9888584094275235
      vertex -19.9 0.0520944533000791 6.985442325903662
      vertex -19.9 -0.35733854526539843 8.184398262176156
    endloop
  endfacet
  facet normal 1 0 0
    outer loop
      vertex -19.9 0.02614672282429745 6.9888584094275235
      vertex -19.9 -0.35733854526539843 8.184398262176156
      vertex -19.9 0 6.989999999999999
    endloop
  endfacet
  facet normal 1 0 0
    outer loop
      vertex -19.9 -0.02614672282429745 6.9888584094275235
      vertex -19.9 0 6.989999999999999
      vertex -19.9 -0.35733854526539843 8.184398262176156
    endloop
  endfacet
  facet normal 1 0 0
    outer loop
      vertex -19.9 0.15 6.9498076211353315
      vertex -19.9 -0.35733854526539843 8.184398262176156
      vertex -19.9 0.12678547852220984 6.961892336110994
    endloop
  endfacet
  facet normal 1 0 0
    outer loop
      vertex -19.9 0.12678547852220984 6.961892336110994
      vertex -19.9 -0.35733854526539843 8.184398262176156
      vertex -19.9 0.10260604299770061 6.9719077862357715
    endloop
  endfacet
  facet normal 1 0 0
    outer loop
      vertex -19.9 0.07764571353075622 6.97977774788672
      vertex -19.9 0.10260604299770061 6.9719077862357715
      vertex -19.9 -0.35733854526539843 8.184398262176156
    endloop
  endfacet
  facet normal 1 0 0
    outer loop
      vertex -19.9 0.0520944533000791 6.985442325903662
      vertex -19.9 0.07764571353075622 6.97977774788672
      vertex -19.9 -0.35733854526539843 8.184398262176156
    endloop
  endfacet
  facet normal 1 0 0
    outer loop
      vertex -19.9 0.15 6.9498076211353315
      vertex -19.9 0 8.2
      vertex -19.9 -0.35733854526539843 8.184398262176156
    endloop
  endfacet
  facet normal 1 0 0
    outer loop
      vertex -19.9 0.15 6.9498076211353315
      vertex -19.9 0.35733854526539843 8.184398262176156
      vertex -19.9 0 8.2
    endloop
  endfacet
  facet normal 1 0 0
    outer loop
      vertex -19.9 0.21213203435596426 6.902132034355963
      vertex -19.9 1.7327348731368675 7.815861926850264
      vertex -19.9 0.19283628290596178 6.919813332935693
    endloop
  endfacet
  facet normal 1 0 0
    outer loop
      vertex -19.9 0.19283628290596178 6.919813332935693
      vertex -19.9 1.7327348731368675 7.815861926850264
      vertex -19.9 0.1720729309053138 6.935745613286697
    endloop
  endfacet
  facet normal 1 0 0
    outer loop
      vertex -19.9 0.1720729309053138 6.935745613286697
      vertex -19.9 1.7327348731368675 7.815861926850264
      vertex -19.9 0.15 6.9498076211353315
    endloop
  endfacet
  facet normal 1 0 0
    outer loop
      vertex -19.9 0.15 6.9498076211353315
      vertex -19.9 1.7327348731368675 7.815861926850264
      vertex -19.9 1.4022825876352416 7.952739745222224
    endloop
  endfacet
  facet normal 1 0 0
    outer loop
      vertex -19.9 0.15 6.9498076211353315
      vertex -19.9 1.4022825876352416 7.952739745222224
      vertex -19.9 1.061158084920335 8.06029588778518
    endloop
  endfacet
  facet normal 1 0 0
    outer loop
      vertex -19.9 0.21213203435596426 6.902132034355963
      vertex -19.9 2.05 7.650704155516197
      vertex -19.9 1.7327348731368675 7.815861926850264
    endloop
  endfacet
  facet normal 1 0 0
    outer loop
      vertex -19.9 0.15 6.9498076211353315
      vertex -19.9 1.061158084920335 8.06029588778518
      vertex -19.9 0.7119575284344143 8.137711787350053
    endloop
  endfacet
  facet normal 1 0 0
    outer loop
      vertex -19.9 0.15 6.9498076211353315
      vertex -19.9 0.7119575284344143 8.137711787350053
      vertex -19.9 0.35733854526539843 8.184398262176156
    endloop
  endfacet
  facet normal -1 0 0
    outer loop
      vertex -14.1 -1.4171822197701092 5.289157077920097
      vertex -14.1 -6.6 7.595554084316713
      vertex -14.1 -0.24574561328669753 6.862072930905313
    endloop
  endfacet
  facet normal -1 0 0
    outer loop
      vertex -14.1 -0.24574561328669753 6.862072930905313
      vertex -14.1 -6.6 7.595554084316713
      vertex -14.1 -0.2298133329356934 6.882836282905961
    endloop
  endfacet
  facet normal -1 0 0
    outer loop
      vertex -14.1 -0.2298133329356934 6.882836282905961
      vertex -14.1 -6.6 7.595554084316713
      vertex -14.1 -0.21213203435596426 6.902132034355963
    endloop
  endfacet
  facet normal -1 0 0
    outer loop
      vertex -14.1 -0.21213203435596426 6.902132034355963
      vertex -14.1 -6.6 7.595554084316713
      vertex -14.1 -0.19283628290596178 6.919813332935693
    endloop
  endfacet
  facet normal -1 0 0
    outer loop
      vertex -14.1 -0.19283628290596178 6.919813332935693
      vertex -14.1 -6.6 7.595554084316713
      vertex -14.1 -0.1720729309053138 6.935745613286697
    endloop
  endfacet
  facet normal -1 0 0
    outer loop
      vertex -14.1 -0.1720729309053138 6.935745613286697
      vertex -14.1 -6.6 7.595554084316713
      vertex -14.1 -0.15 6.9498076211353315
    endloop
  endfacet
  facet normal -1 0 0
    outer loop
      vertex -14.1 -0.15 6.9498076211353315
      vertex -14.1 -6.6 7.595554084316713
      vertex -14.1 -0.12678547852220984 6.961892336110994
    endloop
  endfacet
  facet normal -1 0 0
    outer loop
      vertex -14.1 1.4171822197701092 5.289157077920097
      vertex -14.1 0.24574561328669753 6.862072930905313
      vertex -14.1 1.7327348731368675 7.815861926850264
    endloop
  endfacet
  facet normal -1 0 0
    outer loop
      vertex -14.1 1.6021469970012112 5.0249999999999995
      vertex -14.1 2.899137802864845 6.999137802864844
      vertex -14.1 3.1407822167878097 6.73542919971481
    endloop
  endfacet
  facet normal -1 0 0
    outer loop
      vertex -14.1 1.4171822197701092 5.289157077920097
      vertex -14.1 2.6354291997148107 7.240782216787809
      vertex -14.1 2.899137802864845 6.999137802864844
    endloop
  endfacet
  facet normal -1 0 0
    outer loop
      vertex -14.1 1.4171822197701092 5.289157077920097
      vertex -14.1 2.3516633890392886 7.458523381584866
      vertex -14.1 2.6354291997148107 7.240782216787809
    endloop
  endfacet
  facet normal -1 0 0
    outer loop
      vertex -14.1 1.4171822197701092 5.289157077920097
      vertex -14.1 1.7327348731368675 7.815861926850264
      vertex -14.1 2.05 7.650704155516197
    endloop
  endfacet
  facet normal -1 0 0
    outer loop
      vertex -14.1 1.4171822197701092 5.289157077920097
      vertex -14.1 2.05 7.650704155516197
      vertex -14.1 2.3516633890392886 7.458523381584866
    endloop
  endfacet
  facet normal -1 0 0
    outer loop
      vertex -14.1 -0.12678547852220984 6.961892336110994
      vertex -14.1 -6.6 7.595554084316713
      vertex -14.1 -0.10260604299770061 6.9719077862357715
    endloop
  endfacet
  facet normal -1 0 0
    outer loop
      vertex -14.1 -0.10260604299770061 6.9719077862357715
      vertex -14.1 -6.6 7.595554084316713
      vertex -14.1 -0.35733854526539843 8.184398262176156
    endloop
  endfacet
  facet normal -1 0 0
    outer loop
      vertex -14.1 -0.10260604299770061 6.9719077862357715
      vertex -14.1 -0.35733854526539843 8.184398262176156
      vertex -14.1 -0.07764571353075622 6.97977774788672
    endloop
  endfacet
  facet normal -1 0 0
    outer loop
      vertex -14.1 -0.07764571353075622 6.97977774788672
      vertex -14.1 -0.35733854526539843 8.184398262176156
      vertex -14.1 -0.0520944533000791 6.985442325903662
    endloop
  endfacet
  facet normal -1 0 0
    outer loop
      vertex -14.1 -0.0520944533000791 6.985442325903662
      vertex -14.1 -0.35733854526539843 8.184398262176156
      vertex -14.1 -0.02614672282429745 6.9888584094275235
    endloop
  endfacet
  facet normal -1 0 0
    outer loop
      vertex -14.1 0.02614672282429745 6.9888584094275235
      vertex -14.1 -0.35733854526539843 8.184398262176156
      vertex -14.1 0.0520944533000791 6.985442325903662
    endloop
  endfacet
  facet normal -1 0 0
    outer loop
      vertex -14.1 0.02614672282429745 6.9888584094275235
      vertex -14.1 0 6.989999999999999
      vertex -14.1 -0.35733854526539843 8.184398262176156
    endloop
  endfacet
  facet normal -1 0 0
    outer loop
      vertex -14.1 -0.02614672282429745 6.9888584094275235
      vertex -14.1 -0.35733854526539843 8.184398262176156
      vertex -14.1 0 6.989999999999999
    endloop
  endfacet
  facet normal -1 0 0
    outer loop
      vertex -14.1 0.15 6.9498076211353315
      vertex -14.1 0.12678547852220984 6.961892336110994
      vertex -14.1 -0.35733854526539843 8.184398262176156
    endloop
  endfacet
  facet normal -1 0 0
    outer loop
      vertex -14.1 0.12678547852220984 6.961892336110994
      vertex -14.1 0.10260604299770061 6.9719077862357715
      vertex -14.1 -0.35733854526539843 8.184398262176156
    endloop
  endfacet
  facet normal -1 0 0
    outer loop
      vertex -14.1 0.07764571353075622 6.97977774788672
      vertex -14.1 -0.35733854526539843 8.184398262176156
      vertex -14.1 0.10260604299770061 6.9719077862357715
    endloop
  endfacet
  facet normal -1 0 0
    outer loop
      vertex -14.1 0.0520944533000791 6.985442325903662
      vertex -14.1 -0.35733854526539843 8.184398262176156
      vertex -14.1 0.07764571353075622 6.97977774788672
    endloop
  endfacet
  facet normal -1 0 0
    outer loop
      vertex -14.1 0.15 6.9498076211353315
      vertex -14.1 -0.35733854526539843 8.184398262176156
      vertex -14.1 0 8.2
    endloop
  endfacet
  facet normal -1 0 0
    outer loop
      vertex -14.1 0.15 6.9498076211353315
      vertex -14.1 0 8.2
      vertex -14.1 0.35733854526539843 8.184398262176156
    endloop
  endfacet
  facet normal -1 0 0
    outer loop
      vertex -14.1 0.21213203435596426 6.902132034355963
      vertex -14.1 1.7327348731368675 7.815861926850264
      vertex -14.1 0.2298133329356934 6.882836282905961
    endloop
  endfacet
  facet normal -1 0 0
    outer loop
      vertex -14.1 0.24574561328669753 6.862072930905313
      vertex -14.1 0.2298133329356934 6.882836282905961
      vertex -14.1 1.7327348731368675 7.815861926850264
    endloop
  endfacet
  facet normal -1 0 0
    outer loop
      vertex -14.1 0.21213203435596426 6.902132034355963
      vertex -14.1 0.19283628290596178 6.919813332935693
      vertex -14.1 1.4022825876352416 7.952739745222224
    endloop
  endfacet
  facet normal -1 0 0
    outer loop
      vertex -14.1 0.19283628290596178 6.919813332935693
      vertex -14.1 0.1720729309053138 6.935745613286697
      vertex -14.1 1.4022825876352416 7.952739745222224
    endloop
  endfacet
  facet normal -1 0 0
    outer loop
      vertex -14.1 0.1720729309053138 6.935745613286697
      vertex -14.1 0.15 6.9498076211353315
      vertex -14.1 1.4022825876352416 7.952739745222224
    endloop
  endfacet
  facet normal -1 0 0
    outer loop
      vertex -14.1 0.21213203435596426 6.902132034355963
      vertex -14.1 1.4022825876352416 7.952739745222224
      vertex -14.1 1.7327348731368675 7.815861926850264
    endloop
  endfacet
  facet normal -1 0 0
    outer loop
      vertex -14.1 0.15 6.9498076211353315
      vertex -14.1 1.061158084920335 8.06029588778518
      vertex -14.1 1.4022825876352416 7.952739745222224
    endloop
  endfacet
  facet normal -1 0 0
    outer loop
      vertex -14.1 0.15 6.9498076211353315
      vertex -14.1 0.7119575284344143 8.137711787350053
      vertex -14.1 1.061158084920335 8.06029588778518
    endloop
  endfacet
  facet normal -1 0 0
    outer loop
      vertex -14.1 0.15 6.9498076211353315
      vertex -14.1 0.35733854526539843 8.184398262176156
      vertex -14.1 0.7119575284344143 8.137711787350053
    endloop
  endfacet
  facet normal 1 0 0
    outer loop
      vertex 14.1 0.6327372651524871 2.361568651546069
      vertex 14.1 -6.6 0
      vertex 14.1 0 0
    endloop
  endfacet
  facet normal 1 0 0
    outer loop
      vertex 14.1 0.6327372651524871 2.361568651546069
      vertex 14.1 0 0
      vertex 14.1 0.35733854526539843 0.01560173782384311
    endloop
  endfacet
  facet normal 1 0 0
    outer loop
      vertex 14.1 0.6327372651524871 2.361568651546069
      vertex 14.1 0.35733854526539843 0.01560173782384311
      vertex 14.1 0.7119575284344143 0.062288212649947106
    endloop
  endfacet
  facet normal 1 0 0
    outer loop
      vertex 14.1 0.6327372651524871 2.361568651546069
      vertex 14.1 0.7119575284344143 0.062288212649947106
      vertex 14.1 1.061158084920335 0.1397041122148197
    endloop
  endfacet
  facet normal 1 0 0
    outer loop
      vertex 14.1 0.6327372651524871 2.361568651546069
      vertex 14.1 1.061158084920335 0.1397041122148197
      vertex 14.1 1.4022825876352416 0.24726025477777558
    endloop
  endfacet
  facet normal 1 0 0
    outer loop
      vertex 14.1 0.6327372651524871 2.361568651546069
      vertex 14.1 1.4022825876352416 0.24726025477777558
      vertex 14.1 1.7327348731368675 0.38413807314973525
    endloop
  endfacet
  facet normal 1 0 0
    outer loop
      vertex 14.1 -0.3212491286838211 2.2781056569274147
      vertex 14.1 -6.6 0
      vertex 14.1 0 2.25
    endloop
  endfacet
  facet normal 1 0 0
    outer loop
      vertex 14.1 0 2.25
      vertex 14.1 -6.6 0
      vertex 14.1 0.3212491286838211 2.2781056569274147
    endloop
  endfacet
  facet normal 1 0 0
    outer loop
      vertex 14.1 -0.3212491286838211 2.2781056569274147
      vertex 14.1 -0.6327372651524871 2.361568651546069
      vertex 14.1 -6.6 0
    endloop
  endfacet
  facet normal 1 0 0
    outer loop
      vertex 14.1 -0.9249999999999999 2.4978530029987884
      vertex 14.1 -6.6 0
      vertex 14.1 -0.6327372651524871 2.361568651546069
    endloop
  endfacet
  facet normal 1 0 0
    outer loop
      vertex 14.1 -0.9249999999999999 2.4978530029987884
      vertex 14.1 -1.1891570779200975 2.6828177802298905
      vertex 14.1 -6.6 0
    endloop
  endfacet
  facet normal 1 0 0
    outer loop
      vertex 14.1 0.3212491286838211 2.2781056569274147
      vertex 14.1 -6.6 0
      vertex 14.1 0.6327372651524871 2.361568651546069
    endloop
  endfacet
  facet normal 1 0 0
    outer loop
      vertex 14.1 -1.1891570779200975 2.6828177802298905
      vertex 14.1 -1.4171822197701092 2.910842922079902
      vertex 14.1 -6.6 0
    endloop
  endfacet
  facet normal 1 0 0
    outer loop
      vertex 14.1 -1.4171822197701092 2.910842922079902
      vertex 14.1 -1.6021469970012112 3.175
      vertex 14.1 -6.6 0
    endloop
  endfacet
  facet normal 1 0 0
    outer loop
      vertex 14.1 0.6327372651524871 2.361568651546069
      vertex 14.1 1.7327348731368675 0.38413807314973525
      vertex 14.1 2.05 0.5492958444838019
    endloop
  endfacet
  facet normal 1 0 0
    outer loop
      vertex 14.1 0.6327372651524871 2.361568651546069
      vertex 14.1 2.05 0.5492958444838019
      vertex 14.1 2.3516633890392886 0.7414766184151333
    endloop
  endfacet
  facet normal 1 0 0
    outer loop
      vertex 14.1 0.9249999999999999 2.4978530029987884
      vertex 14.1 2.3516633890392886 0.7414766184151333
      vertex 14.1 2.6354291997148107 0.95921778321219
    endloop
  endfacet
  facet normal 1 0 0
    outer loop
      vertex 14.1 1.1891570779200975 2.6828177802298905
      vertex 14.1 2.6354291997148107 0.95921778321219
      vertex 14.1 2.899137802864845 1.2008621971351547
    endloop
  endfacet
  facet normal 1 0 0
    outer loop
      vertex 14.1 0.6327372651524871 2.361568651546069
      vertex 14.1 2.3516633890392886 0.7414766184151333
      vertex 14.1 0.9249999999999999 2.4978530029987884
    endloop
  endfacet
  facet normal 1 0 0
    outer loop
      vertex 14.1 0.9249999999999999 2.4978530029987884
      vertex 14.1 2.6354291997148107 0.95921778321219
      vertex 14.1 1.1891570779200975 2.6828177802298905
    endloop
  endfacet
  facet normal 1 0 0
    outer loop
      vertex 14.1 1.6021469970012112 3.175
      vertex 14.1 2.899137802864845 1.2008621971351547
      vertex 14.1 3.1407822167878097 1.464570800285189
    endloop
  endfacet
  facet normal -1 0 0
    outer loop
      vertex 19.9 0.6327372651524871 2.361568651546069
      vertex 19.9 0.35733854526539843 0.01560173782384311
      vertex 19.9 0 0
    endloop
  endfacet
  facet normal -1 0 0
    outer loop
      vertex 19.9 0.6327372651524871 2.361568651546069
      vertex 19.9 0.7119575284344143 0.062288212649947106
      vertex 19.9 0.35733854526539843 0.01560173782384311
    endloop
  endfacet
  facet normal -1 0 0
    outer loop
      vertex 19.9 0.6327372651524871 2.361568651546069
      vertex 19.9 1.061158084920335 0.1397041122148197
      vertex 19.9 0.7119575284344143 0.062288212649947106
    endloop
  endfacet
  facet normal -1 0 0
    outer loop
      vertex 19.9 0.6327372651524871 2.361568651546069
      vertex 19.9 1.4022825876352416 0.24726025477777558
      vertex 19.9 1.061158084920335 0.1397041122148197
    endloop
  endfacet
  facet normal -1 0 0
    outer loop
      vertex 19.9 0.6327372651524871 2.361568651546069
      vertex 19.9 1.7327348731368675 0.38413807314973525
      vertex 19.9 1.4022825876352416 0.24726025477777558
    endloop
  endfacet
  facet normal -1 0 0
    outer loop
      vertex 19.9 -1.6021469970012112 3.175
      vertex 19.9 0 0
      vertex 19.9 -6.6 0
    endloop
  endfacet
  facet normal -1 0 0
    outer loop
      vertex 19.9 -0.3212491286838211 2.2781056569274147
      vertex 19.9 0 2.25
      vertex 19.9 0 0
    endloop
  endfacet
  facet normal -1 0 0
    outer loop
      vertex 19.9 0 2.25
      vertex 19.9 0.3212491286838211 2.2781056569274147
      vertex 19.9 0 0
    endloop
  endfacet
  facet normal -1 0 0
    outer loop
      vertex 19.9 -0.9249999999999999 2.4978530029987884
      vertex 19.9 0 0
      vertex 19.9 -1.1891570779200975 2.6828177802298905
    endloop
  endfacet
  facet normal -1 0 0
    outer loop
      vertex 19.9 -0.3212491286838211 2.2781056569274147
      vertex 19.9 0 0
      vertex 19.9 -0.6327372651524871 2.361568651546069
    endloop
  endfacet
  facet normal -1 0 0
    outer loop
      vertex 19.9 -0.9249999999999999 2.4978530029987884
      vertex 19.9 -0.6327372651524871 2.361568651546069
      vertex 19.9 0 0
    endloop
  endfacet
  facet normal -1 0 0
    outer loop
      vertex 19.9 0.3212491286838211 2.2781056569274147
      vertex 19.9 0.6327372651524871 2.361568651546069
      vertex 19.9 0 0
    endloop
  endfacet
  facet normal -1 0 0
    outer loop
      vertex 19.9 -1.1891570779200975 2.6828177802298905
      vertex 19.9 0 0
      vertex 19.9 -1.4171822197701092 2.910842922079902
    endloop
  endfacet
  facet normal -1 0 0
    outer loop
      vertex 19.9 -1.4171822197701092 2.910842922079902
      vertex 19.9 0 0
      vertex 19.9 -1.6021469970012112 3.175
    endloop
  endfacet
  facet normal -1 0 0
    outer loop
      vertex 19.9 0.6327372651524871 2.361568651546069
      vertex 19.9 2.05 0.5492958444838019
      vertex 19.9 1.7327348731368675 0.38413807314973525
    endloop
  endfacet
  facet normal -1 0 0
    outer loop
      vertex 19.9 0.6327372651524871 2.361568651546069
      vertex 19.9 2.3516633890392886 0.7414766184151333
      vertex 19.9 2.05 0.5492958444838019
    endloop
  endfacet
  facet normal -1 0 0
    outer loop
      vertex 19.9 0.6327372651524871 2.361568651546069
      vertex 19.9 2.6354291997148107 0.95921778321219
      vertex 19.9 2.3516633890392886 0.7414766184151333
    endloop
  endfacet
  facet normal -1 0 0
    outer loop
      vertex 19.9 0.9249999999999999 2.4978530029987884
      vertex 19.9 2.899137802864845 1.2008621971351547
      vertex 19.9 2.6354291997148107 0.95921778321219
    endloop
  endfacet
  facet normal -1 0 0
    outer loop
      vertex 19.9 0.6327372651524871 2.361568651546069
      vertex 19.9 0.9249999999999999 2.4978530029987884
      vertex 19.9 2.6354291997148107 0.95921778321219
    endloop
  endfacet
  facet normal -1 0 0
    outer loop
      vertex 19.9 1.1891570779200975 2.6828177802298905
      vertex 19.9 3.1407822167878097 1.464570800285189
      vertex 19.9 2.899137802864845 1.2008621971351547
    endloop
  endfacet
  facet normal 0 1 0
    outer loop
      vertex 14.1 -6.6 0
      vertex 14.1 -6.6 7.595554084316713
      vertex 19.9 -6.6 0
    endloop
  endfacet
  facet normal 1 0 0
    outer loop
      vertex 14.1 -1.7384313484539304 3.4672627348475125
      vertex 14.1 -6.6 7.595554084316713
      vertex 14.1 -6.6 0
    endloop
  endfacet
  facet normal 1 0 0
    outer loop
      vertex 14.1 -1.6021469970012112 3.175
      vertex 14.1 -1.7384313484539304 3.4672627348475125
      vertex 14.1 -6.6 0
    endloop
  endfacet
  facet normal 1 0 0
    outer loop
      vertex 14.1 1.1891570779200975 2.6828177802298905
      vertex 14.1 2.899137802864845 1.2008621971351547
      vertex 14.1 1.4171822197701092 2.910842922079902
    endloop
  endfacet
  facet normal 1 0 0
    outer loop
      vertex 14.1 1.4171822197701092 2.910842922079902
      vertex 14.1 2.899137802864845 1.2008621971351547
      vertex 14.1 1.6021469970012112 3.175
    endloop
  endfacet
  facet normal 1 0 0
    outer loop
      vertex 14.1 1.7384313484539304 3.4672627348475125
      vertex 14.1 3.1407822167878097 1.464570800285189
      vertex 14.1 3.3585233815848663 1.748336610960711
    endloop
  endfacet
  facet normal 1 0 0
    outer loop
      vertex 14.1 1.6021469970012112 3.175
      vertex 14.1 3.1407822167878097 1.464570800285189
      vertex 14.1 1.7384313484539304 3.4672627348475125
    endloop
  endfacet
  facet normal 1 0 0
    outer loop
      vertex 14.1 1.7384313484539304 4.732737265152487
      vertex 14.1 3.3585233815848663 1.748336610960711
      vertex 14.1 3.550704155516198 2.05
    endloop
  endfacet
  facet normal 1 0 0
    outer loop
      vertex 14.1 1.7384313484539304 3.4672627348475125
      vertex 14.1 3.3585233815848663 1.748336610960711
      vertex 14.1 1.8218943430725847 3.7787508713161784
    endloop
  endfacet
  facet normal 1 0 0
    outer loop
      vertex 14.1 1.7384313484539304 4.732737265152487
      vertex 14.1 3.550704155516198 2.05
      vertex 14.1 3.7158619268502644 2.367265126863132
    endloop
  endfacet
  facet normal 1 0 0
    outer loop
      vertex 14.1 1.8218943430725847 3.7787508713161784
      vertex 14.1 3.3585233815848663 1.748336610960711
      vertex 14.1 1.8499999999999999 4.1
    endloop
  endfacet
  facet normal 1 0 0
    outer loop
      vertex 14.1 1.7384313484539304 4.732737265152487
      vertex 14.1 3.7158619268502644 2.367265126863132
      vertex 14.1 3.852739745222224 2.6977174123647583
    endloop
  endfacet
  facet normal 1 0 0
    outer loop
      vertex 14.1 1.8499999999999999 4.1
      vertex 14.1 3.3585233815848663 1.748336610960711
      vertex 14.1 1.8218943430725847 4.4212491286838205
    endloop
  endfacet
  facet normal 1 0 0
    outer loop
      vertex 14.1 1.7384313484539304 4.732737265152487
      vertex 14.1 3.852739745222224 2.6977174123647583
      vertex 14.1 3.96029588778518 3.0388419150796646
    endloop
  endfacet
  facet normal 1 0 0
    outer loop
      vertex 14.1 1.8218943430725847 4.4212491286838205
      vertex 14.1 3.3585233815848663 1.748336610960711
      vertex 14.1 1.7384313484539304 4.732737265152487
    endloop
  endfacet
  facet normal 1 0 0
    outer loop
      vertex 14.1 1.7384313484539304 4.732737265152487
      vertex 14.1 3.96029588778518 3.0388419150796646
      vertex 14.1 4.0377117873500525 3.3880424715655852
    endloop
  endfacet
  facet normal 1 0 0
    outer loop
      vertex 14.1 1.7384313484539304 4.732737265152487
      vertex 14.1 4.0377117873500525 3.3880424715655852
      vertex 14.1 4.0843982621761565 3.742661454734601
    endloop
  endfacet
  facet normal -1 0 0
    outer loop
      vertex 19.9 -1.7384313484539304 3.4672627348475125
      vertex 19.9 -6.6 0
      vertex 19.9 -6.6 7.595554084316713
    endloop
  endfacet
  facet normal -1 0 0
    outer loop
      vertex 19.9 -1.6021469970012112 3.175
      vertex 19.9 -6.6 0
      vertex 19.9 -1.7384313484539304 3.4672627348475125
    endloop
  endfacet
  facet normal -1 0 0
    outer loop
      vertex 19.9 0.9249999999999999 2.4978530029987884
      vertex 19.9 1.1891570779200975 2.6828177802298905
      vertex 19.9 2.899137802864845 1.2008621971351547
    endloop
  endfacet
  facet normal -1 0 0
    outer loop
      vertex 19.9 1.1891570779200975 2.6828177802298905
      vertex 19.9 1.4171822197701092 2.910842922079902
      vertex 19.9 3.1407822167878097 1.464570800285189
    endloop
  endfacet
  facet normal -1 0 0
    outer loop
      vertex 19.9 1.4171822197701092 2.910842922079902
      vertex 19.9 1.6021469970012112 3.175
      vertex 19.9 3.1407822167878097 1.464570800285189
    endloop
  endfacet
  facet normal -1 0 0
    outer loop
      vertex 19.9 1.6021469970012112 3.175
      vertex 19.9 3.3585233815848663 1.748336610960711
      vertex 19.9 3.1407822167878097 1.464570800285189
    endloop
  endfacet
  facet normal -1 0 0
    outer loop
      vertex 19.9 1.7384313484539304 3.4672627348475125
      vertex 19.9 3.550704155516198 2.05
      vertex 19.9 3.3585233815848663 1.748336610960711
    endloop
  endfacet
  facet normal -1 0 0
    outer loop
      vertex 19.9 1.6021469970012112 3.175
      vertex 19.9 1.7384313484539304 3.4672627348475125
      vertex 19.9 3.3585233815848663 1.748336610960711
    endloop
  endfacet
  facet normal -1 0 0
    outer loop
      vertex 19.9 1.7384313484539304 3.4672627348475125
      vertex 19.9 3.7158619268502644 2.367265126863132
      vertex 19.9 3.550704155516198 2.05
    endloop
  endfacet
  facet normal -1 0 0
    outer loop
      vertex 19.9 1.7384313484539304 3.4672627348475125
      vertex 19.9 3.852739745222224 2.6977174123647583
      vertex 19.9 3.7158619268502644 2.367265126863132
    endloop
  endfacet
  facet normal -1 0 0
    outer loop
      vertex 19.9 1.7384313484539304 3.4672627348475125
      vertex 19.9 3.96029588778518 3.0388419150796646
      vertex 19.9 3.852739745222224 2.6977174123647583
    endloop
  endfacet
  facet normal -1 0 0
    outer loop
      vertex 19.9 1.7384313484539304 3.4672627348475125
      vertex 19.9 4.0377117873500525 3.3880424715655852
      vertex 19.9 3.96029588778518 3.0388419150796646
    endloop
  endfacet
  facet normal -1 0 0
    outer loop
      vertex 19.9 1.7384313484539304 3.4672627348475125
      vertex 19.9 4.0843982621761565 3.742661454734601
      vertex 19.9 4.0377117873500525 3.3880424715655852
    endloop
  endfacet
  facet normal -1 0 0
    outer loop
      vertex 19.9 1.7384313484539304 3.4672627348475125
      vertex 19.9 4.1 4.1
      vertex 19.9 4.0843982621761565 3.742661454734601
    endloop
  endfacet
  facet normal -1 0 0
    outer loop
      vertex 19.9 1.7384313484539304 3.4672627348475125
      vertex 19.9 4.0843982621761565 4.457338545265398
      vertex 19.9 4.1 4.1
    endloop
  endfacet
  facet normal 1 0 0
    outer loop
      vertex 14.1 -1.7384313484539304 3.4672627348475125
      vertex 14.1 -1.8218943430725847 3.7787508713161784
      vertex 14.1 -6.6 7.595554084316713
    endloop
  endfacet
  facet normal 0 1 0
    outer loop
      vertex 19.9 -6.6 0
      vertex 14.1 -6.6 7.595554084316713
      vertex 19.9 -6.6 7.595554084316713
    endloop
  endfacet
  facet normal 1 0 0
    outer loop
      vertex 14.1 -1.8218943430725847 3.7787508713161784
      vertex 14.1 -1.8499999999999999 4.1
      vertex 14.1 -6.6 7.595554084316713
    endloop
  endfacet
  facet normal 1 0 0
    outer loop
      vertex 14.1 -1.8499999999999999 4.1
      vertex 14.1 -1.8218943430725847 4.4212491286838205
      vertex 14.1 -6.6 7.595554084316713
    endloop
  endfacet
  facet normal 1 0 0
    outer loop
      vertex 14.1 -1.8218943430725847 4.4212491286838205
      vertex 14.1 -1.7384313484539304 4.732737265152487
      vertex 14.1 -6.6 7.595554084316713
    endloop
  endfacet
  facet normal 1 0 0
    outer loop
      vertex 14.1 1.7384313484539304 4.732737265152487
      vertex 14.1 4.0843982621761565 3.742661454734601
      vertex 14.1 4.1 4.1
    endloop
  endfacet
  facet normal 1 0 0
    outer loop
      vertex 14.1 1.7384313484539304 4.732737265152487
      vertex 14.1 4.1 4.1
      vertex 14.1 4.0843982621761565 4.457338545265398
    endloop
  endfacet
  facet normal 1 0 0
    outer loop
      vertex 14.1 1.7384313484539304 4.732737265152487
      vertex 14.1 4.0843982621761565 4.457338545265398
      vertex 14.1 4.0377117873500525 4.811957528434414
    endloop
  endfacet
  facet normal 1 0 0
    outer loop
      vertex 14.1 1.7384313484539304 4.732737265152487
      vertex 14.1 4.0377117873500525 4.811957528434414
      vertex 14.1 3.96029588778518 5.161158084920334
    endloop
  endfacet
  facet normal 1 0 0
    outer loop
      vertex 14.1 -1.7384313484539304 4.732737265152487
      vertex 14.1 -1.6021469970012112 5.0249999999999995
      vertex 14.1 -0.35733854526539843 8.184398262176156
    endloop
  endfacet
  facet normal 1 0 0
    outer loop
      vertex 14.1 1.7384313484539304 4.732737265152487
      vertex 14.1 3.3585233815848663 6.451663389039288
      vertex 14.1 1.6021469970012112 5.0249999999999995
    endloop
  endfacet
  facet normal 1 0 0
    outer loop
      vertex 14.1 1.7384313484539304 4.732737265152487
      vertex 14.1 3.852739745222224 5.502282587635241
      vertex 14.1 3.7158619268502644 5.832734873136867
    endloop
  endfacet
  facet normal 1 0 0
    outer loop
      vertex 14.1 1.7384313484539304 4.732737265152487
      vertex 14.1 3.96029588778518 5.161158084920334
      vertex 14.1 3.852739745222224 5.502282587635241
    endloop
  endfacet
  facet normal 1 0 0
    outer loop
      vertex 14.1 1.7384313484539304 4.732737265152487
      vertex 14.1 3.7158619268502644 5.832734873136867
      vertex 14.1 3.550704155516198 6.1499999999999995
    endloop
  endfacet
  facet normal 1 0 0
    outer loop
      vertex 14.1 1.6021469970012112 5.0249999999999995
      vertex 14.1 3.1407822167878097 6.73542919971481
      vertex 14.1 1.4171822197701092 5.289157077920097
    endloop
  endfacet
  facet normal 1 0 0
    outer loop
      vertex 14.1 1.7384313484539304 4.732737265152487
      vertex 14.1 3.550704155516198 6.1499999999999995
      vertex 14.1 3.3585233815848663 6.451663389039288
    endloop
  endfacet
  facet normal 1 0 0
    outer loop
      vertex 14.1 1.6021469970012112 5.0249999999999995
      vertex 14.1 3.3585233815848663 6.451663389039288
      vertex 14.1 3.1407822167878097 6.73542919971481
    endloop
  endfacet
  facet normal -1 0 0
    outer loop
      vertex 19.9 -1.7384313484539304 3.4672627348475125
      vertex 19.9 -6.6 7.595554084316713
      vertex 19.9 -1.8218943430725847 3.7787508713161784
    endloop
  endfacet
  facet normal -1 0 0
    outer loop
      vertex 19.9 -1.8218943430725847 3.7787508713161784
      vertex 19.9 -6.6 7.595554084316713
      vertex 19.9 -1.8499999999999999 4.1
    endloop
  endfacet
  facet normal -1 0 0
    outer loop
      vertex 19.9 -1.8499999999999999 4.1
      vertex 19.9 -6.6 7.595554084316713
      vertex 19.9 -1.8218943430725847 4.4212491286838205
    endloop
  endfacet
  facet normal -1 0 0
    outer loop
      vertex 19.9 -1.8218943430725847 4.4212491286838205
      vertex 19.9 -6.6 7.595554084316713
      vertex 19.9 -1.7384313484539304 4.732737265152487
    endloop
  endfacet
  facet normal -1 0 0
    outer loop
      vertex 19.9 1.7384313484539304 3.4672627348475125
      vertex 19.9 4.0377117873500525 4.811957528434414
      vertex 19.9 4.0843982621761565 4.457338545265398
    endloop
  endfacet
  facet normal -1 0 0
    outer loop
      vertex 19.9 1.7384313484539304 3.4672627348475125
      vertex 19.9 1.8218943430725847 3.7787508713161784
      vertex 19.9 3.3585233815848663 6.451663389039288
    endloop
  endfacet
  facet normal -1 0 0
    outer loop
      vertex 19.9 1.7384313484539304 3.4672627348475125
      vertex 19.9 3.96029588778518 5.161158084920334
      vertex 19.9 4.0377117873500525 4.811957528434414
    endloop
  endfacet
  facet normal -1 0 0
    outer loop
      vertex 19.9 1.8218943430725847 3.7787508713161784
      vertex 19.9 1.8499999999999999 4.1
      vertex 19.9 3.3585233815848663 6.451663389039288
    endloop
  endfacet
  facet normal -1 0 0
    outer loop
      vertex 19.9 1.7384313484539304 3.4672627348475125
      vertex 19.9 3.852739745222224 5.502282587635241
      vertex 19.9 3.96029588778518 5.161158084920334
    endloop
  endfacet
  facet normal -1 0 0
    outer loop
      vertex 19.9 1.8499999999999999 4.1
      vertex 19.9 1.8218943430725847 4.4212491286838205
      vertex 19.9 3.3585233815848663 6.451663389039288
    endloop
  endfacet
  facet normal -1 0 0
    outer loop
      vertex 19.9 1.7384313484539304 3.4672627348475125
      vertex 19.9 3.7158619268502644 5.832734873136867
      vertex 19.9 3.852739745222224 5.502282587635241
    endloop
  endfacet
  facet normal -1 0 0
    outer loop
      vertex 19.9 -1.7384313484539304 4.732737265152487
      vertex 19.9 -6.6 7.595554084316713
      vertex 19.9 -1.6021469970012112 5.0249999999999995
    endloop
  endfacet
  facet normal -1 0 0
    outer loop
      vertex 19.9 -1.6021469970012112 5.0249999999999995
      vertex 19.9 -6.6 7.595554084316713
      vertex 19.9 -1.4171822197701092 5.289157077920097
    endloop
  endfacet
  facet normal -1 0 0
    outer loop
      vertex 19.9 1.7384313484539304 4.732737265152487
      vertex 19.9 1.6021469970012112 5.0249999999999995
      vertex 19.9 3.1407822167878097 6.73542919971481
    endloop
  endfacet
  facet normal -1 0 0
    outer loop
      vertex 19.9 1.8218943430725847 4.4212491286838205
      vertex 19.9 1.7384313484539304 4.732737265152487
      vertex 19.9 3.3585233815848663 6.451663389039288
    endloop
  endfacet
  facet normal -1 0 0
    outer loop
      vertex 19.9 1.7384313484539304 3.4672627348475125
      vertex 19.9 3.550704155516198 6.1499999999999995
      vertex 19.9 3.7158619268502644 5.832734873136867
    endloop
  endfacet
  facet normal -1 0 0
    outer loop
      vertex 19.9 1.7384313484539304 3.4672627348475125
      vertex 19.9 3.3585233815848663 6.451663389039288
      vertex 19.9 3.550704155516198 6.1499999999999995
    endloop
  endfacet
  facet normal -1 0 0
    outer loop
      vertex 19.9 1.6021469970012112 5.0249999999999995
      vertex 19.9 1.4171822197701092 5.289157077920097
      vertex 19.9 2.899137802864845 6.999137802864844
    endloop
  endfacet
  facet normal -1 0 0
    outer loop
      vertex 19.9 1.7384313484539304 4.732737265152487
      vertex 19.9 3.1407822167878097 6.73542919971481
      vertex 19.9 3.3585233815848663 6.451663389039288
    endloop
  endfacet
  facet normal 1 0 0
    outer loop
      vertex 14.1 -1.6021469970012112 5.0249999999999995
      vertex 14.1 -1.4171822197701092 5.289157077920097
      vertex 14.1 -0.35733854526539843 8.184398262176156
    endloop
  endfacet
  facet normal 1 0 0
    outer loop
      vertex 14.1 -1.7384313484539304 4.732737265152487
      vertex 14.1 -0.35733854526539843 8.184398262176156
      vertex 14.1 -6.6 7.595554084316713
    endloop
  endfacet
  facet normal 1 0 0
    outer loop
      vertex 14.1 -1.4171822197701092 5.289157077920097
      vertex 14.1 -0.24574561328669753 6.862072930905313
      vertex 14.1 -0.35733854526539843 8.184398262176156
    endloop
  endfacet
  facet normal 1 0 0
    outer loop
      vertex 14.1 1.4171822197701092 5.289157077920097
      vertex 14.1 2.05 7.650704155516197
      vertex 14.1 0.24574561328669753 6.862072930905313
    endloop
  endfacet
  facet normal 1 0 0
    outer loop
      vertex 14.1 1.4171822197701092 5.289157077920097
      vertex 14.1 3.1407822167878097 6.73542919971481
      vertex 14.1 2.899137802864845 6.999137802864844
    endloop
  endfacet
  facet normal 1 0 0
    outer loop
      vertex 14.1 1.4171822197701092 5.289157077920097
      vertex 14.1 2.899137802864845 6.999137802864844
      vertex 14.1 2.6354291997148107 7.240782216787809
    endloop
  endfacet
  facet normal 1 0 0
    outer loop
      vertex 14.1 1.4171822197701092 5.289157077920097
      vertex 14.1 2.6354291997148107 7.240782216787809
      vertex 14.1 2.3516633890392886 7.458523381584866
    endloop
  endfacet
  facet normal 1 0 0
    outer loop
      vertex 14.1 1.4171822197701092 5.289157077920097
      vertex 14.1 2.3516633890392886 7.458523381584866
      vertex 14.1 2.05 7.650704155516197
    endloop
  endfacet
  facet normal 1 0 0
    outer loop
      vertex 14.1 0.24574561328669753 6.862072930905313
      vertex 14.1 2.05 7.650704155516197
      vertex 14.1 0.2298133329356934 6.882836282905961
    endloop
  endfacet
  facet normal 1 0 0
    outer loop
      vertex 14.1 0.21213203435596426 6.902132034355963
      vertex 14.1 0.2298133329356934 6.882836282905961
      vertex 14.1 2.05 7.650704155516197
    endloop
  endfacet
  facet normal 1 0 0
    outer loop
      vertex 14.1 -0.15 6.9498076211353315
      vertex 14.1 -0.12678547852220984 6.961892336110994
      vertex 14.1 1.4022825876352416 7.952739745222224
    endloop
  endfacet
  facet normal 1 0 0
    outer loop
      vertex 14.1 -0.24574561328669753 6.862072930905313
      vertex 14.1 -0.2298133329356934 6.882836282905961
      vertex 14.1 -0.35733854526539843 8.184398262176156
    endloop
  endfacet
  facet normal 1 0 0
    outer loop
      vertex 14.1 -0.2298133329356934 6.882836282905961
      vertex 14.1 -0.21213203435596426 6.902132034355963
      vertex 14.1 -0.35733854526539843 8.184398262176156
    endloop
  endfacet
  facet normal 1 0 0
    outer loop
      vertex 14.1 -0.21213203435596426 6.902132034355963
      vertex 14.1 -0.19283628290596178 6.919813332935693
      vertex 14.1 -0.35733854526539843 8.184398262176156
    endloop
  endfacet
  facet normal 1 0 0
    outer loop
      vertex 14.1 -0.19283628290596178 6.919813332935693
      vertex 14.1 -0.1720729309053138 6.935745613286697
      vertex 14.1 -0.35733854526539843 8.184398262176156
    endloop
  endfacet
  facet normal 1 0 0
    outer loop
      vertex 14.1 -0.1720729309053138 6.935745613286697
      vertex 14.1 -0.15 6.9498076211353315
      vertex 14.1 -0.35733854526539843 8.184398262176156
    endloop
  endfacet
  facet normal 1 0 0
    outer loop
      vertex 14.1 -0.15 6.9498076211353315
      vertex 14.1 0 8.2
      vertex 14.1 -0.35733854526539843 8.184398262176156
    endloop
  endfacet
  facet normal 1 0 0
    outer loop
      vertex 14.1 -0.15 6.9498076211353315
      vertex 14.1 0.35733854526539843 8.184398262176156
      vertex 14.1 0 8.2
    endloop
  endfacet
  facet normal 1 0 0
    outer loop
      vertex 14.1 -0.15 6.9498076211353315
      vertex 14.1 0.7119575284344143 8.137711787350053
      vertex 14.1 0.35733854526539843 8.184398262176156
    endloop
  endfacet
  facet normal 1 0 0
    outer loop
      vertex 14.1 0.21213203435596426 6.902132034355963
      vertex 14.1 1.7327348731368675 7.815861926850264
      vertex 14.1 0.19283628290596178 6.919813332935693
    endloop
  endfacet
  facet normal 1 0 0
    outer loop
      vertex 14.1 0.19283628290596178 6.919813332935693
      vertex 14.1 1.7327348731368675 7.815861926850264
      vertex 14.1 0.1720729309053138 6.935745613286697
    endloop
  endfacet
  facet normal 1 0 0
    outer loop
      vertex 14.1 0.1720729309053138 6.935745613286697
      vertex 14.1 1.7327348731368675 7.815861926850264
      vertex 14.1 0.15 6.9498076211353315
    endloop
  endfacet
  facet normal 1 0 0
    outer loop
      vertex 14.1 -0.12678547852220984 6.961892336110994
      vertex 14.1 -0.10260604299770061 6.9719077862357715
      vertex 14.1 1.4022825876352416 7.952739745222224
    endloop
  endfacet
  facet normal 1 0 0
    outer loop
      vertex 14.1 -0.10260604299770061 6.9719077862357715
      vertex 14.1 -0.07764571353075622 6.97977774788672
      vertex 14.1 1.4022825876352416 7.952739745222224
    endloop
  endfacet
  facet normal 1 0 0
    outer loop
      vertex 14.1 0.15 6.9498076211353315
      vertex 14.1 1.7327348731368675 7.815861926850264
      vertex 14.1 0.12678547852220984 6.961892336110994
    endloop
  endfacet
  facet normal 1 0 0
    outer loop
      vertex 14.1 0.12678547852220984 6.961892336110994
      vertex 14.1 1.7327348731368675 7.815861926850264
      vertex 14.1 0.10260604299770061 6.9719077862357715
    endloop
  endfacet
  facet normal 1 0 0
    outer loop
      vertex 14.1 0.07764571353075622 6.97977774788672
      vertex 14.1 0.10260604299770061 6.9719077862357715
      vertex 14.1 1.7327348731368675 7.815861926850264
    endloop
  endfacet
  facet normal 1 0 0
    outer loop
      vertex 14.1 -0.07764571353075622 6.97977774788672
      vertex 14.1 -0.0520944533000791 6.985442325903662
      vertex 14.1 1.4022825876352416 7.952739745222224
    endloop
  endfacet
  facet normal 1 0 0
    outer loop
      vertex 14.1 -0.0520944533000791 6.985442325903662
      vertex 14.1 -0.02614672282429745 6.9888584094275235
      vertex 14.1 1.4022825876352416 7.952739745222224
    endloop
  endfacet
  facet normal 1 0 0
    outer loop
      vertex 14.1 -0.02614672282429745 6.9888584094275235
      vertex 14.1 0 6.989999999999999
      vertex 14.1 1.4022825876352416 7.952739745222224
    endloop
  endfacet
  facet normal 1 0 0
    outer loop
      vertex 14.1 0.02614672282429745 6.9888584094275235
      vertex 14.1 1.4022825876352416 7.952739745222224
      vertex 14.1 0 6.989999999999999
    endloop
  endfacet
  facet normal 1 0 0
    outer loop
      vertex 14.1 0.02614672282429745 6.9888584094275235
      vertex 14.1 0.0520944533000791 6.985442325903662
      vertex 14.1 1.4022825876352416 7.952739745222224
    endloop
  endfacet
  facet normal 1 0 0
    outer loop
      vertex 14.1 0.0520944533000791 6.985442325903662
      vertex 14.1 0.07764571353075622 6.97977774788672
      vertex 14.1 1.4022825876352416 7.952739745222224
    endloop
  endfacet
  facet normal 1 0 0
    outer loop
      vertex 14.1 -0.15 6.9498076211353315
      vertex 14.1 1.4022825876352416 7.952739745222224
      vertex 14.1 1.061158084920335 8.06029588778518
    endloop
  endfacet
  facet normal 1 0 0
    outer loop
      vertex 14.1 0.07764571353075622 6.97977774788672
      vertex 14.1 1.7327348731368675 7.815861926850264
      vertex 14.1 1.4022825876352416 7.952739745222224
    endloop
  endfacet
  facet normal 1 0 0
    outer loop
      vertex 14.1 0.21213203435596426 6.902132034355963
      vertex 14.1 2.05 7.650704155516197
      vertex 14.1 1.7327348731368675 7.815861926850264
    endloop
  endfacet
  facet normal 1 0 0
    outer loop
      vertex 14.1 -0.15 6.9498076211353315
      vertex 14.1 1.061158084920335 8.06029588778518
      vertex 14.1 0.7119575284344143 8.137711787350053
    endloop
  endfacet
  facet normal -1 0 0
    outer loop
      vertex 19.9 -1.4171822197701092 5.289157077920097
      vertex 19.9 -6.6 7.595554084316713
      vertex 19.9 -0.24574561328669753 6.862072930905313
    endloop
  endfacet
  facet normal -1 0 0
    outer loop
      vertex 19.9 -0.24574561328669753 6.862072930905313
      vertex 19.9 -6.6 7.595554084316713
      vertex 19.9 -0.2298133329356934 6.882836282905961
    endloop
  endfacet
  facet normal -1 0 0
    outer loop
      vertex 19.9 -0.2298133329356934 6.882836282905961
      vertex 19.9 -6.6 7.595554084316713
      vertex 19.9 -0.21213203435596426 6.902132034355963
    endloop
  endfacet
  facet normal -1 0 0
    outer loop
      vertex 19.9 -0.21213203435596426 6.902132034355963
      vertex 19.9 -6.6 7.595554084316713
      vertex 19.9 -0.19283628290596178 6.919813332935693
    endloop
  endfacet
  facet normal -1 0 0
    outer loop
      vertex 19.9 -0.19283628290596178 6.919813332935693
      vertex 19.9 -6.6 7.595554084316713
      vertex 19.9 -0.1720729309053138 6.935745613286697
    endloop
  endfacet
  facet normal -1 0 0
    outer loop
      vertex 19.9 -0.1720729309053138 6.935745613286697
      vertex 19.9 -6.6 7.595554084316713
      vertex 19.9 -0.15 6.9498076211353315
    endloop
  endfacet
  facet normal -1 0 0
    outer loop
      vertex 19.9 1.4171822197701092 5.289157077920097
      vertex 19.9 0.24574561328669753 6.862072930905313
      vertex 19.9 1.7327348731368675 7.815861926850264
    endloop
  endfacet
  facet normal -1 0 0
    outer loop
      vertex 19.9 1.6021469970012112 5.0249999999999995
      vertex 19.9 2.899137802864845 6.999137802864844
      vertex 19.9 3.1407822167878097 6.73542919971481
    endloop
  endfacet
  facet normal -1 0 0
    outer loop
      vertex 19.9 1.4171822197701092 5.289157077920097
      vertex 19.9 2.6354291997148107 7.240782216787809
      vertex 19.9 2.899137802864845 6.999137802864844
    endloop
  endfacet
  facet normal -1 0 0
    outer loop
      vertex 19.9 1.4171822197701092 5.289157077920097
      vertex 19.9 2.3516633890392886 7.458523381584866
      vertex 19.9 2.6354291997148107 7.240782216787809
    endloop
  endfacet
  facet normal -1 0 0
    outer loop
      vertex 19.9 1.4171822197701092 5.289157077920097
      vertex 19.9 1.7327348731368675 7.815861926850264
      vertex 19.9 2.05 7.650704155516197
    endloop
  endfacet
  facet normal -1 0 0
    outer loop
      vertex 19.9 1.4171822197701092 5.289157077920097
      vertex 19.9 2.05 7.650704155516197
      vertex 19.9 2.3516633890392886 7.458523381584866
    endloop
  endfacet
  facet normal -1 0 0
    outer loop
      vertex 19.9 -0.15 6.9498076211353315
      vertex 19.9 -6.6 7.595554084316713
      vertex 19.9 -0.35733854526539843 8.184398262176156
    endloop
  endfacet
  facet normal -1 0 0
    outer loop
      vertex 19.9 -0.15 6.9498076211353315
      vertex 19.9 1.4022825876352416 7.952739745222224
      vertex 19.9 -0.12678547852220984 6.961892336110994
    endloop
  endfacet
  facet normal -1 0 0
    outer loop
      vertex 19.9 -0.15 6.9498076211353315
      vertex 19.9 -0.35733854526539843 8.184398262176156
      vertex 19.9 0 8.2
    endloop
  endfacet
  facet normal -1 0 0
    outer loop
      vertex 19.9 -0.15 6.9498076211353315
      vertex 19.9 0 8.2
      vertex 19.9 0.35733854526539843 8.184398262176156
    endloop
  endfacet
  facet normal -1 0 0
    outer loop
      vertex 19.9 -0.15 6.9498076211353315
      vertex 19.9 0.35733854526539843 8.184398262176156
      vertex 19.9 0.7119575284344143 8.137711787350053
    endloop
  endfacet
  facet normal -1 0 0
    outer loop
      vertex 19.9 0.21213203435596426 6.902132034355963
      vertex 19.9 1.7327348731368675 7.815861926850264
      vertex 19.9 0.2298133329356934 6.882836282905961
    endloop
  endfacet
  facet normal -1 0 0
    outer loop
      vertex 19.9 0.24574561328669753 6.862072930905313
      vertex 19.9 0.2298133329356934 6.882836282905961
      vertex 19.9 1.7327348731368675 7.815861926850264
    endloop
  endfacet
  facet normal -1 0 0
    outer loop
      vertex 19.9 0.21213203435596426 6.902132034355963
      vertex 19.9 0.19283628290596178 6.919813332935693
      vertex 19.9 1.4022825876352416 7.952739745222224
    endloop
  endfacet
  facet normal -1 0 0
    outer loop
      vertex 19.9 0.19283628290596178 6.919813332935693
      vertex 19.9 0.1720729309053138 6.935745613286697
      vertex 19.9 1.4022825876352416 7.952739745222224
    endloop
  endfacet
  facet normal -1 0 0
    outer loop
      vertex 19.9 -0.12678547852220984 6.961892336110994
      vertex 19.9 1.4022825876352416 7.952739745222224
      vertex 19.9 -0.10260604299770061 6.9719077862357715
    endloop
  endfacet
  facet normal -1 0 0
    outer loop
      vertex 19.9 -0.10260604299770061 6.9719077862357715
      vertex 19.9 1.4022825876352416 7.952739745222224
      vertex 19.9 -0.07764571353075622 6.97977774788672
    endloop
  endfacet
  facet normal -1 0 0
    outer loop
      vertex 19.9 0.1720729309053138 6.935745613286697
      vertex 19.9 0.15 6.9498076211353315
      vertex 19.9 1.4022825876352416 7.952739745222224
    endloop
  endfacet
  facet normal -1 0 0
    outer loop
      vertex 19.9 0.15 6.9498076211353315
      vertex 19.9 0.12678547852220984 6.961892336110994
      vertex 19.9 1.4022825876352416 7.952739745222224
    endloop
  endfacet
  facet normal -1 0 0
    outer loop
      vertex 19.9 0.07764571353075622 6.97977774788672
      vertex 19.9 1.4022825876352416 7.952739745222224
      vertex 19.9 0.10260604299770061 6.9719077862357715
    endloop
  endfacet
  facet normal -1 0 0
    outer loop
      vertex 19.9 0.12678547852220984 6.961892336110994
      vertex 19.9 0.10260604299770061 6.9719077862357715
      vertex 19.9 1.4022825876352416 7.952739745222224
    endloop
  endfacet
  facet normal -1 0 0
    outer loop
      vertex 19.9 -0.07764571353075622 6.97977774788672
      vertex 19.9 1.4022825876352416 7.952739745222224
      vertex 19.9 -0.0520944533000791 6.985442325903662
    endloop
  endfacet
  facet normal -1 0 0
    outer loop
      vertex 19.9 -0.0520944533000791 6.985442325903662
      vertex 19.9 1.4022825876352416 7.952739745222224
      vertex 19.9 -0.02614672282429745 6.9888584094275235
    endloop
  endfacet
  facet normal -1 0 0
    outer loop
      vertex 19.9 -0.02614672282429745 6.9888584094275235
      vertex 19.9 1.4022825876352416 7.952739745222224
      vertex 19.9 0 6.989999999999999
    endloop
  endfacet
  facet normal -1 0 0
    outer loop
      vertex 19.9 0.02614672282429745 6.9888584094275235
      vertex 19.9 0 6.989999999999999
      vertex 19.9 1.4022825876352416 7.952739745222224
    endloop
  endfacet
  facet normal -1 0 0
    outer loop
      vertex 19.9 0.02614672282429745 6.9888584094275235
      vertex 19.9 1.4022825876352416 7.952739745222224
      vertex 19.9 0.0520944533000791 6.985442325903662
    endloop
  endfacet
  facet normal -1 0 0
    outer loop
      vertex 19.9 0.0520944533000791 6.985442325903662
      vertex 19.9 1.4022825876352416 7.952739745222224
      vertex 19.9 0.07764571353075622 6.97977774788672
    endloop
  endfacet
  facet normal -1 0 0
    outer loop
      vertex 19.9 0.21213203435596426 6.902132034355963
      vertex 19.9 1.4022825876352416 7.952739745222224
      vertex 19.9 1.7327348731368675 7.815861926850264
    endloop
  endfacet
  facet normal -1 0 0
    outer loop
      vertex 19.9 -0.15 6.9498076211353315
      vertex 19.9 1.061158084920335 8.06029588778518
      vertex 19.9 1.4022825876352416 7.952739745222224
    endloop
  endfacet
  facet normal -1 0 0
    outer loop
      vertex 19.9 -0.15 6.9498076211353315
      vertex 19.9 0.7119575284344143 8.137711787350053
      vertex 19.9 1.061158084920335 8.06029588778518
    endloop
  endfacet
  facet normal 0 0.0871557427476571 0.9961946980917457
    outer loop
      vertex -22.2 -0.3212491286838211 2.2781056569274147
      vertex -19.9 -0.3212491286838211 2.2781056569274147
      vertex -22.2 0 2.25
    endloop
  endfacet
  facet normal 0 -0.0871557427476571 0.9961946980917457
    outer loop
      vertex -22.2 0 2.25
      vertex -19.9 0 2.25
      vertex -22.2 0.3212491286838211 2.2781056569274147
    endloop
  endfacet
  facet normal 0 0.258819045102521 0.9659258262890683
    outer loop
      vertex -22.2 -0.3212491286838211 2.2781056569274147
      vertex -19.9 -0.6327372651524871 2.361568651546069
      vertex -19.9 -0.3212491286838211 2.2781056569274147
    endloop
  endfacet
  facet normal 0 0.0871557427476571 0.9961946980917457
    outer loop
      vertex -22.2 0 2.25
      vertex -19.9 -0.3212491286838211 2.2781056569274147
      vertex -19.9 0 2.25
    endloop
  endfacet
  facet normal 0 -0.0871557427476571 0.9961946980917457
    outer loop
      vertex -22.2 0.3212491286838211 2.2781056569274147
      vertex -19.9 0 2.25
      vertex -19.9 0.3212491286838211 2.2781056569274147
    endloop
  endfacet
  facet normal 0 0.4226182617407 0.9063077870366498
    outer loop
      vertex -22.2 -0.9249999999999999 2.4978530029987884
      vertex -19.9 -0.9249999999999999 2.4978530029987884
      vertex -22.2 -0.6327372651524871 2.361568651546069
    endloop
  endfacet
  facet normal 5.395701599729654e-19 0.258819045102521 0.9659258262890683
    outer loop
      vertex -22.2 -0.3212491286838211 2.2781056569274147
      vertex -22.2 -0.6327372651524871 2.361568651546069
      vertex -19.9 -0.6327372651524871 2.361568651546069
    endloop
  endfacet
  facet normal -4.105571846568754e-18 0.4226182617407 0.9063077870366498
    outer loop
      vertex -19.9 -0.9249999999999999 2.4978530029987884
      vertex -19.9 -0.6327372651524871 2.361568651546069
      vertex -22.2 -0.6327372651524871 2.361568651546069
    endloop
  endfacet
  facet normal 0 0.5735764363510462 0.8191520442889917
    outer loop
      vertex -22.2 -0.9249999999999999 2.4978530029987884
      vertex -19.9 -1.1891570779200975 2.6828177802298905
      vertex -19.9 -0.9249999999999999 2.4978530029987884
    endloop
  endfacet
  facet normal 0 0.8191520442889921 0.5735764363510457
    outer loop
      vertex -22.2 -1.4171822197701092 2.910842922079902
      vertex -19.9 -1.6021469970012112 3.175
      vertex -19.9 -1.4171822197701092 2.910842922079902
    endloop
  endfacet
  facet normal -1.4396758772874597e-18 0.5735764363510462 0.8191520442889917
    outer loop
      vertex -22.2 -0.9249999999999999 2.4978530029987884
      vertex -22.2 -1.1891570779200975 2.6828177802298905
      vertex -19.9 -1.1891570779200975 2.6828177802298905
    endloop
  endfacet
  facet normal 0 0.7071067811865471 0.7071067811865479
    outer loop
      vertex -22.2 -1.1891570779200975 2.6828177802298905
      vertex -19.9 -1.4171822197701092 2.910842922079902
      vertex -19.9 -1.1891570779200975 2.6828177802298905
    endloop
  endfacet
  facet normal -1.1512944149645552e-18 0.7071067811865471 0.7071067811865479
    outer loop
      vertex -22.2 -1.1891570779200975 2.6828177802298905
      vertex -22.2 -1.4171822197701092 2.910842922079902
      vertex -19.9 -1.4171822197701092 2.910842922079902
    endloop
  endfacet
  facet normal 0 -0.258819045102521 0.9659258262890683
    outer loop
      vertex -22.2 0.3212491286838211 2.2781056569274147
      vertex -19.9 0.3212491286838211 2.2781056569274147
      vertex -22.2 0.6327372651524871 2.361568651546069
    endloop
  endfacet
  facet normal 0 -0.4226182617407 0.9063077870366498
    outer loop
      vertex -22.2 0.6327372651524871 2.361568651546069
      vertex -19.9 0.6327372651524871 2.361568651546069
      vertex -22.2 0.9249999999999999 2.4978530029987884
    endloop
  endfacet
  facet normal 0 -0.5735764363510462 0.8191520442889917
    outer loop
      vertex -22.2 0.9249999999999999 2.4978530029987884
      vertex -19.9 0.9249999999999999 2.4978530029987884
      vertex -22.2 1.1891570779200975 2.6828177802298905
    endloop
  endfacet
  facet normal 0 -0.258819045102521 0.9659258262890683
    outer loop
      vertex -22.2 0.6327372651524871 2.361568651546069
      vertex -19.9 0.3212491286838211 2.2781056569274147
      vertex -19.9 0.6327372651524871 2.361568651546069
    endloop
  endfacet
  facet normal 0 -0.4226182617407 0.9063077870366498
    outer loop
      vertex -22.2 0.9249999999999999 2.4978530029987884
      vertex -19.9 0.6327372651524871 2.361568651546069
      vertex -19.9 0.9249999999999999 2.4978530029987884
    endloop
  endfacet
  facet normal 0 -0.7071067811865471 0.7071067811865479
    outer loop
      vertex -22.2 1.1891570779200975 2.6828177802298905
      vertex -19.9 1.1891570779200975 2.6828177802298905
      vertex -22.2 1.4171822197701092 2.910842922079902
    endloop
  endfacet
  facet normal 0 -0.5735764363510462 0.8191520442889917
    outer loop
      vertex -22.2 1.1891570779200975 2.6828177802298905
      vertex -19.9 0.9249999999999999 2.4978530029987884
      vertex -19.9 1.1891570779200975 2.6828177802298905
    endloop
  endfacet
  facet normal 0 -0.8191520442889921 0.5735764363510457
    outer loop
      vertex -22.2 1.4171822197701092 2.910842922079902
      vertex -19.9 1.4171822197701092 2.910842922079902
      vertex -22.2 1.6021469970012112 3.175
    endloop
  endfacet
  facet normal 0 -0.7071067811865471 0.7071067811865479
    outer loop
      vertex -22.2 1.4171822197701092 2.910842922079902
      vertex -19.9 1.1891570779200975 2.6828177802298905
      vertex -19.9 1.4171822197701092 2.910842922079902
    endloop
  endfacet
  facet normal -3.0120469297307017e-19 0.8191520442889921 0.5735764363510457
    outer loop
      vertex -22.2 -1.4171822197701092 2.910842922079902
      vertex -22.2 -1.6021469970012112 3.175
      vertex -19.9 -1.6021469970012112 3.175
    endloop
  endfacet
  facet normal 0 0.9063077870366496 0.4226182617407002
    outer loop
      vertex -22.2 -1.6021469970012112 3.175
      vertex -19.9 -1.7384313484539304 3.4672627348475125
      vertex -19.9 -1.6021469970012112 3.175
    endloop
  endfacet
  facet normal -7.273259266696935e-19 0.9063077870366496 0.4226182617407002
    outer loop
      vertex -22.2 -1.6021469970012112 3.175
      vertex -22.2 -1.7384313484539304 3.4672627348475125
      vertex -19.9 -1.7384313484539304 3.4672627348475125
    endloop
  endfacet
  facet normal 0 0.9659258262890683 0.2588190451025204
    outer loop
      vertex -22.2 -1.7384313484539304 3.4672627348475125
      vertex -19.9 -1.8218943430725847 3.7787508713161784
      vertex -19.9 -1.7384313484539304 3.4672627348475125
    endloop
  endfacet
  facet normal 1.805590096826956e-18 0.9659258262890683 0.2588190451025204
    outer loop
      vertex -22.2 -1.7384313484539304 3.4672627348475125
      vertex -22.2 -1.8218943430725847 3.7787508713161784
      vertex -19.9 -1.8218943430725847 3.7787508713161784
    endloop
  endfacet
  facet normal -8.128957233232433e-19 0.9961946980917454 0.0871557427476584
    outer loop
      vertex -22.2 -1.8218943430725847 3.7787508713161784
      vertex -22.2 -1.8499999999999999 4.1
      vertex -19.9 -1.8499999999999999 4.1
    endloop
  endfacet
  facet normal 0 0.9961946980917454 0.0871557427476584
    outer loop
      vertex -22.2 -1.8218943430725847 3.7787508713161784
      vertex -19.9 -1.8499999999999999 4.1
      vertex -19.9 -1.8218943430725847 3.7787508713161784
    endloop
  endfacet
  facet normal 0 -0.9063077870366496 0.4226182617407002
    outer loop
      vertex -22.2 1.6021469970012112 3.175
      vertex -19.9 1.6021469970012112 3.175
      vertex -22.2 1.7384313484539304 3.4672627348475125
    endloop
  endfacet
  facet normal 3.0120469297307017e-19 -0.8191520442889921 0.5735764363510457
    outer loop
      vertex -19.9 1.4171822197701092 2.910842922079902
      vertex -19.9 1.6021469970012112 3.175
      vertex -22.2 1.6021469970012112 3.175
    endloop
  endfacet
  facet normal 0 -0.9659258262890683 0.2588190451025204
    outer loop
      vertex -22.2 1.7384313484539304 3.4672627348475125
      vertex -19.9 1.7384313484539304 3.4672627348475125
      vertex -22.2 1.8218943430725847 3.7787508713161784
    endloop
  endfacet
  facet normal 0 -0.9063077870366496 0.4226182617407002
    outer loop
      vertex -22.2 1.7384313484539304 3.4672627348475125
      vertex -19.9 1.6021469970012112 3.175
      vertex -19.9 1.7384313484539304 3.4672627348475125
    endloop
  endfacet
  facet normal 0 -0.9659258262890683 0.2588190451025204
    outer loop
      vertex -22.2 1.8218943430725847 3.7787508713161784
      vertex -19.9 1.7384313484539304 3.4672627348475125
      vertex -19.9 1.8218943430725847 3.7787508713161784
    endloop
  endfacet
  facet normal 0 -0.9961946980917454 0.0871557427476584
    outer loop
      vertex -22.2 1.8218943430725847 3.7787508713161784
      vertex -19.9 1.8218943430725847 3.7787508713161784
      vertex -22.2 1.8499999999999999 4.1
    endloop
  endfacet
  facet normal 8.128957233232433e-19 -0.9961946980917454 0.0871557427476584
    outer loop
      vertex -19.9 1.8218943430725847 3.7787508713161784
      vertex -19.9 1.8499999999999999 4.1
      vertex -22.2 1.8499999999999999 4.1
    endloop
  endfacet
  facet normal 0 0.08715574274765708 0.9961946980917455
    outer loop
      vertex -14.1 -0.3212491286838211 2.2781056569274147
      vertex 14.1 -0.3212491286838211 2.2781056569274147
      vertex -14.1 0 2.25
    endloop
  endfacet
  facet normal 0 -0.08715574274765708 0.9961946980917455
    outer loop
      vertex -14.1 0 2.25
      vertex 14.1 0 2.25
      vertex -14.1 0.3212491286838211 2.2781056569274147
    endloop
  endfacet
  facet normal 0 0.4226182617406999 0.9063077870366497
    outer loop
      vertex -14.1 -0.9249999999999999 2.4978530029987884
      vertex 14.1 -0.9249999999999999 2.4978530029987884
      vertex -14.1 -0.6327372651524871 2.361568651546069
    endloop
  endfacet
  facet normal 4.4007495316944e-20 0.2588190451025211 0.9659258262890683
    outer loop
      vertex -14.1 -0.3212491286838211 2.2781056569274147
      vertex -14.1 -0.6327372651524871 2.361568651546069
      vertex 14.1 -0.6327372651524871 2.361568651546069
    endloop
  endfacet
  facet normal -1.1742037297025385e-19 0.5735764363510462 0.8191520442889917
    outer loop
      vertex -14.1 -0.9249999999999999 2.4978530029987884
      vertex -14.1 -1.1891570779200975 2.6828177802298905
      vertex 14.1 -1.1891570779200975 2.6828177802298905
    endloop
  endfacet
  facet normal -9.389989909285382e-20 0.7071067811865472 0.707106781186548
    outer loop
      vertex -14.1 -1.1891570779200975 2.6828177802298905
      vertex -14.1 -1.4171822197701092 2.910842922079902
      vertex 14.1 -1.4171822197701092 2.910842922079902
    endloop
  endfacet
  facet normal 0 -0.2588190451025211 0.9659258262890683
    outer loop
      vertex -14.1 0.3212491286838211 2.2781056569274147
      vertex 14.1 0.3212491286838211 2.2781056569274147
      vertex -14.1 0.6327372651524871 2.361568651546069
    endloop
  endfacet
  facet normal 0 -0.4226182617406999 0.9063077870366497
    outer loop
      vertex -14.1 0.6327372651524871 2.361568651546069
      vertex 14.1 0.6327372651524871 2.361568651546069
      vertex -14.1 0.9249999999999999 2.4978530029987884
    endloop
  endfacet
  facet normal 0 -0.5735764363510462 0.8191520442889917
    outer loop
      vertex -14.1 0.9249999999999999 2.4978530029987884
      vertex 14.1 0.9249999999999999 2.4978530029987884
      vertex -14.1 1.1891570779200975 2.6828177802298905
    endloop
  endfacet
  facet normal 0 -0.7071067811865472 0.707106781186548
    outer loop
      vertex -14.1 1.1891570779200975 2.6828177802298905
      vertex 14.1 1.1891570779200975 2.6828177802298905
      vertex -14.1 1.4171822197701092 2.910842922079902
    endloop
  endfacet
  facet normal 0 -0.819152044288992 0.5735764363510457
    outer loop
      vertex -14.1 1.4171822197701092 2.910842922079902
      vertex 14.1 1.4171822197701092 2.910842922079902
      vertex -14.1 1.6021469970012112 3.175
    endloop
  endfacet
  facet normal -2.4566340207023462e-20 0.819152044288992 0.5735764363510457
    outer loop
      vertex -14.1 -1.4171822197701092 2.910842922079902
      vertex -14.1 -1.6021469970012112 3.175
      vertex 14.1 -1.6021469970012112 3.175
    endloop
  endfacet
  facet normal -5.932090891277645e-20 0.9063077870366496 0.4226182617407002
    outer loop
      vertex -14.1 -1.6021469970012112 3.175
      vertex -14.1 -1.7384313484539304 3.4672627348475125
      vertex 14.1 -1.7384313484539304 3.4672627348475125
    endloop
  endfacet
  facet normal 1.472644405213475e-19 0.9659258262890683 0.2588190451025204
    outer loop
      vertex -14.1 -1.7384313484539304 3.4672627348475125
      vertex -14.1 -1.8218943430725847 3.7787508713161784
      vertex 14.1 -1.8218943430725847 3.7787508713161784
    endloop
  endfacet
  facet normal -6.630000580295958e-20 0.9961946980917455 0.08715574274765842
    outer loop
      vertex -14.1 -1.8218943430725847 3.7787508713161784
      vertex -14.1 -1.8499999999999999 4.1
      vertex 14.1 -1.8499999999999999 4.1
    endloop
  endfacet
  facet normal 0 -0.9063077870366496 0.4226182617407002
    outer loop
      vertex -14.1 1.6021469970012112 3.175
      vertex 14.1 1.6021469970012112 3.175
      vertex -14.1 1.7384313484539304 3.4672627348475125
    endloop
  endfacet
  facet normal 0 -0.9659258262890683 0.2588190451025204
    outer loop
      vertex -14.1 1.7384313484539304 3.4672627348475125
      vertex 14.1 1.7384313484539304 3.4672627348475125
      vertex -14.1 1.8218943430725847 3.7787508713161784
    endloop
  endfacet
  facet normal 0 -0.9961946980917455 0.08715574274765842
    outer loop
      vertex -14.1 1.8218943430725847 3.7787508713161784
      vertex 14.1 1.8218943430725847 3.7787508713161784
      vertex -14.1 1.8499999999999999 4.1
    endloop
  endfacet
  facet normal 3.56704868285152e-19 0.9961946980917455 -0.08715574274765853
    outer loop
      vertex -22.2 -1.8499999999999999 4.1
      vertex -22.2 -1.8218943430725847 4.4212491286838205
      vertex -19.9 -1.8218943430725847 4.4212491286838205
    endloop
  endfacet
  facet normal 0 0.9961946980917455 -0.08715574274765853
    outer loop
      vertex -22.2 -1.8499999999999999 4.1
      vertex -19.9 -1.8218943430725847 4.4212491286838205
      vertex -19.9 -1.8499999999999999 4.1
    endloop
  endfacet
  facet normal 0 0.9659258262890685 -0.2588190451025201
    outer loop
      vertex -22.2 -1.8218943430725847 4.4212491286838205
      vertex -19.9 -1.7384313484539304 4.732737265152487
      vertex -19.9 -1.8218943430725847 4.4212491286838205
    endloop
  endfacet
  facet normal 1.3905277512335793e-18 0.9659258262890685 -0.2588190451025201
    outer loop
      vertex -22.2 -1.8218943430725847 4.4212491286838205
      vertex -22.2 -1.7384313484539304 4.732737265152487
      vertex -19.9 -1.7384313484539304 4.732737265152487
    endloop
  endfacet
  facet normal 0 0.9063077870366496 -0.4226182617407002
    outer loop
      vertex -22.2 -1.7384313484539304 4.732737265152487
      vertex -19.9 -1.6021469970012112 5.0249999999999995
      vertex -19.9 -1.7384313484539304 4.732737265152487
    endloop
  endfacet
  facet normal 7.273259266696935e-19 0.9063077870366496 -0.4226182617407002
    outer loop
      vertex -22.2 -1.7384313484539304 4.732737265152487
      vertex -22.2 -1.6021469970012112 5.0249999999999995
      vertex -19.9 -1.6021469970012112 5.0249999999999995
    endloop
  endfacet
  facet normal 0 0.8191520442889921 -0.5735764363510457
    outer loop
      vertex -22.2 -1.6021469970012112 5.0249999999999995
      vertex -19.9 -1.4171822197701092 5.289157077920097
      vertex -19.9 -1.6021469970012112 5.0249999999999995
    endloop
  endfacet
  facet normal 0 -0.9961946980917455 -0.08715574274765853
    outer loop
      vertex -22.2 1.8499999999999999 4.1
      vertex -19.9 1.8499999999999999 4.1
      vertex -22.2 1.8218943430725847 4.4212491286838205
    endloop
  endfacet
  facet normal 0 -0.9961946980917455 -0.08715574274765853
    outer loop
      vertex -22.2 1.8218943430725847 4.4212491286838205
      vertex -19.9 1.8499999999999999 4.1
      vertex -19.9 1.8218943430725847 4.4212491286838205
    endloop
  endfacet
  facet normal 0 -0.9659258262890685 -0.2588190451025201
    outer loop
      vertex -22.2 1.8218943430725847 4.4212491286838205
      vertex -19.9 1.8218943430725847 4.4212491286838205
      vertex -22.2 1.7384313484539304 4.732737265152487
    endloop
  endfacet
  facet normal 0 -0.9063077870366496 -0.4226182617407002
    outer loop
      vertex -22.2 1.7384313484539304 4.732737265152487
      vertex -19.9 1.7384313484539304 4.732737265152487
      vertex -22.2 1.6021469970012112 5.0249999999999995
    endloop
  endfacet
  facet normal 0 -0.9659258262890685 -0.2588190451025201
    outer loop
      vertex -22.2 1.7384313484539304 4.732737265152487
      vertex -19.9 1.8218943430725847 4.4212491286838205
      vertex -19.9 1.7384313484539304 4.732737265152487
    endloop
  endfacet
  facet normal 0 -0.8191520442889921 -0.5735764363510457
    outer loop
      vertex -22.2 1.6021469970012112 5.0249999999999995
      vertex -19.9 1.6021469970012112 5.0249999999999995
      vertex -22.2 1.4171822197701092 5.289157077920097
    endloop
  endfacet
  facet normal -7.273259266696935e-19 -0.9063077870366496 -0.4226182617407002
    outer loop
      vertex -19.9 1.7384313484539304 4.732737265152487
      vertex -19.9 1.6021469970012112 5.0249999999999995
      vertex -22.2 1.6021469970012112 5.0249999999999995
    endloop
  endfacet
  facet normal 3.0120469297307017e-19 0.8191520442889921 -0.5735764363510457
    outer loop
      vertex -22.2 -1.6021469970012112 5.0249999999999995
      vertex -22.2 -1.4171822197701092 5.289157077920097
      vertex -19.9 -1.4171822197701092 5.289157077920097
    endloop
  endfacet
  facet normal 0 0.8020147049803104 -0.5973042884454671
    outer loop
      vertex -22.2 -1.4171822197701092 5.289157077920097
      vertex -19.9 -0.24574561328669753 6.862072930905313
      vertex -19.9 -1.4171822197701092 5.289157077920097
    endloop
  endfacet
  facet normal 0 -0.8191520442889921 -0.5735764363510457
    outer loop
      vertex -22.2 1.4171822197701092 5.289157077920097
      vertex -19.9 1.6021469970012112 5.0249999999999995
      vertex -19.9 1.4171822197701092 5.289157077920097
    endloop
  endfacet
  facet normal 0 -0.8020147049803104 -0.5973042884454671
    outer loop
      vertex -22.2 1.4171822197701092 5.289157077920097
      vertex -19.9 1.4171822197701092 5.289157077920097
      vertex -22.2 0.24574561328669753 6.862072930905313
    endloop
  endfacet
  facet normal 1.8820420471214276e-17 0.8020147049803104 -0.5973042884454671
    outer loop
      vertex -22.2 -1.4171822197701092 5.289157077920097
      vertex -22.2 -0.24574561328669753 6.862072930905313
      vertex -19.9 -0.24574561328669753 6.862072930905313
    endloop
  endfacet
  facet normal 2.494475653591953e-19 0.793353340291233 -0.6087614290087234
    outer loop
      vertex -22.2 -0.24574561328669753 6.862072930905313
      vertex -22.2 -0.2298133329356934 6.882836282905961
      vertex -19.9 -0.2298133329356934 6.882836282905961
    endloop
  endfacet
  facet normal -2.312595958767383e-19 0.7372773368101213 -0.6755902076156632
    outer loop
      vertex -22.2 -0.2298133329356934 6.882836282905961
      vertex -22.2 -0.21213203435596426 6.902132034355963
      vertex -19.9 -0.21213203435596426 6.902132034355963
    endloop
  endfacet
  facet normal -1.9213280871430042e-19 0.6755902076156658 -0.7372773368101189
    outer loop
      vertex -22.2 -0.21213203435596426 6.902132034355963
      vertex -22.2 -0.19283628290596178 6.919813332935693
      vertex -19.9 -0.19283628290596178 6.919813332935693
    endloop
  endfacet
  facet normal 0 -0.793353340291233 -0.6087614290087234
    outer loop
      vertex -22.2 0.24574561328669753 6.862072930905313
      vertex -19.9 0.24574561328669753 6.862072930905313
      vertex -22.2 0.2298133329356934 6.882836282905961
    endloop
  endfacet
  facet normal 2.312595958767383e-19 -0.7372773368101213 -0.6755902076156632
    outer loop
      vertex -22.2 0.21213203435596426 6.902132034355963
      vertex -22.2 0.2298133329356934 6.882836282905961
      vertex -19.9 0.2298133329356934 6.882836282905961
    endloop
  endfacet
  facet normal 0 -0.6755902076156658 -0.7372773368101189
    outer loop
      vertex -22.2 0.21213203435596426 6.902132034355963
      vertex -19.9 0.21213203435596426 6.902132034355963
      vertex -22.2 0.19283628290596178 6.919813332935693
    endloop
  endfacet
  facet normal 0 0.793353340291233 -0.6087614290087234
    outer loop
      vertex -22.2 -0.24574561328669753 6.862072930905313
      vertex -19.9 -0.2298133329356934 6.882836282905961
      vertex -19.9 -0.24574561328669753 6.862072930905313
    endloop
  endfacet
  facet normal 0 0.7372773368101213 -0.6755902076156632
    outer loop
      vertex -22.2 -0.2298133329356934 6.882836282905961
      vertex -19.9 -0.21213203435596426 6.902132034355963
      vertex -19.9 -0.2298133329356934 6.882836282905961
    endloop
  endfacet
  facet normal 0 0.6755902076156658 -0.7372773368101189
    outer loop
      vertex -22.2 -0.21213203435596426 6.902132034355963
      vertex -19.9 -0.19283628290596178 6.919813332935693
      vertex -19.9 -0.21213203435596426 6.902132034355963
    endloop
  endfacet
  facet normal 0 -0.793353340291233 -0.6087614290087234
    outer loop
      vertex -22.2 0.2298133329356934 6.882836282905961
      vertex -19.9 0.24574561328669753 6.862072930905313
      vertex -19.9 0.2298133329356934 6.882836282905961
    endloop
  endfacet
  facet normal 0 -0.7372773368101213 -0.6755902076156632
    outer loop
      vertex -22.2 0.21213203435596426 6.902132034355963
      vertex -19.9 0.2298133329356934 6.882836282905961
      vertex -19.9 0.21213203435596426 6.902132034355963
    endloop
  endfacet
  facet normal 0 -0.6755902076156658 -0.7372773368101189
    outer loop
      vertex -22.2 0.19283628290596178 6.919813332935693
      vertex -19.9 0.21213203435596426 6.902132034355963
      vertex -19.9 0.19283628290596178 6.919813332935693
    endloop
  endfacet
  facet normal -4.140151824837666e-19 0.6087614290087183 -0.793353340291237
    outer loop
      vertex -22.2 -0.19283628290596178 6.919813332935693
      vertex -22.2 -0.1720729309053138 6.935745613286697
      vertex -19.9 -0.1720729309053138 6.935745613286697
    endloop
  endfacet
  facet normal 2.911625085990186e-19 0.5372996083468402 -0.8433914458128753
    outer loop
      vertex -22.2 -0.1720729309053138 6.935745613286697
      vertex -22.2 -0.15 6.9498076211353315
      vertex -19.9 -0.15 6.9498076211353315
    endloop
  endfacet
  facet normal -2.26027753685849e-19 0.46174861323500527 -0.8870108331782366
    outer loop
      vertex -22.2 -0.15 6.9498076211353315
      vertex -22.2 -0.12678547852220984 6.961892336110994
      vertex -19.9 -0.12678547852220984 6.961892336110994
    endloop
  endfacet
  facet normal -2.10283178453144e-19 0.3826834323650906 -0.9238795325112864
    outer loop
      vertex -22.2 -0.12678547852220984 6.961892336110994
      vertex -22.2 -0.10260604299770061 6.9719077862357715
      vertex -19.9 -0.10260604299770061 6.9719077862357715
    endloop
  endfacet
  facet normal -1.907117996666861e-19 0.3007057995042934 -0.9537169507482205
    outer loop
      vertex -22.2 -0.10260604299770061 6.9719077862357715
      vertex -22.2 -0.07764571353075622 6.97977774788672
      vertex -19.9 -0.07764571353075622 6.97977774788672
    endloop
  endfacet
  facet normal 0 -0.46174861323500527 -0.8870108331782366
    outer loop
      vertex -22.2 0.15 6.9498076211353315
      vertex -19.9 0.15 6.9498076211353315
      vertex -22.2 0.12678547852220984 6.961892336110994
    endloop
  endfacet
  facet normal 2.10283178453144e-19 -0.3826834323650906 -0.9238795325112864
    outer loop
      vertex -22.2 0.10260604299770061 6.9719077862357715
      vertex -22.2 0.12678547852220984 6.961892336110994
      vertex -19.9 0.12678547852220984 6.961892336110994
    endloop
  endfacet
  facet normal 1.907117996666861e-19 -0.3007057995042934 -0.9537169507482205
    outer loop
      vertex -22.2 0.07764571353075622 6.97977774788672
      vertex -22.2 0.10260604299770061 6.9719077862357715
      vertex -19.9 0.10260604299770061 6.9719077862357715
    endloop
  endfacet
  facet normal -1.152229572382704e-19 -0.2164396139381127 -0.9762960071199313
    outer loop
      vertex -22.2 0.0520944533000791 6.985442325903662
      vertex -22.2 0.07764571353075622 6.97977774788672
      vertex -19.9 0.07764571353075622 6.97977774788672
    endloop
  endfacet
  facet normal 0 -0.6087614290087183 -0.793353340291237
    outer loop
      vertex -22.2 0.19283628290596178 6.919813332935693
      vertex -19.9 0.19283628290596178 6.919813332935693
      vertex -22.2 0.1720729309053138 6.935745613286697
    endloop
  endfacet
  facet normal 0 -0.5372996083468402 -0.8433914458128753
    outer loop
      vertex -22.2 0.1720729309053138 6.935745613286697
      vertex -19.9 0.1720729309053138 6.935745613286697
      vertex -22.2 0.15 6.9498076211353315
    endloop
  endfacet
  facet normal 1.152229572382704e-19 0.2164396139381127 -0.9762960071199313
    outer loop
      vertex -22.2 -0.07764571353075622 6.97977774788672
      vertex -22.2 -0.0520944533000791 6.985442325903662
      vertex -19.9 -0.0520944533000791 6.985442325903662
    endloop
  endfacet
  facet normal -1.9555070695434842e-20 0.1305261922200518 -0.9914448613738105
    outer loop
      vertex -22.2 -0.0520944533000791 6.985442325903662
      vertex -22.2 -0.02614672282429745 6.9888584094275235
      vertex -19.9 -0.02614672282429745 6.9888584094275235
    endloop
  endfacet
  facet normal 2.742206737854062e-20 0.04361938736531807 -0.9990482215818586
    outer loop
      vertex -22.2 -0.02614672282429745 6.9888584094275235
      vertex -22.2 0 6.989999999999999
      vertex -19.9 0 6.989999999999999
    endloop
  endfacet
  facet normal 0 -0.04361938736531807 -0.9990482215818586
    outer loop
      vertex -22.2 0.02614672282429745 6.9888584094275235
      vertex -19.9 0.02614672282429745 6.9888584094275235
      vertex -22.2 0 6.989999999999999
    endloop
  endfacet
  facet normal 1.9555070695434842e-20 -0.1305261922200518 -0.9914448613738105
    outer loop
      vertex -22.2 0.02614672282429745 6.9888584094275235
      vertex -22.2 0.0520944533000791 6.985442325903662
      vertex -19.9 0.0520944533000791 6.985442325903662
    endloop
  endfacet
  facet normal 0 0.6087614290087183 -0.793353340291237
    outer loop
      vertex -22.2 -0.19283628290596178 6.919813332935693
      vertex -19.9 -0.1720729309053138 6.935745613286697
      vertex -19.9 -0.19283628290596178 6.919813332935693
    endloop
  endfacet
  facet normal 0 0.5372996083468402 -0.8433914458128753
    outer loop
      vertex -22.2 -0.1720729309053138 6.935745613286697
      vertex -19.9 -0.15 6.9498076211353315
      vertex -19.9 -0.1720729309053138 6.935745613286697
    endloop
  endfacet
  facet normal 0 0.46174861323500527 -0.8870108331782366
    outer loop
      vertex -22.2 -0.15 6.9498076211353315
      vertex -19.9 -0.12678547852220984 6.961892336110994
      vertex -19.9 -0.15 6.9498076211353315
    endloop
  endfacet
  facet normal 0 0.3826834323650906 -0.9238795325112864
    outer loop
      vertex -22.2 -0.12678547852220984 6.961892336110994
      vertex -19.9 -0.10260604299770061 6.9719077862357715
      vertex -19.9 -0.12678547852220984 6.961892336110994
    endloop
  endfacet
  facet normal 0 0.3007057995042934 -0.9537169507482205
    outer loop
      vertex -22.2 -0.10260604299770061 6.9719077862357715
      vertex -19.9 -0.07764571353075622 6.97977774788672
      vertex -19.9 -0.10260604299770061 6.9719077862357715
    endloop
  endfacet
  facet normal 0 0.2164396139381127 -0.9762960071199313
    outer loop
      vertex -22.2 -0.07764571353075622 6.97977774788672
      vertex -19.9 -0.0520944533000791 6.985442325903662
      vertex -19.9 -0.07764571353075622 6.97977774788672
    endloop
  endfacet
  facet normal 0 -0.46174861323500527 -0.8870108331782366
    outer loop
      vertex -22.2 0.12678547852220984 6.961892336110994
      vertex -19.9 0.15 6.9498076211353315
      vertex -19.9 0.12678547852220984 6.961892336110994
    endloop
  endfacet
  facet normal 0 -0.3007057995042934 -0.9537169507482205
    outer loop
      vertex -22.2 0.07764571353075622 6.97977774788672
      vertex -19.9 0.10260604299770061 6.9719077862357715
      vertex -19.9 0.07764571353075622 6.97977774788672
    endloop
  endfacet
  facet normal 0 -0.3826834323650906 -0.9238795325112864
    outer loop
      vertex -22.2 0.10260604299770061 6.9719077862357715
      vertex -19.9 0.12678547852220984 6.961892336110994
      vertex -19.9 0.10260604299770061 6.9719077862357715
    endloop
  endfacet
  facet normal 0 -0.6087614290087183 -0.793353340291237
    outer loop
      vertex -22.2 0.1720729309053138 6.935745613286697
      vertex -19.9 0.19283628290596178 6.919813332935693
      vertex -19.9 0.1720729309053138 6.935745613286697
    endloop
  endfacet
  facet normal 0 -0.5372996083468402 -0.8433914458128753
    outer loop
      vertex -22.2 0.15 6.9498076211353315
      vertex -19.9 0.1720729309053138 6.935745613286697
      vertex -19.9 0.15 6.9498076211353315
    endloop
  endfacet
  facet normal 0 0.1305261922200518 -0.9914448613738105
    outer loop
      vertex -22.2 -0.0520944533000791 6.985442325903662
      vertex -19.9 -0.02614672282429745 6.9888584094275235
      vertex -19.9 -0.0520944533000791 6.985442325903662
    endloop
  endfacet
  facet normal 0 0.04361938736531807 -0.9990482215818586
    outer loop
      vertex -22.2 -0.02614672282429745 6.9888584094275235
      vertex -19.9 0 6.989999999999999
      vertex -19.9 -0.02614672282429745 6.9888584094275235
    endloop
  endfacet
  facet normal 0 -0.1305261922200518 -0.9914448613738105
    outer loop
      vertex -22.2 0.02614672282429745 6.9888584094275235
      vertex -19.9 0.0520944533000791 6.985442325903662
      vertex -19.9 0.02614672282429745 6.9888584094275235
    endloop
  endfacet
  facet normal 0 -0.04361938736531807 -0.9990482215818586
    outer loop
      vertex -22.2 0 6.989999999999999
      vertex -19.9 0.02614672282429745 6.9888584094275235
      vertex -19.9 0 6.989999999999999
    endloop
  endfacet
  facet normal 0 -0.2164396139381127 -0.9762960071199313
    outer loop
      vertex -22.2 0.0520944533000791 6.985442325903662
      vertex -19.9 0.07764571353075622 6.97977774788672
      vertex -19.9 0.0520944533000791 6.985442325903662
    endloop
  endfacet
  facet normal -1.8820420471214276e-17 -0.8020147049803104 -0.5973042884454671
    outer loop
      vertex -19.9 1.4171822197701092 5.289157077920097
      vertex -19.9 0.24574561328669753 6.862072930905313
      vertex -22.2 0.24574561328669753 6.862072930905313
    endloop
  endfacet
  facet normal 2.909295025020744e-20 0.9961946980917455 -0.08715574274765854
    outer loop
      vertex -14.1 -1.8499999999999999 4.1
      vertex -14.1 -1.8218943430725847 4.4212491286838205
      vertex 14.1 -1.8218943430725847 4.4212491286838205
    endloop
  endfacet
  facet normal 1.1341183786656858e-19 0.9659258262890685 -0.25881904510252013
    outer loop
      vertex -14.1 -1.8218943430725847 4.4212491286838205
      vertex -14.1 -1.7384313484539304 4.732737265152487
      vertex 14.1 -1.7384313484539304 4.732737265152487
    endloop
  endfacet
  facet normal 5.932090891277645e-20 0.9063077870366496 -0.4226182617407002
    outer loop
      vertex -14.1 -1.7384313484539304 4.732737265152487
      vertex -14.1 -1.6021469970012112 5.0249999999999995
      vertex 14.1 -1.6021469970012112 5.0249999999999995
    endloop
  endfacet
  facet normal 0 -0.9961946980917455 -0.08715574274765854
    outer loop
      vertex -14.1 1.8499999999999999 4.1
      vertex 14.1 1.8499999999999999 4.1
      vertex -14.1 1.8218943430725847 4.4212491286838205
    endloop
  endfacet
  facet normal 0 -0.9659258262890685 -0.25881904510252013
    outer loop
      vertex -14.1 1.8218943430725847 4.4212491286838205
      vertex 14.1 1.8218943430725847 4.4212491286838205
      vertex -14.1 1.7384313484539304 4.732737265152487
    endloop
  endfacet
  facet normal 0 -0.9063077870366496 -0.4226182617407002
    outer loop
      vertex -14.1 1.7384313484539304 4.732737265152487
      vertex 14.1 1.7384313484539304 4.732737265152487
      vertex -14.1 1.6021469970012112 5.0249999999999995
    endloop
  endfacet
  facet normal 0 -0.819152044288992 -0.5735764363510457
    outer loop
      vertex -14.1 1.6021469970012112 5.0249999999999995
      vertex 14.1 1.6021469970012112 5.0249999999999995
      vertex -14.1 1.4171822197701092 5.289157077920097
    endloop
  endfacet
  facet normal 2.4566340207023462e-20 0.819152044288992 -0.5735764363510457
    outer loop
      vertex -14.1 -1.6021469970012112 5.0249999999999995
      vertex -14.1 -1.4171822197701092 5.289157077920097
      vertex 14.1 -1.4171822197701092 5.289157077920097
    endloop
  endfacet
  facet normal 0 -0.8020147049803104 -0.5973042884454671
    outer loop
      vertex -14.1 1.4171822197701092 5.289157077920097
      vertex 14.1 1.4171822197701092 5.289157077920097
      vertex -14.1 0.24574561328669753 6.862072930905313
    endloop
  endfacet
  facet normal 1.5349988327586117e-18 0.8020147049803104 -0.5973042884454671
    outer loop
      vertex -14.1 -1.4171822197701092 5.289157077920097
      vertex -14.1 -0.24574561328669753 6.862072930905313
      vertex 14.1 -0.24574561328669753 6.862072930905313
    endloop
  endfacet
  facet normal 2.0345014195962744e-20 0.793353340291233 -0.6087614290087234
    outer loop
      vertex -14.1 -0.24574561328669753 6.862072930905313
      vertex -14.1 -0.2298133329356934 6.882836282905961
      vertex 14.1 -0.2298133329356934 6.882836282905961
    endloop
  endfacet
  facet normal -1.8861598245265898e-20 0.7372773368101213 -0.6755902076156632
    outer loop
      vertex -14.1 -0.2298133329356934 6.882836282905961
      vertex -14.1 -0.21213203435596426 6.902132034355963
      vertex 14.1 -0.21213203435596426 6.902132034355963
    endloop
  endfacet
  facet normal -1.5670406384499683e-20 0.6755902076156658 -0.7372773368101189
    outer loop
      vertex -14.1 -0.21213203435596426 6.902132034355963
      vertex -14.1 -0.19283628290596178 6.919813332935693
      vertex 14.1 -0.19283628290596178 6.919813332935693
    endloop
  endfacet
  facet normal 0 -0.793353340291233 -0.6087614290087234
    outer loop
      vertex -14.1 0.24574561328669753 6.862072930905313
      vertex 14.1 0.24574561328669753 6.862072930905313
      vertex -14.1 0.2298133329356934 6.882836282905961
    endloop
  endfacet
  facet normal 1.8861598245265898e-20 -0.7372773368101213 -0.6755902076156632
    outer loop
      vertex -14.1 0.21213203435596426 6.902132034355963
      vertex -14.1 0.2298133329356934 6.882836282905961
      vertex 14.1 0.2298133329356934 6.882836282905961
    endloop
  endfacet
  facet normal 0 -0.6755902076156658 -0.7372773368101189
    outer loop
      vertex -14.1 0.21213203435596426 6.902132034355963
      vertex 14.1 0.21213203435596426 6.902132034355963
      vertex -14.1 0.19283628290596178 6.919813332935693
    endloop
  endfacet
  facet normal -3.3767195734491614e-20 0.6087614290087183 -0.793353340291237
    outer loop
      vertex -14.1 -0.19283628290596178 6.919813332935693
      vertex -14.1 -0.1720729309053138 6.935745613286697
      vertex 14.1 -0.1720729309053138 6.935745613286697
    endloop
  endfacet
  facet normal 2.3747296800629188e-20 0.5372996083468402 -0.8433914458128753
    outer loop
      vertex -14.1 -0.1720729309053138 6.935745613286697
      vertex -14.1 -0.15 6.9498076211353315
      vertex 14.1 -0.15 6.9498076211353315
    endloop
  endfacet
  facet normal -1.8434887711966416e-20 0.4617486132350053 -0.8870108331782367
    outer loop
      vertex -14.1 -0.15 6.9498076211353315
      vertex -14.1 -0.12678547852220984 6.961892336110994
      vertex 14.1 -0.12678547852220984 6.961892336110994
    endloop
  endfacet
  facet normal -1.7150755689440826e-20 0.3826834323650906 -0.9238795325112864
    outer loop
      vertex -14.1 -0.12678547852220984 6.961892336110994
      vertex -14.1 -0.10260604299770061 6.9719077862357715
      vertex 14.1 -0.10260604299770061 6.9719077862357715
    endloop
  endfacet
  facet normal -1.5554508483453128e-20 0.3007057995042934 -0.9537169507482206
    outer loop
      vertex -14.1 -0.10260604299770061 6.9719077862357715
      vertex -14.1 -0.07764571353075622 6.97977774788672
      vertex 14.1 -0.07764571353075622 6.97977774788672
    endloop
  endfacet
  facet normal 0 -0.4617486132350053 -0.8870108331782367
    outer loop
      vertex -14.1 0.15 6.9498076211353315
      vertex 14.1 0.15 6.9498076211353315
      vertex -14.1 0.12678547852220984 6.961892336110994
    endloop
  endfacet
  facet normal 0 -0.3826834323650906 -0.9238795325112864
    outer loop
      vertex -14.1 0.12678547852220984 6.961892336110994
      vertex 14.1 0.12678547852220984 6.961892336110994
      vertex -14.1 0.10260604299770061 6.9719077862357715
    endloop
  endfacet
  facet normal 1.5554508483453128e-20 -0.3007057995042934 -0.9537169507482206
    outer loop
      vertex -14.1 0.07764571353075622 6.97977774788672
      vertex -14.1 0.10260604299770061 6.9719077862357715
      vertex 14.1 0.10260604299770061 6.9719077862357715
    endloop
  endfacet
  facet normal -9.397617079717092e-21 -0.2164396139381127 -0.9762960071199313
    outer loop
      vertex -14.1 0.0520944533000791 6.985442325903662
      vertex -14.1 0.07764571353075622 6.97977774788672
      vertex 14.1 0.07764571353075622 6.97977774788672
    endloop
  endfacet
  facet normal 0 -0.6087614290087183 -0.793353340291237
    outer loop
      vertex -14.1 0.19283628290596178 6.919813332935693
      vertex 14.1 0.19283628290596178 6.919813332935693
      vertex -14.1 0.1720729309053138 6.935745613286697
    endloop
  endfacet
  facet normal 0 -0.5372996083468402 -0.8433914458128753
    outer loop
      vertex -14.1 0.1720729309053138 6.935745613286697
      vertex 14.1 0.1720729309053138 6.935745613286697
      vertex -14.1 0.15 6.9498076211353315
    endloop
  endfacet
  facet normal 9.397617079717092e-21 0.2164396139381127 -0.9762960071199313
    outer loop
      vertex -14.1 -0.07764571353075622 6.97977774788672
      vertex -14.1 -0.0520944533000791 6.985442325903662
      vertex 14.1 -0.0520944533000791 6.985442325903662
    endloop
  endfacet
  facet normal -1.5949171134574522e-21 0.13052619222005177 -0.9914448613738105
    outer loop
      vertex -14.1 -0.0520944533000791 6.985442325903662
      vertex -14.1 -0.02614672282429745 6.9888584094275235
      vertex 14.1 -0.02614672282429745 6.9888584094275235
    endloop
  endfacet
  facet normal 2.2365515947036687e-21 0.04361938736531808 -0.9990482215818586
    outer loop
      vertex -14.1 -0.02614672282429745 6.9888584094275235
      vertex -14.1 0 6.989999999999999
      vertex 14.1 0 6.989999999999999
    endloop
  endfacet
  facet normal 0 -0.04361938736531808 -0.9990482215818586
    outer loop
      vertex -14.1 0.02614672282429745 6.9888584094275235
      vertex 14.1 0.02614672282429745 6.9888584094275235
      vertex -14.1 0 6.989999999999999
    endloop
  endfacet
  facet normal 1.5949171134574522e-21 -0.13052619222005177 -0.9914448613738105
    outer loop
      vertex -14.1 0.02614672282429745 6.9888584094275235
      vertex -14.1 0.0520944533000791 6.985442325903662
      vertex 14.1 0.0520944533000791 6.985442325903662
    endloop
  endfacet
  facet normal 0 0.2588190451025211 0.9659258262890683
    outer loop
      vertex -14.1 -0.3212491286838211 2.2781056569274147
      vertex 14.1 -0.6327372651524871 2.361568651546069
      vertex 14.1 -0.3212491286838211 2.2781056569274147
    endloop
  endfacet
  facet normal 0 0.08715574274765708 0.9961946980917455
    outer loop
      vertex -14.1 0 2.25
      vertex 14.1 -0.3212491286838211 2.2781056569274147
      vertex 14.1 0 2.25
    endloop
  endfacet
  facet normal 0 -0.08715574274765708 0.9961946980917455
    outer loop
      vertex -14.1 0.3212491286838211 2.2781056569274147
      vertex 14.1 0 2.25
      vertex 14.1 0.3212491286838211 2.2781056569274147
    endloop
  endfacet
  facet normal 0 0.4226182617406999 0.9063077870366497
    outer loop
      vertex -14.1 -0.6327372651524871 2.361568651546069
      vertex 14.1 -0.9249999999999999 2.4978530029987884
      vertex 14.1 -0.6327372651524871 2.361568651546069
    endloop
  endfacet
  facet normal 0 0.5735764363510462 0.8191520442889917
    outer loop
      vertex -14.1 -0.9249999999999999 2.4978530029987884
      vertex 14.1 -1.1891570779200975 2.6828177802298905
      vertex 14.1 -0.9249999999999999 2.4978530029987884
    endloop
  endfacet
  facet normal 0 0.819152044288992 0.5735764363510457
    outer loop
      vertex -14.1 -1.4171822197701092 2.910842922079902
      vertex 14.1 -1.6021469970012112 3.175
      vertex 14.1 -1.4171822197701092 2.910842922079902
    endloop
  endfacet
  facet normal 0 0.7071067811865472 0.707106781186548
    outer loop
      vertex -14.1 -1.1891570779200975 2.6828177802298905
      vertex 14.1 -1.4171822197701092 2.910842922079902
      vertex 14.1 -1.1891570779200975 2.6828177802298905
    endloop
  endfacet
  facet normal 0 -0.2588190451025211 0.9659258262890683
    outer loop
      vertex -14.1 0.6327372651524871 2.361568651546069
      vertex 14.1 0.3212491286838211 2.2781056569274147
      vertex 14.1 0.6327372651524871 2.361568651546069
    endloop
  endfacet
  facet normal 0 -0.4226182617406999 0.9063077870366497
    outer loop
      vertex -14.1 0.9249999999999999 2.4978530029987884
      vertex 14.1 0.6327372651524871 2.361568651546069
      vertex 14.1 0.9249999999999999 2.4978530029987884
    endloop
  endfacet
  facet normal 0 -0.5735764363510462 0.8191520442889917
    outer loop
      vertex -14.1 1.1891570779200975 2.6828177802298905
      vertex 14.1 0.9249999999999999 2.4978530029987884
      vertex 14.1 1.1891570779200975 2.6828177802298905
    endloop
  endfacet
  facet normal 0 -0.7071067811865472 0.707106781186548
    outer loop
      vertex -14.1 1.4171822197701092 2.910842922079902
      vertex 14.1 1.1891570779200975 2.6828177802298905
      vertex 14.1 1.4171822197701092 2.910842922079902
    endloop
  endfacet
  facet normal 0 0.9063077870366496 0.4226182617407002
    outer loop
      vertex -14.1 -1.6021469970012112 3.175
      vertex 14.1 -1.7384313484539304 3.4672627348475125
      vertex 14.1 -1.6021469970012112 3.175
    endloop
  endfacet
  facet normal 0 0.9659258262890683 0.2588190451025204
    outer loop
      vertex -14.1 -1.7384313484539304 3.4672627348475125
      vertex 14.1 -1.8218943430725847 3.7787508713161784
      vertex 14.1 -1.7384313484539304 3.4672627348475125
    endloop
  endfacet
  facet normal 0 0.9961946980917455 0.08715574274765842
    outer loop
      vertex -14.1 -1.8218943430725847 3.7787508713161784
      vertex 14.1 -1.8499999999999999 4.1
      vertex 14.1 -1.8218943430725847 3.7787508713161784
    endloop
  endfacet
  facet normal 0 -0.819152044288992 0.5735764363510457
    outer loop
      vertex -14.1 1.6021469970012112 3.175
      vertex 14.1 1.4171822197701092 2.910842922079902
      vertex 14.1 1.6021469970012112 3.175
    endloop
  endfacet
  facet normal 0 -0.9063077870366496 0.4226182617407002
    outer loop
      vertex -14.1 1.7384313484539304 3.4672627348475125
      vertex 14.1 1.6021469970012112 3.175
      vertex 14.1 1.7384313484539304 3.4672627348475125
    endloop
  endfacet
  facet normal 0 -0.9659258262890683 0.2588190451025204
    outer loop
      vertex -14.1 1.8218943430725847 3.7787508713161784
      vertex 14.1 1.7384313484539304 3.4672627348475125
      vertex 14.1 1.8218943430725847 3.7787508713161784
    endloop
  endfacet
  facet normal 0 -0.9961946980917455 0.08715574274765842
    outer loop
      vertex -14.1 1.8499999999999999 4.1
      vertex 14.1 1.8218943430725847 3.7787508713161784
      vertex 14.1 1.8499999999999999 4.1
    endloop
  endfacet
  facet normal 0 0.0871557427476571 0.9961946980917457
    outer loop
      vertex 19.9 -0.3212491286838211 2.2781056569274147
      vertex 22.2 -0.3212491286838211 2.2781056569274147
      vertex 19.9 0 2.25
    endloop
  endfacet
  facet normal 0 -0.0871557427476571 0.9961946980917457
    outer loop
      vertex 19.9 0 2.25
      vertex 22.2 0 2.25
      vertex 19.9 0.3212491286838211 2.2781056569274147
    endloop
  endfacet
  facet normal 0 0.258819045102521 0.9659258262890683
    outer loop
      vertex 19.9 -0.3212491286838211 2.2781056569274147
      vertex 22.2 -0.6327372651524871 2.361568651546069
      vertex 22.2 -0.3212491286838211 2.2781056569274147
    endloop
  endfacet
  facet normal 0 0.0871557427476571 0.9961946980917457
    outer loop
      vertex 19.9 0 2.25
      vertex 22.2 -0.3212491286838211 2.2781056569274147
      vertex 22.2 0 2.25
    endloop
  endfacet
  facet normal 0 -0.0871557427476571 0.9961946980917457
    outer loop
      vertex 19.9 0.3212491286838211 2.2781056569274147
      vertex 22.2 0 2.25
      vertex 22.2 0.3212491286838211 2.2781056569274147
    endloop
  endfacet
  facet normal 0 0.4226182617407 0.9063077870366498
    outer loop
      vertex 19.9 -0.9249999999999999 2.4978530029987884
      vertex 22.2 -0.9249999999999999 2.4978530029987884
      vertex 19.9 -0.6327372651524871 2.361568651546069
    endloop
  endfacet
  facet normal 5.395701599729654e-19 0.258819045102521 0.9659258262890683
    outer loop
      vertex 19.9 -0.3212491286838211 2.2781056569274147
      vertex 19.9 -0.6327372651524871 2.361568651546069
      vertex 22.2 -0.6327372651524871 2.361568651546069
    endloop
  endfacet
  facet normal -4.105571846568754e-18 0.4226182617407 0.9063077870366498
    outer loop
      vertex 22.2 -0.9249999999999999 2.4978530029987884
      vertex 22.2 -0.6327372651524871 2.361568651546069
      vertex 19.9 -0.6327372651524871 2.361568651546069
    endloop
  endfacet
  facet normal 0 0.5735764363510462 0.8191520442889917
    outer loop
      vertex 19.9 -0.9249999999999999 2.4978530029987884
      vertex 22.2 -1.1891570779200975 2.6828177802298905
      vertex 22.2 -0.9249999999999999 2.4978530029987884
    endloop
  endfacet
  facet normal 0 0.8191520442889921 0.5735764363510457
    outer loop
      vertex 19.9 -1.4171822197701092 2.910842922079902
      vertex 22.2 -1.6021469970012112 3.175
      vertex 22.2 -1.4171822197701092 2.910842922079902
    endloop
  endfacet
  facet normal -1.4396758772874597e-18 0.5735764363510462 0.8191520442889917
    outer loop
      vertex 19.9 -0.9249999999999999 2.4978530029987884
      vertex 19.9 -1.1891570779200975 2.6828177802298905
      vertex 22.2 -1.1891570779200975 2.6828177802298905
    endloop
  endfacet
  facet normal 0 0.7071067811865471 0.7071067811865479
    outer loop
      vertex 19.9 -1.1891570779200975 2.6828177802298905
      vertex 22.2 -1.4171822197701092 2.910842922079902
      vertex 22.2 -1.1891570779200975 2.6828177802298905
    endloop
  endfacet
  facet normal -1.1512944149645552e-18 0.7071067811865471 0.7071067811865479
    outer loop
      vertex 19.9 -1.1891570779200975 2.6828177802298905
      vertex 19.9 -1.4171822197701092 2.910842922079902
      vertex 22.2 -1.4171822197701092 2.910842922079902
    endloop
  endfacet
  facet normal 0 -0.258819045102521 0.9659258262890683
    outer loop
      vertex 19.9 0.3212491286838211 2.2781056569274147
      vertex 22.2 0.3212491286838211 2.2781056569274147
      vertex 19.9 0.6327372651524871 2.361568651546069
    endloop
  endfacet
  facet normal 0 -0.4226182617407 0.9063077870366498
    outer loop
      vertex 19.9 0.6327372651524871 2.361568651546069
      vertex 22.2 0.6327372651524871 2.361568651546069
      vertex 19.9 0.9249999999999999 2.4978530029987884
    endloop
  endfacet
  facet normal 0 -0.5735764363510462 0.8191520442889917
    outer loop
      vertex 19.9 0.9249999999999999 2.4978530029987884
      vertex 22.2 0.9249999999999999 2.4978530029987884
      vertex 19.9 1.1891570779200975 2.6828177802298905
    endloop
  endfacet
  facet normal 0 -0.258819045102521 0.9659258262890683
    outer loop
      vertex 19.9 0.6327372651524871 2.361568651546069
      vertex 22.2 0.3212491286838211 2.2781056569274147
      vertex 22.2 0.6327372651524871 2.361568651546069
    endloop
  endfacet
  facet normal 0 -0.4226182617407 0.9063077870366498
    outer loop
      vertex 19.9 0.9249999999999999 2.4978530029987884
      vertex 22.2 0.6327372651524871 2.361568651546069
      vertex 22.2 0.9249999999999999 2.4978530029987884
    endloop
  endfacet
  facet normal 0 -0.7071067811865471 0.7071067811865479
    outer loop
      vertex 19.9 1.1891570779200975 2.6828177802298905
      vertex 22.2 1.1891570779200975 2.6828177802298905
      vertex 19.9 1.4171822197701092 2.910842922079902
    endloop
  endfacet
  facet normal 0 -0.5735764363510462 0.8191520442889917
    outer loop
      vertex 19.9 1.1891570779200975 2.6828177802298905
      vertex 22.2 0.9249999999999999 2.4978530029987884
      vertex 22.2 1.1891570779200975 2.6828177802298905
    endloop
  endfacet
  facet normal 0 -0.8191520442889921 0.5735764363510457
    outer loop
      vertex 19.9 1.4171822197701092 2.910842922079902
      vertex 22.2 1.4171822197701092 2.910842922079902
      vertex 19.9 1.6021469970012112 3.175
    endloop
  endfacet
  facet normal 0 -0.7071067811865471 0.7071067811865479
    outer loop
      vertex 19.9 1.4171822197701092 2.910842922079902
      vertex 22.2 1.1891570779200975 2.6828177802298905
      vertex 22.2 1.4171822197701092 2.910842922079902
    endloop
  endfacet
  facet normal -3.0120469297307017e-19 0.8191520442889921 0.5735764363510457
    outer loop
      vertex 19.9 -1.4171822197701092 2.910842922079902
      vertex 19.9 -1.6021469970012112 3.175
      vertex 22.2 -1.6021469970012112 3.175
    endloop
  endfacet
  facet normal 0 0.9063077870366496 0.4226182617407002
    outer loop
      vertex 19.9 -1.6021469970012112 3.175
      vertex 22.2 -1.7384313484539304 3.4672627348475125
      vertex 22.2 -1.6021469970012112 3.175
    endloop
  endfacet
  facet normal -7.273259266696935e-19 0.9063077870366496 0.4226182617407002
    outer loop
      vertex 19.9 -1.6021469970012112 3.175
      vertex 19.9 -1.7384313484539304 3.4672627348475125
      vertex 22.2 -1.7384313484539304 3.4672627348475125
    endloop
  endfacet
  facet normal 0 0.9659258262890683 0.2588190451025204
    outer loop
      vertex 19.9 -1.7384313484539304 3.4672627348475125
      vertex 22.2 -1.8218943430725847 3.7787508713161784
      vertex 22.2 -1.7384313484539304 3.4672627348475125
    endloop
  endfacet
  facet normal 1.805590096826956e-18 0.9659258262890683 0.2588190451025204
    outer loop
      vertex 19.9 -1.7384313484539304 3.4672627348475125
      vertex 19.9 -1.8218943430725847 3.7787508713161784
      vertex 22.2 -1.8218943430725847 3.7787508713161784
    endloop
  endfacet
  facet normal -8.128957233232433e-19 0.9961946980917454 0.0871557427476584
    outer loop
      vertex 19.9 -1.8218943430725847 3.7787508713161784
      vertex 19.9 -1.8499999999999999 4.1
      vertex 22.2 -1.8499999999999999 4.1
    endloop
  endfacet
  facet normal 0 0.9961946980917454 0.0871557427476584
    outer loop
      vertex 19.9 -1.8218943430725847 3.7787508713161784
      vertex 22.2 -1.8499999999999999 4.1
      vertex 22.2 -1.8218943430725847 3.7787508713161784
    endloop
  endfacet
  facet normal 0 -0.9063077870366496 0.4226182617407002
    outer loop
      vertex 19.9 1.6021469970012112 3.175
      vertex 22.2 1.6021469970012112 3.175
      vertex 19.9 1.7384313484539304 3.4672627348475125
    endloop
  endfacet
  facet normal 3.0120469297307017e-19 -0.8191520442889921 0.5735764363510457
    outer loop
      vertex 22.2 1.4171822197701092 2.910842922079902
      vertex 22.2 1.6021469970012112 3.175
      vertex 19.9 1.6021469970012112 3.175
    endloop
  endfacet
  facet normal 0 -0.9659258262890683 0.2588190451025204
    outer loop
      vertex 19.9 1.7384313484539304 3.4672627348475125
      vertex 22.2 1.7384313484539304 3.4672627348475125
      vertex 19.9 1.8218943430725847 3.7787508713161784
    endloop
  endfacet
  facet normal 0 -0.9063077870366496 0.4226182617407002
    outer loop
      vertex 19.9 1.7384313484539304 3.4672627348475125
      vertex 22.2 1.6021469970012112 3.175
      vertex 22.2 1.7384313484539304 3.4672627348475125
    endloop
  endfacet
  facet normal 0 -0.9659258262890683 0.2588190451025204
    outer loop
      vertex 19.9 1.8218943430725847 3.7787508713161784
      vertex 22.2 1.7384313484539304 3.4672627348475125
      vertex 22.2 1.8218943430725847 3.7787508713161784
    endloop
  endfacet
  facet normal 0 -0.9961946980917454 0.0871557427476584
    outer loop
      vertex 19.9 1.8218943430725847 3.7787508713161784
      vertex 22.2 1.8218943430725847 3.7787508713161784
      vertex 19.9 1.8499999999999999 4.1
    endloop
  endfacet
  facet normal 8.128957233232433e-19 -0.9961946980917454 0.0871557427476584
    outer loop
      vertex 22.2 1.8218943430725847 3.7787508713161784
      vertex 22.2 1.8499999999999999 4.1
      vertex 19.9 1.8499999999999999 4.1
    endloop
  endfacet
  facet normal 0 0.9961946980917455 -0.08715574274765854
    outer loop
      vertex -14.1 -1.8499999999999999 4.1
      vertex 14.1 -1.8218943430725847 4.4212491286838205
      vertex 14.1 -1.8499999999999999 4.1
    endloop
  endfacet
  facet normal 0 0.9659258262890685 -0.25881904510252013
    outer loop
      vertex -14.1 -1.8218943430725847 4.4212491286838205
      vertex 14.1 -1.7384313484539304 4.732737265152487
      vertex 14.1 -1.8218943430725847 4.4212491286838205
    endloop
  endfacet
  facet normal 0 0.9063077870366496 -0.4226182617407002
    outer loop
      vertex -14.1 -1.7384313484539304 4.732737265152487
      vertex 14.1 -1.6021469970012112 5.0249999999999995
      vertex 14.1 -1.7384313484539304 4.732737265152487
    endloop
  endfacet
  facet normal 0 0.819152044288992 -0.5735764363510457
    outer loop
      vertex -14.1 -1.6021469970012112 5.0249999999999995
      vertex 14.1 -1.4171822197701092 5.289157077920097
      vertex 14.1 -1.6021469970012112 5.0249999999999995
    endloop
  endfacet
  facet normal 0 -0.9961946980917455 -0.08715574274765854
    outer loop
      vertex -14.1 1.8218943430725847 4.4212491286838205
      vertex 14.1 1.8499999999999999 4.1
      vertex 14.1 1.8218943430725847 4.4212491286838205
    endloop
  endfacet
  facet normal 0 -0.9659258262890685 -0.25881904510252013
    outer loop
      vertex -14.1 1.7384313484539304 4.732737265152487
      vertex 14.1 1.8218943430725847 4.4212491286838205
      vertex 14.1 1.7384313484539304 4.732737265152487
    endloop
  endfacet
  facet normal 0 -0.9063077870366496 -0.4226182617407002
    outer loop
      vertex -14.1 1.6021469970012112 5.0249999999999995
      vertex 14.1 1.7384313484539304 4.732737265152487
      vertex 14.1 1.6021469970012112 5.0249999999999995
    endloop
  endfacet
  facet normal 0 0.8020147049803104 -0.5973042884454671
    outer loop
      vertex -14.1 -1.4171822197701092 5.289157077920097
      vertex 14.1 -0.24574561328669753 6.862072930905313
      vertex 14.1 -1.4171822197701092 5.289157077920097
    endloop
  endfacet
  facet normal 0 -0.819152044288992 -0.5735764363510457
    outer loop
      vertex -14.1 1.4171822197701092 5.289157077920097
      vertex 14.1 1.6021469970012112 5.0249999999999995
      vertex 14.1 1.4171822197701092 5.289157077920097
    endloop
  endfacet
  facet normal 0 0.793353340291233 -0.6087614290087234
    outer loop
      vertex -14.1 -0.24574561328669753 6.862072930905313
      vertex 14.1 -0.2298133329356934 6.882836282905961
      vertex 14.1 -0.24574561328669753 6.862072930905313
    endloop
  endfacet
  facet normal 0 0.7372773368101213 -0.6755902076156632
    outer loop
      vertex -14.1 -0.2298133329356934 6.882836282905961
      vertex 14.1 -0.21213203435596426 6.902132034355963
      vertex 14.1 -0.2298133329356934 6.882836282905961
    endloop
  endfacet
  facet normal 0 0.6755902076156658 -0.7372773368101189
    outer loop
      vertex -14.1 -0.21213203435596426 6.902132034355963
      vertex 14.1 -0.19283628290596178 6.919813332935693
      vertex 14.1 -0.21213203435596426 6.902132034355963
    endloop
  endfacet
  facet normal 0 -0.793353340291233 -0.6087614290087234
    outer loop
      vertex -14.1 0.2298133329356934 6.882836282905961
      vertex 14.1 0.24574561328669753 6.862072930905313
      vertex 14.1 0.2298133329356934 6.882836282905961
    endloop
  endfacet
  facet normal 0 -0.7372773368101213 -0.6755902076156632
    outer loop
      vertex -14.1 0.21213203435596426 6.902132034355963
      vertex 14.1 0.2298133329356934 6.882836282905961
      vertex 14.1 0.21213203435596426 6.902132034355963
    endloop
  endfacet
  facet normal 0 -0.6755902076156658 -0.7372773368101189
    outer loop
      vertex -14.1 0.19283628290596178 6.919813332935693
      vertex 14.1 0.21213203435596426 6.902132034355963
      vertex 14.1 0.19283628290596178 6.919813332935693
    endloop
  endfacet
  facet normal 0 0.6087614290087183 -0.793353340291237
    outer loop
      vertex -14.1 -0.19283628290596178 6.919813332935693
      vertex 14.1 -0.1720729309053138 6.935745613286697
      vertex 14.1 -0.19283628290596178 6.919813332935693
    endloop
  endfacet
  facet normal 0 0.5372996083468402 -0.8433914458128753
    outer loop
      vertex -14.1 -0.1720729309053138 6.935745613286697
      vertex 14.1 -0.15 6.9498076211353315
      vertex 14.1 -0.1720729309053138 6.935745613286697
    endloop
  endfacet
  facet normal 0 0.4617486132350053 -0.8870108331782367
    outer loop
      vertex -14.1 -0.15 6.9498076211353315
      vertex 14.1 -0.12678547852220984 6.961892336110994
      vertex 14.1 -0.15 6.9498076211353315
    endloop
  endfacet
  facet normal 0 0.3826834323650906 -0.9238795325112864
    outer loop
      vertex -14.1 -0.12678547852220984 6.961892336110994
      vertex 14.1 -0.10260604299770061 6.9719077862357715
      vertex 14.1 -0.12678547852220984 6.961892336110994
    endloop
  endfacet
  facet normal 0 0.3007057995042934 -0.9537169507482206
    outer loop
      vertex -14.1 -0.10260604299770061 6.9719077862357715
      vertex 14.1 -0.07764571353075622 6.97977774788672
      vertex 14.1 -0.10260604299770061 6.9719077862357715
    endloop
  endfacet
  facet normal 0 0.2164396139381127 -0.9762960071199313
    outer loop
      vertex -14.1 -0.07764571353075622 6.97977774788672
      vertex 14.1 -0.0520944533000791 6.985442325903662
      vertex 14.1 -0.07764571353075622 6.97977774788672
    endloop
  endfacet
  facet normal 0 -0.4617486132350053 -0.8870108331782367
    outer loop
      vertex -14.1 0.12678547852220984 6.961892336110994
      vertex 14.1 0.15 6.9498076211353315
      vertex 14.1 0.12678547852220984 6.961892336110994
    endloop
  endfacet
  facet normal 0 -0.3007057995042934 -0.9537169507482206
    outer loop
      vertex -14.1 0.07764571353075622 6.97977774788672
      vertex 14.1 0.10260604299770061 6.9719077862357715
      vertex 14.1 0.07764571353075622 6.97977774788672
    endloop
  endfacet
  facet normal 0 -0.3826834323650906 -0.9238795325112864
    outer loop
      vertex -14.1 0.10260604299770061 6.9719077862357715
      vertex 14.1 0.12678547852220984 6.961892336110994
      vertex 14.1 0.10260604299770061 6.9719077862357715
    endloop
  endfacet
  facet normal 0 -0.6087614290087183 -0.793353340291237
    outer loop
      vertex -14.1 0.1720729309053138 6.935745613286697
      vertex 14.1 0.19283628290596178 6.919813332935693
      vertex 14.1 0.1720729309053138 6.935745613286697
    endloop
  endfacet
  facet normal 0 -0.5372996083468402 -0.8433914458128753
    outer loop
      vertex -14.1 0.15 6.9498076211353315
      vertex 14.1 0.1720729309053138 6.935745613286697
      vertex 14.1 0.15 6.9498076211353315
    endloop
  endfacet
  facet normal 0 0.13052619222005177 -0.9914448613738105
    outer loop
      vertex -14.1 -0.0520944533000791 6.985442325903662
      vertex 14.1 -0.02614672282429745 6.9888584094275235
      vertex 14.1 -0.0520944533000791 6.985442325903662
    endloop
  endfacet
  facet normal 0 0.04361938736531808 -0.9990482215818586
    outer loop
      vertex -14.1 -0.02614672282429745 6.9888584094275235
      vertex 14.1 0 6.989999999999999
      vertex 14.1 -0.02614672282429745 6.9888584094275235
    endloop
  endfacet
  facet normal 0 -0.13052619222005177 -0.9914448613738105
    outer loop
      vertex -14.1 0.02614672282429745 6.9888584094275235
      vertex 14.1 0.0520944533000791 6.985442325903662
      vertex 14.1 0.02614672282429745 6.9888584094275235
    endloop
  endfacet
  facet normal 0 -0.04361938736531808 -0.9990482215818586
    outer loop
      vertex -14.1 0 6.989999999999999
      vertex 14.1 0.02614672282429745 6.9888584094275235
      vertex 14.1 0 6.989999999999999
    endloop
  endfacet
  facet normal 0 -0.2164396139381127 -0.9762960071199313
    outer loop
      vertex -14.1 0.0520944533000791 6.985442325903662
      vertex 14.1 0.07764571353075622 6.97977774788672
      vertex 14.1 0.0520944533000791 6.985442325903662
    endloop
  endfacet
  facet normal 0 -0.8020147049803104 -0.5973042884454671
    outer loop
      vertex -14.1 0.24574561328669753 6.862072930905313
      vertex 14.1 1.4171822197701092 5.289157077920097
      vertex 14.1 0.24574561328669753 6.862072930905313
    endloop
  endfacet
  facet normal 3.56704868285152e-19 0.9961946980917455 -0.08715574274765853
    outer loop
      vertex 19.9 -1.8499999999999999 4.1
      vertex 19.9 -1.8218943430725847 4.4212491286838205
      vertex 22.2 -1.8218943430725847 4.4212491286838205
    endloop
  endfacet
  facet normal 0 0.9961946980917455 -0.08715574274765853
    outer loop
      vertex 19.9 -1.8499999999999999 4.1
      vertex 22.2 -1.8218943430725847 4.4212491286838205
      vertex 22.2 -1.8499999999999999 4.1
    endloop
  endfacet
  facet normal 0 0.9659258262890685 -0.2588190451025201
    outer loop
      vertex 19.9 -1.8218943430725847 4.4212491286838205
      vertex 22.2 -1.7384313484539304 4.732737265152487
      vertex 22.2 -1.8218943430725847 4.4212491286838205
    endloop
  endfacet
  facet normal 1.3905277512335793e-18 0.9659258262890685 -0.2588190451025201
    outer loop
      vertex 19.9 -1.8218943430725847 4.4212491286838205
      vertex 19.9 -1.7384313484539304 4.732737265152487
      vertex 22.2 -1.7384313484539304 4.732737265152487
    endloop
  endfacet
  facet normal 0 0.9063077870366496 -0.4226182617407002
    outer loop
      vertex 19.9 -1.7384313484539304 4.732737265152487
      vertex 22.2 -1.6021469970012112 5.0249999999999995
      vertex 22.2 -1.7384313484539304 4.732737265152487
    endloop
  endfacet
  facet normal 7.273259266696935e-19 0.9063077870366496 -0.4226182617407002
    outer loop
      vertex 19.9 -1.7384313484539304 4.732737265152487
      vertex 19.9 -1.6021469970012112 5.0249999999999995
      vertex 22.2 -1.6021469970012112 5.0249999999999995
    endloop
  endfacet
  facet normal 0 0.8191520442889921 -0.5735764363510457
    outer loop
      vertex 19.9 -1.6021469970012112 5.0249999999999995
      vertex 22.2 -1.4171822197701092 5.289157077920097
      vertex 22.2 -1.6021469970012112 5.0249999999999995
    endloop
  endfacet
  facet normal 0 -0.9961946980917455 -0.08715574274765853
    outer loop
      vertex 19.9 1.8499999999999999 4.1
      vertex 22.2 1.8499999999999999 4.1
      vertex 19.9 1.8218943430725847 4.4212491286838205
    endloop
  endfacet
  facet normal 0 -0.9961946980917455 -0.08715574274765853
    outer loop
      vertex 19.9 1.8218943430725847 4.4212491286838205
      vertex 22.2 1.8499999999999999 4.1
      vertex 22.2 1.8218943430725847 4.4212491286838205
    endloop
  endfacet
  facet normal 0 -0.9659258262890685 -0.2588190451025201
    outer loop
      vertex 19.9 1.8218943430725847 4.4212491286838205
      vertex 22.2 1.8218943430725847 4.4212491286838205
      vertex 19.9 1.7384313484539304 4.732737265152487
    endloop
  endfacet
  facet normal 0 -0.9063077870366496 -0.4226182617407002
    outer loop
      vertex 19.9 1.7384313484539304 4.732737265152487
      vertex 22.2 1.7384313484539304 4.732737265152487
      vertex 19.9 1.6021469970012112 5.0249999999999995
    endloop
  endfacet
  facet normal 0 -0.9659258262890685 -0.2588190451025201
    outer loop
      vertex 19.9 1.7384313484539304 4.732737265152487
      vertex 22.2 1.8218943430725847 4.4212491286838205
      vertex 22.2 1.7384313484539304 4.732737265152487
    endloop
  endfacet
  facet normal 0 -0.8191520442889921 -0.5735764363510457
    outer loop
      vertex 19.9 1.6021469970012112 5.0249999999999995
      vertex 22.2 1.6021469970012112 5.0249999999999995
      vertex 19.9 1.4171822197701092 5.289157077920097
    endloop
  endfacet
  facet normal -7.273259266696935e-19 -0.9063077870366496 -0.4226182617407002
    outer loop
      vertex 22.2 1.7384313484539304 4.732737265152487
      vertex 22.2 1.6021469970012112 5.0249999999999995
      vertex 19.9 1.6021469970012112 5.0249999999999995
    endloop
  endfacet
  facet normal 3.0120469297307017e-19 0.8191520442889921 -0.5735764363510457
    outer loop
      vertex 19.9 -1.6021469970012112 5.0249999999999995
      vertex 19.9 -1.4171822197701092 5.289157077920097
      vertex 22.2 -1.4171822197701092 5.289157077920097
    endloop
  endfacet
  facet normal 0 0.8020147049803104 -0.5973042884454671
    outer loop
      vertex 19.9 -1.4171822197701092 5.289157077920097
      vertex 22.2 -0.24574561328669753 6.862072930905313
      vertex 22.2 -1.4171822197701092 5.289157077920097
    endloop
  endfacet
  facet normal 0 -0.8191520442889921 -0.5735764363510457
    outer loop
      vertex 19.9 1.4171822197701092 5.289157077920097
      vertex 22.2 1.6021469970012112 5.0249999999999995
      vertex 22.2 1.4171822197701092 5.289157077920097
    endloop
  endfacet
  facet normal 0 -0.8020147049803104 -0.5973042884454671
    outer loop
      vertex 19.9 1.4171822197701092 5.289157077920097
      vertex 22.2 1.4171822197701092 5.289157077920097
      vertex 19.9 0.24574561328669753 6.862072930905313
    endloop
  endfacet
  facet normal 1.8820420471214276e-17 0.8020147049803104 -0.5973042884454671
    outer loop
      vertex 19.9 -1.4171822197701092 5.289157077920097
      vertex 19.9 -0.24574561328669753 6.862072930905313
      vertex 22.2 -0.24574561328669753 6.862072930905313
    endloop
  endfacet
  facet normal 2.494475653591953e-19 0.793353340291233 -0.6087614290087234
    outer loop
      vertex 19.9 -0.24574561328669753 6.862072930905313
      vertex 19.9 -0.2298133329356934 6.882836282905961
      vertex 22.2 -0.2298133329356934 6.882836282905961
    endloop
  endfacet
  facet normal -2.312595958767383e-19 0.7372773368101213 -0.6755902076156632
    outer loop
      vertex 19.9 -0.2298133329356934 6.882836282905961
      vertex 19.9 -0.21213203435596426 6.902132034355963
      vertex 22.2 -0.21213203435596426 6.902132034355963
    endloop
  endfacet
  facet normal -1.9213280871430042e-19 0.6755902076156658 -0.7372773368101189
    outer loop
      vertex 19.9 -0.21213203435596426 6.902132034355963
      vertex 19.9 -0.19283628290596178 6.919813332935693
      vertex 22.2 -0.19283628290596178 6.919813332935693
    endloop
  endfacet
  facet normal 0 -0.793353340291233 -0.6087614290087234
    outer loop
      vertex 19.9 0.24574561328669753 6.862072930905313
      vertex 22.2 0.24574561328669753 6.862072930905313
      vertex 19.9 0.2298133329356934 6.882836282905961
    endloop
  endfacet
  facet normal 2.312595958767383e-19 -0.7372773368101213 -0.6755902076156632
    outer loop
      vertex 19.9 0.21213203435596426 6.902132034355963
      vertex 19.9 0.2298133329356934 6.882836282905961
      vertex 22.2 0.2298133329356934 6.882836282905961
    endloop
  endfacet
  facet normal 0 -0.6755902076156658 -0.7372773368101189
    outer loop
      vertex 19.9 0.21213203435596426 6.902132034355963
      vertex 22.2 0.21213203435596426 6.902132034355963
      vertex 19.9 0.19283628290596178 6.919813332935693
    endloop
  endfacet
  facet normal 0 0.793353340291233 -0.6087614290087234
    outer loop
      vertex 19.9 -0.24574561328669753 6.862072930905313
      vertex 22.2 -0.2298133329356934 6.882836282905961
      vertex 22.2 -0.24574561328669753 6.862072930905313
    endloop
  endfacet
  facet normal 0 0.7372773368101213 -0.6755902076156632
    outer loop
      vertex 19.9 -0.2298133329356934 6.882836282905961
      vertex 22.2 -0.21213203435596426 6.902132034355963
      vertex 22.2 -0.2298133329356934 6.882836282905961
    endloop
  endfacet
  facet normal 0 0.6755902076156658 -0.7372773368101189
    outer loop
      vertex 19.9 -0.21213203435596426 6.902132034355963
      vertex 22.2 -0.19283628290596178 6.919813332935693
      vertex 22.2 -0.21213203435596426 6.902132034355963
    endloop
  endfacet
  facet normal 0 -0.793353340291233 -0.6087614290087234
    outer loop
      vertex 19.9 0.2298133329356934 6.882836282905961
      vertex 22.2 0.24574561328669753 6.862072930905313
      vertex 22.2 0.2298133329356934 6.882836282905961
    endloop
  endfacet
  facet normal 0 -0.7372773368101213 -0.6755902076156632
    outer loop
      vertex 19.9 0.21213203435596426 6.902132034355963
      vertex 22.2 0.2298133329356934 6.882836282905961
      vertex 22.2 0.21213203435596426 6.902132034355963
    endloop
  endfacet
  facet normal 0 -0.6755902076156658 -0.7372773368101189
    outer loop
      vertex 19.9 0.19283628290596178 6.919813332935693
      vertex 22.2 0.21213203435596426 6.902132034355963
      vertex 22.2 0.19283628290596178 6.919813332935693
    endloop
  endfacet
  facet normal -4.140151824837666e-19 0.6087614290087183 -0.793353340291237
    outer loop
      vertex 19.9 -0.19283628290596178 6.919813332935693
      vertex 19.9 -0.1720729309053138 6.935745613286697
      vertex 22.2 -0.1720729309053138 6.935745613286697
    endloop
  endfacet
  facet normal 2.911625085990186e-19 0.5372996083468402 -0.8433914458128753
    outer loop
      vertex 19.9 -0.1720729309053138 6.935745613286697
      vertex 19.9 -0.15 6.9498076211353315
      vertex 22.2 -0.15 6.9498076211353315
    endloop
  endfacet
  facet normal -2.26027753685849e-19 0.46174861323500527 -0.8870108331782366
    outer loop
      vertex 19.9 -0.15 6.9498076211353315
      vertex 19.9 -0.12678547852220984 6.961892336110994
      vertex 22.2 -0.12678547852220984 6.961892336110994
    endloop
  endfacet
  facet normal -2.10283178453144e-19 0.3826834323650906 -0.9238795325112864
    outer loop
      vertex 19.9 -0.12678547852220984 6.961892336110994
      vertex 19.9 -0.10260604299770061 6.9719077862357715
      vertex 22.2 -0.10260604299770061 6.9719077862357715
    endloop
  endfacet
  facet normal -1.907117996666861e-19 0.3007057995042934 -0.9537169507482205
    outer loop
      vertex 19.9 -0.10260604299770061 6.9719077862357715
      vertex 19.9 -0.07764571353075622 6.97977774788672
      vertex 22.2 -0.07764571353075622 6.97977774788672
    endloop
  endfacet
  facet normal 0 -0.46174861323500527 -0.8870108331782366
    outer loop
      vertex 19.9 0.15 6.9498076211353315
      vertex 22.2 0.15 6.9498076211353315
      vertex 19.9 0.12678547852220984 6.961892336110994
    endloop
  endfacet
  facet normal 0 -0.3826834323650906 -0.9238795325112864
    outer loop
      vertex 19.9 0.12678547852220984 6.961892336110994
      vertex 22.2 0.12678547852220984 6.961892336110994
      vertex 19.9 0.10260604299770061 6.9719077862357715
    endloop
  endfacet
  facet normal 1.907117996666861e-19 -0.3007057995042934 -0.9537169507482205
    outer loop
      vertex 19.9 0.07764571353075622 6.97977774788672
      vertex 19.9 0.10260604299770061 6.9719077862357715
      vertex 22.2 0.10260604299770061 6.9719077862357715
    endloop
  endfacet
  facet normal -1.152229572382704e-19 -0.2164396139381127 -0.9762960071199313
    outer loop
      vertex 19.9 0.0520944533000791 6.985442325903662
      vertex 19.9 0.07764571353075622 6.97977774788672
      vertex 22.2 0.07764571353075622 6.97977774788672
    endloop
  endfacet
  facet normal 0 -0.6087614290087183 -0.793353340291237
    outer loop
      vertex 19.9 0.19283628290596178 6.919813332935693
      vertex 22.2 0.19283628290596178 6.919813332935693
      vertex 19.9 0.1720729309053138 6.935745613286697
    endloop
  endfacet
  facet normal 0 -0.5372996083468402 -0.8433914458128753
    outer loop
      vertex 19.9 0.1720729309053138 6.935745613286697
      vertex 22.2 0.1720729309053138 6.935745613286697
      vertex 19.9 0.15 6.9498076211353315
    endloop
  endfacet
  facet normal 1.152229572382704e-19 0.2164396139381127 -0.9762960071199313
    outer loop
      vertex 19.9 -0.07764571353075622 6.97977774788672
      vertex 19.9 -0.0520944533000791 6.985442325903662
      vertex 22.2 -0.0520944533000791 6.985442325903662
    endloop
  endfacet
  facet normal -1.9555070695434842e-20 0.1305261922200518 -0.9914448613738105
    outer loop
      vertex 19.9 -0.0520944533000791 6.985442325903662
      vertex 19.9 -0.02614672282429745 6.9888584094275235
      vertex 22.2 -0.02614672282429745 6.9888584094275235
    endloop
  endfacet
  facet normal 2.742206737854062e-20 0.04361938736531807 -0.9990482215818586
    outer loop
      vertex 19.9 -0.02614672282429745 6.9888584094275235
      vertex 19.9 0 6.989999999999999
      vertex 22.2 0 6.989999999999999
    endloop
  endfacet
  facet normal 0 -0.04361938736531807 -0.9990482215818586
    outer loop
      vertex 19.9 0.02614672282429745 6.9888584094275235
      vertex 22.2 0.02614672282429745 6.9888584094275235
      vertex 19.9 0 6.989999999999999
    endloop
  endfacet
  facet normal 1.9555070695434842e-20 -0.1305261922200518 -0.9914448613738105
    outer loop
      vertex 19.9 0.02614672282429745 6.9888584094275235
      vertex 19.9 0.0520944533000791 6.985442325903662
      vertex 22.2 0.0520944533000791 6.985442325903662
    endloop
  endfacet
  facet normal 0 0.6087614290087183 -0.793353340291237
    outer loop
      vertex 19.9 -0.19283628290596178 6.919813332935693
      vertex 22.2 -0.1720729309053138 6.935745613286697
      vertex 22.2 -0.19283628290596178 6.919813332935693
    endloop
  endfacet
  facet normal 0 0.5372996083468402 -0.8433914458128753
    outer loop
      vertex 19.9 -0.1720729309053138 6.935745613286697
      vertex 22.2 -0.15 6.9498076211353315
      vertex 22.2 -0.1720729309053138 6.935745613286697
    endloop
  endfacet
  facet normal 0 0.46174861323500527 -0.8870108331782366
    outer loop
      vertex 19.9 -0.15 6.9498076211353315
      vertex 22.2 -0.12678547852220984 6.961892336110994
      vertex 22.2 -0.15 6.9498076211353315
    endloop
  endfacet
  facet normal 0 0.3826834323650906 -0.9238795325112864
    outer loop
      vertex 19.9 -0.12678547852220984 6.961892336110994
      vertex 22.2 -0.10260604299770061 6.9719077862357715
      vertex 22.2 -0.12678547852220984 6.961892336110994
    endloop
  endfacet
  facet normal 0 0.3007057995042934 -0.9537169507482205
    outer loop
      vertex 19.9 -0.10260604299770061 6.9719077862357715
      vertex 22.2 -0.07764571353075622 6.97977774788672
      vertex 22.2 -0.10260604299770061 6.9719077862357715
    endloop
  endfacet
  facet normal 0 0.2164396139381127 -0.9762960071199313
    outer loop
      vertex 19.9 -0.07764571353075622 6.97977774788672
      vertex 22.2 -0.0520944533000791 6.985442325903662
      vertex 22.2 -0.07764571353075622 6.97977774788672
    endloop
  endfacet
  facet normal 0 -0.46174861323500527 -0.8870108331782366
    outer loop
      vertex 19.9 0.12678547852220984 6.961892336110994
      vertex 22.2 0.15 6.9498076211353315
      vertex 22.2 0.12678547852220984 6.961892336110994
    endloop
  endfacet
  facet normal 0 -0.3007057995042934 -0.9537169507482205
    outer loop
      vertex 19.9 0.07764571353075622 6.97977774788672
      vertex 22.2 0.10260604299770061 6.9719077862357715
      vertex 22.2 0.07764571353075622 6.97977774788672
    endloop
  endfacet
  facet normal 0 -0.3826834323650906 -0.9238795325112864
    outer loop
      vertex 19.9 0.10260604299770061 6.9719077862357715
      vertex 22.2 0.12678547852220984 6.961892336110994
      vertex 22.2 0.10260604299770061 6.9719077862357715
    endloop
  endfacet
  facet normal 0 -0.6087614290087183 -0.793353340291237
    outer loop
      vertex 19.9 0.1720729309053138 6.935745613286697
      vertex 22.2 0.19283628290596178 6.919813332935693
      vertex 22.2 0.1720729309053138 6.935745613286697
    endloop
  endfacet
  facet normal 0 -0.5372996083468402 -0.8433914458128753
    outer loop
      vertex 19.9 0.15 6.9498076211353315
      vertex 22.2 0.1720729309053138 6.935745613286697
      vertex 22.2 0.15 6.9498076211353315
    endloop
  endfacet
  facet normal 0 0.1305261922200518 -0.9914448613738105
    outer loop
      vertex 19.9 -0.0520944533000791 6.985442325903662
      vertex 22.2 -0.02614672282429745 6.9888584094275235
      vertex 22.2 -0.0520944533000791 6.985442325903662
    endloop
  endfacet
  facet normal 0 0.04361938736531807 -0.9990482215818586
    outer loop
      vertex 19.9 -0.02614672282429745 6.9888584094275235
      vertex 22.2 0 6.989999999999999
      vertex 22.2 -0.02614672282429745 6.9888584094275235
    endloop
  endfacet
  facet normal 0 -0.1305261922200518 -0.9914448613738105
    outer loop
      vertex 19.9 0.02614672282429745 6.9888584094275235
      vertex 22.2 0.0520944533000791 6.985442325903662
      vertex 22.2 0.02614672282429745 6.9888584094275235
    endloop
  endfacet
  facet normal 0 -0.04361938736531807 -0.9990482215818586
    outer loop
      vertex 19.9 0 6.989999999999999
      vertex 22.2 0.02614672282429745 6.9888584094275235
      vertex 22.2 0 6.989999999999999
    endloop
  endfacet
  facet normal 0 -0.2164396139381127 -0.9762960071199313
    outer loop
      vertex 19.9 0.0520944533000791 6.985442325903662
      vertex 22.2 0.07764571353075622 6.97977774788672
      vertex 22.2 0.0520944533000791 6.985442325903662
    endloop
  endfacet
  facet normal -1.8820420471214276e-17 -0.8020147049803104 -0.5973042884454671
    outer loop
      vertex 22.2 1.4171822197701092 5.289157077920097
      vertex 22.2 0.24574561328669753 6.862072930905313
      vertex 19.9 0.24574561328669753 6.862072930905313
    endloop
  endfacet
  facet normal 0 0.08715574274765865 0.9961946980917454
    outer loop
      vertex -22.2 -0.503579715234098 1.2440575162645966
      vertex -25.4 0 1.1999999999999997
      vertex -25.4 -0.503579715234098 1.2440575162645966
    endloop
  endfacet
  facet normal 0 -0.08715574274765865 0.9961946980917454
    outer loop
      vertex -22.2 0 1.1999999999999997
      vertex -25.4 0.503579715234098 1.2440575162645966
      vertex -25.4 0 1.1999999999999997
    endloop
  endfacet
  facet normal 0 0.25881904510251985 0.9659258262890685
    outer loop
      vertex -22.2 -0.9918584156444392 1.3748913997208652
      vertex -25.4 -0.503579715234098 1.2440575162645966
      vertex -25.4 -0.9918584156444392 1.3748913997208652
    endloop
  endfacet
  facet normal 0 0.4226182617407003 0.9063077870366496
    outer loop
      vertex -22.2 -1.45 1.588526329025128
      vertex -25.4 -0.9918584156444392 1.3748913997208652
      vertex -25.4 -1.45 1.588526329025128
    endloop
  endfacet
  facet normal -5.840365127626115e-19 0.08715574274765865 0.9961946980917454
    outer loop
      vertex -22.2 -0.503579715234098 1.2440575162645966
      vertex -22.2 0 1.1999999999999997
      vertex -25.4 0 1.1999999999999997
    endloop
  endfacet
  facet normal 5.840365127626115e-19 -0.08715574274765865 0.9961946980917454
    outer loop
      vertex -22.2 0 1.1999999999999997
      vertex -22.2 0.503579715234098 1.2440575162645966
      vertex -25.4 0.503579715234098 1.2440575162645966
    endloop
  endfacet
  facet normal -1.3430413737032642e-18 0.25881904510251985 0.9659258262890685
    outer loop
      vertex -22.2 -0.9918584156444392 1.3748913997208652
      vertex -22.2 -0.503579715234098 1.2440575162645966
      vertex -25.4 -0.503579715234098 1.2440575162645966
    endloop
  endfacet
  facet normal 0 0.4226182617407003 0.9063077870366496
    outer loop
      vertex -22.2 -0.9918584156444392 1.3748913997208652
      vertex -25.4 -0.9918584156444392 1.3748913997208652
      vertex -22.2 -1.45 1.588526329025128
    endloop
  endfacet
  facet normal 0 0.5735764363510462 0.8191520442889918
    outer loop
      vertex -22.2 -1.8640840680909638 1.8784711149549636
      vertex -25.4 -1.45 1.588526329025128
      vertex -25.4 -1.8640840680909638 1.8784711149549636
    endloop
  endfacet
  facet normal 0 0.5735764363510462 0.8191520442889918
    outer loop
      vertex -22.2 -1.45 1.588526329025128
      vertex -25.4 -1.45 1.588526329025128
      vertex -22.2 -1.8640840680909638 1.8784711149549636
    endloop
  endfacet
  facet normal 0 0.7071067811865472 0.7071067811865477
    outer loop
      vertex -22.2 -1.8640840680909638 1.8784711149549636
      vertex -25.4 -1.8640840680909638 1.8784711149549636
      vertex -22.2 -2.221528885045036 2.2359159319090356
    endloop
  endfacet
  facet normal 0 -0.25881904510251985 0.9659258262890685
    outer loop
      vertex -22.2 0.503579715234098 1.2440575162645966
      vertex -25.4 0.9918584156444392 1.3748913997208652
      vertex -25.4 0.503579715234098 1.2440575162645966
    endloop
  endfacet
  facet normal 0 -0.4226182617407003 0.9063077870366496
    outer loop
      vertex -22.2 0.9918584156444392 1.3748913997208652
      vertex -25.4 1.45 1.588526329025128
      vertex -25.4 0.9918584156444392 1.3748913997208652
    endloop
  endfacet
  facet normal 1.3430413737032642e-18 -0.25881904510251985 0.9659258262890685
    outer loop
      vertex -22.2 0.503579715234098 1.2440575162645966
      vertex -22.2 0.9918584156444392 1.3748913997208652
      vertex -25.4 0.9918584156444392 1.3748913997208652
    endloop
  endfacet
  facet normal -3.810193960019803e-18 -0.4226182617407003 0.9063077870366496
    outer loop
      vertex -22.2 0.9918584156444392 1.3748913997208652
      vertex -22.2 1.45 1.588526329025128
      vertex -25.4 1.45 1.588526329025128
    endloop
  endfacet
  facet normal 0 -0.5735764363510462 0.8191520442889918
    outer loop
      vertex -22.2 1.45 1.588526329025128
      vertex -25.4 1.8640840680909638 1.8784711149549636
      vertex -25.4 1.45 1.588526329025128
    endloop
  endfacet
  facet normal 0 -0.7071067811865472 0.7071067811865477
    outer loop
      vertex -22.2 1.8640840680909638 1.8784711149549636
      vertex -25.4 2.221528885045036 2.2359159319090356
      vertex -25.4 1.8640840680909638 1.8784711149549636
    endloop
  endfacet
  facet normal 2.512093397578202e-18 -0.5735764363510462 0.8191520442889918
    outer loop
      vertex -22.2 1.45 1.588526329025128
      vertex -22.2 1.8640840680909638 1.8784711149549636
      vertex -25.4 1.8640840680909638 1.8784711149549636
    endloop
  endfacet
  facet normal -1 0 0
    outer loop
      vertex -22.2 -0.9918584156444392 1.3748913997208652
      vertex -22.2 -0.6327372651524871 2.361568651546069
      vertex -22.2 -0.503579715234098 1.2440575162645966
    endloop
  endfacet
  facet normal -1 0 0
    outer loop
      vertex -22.2 -0.503579715234098 1.2440575162645966
      vertex -22.2 -0.3212491286838211 2.2781056569274147
      vertex -22.2 0 1.1999999999999997
    endloop
  endfacet
  facet normal -1 0 0
    outer loop
      vertex -22.2 0 1.1999999999999997
      vertex -22.2 0 2.25
      vertex -22.2 0.503579715234098 1.2440575162645966
    endloop
  endfacet
  facet normal -1 0 0
    outer loop
      vertex -22.2 -0.9918584156444392 1.3748913997208652
      vertex -22.2 -1.45 1.588526329025128
      vertex -22.2 -1.1891570779200975 2.6828177802298905
    endloop
  endfacet
  facet normal -1 0 0
    outer loop
      vertex -22.2 0 1.1999999999999997
      vertex -22.2 -0.3212491286838211 2.2781056569274147
      vertex -22.2 0 2.25
    endloop
  endfacet
  facet normal -1 0 0
    outer loop
      vertex -22.2 -0.503579715234098 1.2440575162645966
      vertex -22.2 -0.6327372651524871 2.361568651546069
      vertex -22.2 -0.3212491286838211 2.2781056569274147
    endloop
  endfacet
  facet normal -1 0 0
    outer loop
      vertex -22.2 0.503579715234098 1.2440575162645966
      vertex -22.2 0 2.25
      vertex -22.2 0.3212491286838211 2.2781056569274147
    endloop
  endfacet
  facet normal -1 0 0
    outer loop
      vertex -22.2 0.503579715234098 1.2440575162645966
      vertex -22.2 0.3212491286838211 2.2781056569274147
      vertex -22.2 0.9918584156444392 1.3748913997208652
    endloop
  endfacet
  facet normal -1 0 0
    outer loop
      vertex -22.2 0.9918584156444392 1.3748913997208652
      vertex -22.2 0.9249999999999999 2.4978530029987884
      vertex -22.2 1.45 1.588526329025128
    endloop
  endfacet
  facet normal -1 0 0
    outer loop
      vertex -22.2 0.9918584156444392 1.3748913997208652
      vertex -22.2 0.3212491286838211 2.2781056569274147
      vertex -22.2 0.6327372651524871 2.361568651546069
    endloop
  endfacet
  facet normal 0 0.7071067811865472 0.7071067811865477
    outer loop
      vertex -22.2 -2.221528885045036 2.2359159319090356
      vertex -25.4 -1.8640840680909638 1.8784711149549636
      vertex -25.4 -2.221528885045036 2.2359159319090356
    endloop
  endfacet
  facet normal 0 0.8191520442889918 0.5735764363510462
    outer loop
      vertex -22.2 -2.5114736709748717 2.6499999999999995
      vertex -25.4 -2.221528885045036 2.2359159319090356
      vertex -25.4 -2.5114736709748717 2.6499999999999995
    endloop
  endfacet
  facet normal 0 0.8191520442889918 0.5735764363510462
    outer loop
      vertex -22.2 -2.221528885045036 2.2359159319090356
      vertex -25.4 -2.221528885045036 2.2359159319090356
      vertex -22.2 -2.5114736709748717 2.6499999999999995
    endloop
  endfacet
  facet normal 0 0.9063077870366496 0.4226182617407003
    outer loop
      vertex -22.2 -2.7251086002791345 3.10814158435556
      vertex -25.4 -2.5114736709748717 2.6499999999999995
      vertex -25.4 -2.7251086002791345 3.10814158435556
    endloop
  endfacet
  facet normal 0 0.9063077870366496 0.4226182617407003
    outer loop
      vertex -22.2 -2.5114736709748717 2.6499999999999995
      vertex -25.4 -2.5114736709748717 2.6499999999999995
      vertex -22.2 -2.7251086002791345 3.10814158435556
    endloop
  endfacet
  facet normal 0 -0.8191520442889918 0.5735764363510462
    outer loop
      vertex -22.2 2.221528885045036 2.2359159319090356
      vertex -25.4 2.5114736709748717 2.6499999999999995
      vertex -25.4 2.221528885045036 2.2359159319090356
    endloop
  endfacet
  facet normal 6.262882810907757e-18 -0.7071067811865472 0.7071067811865477
    outer loop
      vertex -22.2 1.8640840680909638 1.8784711149549636
      vertex -22.2 2.221528885045036 2.2359159319090356
      vertex -25.4 2.221528885045036 2.2359159319090356
    endloop
  endfacet
  facet normal 2.512093397578202e-18 -0.8191520442889918 0.5735764363510462
    outer loop
      vertex -22.2 2.221528885045036 2.2359159319090356
      vertex -22.2 2.5114736709748717 2.6499999999999995
      vertex -25.4 2.5114736709748717 2.6499999999999995
    endloop
  endfacet
  facet normal 0 -0.9063077870366496 0.4226182617407003
    outer loop
      vertex -22.2 2.5114736709748717 2.6499999999999995
      vertex -25.4 2.7251086002791345 3.10814158435556
      vertex -25.4 2.5114736709748717 2.6499999999999995
    endloop
  endfacet
  facet normal -3.810193960019803e-18 -0.9063077870366496 0.4226182617407003
    outer loop
      vertex -22.2 2.5114736709748717 2.6499999999999995
      vertex -22.2 2.7251086002791345 3.10814158435556
      vertex -25.4 2.7251086002791345 3.10814158435556
    endloop
  endfacet
  facet normal -1 0 0
    outer loop
      vertex -22.2 -1.45 1.588526329025128
      vertex -22.2 -1.8640840680909638 1.8784711149549636
      vertex -22.2 -1.6021469970012112 3.175
    endloop
  endfacet
  facet normal -1 0 0
    outer loop
      vertex -22.2 -1.45 1.588526329025128
      vertex -22.2 -1.6021469970012112 3.175
      vertex -22.2 -1.4171822197701092 2.910842922079902
    endloop
  endfacet
  facet normal -1 0 0
    outer loop
      vertex -22.2 -0.9918584156444392 1.3748913997208652
      vertex -22.2 -0.9249999999999999 2.4978530029987884
      vertex -22.2 -0.6327372651524871 2.361568651546069
    endloop
  endfacet
  facet normal -1 0 0
    outer loop
      vertex -22.2 -0.9918584156444392 1.3748913997208652
      vertex -22.2 -1.1891570779200975 2.6828177802298905
      vertex -22.2 -0.9249999999999999 2.4978530029987884
    endloop
  endfacet
  facet normal -1 0 0
    outer loop
      vertex -22.2 -1.45 1.588526329025128
      vertex -22.2 -1.4171822197701092 2.910842922079902
      vertex -22.2 -1.1891570779200975 2.6828177802298905
    endloop
  endfacet
  facet normal -1 0 0
    outer loop
      vertex -22.2 -1.8640840680909638 1.8784711149549636
      vertex -22.2 -1.7384313484539304 3.4672627348475125
      vertex -22.2 -1.6021469970012112 3.175
    endloop
  endfacet
  facet normal -1 0 0
    outer loop
      vertex -22.2 -1.8640840680909638 1.8784711149549636
      vertex -22.2 -1.8218943430725847 3.7787508713161784
      vertex -22.2 -1.7384313484539304 3.4672627348475125
    endloop
  endfacet
  facet normal -1 0 0
    outer loop
      vertex -22.2 0.9918584156444392 1.3748913997208652
      vertex -22.2 0.6327372651524871 2.361568651546069
      vertex -22.2 0.9249999999999999 2.4978530029987884
    endloop
  endfacet
  facet normal -1 0 0
    outer loop
      vertex -22.2 1.45 1.588526329025128
      vertex -22.2 0.9249999999999999 2.4978530029987884
      vertex -22.2 1.1891570779200975 2.6828177802298905
    endloop
  endfacet
  facet normal -1 0 0
    outer loop
      vertex -22.2 1.45 1.588526329025128
      vertex -22.2 1.4171822197701092 2.910842922079902
      vertex -22.2 1.8640840680909638 1.8784711149549636
    endloop
  endfacet
  facet normal -1 0 0
    outer loop
      vertex -22.2 1.45 1.588526329025128
      vertex -22.2 1.1891570779200975 2.6828177802298905
      vertex -22.2 1.4171822197701092 2.910842922079902
    endloop
  endfacet
  facet normal -1 0 0
    outer loop
      vertex -22.2 1.8640840680909638 1.8784711149549636
      vertex -22.2 1.4171822197701092 2.910842922079902
      vertex -22.2 1.6021469970012112 3.175
    endloop
  endfacet
  facet normal -1 0 0
    outer loop
      vertex -22.2 1.8640840680909638 1.8784711149549636
      vertex -22.2 1.6021469970012112 3.175
      vertex -22.2 1.7384313484539304 3.4672627348475125
    endloop
  endfacet
  facet normal -1 0 0
    outer loop
      vertex -22.2 1.8640840680909638 1.8784711149549636
      vertex -22.2 1.7384313484539304 3.4672627348475125
      vertex -22.2 1.8218943430725847 3.7787508713161784
    endloop
  endfacet
  facet normal 0 0.9659258262890686 0.2588190451025198
    outer loop
      vertex -22.2 -2.855942483735403 3.5964202847659017
      vertex -25.4 -2.7251086002791345 3.10814158435556
      vertex -25.4 -2.855942483735403 3.5964202847659017
    endloop
  endfacet
  facet normal 0 0.9659258262890686 0.2588190451025198
    outer loop
      vertex -22.2 -2.7251086002791345 3.10814158435556
      vertex -25.4 -2.7251086002791345 3.10814158435556
      vertex -22.2 -2.855942483735403 3.5964202847659017
    endloop
  endfacet
  facet normal 0 0.9961946980917454 0.08715574274765865
    outer loop
      vertex -22.2 -2.9 4.1
      vertex -25.4 -2.855942483735403 3.5964202847659017
      vertex -25.4 -2.9 4.1
    endloop
  endfacet
  facet normal 0 0.9961946980917454 0.08715574274765865
    outer loop
      vertex -22.2 -2.855942483735403 3.5964202847659017
      vertex -25.4 -2.855942483735403 3.5964202847659017
      vertex -22.2 -2.9 4.1
    endloop
  endfacet
  facet normal 0 -0.9659258262890686 0.2588190451025198
    outer loop
      vertex -22.2 2.7251086002791345 3.10814158435556
      vertex -25.4 2.855942483735403 3.5964202847659017
      vertex -25.4 2.7251086002791345 3.10814158435556
    endloop
  endfacet
  facet normal 2.1438412441543365e-18 -0.9659258262890686 0.2588190451025198
    outer loop
      vertex -22.2 2.7251086002791345 3.10814158435556
      vertex -22.2 2.855942483735403 3.5964202847659017
      vertex -25.4 2.855942483735403 3.5964202847659017
    endloop
  endfacet
  facet normal 0 -0.9961946980917454 0.08715574274765865
    outer loop
      vertex -22.2 2.855942483735403 3.5964202847659017
      vertex -25.4 2.9 4.1
      vertex -25.4 2.855942483735403 3.5964202847659017
    endloop
  endfacet
  facet normal 5.840365127626115e-19 -0.9961946980917454 0.08715574274765865
    outer loop
      vertex -22.2 2.855942483735403 3.5964202847659017
      vertex -22.2 2.9 4.1
      vertex -25.4 2.9 4.1
    endloop
  endfacet
  facet normal -1 0 0
    outer loop
      vertex -22.2 -1.8640840680909638 1.8784711149549636
      vertex -22.2 -1.8499999999999999 4.1
      vertex -22.2 -1.8218943430725847 3.7787508713161784
    endloop
  endfacet
  facet normal -1 0 0
    outer loop
      vertex -22.2 -2.221528885045036 2.2359159319090356
      vertex -22.2 -2.5114736709748717 2.6499999999999995
      vertex -22.2 -2.5114736709748717 5.55
    endloop
  endfacet
  facet normal -1 0 0
    outer loop
      vertex -22.2 -1.8640840680909638 1.8784711149549636
      vertex -22.2 -2.221528885045036 2.2359159319090356
      vertex -22.2 -2.221528885045036 5.964084068090964
    endloop
  endfacet
  facet normal -1 0 0
    outer loop
      vertex -22.2 -2.5114736709748717 2.6499999999999995
      vertex -22.2 -2.7251086002791345 3.10814158435556
      vertex -22.2 -2.7251086002791345 5.091858415644439
    endloop
  endfacet
  facet normal -1 0 0
    outer loop
      vertex -22.2 -2.7251086002791345 3.10814158435556
      vertex -22.2 -2.855942483735403 3.5964202847659017
      vertex -22.2 -2.855942483735403 4.603579715234098
    endloop
  endfacet
  facet normal -1 0 0
    outer loop
      vertex -22.2 1.8640840680909638 1.8784711149549636
      vertex -22.2 1.8218943430725847 3.7787508713161784
      vertex -22.2 1.8499999999999999 4.1
    endloop
  endfacet
  facet normal -1 0 0
    outer loop
      vertex -22.2 1.8640840680909638 1.8784711149549636
      vertex -22.2 1.8640840680909638 6.321528885045035
      vertex -22.2 2.221528885045036 2.2359159319090356
    endloop
  endfacet
  facet normal -1 0 0
    outer loop
      vertex -22.2 2.221528885045036 2.2359159319090356
      vertex -22.2 2.221528885045036 5.964084068090964
      vertex -22.2 2.5114736709748717 2.6499999999999995
    endloop
  endfacet
  facet normal -1 0 0
    outer loop
      vertex -22.2 2.5114736709748717 2.6499999999999995
      vertex -22.2 2.5114736709748717 5.55
      vertex -22.2 2.7251086002791345 3.10814158435556
    endloop
  endfacet
  facet normal -1 0 0
    outer loop
      vertex -22.2 2.7251086002791345 3.10814158435556
      vertex -22.2 2.7251086002791345 5.091858415644439
      vertex -22.2 2.855942483735403 3.5964202847659017
    endloop
  endfacet
  facet normal 0 0.9961946980917454 -0.08715574274765865
    outer loop
      vertex -22.2 -2.855942483735403 4.603579715234098
      vertex -25.4 -2.9 4.1
      vertex -25.4 -2.855942483735403 4.603579715234098
    endloop
  endfacet
  facet normal 0 0.9961946980917454 -0.08715574274765865
    outer loop
      vertex -22.2 -2.9 4.1
      vertex -25.4 -2.9 4.1
      vertex -22.2 -2.855942483735403 4.603579715234098
    endloop
  endfacet
  facet normal 0 0.9659258262890686 -0.2588190451025198
    outer loop
      vertex -22.2 -2.7251086002791345 5.091858415644439
      vertex -25.4 -2.855942483735403 4.603579715234098
      vertex -25.4 -2.7251086002791345 5.091858415644439
    endloop
  endfacet
  facet normal 0 0.9659258262890686 -0.2588190451025198
    outer loop
      vertex -22.2 -2.855942483735403 4.603579715234098
      vertex -25.4 -2.855942483735403 4.603579715234098
      vertex -22.2 -2.7251086002791345 5.091858415644439
    endloop
  endfacet
  facet normal 0 -0.9961946980917454 -0.08715574274765865
    outer loop
      vertex -22.2 2.9 4.1
      vertex -25.4 2.855942483735403 4.603579715234098
      vertex -25.4 2.9 4.1
    endloop
  endfacet
  facet normal 0 -0.9961946980917454 -0.08715574274765865
    outer loop
      vertex -22.2 2.855942483735403 4.603579715234098
      vertex -25.4 2.855942483735403 4.603579715234098
      vertex -22.2 2.9 4.1
    endloop
  endfacet
  facet normal 0 -0.9659258262890686 -0.2588190451025198
    outer loop
      vertex -22.2 2.855942483735403 4.603579715234098
      vertex -25.4 2.7251086002791345 5.091858415644439
      vertex -25.4 2.855942483735403 4.603579715234098
    endloop
  endfacet
  facet normal -2.1438412441543365e-18 -0.9659258262890686 -0.2588190451025198
    outer loop
      vertex -22.2 2.855942483735403 4.603579715234098
      vertex -22.2 2.7251086002791345 5.091858415644439
      vertex -25.4 2.7251086002791345 5.091858415644439
    endloop
  endfacet
  facet normal -1 0 0
    outer loop
      vertex -22.2 -2.855942483735403 3.5964202847659017
      vertex -22.2 -2.9 4.1
      vertex -22.2 -2.855942483735403 4.603579715234098
    endloop
  endfacet
  facet normal -1 0 0
    outer loop
      vertex -22.2 -2.7251086002791345 3.10814158435556
      vertex -22.2 -2.855942483735403 4.603579715234098
      vertex -22.2 -2.7251086002791345 5.091858415644439
    endloop
  endfacet
  facet normal -1 0 0
    outer loop
      vertex -22.2 -1.8640840680909638 1.8784711149549636
      vertex -22.2 -1.8640840680909638 6.321528885045035
      vertex -22.2 -1.8499999999999999 4.1
    endloop
  endfacet
  facet normal -1 0 0
    outer loop
      vertex -22.2 -2.5114736709748717 2.6499999999999995
      vertex -22.2 -2.7251086002791345 5.091858415644439
      vertex -22.2 -2.5114736709748717 5.55
    endloop
  endfacet
  facet normal -1 0 0
    outer loop
      vertex -22.2 -2.221528885045036 2.2359159319090356
      vertex -22.2 -2.5114736709748717 5.55
      vertex -22.2 -2.221528885045036 5.964084068090964
    endloop
  endfacet
  facet normal -1 0 0
    outer loop
      vertex -22.2 -1.8640840680909638 1.8784711149549636
      vertex -22.2 -2.221528885045036 5.964084068090964
      vertex -22.2 -1.8640840680909638 6.321528885045035
    endloop
  endfacet
  facet normal -1 0 0
    outer loop
      vertex -22.2 -1.8499999999999999 4.1
      vertex -22.2 -1.8640840680909638 6.321528885045035
      vertex -22.2 -1.8218943430725847 4.4212491286838205
    endloop
  endfacet
  facet normal -1 0 0
    outer loop
      vertex -22.2 1.8640840680909638 1.8784711149549636
      vertex -22.2 1.8499999999999999 4.1
      vertex -22.2 1.8640840680909638 6.321528885045035
    endloop
  endfacet
  facet normal -1 0 0
    outer loop
      vertex -22.2 2.855942483735403 3.5964202847659017
      vertex -22.2 2.855942483735403 4.603579715234098
      vertex -22.2 2.9 4.1
    endloop
  endfacet
  facet normal -1 0 0
    outer loop
      vertex -22.2 2.855942483735403 3.5964202847659017
      vertex -22.2 2.7251086002791345 5.091858415644439
      vertex -22.2 2.855942483735403 4.603579715234098
    endloop
  endfacet
  facet normal -1 0 0
    outer loop
      vertex -22.2 2.7251086002791345 3.10814158435556
      vertex -22.2 2.5114736709748717 5.55
      vertex -22.2 2.7251086002791345 5.091858415644439
    endloop
  endfacet
  facet normal -1 0 0
    outer loop
      vertex -22.2 2.221528885045036 2.2359159319090356
      vertex -22.2 1.8640840680909638 6.321528885045035
      vertex -22.2 2.221528885045036 5.964084068090964
    endloop
  endfacet
  facet normal -1 0 0
    outer loop
      vertex -22.2 1.8499999999999999 4.1
      vertex -22.2 1.8218943430725847 4.4212491286838205
      vertex -22.2 1.8640840680909638 6.321528885045035
    endloop
  endfacet
  facet normal -1 0 0
    outer loop
      vertex -22.2 2.5114736709748717 2.6499999999999995
      vertex -22.2 2.221528885045036 5.964084068090964
      vertex -22.2 2.5114736709748717 5.55
    endloop
  endfacet
  facet normal 0 0.9063077870366496 -0.4226182617407003
    outer loop
      vertex -22.2 -2.5114736709748717 5.55
      vertex -25.4 -2.7251086002791345 5.091858415644439
      vertex -25.4 -2.5114736709748717 5.55
    endloop
  endfacet
  facet normal 0 0.9063077870366496 -0.4226182617407003
    outer loop
      vertex -22.2 -2.7251086002791345 5.091858415644439
      vertex -25.4 -2.7251086002791345 5.091858415644439
      vertex -22.2 -2.5114736709748717 5.55
    endloop
  endfacet
  facet normal 0 0.8191520442889918 -0.5735764363510462
    outer loop
      vertex -22.2 -2.221528885045036 5.964084068090964
      vertex -25.4 -2.5114736709748717 5.55
      vertex -25.4 -2.221528885045036 5.964084068090964
    endloop
  endfacet
  facet normal 0 0.8191520442889918 -0.5735764363510462
    outer loop
      vertex -22.2 -2.5114736709748717 5.55
      vertex -25.4 -2.5114736709748717 5.55
      vertex -22.2 -2.221528885045036 5.964084068090964
    endloop
  endfacet
  facet normal 0 0.7071067811865468 -0.7071067811865482
    outer loop
      vertex -22.2 -2.221528885045036 5.964084068090964
      vertex -25.4 -2.221528885045036 5.964084068090964
      vertex -22.2 -1.8640840680909638 6.321528885045035
    endloop
  endfacet
  facet normal 0 -0.9063077870366496 -0.4226182617407003
    outer loop
      vertex -22.2 2.7251086002791345 5.091858415644439
      vertex -25.4 2.5114736709748717 5.55
      vertex -25.4 2.7251086002791345 5.091858415644439
    endloop
  endfacet
  facet normal 3.810193960019803e-18 -0.9063077870366496 -0.4226182617407003
    outer loop
      vertex -22.2 2.7251086002791345 5.091858415644439
      vertex -22.2 2.5114736709748717 5.55
      vertex -25.4 2.5114736709748717 5.55
    endloop
  endfacet
  facet normal 0 -0.7071067811865468 -0.7071067811865482
    outer loop
      vertex -22.2 2.221528885045036 5.964084068090964
      vertex -25.4 1.8640840680909638 6.321528885045035
      vertex -25.4 2.221528885045036 5.964084068090964
    endloop
  endfacet
  facet normal 0 -0.8191520442889918 -0.5735764363510462
    outer loop
      vertex -22.2 2.5114736709748717 5.55
      vertex -25.4 2.221528885045036 5.964084068090964
      vertex -25.4 2.5114736709748717 5.55
    endloop
  endfacet
  facet normal -2.512093397578202e-18 -0.8191520442889918 -0.5735764363510462
    outer loop
      vertex -22.2 2.5114736709748717 5.55
      vertex -22.2 2.221528885045036 5.964084068090964
      vertex -25.4 2.221528885045036 5.964084068090964
    endloop
  endfacet
  facet normal -1 0 0
    outer loop
      vertex -22.2 -1.8218943430725847 4.4212491286838205
      vertex -22.2 -1.8640840680909638 6.321528885045035
      vertex -22.2 -1.7384313484539304 4.732737265152487
    endloop
  endfacet
  facet normal -1 0 0
    outer loop
      vertex -22.2 -1.7384313484539304 4.732737265152487
      vertex -22.2 -1.8640840680909638 6.321528885045035
      vertex -22.2 -1.6021469970012112 5.0249999999999995
    endloop
  endfacet
  facet normal -1 0 0
    outer loop
      vertex -22.2 -1.6021469970012112 5.0249999999999995
      vertex -22.2 -1.8640840680909638 6.321528885045035
      vertex -22.2 -1.4171822197701092 5.289157077920097
    endloop
  endfacet
  facet normal -1 0 0
    outer loop
      vertex -22.2 -1.4171822197701092 5.289157077920097
      vertex -22.2 -1.8640840680909638 6.321528885045035
      vertex -22.2 -1.45 6.611473670974871
    endloop
  endfacet
  facet normal -1 0 0
    outer loop
      vertex -22.2 1.8218943430725847 4.4212491286838205
      vertex -22.2 1.7384313484539304 4.732737265152487
      vertex -22.2 1.8640840680909638 6.321528885045035
    endloop
  endfacet
  facet normal -1 0 0
    outer loop
      vertex -22.2 1.7384313484539304 4.732737265152487
      vertex -22.2 1.6021469970012112 5.0249999999999995
      vertex -22.2 1.8640840680909638 6.321528885045035
    endloop
  endfacet
  facet normal -1 0 0
    outer loop
      vertex -22.2 1.6021469970012112 5.0249999999999995
      vertex -22.2 1.4171822197701092 5.289157077920097
      vertex -22.2 1.45 6.611473670974871
    endloop
  endfacet
  facet normal -1 0 0
    outer loop
      vertex -22.2 1.6021469970012112 5.0249999999999995
      vertex -22.2 1.45 6.611473670974871
      vertex -22.2 1.8640840680909638 6.321528885045035
    endloop
  endfacet
  facet normal 0 0.7071067811865468 -0.7071067811865482
    outer loop
      vertex -22.2 -1.8640840680909638 6.321528885045035
      vertex -25.4 -2.221528885045036 5.964084068090964
      vertex -25.4 -1.8640840680909638 6.321528885045035
    endloop
  endfacet
  facet normal 0 0.5735764363510467 -0.8191520442889915
    outer loop
      vertex -22.2 -1.45 6.611473670974871
      vertex -25.4 -1.8640840680909638 6.321528885045035
      vertex -25.4 -1.45 6.611473670974871
    endloop
  endfacet
  facet normal 0 0.5735764363510467 -0.8191520442889915
    outer loop
      vertex -22.2 -1.8640840680909638 6.321528885045035
      vertex -25.4 -1.8640840680909638 6.321528885045035
      vertex -22.2 -1.45 6.611473670974871
    endloop
  endfacet
  facet normal 0 0.4226182617407003 -0.9063077870366496
    outer loop
      vertex -22.2 -0.9918584156444392 6.825108600279134
      vertex -25.4 -1.45 6.611473670974871
      vertex -25.4 -0.9918584156444392 6.825108600279134
    endloop
  endfacet
  facet normal 0 0.258819045102519 -0.9659258262890686
    outer loop
      vertex -22.2 -0.503579715234098 6.955942483735402
      vertex -25.4 -0.9918584156444392 6.825108600279134
      vertex -25.4 -0.503579715234098 6.955942483735402
    endloop
  endfacet
  facet normal 0 0.08715574274766039 -0.9961946980917453
    outer loop
      vertex -22.2 0 7
      vertex -25.4 -0.503579715234098 6.955942483735402
      vertex -25.4 0 7
    endloop
  endfacet
  facet normal 0 -0.08715574274766039 -0.9961946980917453
    outer loop
      vertex -22.2 0.503579715234098 6.955942483735402
      vertex -25.4 0 7
      vertex -25.4 0.503579715234098 6.955942483735402
    endloop
  endfacet
  facet normal 0 0.4226182617407003 -0.9063077870366496
    outer loop
      vertex -22.2 -1.45 6.611473670974871
      vertex -25.4 -1.45 6.611473670974871
      vertex -22.2 -0.9918584156444392 6.825108600279134
    endloop
  endfacet
  facet normal 0 0.258819045102519 -0.9659258262890686
    outer loop
      vertex -22.2 -0.9918584156444392 6.825108600279134
      vertex -25.4 -0.9918584156444392 6.825108600279134
      vertex -22.2 -0.503579715234098 6.955942483735402
    endloop
  endfacet
  facet normal 0 0.08715574274766039 -0.9961946980917453
    outer loop
      vertex -22.2 -0.503579715234098 6.955942483735402
      vertex -25.4 -0.503579715234098 6.955942483735402
      vertex -22.2 0 7
    endloop
  endfacet
  facet normal 0 -0.08715574274766039 -0.9961946980917453
    outer loop
      vertex -22.2 0 7
      vertex -25.4 0 7
      vertex -22.2 0.503579715234098 6.955942483735402
    endloop
  endfacet
  facet normal 0 -0.5735764363510467 -0.8191520442889915
    outer loop
      vertex -22.2 1.8640840680909638 6.321528885045035
      vertex -25.4 1.45 6.611473670974871
      vertex -25.4 1.8640840680909638 6.321528885045035
    endloop
  endfacet
  facet normal 6.076000495235333e-18 -0.7071067811865468 -0.7071067811865482
    outer loop
      vertex -22.2 2.221528885045036 5.964084068090964
      vertex -22.2 1.8640840680909638 6.321528885045035
      vertex -25.4 1.8640840680909638 6.321528885045035
    endloop
  endfacet
  facet normal 3.916377578851275e-18 -0.5735764363510467 -0.8191520442889915
    outer loop
      vertex -22.2 1.8640840680909638 6.321528885045035
      vertex -22.2 1.45 6.611473670974871
      vertex -25.4 1.45 6.611473670974871
    endloop
  endfacet
  facet normal 0 -0.4226182617407003 -0.9063077870366496
    outer loop
      vertex -22.2 1.45 6.611473670974871
      vertex -25.4 0.9918584156444392 6.825108600279134
      vertex -25.4 1.45 6.611473670974871
    endloop
  endfacet
  facet normal 0 -0.258819045102519 -0.9659258262890686
    outer loop
      vertex -22.2 0.9918584156444392 6.825108600279134
      vertex -25.4 0.503579715234098 6.955942483735402
      vertex -25.4 0.9918584156444392 6.825108600279134
    endloop
  endfacet
  facet normal 3.810193960019803e-18 -0.4226182617407003 -0.9063077870366496
    outer loop
      vertex -22.2 1.45 6.611473670974871
      vertex -22.2 0.9918584156444392 6.825108600279134
      vertex -25.4 0.9918584156444392 6.825108600279134
    endloop
  endfacet
  facet normal 4.0182521371828e-18 -0.258819045102519 -0.9659258262890686
    outer loop
      vertex -22.2 0.9918584156444392 6.825108600279134
      vertex -22.2 0.503579715234098 6.955942483735402
      vertex -25.4 0.503579715234098 6.955942483735402
    endloop
  endfacet
  facet normal -1 0 0
    outer loop
      vertex -22.2 -1.4171822197701092 5.289157077920097
      vertex -22.2 -1.45 6.611473670974871
      vertex -22.2 -0.24574561328669753 6.862072930905313
    endloop
  endfacet
  facet normal -1 0 0
    outer loop
      vertex -22.2 -1.45 6.611473670974871
      vertex -22.2 -0.9918584156444392 6.825108600279134
      vertex -22.2 -0.24574561328669753 6.862072930905313
    endloop
  endfacet
  facet normal -1 0 0
    outer loop
      vertex -22.2 -0.9918584156444392 6.825108600279134
      vertex -22.2 -0.503579715234098 6.955942483735402
      vertex -22.2 -0.24574561328669753 6.862072930905313
    endloop
  endfacet
  facet normal -1 0 0
    outer loop
      vertex -22.2 -0.24574561328669753 6.862072930905313
      vertex -22.2 -0.503579715234098 6.955942483735402
      vertex -22.2 -0.2298133329356934 6.882836282905961
    endloop
  endfacet
  facet normal -1 0 0
    outer loop
      vertex -22.2 -0.2298133329356934 6.882836282905961
      vertex -22.2 -0.503579715234098 6.955942483735402
      vertex -22.2 -0.21213203435596426 6.902132034355963
    endloop
  endfacet
  facet normal -1 0 0
    outer loop
      vertex -22.2 0.24574561328669753 6.862072930905313
      vertex -22.2 0.2298133329356934 6.882836282905961
      vertex -22.2 0.503579715234098 6.955942483735402
    endloop
  endfacet
  facet normal -1 0 0
    outer loop
      vertex -22.2 0.21213203435596426 6.902132034355963
      vertex -22.2 0.503579715234098 6.955942483735402
      vertex -22.2 0.2298133329356934 6.882836282905961
    endloop
  endfacet
  facet normal -1 0 0
    outer loop
      vertex -22.2 -0.21213203435596426 6.902132034355963
      vertex -22.2 -0.503579715234098 6.955942483735402
      vertex -22.2 -0.19283628290596178 6.919813332935693
    endloop
  endfacet
  facet normal -1 0 0
    outer loop
      vertex -22.2 -0.503579715234098 6.955942483735402
      vertex -22.2 -0.1720729309053138 6.935745613286697
      vertex -22.2 -0.19283628290596178 6.919813332935693
    endloop
  endfacet
  facet normal -1 0 0
    outer loop
      vertex -22.2 -0.503579715234098 6.955942483735402
      vertex -22.2 -0.15 6.9498076211353315
      vertex -22.2 -0.1720729309053138 6.935745613286697
    endloop
  endfacet
  facet normal -1 0 0
    outer loop
      vertex -22.2 -0.503579715234098 6.955942483735402
      vertex -22.2 -0.12678547852220984 6.961892336110994
      vertex -22.2 -0.15 6.9498076211353315
    endloop
  endfacet
  facet normal -1 0 0
    outer loop
      vertex -22.2 -0.503579715234098 6.955942483735402
      vertex -22.2 -0.10260604299770061 6.9719077862357715
      vertex -22.2 -0.12678547852220984 6.961892336110994
    endloop
  endfacet
  facet normal -1 0 0
    outer loop
      vertex -22.2 -0.503579715234098 6.955942483735402
      vertex -22.2 -0.07764571353075622 6.97977774788672
      vertex -22.2 -0.10260604299770061 6.9719077862357715
    endloop
  endfacet
  facet normal -1 0 0
    outer loop
      vertex -22.2 -0.503579715234098 6.955942483735402
      vertex -22.2 -0.0520944533000791 6.985442325903662
      vertex -22.2 -0.07764571353075622 6.97977774788672
    endloop
  endfacet
  facet normal -1 0 0
    outer loop
      vertex -22.2 -0.503579715234098 6.955942483735402
      vertex -22.2 -0.02614672282429745 6.9888584094275235
      vertex -22.2 -0.0520944533000791 6.985442325903662
    endloop
  endfacet
  facet normal -1 0 0
    outer loop
      vertex -22.2 -0.503579715234098 6.955942483735402
      vertex -22.2 0 7
      vertex -22.2 -0.02614672282429745 6.9888584094275235
    endloop
  endfacet
  facet normal -1 0 0
    outer loop
      vertex -22.2 0.21213203435596426 6.902132034355963
      vertex -22.2 0.19283628290596178 6.919813332935693
      vertex -22.2 0.503579715234098 6.955942483735402
    endloop
  endfacet
  facet normal -1 0 0
    outer loop
      vertex -22.2 0.19283628290596178 6.919813332935693
      vertex -22.2 0.1720729309053138 6.935745613286697
      vertex -22.2 0.503579715234098 6.955942483735402
    endloop
  endfacet
  facet normal -1 0 0
    outer loop
      vertex -22.2 0.1720729309053138 6.935745613286697
      vertex -22.2 0.15 6.9498076211353315
      vertex -22.2 0.503579715234098 6.955942483735402
    endloop
  endfacet
  facet normal -1 0 0
    outer loop
      vertex -22.2 0.15 6.9498076211353315
      vertex -22.2 0.12678547852220984 6.961892336110994
      vertex -22.2 0.503579715234098 6.955942483735402
    endloop
  endfacet
  facet normal -1 0 0
    outer loop
      vertex -22.2 0.10260604299770061 6.9719077862357715
      vertex -22.2 0.503579715234098 6.955942483735402
      vertex -22.2 0.12678547852220984 6.961892336110994
    endloop
  endfacet
  facet normal -1 0 0
    outer loop
      vertex -22.2 0.0520944533000791 6.985442325903662
      vertex -22.2 0.503579715234098 6.955942483735402
      vertex -22.2 0.07764571353075622 6.97977774788672
    endloop
  endfacet
  facet normal -1 0 0
    outer loop
      vertex -22.2 0.02614672282429745 6.9888584094275235
      vertex -22.2 0 7
      vertex -22.2 0.503579715234098 6.955942483735402
    endloop
  endfacet
  facet normal -1 0 0
    outer loop
      vertex -22.2 0.02614672282429745 6.9888584094275235
      vertex -22.2 0.503579715234098 6.955942483735402
      vertex -22.2 0.0520944533000791 6.985442325903662
    endloop
  endfacet
  facet normal -1 0 0
    outer loop
      vertex -22.2 0.07764571353075622 6.97977774788672
      vertex -22.2 0.503579715234098 6.955942483735402
      vertex -22.2 0.10260604299770061 6.9719077862357715
    endloop
  endfacet
  facet normal -1 0 0
    outer loop
      vertex -22.2 0.02614672282429745 6.9888584094275235
      vertex -22.2 0 6.989999999999999
      vertex -22.2 0 7
    endloop
  endfacet
  facet normal -1 0 0
    outer loop
      vertex -22.2 -0.02614672282429745 6.9888584094275235
      vertex -22.2 0 7
      vertex -22.2 0 6.989999999999999
    endloop
  endfacet
  facet normal -1 0 0
    outer loop
      vertex -22.2 1.4171822197701092 5.289157077920097
      vertex -22.2 0.9918584156444392 6.825108600279134
      vertex -22.2 1.45 6.611473670974871
    endloop
  endfacet
  facet normal -1 0 0
    outer loop
      vertex -22.2 1.4171822197701092 5.289157077920097
      vertex -22.2 0.24574561328669753 6.862072930905313
      vertex -22.2 0.503579715234098 6.955942483735402
    endloop
  endfacet
  facet normal -1 0 0
    outer loop
      vertex -22.2 1.4171822197701092 5.289157077920097
      vertex -22.2 0.503579715234098 6.955942483735402
      vertex -22.2 0.9918584156444392 6.825108600279134
    endloop
  endfacet
  facet normal 1 0 0
    outer loop
      vertex 22.2 -0.9918584156444392 1.3748913997208652
      vertex 22.2 -0.503579715234098 1.2440575162645966
      vertex 22.2 -0.3212491286838211 2.2781056569274147
    endloop
  endfacet
  facet normal 1 0 0
    outer loop
      vertex 22.2 -0.503579715234098 1.2440575162645966
      vertex 22.2 0 1.1999999999999997
      vertex 22.2 0 2.25
    endloop
  endfacet
  facet normal 1 0 0
    outer loop
      vertex 22.2 0 1.1999999999999997
      vertex 22.2 0.503579715234098 1.2440575162645966
      vertex 22.2 0.3212491286838211 2.2781056569274147
    endloop
  endfacet
  facet normal 1 0 0
    outer loop
      vertex 22.2 -0.9918584156444392 1.3748913997208652
      vertex 22.2 -0.9249999999999999 2.4978530029987884
      vertex 22.2 -1.45 1.588526329025128
    endloop
  endfacet
  facet normal 1 0 0
    outer loop
      vertex 22.2 -0.9918584156444392 1.3748913997208652
      vertex 22.2 -0.3212491286838211 2.2781056569274147
      vertex 22.2 -0.6327372651524871 2.361568651546069
    endloop
  endfacet
  facet normal 1 0 0
    outer loop
      vertex 22.2 0 1.1999999999999997
      vertex 22.2 0.3212491286838211 2.2781056569274147
      vertex 22.2 0 2.25
    endloop
  endfacet
  facet normal 1 0 0
    outer loop
      vertex 22.2 -0.503579715234098 1.2440575162645966
      vertex 22.2 0 2.25
      vertex 22.2 -0.3212491286838211 2.2781056569274147
    endloop
  endfacet
  facet normal 1 0 0
    outer loop
      vertex 22.2 0.503579715234098 1.2440575162645966
      vertex 22.2 0.9918584156444392 1.3748913997208652
      vertex 22.2 0.6327372651524871 2.361568651546069
    endloop
  endfacet
  facet normal 1 0 0
    outer loop
      vertex 22.2 0.9918584156444392 1.3748913997208652
      vertex 22.2 1.45 1.588526329025128
      vertex 22.2 1.1891570779200975 2.6828177802298905
    endloop
  endfacet
  facet normal 1 0 0
    outer loop
      vertex 22.2 0.503579715234098 1.2440575162645966
      vertex 22.2 0.6327372651524871 2.361568651546069
      vertex 22.2 0.3212491286838211 2.2781056569274147
    endloop
  endfacet
  facet normal 0 0.08715574274765865 0.9961946980917454
    outer loop
      vertex 22.2 -0.503579715234098 1.2440575162645966
      vertex 25.4 -0.503579715234098 1.2440575162645966
      vertex 22.2 0 1.1999999999999997
    endloop
  endfacet
  facet normal 0 -0.08715574274765865 0.9961946980917454
    outer loop
      vertex 22.2 0 1.1999999999999997
      vertex 25.4 0 1.1999999999999997
      vertex 22.2 0.503579715234098 1.2440575162645966
    endloop
  endfacet
  facet normal 0 0.25881904510251985 0.9659258262890685
    outer loop
      vertex 22.2 -0.9918584156444392 1.3748913997208652
      vertex 25.4 -0.9918584156444392 1.3748913997208652
      vertex 22.2 -0.503579715234098 1.2440575162645966
    endloop
  endfacet
  facet normal 3.810193960019803e-18 0.4226182617407003 0.9063077870366496
    outer loop
      vertex 22.2 -0.9918584156444392 1.3748913997208652
      vertex 22.2 -1.45 1.588526329025128
      vertex 25.4 -1.45 1.588526329025128
    endloop
  endfacet
  facet normal 0 0.08715574274765865 0.9961946980917454
    outer loop
      vertex 22.2 0 1.1999999999999997
      vertex 25.4 -0.503579715234098 1.2440575162645966
      vertex 25.4 0 1.1999999999999997
    endloop
  endfacet
  facet normal 0 -0.08715574274765865 0.9961946980917454
    outer loop
      vertex 22.2 0.503579715234098 1.2440575162645966
      vertex 25.4 0 1.1999999999999997
      vertex 25.4 0.503579715234098 1.2440575162645966
    endloop
  endfacet
  facet normal 0 0.25881904510251985 0.9659258262890685
    outer loop
      vertex 22.2 -0.503579715234098 1.2440575162645966
      vertex 25.4 -0.9918584156444392 1.3748913997208652
      vertex 25.4 -0.503579715234098 1.2440575162645966
    endloop
  endfacet
  facet normal 0 0.4226182617407003 0.9063077870366496
    outer loop
      vertex 22.2 -0.9918584156444392 1.3748913997208652
      vertex 25.4 -1.45 1.588526329025128
      vertex 25.4 -0.9918584156444392 1.3748913997208652
    endloop
  endfacet
  facet normal -2.512093397578202e-18 0.5735764363510462 0.8191520442889918
    outer loop
      vertex 22.2 -1.45 1.588526329025128
      vertex 22.2 -1.8640840680909638 1.8784711149549636
      vertex 25.4 -1.8640840680909638 1.8784711149549636
    endloop
  endfacet
  facet normal 0 0.5735764363510462 0.8191520442889918
    outer loop
      vertex 22.2 -1.45 1.588526329025128
      vertex 25.4 -1.8640840680909638 1.8784711149549636
      vertex 25.4 -1.45 1.588526329025128
    endloop
  endfacet
  facet normal 0 0.7071067811865472 0.7071067811865477
    outer loop
      vertex 22.2 -1.8640840680909638 1.8784711149549636
      vertex 25.4 -2.221528885045036 2.2359159319090356
      vertex 25.4 -1.8640840680909638 1.8784711149549636
    endloop
  endfacet
  facet normal 0 -0.25881904510251985 0.9659258262890685
    outer loop
      vertex 22.2 0.503579715234098 1.2440575162645966
      vertex 25.4 0.503579715234098 1.2440575162645966
      vertex 22.2 0.9918584156444392 1.3748913997208652
    endloop
  endfacet
  facet normal 0 -0.4226182617407003 0.9063077870366496
    outer loop
      vertex 22.2 0.9918584156444392 1.3748913997208652
      vertex 25.4 0.9918584156444392 1.3748913997208652
      vertex 22.2 1.45 1.588526329025128
    endloop
  endfacet
  facet normal 0 -0.25881904510251985 0.9659258262890685
    outer loop
      vertex 22.2 0.9918584156444392 1.3748913997208652
      vertex 25.4 0.503579715234098 1.2440575162645966
      vertex 25.4 0.9918584156444392 1.3748913997208652
    endloop
  endfacet
  facet normal 0 -0.4226182617407003 0.9063077870366496
    outer loop
      vertex 22.2 1.45 1.588526329025128
      vertex 25.4 0.9918584156444392 1.3748913997208652
      vertex 25.4 1.45 1.588526329025128
    endloop
  endfacet
  facet normal 0 -0.5735764363510462 0.8191520442889918
    outer loop
      vertex 22.2 1.45 1.588526329025128
      vertex 25.4 1.45 1.588526329025128
      vertex 22.2 1.8640840680909638 1.8784711149549636
    endloop
  endfacet
  facet normal 0 -0.7071067811865472 0.7071067811865477
    outer loop
      vertex 22.2 1.8640840680909638 1.8784711149549636
      vertex 25.4 1.8640840680909638 1.8784711149549636
      vertex 22.2 2.221528885045036 2.2359159319090356
    endloop
  endfacet
  facet normal 0 -0.5735764363510462 0.8191520442889918
    outer loop
      vertex 22.2 1.8640840680909638 1.8784711149549636
      vertex 25.4 1.45 1.588526329025128
      vertex 25.4 1.8640840680909638 1.8784711149549636
    endloop
  endfacet
  facet normal 1 0 0
    outer loop
      vertex 22.2 -1.45 1.588526329025128
      vertex 22.2 -1.4171822197701092 2.910842922079902
      vertex 22.2 -1.8640840680909638 1.8784711149549636
    endloop
  endfacet
  facet normal 1 0 0
    outer loop
      vertex 22.2 -0.9918584156444392 1.3748913997208652
      vertex 22.2 -0.6327372651524871 2.361568651546069
      vertex 22.2 -0.9249999999999999 2.4978530029987884
    endloop
  endfacet
  facet normal 1 0 0
    outer loop
      vertex 22.2 -1.45 1.588526329025128
      vertex 22.2 -0.9249999999999999 2.4978530029987884
      vertex 22.2 -1.1891570779200975 2.6828177802298905
    endloop
  endfacet
  facet normal 1 0 0
    outer loop
      vertex 22.2 -1.45 1.588526329025128
      vertex 22.2 -1.1891570779200975 2.6828177802298905
      vertex 22.2 -1.4171822197701092 2.910842922079902
    endloop
  endfacet
  facet normal 1 0 0
    outer loop
      vertex 22.2 -1.8640840680909638 1.8784711149549636
      vertex 22.2 -1.4171822197701092 2.910842922079902
      vertex 22.2 -1.6021469970012112 3.175
    endloop
  endfacet
  facet normal 1 0 0
    outer loop
      vertex 22.2 -1.8640840680909638 1.8784711149549636
      vertex 22.2 -1.6021469970012112 3.175
      vertex 22.2 -1.7384313484539304 3.4672627348475125
    endloop
  endfacet
  facet normal 1 0 0
    outer loop
      vertex 22.2 -1.8640840680909638 1.8784711149549636
      vertex 22.2 -1.7384313484539304 3.4672627348475125
      vertex 22.2 -1.8218943430725847 3.7787508713161784
    endloop
  endfacet
  facet normal 1 0 0
    outer loop
      vertex 22.2 0.9918584156444392 1.3748913997208652
      vertex 22.2 0.9249999999999999 2.4978530029987884
      vertex 22.2 0.6327372651524871 2.361568651546069
    endloop
  endfacet
  facet normal 1 0 0
    outer loop
      vertex 22.2 0.9918584156444392 1.3748913997208652
      vertex 22.2 1.1891570779200975 2.6828177802298905
      vertex 22.2 0.9249999999999999 2.4978530029987884
    endloop
  endfacet
  facet normal 1 0 0
    outer loop
      vertex 22.2 1.45 1.588526329025128
      vertex 22.2 1.8640840680909638 1.8784711149549636
      vertex 22.2 1.6021469970012112 3.175
    endloop
  endfacet
  facet normal 1 0 0
    outer loop
      vertex 22.2 1.45 1.588526329025128
      vertex 22.2 1.4171822197701092 2.910842922079902
      vertex 22.2 1.1891570779200975 2.6828177802298905
    endloop
  endfacet
  facet normal 1 0 0
    outer loop
      vertex 22.2 1.45 1.588526329025128
      vertex 22.2 1.6021469970012112 3.175
      vertex 22.2 1.4171822197701092 2.910842922079902
    endloop
  endfacet
  facet normal 1 0 0
    outer loop
      vertex 22.2 1.8640840680909638 1.8784711149549636
      vertex 22.2 1.7384313484539304 3.4672627348475125
      vertex 22.2 1.6021469970012112 3.175
    endloop
  endfacet
  facet normal 1 0 0
    outer loop
      vertex 22.2 1.8640840680909638 1.8784711149549636
      vertex 22.2 1.8218943430725847 3.7787508713161784
      vertex 22.2 1.7384313484539304 3.4672627348475125
    endloop
  endfacet
  facet normal -6.262882810907757e-18 0.7071067811865472 0.7071067811865477
    outer loop
      vertex 22.2 -1.8640840680909638 1.8784711149549636
      vertex 22.2 -2.221528885045036 2.2359159319090356
      vertex 25.4 -2.221528885045036 2.2359159319090356
    endloop
  endfacet
  facet normal -2.512093397578202e-18 0.8191520442889918 0.5735764363510462
    outer loop
      vertex 22.2 -2.221528885045036 2.2359159319090356
      vertex 22.2 -2.5114736709748717 2.6499999999999995
      vertex 25.4 -2.5114736709748717 2.6499999999999995
    endloop
  endfacet
  facet normal 0 0.8191520442889918 0.5735764363510462
    outer loop
      vertex 22.2 -2.221528885045036 2.2359159319090356
      vertex 25.4 -2.5114736709748717 2.6499999999999995
      vertex 25.4 -2.221528885045036 2.2359159319090356
    endloop
  endfacet
  facet normal 3.810193960019803e-18 0.9063077870366496 0.4226182617407003
    outer loop
      vertex 22.2 -2.5114736709748717 2.6499999999999995
      vertex 22.2 -2.7251086002791345 3.10814158435556
      vertex 25.4 -2.7251086002791345 3.10814158435556
    endloop
  endfacet
  facet normal 0 0.9063077870366496 0.4226182617407003
    outer loop
      vertex 22.2 -2.5114736709748717 2.6499999999999995
      vertex 25.4 -2.7251086002791345 3.10814158435556
      vertex 25.4 -2.5114736709748717 2.6499999999999995
    endloop
  endfacet
  facet normal 0 -0.8191520442889918 0.5735764363510462
    outer loop
      vertex 22.2 2.221528885045036 2.2359159319090356
      vertex 25.4 2.221528885045036 2.2359159319090356
      vertex 22.2 2.5114736709748717 2.6499999999999995
    endloop
  endfacet
  facet normal 0 -0.7071067811865472 0.7071067811865477
    outer loop
      vertex 22.2 2.221528885045036 2.2359159319090356
      vertex 25.4 1.8640840680909638 1.8784711149549636
      vertex 25.4 2.221528885045036 2.2359159319090356
    endloop
  endfacet
  facet normal 0 -0.8191520442889918 0.5735764363510462
    outer loop
      vertex 22.2 2.5114736709748717 2.6499999999999995
      vertex 25.4 2.221528885045036 2.2359159319090356
      vertex 25.4 2.5114736709748717 2.6499999999999995
    endloop
  endfacet
  facet normal 0 -0.9063077870366496 0.4226182617407003
    outer loop
      vertex 22.2 2.5114736709748717 2.6499999999999995
      vertex 25.4 2.5114736709748717 2.6499999999999995
      vertex 22.2 2.7251086002791345 3.10814158435556
    endloop
  endfacet
  facet normal 0 -0.9063077870366496 0.4226182617407003
    outer loop
      vertex 22.2 2.7251086002791345 3.10814158435556
      vertex 25.4 2.5114736709748717 2.6499999999999995
      vertex 25.4 2.7251086002791345 3.10814158435556
    endloop
  endfacet
  facet normal 1 0 0
    outer loop
      vertex 22.2 -1.8640840680909638 1.8784711149549636
      vertex 22.2 -1.8218943430725847 3.7787508713161784
      vertex 22.2 -1.8499999999999999 4.1
    endloop
  endfacet
  facet normal 1 0 0
    outer loop
      vertex 22.2 -1.8640840680909638 1.8784711149549636
      vertex 22.2 -1.8640840680909638 6.321528885045035
      vertex 22.2 -2.221528885045036 2.2359159319090356
    endloop
  endfacet
  facet normal 1 0 0
    outer loop
      vertex 22.2 -2.5114736709748717 2.6499999999999995
      vertex 22.2 -2.5114736709748717 5.55
      vertex 22.2 -2.7251086002791345 3.10814158435556
    endloop
  endfacet
  facet normal 1 0 0
    outer loop
      vertex 22.2 -2.221528885045036 2.2359159319090356
      vertex 22.2 -2.221528885045036 5.964084068090964
      vertex 22.2 -2.5114736709748717 2.6499999999999995
    endloop
  endfacet
  facet normal 1 0 0
    outer loop
      vertex 22.2 -2.7251086002791345 3.10814158435556
      vertex 22.2 -2.7251086002791345 5.091858415644439
      vertex 22.2 -2.855942483735403 3.5964202847659017
    endloop
  endfacet
  facet normal 1 0 0
    outer loop
      vertex 22.2 1.8640840680909638 1.8784711149549636
      vertex 22.2 1.8499999999999999 4.1
      vertex 22.2 1.8218943430725847 3.7787508713161784
    endloop
  endfacet
  facet normal 1 0 0
    outer loop
      vertex 22.2 1.8640840680909638 1.8784711149549636
      vertex 22.2 2.221528885045036 2.2359159319090356
      vertex 22.2 2.221528885045036 5.964084068090964
    endloop
  endfacet
  facet normal 1 0 0
    outer loop
      vertex 22.2 2.221528885045036 2.2359159319090356
      vertex 22.2 2.5114736709748717 2.6499999999999995
      vertex 22.2 2.5114736709748717 5.55
    endloop
  endfacet
  facet normal 1 0 0
    outer loop
      vertex 22.2 2.5114736709748717 2.6499999999999995
      vertex 22.2 2.7251086002791345 3.10814158435556
      vertex 22.2 2.7251086002791345 5.091858415644439
    endloop
  endfacet
  facet normal 1 0 0
    outer loop
      vertex 22.2 2.7251086002791345 3.10814158435556
      vertex 22.2 2.855942483735403 3.5964202847659017
      vertex 22.2 2.855942483735403 4.603579715234098
    endloop
  endfacet
  facet normal -2.1438412441543365e-18 0.9659258262890686 0.2588190451025198
    outer loop
      vertex 22.2 -2.7251086002791345 3.10814158435556
      vertex 22.2 -2.855942483735403 3.5964202847659017
      vertex 25.4 -2.855942483735403 3.5964202847659017
    endloop
  endfacet
  facet normal 0 0.9659258262890686 0.2588190451025198
    outer loop
      vertex 22.2 -2.7251086002791345 3.10814158435556
      vertex 25.4 -2.855942483735403 3.5964202847659017
      vertex 25.4 -2.7251086002791345 3.10814158435556
    endloop
  endfacet
  facet normal -5.840365127626115e-19 0.9961946980917454 0.08715574274765865
    outer loop
      vertex 22.2 -2.855942483735403 3.5964202847659017
      vertex 22.2 -2.9 4.1
      vertex 25.4 -2.9 4.1
    endloop
  endfacet
  facet normal 0 0.9961946980917454 0.08715574274765865
    outer loop
      vertex 22.2 -2.855942483735403 3.5964202847659017
      vertex 25.4 -2.9 4.1
      vertex 25.4 -2.855942483735403 3.5964202847659017
    endloop
  endfacet
  facet normal 0 -0.9659258262890686 0.2588190451025198
    outer loop
      vertex 22.2 2.7251086002791345 3.10814158435556
      vertex 25.4 2.7251086002791345 3.10814158435556
      vertex 22.2 2.855942483735403 3.5964202847659017
    endloop
  endfacet
  facet normal 0 -0.9659258262890686 0.2588190451025198
    outer loop
      vertex 22.2 2.855942483735403 3.5964202847659017
      vertex 25.4 2.7251086002791345 3.10814158435556
      vertex 25.4 2.855942483735403 3.5964202847659017
    endloop
  endfacet
  facet normal 0 -0.9961946980917454 0.08715574274765865
    outer loop
      vertex 22.2 2.855942483735403 3.5964202847659017
      vertex 25.4 2.855942483735403 3.5964202847659017
      vertex 22.2 2.9 4.1
    endloop
  endfacet
  facet normal 0 -0.9961946980917454 0.08715574274765865
    outer loop
      vertex 22.2 2.9 4.1
      vertex 25.4 2.855942483735403 3.5964202847659017
      vertex 25.4 2.9 4.1
    endloop
  endfacet
  facet normal 1 0 0
    outer loop
      vertex 22.2 -2.855942483735403 3.5964202847659017
      vertex 22.2 -2.855942483735403 4.603579715234098
      vertex 22.2 -2.9 4.1
    endloop
  endfacet
  facet normal 1 0 0
    outer loop
      vertex 22.2 -1.8640840680909638 1.8784711149549636
      vertex 22.2 -1.8499999999999999 4.1
      vertex 22.2 -1.8640840680909638 6.321528885045035
    endloop
  endfacet
  facet normal 1 0 0
    outer loop
      vertex 22.2 -2.855942483735403 3.5964202847659017
      vertex 22.2 -2.7251086002791345 5.091858415644439
      vertex 22.2 -2.855942483735403 4.603579715234098
    endloop
  endfacet
  facet normal 1 0 0
    outer loop
      vertex 22.2 -2.7251086002791345 3.10814158435556
      vertex 22.2 -2.5114736709748717 5.55
      vertex 22.2 -2.7251086002791345 5.091858415644439
    endloop
  endfacet
  facet normal 1 0 0
    outer loop
      vertex 22.2 -2.5114736709748717 2.6499999999999995
      vertex 22.2 -2.221528885045036 5.964084068090964
      vertex 22.2 -2.5114736709748717 5.55
    endloop
  endfacet
  facet normal 1 0 0
    outer loop
      vertex 22.2 -2.221528885045036 2.2359159319090356
      vertex 22.2 -1.8640840680909638 6.321528885045035
      vertex 22.2 -2.221528885045036 5.964084068090964
    endloop
  endfacet
  facet normal 1 0 0
    outer loop
      vertex 22.2 -1.8499999999999999 4.1
      vertex 22.2 -1.8218943430725847 4.4212491286838205
      vertex 22.2 -1.8640840680909638 6.321528885045035
    endloop
  endfacet
  facet normal 1 0 0
    outer loop
      vertex 22.2 1.8640840680909638 1.8784711149549636
      vertex 22.2 1.8640840680909638 6.321528885045035
      vertex 22.2 1.8499999999999999 4.1
    endloop
  endfacet
  facet normal 1 0 0
    outer loop
      vertex 22.2 2.855942483735403 3.5964202847659017
      vertex 22.2 2.9 4.1
      vertex 22.2 2.855942483735403 4.603579715234098
    endloop
  endfacet
  facet normal 1 0 0
    outer loop
      vertex 22.2 2.7251086002791345 3.10814158435556
      vertex 22.2 2.855942483735403 4.603579715234098
      vertex 22.2 2.7251086002791345 5.091858415644439
    endloop
  endfacet
  facet normal 1 0 0
    outer loop
      vertex 22.2 2.5114736709748717 2.6499999999999995
      vertex 22.2 2.7251086002791345 5.091858415644439
      vertex 22.2 2.5114736709748717 5.55
    endloop
  endfacet
  facet normal 1 0 0
    outer loop
      vertex 22.2 2.221528885045036 2.2359159319090356
      vertex 22.2 2.5114736709748717 5.55
      vertex 22.2 2.221528885045036 5.964084068090964
    endloop
  endfacet
  facet normal 1 0 0
    outer loop
      vertex 22.2 1.8640840680909638 1.8784711149549636
      vertex 22.2 2.221528885045036 5.964084068090964
      vertex 22.2 1.8640840680909638 6.321528885045035
    endloop
  endfacet
  facet normal 1 0 0
    outer loop
      vertex 22.2 1.8499999999999999 4.1
      vertex 22.2 1.8640840680909638 6.321528885045035
      vertex 22.2 1.8218943430725847 4.4212491286838205
    endloop
  endfacet
  facet normal 5.840365127626115e-19 0.9961946980917454 -0.08715574274765865
    outer loop
      vertex 22.2 -2.9 4.1
      vertex 22.2 -2.855942483735403 4.603579715234098
      vertex 25.4 -2.855942483735403 4.603579715234098
    endloop
  endfacet
  facet normal 0 0.9961946980917454 -0.08715574274765865
    outer loop
      vertex 22.2 -2.9 4.1
      vertex 25.4 -2.855942483735403 4.603579715234098
      vertex 25.4 -2.9 4.1
    endloop
  endfacet
  facet normal 2.1438412441543365e-18 0.9659258262890686 -0.2588190451025198
    outer loop
      vertex 22.2 -2.855942483735403 4.603579715234098
      vertex 22.2 -2.7251086002791345 5.091858415644439
      vertex 25.4 -2.7251086002791345 5.091858415644439
    endloop
  endfacet
  facet normal 0 0.9659258262890686 -0.2588190451025198
    outer loop
      vertex 22.2 -2.855942483735403 4.603579715234098
      vertex 25.4 -2.7251086002791345 5.091858415644439
      vertex 25.4 -2.855942483735403 4.603579715234098
    endloop
  endfacet
  facet normal -5.840365127626115e-19 -0.9961946980917454 -0.08715574274765865
    outer loop
      vertex 22.2 2.855942483735403 4.603579715234098
      vertex 22.2 2.9 4.1
      vertex 25.4 2.9 4.1
    endloop
  endfacet
  facet normal 0 -0.9961946980917454 -0.08715574274765865
    outer loop
      vertex 22.2 2.855942483735403 4.603579715234098
      vertex 25.4 2.9 4.1
      vertex 25.4 2.855942483735403 4.603579715234098
    endloop
  endfacet
  facet normal 0 -0.9659258262890686 -0.2588190451025198
    outer loop
      vertex 22.2 2.855942483735403 4.603579715234098
      vertex 25.4 2.855942483735403 4.603579715234098
      vertex 22.2 2.7251086002791345 5.091858415644439
    endloop
  endfacet
  facet normal 0 -0.9659258262890686 -0.2588190451025198
    outer loop
      vertex 22.2 2.7251086002791345 5.091858415644439
      vertex 25.4 2.855942483735403 4.603579715234098
      vertex 25.4 2.7251086002791345 5.091858415644439
    endloop
  endfacet
  facet normal 1 0 0
    outer loop
      vertex 22.2 -1.8218943430725847 4.4212491286838205
      vertex 22.2 -1.7384313484539304 4.732737265152487
      vertex 22.2 -1.8640840680909638 6.321528885045035
    endloop
  endfacet
  facet normal 1 0 0
    outer loop
      vertex 22.2 -1.7384313484539304 4.732737265152487
      vertex 22.2 -1.6021469970012112 5.0249999999999995
      vertex 22.2 -1.8640840680909638 6.321528885045035
    endloop
  endfacet
  facet normal 1 0 0
    outer loop
      vertex 22.2 -1.6021469970012112 5.0249999999999995
      vertex 22.2 -1.4171822197701092 5.289157077920097
      vertex 22.2 -1.45 6.611473670974871
    endloop
  endfacet
  facet normal 1 0 0
    outer loop
      vertex 22.2 -1.6021469970012112 5.0249999999999995
      vertex 22.2 -1.45 6.611473670974871
      vertex 22.2 -1.8640840680909638 6.321528885045035
    endloop
  endfacet
  facet normal 1 0 0
    outer loop
      vertex 22.2 1.8218943430725847 4.4212491286838205
      vertex 22.2 1.8640840680909638 6.321528885045035
      vertex 22.2 1.7384313484539304 4.732737265152487
    endloop
  endfacet
  facet normal 1 0 0
    outer loop
      vertex 22.2 1.7384313484539304 4.732737265152487
      vertex 22.2 1.8640840680909638 6.321528885045035
      vertex 22.2 1.6021469970012112 5.0249999999999995
    endloop
  endfacet
  facet normal 1 0 0
    outer loop
      vertex 22.2 1.6021469970012112 5.0249999999999995
      vertex 22.2 1.8640840680909638 6.321528885045035
      vertex 22.2 1.4171822197701092 5.289157077920097
    endloop
  endfacet
  facet normal 1 0 0
    outer loop
      vertex 22.2 1.4171822197701092 5.289157077920097
      vertex 22.2 1.8640840680909638 6.321528885045035
      vertex 22.2 1.45 6.611473670974871
    endloop
  endfacet
  facet normal -3.810193960019803e-18 0.9063077870366496 -0.4226182617407003
    outer loop
      vertex 22.2 -2.7251086002791345 5.091858415644439
      vertex 22.2 -2.5114736709748717 5.55
      vertex 25.4 -2.5114736709748717 5.55
    endloop
  endfacet
  facet normal 0 0.9063077870366496 -0.4226182617407003
    outer loop
      vertex 22.2 -2.7251086002791345 5.091858415644439
      vertex 25.4 -2.5114736709748717 5.55
      vertex 25.4 -2.7251086002791345 5.091858415644439
    endloop
  endfacet
  facet normal 2.512093397578202e-18 0.8191520442889918 -0.5735764363510462
    outer loop
      vertex 22.2 -2.5114736709748717 5.55
      vertex 22.2 -2.221528885045036 5.964084068090964
      vertex 25.4 -2.221528885045036 5.964084068090964
    endloop
  endfacet
  facet normal 0 0.8191520442889918 -0.5735764363510462
    outer loop
      vertex 22.2 -2.5114736709748717 5.55
      vertex 25.4 -2.221528885045036 5.964084068090964
      vertex 25.4 -2.5114736709748717 5.55
    endloop
  endfacet
  facet normal 0 0.7071067811865468 -0.7071067811865482
    outer loop
      vertex 22.2 -2.221528885045036 5.964084068090964
      vertex 25.4 -1.8640840680909638 6.321528885045035
      vertex 25.4 -2.221528885045036 5.964084068090964
    endloop
  endfacet
  facet normal 0 -0.9063077870366496 -0.4226182617407003
    outer loop
      vertex 22.2 2.7251086002791345 5.091858415644439
      vertex 25.4 2.7251086002791345 5.091858415644439
      vertex 22.2 2.5114736709748717 5.55
    endloop
  endfacet
  facet normal 0 -0.9063077870366496 -0.4226182617407003
    outer loop
      vertex 22.2 2.5114736709748717 5.55
      vertex 25.4 2.7251086002791345 5.091858415644439
      vertex 25.4 2.5114736709748717 5.55
    endloop
  endfacet
  facet normal 0 -0.7071067811865468 -0.7071067811865482
    outer loop
      vertex 22.2 2.221528885045036 5.964084068090964
      vertex 25.4 2.221528885045036 5.964084068090964
      vertex 22.2 1.8640840680909638 6.321528885045035
    endloop
  endfacet
  facet normal 0 -0.8191520442889918 -0.5735764363510462
    outer loop
      vertex 22.2 2.5114736709748717 5.55
      vertex 25.4 2.5114736709748717 5.55
      vertex 22.2 2.221528885045036 5.964084068090964
    endloop
  endfacet
  facet normal 0 -0.8191520442889918 -0.5735764363510462
    outer loop
      vertex 22.2 2.221528885045036 5.964084068090964
      vertex 25.4 2.5114736709748717 5.55
      vertex 25.4 2.221528885045036 5.964084068090964
    endloop
  endfacet
  facet normal 1 0 0
    outer loop
      vertex 22.2 -1.4171822197701092 5.289157077920097
      vertex 22.2 -0.9918584156444392 6.825108600279134
      vertex 22.2 -1.45 6.611473670974871
    endloop
  endfacet
  facet normal 1 0 0
    outer loop
      vertex 22.2 -1.4171822197701092 5.289157077920097
      vertex 22.2 -0.503579715234098 6.955942483735402
      vertex 22.2 -0.9918584156444392 6.825108600279134
    endloop
  endfacet
  facet normal 1 0 0
    outer loop
      vertex 22.2 -1.4171822197701092 5.289157077920097
      vertex 22.2 -0.24574561328669753 6.862072930905313
      vertex 22.2 -0.503579715234098 6.955942483735402
    endloop
  endfacet
  facet normal 1 0 0
    outer loop
      vertex 22.2 -0.24574561328669753 6.862072930905313
      vertex 22.2 -0.2298133329356934 6.882836282905961
      vertex 22.2 -0.503579715234098 6.955942483735402
    endloop
  endfacet
  facet normal 1 0 0
    outer loop
      vertex 22.2 -0.2298133329356934 6.882836282905961
      vertex 22.2 -0.21213203435596426 6.902132034355963
      vertex 22.2 -0.503579715234098 6.955942483735402
    endloop
  endfacet
  facet normal 1 0 0
    outer loop
      vertex 22.2 0.24574561328669753 6.862072930905313
      vertex 22.2 0.503579715234098 6.955942483735402
      vertex 22.2 0.2298133329356934 6.882836282905961
    endloop
  endfacet
  facet normal 1 0 0
    outer loop
      vertex 22.2 0.21213203435596426 6.902132034355963
      vertex 22.2 0.2298133329356934 6.882836282905961
      vertex 22.2 0.503579715234098 6.955942483735402
    endloop
  endfacet
  facet normal 1 0 0
    outer loop
      vertex 22.2 -0.21213203435596426 6.902132034355963
      vertex 22.2 -0.19283628290596178 6.919813332935693
      vertex 22.2 -0.503579715234098 6.955942483735402
    endloop
  endfacet
  facet normal 1 0 0
    outer loop
      vertex 22.2 -0.503579715234098 6.955942483735402
      vertex 22.2 -0.19283628290596178 6.919813332935693
      vertex 22.2 -0.1720729309053138 6.935745613286697
    endloop
  endfacet
  facet normal 1 0 0
    outer loop
      vertex 22.2 -0.503579715234098 6.955942483735402
      vertex 22.2 -0.1720729309053138 6.935745613286697
      vertex 22.2 -0.15 6.9498076211353315
    endloop
  endfacet
  facet normal 1 0 0
    outer loop
      vertex 22.2 -0.503579715234098 6.955942483735402
      vertex 22.2 -0.15 6.9498076211353315
      vertex 22.2 -0.12678547852220984 6.961892336110994
    endloop
  endfacet
  facet normal 1 0 0
    outer loop
      vertex 22.2 -0.503579715234098 6.955942483735402
      vertex 22.2 -0.12678547852220984 6.961892336110994
      vertex 22.2 -0.10260604299770061 6.9719077862357715
    endloop
  endfacet
  facet normal 1 0 0
    outer loop
      vertex 22.2 -0.503579715234098 6.955942483735402
      vertex 22.2 -0.10260604299770061 6.9719077862357715
      vertex 22.2 -0.07764571353075622 6.97977774788672
    endloop
  endfacet
  facet normal 1 0 0
    outer loop
      vertex 22.2 -0.503579715234098 6.955942483735402
      vertex 22.2 -0.07764571353075622 6.97977774788672
      vertex 22.2 -0.0520944533000791 6.985442325903662
    endloop
  endfacet
  facet normal 1 0 0
    outer loop
      vertex 22.2 -0.503579715234098 6.955942483735402
      vertex 22.2 -0.0520944533000791 6.985442325903662
      vertex 22.2 -0.02614672282429745 6.9888584094275235
    endloop
  endfacet
  facet normal 1 0 0
    outer loop
      vertex 22.2 -0.503579715234098 6.955942483735402
      vertex 22.2 -0.02614672282429745 6.9888584094275235
      vertex 22.2 0 7
    endloop
  endfacet
  facet normal 1 0 0
    outer loop
      vertex 22.2 0.21213203435596426 6.902132034355963
      vertex 22.2 0.503579715234098 6.955942483735402
      vertex 22.2 0.19283628290596178 6.919813332935693
    endloop
  endfacet
  facet normal 1 0 0
    outer loop
      vertex 22.2 0.19283628290596178 6.919813332935693
      vertex 22.2 0.503579715234098 6.955942483735402
      vertex 22.2 0.1720729309053138 6.935745613286697
    endloop
  endfacet
  facet normal 1 0 0
    outer loop
      vertex 22.2 0.1720729309053138 6.935745613286697
      vertex 22.2 0.503579715234098 6.955942483735402
      vertex 22.2 0.15 6.9498076211353315
    endloop
  endfacet
  facet normal 1 0 0
    outer loop
      vertex 22.2 0.15 6.9498076211353315
      vertex 22.2 0.503579715234098 6.955942483735402
      vertex 22.2 0.12678547852220984 6.961892336110994
    endloop
  endfacet
  facet normal 1 0 0
    outer loop
      vertex 22.2 0.10260604299770061 6.9719077862357715
      vertex 22.2 0.12678547852220984 6.961892336110994
      vertex 22.2 0.503579715234098 6.955942483735402
    endloop
  endfacet
  facet normal 1 0 0
    outer loop
      vertex 22.2 0.0520944533000791 6.985442325903662
      vertex 22.2 0.07764571353075622 6.97977774788672
      vertex 22.2 0.503579715234098 6.955942483735402
    endloop
  endfacet
  facet normal 1 0 0
    outer loop
      vertex 22.2 0.02614672282429745 6.9888584094275235
      vertex 22.2 0.503579715234098 6.955942483735402
      vertex 22.2 0 7
    endloop
  endfacet
  facet normal 1 0 0
    outer loop
      vertex 22.2 0.02614672282429745 6.9888584094275235
      vertex 22.2 0.0520944533000791 6.985442325903662
      vertex 22.2 0.503579715234098 6.955942483735402
    endloop
  endfacet
  facet normal 1 0 0
    outer loop
      vertex 22.2 0.07764571353075622 6.97977774788672
      vertex 22.2 0.10260604299770061 6.9719077862357715
      vertex 22.2 0.503579715234098 6.955942483735402
    endloop
  endfacet
  facet normal 1 0 0
    outer loop
      vertex 22.2 -0.02614672282429745 6.9888584094275235
      vertex 22.2 0 6.989999999999999
      vertex 22.2 0 7
    endloop
  endfacet
  facet normal 1 0 0
    outer loop
      vertex 22.2 0.02614672282429745 6.9888584094275235
      vertex 22.2 0 7
      vertex 22.2 0 6.989999999999999
    endloop
  endfacet
  facet normal 1 0 0
    outer loop
      vertex 22.2 1.4171822197701092 5.289157077920097
      vertex 22.2 1.45 6.611473670974871
      vertex 22.2 0.24574561328669753 6.862072930905313
    endloop
  endfacet
  facet normal 1 0 0
    outer loop
      vertex 22.2 1.45 6.611473670974871
      vertex 22.2 0.9918584156444392 6.825108600279134
      vertex 22.2 0.24574561328669753 6.862072930905313
    endloop
  endfacet
  facet normal 1 0 0
    outer loop
      vertex 22.2 0.24574561328669753 6.862072930905313
      vertex 22.2 0.9918584156444392 6.825108600279134
      vertex 22.2 0.503579715234098 6.955942483735402
    endloop
  endfacet
  facet normal -6.076000495235333e-18 0.7071067811865468 -0.7071067811865482
    outer loop
      vertex 22.2 -2.221528885045036 5.964084068090964
      vertex 22.2 -1.8640840680909638 6.321528885045035
      vertex 25.4 -1.8640840680909638 6.321528885045035
    endloop
  endfacet
  facet normal -3.916377578851275e-18 0.5735764363510467 -0.8191520442889915
    outer loop
      vertex 22.2 -1.8640840680909638 6.321528885045035
      vertex 22.2 -1.45 6.611473670974871
      vertex 25.4 -1.45 6.611473670974871
    endloop
  endfacet
  facet normal 0 0.5735764363510467 -0.8191520442889915
    outer loop
      vertex 22.2 -1.8640840680909638 6.321528885045035
      vertex 25.4 -1.45 6.611473670974871
      vertex 25.4 -1.8640840680909638 6.321528885045035
    endloop
  endfacet
  facet normal -3.810193960019803e-18 0.4226182617407003 -0.9063077870366496
    outer loop
      vertex 22.2 -1.45 6.611473670974871
      vertex 22.2 -0.9918584156444392 6.825108600279134
      vertex 25.4 -0.9918584156444392 6.825108600279134
    endloop
  endfacet
  facet normal -4.0182521371828e-18 0.258819045102519 -0.9659258262890686
    outer loop
      vertex 22.2 -0.9918584156444392 6.825108600279134
      vertex 22.2 -0.503579715234098 6.955942483735402
      vertex 25.4 -0.503579715234098 6.955942483735402
    endloop
  endfacet
  facet normal 4.0474667936618774e-19 0.08715574274766039 -0.9961946980917453
    outer loop
      vertex 22.2 -0.503579715234098 6.955942483735402
      vertex 22.2 0 7
      vertex 25.4 0 7
    endloop
  endfacet
  facet normal -4.0474667936618774e-19 -0.08715574274766039 -0.9961946980917453
    outer loop
      vertex 22.2 0 7
      vertex 22.2 0.503579715234098 6.955942483735402
      vertex 25.4 0.503579715234098 6.955942483735402
    endloop
  endfacet
  facet normal 0 0.4226182617407003 -0.9063077870366496
    outer loop
      vertex 22.2 -1.45 6.611473670974871
      vertex 25.4 -0.9918584156444392 6.825108600279134
      vertex 25.4 -1.45 6.611473670974871
    endloop
  endfacet
  facet normal 0 0.258819045102519 -0.9659258262890686
    outer loop
      vertex 22.2 -0.9918584156444392 6.825108600279134
      vertex 25.4 -0.503579715234098 6.955942483735402
      vertex 25.4 -0.9918584156444392 6.825108600279134
    endloop
  endfacet
  facet normal 0 0.08715574274766039 -0.9961946980917453
    outer loop
      vertex 22.2 -0.503579715234098 6.955942483735402
      vertex 25.4 0 7
      vertex 25.4 -0.503579715234098 6.955942483735402
    endloop
  endfacet
  facet normal 0 -0.08715574274766039 -0.9961946980917453
    outer loop
      vertex 22.2 0 7
      vertex 25.4 0.503579715234098 6.955942483735402
      vertex 25.4 0 7
    endloop
  endfacet
  facet normal 0 -0.5735764363510467 -0.8191520442889915
    outer loop
      vertex 22.2 1.8640840680909638 6.321528885045035
      vertex 25.4 1.8640840680909638 6.321528885045035
      vertex 22.2 1.45 6.611473670974871
    endloop
  endfacet
  facet normal 0 -0.7071067811865468 -0.7071067811865482
    outer loop
      vertex 22.2 1.8640840680909638 6.321528885045035
      vertex 25.4 2.221528885045036 5.964084068090964
      vertex 25.4 1.8640840680909638 6.321528885045035
    endloop
  endfacet
  facet normal 0 -0.5735764363510467 -0.8191520442889915
    outer loop
      vertex 22.2 1.45 6.611473670974871
      vertex 25.4 1.8640840680909638 6.321528885045035
      vertex 25.4 1.45 6.611473670974871
    endloop
  endfacet
  facet normal 0 -0.4226182617407003 -0.9063077870366496
    outer loop
      vertex 22.2 1.45 6.611473670974871
      vertex 25.4 1.45 6.611473670974871
      vertex 22.2 0.9918584156444392 6.825108600279134
    endloop
  endfacet
  facet normal 0 -0.258819045102519 -0.9659258262890686
    outer loop
      vertex 22.2 0.9918584156444392 6.825108600279134
      vertex 25.4 0.9918584156444392 6.825108600279134
      vertex 22.2 0.503579715234098 6.955942483735402
    endloop
  endfacet
  facet normal 0 -0.4226182617407003 -0.9063077870366496
    outer loop
      vertex 22.2 0.9918584156444392 6.825108600279134
      vertex 25.4 1.45 6.611473670974871
      vertex 25.4 0.9918584156444392 6.825108600279134
    endloop
  endfacet
  facet normal 0 -0.258819045102519 -0.9659258262890686
    outer loop
      vertex 22.2 0.503579715234098 6.955942483735402
      vertex 25.4 0.9918584156444392 6.825108600279134
      vertex 25.4 0.503579715234098 6.955942483735402
    endloop
  endfacet
  facet normal 0.9762960071199331 0.21643961393810365 2.6537808820901304e-18
    outer loop
      vertex -6.278517870878944 -48.00232379316638 0
      vertex -6.401250394579352 -47.44871315483505 0
      vertex -6.401250394579352 -47.44871315483505 3.7424656077612113
    endloop
  endfacet
  facet normal 0.9914448613738106 0.13052619222005185 -1.1369200722199828e-18
    outer loop
      vertex -6.401250394579352 -47.44871315483505 0
      vertex -6.475265537596346 -46.886512327859776 0
      vertex -6.475265537596346 -46.886512327859776 3.795495663315654
    endloop
  endfacet
  facet normal 0.9990482215818579 0.04361938736533542 -2.822152729415956e-19
    outer loop
      vertex -6.475265537596346 -46.886512327859776 0
      vertex -6.5 -46.32 0
      vertex -6.5 -46.32 3.848932404738309
    endloop
  endfacet
  facet normal 0.9990482215818579 -0.043619387365335424 2.7835078344794025e-19
    outer loop
      vertex -6.5 -46.32 0
      vertex -6.475265537596346 -45.753487672140224 0
      vertex -6.475265537596346 -45.753487672140224 3.902369146160964
    endloop
  endfacet
  facet normal 0.9914448613738105 -0.13052619222005182 1.0909582025945768e-18
    outer loop
      vertex -6.475265537596346 -45.753487672140224 0
      vertex -6.401250394579352 -45.19128684516495 0
      vertex -6.401250394579352 -45.19128684516495 3.955399201715407
    endloop
  endfacet
  facet normal 0.5372996083468231 0.8433914458128862 0
    outer loop
      vertex -3.7282468362817993 -51.644488287878445 0
      vertex -3.7282468362817993 -51.644488287878445 3.346695666268352
      vertex -3.25 -51.94916512459885 0
    endloop
  endfacet
  facet normal 0.7372773368101257 0.6755902076156582 6.345196190670862e-18
    outer loop
      vertex -4.59619407771256 -50.91619407771256 0
      vertex -4.979288880273357 -50.49811946296251 0
      vertex -4.979288880273357 -50.49811946296251 3.45482784885201
    endloop
  endfacet
  facet normal 0.7933533402912359 0.6087614290087195 2.3360736575974827e-18
    outer loop
      vertex -4.979288880273357 -50.49811946296251 0
      vertex -5.324488287878447 -50.0482468362818 0
      vertex -5.324488287878447 -50.0482468362818 3.497262454495787
    endloop
  endfacet
  facet normal 0.8870108331782219 0.46174861323503363 -2.143798403736751e-18
    outer loop
      vertex -5.629165124598851 -49.57 0
      vertex -5.891000615738225 -49.067018701314545 0
      vertex -5.891000615738225 -49.067018701314545 3.5898176056307465
    endloop
  endfacet
  facet normal 0.9238795325112871 0.3826834323650893 -2.4310154138794323e-18
    outer loop
      vertex -5.891000615738225 -49.067018701314545 0
      vertex -6.108002035108405 -48.543130931616844 0
      vertex -6.108002035108405 -48.543130931616844 3.639233750535464
    endloop
  endfacet
  facet normal 0.9537169507482269 0.3007057995042729 -2.915273139815752e-18
    outer loop
      vertex -6.108002035108405 -48.543130931616844 0
      vertex -6.278517870878944 -48.00232379316638 0
      vertex -6.278517870878944 -48.00232379316638 3.6902458288181745
    endloop
  endfacet
  facet normal 0.8433914458128856 0.5372996083468243 -4.0363009945515374e-18
    outer loop
      vertex -5.324488287878447 -50.0482468362818 0
      vertex -5.629165124598851 -49.57 0
      vertex -5.629165124598851 -49.57 3.542373480805031
    endloop
  endfacet
  facet normal 0.6755902076156591 0.7372773368101251 9.956588817788347e-19
    outer loop
      vertex -4.178119462962505 -51.29928888027336 0
      vertex -4.59619407771256 -50.91619407771256 0
      vertex -4.59619407771256 -50.91619407771256 3.4153926168453648
    endloop
  endfacet
  facet normal 0.6087614290087175 0.7933533402912375 0
    outer loop
      vertex -4.178119462962505 -51.29928888027336 0
      vertex -4.178119462962505 -51.29928888027336 3.379256884403066
      vertex -3.7282468362817993 -51.644488287878445 0
    endloop
  endfacet
  facet normal 0.46174861323504196 0.8870108331782176 0
    outer loop
      vertex -3.25 -51.94916512459885 0
      vertex -3.25 -51.94916512459885 3.3179567729722286
      vertex -2.747018701314546 -52.21100061573823 0
    endloop
  endfacet
  facet normal 0.3826834323650864 0.9238795325112882 0
    outer loop
      vertex -2.747018701314546 -52.21100061573823 0
      vertex -2.747018701314546 -52.21100061573823 3.2932589248456963
      vertex -2.2231309316168466 -52.428002035108406 0
    endloop
  endfacet
  facet normal 0.3007057995042697 0.953716950748228 0
    outer loop
      vertex -2.2231309316168466 -52.428002035108406 0
      vertex -2.2231309316168466 -52.428002035108406 3.2727900874259683
      vertex -1.6823237931663848 -52.59851787087894 0
    endloop
  endfacet
  facet normal 0.21643961393809974 0.976296007119934 0
    outer loop
      vertex -1.6823237931663848 -52.59851787087894 0
      vertex -1.6823237931663848 -52.59851787087894 3.25670604092523
      vertex -1.128713154835047 -52.72125039457935 0
    endloop
  endfacet
  facet normal 0.1305261922200631 0.9914448613738088 0
    outer loop
      vertex -1.128713154835047 -52.72125039457935 0
      vertex -1.128713154835047 -52.72125039457935 3.2451291946491647
      vertex -0.5665123278597781 -52.79526553759635 0
    endloop
  endfacet
  facet normal 0.04361938736532901 0.9990482215818581 0
    outer loop
      vertex -0.5665123278597781 -52.79526553759635 0
      vertex -0.5665123278597781 -52.79526553759635 3.2381476553882234
      vertex 0 -52.82 0
    endloop
  endfacet
  facet normal 0.9762960071199333 -0.21643961393810363 -2.4782005798676914e-18
    outer loop
      vertex -6.401250394579352 -45.19128684516495 0
      vertex -6.278517870878944 -44.63767620683362 0
      vertex -6.278517870878944 -44.63767620683362 4.007618980658444
    endloop
  endfacet
  facet normal 0.953716950748227 -0.300705799504273 2.6506658003246518e-18
    outer loop
      vertex -6.278517870878944 -44.63767620683362 0
      vertex -6.108002035108405 -44.09686906838316 0
      vertex -6.108002035108405 -44.09686906838316 4.058631058941154
    endloop
  endfacet
  facet normal 0.923879532511287 -0.3826834323650893 2.153586096571518e-18
    outer loop
      vertex -6.108002035108405 -44.09686906838316 0
      vertex -5.891000615738225 -43.572981298685455 0
      vertex -5.891000615738225 -43.572981298685455 4.108047203845872
    endloop
  endfacet
  facet normal 0.8870108331782218 -0.4617486132350336 1.851969994392326e-18
    outer loop
      vertex -5.891000615738225 -43.572981298685455 0
      vertex -5.629165124598851 -43.07 0
      vertex -5.629165124598851 -43.07 4.155491328671587
    endloop
  endfacet
  facet normal 0.8433914458128854 -0.5372996083468241 3.4038179278484894e-18
    outer loop
      vertex -5.629165124598851 -43.07 0
      vertex -5.324488287878447 -42.5917531637182 0
      vertex -5.324488287878447 -42.5917531637182 4.2006023549808305
    endloop
  endfacet
  facet normal 0.7933533402912359 -0.6087614290087195 -1.925475259694569e-18
    outer loop
      vertex -5.324488287878447 -42.5917531637182 0
      vertex -4.979288880273357 -42.141880537037494 0
      vertex -4.979288880273357 -42.141880537037494 4.243036960624608
    endloop
  endfacet
  facet normal 0.7372773368101257 -0.6755902076156582 -5.1189031755254085e-18
    outer loop
      vertex -4.979288880273357 -42.141880537037494 0
      vertex -4.59619407771256 -41.72380592228744 0
      vertex -4.59619407771256 -41.72380592228744 4.2824721926312534
    endloop
  endfacet
  facet normal 0.6755902076156592 -0.7372773368101251 0
    outer loop
      vertex -4.178119462962505 -41.34071111972664 0
      vertex -4.178119462962505 -41.34071111972664 4.318607925073552
      vertex -4.59619407771256 -41.72380592228744 0
    endloop
  endfacet
  facet normal 0.6087614290087175 -0.7933533402912376 0
    outer loop
      vertex -3.7282468362817993 -40.995511712121555 0
      vertex -3.7282468362817993 -40.995511712121555 4.351169143208265
      vertex -4.178119462962505 -41.34071111972664 0
    endloop
  endfacet
  facet normal 0.5372996083468231 -0.8433914458128862 0
    outer loop
      vertex -3.25 -40.69083487540115 0
      vertex -3.25 -40.69083487540115 4.379908036504389
      vertex -3.7282468362817993 -40.995511712121555 0
    endloop
  endfacet
  facet normal 0.4617486132350419 -0.8870108331782175 0
    outer loop
      vertex -2.747018701314546 -40.42899938426177 0
      vertex -2.747018701314546 -40.42899938426177 4.4046058846309215
      vertex -3.25 -40.69083487540115 0
    endloop
  endfacet
  facet normal 0.9914448613738104 0.13052619222005182 0
    outer loop
      vertex -6.401250394579352 -47.44871315483505 0
      vertex -6.475265537596346 -46.886512327859776 3.795495663315654
      vertex -6.401250394579352 -47.44871315483505 3.7424656077612113
    endloop
  endfacet
  facet normal 0.9990482215818577 0.043619387365335424 0
    outer loop
      vertex -6.475265537596346 -46.886512327859776 0
      vertex -6.5 -46.32 3.848932404738309
      vertex -6.475265537596346 -46.886512327859776 3.795495663315654
    endloop
  endfacet
  facet normal 0.9990482215818579 -0.04361938736533542 0
    outer loop
      vertex -6.5 -46.32 0
      vertex -6.475265537596346 -45.753487672140224 3.902369146160964
      vertex -6.5 -46.32 3.848932404738309
    endloop
  endfacet
  facet normal 0.9914448613738103 -0.1305261922200518 0
    outer loop
      vertex -6.475265537596346 -45.753487672140224 0
      vertex -6.401250394579352 -45.19128684516495 3.955399201715407
      vertex -6.475265537596346 -45.753487672140224 3.902369146160964
    endloop
  endfacet
  facet normal 0.9762960071199333 -0.21643961393810363 0
    outer loop
      vertex -6.401250394579352 -45.19128684516495 0
      vertex -6.278517870878944 -44.63767620683362 4.007618980658444
      vertex -6.401250394579352 -45.19128684516495 3.955399201715407
    endloop
  endfacet
  facet normal 0.537299608346823 0.843391445812886 0
    outer loop
      vertex -3.25 -51.94916512459885 3.3179567729722286
      vertex -3.25 -51.94916512459885 0
      vertex -3.7282468362817993 -51.644488287878445 3.346695666268352
    endloop
  endfacet
  facet normal 0.8433914458128854 0.5372996083468241 0
    outer loop
      vertex -5.324488287878447 -50.0482468362818 0
      vertex -5.629165124598851 -49.57 3.542373480805031
      vertex -5.324488287878447 -50.0482468362818 3.497262454495787
    endloop
  endfacet
  facet normal 0.793353340291236 0.6087614290087195 0
    outer loop
      vertex -4.979288880273357 -50.49811946296251 0
      vertex -5.324488287878447 -50.0482468362818 3.497262454495787
      vertex -4.979288880273357 -50.49811946296251 3.45482784885201
    endloop
  endfacet
  facet normal 0.923879532511287 0.3826834323650893 0
    outer loop
      vertex -5.891000615738225 -49.067018701314545 0
      vertex -6.108002035108405 -48.543130931616844 3.639233750535464
      vertex -5.891000615738225 -49.067018701314545 3.5898176056307465
    endloop
  endfacet
  facet normal 0.8870108331782218 0.4617486132350335 0
    outer loop
      vertex -5.629165124598851 -49.57 0
      vertex -5.891000615738225 -49.067018701314545 3.5898176056307465
      vertex -5.629165124598851 -49.57 3.542373480805031
    endloop
  endfacet
  facet normal 0.9537169507482269 0.3007057995042729 0
    outer loop
      vertex -6.108002035108405 -48.543130931616844 0
      vertex -6.278517870878944 -48.00232379316638 3.6902458288181745
      vertex -6.108002035108405 -48.543130931616844 3.639233750535464
    endloop
  endfacet
  facet normal 0.7372773368101259 0.6755902076156584 0
    outer loop
      vertex -4.59619407771256 -50.91619407771256 0
      vertex -4.979288880273357 -50.49811946296251 3.45482784885201
      vertex -4.59619407771256 -50.91619407771256 3.4153926168453648
    endloop
  endfacet
  facet normal 0.6755902076156591 0.737277336810125 0
    outer loop
      vertex -4.178119462962505 -51.29928888027336 3.379256884403066
      vertex -4.178119462962505 -51.29928888027336 0
      vertex -4.59619407771256 -50.91619407771256 3.4153926168453648
    endloop
  endfacet
  facet normal 0.6087614290087174 0.7933533402912376 0
    outer loop
      vertex -3.7282468362817993 -51.644488287878445 3.346695666268352
      vertex -3.7282468362817993 -51.644488287878445 0
      vertex -4.178119462962505 -51.29928888027336 3.379256884403066
    endloop
  endfacet
  facet normal 0.46174861323504196 0.8870108331782175 0
    outer loop
      vertex -2.747018701314546 -52.21100061573823 0
      vertex -3.25 -51.94916512459885 3.3179567729722286
      vertex -2.747018701314546 -52.21100061573823 3.2932589248456963
    endloop
  endfacet
  facet normal 0.38268343236508634 0.9238795325112881 0
    outer loop
      vertex -2.2231309316168466 -52.428002035108406 0
      vertex -2.747018701314546 -52.21100061573823 3.2932589248456963
      vertex -2.2231309316168466 -52.428002035108406 3.2727900874259683
    endloop
  endfacet
  facet normal 0.3007057995042696 0.9537169507482279 0
    outer loop
      vertex -1.6823237931663848 -52.59851787087894 0
      vertex -2.2231309316168466 -52.428002035108406 3.2727900874259683
      vertex -1.6823237931663848 -52.59851787087894 3.25670604092523
    endloop
  endfacet
  facet normal 0.21643961393809974 0.9762960071199341 0
    outer loop
      vertex -1.128713154835047 -52.72125039457935 0
      vertex -1.6823237931663848 -52.59851787087894 3.25670604092523
      vertex -1.128713154835047 -52.72125039457935 3.2451291946491647
    endloop
  endfacet
  facet normal 0.1305261922200631 0.9914448613738088 0
    outer loop
      vertex -0.5665123278597781 -52.79526553759635 0
      vertex -1.128713154835047 -52.72125039457935 3.2451291946491647
      vertex -0.5665123278597781 -52.79526553759635 3.2381476553882234
    endloop
  endfacet
  facet normal 0.043619387365329006 0.999048221581858 0
    outer loop
      vertex 0 -52.82 0
      vertex -0.5665123278597781 -52.79526553759635 3.2381476553882234
      vertex 0 -52.82 3.2358145568717527
    endloop
  endfacet
  facet normal 0.9762960071199333 0.21643961393810365 0
    outer loop
      vertex -6.278517870878944 -48.00232379316638 0
      vertex -6.401250394579352 -47.44871315483505 3.7424656077612113
      vertex -6.278517870878944 -48.00232379316638 3.6902458288181745
    endloop
  endfacet
  facet normal 0.9537169507482272 -0.30070579950427295 0
    outer loop
      vertex -6.278517870878944 -44.63767620683362 0
      vertex -6.108002035108405 -44.09686906838316 4.058631058941154
      vertex -6.278517870878944 -44.63767620683362 4.007618980658444
    endloop
  endfacet
  facet normal 0.923879532511287 -0.3826834323650893 0
    outer loop
      vertex -6.108002035108405 -44.09686906838316 0
      vertex -5.891000615738225 -43.572981298685455 4.108047203845872
      vertex -6.108002035108405 -44.09686906838316 4.058631058941154
    endloop
  endfacet
  facet normal 0.8870108331782219 -0.46174861323503363 0
    outer loop
      vertex -5.891000615738225 -43.572981298685455 0
      vertex -5.629165124598851 -43.07 4.155491328671587
      vertex -5.891000615738225 -43.572981298685455 4.108047203845872
    endloop
  endfacet
  facet normal 0.8433914458128855 -0.5372996083468242 0
    outer loop
      vertex -5.629165124598851 -43.07 0
      vertex -5.324488287878447 -42.5917531637182 4.2006023549808305
      vertex -5.629165124598851 -43.07 4.155491328671587
    endloop
  endfacet
  facet normal 0.7933533402912359 -0.6087614290087194 0
    outer loop
      vertex -5.324488287878447 -42.5917531637182 0
      vertex -4.979288880273357 -42.141880537037494 4.243036960624608
      vertex -5.324488287878447 -42.5917531637182 4.2006023549808305
    endloop
  endfacet
  facet normal 0.7372773368101257 -0.6755902076156582 0
    outer loop
      vertex -4.979288880273357 -42.141880537037494 0
      vertex -4.59619407771256 -41.72380592228744 4.2824721926312534
      vertex -4.979288880273357 -42.141880537037494 4.243036960624608
    endloop
  endfacet
  facet normal 0.6755902076156591 -0.737277336810125 0
    outer loop
      vertex -4.59619407771256 -41.72380592228744 4.2824721926312534
      vertex -4.59619407771256 -41.72380592228744 0
      vertex -4.178119462962505 -41.34071111972664 4.318607925073552
    endloop
  endfacet
  facet normal 0.6087614290087175 -0.7933533402912376 0
    outer loop
      vertex -4.178119462962505 -41.34071111972664 4.318607925073552
      vertex -4.178119462962505 -41.34071111972664 0
      vertex -3.7282468362817993 -40.995511712121555 4.351169143208265
    endloop
  endfacet
  facet normal 0.5372996083468231 -0.8433914458128862 0
    outer loop
      vertex -3.7282468362817993 -40.995511712121555 0
      vertex -3.25 -40.69083487540115 4.379908036504389
      vertex -3.7282468362817993 -40.995511712121555 4.351169143208265
    endloop
  endfacet
  facet normal 0.4617486132350419 -0.8870108331782175 0
    outer loop
      vertex -3.25 -40.69083487540115 0
      vertex -2.747018701314546 -40.42899938426177 4.4046058846309215
      vertex -3.25 -40.69083487540115 4.379908036504389
    endloop
  endfacet
  facet normal 0.38268343236508634 -0.9238795325112881 0
    outer loop
      vertex -2.2231309316168466 -40.211997964891594 0
      vertex -2.2231309316168466 -40.211997964891594 4.425074722050649
      vertex -2.747018701314546 -40.42899938426177 0
    endloop
  endfacet
  facet normal 0.3007057995042696 -0.9537169507482279 0
    outer loop
      vertex -1.6823237931663848 -40.04148212912106 0
      vertex -1.6823237931663848 -40.04148212912106 4.441158768551388
      vertex -2.2231309316168466 -40.211997964891594 0
    endloop
  endfacet
  facet normal 0.21643961393809974 -0.9762960071199341 0
    outer loop
      vertex -1.128713154835047 -39.91874960542065 0
      vertex -1.128713154835047 -39.91874960542065 4.4527356148274535
      vertex -1.6823237931663848 -40.04148212912106 0
    endloop
  endfacet
  facet normal 0.1305261922200631 -0.9914448613738089 0
    outer loop
      vertex -0.5665123278597781 -39.84473446240365 0
      vertex -0.5665123278597781 -39.84473446240365 4.459717154088394
      vertex -1.128713154835047 -39.91874960542065 0
    endloop
  endfacet
  facet normal 0.04361938736532901 -0.999048221581858 -2.523549323995596e-19
    outer loop
      vertex -0.5665123278597781 -39.84473446240365 0
      vertex 0 -39.82 0
      vertex 0 -39.82 4.4620502526048655
    endloop
  endfacet
  facet normal 0.3826834323650864 -0.9238795325112882 0
    outer loop
      vertex -2.747018701314546 -40.42899938426177 0
      vertex -2.2231309316168466 -40.211997964891594 4.425074722050649
      vertex -2.747018701314546 -40.42899938426177 4.4046058846309215
    endloop
  endfacet
  facet normal 0.3007057995042697 -0.953716950748228 0
    outer loop
      vertex -2.2231309316168466 -40.211997964891594 0
      vertex -1.6823237931663848 -40.04148212912106 4.441158768551388
      vertex -2.2231309316168466 -40.211997964891594 4.425074722050649
    endloop
  endfacet
  facet normal 0.2164396139380997 -0.9762960071199339 0
    outer loop
      vertex -1.6823237931663848 -40.04148212912106 0
      vertex -1.128713154835047 -39.91874960542065 4.4527356148274535
      vertex -1.6823237931663848 -40.04148212912106 4.441158768551388
    endloop
  endfacet
  facet normal 0.1305261922200631 -0.9914448613738089 0
    outer loop
      vertex -1.128713154835047 -39.91874960542065 0
      vertex -0.5665123278597781 -39.84473446240365 4.459717154088394
      vertex -1.128713154835047 -39.91874960542065 4.4527356148274535
    endloop
  endfacet
  facet normal 0.04361938736532901 -0.999048221581858 0
    outer loop
      vertex -0.5665123278597781 -39.84473446240365 0
      vertex 0 -39.82 4.4620502526048655
      vertex -0.5665123278597781 -39.84473446240365 4.459717154088394
    endloop
  endfacet
  facet normal -0.043619387365329006 0.999048221581858 0
    outer loop
      vertex 0 -52.82 0
      vertex 0 -52.82 3.2358145568717527
      vertex 0.5665123278597781 -52.79526553759635 0
    endloop
  endfacet
  facet normal -0.1305261922200631 0.9914448613738088 0
    outer loop
      vertex 0.5665123278597781 -52.79526553759635 0
      vertex 0.5665123278597781 -52.79526553759635 3.2381476553882234
      vertex 1.128713154835047 -52.72125039457935 0
    endloop
  endfacet
  facet normal -0.21643961393809974 0.9762960071199341 0
    outer loop
      vertex 1.128713154835047 -52.72125039457935 0
      vertex 1.128713154835047 -52.72125039457935 3.245129194649165
      vertex 1.6823237931663848 -52.59851787087894 0
    endloop
  endfacet
  facet normal -0.3007057995042696 0.9537169507482279 0
    outer loop
      vertex 1.6823237931663848 -52.59851787087894 0
      vertex 1.6823237931663848 -52.59851787087894 3.25670604092523
      vertex 2.2231309316168466 -52.428002035108406 0
    endloop
  endfacet
  facet normal -0.38268343236508634 0.9238795325112881 0
    outer loop
      vertex 2.2231309316168466 -52.428002035108406 0
      vertex 2.2231309316168466 -52.428002035108406 3.2727900874259683
      vertex 2.747018701314546 -52.21100061573823 0
    endloop
  endfacet
  facet normal -0.46174861323504196 0.8870108331782175 0
    outer loop
      vertex 2.747018701314546 -52.21100061573823 0
      vertex 2.747018701314546 -52.21100061573823 3.2932589248456963
      vertex 3.25 -51.94916512459885 0
    endloop
  endfacet
  facet normal -0.537299608346823 0.843391445812886 0
    outer loop
      vertex 3.25 -51.94916512459885 0
      vertex 3.25 -51.94916512459885 3.3179567729722286
      vertex 3.7282468362817993 -51.644488287878445 0
    endloop
  endfacet
  facet normal -0.6087614290087174 0.7933533402912376 0
    outer loop
      vertex 3.7282468362817993 -51.644488287878445 0
      vertex 3.7282468362817993 -51.644488287878445 3.346695666268352
      vertex 4.178119462962505 -51.29928888027336 0
    endloop
  endfacet
  facet normal -0.6755902076156591 0.737277336810125 0
    outer loop
      vertex 4.178119462962505 -51.29928888027336 0
      vertex 4.178119462962505 -51.29928888027336 3.3792568844030666
      vertex 4.59619407771256 -50.91619407771256 0
    endloop
  endfacet
  facet normal -0.7372773368101259 0.6755902076156584 0
    outer loop
      vertex 4.59619407771256 -50.91619407771256 0
      vertex 4.59619407771256 -50.91619407771256 3.4153926168453648
      vertex 4.979288880273357 -50.49811946296251 0
    endloop
  endfacet
  facet normal -0.7933533402912359 0.6087614290087195 -2.364766943848462e-18
    outer loop
      vertex 5.324488287878447 -50.0482468362818 0
      vertex 4.979288880273357 -50.49811946296251 0
      vertex 4.979288880273357 -50.49811946296251 3.4548278488520094
    endloop
  endfacet
  facet normal -0.8433914458128854 0.5372996083468241 4.088365054005575e-18
    outer loop
      vertex 5.629165124598851 -49.57 0
      vertex 5.324488287878447 -50.0482468362818 0
      vertex 5.324488287878447 -50.0482468362818 3.497262454495787
    endloop
  endfacet
  facet normal -0.8870108331782218 0.4617486132350335 2.1725109716292082e-18
    outer loop
      vertex 5.891000615738225 -49.067018701314545 0
      vertex 5.629165124598851 -49.57 0
      vertex 5.629165124598851 -49.57 3.542373480805031
    endloop
  endfacet
  facet normal -0.923879532511287 0.3826834323650893 2.4644799023730642e-18
    outer loop
      vertex 6.108002035108405 -48.543130931616844 0
      vertex 5.891000615738225 -49.067018701314545 0
      vertex 5.891000615738225 -49.067018701314545 3.5898176056307465
    endloop
  endfacet
  facet normal -0.9537169507482269 0.3007057995042729 2.9561372754602083e-18
    outer loop
      vertex 6.278517870878944 -48.00232379316638 0
      vertex 6.108002035108405 -48.543130931616844 0
      vertex 6.108002035108405 -48.543130931616844 3.639233750535464
    endloop
  endfacet
  facet normal -0.4617486132350419 -0.8870108331782175 0
    outer loop
      vertex 3.25 -40.69083487540115 0
      vertex 3.25 -40.69083487540115 4.379908036504389
      vertex 2.747018701314546 -40.42899938426177 0
    endloop
  endfacet
  facet normal -0.9762960071199333 0.21643961393810365 -2.6913338954812156e-18
    outer loop
      vertex 6.401250394579352 -47.44871315483505 0
      vertex 6.278517870878944 -48.00232379316638 0
      vertex 6.278517870878944 -48.00232379316638 3.690245828818174
    endloop
  endfacet
  facet normal -0.9537169507482269 -0.3007057995042729 -2.684405527569193e-18
    outer loop
      vertex 6.108002035108405 -44.09686906838316 0
      vertex 6.278517870878944 -44.63767620683362 0
      vertex 6.278517870878944 -44.63767620683362 4.007618980658443
    endloop
  endfacet
  facet normal -0.5372996083468231 -0.8433914458128862 0
    outer loop
      vertex 3.7282468362817993 -40.995511712121555 0
      vertex 3.7282468362817993 -40.995511712121555 4.351169143208265
      vertex 3.25 -40.69083487540115 0
    endloop
  endfacet
  facet normal -0.6755902076156591 -0.737277336810125 0
    outer loop
      vertex 4.59619407771256 -41.72380592228744 0
      vertex 4.59619407771256 -41.72380592228744 4.2824721926312534
      vertex 4.178119462962505 -41.34071111972664 0
    endloop
  endfacet
  facet normal -0.6087614290087175 -0.7933533402912376 0
    outer loop
      vertex 4.178119462962505 -41.34071111972664 0
      vertex 4.178119462962505 -41.34071111972664 4.318607925073552
      vertex 3.7282468362817993 -40.995511712121555 0
    endloop
  endfacet
  facet normal -0.8433914458128855 -0.5372996083468242 -3.4407689663539976e-18
    outer loop
      vertex 5.324488287878447 -42.5917531637182 0
      vertex 5.629165124598851 -43.07 0
      vertex 5.629165124598851 -43.07 4.155491328671587
    endloop
  endfacet
  facet normal -0.7933533402912359 -0.6087614290087194 1.944926466073365e-18
    outer loop
      vertex 4.979288880273357 -42.141880537037494 0
      vertex 5.324488287878447 -42.5917531637182 0
      vertex 5.324488287878447 -42.5917531637182 4.2006023549808305
    endloop
  endfacet
  facet normal -0.8870108331782219 -0.46174861323503363 -1.8733585255428865e-18
    outer loop
      vertex 5.629165124598851 -43.07 0
      vertex 5.891000615738225 -43.572981298685455 0
      vertex 5.891000615738225 -43.572981298685455 4.108047203845872
    endloop
  endfacet
  facet normal -0.923879532511287 -0.3826834323650892 -2.1798072339618004e-18
    outer loop
      vertex 5.891000615738225 -43.572981298685455 0
      vertex 6.108002035108405 -44.09686906838316 0
      vertex 6.108002035108405 -44.09686906838316 4.058631058941153
    endloop
  endfacet
  facet normal -0.7372773368101257 -0.6755902076156584 5.166478800300708e-18
    outer loop
      vertex 4.59619407771256 -41.72380592228744 0
      vertex 4.979288880273357 -42.141880537037494 0
      vertex 4.979288880273357 -42.141880537037494 4.2430369606246074
    endloop
  endfacet
  facet normal -0.9914448613738104 0.13052619222005182 1.15303002242654e-18
    outer loop
      vertex 6.475265537596346 -46.886512327859776 0
      vertex 6.401250394579352 -47.44871315483505 0
      vertex 6.401250394579352 -47.44871315483505 3.742465607761211
    endloop
  endfacet
  facet normal -0.9990482215818577 0.04361938736533542 2.8618857864484333e-19
    outer loop
      vertex 6.5 -46.32 0
      vertex 6.475265537596346 -46.886512327859776 0
      vertex 6.475265537596346 -46.886512327859776 3.7954956633156534
    endloop
  endfacet
  facet normal -0.9990482215818579 -0.043619387365335424 -2.822152729415956e-19
    outer loop
      vertex 6.475265537596346 -45.753487672140224 0
      vertex 6.5 -46.32 0
      vertex 6.5 -46.32 3.8489324047383096
    endloop
  endfacet
  facet normal -0.9914448613738103 -0.1305261922200518 -1.1057834464206456e-18
    outer loop
      vertex 6.401250394579352 -45.19128684516495 0
      vertex 6.475265537596346 -45.753487672140224 0
      vertex 6.475265537596346 -45.753487672140224 3.902369146160964
    endloop
  endfacet
  facet normal -0.9762960071199333 -0.21643961393810365 2.5109181590190134e-18
    outer loop
      vertex 6.278517870878944 -44.63767620683362 0
      vertex 6.401250394579352 -45.19128684516495 0
      vertex 6.401250394579352 -45.19128684516495 3.9553992017154065
    endloop
  endfacet
  facet normal -0.04361938736532901 0.9990482215818581 0
    outer loop
      vertex 0.5665123278597781 -52.79526553759635 0
      vertex 0 -52.82 3.2358145568717527
      vertex 0.5665123278597781 -52.79526553759635 3.2381476553882234
    endloop
  endfacet
  facet normal -0.1305261922200631 0.9914448613738088 0
    outer loop
      vertex 1.128713154835047 -52.72125039457935 0
      vertex 0.5665123278597781 -52.79526553759635 3.2381476553882234
      vertex 1.128713154835047 -52.72125039457935 3.245129194649165
    endloop
  endfacet
  facet normal -0.21643961393809974 0.976296007119934 0
    outer loop
      vertex 1.6823237931663848 -52.59851787087894 0
      vertex 1.128713154835047 -52.72125039457935 3.245129194649165
      vertex 1.6823237931663848 -52.59851787087894 3.25670604092523
    endloop
  endfacet
  facet normal -0.3007057995042697 0.953716950748228 0
    outer loop
      vertex 2.2231309316168466 -52.428002035108406 0
      vertex 1.6823237931663848 -52.59851787087894 3.25670604092523
      vertex 2.2231309316168466 -52.428002035108406 3.2727900874259683
    endloop
  endfacet
  facet normal -0.3826834323650864 0.9238795325112882 0
    outer loop
      vertex 2.747018701314546 -52.21100061573823 0
      vertex 2.2231309316168466 -52.428002035108406 3.2727900874259683
      vertex 2.747018701314546 -52.21100061573823 3.2932589248456963
    endloop
  endfacet
  facet normal -0.46174861323504196 0.8870108331782176 0
    outer loop
      vertex 3.25 -51.94916512459885 0
      vertex 2.747018701314546 -52.21100061573823 3.2932589248456963
      vertex 3.25 -51.94916512459885 3.3179567729722286
    endloop
  endfacet
  facet normal -0.5372996083468231 0.8433914458128862 0
    outer loop
      vertex 3.7282468362817993 -51.644488287878445 0
      vertex 3.25 -51.94916512459885 3.3179567729722286
      vertex 3.7282468362817993 -51.644488287878445 3.346695666268352
    endloop
  endfacet
  facet normal -0.6087614290087174 0.7933533402912376 0
    outer loop
      vertex 4.178119462962505 -51.29928888027336 0
      vertex 3.7282468362817993 -51.644488287878445 3.346695666268352
      vertex 4.178119462962505 -51.29928888027336 3.3792568844030666
    endloop
  endfacet
  facet normal -0.6755902076156591 0.7372773368101251 0
    outer loop
      vertex 4.59619407771256 -50.91619407771256 0
      vertex 4.178119462962505 -51.29928888027336 3.3792568844030666
      vertex 4.59619407771256 -50.91619407771256 3.4153926168453648
    endloop
  endfacet
  facet normal -0.7372773368101257 0.6755902076156584 -6.345196190670863e-18
    outer loop
      vertex 4.59619407771256 -50.91619407771256 3.4153926168453648
      vertex 4.979288880273357 -50.49811946296251 3.4548278488520094
      vertex 4.979288880273357 -50.49811946296251 0
    endloop
  endfacet
  facet normal -0.7933533402912359 0.6087614290087197 -2.3360736575974827e-18
    outer loop
      vertex 4.979288880273357 -50.49811946296251 3.4548278488520094
      vertex 5.324488287878447 -50.0482468362818 3.497262454495787
      vertex 5.324488287878447 -50.0482468362818 0
    endloop
  endfacet
  facet normal -0.8433914458128856 0.5372996083468243 4.0363009945515374e-18
    outer loop
      vertex 5.324488287878447 -50.0482468362818 3.497262454495787
      vertex 5.629165124598851 -49.57 3.542373480805031
      vertex 5.629165124598851 -49.57 0
    endloop
  endfacet
  facet normal -0.8870108331782219 0.46174861323503363 2.143798403736751e-18
    outer loop
      vertex 5.629165124598851 -49.57 3.542373480805031
      vertex 5.891000615738225 -49.067018701314545 3.5898176056307465
      vertex 5.891000615738225 -49.067018701314545 0
    endloop
  endfacet
  facet normal -0.9238795325112871 0.38268343236508934 2.4310154138794323e-18
    outer loop
      vertex 5.891000615738225 -49.067018701314545 3.5898176056307465
      vertex 6.108002035108405 -48.543130931616844 3.639233750535464
      vertex 6.108002035108405 -48.543130931616844 0
    endloop
  endfacet
  facet normal -0.953716950748227 0.3007057995042729 2.9152731398157527e-18
    outer loop
      vertex 6.108002035108405 -48.543130931616844 3.639233750535464
      vertex 6.278517870878944 -48.00232379316638 3.690245828818174
      vertex 6.278517870878944 -48.00232379316638 0
    endloop
  endfacet
  facet normal -0.4617486132350419 -0.8870108331782175 0
    outer loop
      vertex 2.747018701314546 -40.42899938426177 0
      vertex 3.25 -40.69083487540115 4.379908036504389
      vertex 2.747018701314546 -40.42899938426177 4.4046058846309215
    endloop
  endfacet
  facet normal -0.9762960071199331 -0.2164396139381036 2.478200579867692e-18
    outer loop
      vertex 6.401250394579352 -45.19128684516495 3.9553992017154065
      vertex 6.278517870878944 -44.63767620683362 4.007618980658443
      vertex 6.278517870878944 -44.63767620683362 0
    endloop
  endfacet
  facet normal -0.953716950748227 -0.300705799504273 -2.650665800324652e-18
    outer loop
      vertex 6.278517870878944 -44.63767620683362 4.007618980658443
      vertex 6.108002035108405 -44.09686906838316 4.058631058941153
      vertex 6.108002035108405 -44.09686906838316 0
    endloop
  endfacet
  facet normal -0.5372996083468231 -0.8433914458128862 0
    outer loop
      vertex 3.25 -40.69083487540115 0
      vertex 3.7282468362817993 -40.995511712121555 4.351169143208265
      vertex 3.25 -40.69083487540115 4.379908036504389
    endloop
  endfacet
  facet normal -0.6087614290087175 -0.7933533402912376 0
    outer loop
      vertex 3.7282468362817993 -40.995511712121555 0
      vertex 4.178119462962505 -41.34071111972664 4.318607925073552
      vertex 3.7282468362817993 -40.995511712121555 4.351169143208265
    endloop
  endfacet
  facet normal -0.6755902076156592 -0.7372773368101251 0
    outer loop
      vertex 4.178119462962505 -41.34071111972664 0
      vertex 4.59619407771256 -41.72380592228744 4.2824721926312534
      vertex 4.178119462962505 -41.34071111972664 4.318607925073552
    endloop
  endfacet
  facet normal -0.7372773368101257 -0.6755902076156582 5.1189031755254085e-18
    outer loop
      vertex 4.979288880273357 -42.141880537037494 4.2430369606246074
      vertex 4.59619407771256 -41.72380592228744 4.2824721926312534
      vertex 4.59619407771256 -41.72380592228744 0
    endloop
  endfacet
  facet normal -0.8433914458128854 -0.5372996083468241 -3.4038179278484894e-18
    outer loop
      vertex 5.629165124598851 -43.07 4.155491328671587
      vertex 5.324488287878447 -42.5917531637182 4.2006023549808305
      vertex 5.324488287878447 -42.5917531637182 0
    endloop
  endfacet
  facet normal -0.923879532511287 -0.3826834323650893 -2.153586096571518e-18
    outer loop
      vertex 6.108002035108405 -44.09686906838316 4.058631058941153
      vertex 5.891000615738225 -43.572981298685455 4.108047203845872
      vertex 5.891000615738225 -43.572981298685455 0
    endloop
  endfacet
  facet normal -0.8870108331782218 -0.4617486132350336 -1.851969994392326e-18
    outer loop
      vertex 5.891000615738225 -43.572981298685455 4.108047203845872
      vertex 5.629165124598851 -43.07 4.155491328671587
      vertex 5.629165124598851 -43.07 0
    endloop
  endfacet
  facet normal -0.793353340291236 -0.6087614290087195 1.9254752596945694e-18
    outer loop
      vertex 5.324488287878447 -42.5917531637182 4.2006023549808305
      vertex 4.979288880273357 -42.141880537037494 4.2430369606246074
      vertex 4.979288880273357 -42.141880537037494 0
    endloop
  endfacet
  facet normal -0.9762960071199331 0.21643961393810363 -2.6537808820901304e-18
    outer loop
      vertex 6.278517870878944 -48.00232379316638 3.690245828818174
      vertex 6.401250394579352 -47.44871315483505 3.742465607761211
      vertex 6.401250394579352 -47.44871315483505 0
    endloop
  endfacet
  facet normal -0.9914448613738106 0.13052619222005182 1.1369200722199828e-18
    outer loop
      vertex 6.401250394579352 -47.44871315483505 3.742465607761211
      vertex 6.475265537596346 -46.886512327859776 3.7954956633156534
      vertex 6.475265537596346 -46.886512327859776 0
    endloop
  endfacet
  facet normal -0.9990482215818579 0.043619387365335424 2.822152729415956e-19
    outer loop
      vertex 6.475265537596346 -46.886512327859776 3.7954956633156534
      vertex 6.5 -46.32 3.8489324047383096
      vertex 6.5 -46.32 0
    endloop
  endfacet
  facet normal -0.9990482215818579 -0.043619387365335424 -2.7835078344794025e-19
    outer loop
      vertex 6.5 -46.32 3.8489324047383096
      vertex 6.475265537596346 -45.753487672140224 3.902369146160964
      vertex 6.475265537596346 -45.753487672140224 0
    endloop
  endfacet
  facet normal -0.9914448613738105 -0.13052619222005182 -1.0909582025945768e-18
    outer loop
      vertex 6.475265537596346 -45.753487672140224 3.902369146160964
      vertex 6.401250394579352 -45.19128684516495 3.9553992017154065
      vertex 6.401250394579352 -45.19128684516495 0
    endloop
  endfacet
  facet normal -0.04361938736532901 -0.999048221581858 0
    outer loop
      vertex 0.5665123278597781 -39.84473446240365 0
      vertex 0.5665123278597781 -39.84473446240365 4.459717154088394
      vertex 0 -39.82 0
    endloop
  endfacet
  facet normal -0.1305261922200631 -0.9914448613738089 0
    outer loop
      vertex 1.128713154835047 -39.91874960542065 0
      vertex 1.128713154835047 -39.91874960542065 4.4527356148274535
      vertex 0.5665123278597781 -39.84473446240365 0
    endloop
  endfacet
  facet normal -0.2164396139380997 -0.9762960071199339 0
    outer loop
      vertex 1.6823237931663848 -40.04148212912106 0
      vertex 1.6823237931663848 -40.04148212912106 4.441158768551388
      vertex 1.128713154835047 -39.91874960542065 0
    endloop
  endfacet
  facet normal -0.3007057995042697 -0.953716950748228 0
    outer loop
      vertex 2.2231309316168466 -40.211997964891594 0
      vertex 2.2231309316168466 -40.211997964891594 4.425074722050649
      vertex 1.6823237931663848 -40.04148212912106 0
    endloop
  endfacet
  facet normal -0.3826834323650864 -0.9238795325112882 0
    outer loop
      vertex 2.747018701314546 -40.42899938426177 0
      vertex 2.747018701314546 -40.42899938426177 4.4046058846309215
      vertex 2.2231309316168466 -40.211997964891594 0
    endloop
  endfacet
  facet normal -0.04361938736532901 -0.999048221581858 0
    outer loop
      vertex 0 -39.82 0
      vertex 0.5665123278597781 -39.84473446240365 4.459717154088394
      vertex 0 -39.82 4.4620502526048655
    endloop
  endfacet
  facet normal -0.1305261922200631 -0.9914448613738089 0
    outer loop
      vertex 0.5665123278597781 -39.84473446240365 0
      vertex 1.128713154835047 -39.91874960542065 4.4527356148274535
      vertex 0.5665123278597781 -39.84473446240365 4.459717154088394
    endloop
  endfacet
  facet normal -0.21643961393809974 -0.9762960071199341 0
    outer loop
      vertex 1.128713154835047 -39.91874960542065 0
      vertex 1.6823237931663848 -40.04148212912106 4.441158768551388
      vertex 1.128713154835047 -39.91874960542065 4.4527356148274535
    endloop
  endfacet
  facet normal -0.3007057995042696 -0.9537169507482279 0
    outer loop
      vertex 1.6823237931663848 -40.04148212912106 0
      vertex 2.2231309316168466 -40.211997964891594 4.425074722050649
      vertex 1.6823237931663848 -40.04148212912106 4.441158768551388
    endloop
  endfacet
  facet normal -0.38268343236508634 -0.9238795325112881 0
    outer loop
      vertex 2.2231309316168466 -40.211997964891594 0
      vertex 2.747018701314546 -40.42899938426177 4.4046058846309215
      vertex 2.2231309316168466 -40.211997964891594 4.425074722050649
    endloop
  endfacet
endsolid OpenSCAD_Model
