solid OpenSCAD_Model
  facet normal -0.5612525588654174 0.4306642284401585 0.7067700386328387
    outer loop
      vertex 3.2229866668581963 -3.8146194726228715 1.2
      vertex 3.623391823470593 -4.605694258213044 2
      vertex 3.835822226107121 -4.328849563002587 2
    endloop
  endfacet
  facet normal -0.5215819503757125 0.4779418149442367 0.7067700407983327
    outer loop
      vertex 3.505887447297573 -3.505887447297573 1.2
      vertex 3.835822226107121 -4.328849563002587 2
      vertex 4.071572878956795 -4.071572878956795 2
    endloop
  endfacet
  facet normal -0.5966516801842067 0.3801090440656326 0.7067700383808543
    outer loop
      vertex 2.7430780589580537 -4.4999999985098835 1.2
      vertex 3.623391823470593 -4.605694258213044 2
      vertex 2.968070185184479 -4.146833105385303 1.2
    endloop
  endfacet
  facet normal -0.5612525592367559 0.4306642281393543 0.7067700385212478
    outer loop
      vertex 2.968070185184479 -4.146833105385303 1.2
      vertex 3.623391823470593 -4.605694258213044 2
      vertex 3.2229866668581963 -3.8146194726228715 1.2
    endloop
  endfacet
  facet normal -0.5215819578897172 0.4779418098741959 0.7067700386816828
    outer loop
      vertex 3.2229866668581963 -3.8146194726228715 1.2
      vertex 3.835822226107121 -4.328849563002587 2
      vertex 3.505887447297573 -3.505887447297573 1.2
    endloop
  endfacet
  facet normal -0.6535924452472859 0.27072684880633224 0.7067700395822301
    outer loop
      vertex 3.2747688531875614 -5.209526950120926 2
      vertex 2.389475418627262 -5.258303305506706 1.2
      vertex 3.141229519248009 -5.5319194287061695 2
    endloop
  endfacet
  facet normal -0.6747007260035032 0.212732324618787 0.7067700392579135
    outer loop
      vertex 3.141229519248009 -5.5319194287061695 2
      vertex 2.389475418627262 -5.258303305506706 1.2
      vertex 3.0362966969609264 -5.864723818004132 2
    endloop
  endfacet
  facet normal -0.6906741285173799 0.1531187806211248 0.7067700384268265
    outer loop
      vertex 2.9607689842581753 -6.205407285690308 2
      vertex 3.0362966969609264 -5.864723818004132 2
      vertex 2.263556031882763 -5.657668581604957 1.2
    endloop
  endfacet
  facet normal 0 0 1
    outer loop
      vertex 2.9607689842581753 -6.205407285690308 2
      vertex 2.9152212083339695 -6.551377029716969 2
      vertex 2.9000000000000004 -6.9 2
    endloop
  endfacet
  facet normal -0.7013910898083483 0.09233987868997955 0.7067700375235053
    outer loop
      vertex 2.9607689842581753 -6.205407285690308 2
      vertex 2.118265448510647 -6.481652429699897 1.2
      vertex 2.9152212083339695 -6.551377029716969 2
    endloop
  endfacet
  facet normal -0.7067700355722942 0.030858247656253973 0.706770037118668
    outer loop
      vertex 2.9152212083339695 -6.551377029716969 2
      vertex 2.118265448510647 -6.481652429699897 1.2
      vertex 2.9000000000000004 -6.9 2
    endloop
  endfacet
  facet normal 0 0 1
    outer loop
      vertex 3.2747688531875614 -5.209526950120926 2
      vertex 3.141229519248009 -5.5319194287061695 2
      vertex 3.0362966969609264 -5.864723818004132 2
    endloop
  endfacet
  facet normal 0 0 1
    outer loop
      vertex 2.9607689842581753 -6.205407285690308 2
      vertex 3.2747688531875614 -5.209526950120926 2
      vertex 3.0362966969609264 -5.864723818004132 2
    endloop
  endfacet
  facet normal 0 0 1
    outer loop
      vertex 2.9607689842581753 -6.205407285690308 2
      vertex 2.9000000000000004 -6.9 2
      vertex 3.2747688531875614 -5.209526950120926 2
    endloop
  endfacet
  facet normal 0 0 1
    outer loop
      vertex 3.2747688531875614 -5.209526950120926 2
      vertex 3.623391823470593 -4.605694258213044 2
      vertex 3.4358983874320987 -4.9 2
    endloop
  endfacet
  facet normal 0 0 1
    outer loop
      vertex 3.2747688531875614 -5.209526950120926 2
      vertex 4.071572878956795 -4.071572878956795 2
      vertex 3.623391823470593 -4.605694258213044 2
    endloop
  endfacet
  facet normal 0 0 1
    outer loop
      vertex 2.9000000000000004 -6.9 2
      vertex 4.071572878956795 -4.071572878956795 2
      vertex 3.2747688531875614 -5.209526950120926 2
    endloop
  endfacet
  facet normal -0.6275099246930977 0.3266609962722851 0.7067700389278403
    outer loop
      vertex 2.7430780589580537 -4.4999999985098835 1.2
      vertex 3.2747688531875614 -5.209526950120926 2
      vertex 3.4358983874320987 -4.9 2
    endloop
  endfacet
  facet normal -0.5966516807004346 0.38010904256719047 0.7067700387509366
    outer loop
      vertex 2.7430780589580537 -4.4999999985098835 1.2
      vertex 3.4358983874320987 -4.9 2
      vertex 3.623391823470593 -4.605694258213044 2
    endloop
  endfacet
  facet normal -0.6906741315946874 0.15311877430910054 0.706770036787075
    outer loop
      vertex 2.9607689842581753 -6.205407285690308 2
      vertex 2.263556031882763 -5.657668581604957 1.2
      vertex 2.17292278110981 -6.066488741338253 1.2
    endloop
  endfacet
  facet normal -0.6535924446909778 0.2707268523150247 0.7067700387526836
    outer loop
      vertex 3.2747688531875614 -5.209526950120926 2
      vertex 2.549722617864609 -4.871432340145111 1.2
      vertex 2.389475418627262 -5.258303305506706 1.2
    endloop
  endfacet
  facet normal -0.6275099254772124 0.3266609953699674 0.7067700386487002
    outer loop
      vertex 2.7430780589580537 -4.4999999985098835 1.2
      vertex 2.549722617864609 -4.871432340145111 1.2
      vertex 3.2747688531875614 -5.209526950120926 2
    endloop
  endfacet
  facet normal -0.6747007284085701 0.21273232061460653 0.7067700381672026
    outer loop
      vertex 3.0362966969609264 -5.864723818004132 2
      vertex 2.389475418627262 -5.258303305506706 1.2
      vertex 2.263556031882763 -5.657668581604957 1.2
    endloop
  endfacet
  facet normal -0.7013910901820313 0.09233988225091264 0.7067700366874288
    outer loop
      vertex 2.9607689842581753 -6.205407285690308 2
      vertex 2.17292278110981 -6.066488741338253 1.2
      vertex 2.118265448510647 -6.481652429699897 1.2
    endloop
  endfacet
  facet normal -0.7067700363470206 0.030858244952799818 0.7067700364619769
    outer loop
      vertex 2.9000000000000004 -6.9 2
      vertex 2.118265448510647 -6.481652429699897 1.2
      vertex 2.1 -6.899999997019767 1.2
    endloop
  endfacet
  facet normal 0 0 1
    outer loop
      vertex 3.623391823470593 -4.605694258213044 2
      vertex 4.071572878956795 -4.071572878956795 2
      vertex 3.835822226107121 -4.328849563002587 2
    endloop
  endfacet
  facet normal 0 0 1
    outer loop
      vertex 4.071572878956795 -4.071572878956795 2
      vertex 5.209526950120926 -3.2747688531875614 2
      vertex 4.605694258213044 -3.623391823470593 2
    endloop
  endfacet
  facet normal 0 0 1
    outer loop
      vertex 4.071572878956795 -4.071572878956795 2
      vertex 4.605694258213044 -3.623391823470593 2
      vertex 4.328849563002587 -3.835822226107121 2
    endloop
  endfacet
  facet normal -0.4306642284401585 0.5612525588654174 0.7067700386328387
    outer loop
      vertex 3.8146194726228715 -3.2229866668581963 1.2
      vertex 4.328849563002587 -3.835822226107121 2
      vertex 4.605694258213044 -3.623391823470593 2
    endloop
  endfacet
  facet normal -0.4779418149442367 0.5215819503757125 0.7067700407983327
    outer loop
      vertex 3.505887447297573 -3.505887447297573 1.2
      vertex 4.071572878956795 -4.071572878956795 2
      vertex 4.328849563002587 -3.835822226107121 2
    endloop
  endfacet
  facet normal -0.3801090425671905 0.5966516807004346 0.7067700387509365
    outer loop
      vertex 4.605694258213044 -3.623391823470593 2
      vertex 4.9 -3.4358983874320987 2
      vertex 4.4999999985098835 -2.7430780589580537 1.2
    endloop
  endfacet
  facet normal 0 0 1
    outer loop
      vertex 4.605694258213044 -3.623391823470593 2
      vertex 5.209526950120926 -3.2747688531875614 2
      vertex 4.9 -3.4358983874320987 2
    endloop
  endfacet
  facet normal 0 0 1
    outer loop
      vertex 5.209526950120926 -3.2747688531875614 2
      vertex 5.864723818004132 -3.0362966969609264 2
      vertex 5.5319194287061695 -3.141229519248009 2
    endloop
  endfacet
  facet normal 0 0 1
    outer loop
      vertex 4.071572878956795 -4.071572878956795 2
      vertex 6.9 -2.9000000000000004 2
      vertex 5.209526950120926 -3.2747688531875614 2
    endloop
  endfacet
  facet normal -0.32666099627228506 0.6275099246930977 0.7067700389278403
    outer loop
      vertex 4.9 -3.4358983874320987 2
      vertex 5.209526950120926 -3.2747688531875614 2
      vertex 4.4999999985098835 -2.7430780589580537 1.2
    endloop
  endfacet
  facet normal -0.27072684880633224 0.6535924452472859 0.7067700395822301
    outer loop
      vertex 5.209526950120926 -3.2747688531875614 2
      vertex 5.5319194287061695 -3.141229519248009 2
      vertex 5.258303305506706 -2.389475418627262 1.2
    endloop
  endfacet
  facet normal -0.4779418098741959 0.5215819578897172 0.7067700386816828
    outer loop
      vertex 3.505887447297573 -3.505887447297573 1.2
      vertex 4.328849563002587 -3.835822226107121 2
      vertex 3.8146194726228715 -3.2229866668581963 1.2
    endloop
  endfacet
  facet normal -0.4306642281393543 0.5612525592367559 0.7067700385212478
    outer loop
      vertex 3.8146194726228715 -3.2229866668581963 1.2
      vertex 4.605694258213044 -3.623391823470593 2
      vertex 4.146833105385303 -2.968070185184479 1.2
    endloop
  endfacet
  facet normal -0.38010904406563256 0.5966516801842067 0.7067700383808542
    outer loop
      vertex 4.605694258213044 -3.623391823470593 2
      vertex 4.4999999985098835 -2.7430780589580537 1.2
      vertex 4.146833105385303 -2.968070185184479 1.2
    endloop
  endfacet
  facet normal -0.32666099536996746 0.6275099254772126 0.7067700386487002
    outer loop
      vertex 5.209526950120926 -3.2747688531875614 2
      vertex 4.871432340145111 -2.549722617864609 1.2
      vertex 4.4999999985098835 -2.7430780589580537 1.2
    endloop
  endfacet
  facet normal -0.2707268523150247 0.6535924446909778 0.7067700387526836
    outer loop
      vertex 5.209526950120926 -3.2747688531875614 2
      vertex 5.258303305506706 -2.389475418627262 1.2
      vertex 4.871432340145111 -2.549722617864609 1.2
    endloop
  endfacet
  facet normal -0.8433914441734255 0.5372996109202608 0
    outer loop
      vertex 2.7430780589580537 -4.4999999985098835 1.2
      vertex 2.968070185184479 -4.146833105385303 1.2
      vertex 2.7430780589580537 -4.4999999985098835 0.8
    endloop
  endfacet
  facet normal -0.8433914441734255 0.5372996109202608 0
    outer loop
      vertex 2.968070185184479 -4.146833105385303 1.2
      vertex 2.968070185184479 -4.146833105385303 0.8
      vertex 2.7430780589580537 -4.4999999985098835 0.8
    endloop
  endfacet
  facet normal -0.737277335363375 0.6755902091945097 0
    outer loop
      vertex 3.2229866668581963 -3.8146194726228715 1.2
      vertex 3.505887447297573 -3.505887447297573 1.2
      vertex 3.2229866668581963 -3.8146194726228715 0.8
    endloop
  endfacet
  facet normal -0.7933533455037395 0.6087614222156528 -1.3035084825780236e-17
    outer loop
      vertex 2.968070185184479 -4.146833105385303 1.2
      vertex 3.2229866668581963 -3.8146194726228715 1.2
      vertex 3.2229866668581963 -3.8146194726228715 0.8
    endloop
  endfacet
  facet normal -0.7933533455037395 0.6087614222156528 0
    outer loop
      vertex 2.968070185184479 -4.146833105385303 1.2
      vertex 3.2229866668581963 -3.8146194726228715 0.8
      vertex 2.968070185184479 -4.146833105385303 0.8
    endloop
  endfacet
  facet normal -0.6755902091945097 0.737277335363375 0
    outer loop
      vertex 3.505887447297573 -3.505887447297573 1.2
      vertex 3.8146194726228715 -3.2229866668581963 1.2
      vertex 3.8146194726228715 -3.2229866668581963 0.8
    endloop
  endfacet
  facet normal -0.737277335363375 0.6755902091945097 0
    outer loop
      vertex 3.505887447297573 -3.505887447297573 1.2
      vertex 3.505887447297573 -3.505887447297573 0.8
      vertex 3.2229866668581963 -3.8146194726228715 0.8
    endloop
  endfacet
  facet normal -0.6755902091945097 0.737277335363375 0
    outer loop
      vertex 3.505887447297573 -3.505887447297573 1.2
      vertex 3.8146194726228715 -3.2229866668581963 0.8
      vertex 3.505887447297573 -3.505887447297573 0.8
    endloop
  endfacet
  facet normal -0.5966516801842068 0.3801090440656327 -0.7067700383808542
    outer loop
      vertex 2.7430780589580537 -4.4999999985098835 0.8
      vertex 2.968070185184479 -4.146833105385303 0.8
      vertex 3.612387901414186 -4.604373079966754 0.010000000000000009
    endloop
  endfacet
  facet normal -0.5612525592367559 0.43066422813935423 -0.7067700385212478
    outer loop
      vertex 2.968070185184479 -4.146833105385303 0.8
      vertex 3.2229866668581963 -3.8146194726228715 0.8
      vertex 3.618386759012938 -4.5958058233931665 0.010000000000000009
    endloop
  endfacet
  facet normal -0.5215819578897171 0.4779418098741958 -0.7067700386816829
    outer loop
      vertex 3.2229866668581963 -3.8146194726228715 0.8
      vertex 3.505887447297573 -3.505887447297573 0.8
      vertex 3.8316980413720017 -4.318562536556274 0.010000000000000009
    endloop
  endfacet
  facet normal -0.5966516801842278 0.3801090440656015 -0.7067700383808532
    outer loop
      vertex 2.968070185184479 -4.146833105385303 0.8
      vertex 3.615200302992016 -4.5999584938026965 0.010000000000000009
      vertex 3.612387901414186 -4.604373079966754 0.010000000000000009
    endloop
  endfacet
  facet normal -0.561252559236718 0.43066422813941346 -0.706770038521242
    outer loop
      vertex 2.968070185184479 -4.146833105385303 0.8
      vertex 3.618386759012938 -4.5958058233931665 0.010000000000000009
      vertex 3.615200302992016 -4.5999584938026965 0.010000000000000009
    endloop
  endfacet
  facet normal -0.5612525588654169 0.4306642284401588 -0.7067700386328387
    outer loop
      vertex 3.2229866668581963 -3.8146194726228715 0.8
      vertex 3.8281617816165094 -4.322421686872841 0.010000000000000009
      vertex 3.618386759012938 -4.5958058233931665 0.010000000000000009
    endloop
  endfacet
  facet normal -0.5215819578897377 0.47794180987416884 -0.7067700386816859
    outer loop
      vertex 3.2229866668581963 -3.8146194726228715 0.8
      vertex 3.8316980413720017 -4.318562536556274 0.010000000000000009
      vertex 3.8281617816165094 -4.322421686872841 0.010000000000000009
    endloop
  endfacet
  facet normal -0.521581950375713 0.4779418149442363 -0.7067700407983326
    outer loop
      vertex 3.505887447297573 -3.505887447297573 0.8
      vertex 4.064501811061055 -4.064501811061055 0.010000000000000009
      vertex 3.8316980413720017 -4.318562536556274 0.010000000000000009
    endloop
  endfacet
  facet normal -0.923879533780965 0.38268342929981514 0
    outer loop
      vertex 2.389475418627262 -5.258303305506706 1.2
      vertex 2.549722617864609 -4.871432340145111 1.2
      vertex 2.389475418627262 -5.258303305506706 0.8
    endloop
  endfacet
  facet normal -0.923879533780965 0.38268342929981514 0
    outer loop
      vertex 2.549722617864609 -4.871432340145111 1.2
      vertex 2.549722617864609 -4.871432340145111 0.8
      vertex 2.389475418627262 -5.258303305506706 0.8
    endloop
  endfacet
  facet normal -0.9762960054146858 0.2164396216299777 0
    outer loop
      vertex 2.263556031882763 -5.657668581604957 1.2
      vertex 2.17292278110981 -6.066488741338253 0.8
      vertex 2.17292278110981 -6.066488741338253 1.2
    endloop
  endfacet
  facet normal -0.9537169515218605 0.3007057970506209 0
    outer loop
      vertex 2.389475418627262 -5.258303305506706 1.2
      vertex 2.389475418627262 -5.258303305506706 0.8
      vertex 2.263556031882763 -5.657668581604957 1.2
    endloop
  endfacet
  facet normal -0.9537169515218605 0.3007057970506209 0
    outer loop
      vertex 2.263556031882763 -5.657668581604957 1.2
      vertex 2.389475418627262 -5.258303305506706 0.8
      vertex 2.263556031882763 -5.657668581604957 0.8
    endloop
  endfacet
  facet normal -0.9762960054146858 0.2164396216299777 0
    outer loop
      vertex 2.263556031882763 -5.657668581604957 1.2
      vertex 2.263556031882763 -5.657668581604957 0.8
      vertex 2.17292278110981 -6.066488741338253 0.8
    endloop
  endfacet
  facet normal -0.8870108307047352 0.4617486179865573 0
    outer loop
      vertex 2.7430780589580537 -4.4999999985098835 1.2
      vertex 2.7430780589580537 -4.4999999985098835 0.8
      vertex 2.549722617864609 -4.871432340145111 1.2
    endloop
  endfacet
  facet normal -0.8870108307047352 0.4617486179865573 0
    outer loop
      vertex 2.549722617864609 -4.871432340145111 1.2
      vertex 2.7430780589580537 -4.4999999985098835 0.8
      vertex 2.549722617864609 -4.871432340145111 0.8
    endloop
  endfacet
  facet normal -0.9914448625732717 0.1305261831092384 0
    outer loop
      vertex 2.17292278110981 -6.066488741338253 1.2
      vertex 2.17292278110981 -6.066488741338253 0.8
      vertex 2.118265448510647 -6.481652429699897 1.2
    endloop
  endfacet
  facet normal -0.9990482216590781 0.04361938559670082 0
    outer loop
      vertex 2.118265448510647 -6.481652429699897 1.2
      vertex 2.1 -6.899999997019767 0.8
      vertex 2.1 -6.899999997019767 1.2
    endloop
  endfacet
  facet normal -0.9914448625732717 0.1305261831092384 0
    outer loop
      vertex 2.118265448510647 -6.481652429699897 1.2
      vertex 2.17292278110981 -6.066488741338253 0.8
      vertex 2.118265448510647 -6.481652429699897 0.8
    endloop
  endfacet
  facet normal -0.9990482216590781 0.04361938559670082 0
    outer loop
      vertex 2.118265448510647 -6.481652429699897 1.2
      vertex 2.118265448510647 -6.481652429699897 0.8
      vertex 2.1 -6.899999997019767 0.8
    endloop
  endfacet
  facet normal -0.6906741315946875 0.15311877430910048 -0.706770036787075
    outer loop
      vertex 2.263556031882763 -5.657668581604957 0.8
      vertex 2.9520538223534825 -6.1985605518892415 0.010000000000000009
      vertex 2.17292278110981 -6.066488741338253 0.8
    endloop
  endfacet
  facet normal -0.6535924446909778 0.2707268523150247 -0.7067700387526835
    outer loop
      vertex 2.389475418627262 -5.258303305506706 0.8
      vertex 2.549722617864609 -4.871432340145111 0.8
      vertex 3.2637026852555575 -5.210136654563248 0.010000000000000009
    endloop
  endfacet
  facet normal -0.6275099254772126 0.3266609953699675 -0.7067700386487
    outer loop
      vertex 2.7430780589580537 -4.4999999985098835 0.8
      vertex 3.2681227182596926 -5.200657863225787 0.010000000000000009
      vertex 2.549722617864609 -4.871432340145111 0.8
    endloop
  endfacet
  facet normal -0.6747007284085702 0.21273232061460656 -0.7067700381672025
    outer loop
      vertex 2.389475418627262 -5.258303305506706 0.8
      vertex 3.0282114309817554 -5.857143561597914 0.010000000000000009
      vertex 2.263556031882763 -5.657668581604957 0.8
    endloop
  endfacet
  facet normal -0.6535924452472858 0.2707268488063328 -0.7067700395822298
    outer loop
      vertex 2.389475418627262 -5.258303305506706 0.8
      vertex 3.2637026852555575 -5.210136654563248 0.010000000000000009
      vertex 3.1318325929902495 -5.528499227166176 0.010000000000000009
    endloop
  endfacet
  facet normal -0.6906741315946818 0.15311877430912393 -0.7067700367870752
    outer loop
      vertex 2.17292278110981 -6.066488741338253 0.8
      vertex 2.9520538223534825 -6.1985605518892415 0.010000000000000009
      vertex 2.9509209067188205 -6.203670803885907 0.010000000000000009
    endloop
  endfacet
  facet normal -0.7013910901820384 0.09233988225086547 -0.7067700366874279
    outer loop
      vertex 2.17292278110981 -6.066488741338253 0.8
      vertex 2.9509209067188205 -6.203670803885907 0.010000000000000009
      vertex 2.950237690061331 -6.208860349990428 0.010000000000000009
    endloop
  endfacet
  facet normal -0.6747007260035035 0.2127323246187868 -0.7067700392579134
    outer loop
      vertex 2.389475418627262 -5.258303305506706 0.8
      vertex 3.1318325929902495 -5.528499227166176 0.010000000000000009
      vertex 3.0282114309817554 -5.857143561597914 0.010000000000000009
    endloop
  endfacet
  facet normal -0.6747007284085844 0.21273232061456157 -0.7067700381672025
    outer loop
      vertex 2.263556031882763 -5.657668581604957 0.8
      vertex 3.0282114309817554 -5.857143561597914 0.010000000000000009
      vertex 3.0266374386474495 -5.862135627549142 0.010000000000000009
    endloop
  endfacet
  facet normal -0.6906741285173796 0.1531187806211251 -0.7067700384268266
    outer loop
      vertex 2.263556031882763 -5.657668581604957 0.8
      vertex 3.0266374386474495 -5.862135627549142 0.010000000000000009
      vertex 2.9520538223534825 -6.1985605518892415 0.010000000000000009
    endloop
  endfacet
  facet normal -0.7013910901820312 0.0923398822509126 -0.7067700366874287
    outer loop
      vertex 2.17292278110981 -6.066488741338253 0.8
      vertex 2.950237690061331 -6.208860349990428 0.010000000000000009
      vertex 2.118265448510647 -6.481652429699897 0.8
    endloop
  endfacet
  facet normal -0.7067700363470206 0.030858244952799884 -0.7067700364619769
    outer loop
      vertex 2.118265448510647 -6.481652429699897 0.8
      vertex 2.8902283181063835 -6.894770655371249 0.010000000000000009
      vertex 2.1 -6.899999997019767 0.8
    endloop
  endfacet
  facet normal -0.7013910898083484 0.09233987868997945 -0.7067700375235054
    outer loop
      vertex 2.118265448510647 -6.481652429699897 0.8
      vertex 2.950237690061331 -6.208860349990428 0.010000000000000009
      vertex 2.905259261336178 -6.550505472216756 0.010000000000000009
    endloop
  endfacet
  facet normal -0.706770035572294 0.030858247656254133 -0.706770037118668
    outer loop
      vertex 2.118265448510647 -6.481652429699897 0.8
      vertex 2.905259261336178 -6.550505472216756 0.010000000000000009
      vertex 2.8902283181063835 -6.894770655371249 0.010000000000000009
    endloop
  endfacet
  facet normal -0.7067700363470211 0.03085824495277565 -0.7067700364619773
    outer loop
      vertex 2.1 -6.899999997019767 0.8
      vertex 2.8902283181063835 -6.894770655371249 0.010000000000000009
      vertex 2.8900000000000006 -6.8999999999627475 0.010000000000000009
    endloop
  endfacet
  facet normal -0.6275099246930974 0.32666099627228556 -0.7067700389278404
    outer loop
      vertex 2.7430780589580537 -4.4999999985098835 0.8
      vertex 3.427238133326173 -4.894999999981374 0.010000000000000009
      vertex 3.2681227182596926 -5.200657863225787 0.010000000000000009
    endloop
  endfacet
  facet normal -0.653592444690975 0.2707268523150376 -0.7067700387526813
    outer loop
      vertex 2.549722617864609 -4.871432340145111 0.8
      vertex 3.2657057752460243 -5.205300767496229 0.010000000000000009
      vertex 3.2637026852555575 -5.210136654563248 0.010000000000000009
    endloop
  endfacet
  facet normal -0.6275099254772275 0.3266609953699313 -0.7067700386487036
    outer loop
      vertex 2.549722617864609 -4.871432340145111 0.8
      vertex 3.2681227182596926 -5.200657863225787 0.010000000000000009
      vertex 3.2657057752460243 -5.205300767496229 0.010000000000000009
    endloop
  endfacet
  facet normal -0.5966516807004347 0.3801090425671905 -0.7067700387509365
    outer loop
      vertex 2.7430780589580537 -4.4999999985098835 0.8
      vertex 3.612387901414186 -4.604373079966754 0.010000000000000009
      vertex 3.427238133326173 -4.894999999981374 0.010000000000000009
    endloop
  endfacet
  facet normal -0.5372996109202608 0.8433914441734255 0
    outer loop
      vertex 4.4999999985098835 -2.7430780589580537 1.2
      vertex 4.4999999985098835 -2.7430780589580537 0.8
      vertex 4.146833105385303 -2.968070185184479 1.2
    endloop
  endfacet
  facet normal -0.4617486179865573 0.8870108307047352 0
    outer loop
      vertex 4.4999999985098835 -2.7430780589580537 1.2
      vertex 4.871432340145111 -2.549722617864609 1.2
      vertex 4.4999999985098835 -2.7430780589580537 0.8
    endloop
  endfacet
  facet normal -0.5372996109202608 0.8433914441734255 0
    outer loop
      vertex 4.146833105385303 -2.968070185184479 1.2
      vertex 4.4999999985098835 -2.7430780589580537 0.8
      vertex 4.146833105385303 -2.968070185184479 0.8
    endloop
  endfacet
  facet normal -0.6087614222156528 0.7933533455037395 0
    outer loop
      vertex 3.8146194726228715 -3.2229866668581963 1.2
      vertex 4.146833105385303 -2.968070185184479 1.2
      vertex 3.8146194726228715 -3.2229866668581963 0.8
    endloop
  endfacet
  facet normal -0.6087614222156528 0.7933533455037395 0
    outer loop
      vertex 4.146833105385303 -2.968070185184479 1.2
      vertex 4.146833105385303 -2.968070185184479 0.8
      vertex 3.8146194726228715 -3.2229866668581963 0.8
    endloop
  endfacet
  facet normal -0.4617486179865573 0.8870108307047352 0
    outer loop
      vertex 4.871432340145111 -2.549722617864609 1.2
      vertex 4.871432340145111 -2.549722617864609 0.8
      vertex 4.4999999985098835 -2.7430780589580537 0.8
    endloop
  endfacet
  facet normal -0.38268342929981514 0.923879533780965 0
    outer loop
      vertex 4.871432340145111 -2.549722617864609 1.2
      vertex 5.258303305506706 -2.389475418627262 0.8
      vertex 4.871432340145111 -2.549722617864609 0.8
    endloop
  endfacet
  facet normal -0.38268342929981514 0.923879533780965 0
    outer loop
      vertex 4.871432340145111 -2.549722617864609 1.2
      vertex 5.258303305506706 -2.389475418627262 1.2
      vertex 5.258303305506706 -2.389475418627262 0.8
    endloop
  endfacet
  facet normal -0.3007057970506209 0.9537169515218605 0
    outer loop
      vertex 5.258303305506706 -2.389475418627262 1.2
      vertex 5.657668581604957 -2.263556031882763 1.2
      vertex 5.258303305506706 -2.389475418627262 0.8
    endloop
  endfacet
  facet normal -0.3007057970506209 0.9537169515218605 0
    outer loop
      vertex 5.258303305506706 -2.389475418627262 0.8
      vertex 5.657668581604957 -2.263556031882763 1.2
      vertex 5.657668581604957 -2.263556031882763 0.8
    endloop
  endfacet
  facet normal -0.4779418098741958 0.5215819578897171 -0.7067700386816829
    outer loop
      vertex 3.505887447297573 -3.505887447297573 0.8
      vertex 3.8146194726228715 -3.2229866668581963 0.8
      vertex 4.318562536556274 -3.8316980413720017 0.010000000000000009
    endloop
  endfacet
  facet normal -0.4306642281393543 0.5612525592367559 -0.7067700385212478
    outer loop
      vertex 3.8146194726228715 -3.2229866668581963 0.8
      vertex 4.146833105385303 -2.968070185184479 0.8
      vertex 4.5958058233931665 -3.618386759012938 0.010000000000000009
    endloop
  endfacet
  facet normal -0.3801090440656327 0.5966516801842068 -0.7067700383808542
    outer loop
      vertex 4.4999999985098835 -2.7430780589580537 0.8
      vertex 4.604373079966754 -3.612387901414186 0.010000000000000009
      vertex 4.146833105385303 -2.968070185184479 0.8
    endloop
  endfacet
  facet normal -0.47794180987416884 0.5215819578897377 -0.7067700386816859
    outer loop
      vertex 3.8146194726228715 -3.2229866668581963 0.8
      vertex 4.322421686872841 -3.8281617816165094 0.010000000000000009
      vertex 4.318562536556274 -3.8316980413720017 0.010000000000000009
    endloop
  endfacet
  facet normal -0.4306642284401588 0.5612525588654169 -0.7067700386328387
    outer loop
      vertex 3.8146194726228715 -3.2229866668581963 0.8
      vertex 4.5958058233931665 -3.618386759012938 0.010000000000000009
      vertex 4.322421686872841 -3.8281617816165094 0.010000000000000009
    endloop
  endfacet
  facet normal -0.4779418149442363 0.521581950375713 -0.7067700407983326
    outer loop
      vertex 3.505887447297573 -3.505887447297573 0.8
      vertex 4.318562536556274 -3.8316980413720017 0.010000000000000009
      vertex 4.064501811061055 -4.064501811061055 0.010000000000000009
    endloop
  endfacet
  facet normal -0.43066422813937316 0.5612525592367438 -0.7067700385212459
    outer loop
      vertex 4.146833105385303 -2.968070185184479 0.8
      vertex 4.5999584938026965 -3.6152003029920166 0.010000000000000009
      vertex 4.5958058233931665 -3.618386759012938 0.010000000000000009
    endloop
  endfacet
  facet normal -0.38010904406564083 0.5966516801842001 -0.7067700383808552
    outer loop
      vertex 4.146833105385303 -2.968070185184479 0.8
      vertex 4.604373079966754 -3.612387901414186 0.010000000000000009
      vertex 4.5999584938026965 -3.6152003029920166 0.010000000000000009
    endloop
  endfacet
  facet normal -0.3801090425671905 0.5966516807004347 -0.7067700387509365
    outer loop
      vertex 4.4999999985098835 -2.7430780589580537 0.8
      vertex 4.894999999981374 -3.427238133326173 0.010000000000000009
      vertex 4.604373079966754 -3.612387901414186 0.010000000000000009
    endloop
  endfacet
  facet normal -0.3266609953699674 0.6275099254772125 -0.7067700386487002
    outer loop
      vertex 4.4999999985098835 -2.7430780589580537 0.8
      vertex 4.871432340145111 -2.549722617864609 0.8
      vertex 5.200657863225788 -3.2681227182596926 0.010000000000000009
    endloop
  endfacet
  facet normal -0.2707268523150247 0.6535924446909778 -0.7067700387526835
    outer loop
      vertex 4.871432340145111 -2.549722617864609 0.8
      vertex 5.258303305506706 -2.389475418627262 0.8
      vertex 5.210136654563248 -3.2637026852555575 0.010000000000000009
    endloop
  endfacet
  facet normal -0.2707268488063321 0.6535924452472859 -0.70677003958223
    outer loop
      vertex 5.258303305506706 -2.389475418627262 0.8
      vertex 5.528499227166177 -3.1318325929902495 0.010000000000000009
      vertex 5.210136654563248 -3.2637026852555575 0.010000000000000009
    endloop
  endfacet
  facet normal -0.2127323246187864 0.6747007260035035 -0.7067700392579135
    outer loop
      vertex 5.258303305506706 -2.389475418627262 0.8
      vertex 5.857143561597914 -3.028211430981756 0.010000000000000009
      vertex 5.528499227166177 -3.1318325929902495 0.010000000000000009
    endloop
  endfacet
  facet normal -0.3266609962722848 0.6275099246930979 -0.7067700389278402
    outer loop
      vertex 4.4999999985098835 -2.7430780589580537 0.8
      vertex 5.200657863225788 -3.2681227182596926 0.010000000000000009
      vertex 4.894999999981374 -3.427238133326173 0.010000000000000009
    endloop
  endfacet
  facet normal -0.32666099536998117 0.6275099254772033 -0.7067700386487024
    outer loop
      vertex 4.871432340145111 -2.549722617864609 0.8
      vertex 5.205300767496229 -3.2657057752460243 0.010000000000000009
      vertex 5.200657863225788 -3.2681227182596926 0.010000000000000009
    endloop
  endfacet
  facet normal -0.2707268523150376 0.653592444690975 -0.7067700387526813
    outer loop
      vertex 4.871432340145111 -2.549722617864609 0.8
      vertex 5.210136654563248 -3.2637026852555575 0.010000000000000009
      vertex 5.205300767496229 -3.2657057752460243 0.010000000000000009
    endloop
  endfacet
  facet normal -0.212732324618787 0.6747007260035032 0.7067700392579135
    outer loop
      vertex 5.5319194287061695 -3.141229519248009 2
      vertex 5.864723818004132 -3.0362966969609264 2
      vertex 5.258303305506706 -2.389475418627262 1.2
    endloop
  endfacet
  facet normal -0.1531187806211248 0.6906741285173799 0.7067700384268265
    outer loop
      vertex 5.864723818004132 -3.0362966969609264 2
      vertex 6.205407285690308 -2.9607689842581753 2
      vertex 5.657668581604957 -2.263556031882763 1.2
    endloop
  endfacet
  facet normal 0 0 1
    outer loop
      vertex 5.209526950120926 -3.2747688531875614 2
      vertex 6.9 -2.9000000000000004 2
      vertex 5.864723818004132 -3.0362966969609264 2
    endloop
  endfacet
  facet normal 0 0 1
    outer loop
      vertex 5.864723818004132 -3.0362966969609264 2
      vertex 6.551377029716969 -2.9152212083339695 2
      vertex 6.205407285690308 -2.9607689842581753 2
    endloop
  endfacet
  facet normal -0.09233987868997955 0.7013910898083483 0.7067700375235053
    outer loop
      vertex 6.205407285690308 -2.9607689842581753 2
      vertex 6.551377029716969 -2.9152212083339695 2
      vertex 6.481652429699897 -2.118265448510647 1.2
    endloop
  endfacet
  facet normal -0.030858247656253973 0.7067700355722942 0.706770037118668
    outer loop
      vertex 6.551377029716969 -2.9152212083339695 2
      vertex 6.9 -2.9000000000000004 2
      vertex 6.481652429699897 -2.118265448510647 1.2
    endloop
  endfacet
  facet normal 0 0 1
    outer loop
      vertex 5.864723818004132 -3.0362966969609264 2
      vertex 6.9 -2.9000000000000004 2
      vertex 6.551377029716969 -2.9152212083339695 2
    endloop
  endfacet
  facet normal -0.21273232061460656 0.6747007284085701 0.7067700381672026
    outer loop
      vertex 5.258303305506706 -2.389475418627262 1.2
      vertex 5.864723818004132 -3.0362966969609264 2
      vertex 5.657668581604957 -2.263556031882763 1.2
    endloop
  endfacet
  facet normal -0.15311877430910054 0.6906741315946874 0.706770036787075
    outer loop
      vertex 6.205407285690308 -2.9607689842581753 2
      vertex 6.066488741338253 -2.17292278110981 1.2
      vertex 5.657668581604957 -2.263556031882763 1.2
    endloop
  endfacet
  facet normal -0.09233988225091264 0.7013910901820313 0.7067700366874288
    outer loop
      vertex 6.205407285690308 -2.9607689842581753 2
      vertex 6.481652429699897 -2.118265448510647 1.2
      vertex 6.066488741338253 -2.17292278110981 1.2
    endloop
  endfacet
  facet normal -0.030858244952799818 0.7067700363470206 0.7067700364619769
    outer loop
      vertex 6.9 -2.9000000000000004 2
      vertex 6.899999997019767 -2.1 1.2
      vertex 6.481652429699897 -2.118265448510647 1.2
    endloop
  endfacet
  facet normal -0.2164396216299777 0.9762960054146858 0
    outer loop
      vertex 5.657668581604957 -2.263556031882763 1.2
      vertex 6.066488741338253 -2.17292278110981 1.2
      vertex 6.066488741338253 -2.17292278110981 0.8
    endloop
  endfacet
  facet normal -0.2164396216299777 0.9762960054146858 0
    outer loop
      vertex 5.657668581604957 -2.263556031882763 1.2
      vertex 6.066488741338253 -2.17292278110981 0.8
      vertex 5.657668581604957 -2.263556031882763 0.8
    endloop
  endfacet
  facet normal -0.1305261831092384 0.9914448625732717 0
    outer loop
      vertex 6.066488741338253 -2.17292278110981 1.2
      vertex 6.481652429699897 -2.118265448510647 1.2
      vertex 6.066488741338253 -2.17292278110981 0.8
    endloop
  endfacet
  facet normal -0.1305261831092384 0.9914448625732717 0
    outer loop
      vertex 6.481652429699897 -2.118265448510647 1.2
      vertex 6.481652429699897 -2.118265448510647 0.8
      vertex 6.066488741338253 -2.17292278110981 0.8
    endloop
  endfacet
  facet normal -0.04361938559670082 0.9990482216590781 0
    outer loop
      vertex 6.481652429699897 -2.118265448510647 1.2
      vertex 6.899999997019767 -2.1 1.2
      vertex 6.899999997019767 -2.1 0.8
    endloop
  endfacet
  facet normal -0.04361938559670082 0.9990482216590781 0
    outer loop
      vertex 6.481652429699897 -2.118265448510647 1.2
      vertex 6.899999997019767 -2.1 0.8
      vertex 6.481652429699897 -2.118265448510647 0.8
    endloop
  endfacet
  facet normal -0.2127323206146065 0.67470072840857 -0.7067700381672027
    outer loop
      vertex 5.258303305506706 -2.389475418627262 0.8
      vertex 5.657668581604957 -2.263556031882763 0.8
      vertex 5.857143561597914 -3.028211430981756 0.010000000000000009
    endloop
  endfacet
  facet normal -0.15311877430910048 0.6906741315946875 -0.706770036787075
    outer loop
      vertex 5.657668581604957 -2.263556031882763 0.8
      vertex 6.066488741338253 -2.17292278110981 0.8
      vertex 6.1985605518892415 -2.9520538223534825 0.010000000000000009
    endloop
  endfacet
  facet normal -0.0923398822509126 0.7013910901820312 -0.7067700366874287
    outer loop
      vertex 6.066488741338253 -2.17292278110981 0.8
      vertex 6.481652429699897 -2.118265448510647 0.8
      vertex 6.208860349990428 -2.950237690061331 0.010000000000000009
    endloop
  endfacet
  facet normal -0.2127323206146136 0.6747007284085688 -0.7067700381672017
    outer loop
      vertex 5.657668581604957 -2.263556031882763 0.8
      vertex 5.862135627549142 -3.0266374386474495 0.010000000000000009
      vertex 5.857143561597914 -3.028211430981756 0.010000000000000009
    endloop
  endfacet
  facet normal -0.1531187806211251 0.6906741285173796 -0.7067700384268266
    outer loop
      vertex 5.657668581604957 -2.263556031882763 0.8
      vertex 6.1985605518892415 -2.9520538223534825 0.010000000000000009
      vertex 5.862135627549142 -3.0266374386474495 0.010000000000000009
    endloop
  endfacet
  facet normal -0.15311877430912393 0.6906741315946818 -0.7067700367870752
    outer loop
      vertex 6.066488741338253 -2.17292278110981 0.8
      vertex 6.203670803885907 -2.9509209067188205 0.010000000000000009
      vertex 6.1985605518892415 -2.9520538223534825 0.010000000000000009
    endloop
  endfacet
  facet normal -0.09233988225086547 0.7013910901820384 -0.7067700366874279
    outer loop
      vertex 6.066488741338253 -2.17292278110981 0.8
      vertex 6.208860349990428 -2.950237690061331 0.010000000000000009
      vertex 6.203670803885907 -2.9509209067188205 0.010000000000000009
    endloop
  endfacet
  facet normal -0.030858244952799884 0.7067700363470206 -0.7067700364619769
    outer loop
      vertex 6.481652429699897 -2.118265448510647 0.8
      vertex 6.899999997019767 -2.1 0.8
      vertex 6.894770655371249 -2.8902283181063835 0.010000000000000009
    endloop
  endfacet
  facet normal -0.09233987868997945 0.7013910898083484 -0.7067700375235054
    outer loop
      vertex 6.481652429699897 -2.118265448510647 0.8
      vertex 6.550505472216756 -2.905259261336178 0.010000000000000009
      vertex 6.208860349990428 -2.950237690061331 0.010000000000000009
    endloop
  endfacet
  facet normal -0.030858247656254133 0.706770035572294 -0.706770037118668
    outer loop
      vertex 6.481652429699897 -2.118265448510647 0.8
      vertex 6.894770655371249 -2.8902283181063835 0.010000000000000009
      vertex 6.550505472216756 -2.905259261336178 0.010000000000000009
    endloop
  endfacet
  facet normal -0.03085824495277565 0.7067700363470211 -0.7067700364619773
    outer loop
      vertex 6.899999997019767 -2.1 0.8
      vertex 6.8999999999627475 -2.8900000000000006 0.010000000000000009
      vertex 6.894770655371249 -2.8902283181063835 0.010000000000000009
    endloop
  endfacet
  facet normal 0 0 -1
    outer loop
      vertex 4.228016167879105 -4.328016167879104 0
      vertex 4.343717150390148 -4.221995754539966 0
      vertex 5.187631763517857 -3.8284719049930573 0
    endloop
  endfacet
  facet normal 0 0 -1
    outer loop
      vertex 4.468218095600605 -4.126462823152542 0
      vertex 5.0344216376543045 -3.8624377682805062 0
      vertex 4.343717150390148 -4.221995754539966 0
    endloop
  endfacet
  facet normal 0 0 -1
    outer loop
      vertex 4.468218095600605 -4.126462823152542 0
      vertex 4.600571624934673 -4.042144319415092 0
      vertex 4.88475476205349 -3.9096275478601457 0
    endloop
  endfacet
  facet normal 0 0 -1
    outer loop
      vertex 4.121995754539967 -4.443717150390148 0
      vertex 4.228016167879105 -4.328016167879104 0
      vertex 5.343219310045242 -3.8079884111881257 0
    endloop
  endfacet
  facet normal 0 0 -1
    outer loop
      vertex 4.121995754539967 -4.443717150390148 0
      vertex 5.526184029877186 -3.8000000029802323 0
      vertex 4.026462823152542 -4.568218095600605 0
    endloop
  endfacet
  facet normal 0 0 -1
    outer loop
      vertex 4.600571624934673 -4.042144319415092 0
      vertex 4.739770241081715 -3.969682103395462 0
      vertex 4.88475476205349 -3.9096275478601457 0
    endloop
  endfacet
  facet normal 0 0 -1
    outer loop
      vertex 4.468218095600605 -4.126462823152542 0
      vertex 4.88475476205349 -3.9096275478601457 0
      vertex 5.0344216376543045 -3.8624377682805062 0
    endloop
  endfacet
  facet normal 0 0 -1
    outer loop
      vertex 4.343717150390148 -4.221995754539966 0
      vertex 5.0344216376543045 -3.8624377682805062 0
      vertex 5.187631763517857 -3.8284719049930573 0
    endloop
  endfacet
  facet normal 0 0 -1
    outer loop
      vertex 4.228016167879105 -4.328016167879104 0
      vertex 5.187631763517857 -3.8284719049930573 0
      vertex 5.343219310045242 -3.8079884111881257 0
    endloop
  endfacet
  facet normal 0 0 -1
    outer loop
      vertex 4.121995754539967 -4.443717150390148 0
      vertex 5.343219310045242 -3.8079884111881257 0
      vertex 5.526184029877186 -3.8000000029802323 0
    endloop
  endfacet
  facet normal 0 0 1
    outer loop
      vertex 2.9000000000000004 -6.9 2
      vertex 2.9000000000000004 -100.00000000149011 2
      vertex 4.071572878956795 -4.071572878956795 2
    endloop
  endfacet
  facet normal -0.7071067811865474 0 0.7071067811865477
    outer loop
      vertex 2.9000000000000004 -6.9 2
      vertex 2.1 -6.899999997019767 1.2
      vertex 2.9000000000000004 -100.00000000149011 2
    endloop
  endfacet
  facet normal -1 0 0
    outer loop
      vertex 2.1 -6.899999997019767 1.2
      vertex 2.1 -6.899999997019767 0.8
      vertex 2.1 -100.00000000596046 0.8
    endloop
  endfacet
  facet normal -0.7071067811865474 2.4250840025485525e-19 -0.7071067811865477
    outer loop
      vertex 2.1 -6.899999997019767 0.8
      vertex 2.8900000000000006 -6.8999999999627475 0.010000000000000009
      vertex 2.8900000000000006 -100.00000000154598 0.010000000000000009
    endloop
  endfacet
  facet normal 0 0 1
    outer loop
      vertex 4.071572878956795 -4.071572878956795 2
      vertex 2.9000000000000004 -100.00000000149011 2
      vertex 10.2 -10.9 2
    endloop
  endfacet
  facet normal 0 0 -1
    outer loop
      vertex 3.7000000029802322 -5.6261840298771855 0
      vertex 10.6 -46.45 0
      vertex 8.6 -46.45 0
    endloop
  endfacet
  facet normal 0 0 -1
    outer loop
      vertex 3.7000000029802322 -5.6261840298771855 0
      vertex 8.6 -46.45 0
      vertex 8.6 -60.45 0
    endloop
  endfacet
  facet normal 0 0 1
    outer loop
      vertex 10.2 -10.9 2
      vertex 2.9000000000000004 -100.00000000149011 2
      vertex 10.2 -19.1 2
    endloop
  endfacet
  facet normal 0 0 1
    outer loop
      vertex 10.2 -19.1 2
      vertex 2.9000000000000004 -100.00000000149011 2
      vertex 15.2 -19.1 2
    endloop
  endfacet
  facet normal 0 0 1
    outer loop
      vertex 4.071572878956795 -4.071572878956795 2
      vertex 52.500000001490115 -2.9000000000000004 2
      vertex 6.9 -2.9000000000000004 2
    endloop
  endfacet
  facet normal 0 0.7071067811865475 0.7071067811865476
    outer loop
      vertex 6.9 -2.9000000000000004 2
      vertex 52.500000001490115 -2.9000000000000004 2
      vertex 6.899999997019767 -2.1 1.2
    endloop
  endfacet
  facet normal 0 0 1
    outer loop
      vertex 4.071572878956795 -4.071572878956795 2
      vertex 10.2 -10.9 2
      vertex 52.500000001490115 -2.9000000000000004 2
    endloop
  endfacet
  facet normal 0 1 0
    outer loop
      vertex 6.899999997019767 -2.1 1.2
      vertex 52.500000005960466 -2.1 0.8
      vertex 6.899999997019767 -2.1 0.8
    endloop
  endfacet
  facet normal 0 0.7071067811865472 -0.7071067811865477
    outer loop
      vertex 6.899999997019767 -2.1 0.8
      vertex 52.500000005960466 -2.1 0.8
      vertex 6.8999999999627475 -2.8900000000000006 0.010000000000000009
    endloop
  endfacet
  facet normal 0 0 -1
    outer loop
      vertex 3.7000000029802322 -5.6261840298771855 0
      vertex 22.7 -16.599999999999998 0
      vertex 22.7 -18.599999999999998 0
    endloop
  endfacet
  facet normal 0 0 -1
    outer loop
      vertex 3.8096275478601456 -4.984754762053489 0
      vertex 3.869682103395462 -4.839770241081714 0
      vertex 53.8738159686327 -3.8000000029802323 0
    endloop
  endfacet
  facet normal 0 0 -1
    outer loop
      vertex 3.869682103395462 -4.839770241081714 0
      vertex 3.9421443194150925 -4.700571624934673 0
      vertex 53.8738159686327 -3.8000000029802323 0
    endloop
  endfacet
  facet normal 0 0 -1
    outer loop
      vertex 3.9421443194150925 -4.700571624934673 0
      vertex 4.026462823152542 -4.568218095600605 0
      vertex 53.8738159686327 -3.8000000029802323 0
    endloop
  endfacet
  facet normal 0 0 -1
    outer loop
      vertex 3.7079884111881256 -5.443219310045242 0
      vertex 53.8738159686327 -3.8000000029802323 0
      vertex 3.7000000029802322 -5.6261840298771855 0
    endloop
  endfacet
  facet normal 0 0 -1
    outer loop
      vertex 3.762437768280506 -5.134421637654304 0
      vertex 3.8096275478601456 -4.984754762053489 0
      vertex 53.8738159686327 -3.8000000029802323 0
    endloop
  endfacet
  facet normal 0 0 -1
    outer loop
      vertex 3.762437768280506 -5.134421637654304 0
      vertex 53.8738159686327 -3.8000000029802323 0
      vertex 3.7284719049930573 -5.287631763517856 0
    endloop
  endfacet
  facet normal 0 0 -1
    outer loop
      vertex 3.7284719049930573 -5.287631763517856 0
      vertex 53.8738159686327 -3.8000000029802323 0
      vertex 3.7079884111881256 -5.443219310045242 0
    endloop
  endfacet
  facet normal 0 0 -1
    outer loop
      vertex 5.526184029877186 -3.8000000029802323 0
      vertex 53.8738159686327 -3.8000000029802323 0
      vertex 4.026462823152542 -4.568218095600605 0
    endloop
  endfacet
  facet normal 0 0 -1
    outer loop
      vertex 3.7000000029802322 -5.6261840298771855 0
      vertex 36.7 -16.599999999999998 0
      vertex 22.7 -16.599999999999998 0
    endloop
  endfacet
  facet normal 0 0 1
    outer loop
      vertex 10.2 -10.9 2
      vertex 15.2 -10.9 2
      vertex 52.500000001490115 -2.9000000000000004 2
    endloop
  endfacet
  facet normal 0 0 1
    outer loop
      vertex 15.2 -10.9 2
      vertex 15.2 -19.1 2
      vertex 44.2 -10.9 2
    endloop
  endfacet
  facet normal 0 0 1
    outer loop
      vertex 15.2 -19.1 2
      vertex 2.9000000000000004 -100.00000000149011 2
      vertex 44.2 -19.1 2
    endloop
  endfacet
  facet normal 0 0 -1
    outer loop
      vertex 3.7000000029802322 -5.6261840298771855 0
      vertex 22.7 -18.599999999999998 0
      vertex 48.800000000000004 -60.45 0
    endloop
  endfacet
  facet normal 0 0 -1
    outer loop
      vertex 3.7000000029802322 -5.6261840298771855 0
      vertex 54.21236822754145 -103.07152809053659 0
      vertex 10.6 -46.45 0
    endloop
  endfacet
  facet normal 0 0 -1
    outer loop
      vertex 3.7000000029802322 -5.6261840298771855 0
      vertex 8.6 -60.45 0
      vertex 3.7000000029802322 -101.27381596565246 0
    endloop
  endfacet
  facet normal -0.7071067811865474 0 0.7071067811865477
    outer loop
      vertex 2.1 -6.899999997019767 1.2
      vertex 2.1 -100.00000000596046 1.2
      vertex 2.9000000000000004 -100.00000000149011 2
    endloop
  endfacet
  facet normal -1 0 0
    outer loop
      vertex 2.1 -6.899999997019767 1.2
      vertex 2.1 -100.00000000596046 0.8
      vertex 2.1 -100.00000000596046 1.2
    endloop
  endfacet
  facet normal -0.7071067811865474 0 -0.7071067811865478
    outer loop
      vertex 2.1 -6.899999997019767 0.8
      vertex 2.8900000000000006 -100.00000000154598 0.010000000000000009
      vertex 2.1 -100.00000000596046 0.8
    endloop
  endfacet
  facet normal 0 0 -1
    outer loop
      vertex 8.6 -60.45 0
      vertex 10.6 -60.45 0
      vertex 3.7000000029802322 -101.27381596565246 0
    endloop
  endfacet
  facet normal 0 0 1
    outer loop
      vertex 2.9000000000000004 -100.00000000149011 2
      vertex 2.9152212083339695 -100.34862297177314 2
      vertex 2.9607689842581753 -100.6945927157998 2
    endloop
  endfacet
  facet normal -0.7067700355435824 -0.030858247655000393 0.7067700371474344
    outer loop
      vertex 2.9000000000000004 -100.00000000149011 2
      vertex 2.118265448510647 -100.41834757328033 1.2
      vertex 2.9152212083339695 -100.34862297177314 2
    endloop
  endfacet
  facet normal -0.7013910897230858 -0.09233987867875453 0.7067700376095857
    outer loop
      vertex 2.9152212083339695 -100.34862297177314 2
      vertex 2.118265448510647 -100.41834757328033 1.2
      vertex 2.9607689842581753 -100.6945927157998 2
    endloop
  endfacet
  facet normal -0.6906741283781569 -0.15311878059025982 0.7067700385695654
    outer loop
      vertex 2.9607689842581753 -100.6945927157998 2
      vertex 2.263556031882763 -101.24233142137527 1.2
      vertex 3.0362966969609264 -101.03527618348598 2
    endloop
  endfacet
  facet normal -0.6747007258145504 -0.21273232455921043 0.706770039456225
    outer loop
      vertex 3.0362966969609264 -101.03527618348598 2
      vertex 2.389475418627262 -101.64169669747352 1.2
      vertex 3.141229519248009 -101.36808057278394 2
    endloop
  endfacet
  facet normal -0.6535924450143441 -0.27072684870984465 0.7067700398346044
    outer loop
      vertex 3.141229519248009 -101.36808057278394 2
      vertex 2.389475418627262 -101.64169669747352 1.2
      vertex 3.2747688531875614 -101.69047305136918 2
    endloop
  endfacet
  facet normal 0 0 1
    outer loop
      vertex 2.9000000000000004 -100.00000000149011 2
      vertex 2.9607689842581753 -100.6945927157998 2
      vertex 3.2747688531875614 -101.69047305136918 2
    endloop
  endfacet
  facet normal 0 0 1
    outer loop
      vertex 2.9607689842581753 -100.6945927157998 2
      vertex 3.0362966969609264 -101.03527618348598 2
      vertex 3.141229519248009 -101.36808057278394 2
    endloop
  endfacet
  facet normal 0 0 1
    outer loop
      vertex 2.9607689842581753 -100.6945927157998 2
      vertex 3.141229519248009 -101.36808057278394 2
      vertex 3.2747688531875614 -101.69047305136918 2
    endloop
  endfacet
  facet normal 0 0 1
    outer loop
      vertex 3.2747688531875614 -101.69047305136918 2
      vertex 3.4358983874320987 -102.00000000149011 2
      vertex 3.835822226107121 -102.57115043848752 2
    endloop
  endfacet
  facet normal 0 0 1
    outer loop
      vertex 3.4358983874320987 -102.00000000149011 2
      vertex 3.623391823470593 -102.29430574327706 2
      vertex 3.835822226107121 -102.57115043848752 2
    endloop
  endfacet
  facet normal -0.627509924423245 -0.32666099613180866 0.7067700392323573
    outer loop
      vertex 3.2747688531875614 -101.69047305136918 2
      vertex 2.7430780589580537 -102.40000000447034 1.2
      vertex 3.4358983874320987 -102.00000000149011 2
    endloop
  endfacet
  facet normal -0.5966516804018703 -0.3801090423769841 0.7067700391052782
    outer loop
      vertex 3.4358983874320987 -102.00000000149011 2
      vertex 2.7430780589580537 -102.40000000447034 1.2
      vertex 3.623391823470593 -102.29430574327706 2
    endloop
  endfacet
  facet normal -0.706770036318309 -0.030858244951546276 0.7067700364907432
    outer loop
      vertex 2.9000000000000004 -100.00000000149011 2
      vertex 2.1 -100.00000000596046 1.2
      vertex 2.118265448510647 -100.41834757328033 1.2
    endloop
  endfacet
  facet normal -0.7013910900967687 -0.09233988223968764 0.7067700367735089
    outer loop
      vertex 2.9607689842581753 -100.6945927157998 2
      vertex 2.118265448510647 -100.41834757328033 1.2
      vertex 2.17292278110981 -100.83351126164197 1.2
    endloop
  endfacet
  facet normal -0.6906741314554645 -0.15311877427823548 0.7067700369298139
    outer loop
      vertex 2.9607689842581753 -100.6945927157998 2
      vertex 2.17292278110981 -100.83351126164197 1.2
      vertex 2.263556031882763 -101.24233142137527 1.2
    endloop
  endfacet
  facet normal -0.6747007282196171 -0.21273232055502994 0.706770038365514
    outer loop
      vertex 3.0362966969609264 -101.03527618348598 2
      vertex 2.263556031882763 -101.24233142137527 1.2
      vertex 2.389475418627262 -101.64169669747352 1.2
    endloop
  endfacet
  facet normal -0.6535924444580361 -0.270726852218537 0.7067700390050582
    outer loop
      vertex 3.2747688531875614 -101.69047305136918 2
      vertex 2.389475418627262 -101.64169669747352 1.2
      vertex 2.549722617864609 -102.02856766283512 1.2
    endloop
  endfacet
  facet normal -0.6275099252073597 -0.326660995229491 0.7067700389532172
    outer loop
      vertex 3.2747688531875614 -101.69047305136918 2
      vertex 2.549722617864609 -102.02856766283512 1.2
      vertex 2.7430780589580537 -102.40000000447034 1.2
    endloop
  endfacet
  facet normal -0.561252558547213 -0.4306642281959917 0.7067700390343087
    outer loop
      vertex 3.623391823470593 -102.29430574327706 2
      vertex 3.2229866668581963 -103.08538053035736 1.2
      vertex 3.835822226107121 -102.57115043848752 2
    endloop
  endfacet
  facet normal -0.5215819500475367 -0.47794181464351887 0.7067700412438753
    outer loop
      vertex 3.505887447297573 -103.39411255568265 1.2
      vertex 4.071572878956795 -102.82842712253331 2
      vertex 3.835822226107121 -102.57115043848752 2
    endloop
  endfacet
  facet normal -0.5966516798856423 -0.3801090438754261 0.7067700387351961
    outer loop
      vertex 3.623391823470593 -102.29430574327706 2
      vertex 2.7430780589580537 -102.40000000447034 1.2
      vertex 2.968070185184479 -102.75316689759492 1.2
    endloop
  endfacet
  facet normal -0.561252558918552 -0.4306642278951872 0.7067700389227175
    outer loop
      vertex 3.623391823470593 -102.29430574327706 2
      vertex 2.968070185184479 -102.75316689759492 1.2
      vertex 3.2229866668581963 -103.08538053035736 1.2
    endloop
  endfacet
  facet normal -0.5215819575615414 -0.47794180957347815 0.7067700391272254
    outer loop
      vertex 3.2229866668581963 -103.08538053035736 1.2
      vertex 3.505887447297573 -103.39411255568265 1.2
      vertex 3.835822226107121 -102.57115043848752 2
    endloop
  endfacet
  facet normal 0 0 1
    outer loop
      vertex 3.2747688531875614 -101.69047305136918 2
      vertex 3.835822226107121 -102.57115043848752 2
      vertex 4.9 -103.46410161405801 2
    endloop
  endfacet
  facet normal 0 0 1
    outer loop
      vertex 3.835822226107121 -102.57115043848752 2
      vertex 4.071572878956795 -102.82842712253331 2
      vertex 4.9 -103.46410161405801 2
    endloop
  endfacet
  facet normal 0 0 1
    outer loop
      vertex 4.071572878956795 -102.82842712253331 2
      vertex 4.328849563002587 -103.06417777538299 2
      vertex 4.9 -103.46410161405801 2
    endloop
  endfacet
  facet normal 0 0 1
    outer loop
      vertex 4.328849563002587 -103.06417777538299 2
      vertex 4.605694258213044 -103.27660817801952 2
      vertex 4.9 -103.46410161405801 2
    endloop
  endfacet
  facet normal -0.47794181461606083 -0.5215819500175713 0.7067700412845571
    outer loop
      vertex 3.505887447297573 -103.39411255568265 1.2
      vertex 4.328849563002587 -103.06417777538299 2
      vertex 4.071572878956795 -102.82842712253331 2
    endloop
  endfacet
  facet normal -0.4306642281219541 -0.5612525584507253 0.7067700391560444
    outer loop
      vertex 3.8146194726228715 -103.67701333612203 1.2
      vertex 4.605694258213044 -103.27660817801952 2
      vertex 4.328849563002587 -103.06417777538299 2
    endloop
  endfacet
  facet normal -0.3801090422686261 -0.5966516802317822 0.7067700393071418
    outer loop
      vertex 4.605694258213044 -103.27660817801952 2
      vertex 4.4999999985098835 -104.15692194402217 1.2
      vertex 4.9 -103.46410161405801 2
    endloop
  endfacet
  facet normal 0 0 1
    outer loop
      vertex 3.2747688531875614 -101.69047305136918 2
      vertex 4.9 -103.46410161405801 2
      vertex 6.9 -104.00000000149011 2
    endloop
  endfacet
  facet normal 0 0 1
    outer loop
      vertex 4.9 -103.46410161405801 2
      vertex 5.209526950120926 -103.62523114830255 2
      vertex 5.864723818004132 -103.86370330452918 2
    endloop
  endfacet
  facet normal 0 0 1
    outer loop
      vertex 5.209526950120926 -103.62523114830255 2
      vertex 5.5319194287061695 -103.7587704822421 2
      vertex 5.864723818004132 -103.86370330452918 2
    endloop
  endfacet
  facet normal -0.3266609960024323 -0.6275099241747154 0.706770039512812
    outer loop
      vertex 4.9 -103.46410161405801 2
      vertex 4.4999999985098835 -104.15692194402217 1.2
      vertex 5.209526950120926 -103.62523114830255 2
    endloop
  endfacet
  facet normal -0.2707268485733905 -0.6535924446849147 0.7067700401915161
    outer loop
      vertex 5.209526950120926 -103.62523114830255 2
      vertex 5.258303305506706 -104.51052458435296 1.2
      vertex 5.5319194287061695 -103.7587704822421 2
    endloop
  endfacet
  facet normal -0.47794180954602006 -0.5215819575315761 0.7067700391679073
    outer loop
      vertex 3.505887447297573 -103.39411255568265 1.2
      vertex 3.8146194726228715 -103.67701333612203 1.2
      vertex 4.328849563002587 -103.06417777538299 2
    endloop
  endfacet
  facet normal -0.43066422782114994 -0.5612525588220638 0.7067700390444537
    outer loop
      vertex 3.8146194726228715 -103.67701333612203 1.2
      vertex 4.146833105385303 -103.93192981779575 1.2
      vertex 4.605694258213044 -103.27660817801952 2
    endloop
  endfacet
  facet normal -0.38010904376706806 -0.5966516797155543 0.7067700389370595
    outer loop
      vertex 4.605694258213044 -103.27660817801952 2
      vertex 4.146833105385303 -103.93192981779575 1.2
      vertex 4.4999999985098835 -104.15692194402217 1.2
    endloop
  endfacet
  facet normal -0.32666099510011465 -0.6275099249588303 0.706770039233672
    outer loop
      vertex 5.209526950120926 -103.62523114830255 2
      vertex 4.4999999985098835 -104.15692194402217 1.2
      vertex 4.871432340145111 -104.35027738511562 1.2
    endloop
  endfacet
  facet normal -0.27072685208208286 -0.6535924441286066 0.7067700393619698
    outer loop
      vertex 5.209526950120926 -103.62523114830255 2
      vertex 4.871432340145111 -104.35027738511562 1.2
      vertex 5.258303305506706 -104.51052458435296 1.2
    endloop
  endfacet
  facet normal -0.9990482216590781 -0.04361938559670082 0
    outer loop
      vertex 2.1 -100.00000000596046 1.2
      vertex 2.1 -100.00000000596046 0.8
      vertex 2.118265448510647 -100.41834757328033 1.2
    endloop
  endfacet
  facet normal -0.9914448625732717 -0.1305261831092384 0
    outer loop
      vertex 2.118265448510647 -100.41834757328033 1.2
      vertex 2.17292278110981 -100.83351126164197 0.8
      vertex 2.17292278110981 -100.83351126164197 1.2
    endloop
  endfacet
  facet normal -0.9990482216590781 -0.04361938559670082 0
    outer loop
      vertex 2.118265448510647 -100.41834757328033 1.2
      vertex 2.1 -100.00000000596046 0.8
      vertex 2.118265448510647 -100.41834757328033 0.8
    endloop
  endfacet
  facet normal -0.9914448625732717 -0.1305261831092384 0
    outer loop
      vertex 2.118265448510647 -100.41834757328033 1.2
      vertex 2.118265448510647 -100.41834757328033 0.8
      vertex 2.17292278110981 -100.83351126164197 0.8
    endloop
  endfacet
  facet normal -0.9762960054146858 -0.2164396216299777 0
    outer loop
      vertex 2.17292278110981 -100.83351126164197 1.2
      vertex 2.263556031882763 -101.24233142137527 0.8
      vertex 2.263556031882763 -101.24233142137527 1.2
    endloop
  endfacet
  facet normal -0.9537169515218605 -0.3007057970506209 0
    outer loop
      vertex 2.263556031882763 -101.24233142137527 1.2
      vertex 2.263556031882763 -101.24233142137527 0.8
      vertex 2.389475418627262 -101.64169669747352 1.2
    endloop
  endfacet
  facet normal -0.9762960054146858 -0.2164396216299777 0
    outer loop
      vertex 2.17292278110981 -100.83351126164197 1.2
      vertex 2.17292278110981 -100.83351126164197 0.8
      vertex 2.263556031882763 -101.24233142137527 0.8
    endloop
  endfacet
  facet normal -0.9537169515218605 -0.3007057970506209 0
    outer loop
      vertex 2.389475418627262 -101.64169669747352 1.2
      vertex 2.263556031882763 -101.24233142137527 0.8
      vertex 2.389475418627262 -101.64169669747352 0.8
    endloop
  endfacet
  facet normal -0.923879533780965 -0.38268342929981514 0
    outer loop
      vertex 2.389475418627262 -101.64169669747352 1.2
      vertex 2.549722617864609 -102.02856766283512 0.8
      vertex 2.549722617864609 -102.02856766283512 1.2
    endloop
  endfacet
  facet normal -0.923879533780965 -0.38268342929981514 0
    outer loop
      vertex 2.389475418627262 -101.64169669747352 1.2
      vertex 2.389475418627262 -101.64169669747352 0.8
      vertex 2.549722617864609 -102.02856766283512 0.8
    endloop
  endfacet
  facet normal -0.8870108307047352 -0.4617486179865573 0
    outer loop
      vertex 2.549722617864609 -102.02856766283512 1.2
      vertex 2.549722617864609 -102.02856766283512 0.8
      vertex 2.7430780589580537 -102.40000000447034 1.2
    endloop
  endfacet
  facet normal -0.8870108307047352 -0.4617486179865573 0
    outer loop
      vertex 2.7430780589580537 -102.40000000447034 1.2
      vertex 2.549722617864609 -102.02856766283512 0.8
      vertex 2.7430780589580537 -102.40000000447034 0.8
    endloop
  endfacet
  facet normal -0.7067700363183089 -0.030858244951546304 -0.7067700364907433
    outer loop
      vertex 2.1 -100.00000000596046 0.8
      vertex 2.8902283181063835 -100.00522934613748 0.010000000000000009
      vertex 2.118265448510647 -100.41834757328033 0.8
    endloop
  endfacet
  facet normal -0.701391090096769 -0.09233988223968762 -0.7067700367735086
    outer loop
      vertex 2.118265448510647 -100.41834757328033 0.8
      vertex 2.950237690061331 -100.69113965151831 0.010000000000000009
      vertex 2.17292278110981 -100.83351126164197 0.8
    endloop
  endfacet
  facet normal -0.7067700363183096 -0.030858244951518003 -0.706770036490744
    outer loop
      vertex 2.1 -100.00000000596046 0.8
      vertex 2.8900000000000006 -100.00000000154598 0.010000000000000009
      vertex 2.8902283181063835 -100.00522934613748 0.010000000000000009
    endloop
  endfacet
  facet normal -0.7067700355435823 -0.03085824765500073 -0.7067700371474346
    outer loop
      vertex 2.118265448510647 -100.41834757328033 0.8
      vertex 2.8902283181063835 -100.00522934613748 0.010000000000000009
      vertex 2.905259261336178 -100.34949452929197 0.010000000000000009
    endloop
  endfacet
  facet normal -0.7013910897230858 -0.09233987867875129 -0.706770037609586
    outer loop
      vertex 2.118265448510647 -100.41834757328033 0.8
      vertex 2.905259261336178 -100.34949452929197 0.010000000000000009
      vertex 2.950237690061331 -100.69113965151831 0.010000000000000009
    endloop
  endfacet
  facet normal -0.6906741314554652 -0.15311877427823564 -0.7067700369298132
    outer loop
      vertex 2.17292278110981 -100.83351126164197 0.8
      vertex 2.9520538223534825 -100.7014394496195 0.010000000000000009
      vertex 2.263556031882763 -101.24233142137527 0.8
    endloop
  endfacet
  facet normal -0.6747007282196174 -0.21273232055502997 -0.7067700383655138
    outer loop
      vertex 2.263556031882763 -101.24233142137527 0.8
      vertex 3.0282114309817554 -101.04285643991082 0.010000000000000009
      vertex 2.389475418627262 -101.64169669747352 0.8
    endloop
  endfacet
  facet normal -0.6535924444580362 -0.2707268522185371 -0.706770039005058
    outer loop
      vertex 2.389475418627262 -101.64169669747352 0.8
      vertex 3.2637026852555575 -101.68986334694549 0.010000000000000009
      vertex 2.549722617864609 -102.02856766283512 0.8
    endloop
  endfacet
  facet normal -0.6275099252073594 -0.32666099522949077 -0.7067700389532177
    outer loop
      vertex 2.549722617864609 -102.02856766283512 0.8
      vertex 3.2681227182596926 -101.69934213828294 0.010000000000000009
      vertex 2.7430780589580537 -102.40000000447034 0.8
    endloop
  endfacet
  facet normal -0.7013910900967576 -0.09233988223976838 -0.7067700367735092
    outer loop
      vertex 2.17292278110981 -100.83351126164197 0.8
      vertex 2.950237690061331 -100.69113965151831 0.010000000000000009
      vertex 2.950920906718821 -100.69632919762283 0.010000000000000009
    endloop
  endfacet
  facet normal -0.6906741314554894 -0.15311877427811044 -0.7067700369298168
    outer loop
      vertex 2.17292278110981 -100.83351126164197 0.8
      vertex 2.950920906718821 -100.69632919762283 0.010000000000000009
      vertex 2.9520538223534825 -100.7014394496195 0.010000000000000009
    endloop
  endfacet
  facet normal -0.6906741283781562 -0.1531187805902627 -0.7067700385695656
    outer loop
      vertex 2.263556031882763 -101.24233142137527 0.8
      vertex 2.9520538223534825 -100.7014394496195 0.010000000000000009
      vertex 3.0266374386474495 -101.0378643739596 0.010000000000000009
    endloop
  endfacet
  facet normal -0.67470072821963 -0.21273232055498456 -0.7067700383655156
    outer loop
      vertex 2.263556031882763 -101.24233142137527 0.8
      vertex 3.0266374386474495 -101.0378643739596 0.010000000000000009
      vertex 3.0282114309817554 -101.04285643991082 0.010000000000000009
    endloop
  endfacet
  facet normal -0.6747007258145477 -0.21273232455921515 -0.7067700394562261
    outer loop
      vertex 2.389475418627262 -101.64169669747352 0.8
      vertex 3.0282114309817554 -101.04285643991082 0.010000000000000009
      vertex 3.1318325929902495 -101.37150077434255 0.010000000000000009
    endloop
  endfacet
  facet normal -0.6535924450143453 -0.27072684870983815 -0.7067700398346058
    outer loop
      vertex 2.389475418627262 -101.64169669747352 0.8
      vertex 3.1318325929902495 -101.37150077434255 0.010000000000000009
      vertex 3.2637026852555575 -101.68986334694549 0.010000000000000009
    endloop
  endfacet
  facet normal -0.6535924444579762 -0.27072685221867526 -0.7067700390050606
    outer loop
      vertex 2.549722617864609 -102.02856766283512 0.8
      vertex 3.2637026852555575 -101.68986334694549 0.010000000000000009
      vertex 3.2657057752460243 -101.6946992340125 0.010000000000000009
    endloop
  endfacet
  facet normal -0.6275099252073488 -0.32666099522950565 -0.70677003895322
    outer loop
      vertex 2.549722617864609 -102.02856766283512 0.8
      vertex 3.2657057752460243 -101.6946992340125 0.010000000000000009
      vertex 3.2681227182596926 -101.69934213828294 0.010000000000000009
    endloop
  endfacet
  facet normal -0.6275099244232483 -0.32666099613180427 -0.7067700392323564
    outer loop
      vertex 2.7430780589580537 -102.40000000447034 0.8
      vertex 3.2681227182596926 -101.69934213828294 0.010000000000000009
      vertex 3.427238133326173 -102.00500000152736 0.010000000000000009
    endloop
  endfacet
  facet normal -0.5966516804018694 -0.38010904237698695 -0.7067700391052774
    outer loop
      vertex 2.7430780589580537 -102.40000000447034 0.8
      vertex 3.427238133326173 -102.00500000152736 0.010000000000000009
      vertex 3.612387901414186 -102.29562692154198 0.010000000000000009
    endloop
  endfacet
  facet normal -0.8433914441734255 -0.5372996109202608 0
    outer loop
      vertex 2.7430780589580537 -102.40000000447034 1.2
      vertex 2.968070185184479 -102.75316689759492 0.8
      vertex 2.968070185184479 -102.75316689759492 1.2
    endloop
  endfacet
  facet normal -0.8433914441734255 -0.5372996109202608 0
    outer loop
      vertex 2.7430780589580537 -102.40000000447034 1.2
      vertex 2.7430780589580537 -102.40000000447034 0.8
      vertex 2.968070185184479 -102.75316689759492 0.8
    endloop
  endfacet
  facet normal -0.7933533455037399 -0.6087614222156522 0
    outer loop
      vertex 2.968070185184479 -102.75316689759492 1.2
      vertex 2.968070185184479 -102.75316689759492 0.8
      vertex 3.2229866668581963 -103.08538053035736 1.2
    endloop
  endfacet
  facet normal -0.7933533455037399 -0.6087614222156522 0
    outer loop
      vertex 3.2229866668581963 -103.08538053035736 1.2
      vertex 2.968070185184479 -102.75316689759492 0.8
      vertex 3.2229866668581963 -103.08538053035736 0.8
    endloop
  endfacet
  facet normal -0.737277335363375 -0.6755902091945097 0
    outer loop
      vertex 3.2229866668581963 -103.08538053035736 1.2
      vertex 3.2229866668581963 -103.08538053035736 0.8
      vertex 3.505887447297573 -103.39411255568265 0.8
    endloop
  endfacet
  facet normal -0.737277335363375 -0.6755902091945097 0
    outer loop
      vertex 3.2229866668581963 -103.08538053035736 1.2
      vertex 3.505887447297573 -103.39411255568265 0.8
      vertex 3.505887447297573 -103.39411255568265 1.2
    endloop
  endfacet
  facet normal -0.6755902091945097 -0.737277335363375 0
    outer loop
      vertex 3.505887447297573 -103.39411255568265 1.2
      vertex 3.8146194726228715 -103.67701333612203 0.8
      vertex 3.8146194726228715 -103.67701333612203 1.2
    endloop
  endfacet
  facet normal -0.6755902091945097 -0.737277335363375 0
    outer loop
      vertex 3.505887447297573 -103.39411255568265 1.2
      vertex 3.505887447297573 -103.39411255568265 0.8
      vertex 3.8146194726228715 -103.67701333612203 0.8
    endloop
  endfacet
  facet normal -0.5966516798856424 -0.3801090438754262 -0.7067700387351957
    outer loop
      vertex 2.7430780589580537 -102.40000000447034 0.8
      vertex 3.612387901414186 -102.29562692154198 0.010000000000000009
      vertex 2.968070185184479 -102.75316689759492 0.8
    endloop
  endfacet
  facet normal -0.5612525589185515 -0.43066422789518694 -0.7067700389227181
    outer loop
      vertex 2.968070185184479 -102.75316689759492 0.8
      vertex 3.6183867590129375 -102.30419417811557 0.010000000000000009
      vertex 3.2229866668581963 -103.08538053035736 0.8
    endloop
  endfacet
  facet normal -0.5215819575615408 -0.47794180957347765 -0.7067700391272261
    outer loop
      vertex 3.2229866668581963 -103.08538053035736 0.8
      vertex 3.8316980413720017 -102.58143746495246 0.010000000000000009
      vertex 3.505887447297573 -103.39411255568265 0.8
    endloop
  endfacet
  facet normal -0.5966516798857425 -0.380109043875274 -0.7067700387351932
    outer loop
      vertex 2.968070185184479 -102.75316689759492 0.8
      vertex 3.612387901414186 -102.29562692154198 0.010000000000000009
      vertex 3.6152003029920166 -102.30004150770604 0.010000000000000009
    endloop
  endfacet
  facet normal -0.5612525589183044 -0.43066422789552455 -0.7067700389227087
    outer loop
      vertex 2.968070185184479 -102.75316689759492 0.8
      vertex 3.6152003029920166 -102.30004150770604 0.010000000000000009
      vertex 3.6183867590129375 -102.30419417811557 0.010000000000000009
    endloop
  endfacet
  facet normal -0.5612525585472203 -0.43066422819598493 -0.7067700390343067
    outer loop
      vertex 3.2229866668581963 -103.08538053035736 0.8
      vertex 3.6183867590129375 -102.30419417811557 0.010000000000000009
      vertex 3.8281617816165094 -102.5775783146359 0.010000000000000009
    endloop
  endfacet
  facet normal -0.5215819575610275 -0.47794180957406723 -0.706770039127206
    outer loop
      vertex 3.2229866668581963 -103.08538053035736 0.8
      vertex 3.8281617816165094 -102.5775783146359 0.010000000000000009
      vertex 3.8316980413720017 -102.58143746495246 0.010000000000000009
    endloop
  endfacet
  facet normal -0.5215819500475397 -0.47794181464351587 -0.706770041243875
    outer loop
      vertex 3.505887447297573 -103.39411255568265 0.8
      vertex 3.8316980413720017 -102.58143746495246 0.010000000000000009
      vertex 4.064501811061055 -102.83549819044768 0.010000000000000009
    endloop
  endfacet
  facet normal -0.6087614222156528 -0.7933533455037395 1.3035084825780236e-17
    outer loop
      vertex 3.8146194726228715 -103.67701333612203 1.2
      vertex 4.146833105385303 -103.93192981779575 0.8
      vertex 4.146833105385303 -103.93192981779575 1.2
    endloop
  endfacet
  facet normal -0.6087614222156528 -0.7933533455037395 0
    outer loop
      vertex 3.8146194726228715 -103.67701333612203 1.2
      vertex 3.8146194726228715 -103.67701333612203 0.8
      vertex 4.146833105385303 -103.93192981779575 0.8
    endloop
  endfacet
  facet normal -0.5372996109202608 -0.8433914441734255 0
    outer loop
      vertex 4.146833105385303 -103.93192981779575 1.2
      vertex 4.146833105385303 -103.93192981779575 0.8
      vertex 4.4999999985098835 -104.15692194402217 1.2
    endloop
  endfacet
  facet normal -0.4617486179865573 -0.8870108307047352 0
    outer loop
      vertex 4.4999999985098835 -104.15692194402217 1.2
      vertex 4.4999999985098835 -104.15692194402217 0.8
      vertex 4.871432340145111 -104.35027738511562 1.2
    endloop
  endfacet
  facet normal -0.5372996109202608 -0.8433914441734255 0
    outer loop
      vertex 4.4999999985098835 -104.15692194402217 1.2
      vertex 4.146833105385303 -103.93192981779575 0.8
      vertex 4.4999999985098835 -104.15692194402217 0.8
    endloop
  endfacet
  facet normal -0.4617486179865573 -0.8870108307047352 0
    outer loop
      vertex 4.871432340145111 -104.35027738511562 1.2
      vertex 4.4999999985098835 -104.15692194402217 0.8
      vertex 4.871432340145111 -104.35027738511562 0.8
    endloop
  endfacet
  facet normal -0.38268342929981514 -0.923879533780965 0
    outer loop
      vertex 4.871432340145111 -104.35027738511562 1.2
      vertex 4.871432340145111 -104.35027738511562 0.8
      vertex 5.258303305506706 -104.51052458435296 0.8
    endloop
  endfacet
  facet normal -0.38268342929981514 -0.923879533780965 0
    outer loop
      vertex 4.871432340145111 -104.35027738511562 1.2
      vertex 5.258303305506706 -104.51052458435296 0.8
      vertex 5.258303305506706 -104.51052458435296 1.2
    endloop
  endfacet
  facet normal -0.3007057970506209 -0.9537169515218605 0
    outer loop
      vertex 5.258303305506706 -104.51052458435296 1.2
      vertex 5.258303305506706 -104.51052458435296 0.8
      vertex 5.657668581604957 -104.63644397109746 1.2
    endloop
  endfacet
  facet normal -0.3007057970506209 -0.9537169515218605 0
    outer loop
      vertex 5.258303305506706 -104.51052458435296 0.8
      vertex 5.657668581604957 -104.63644397109746 0.8
      vertex 5.657668581604957 -104.63644397109746 1.2
    endloop
  endfacet
  facet normal -0.47794180954602083 -0.5215819575315769 -0.7067700391679062
    outer loop
      vertex 3.505887447297573 -103.39411255568265 0.8
      vertex 4.318562536556274 -103.06830196013674 0.010000000000000009
      vertex 3.8146194726228715 -103.67701333612203 0.8
    endloop
  endfacet
  facet normal -0.43066422782114944 -0.5612525588220633 -0.7067700390444543
    outer loop
      vertex 3.8146194726228715 -103.67701333612203 0.8
      vertex 4.5958058233931665 -103.2816132424958 0.010000000000000009
      vertex 4.146833105385303 -103.93192981779575 0.8
    endloop
  endfacet
  facet normal -0.3801090437670683 -0.5966516797155546 -0.7067700389370593
    outer loop
      vertex 4.146833105385303 -103.93192981779575 0.8
      vertex 4.604373079966754 -103.28761210009455 0.010000000000000009
      vertex 4.4999999985098835 -104.15692194402217 0.8
    endloop
  endfacet
  facet normal -0.4779418146160639 -0.5215819500175687 -0.706770041284557
    outer loop
      vertex 3.505887447297573 -103.39411255568265 0.8
      vertex 4.064501811061055 -102.83549819044768 0.010000000000000009
      vertex 4.318562536556274 -103.06830196013674 0.010000000000000009
    endloop
  endfacet
  facet normal -0.4779418095459918 -0.5215819575316003 -0.7067700391679084
    outer loop
      vertex 3.8146194726228715 -103.67701333612203 0.8
      vertex 4.318562536556274 -103.06830196013674 0.010000000000000009
      vertex 4.322421686872841 -103.07183821989223 0.010000000000000009
    endloop
  endfacet
  facet normal -0.43066422812194793 -0.5612525584507316 -0.7067700391560432
    outer loop
      vertex 3.8146194726228715 -103.67701333612203 0.8
      vertex 4.322421686872841 -103.07183821989223 0.010000000000000009
      vertex 4.5958058233931665 -103.2816132424958 0.010000000000000009
    endloop
  endfacet
  facet normal -0.43066422782166436 -0.5612525588216885 -0.7067700390444382
    outer loop
      vertex 4.146833105385303 -103.93192981779575 0.8
      vertex 4.5958058233931665 -103.2816132424958 0.010000000000000009
      vertex 4.5999584938026965 -103.28479969851672 0.010000000000000009
    endloop
  endfacet
  facet normal -0.38010904376679755 -0.5966516797157407 -0.7067700389370478
    outer loop
      vertex 4.146833105385303 -103.93192981779575 0.8
      vertex 4.5999584938026965 -103.28479969851672 0.010000000000000009
      vertex 4.604373079966754 -103.28761210009455 0.010000000000000009
    endloop
  endfacet
  facet normal -0.38010904226862163 -0.5966516802317842 -0.7067700393071428
    outer loop
      vertex 4.4999999985098835 -104.15692194402217 0.8
      vertex 4.604373079966754 -103.28761210009455 0.010000000000000009
      vertex 4.894999999981374 -103.47276186818256 0.010000000000000009
    endloop
  endfacet
  facet normal -0.32666099600243154 -0.6275099241747147 -0.7067700395128129
    outer loop
      vertex 4.4999999985098835 -104.15692194402217 0.8
      vertex 4.894999999981374 -103.47276186818256 0.010000000000000009
      vertex 5.200657863225788 -103.63187728324904 0.010000000000000009
    endloop
  endfacet
  facet normal -0.3266609951004139 -0.6275099249586795 -0.7067700392336674
    outer loop
      vertex 4.871432340145111 -104.35027738511562 0.8
      vertex 5.200657863225788 -103.63187728324904 0.010000000000000009
      vertex 5.205300767496229 -103.63429422626271 0.010000000000000009
    endloop
  endfacet
  facet normal -0.2707268520820921 -0.6535924441286026 -0.7067700393619698
    outer loop
      vertex 4.871432340145111 -104.35027738511562 0.8
      vertex 5.205300767496229 -103.63429422626271 0.010000000000000009
      vertex 5.210136654563248 -103.63629731625318 0.010000000000000009
    endloop
  endfacet
  facet normal -0.3266609951001142 -0.6275099249588293 -0.7067700392336729
    outer loop
      vertex 4.4999999985098835 -104.15692194402217 0.8
      vertex 5.200657863225788 -103.63187728324904 0.010000000000000009
      vertex 4.871432340145111 -104.35027738511562 0.8
    endloop
  endfacet
  facet normal -0.27072685208208297 -0.6535924441286067 -0.7067700393619695
    outer loop
      vertex 4.871432340145111 -104.35027738511562 0.8
      vertex 5.210136654563248 -103.63629731625318 0.010000000000000009
      vertex 5.258303305506706 -104.51052458435296 0.8
    endloop
  endfacet
  facet normal -0.27072684857338003 -0.6535924446849166 -0.7067700401915185
    outer loop
      vertex 5.258303305506706 -104.51052458435296 0.8
      vertex 5.210136654563248 -103.63629731625318 0.010000000000000009
      vertex 5.528499227166176 -103.76816740851848 0.010000000000000009
    endloop
  endfacet
  facet normal -0.21273232442983325 -0.674700725404219 -0.7067700398868791
    outer loop
      vertex 5.258303305506706 -104.51052458435296 0.8
      vertex 5.528499227166176 -103.76816740851848 0.010000000000000009
      vertex 5.857143561597914 -103.87178857052697 0.010000000000000009
    endloop
  endfacet
  facet normal 0 0 1
    outer loop
      vertex 4.9 -103.46410161405801 2
      vertex 5.864723818004132 -103.86370330452918 2
      vertex 6.9 -104.00000000149011 2
    endloop
  endfacet
  facet normal 0 0 1
    outer loop
      vertex 5.864723818004132 -103.86370330452918 2
      vertex 6.205407285690308 -103.93923101723193 2
      vertex 6.9 -104.00000000149011 2
    endloop
  endfacet
  facet normal -0.21273232442983409 -0.6747007254042211 0.7067700398868769
    outer loop
      vertex 5.5319194287061695 -103.7587704822421 2
      vertex 5.258303305506706 -104.51052458435296 1.2
      vertex 5.864723818004132 -103.86370330452918 2
    endloop
  endfacet
  facet normal -0.15311878048190192 -0.690674127889386 0.7067700390706806
    outer loop
      vertex 5.864723818004132 -103.86370330452918 2
      vertex 5.657668581604957 -104.63644397109746 1.2
      vertex 6.205407285690308 -103.93923101723193 2
    endloop
  endfacet
  facet normal 0 0 1
    outer loop
      vertex 6.205407285690308 -103.93923101723193 2
      vertex 6.551377029716969 -103.98477879315614 2
      vertex 6.9 -104.00000000149011 2
    endloop
  endfacet
  facet normal -0.09233987860471696 -0.7013910891607146 0.70677003817735
    outer loop
      vertex 6.205407285690308 -103.93923101723193 2
      vertex 6.481652429699897 -104.78173455446958 1.2
      vertex 6.551377029716969 -103.98477879315614 2
    endloop
  endfacet
  facet normal -0.0308582476275423 -0.7067700349146888 0.7067700377775269
    outer loop
      vertex 6.551377029716969 -103.98477879315614 2
      vertex 6.481652429699897 -104.78173455446958 1.2
      vertex 6.9 -104.00000000149011 2
    endloop
  endfacet
  facet normal -0.2127323204256536 -0.6747007278092879 0.7067700387961661
    outer loop
      vertex 5.258303305506706 -104.51052458435296 1.2
      vertex 5.657668581604957 -104.63644397109746 1.2
      vertex 5.864723818004132 -103.86370330452918 2
    endloop
  endfacet
  facet normal -0.1531187741698776 -0.6906741309666935 0.706770037430929
    outer loop
      vertex 6.205407285690308 -103.93923101723193 2
      vertex 5.657668581604957 -104.63644397109746 1.2
      vertex 6.066488741338253 -104.72707722187042 1.2
    endloop
  endfacet
  facet normal -0.09233988216565012 -0.7013910895343974 0.7067700373412732
    outer loop
      vertex 6.205407285690308 -103.93923101723193 2
      vertex 6.066488741338253 -104.72707722187042 1.2
      vertex 6.481652429699897 -104.78173455446958 1.2
    endloop
  endfacet
  facet normal -0.030858244924088236 -0.7067700356894154 0.7067700371208355
    outer loop
      vertex 6.9 -104.00000000149011 2
      vertex 6.481652429699897 -104.78173455446958 1.2
      vertex 6.899999997019767 -104.80000000298023 1.2
    endloop
  endfacet
  facet normal -0.2164396216299777 -0.9762960054146858 0
    outer loop
      vertex 5.657668581604957 -104.63644397109746 1.2
      vertex 5.657668581604957 -104.63644397109746 0.8
      vertex 6.066488741338253 -104.72707722187042 1.2
    endloop
  endfacet
  facet normal -0.2164396216299777 -0.9762960054146858 0
    outer loop
      vertex 6.066488741338253 -104.72707722187042 1.2
      vertex 5.657668581604957 -104.63644397109746 0.8
      vertex 6.066488741338253 -104.72707722187042 0.8
    endloop
  endfacet
  facet normal -0.1305261831092384 -0.9914448625732717 0
    outer loop
      vertex 6.066488741338253 -104.72707722187042 1.2
      vertex 6.066488741338253 -104.72707722187042 0.8
      vertex 6.481652429699897 -104.78173455446958 1.2
    endloop
  endfacet
  facet normal -0.1305261831092384 -0.9914448625732717 0
    outer loop
      vertex 6.481652429699897 -104.78173455446958 1.2
      vertex 6.066488741338253 -104.72707722187042 0.8
      vertex 6.481652429699897 -104.78173455446958 0.8
    endloop
  endfacet
  facet normal -0.04361938559670082 -0.9990482216590781 0
    outer loop
      vertex 6.481652429699897 -104.78173455446958 1.2
      vertex 6.899999997019767 -104.80000000298023 0.8
      vertex 6.899999997019767 -104.80000000298023 1.2
    endloop
  endfacet
  facet normal -0.04361938559670082 -0.9990482216590781 0
    outer loop
      vertex 6.481652429699897 -104.78173455446958 1.2
      vertex 6.481652429699897 -104.78173455446958 0.8
      vertex 6.899999997019767 -104.80000000298023 0.8
    endloop
  endfacet
  facet normal -0.21273232042565293 -0.6747007278092858 -0.7067700387961683
    outer loop
      vertex 5.258303305506706 -104.51052458435296 0.8
      vertex 5.857143561597914 -103.87178857052697 0.010000000000000009
      vertex 5.657668581604957 -104.63644397109746 0.8
    endloop
  endfacet
  facet normal -0.15311877416987763 -0.6906741309666937 -0.7067700374309287
    outer loop
      vertex 5.657668581604957 -104.63644397109746 0.8
      vertex 6.1985605518892415 -103.94794617915525 0.010000000000000009
      vertex 6.066488741338253 -104.72707722187042 0.8
    endloop
  endfacet
  facet normal -0.09233988216564987 -0.7013910895343964 -0.7067700373412742
    outer loop
      vertex 6.066488741338253 -104.72707722187042 0.8
      vertex 6.208860349990428 -103.9497623114474 0.010000000000000009
      vertex 6.481652429699897 -104.78173455446958 0.8
    endloop
  endfacet
  facet normal -0.21273232042670207 -0.674700727808984 -0.7067700387961406
    outer loop
      vertex 5.657668581604957 -104.63644397109746 0.8
      vertex 5.857143561597914 -103.87178857052697 0.010000000000000009
      vertex 5.862135627549142 -103.87336256286129 0.010000000000000009
    endloop
  endfacet
  facet normal -0.1531187804818966 -0.6906741278893888 -0.706770039070679
    outer loop
      vertex 5.657668581604957 -104.63644397109746 0.8
      vertex 5.862135627549142 -103.87336256286129 0.010000000000000009
      vertex 6.1985605518892415 -103.94794617915525 0.010000000000000009
    endloop
  endfacet
  facet normal -0.15311877416915887 -0.6906741309668328 -0.7067700374309486
    outer loop
      vertex 6.066488741338253 -104.72707722187042 0.8
      vertex 6.1985605518892415 -103.94794617915525 0.010000000000000009
      vertex 6.203670803885907 -103.94907909478991 0.010000000000000009
    endloop
  endfacet
  facet normal -0.09233988216601699 -0.7013910895343385 -0.7067700373412837
    outer loop
      vertex 6.066488741338253 -104.72707722187042 0.8
      vertex 6.203670803885907 -103.94907909478991 0.010000000000000009
      vertex 6.208860349990428 -103.9497623114474 0.010000000000000009
    endloop
  endfacet
  facet normal -0.030858244924088174 -0.7067700356894143 -0.7067700371208366
    outer loop
      vertex 6.481652429699897 -104.78173455446958 0.8
      vertex 6.894770655371249 -104.00977168340235 0.010000000000000009
      vertex 6.899999997019767 -104.80000000298023 0.8
    endloop
  endfacet
  facet normal -0.09233987860472863 -0.7013910891607148 -0.7067700381773481
    outer loop
      vertex 6.481652429699897 -104.78173455446958 0.8
      vertex 6.208860349990428 -103.9497623114474 0.010000000000000009
      vertex 6.550505472216756 -103.99474074017256 0.010000000000000009
    endloop
  endfacet
  facet normal -0.030858247627530873 -0.7067700349146911 -0.706770037777525
    outer loop
      vertex 6.481652429699897 -104.78173455446958 0.8
      vertex 6.550505472216756 -103.99474074017256 0.010000000000000009
      vertex 6.894770655371249 -104.00977168340235 0.010000000000000009
    endloop
  endfacet
  facet normal -0.030858244923713706 -0.7067700356894214 -0.7067700371208462
    outer loop
      vertex 6.899999997019767 -104.80000000298023 0.8
      vertex 6.894770655371249 -104.00977168340235 0.010000000000000009
      vertex 6.8999999999627475 -104.01000000150873 0.010000000000000009
    endloop
  endfacet
  facet normal 0 0 -1
    outer loop
      vertex 3.8096275478601456 -101.91524523347616 0
      vertex 4.600571624934673 -102.85785567611455 0
      vertex 3.869682103395462 -102.06022975444793 0
    endloop
  endfacet
  facet normal 0 0 -1
    outer loop
      vertex 3.762437768280506 -101.76557835787534 0
      vertex 4.739770241081715 -102.93031789213418 0
      vertex 3.8096275478601456 -101.91524523347616 0
    endloop
  endfacet
  facet normal 0 0 -1
    outer loop
      vertex 3.7000000029802322 -101.27381596565246 0
      vertex 5.526184029877186 -103.1 0
      vertex 3.7079884111881256 -101.4567806854844 0
    endloop
  endfacet
  facet normal 0 0 -1
    outer loop
      vertex 3.7079884111881256 -101.4567806854844 0
      vertex 5.526184029877186 -103.1 0
      vertex 3.7284719049930573 -101.61236823201179 0
    endloop
  endfacet
  facet normal 0 0 -1
    outer loop
      vertex 3.7284719049930573 -101.61236823201179 0
      vertex 5.343219310045242 -103.09201158434152 0
      vertex 3.762437768280506 -101.76557835787534 0
    endloop
  endfacet
  facet normal 0 0 -1
    outer loop
      vertex 3.869682103395462 -102.06022975444793 0
      vertex 4.468218095600605 -102.7735371723771 0
      vertex 3.9421443194150925 -102.19942837059497 0
    endloop
  endfacet
  facet normal 0 0 -1
    outer loop
      vertex 3.9421443194150925 -102.19942837059497 0
      vertex 4.343717150390148 -102.67800424098968 0
      vertex 4.026462823152542 -102.33178189992904 0
    endloop
  endfacet
  facet normal 0 0 -1
    outer loop
      vertex 4.026462823152542 -102.33178189992904 0
      vertex 4.228016167879105 -102.57198382765054 0
      vertex 4.121995754539967 -102.4562828451395 0
    endloop
  endfacet
  facet normal 0 0 -1
    outer loop
      vertex 4.026462823152542 -102.33178189992904 0
      vertex 4.343717150390148 -102.67800424098968 0
      vertex 4.228016167879105 -102.57198382765054 0
    endloop
  endfacet
  facet normal 0 0 -1
    outer loop
      vertex 3.9421443194150925 -102.19942837059497 0
      vertex 4.468218095600605 -102.7735371723771 0
      vertex 4.343717150390148 -102.67800424098968 0
    endloop
  endfacet
  facet normal 0 0 -1
    outer loop
      vertex 3.869682103395462 -102.06022975444793 0
      vertex 4.600571624934673 -102.85785567611455 0
      vertex 4.468218095600605 -102.7735371723771 0
    endloop
  endfacet
  facet normal 0 0 -1
    outer loop
      vertex 3.8096275478601456 -101.91524523347616 0
      vertex 4.739770241081715 -102.93031789213418 0
      vertex 4.600571624934673 -102.85785567611455 0
    endloop
  endfacet
  facet normal 0 0 -1
    outer loop
      vertex 3.762437768280506 -101.76557835787534 0
      vertex 4.88475476205349 -102.9903724476695 0
      vertex 4.739770241081715 -102.93031789213418 0
    endloop
  endfacet
  facet normal 0 0 -1
    outer loop
      vertex 3.762437768280506 -101.76557835787534 0
      vertex 5.0344216376543045 -103.03756222724914 0
      vertex 4.88475476205349 -102.9903724476695 0
    endloop
  endfacet
  facet normal 0 0 -1
    outer loop
      vertex 3.762437768280506 -101.76557835787534 0
      vertex 5.187631763517857 -103.07152809053659 0
      vertex 5.0344216376543045 -103.03756222724914 0
    endloop
  endfacet
  facet normal 0 0 -1
    outer loop
      vertex 3.762437768280506 -101.76557835787534 0
      vertex 5.343219310045242 -103.09201158434152 0
      vertex 5.187631763517857 -103.07152809053659 0
    endloop
  endfacet
  facet normal 0 0 -1
    outer loop
      vertex 3.7284719049930573 -101.61236823201179 0
      vertex 5.526184029877186 -103.1 0
      vertex 5.343219310045242 -103.09201158434152 0
    endloop
  endfacet
  facet normal 0 0 -1
    outer loop
      vertex 3.7000000029802322 -101.27381596565246 0
      vertex 13.192983613485092 -101.29446445864214 0
      vertex 5.526184029877186 -103.1 0
    endloop
  endfacet
  facet normal 0 0 -1
    outer loop
      vertex 10.6 -60.45 0
      vertex 13.578713458275224 -98.36455540367666 0
      vertex 3.7000000029802322 -101.27381596565246 0
    endloop
  endfacet
  facet normal 0 0 -1
    outer loop
      vertex 10.6 -60.45 0
      vertex 13.748657782019269 -98.14307964900308 0
      vertex 13.578713458275224 -98.36455540367666 0
    endloop
  endfacet
  facet normal 0 0 -1
    outer loop
      vertex 10.6 -60.45 0
      vertex 13.937258300203046 -97.93725830020306 0
      vertex 13.748657782019269 -98.14307964900308 0
    endloop
  endfacet
  facet normal 0 0 -1
    outer loop
      vertex 10.6 -60.45 0
      vertex 14.6 -97.4287187078898 0
      vertex 14.364555403676652 -97.57871345827523 0
    endloop
  endfacet
  facet normal 0 0 -1
    outer loop
      vertex 10.6 -60.45 0
      vertex 14.143079649003074 -97.74865778201928 0
      vertex 13.937258300203046 -97.93725830020306 0
    endloop
  endfacet
  facet normal 0 0 -1
    outer loop
      vertex 10.6 -60.45 0
      vertex 14.364555403676652 -97.57871345827523 0
      vertex 14.143079649003074 -97.74865778201928 0
    endloop
  endfacet
  facet normal 0 0 -1
    outer loop
      vertex 10.6 -60.45 0
      vertex 14.847621562429762 -97.29981508148272 0
      vertex 14.6 -97.4287187078898 0
    endloop
  endfacet
  facet normal 0 0 -1
    outer loop
      vertex 10.6 -60.45 0
      vertex 15.10553554135786 -97.1929836134851 0
      vertex 14.847621562429762 -97.29981508148272 0
    endloop
  endfacet
  facet normal 0 0 -1
    outer loop
      vertex 10.6 -60.45 0
      vertex 15.371779055671933 -97.10903735587499 0
      vertex 15.10553554135786 -97.1929836134851 0
    endloop
  endfacet
  facet normal 0 0 -1
    outer loop
      vertex 10.6 -60.45 0
      vertex 15.644325831465823 -97.04861519036093 0
      vertex 15.371779055671933 -97.10903735587499 0
    endloop
  endfacet
  facet normal 0 0 -1
    outer loop
      vertex 10.6 -60.45 0
      vertex 15.921101623207493 -97.01217696610642 0
      vertex 15.644325831465823 -97.04861519036093 0
    endloop
  endfacet
  facet normal 0 0 -1
    outer loop
      vertex 10.6 -60.45 0
      vertex 16.2 -97 0
      vertex 15.921101623207493 -97.01217696610642 0
    endloop
  endfacet
  facet normal 0 0 -1
    outer loop
      vertex 10.6 -60.45 0
      vertex 16.478898376792504 -97.01217696610642 0
      vertex 16.2 -97 0
    endloop
  endfacet
  facet normal 0 0 -1
    outer loop
      vertex 10.6 -60.45 0
      vertex 16.755674168534178 -97.04861519036093 0
      vertex 16.478898376792504 -97.01217696610642 0
    endloop
  endfacet
  facet normal 0 0 -1
    outer loop
      vertex 10.6 -60.45 0
      vertex 17.028220944328066 -97.10903735587499 0
      vertex 16.755674168534178 -97.04861519036093 0
    endloop
  endfacet
  facet normal 0 0 -1
    outer loop
      vertex 10.6 -60.45 0
      vertex 17.29446445864214 -97.1929836134851 0
      vertex 17.028220944328066 -97.10903735587499 0
    endloop
  endfacet
  facet normal 0 0 -1
    outer loop
      vertex 10.6 -60.45 0
      vertex 17.552378437570237 -97.29981508148272 0
      vertex 17.29446445864214 -97.1929836134851 0
    endloop
  endfacet
  facet normal 0 0 -1
    outer loop
      vertex 10.6 -60.45 0
      vertex 17.8 -97.4287187078898 0
      vertex 17.552378437570237 -97.29981508148272 0
    endloop
  endfacet
  facet normal 0 0 -1
    outer loop
      vertex 10.6 -60.45 0
      vertex 18.035444596323348 -97.57871345827523 0
      vertex 17.8 -97.4287187078898 0
    endloop
  endfacet
  facet normal 0 0 -1
    outer loop
      vertex 10.6 -60.45 0
      vertex 18.256920350996925 -97.74865778201928 0
      vertex 18.035444596323348 -97.57871345827523 0
    endloop
  endfacet
  facet normal 0 0 1
    outer loop
      vertex 6.9 -104.00000000149011 2
      vertex 13.255303237289422 -99.68077051072926 2
      vertex 13.311762529293674 -99.42609910217493 2
    endloop
  endfacet
  facet normal 0 0 1
    outer loop
      vertex 6.9 -104.00000000149011 2
      vertex 13.221254865705916 -99.93939356921626 2
      vertex 13.255303237289422 -99.68077051072926 2
    endloop
  endfacet
  facet normal 0 0 1
    outer loop
      vertex 6.9 -104.00000000149011 2
      vertex 13.209876543209877 -100.2 2
      vertex 13.221254865705916 -99.93939356921626 2
    endloop
  endfacet
  facet normal 0 0 1
    outer loop
      vertex 6.9 -104.00000000149011 2
      vertex 13.221254865705916 -100.46060643078374 2
      vertex 13.209876543209877 -100.2 2
    endloop
  endfacet
  facet normal 0 0 1
    outer loop
      vertex 6.9 -104.00000000149011 2
      vertex 13.255303237289422 -100.71922948927075 2
      vertex 13.221254865705916 -100.46060643078374 2
    endloop
  endfacet
  facet normal 0 0 1
    outer loop
      vertex 6.9 -104.00000000149011 2
      vertex 13.311762529293674 -100.97390089782508 2
      vertex 13.255303237289422 -100.71922948927075 2
    endloop
  endfacet
  facet normal 0 0 1
    outer loop
      vertex 6.9 -104.00000000149011 2
      vertex 13.311762529293674 -99.42609910217493 2
      vertex 13.390203052415469 -99.1773175467472 2
    endloop
  endfacet
  facet normal 0 0 1
    outer loop
      vertex 6.9 -104.00000000149011 2
      vertex 13.390203052415469 -101.2226824532528 2
      vertex 13.311762529293674 -100.97390089782508 2
    endloop
  endfacet
  facet normal 0 0 1
    outer loop
      vertex 6.9 -104.00000000149011 2
      vertex 13.490027826910165 -101.46368077769874 2
      vertex 13.390203052415469 -101.2226824532528 2
    endloop
  endfacet
  facet normal 0 0 1
    outer loop
      vertex 6.9 -104.00000000149011 2
      vertex 13.61047712596801 -101.69506172839506 2
      vertex 13.490027826910165 -101.46368077769874 2
    endloop
  endfacet
  facet normal 0 0 1
    outer loop
      vertex 6.9 -104.00000000149011 2
      vertex 13.750634257693903 -101.91506435659535 2
      vertex 13.61047712596801 -101.69506172839506 2
    endloop
  endfacet
  facet normal 0 0 1
    outer loop
      vertex 6.9 -104.00000000149011 2
      vertex 13.909432541686215 -102.12201430945778 2
      vertex 13.750634257693903 -101.91506435659535 2
    endloop
  endfacet
  facet normal 0 0 1
    outer loop
      vertex 6.9 -104.00000000149011 2
      vertex 14.085663427118742 -102.31433657288126 2
      vertex 13.909432541686215 -102.12201430945778 2
    endloop
  endfacet
  facet normal 0 0 1
    outer loop
      vertex 6.9 -104.00000000149011 2
      vertex 14.277985690542224 -102.49056745831378 2
      vertex 14.085663427118742 -102.31433657288126 2
    endloop
  endfacet
  facet normal 0 0 1
    outer loop
      vertex 6.9 -104.00000000149011 2
      vertex 14.48493564340465 -102.6493657423061 2
      vertex 14.277985690542224 -102.49056745831378 2
    endloop
  endfacet
  facet normal 0 0 1
    outer loop
      vertex 6.9 -104.00000000149011 2
      vertex 14.704938271604938 -102.78952287403199 2
      vertex 14.48493564340465 -102.6493657423061 2
    endloop
  endfacet
  facet normal 0 0 1
    outer loop
      vertex 6.9 -104.00000000149011 2
      vertex 14.936319222301265 -102.90997217308983 2
      vertex 14.704938271604938 -102.78952287403199 2
    endloop
  endfacet
  facet normal 0 0 1
    outer loop
      vertex 6.9 -104.00000000149011 2
      vertex 15.177317546747197 -103.00979694758453 2
      vertex 14.936319222301265 -102.90997217308983 2
    endloop
  endfacet
  facet normal 0 0 1
    outer loop
      vertex 6.9 -104.00000000149011 2
      vertex 15.42609910217493 -103.08823747070633 2
      vertex 15.177317546747197 -103.00979694758453 2
    endloop
  endfacet
  facet normal 0 0 1
    outer loop
      vertex 6.9 -104.00000000149011 2
      vertex 15.680770510729253 -103.14469676271058 2
      vertex 15.42609910217493 -103.08823747070633 2
    endloop
  endfacet
  facet normal 0 0 1
    outer loop
      vertex 6.9 -104.00000000149011 2
      vertex 15.93939356921626 -103.17874513429409 2
      vertex 15.680770510729253 -103.14469676271058 2
    endloop
  endfacet
  facet normal 0 0 1
    outer loop
      vertex 6.9 -104.00000000149011 2
      vertex 16.2 -103.19012345679013 2
      vertex 15.93939356921626 -103.17874513429409 2
    endloop
  endfacet
  facet normal 0 0 -1
    outer loop
      vertex 3.7000000029802322 -101.27381596565246 0
      vertex 13.29981508148272 -98.84762156242977 0
      vertex 13.192983613485092 -99.10553554135787 0
    endloop
  endfacet
  facet normal 0 0 -1
    outer loop
      vertex 3.7000000029802322 -101.27381596565246 0
      vertex 13.578713458275224 -98.36455540367666 0
      vertex 13.428718707889796 -98.60000000000001 0
    endloop
  endfacet
  facet normal 0 0 -1
    outer loop
      vertex 3.7000000029802322 -101.27381596565246 0
      vertex 13.428718707889796 -98.60000000000001 0
      vertex 13.29981508148272 -98.84762156242977 0
    endloop
  endfacet
  facet normal 0 0 -1
    outer loop
      vertex 3.7000000029802322 -101.27381596565246 0
      vertex 13.10903735587498 -99.37177905567194 0
      vertex 13.048615190360934 -99.64432583146582 0
    endloop
  endfacet
  facet normal 0 0 -1
    outer loop
      vertex 3.7000000029802322 -101.27381596565246 0
      vertex 13.048615190360934 -99.64432583146582 0
      vertex 13.012176966106413 -99.92110162320749 0
    endloop
  endfacet
  facet normal 0 0 -1
    outer loop
      vertex 3.7000000029802322 -101.27381596565246 0
      vertex 13.192983613485092 -99.10553554135787 0
      vertex 13.10903735587498 -99.37177905567194 0
    endloop
  endfacet
  facet normal 0 0 -1
    outer loop
      vertex 3.7000000029802322 -101.27381596565246 0
      vertex 13.012176966106413 -99.92110162320749 0
      vertex 13 -100.2 0
    endloop
  endfacet
  facet normal 0 0 -1
    outer loop
      vertex 3.7000000029802322 -101.27381596565246 0
      vertex 13 -100.2 0
      vertex 13.012176966106413 -100.47889837679251 0
    endloop
  endfacet
  facet normal 0 0 -1
    outer loop
      vertex 3.7000000029802322 -101.27381596565246 0
      vertex 13.012176966106413 -100.47889837679251 0
      vertex 13.048615190360934 -100.75567416853418 0
    endloop
  endfacet
  facet normal 0 0 -1
    outer loop
      vertex 3.7000000029802322 -101.27381596565246 0
      vertex 13.048615190360934 -100.75567416853418 0
      vertex 13.10903735587498 -101.02822094432807 0
    endloop
  endfacet
  facet normal 0 0 -1
    outer loop
      vertex 3.7000000029802322 -101.27381596565246 0
      vertex 13.10903735587498 -101.02822094432807 0
      vertex 13.192983613485092 -101.29446445864214 0
    endloop
  endfacet
  facet normal 0 0 -1
    outer loop
      vertex 5.526184029877186 -103.1 0
      vertex 13.192983613485092 -101.29446445864214 0
      vertex 13.29981508148272 -101.55237843757024 0
    endloop
  endfacet
  facet normal 0 0 -1
    outer loop
      vertex 5.526184029877186 -103.1 0
      vertex 13.29981508148272 -101.55237843757024 0
      vertex 13.428718707889796 -101.8 0
    endloop
  endfacet
  facet normal 0 0 -1
    outer loop
      vertex 5.526184029877186 -103.1 0
      vertex 13.428718707889796 -101.8 0
      vertex 13.578713458275224 -102.03544459632334 0
    endloop
  endfacet
  facet normal 0 0 -1
    outer loop
      vertex 5.526184029877186 -103.1 0
      vertex 13.578713458275224 -102.03544459632334 0
      vertex 13.748657782019269 -102.25692035099692 0
    endloop
  endfacet
  facet normal 0 0 -1
    outer loop
      vertex 5.526184029877186 -103.1 0
      vertex 13.748657782019269 -102.25692035099692 0
      vertex 13.937258300203046 -102.46274169979695 0
    endloop
  endfacet
  facet normal 0 0 -1
    outer loop
      vertex 5.526184029877186 -103.1 0
      vertex 13.937258300203046 -102.46274169979695 0
      vertex 14.143079649003074 -102.65134221798073 0
    endloop
  endfacet
  facet normal 0 0 -1
    outer loop
      vertex 5.526184029877186 -103.1 0
      vertex 14.143079649003074 -102.65134221798073 0
      vertex 14.364555403676652 -102.82128654172477 0
    endloop
  endfacet
  facet normal 0 0 -1
    outer loop
      vertex 5.526184029877186 -103.1 0
      vertex 14.364555403676652 -102.82128654172477 0
      vertex 14.6 -102.9712812921102 0
    endloop
  endfacet
  facet normal 0 0 -1
    outer loop
      vertex 5.526184029877186 -103.1 0
      vertex 14.6 -102.9712812921102 0
      vertex 14.847266337263099 -103.1 0
    endloop
  endfacet
  facet normal 0 0 1
    outer loop
      vertex 2.9000000000000004 -100.00000000149011 2
      vertex 3.2747688531875614 -101.69047305136918 2
      vertex 44.2 -19.1 2
    endloop
  endfacet
  facet normal 0 0 1
    outer loop
      vertex 3.2747688531875614 -101.69047305136918 2
      vertex 6.9 -104.00000000149011 2
      vertex 44.2 -19.1 2
    endloop
  endfacet
  facet normal 0 0 1
    outer loop
      vertex 6.9 -104.00000000149011 2
      vertex 13.390203052415469 -99.1773175467472 2
      vertex 44.2 -19.1 2
    endloop
  endfacet
  facet normal 0 0 1
    outer loop
      vertex 44.2 -19.1 2
      vertex 13.61047712596801 -98.70493827160495 2
      vertex 13.750634257693903 -98.48493564340465 2
    endloop
  endfacet
  facet normal 0 0 1
    outer loop
      vertex 44.2 -19.1 2
      vertex 13.750634257693903 -98.48493564340465 2
      vertex 13.909432541686215 -98.27798569054222 2
    endloop
  endfacet
  facet normal 0 0 1
    outer loop
      vertex 44.2 -19.1 2
      vertex 13.909432541686215 -98.27798569054222 2
      vertex 14.085663427118742 -98.08566342711875 2
    endloop
  endfacet
  facet normal 0 0 1
    outer loop
      vertex 44.2 -19.1 2
      vertex 13.490027826910165 -98.93631922230126 2
      vertex 13.61047712596801 -98.70493827160495 2
    endloop
  endfacet
  facet normal 0 0 1
    outer loop
      vertex 44.2 -19.1 2
      vertex 13.390203052415469 -99.1773175467472 2
      vertex 13.490027826910165 -98.93631922230126 2
    endloop
  endfacet
  facet normal 0 0 1
    outer loop
      vertex 44.2 -19.1 2
      vertex 14.085663427118742 -98.08566342711875 2
      vertex 14.277985690542224 -97.90943254168623 2
    endloop
  endfacet
  facet normal 0 0 1
    outer loop
      vertex 44.2 -19.1 2
      vertex 14.277985690542224 -97.90943254168623 2
      vertex 14.48493564340465 -97.7506342576939 2
    endloop
  endfacet
  facet normal 0 0 1
    outer loop
      vertex 44.2 -19.1 2
      vertex 14.48493564340465 -97.7506342576939 2
      vertex 14.704938271604938 -97.61047712596802 2
    endloop
  endfacet
  facet normal 0 0 1
    outer loop
      vertex 44.2 -19.1 2
      vertex 14.936319222301265 -97.49002782691018 2
      vertex 15.177317546747197 -97.39020305241547 2
    endloop
  endfacet
  facet normal 0 0 1
    outer loop
      vertex 44.2 -19.1 2
      vertex 15.177317546747197 -97.39020305241547 2
      vertex 15.42609910217493 -97.31176252929367 2
    endloop
  endfacet
  facet normal 0 0 1
    outer loop
      vertex 44.2 -19.1 2
      vertex 15.42609910217493 -97.31176252929367 2
      vertex 15.680770510729253 -97.25530323728943 2
    endloop
  endfacet
  facet normal 0 0 1
    outer loop
      vertex 44.2 -19.1 2
      vertex 15.680770510729253 -97.25530323728943 2
      vertex 15.93939356921626 -97.22125486570592 2
    endloop
  endfacet
  facet normal 0 0 1
    outer loop
      vertex 44.2 -19.1 2
      vertex 14.704938271604938 -97.61047712596802 2
      vertex 14.936319222301265 -97.49002782691018 2
    endloop
  endfacet
  facet normal 0 0 1
    outer loop
      vertex 44.2 -19.1 2
      vertex 15.93939356921626 -97.22125486570592 2
      vertex 16.2 -97.20987654320987 2
    endloop
  endfacet
  facet normal 0 0 1
    outer loop
      vertex 44.2 -19.1 2
      vertex 16.2 -97.20987654320987 2
      vertex 16.460606430783738 -97.22125486570592 2
    endloop
  endfacet
  facet normal 0 0 1
    outer loop
      vertex 44.2 -19.1 2
      vertex 16.460606430783738 -97.22125486570592 2
      vertex 16.719229489270745 -97.25530323728943 2
    endloop
  endfacet
  facet normal 0 0 1
    outer loop
      vertex 44.2 -19.1 2
      vertex 16.719229489270745 -97.25530323728943 2
      vertex 16.973900897825068 -97.31176252929367 2
    endloop
  endfacet
  facet normal 0 0 1
    outer loop
      vertex 44.2 -19.1 2
      vertex 16.973900897825068 -97.31176252929367 2
      vertex 17.2226824532528 -97.39020305241547 2
    endloop
  endfacet
  facet normal 0 0 1
    outer loop
      vertex 44.2 -19.1 2
      vertex 17.2226824532528 -97.39020305241547 2
      vertex 17.463680777698734 -97.49002782691018 2
    endloop
  endfacet
  facet normal 0 0 1
    outer loop
      vertex 44.2 -19.1 2
      vertex 17.463680777698734 -97.49002782691018 2
      vertex 17.69506172839506 -97.61047712596802 2
    endloop
  endfacet
  facet normal 0 0 -1
    outer loop
      vertex 10.6 -46.45 0
      vertex 54.05678068101406 -103.09201158434152 0
      vertex 10.6 -60.45 0
    endloop
  endfacet
  facet normal 0 0 -1
    outer loop
      vertex 10.6 -60.45 0
      vertex 36.7 -88.3 0
      vertex 22.7 -88.3 0
    endloop
  endfacet
  facet normal 0 0 -1
    outer loop
      vertex 10.6 -60.45 0
      vertex 22.7 -90.3 0
      vertex 18.256920350996925 -97.74865778201928 0
    endloop
  endfacet
  facet normal 0 0 -1
    outer loop
      vertex 10.6 -60.45 0
      vertex 22.7 -88.3 0
      vertex 22.7 -90.3 0
    endloop
  endfacet
  facet normal 0 0 1
    outer loop
      vertex 6.9 -104.00000000149011 2
      vertex 41.085663427118746 -102.31433657288126 2
      vertex 16.2 -103.19012345679013 2
    endloop
  endfacet
  facet normal -1.7215925934380945e-19 -0.7071067805280018 0.7071067818450933
    outer loop
      vertex 6.9 -104.00000000149011 2
      vertex 6.899999997019767 -104.80000000298023 1.2
      vertex 52.500000005960466 -104.80000000298023 1.2
    endloop
  endfacet
  facet normal 0 -1 0
    outer loop
      vertex 6.899999997019767 -104.80000000298023 1.2
      vertex 6.899999997019767 -104.80000000298023 0.8
      vertex 52.500000005960466 -104.80000000298023 1.2
    endloop
  endfacet
  facet normal -1.0739251105252288e-18 -0.7071067805279995 -0.7071067818450957
    outer loop
      vertex 6.899999997019767 -104.80000000298023 0.8
      vertex 6.8999999999627475 -104.01000000150873 0.010000000000000009
      vertex 52.50000000154599 -104.01000000150873 0.010000000000000009
    endloop
  endfacet
  facet normal 0 0 1
    outer loop
      vertex 17.69506172839506 -97.61047712596802 2
      vertex 17.915064356595348 -97.7506342576939 2
      vertex 40.909432541686215 -98.27798569054222 2
    endloop
  endfacet
  facet normal 0 0 1
    outer loop
      vertex 17.915064356595348 -97.7506342576939 2
      vertex 18.122014309457775 -97.90943254168623 2
      vertex 40.909432541686215 -98.27798569054222 2
    endloop
  endfacet
  facet normal 0 0 1
    outer loop
      vertex 18.122014309457775 -97.90943254168623 2
      vertex 18.314336572881256 -98.08566342711875 2
      vertex 40.909432541686215 -98.27798569054222 2
    endloop
  endfacet
  facet normal 0 0 1
    outer loop
      vertex 18.314336572881256 -98.08566342711875 2
      vertex 18.49056745831378 -98.27798569054222 2
      vertex 40.909432541686215 -98.27798569054222 2
    endloop
  endfacet
  facet normal 0 0 1
    outer loop
      vertex 18.649365742306095 -98.48493564340465 2
      vertex 40.909432541686215 -98.27798569054222 2
      vertex 18.49056745831378 -98.27798569054222 2
    endloop
  endfacet
  facet normal 0 0 1
    outer loop
      vertex 18.649365742306095 -98.48493564340465 2
      vertex 18.789522874031988 -98.70493827160495 2
      vertex 40.75063425769391 -98.48493564340465 2
    endloop
  endfacet
  facet normal 0 0 1
    outer loop
      vertex 18.789522874031988 -98.70493827160495 2
      vertex 18.909972173089834 -98.93631922230126 2
      vertex 40.61047712596802 -98.70493827160495 2
    endloop
  endfacet
  facet normal 0 0 1
    outer loop
      vertex 18.909972173089834 -98.93631922230126 2
      vertex 19.009796947584533 -99.1773175467472 2
      vertex 40.490027826910165 -98.93631922230126 2
    endloop
  endfacet
  facet normal 0 0 1
    outer loop
      vertex 19.009796947584533 -99.1773175467472 2
      vertex 19.088237470706325 -99.42609910217493 2
      vertex 40.39020305241547 -99.1773175467472 2
    endloop
  endfacet
  facet normal 0 0 1
    outer loop
      vertex 19.088237470706325 -99.42609910217493 2
      vertex 19.144696762710577 -99.68077051072926 2
      vertex 40.31176252929368 -99.42609910217493 2
    endloop
  endfacet
  facet normal 0 0 1
    outer loop
      vertex 19.144696762710577 -99.68077051072926 2
      vertex 19.178745134294083 -99.93939356921626 2
      vertex 40.255303237289425 -99.68077051072926 2
    endloop
  endfacet
  facet normal 0 0 1
    outer loop
      vertex 19.190123456790122 -100.2 2
      vertex 40.221254865705916 -99.93939356921626 2
      vertex 19.178745134294083 -99.93939356921626 2
    endloop
  endfacet
  facet normal 0 0 1
    outer loop
      vertex 19.190123456790122 -100.2 2
      vertex 19.178745134294083 -100.46060643078374 2
      vertex 40.20987654320988 -100.2 2
    endloop
  endfacet
  facet normal 0 0 1
    outer loop
      vertex 19.178745134294083 -100.46060643078374 2
      vertex 19.144696762710577 -100.71922948927075 2
      vertex 40.221254865705916 -100.46060643078374 2
    endloop
  endfacet
  facet normal 0 0 1
    outer loop
      vertex 19.009796947584533 -101.2226824532528 2
      vertex 40.31176252929368 -100.97390089782508 2
      vertex 19.088237470706325 -100.97390089782508 2
    endloop
  endfacet
  facet normal 0 0 1
    outer loop
      vertex 19.144696762710577 -100.71922948927075 2
      vertex 19.088237470706325 -100.97390089782508 2
      vertex 40.255303237289425 -100.71922948927075 2
    endloop
  endfacet
  facet normal 0 0 1
    outer loop
      vertex 18.909972173089834 -101.46368077769874 2
      vertex 40.39020305241547 -101.2226824532528 2
      vertex 19.009796947584533 -101.2226824532528 2
    endloop
  endfacet
  facet normal 0 0 1
    outer loop
      vertex 18.649365742306095 -101.91506435659535 2
      vertex 40.61047712596802 -101.69506172839506 2
      vertex 18.789522874031988 -101.69506172839506 2
    endloop
  endfacet
  facet normal 0 0 1
    outer loop
      vertex 18.49056745831378 -102.12201430945778 2
      vertex 18.314336572881256 -102.31433657288126 2
      vertex 40.909432541686215 -102.12201430945778 2
    endloop
  endfacet
  facet normal 0 0 1
    outer loop
      vertex 18.49056745831378 -102.12201430945778 2
      vertex 40.75063425769391 -101.91506435659535 2
      vertex 18.649365742306095 -101.91506435659535 2
    endloop
  endfacet
  facet normal 0 0 1
    outer loop
      vertex 18.789522874031988 -101.69506172839506 2
      vertex 40.490027826910165 -101.46368077769874 2
      vertex 18.909972173089834 -101.46368077769874 2
    endloop
  endfacet
  facet normal 0 0 1
    outer loop
      vertex 41.085663427118746 -102.31433657288126 2
      vertex 16.460606430783738 -103.17874513429409 2
      vertex 16.2 -103.19012345679013 2
    endloop
  endfacet
  facet normal 0 0 1
    outer loop
      vertex 41.085663427118746 -102.31433657288126 2
      vertex 16.719229489270745 -103.14469676271058 2
      vertex 16.460606430783738 -103.17874513429409 2
    endloop
  endfacet
  facet normal 0 0 1
    outer loop
      vertex 41.085663427118746 -102.31433657288126 2
      vertex 16.973900897825068 -103.08823747070633 2
      vertex 16.719229489270745 -103.14469676271058 2
    endloop
  endfacet
  facet normal 0 0 1
    outer loop
      vertex 41.085663427118746 -102.31433657288126 2
      vertex 17.2226824532528 -103.00979694758453 2
      vertex 16.973900897825068 -103.08823747070633 2
    endloop
  endfacet
  facet normal 0 0 1
    outer loop
      vertex 41.085663427118746 -102.31433657288126 2
      vertex 17.463680777698734 -102.90997217308983 2
      vertex 17.2226824532528 -103.00979694758453 2
    endloop
  endfacet
  facet normal 0 0 1
    outer loop
      vertex 41.085663427118746 -102.31433657288126 2
      vertex 17.69506172839506 -102.78952287403199 2
      vertex 17.463680777698734 -102.90997217308983 2
    endloop
  endfacet
  facet normal 0 0 1
    outer loop
      vertex 41.085663427118746 -102.31433657288126 2
      vertex 17.915064356595348 -102.6493657423061 2
      vertex 17.69506172839506 -102.78952287403199 2
    endloop
  endfacet
  facet normal 0 0 1
    outer loop
      vertex 41.085663427118746 -102.31433657288126 2
      vertex 18.122014309457775 -102.49056745831378 2
      vertex 17.915064356595348 -102.6493657423061 2
    endloop
  endfacet
  facet normal 0 0 1
    outer loop
      vertex 41.085663427118746 -102.31433657288126 2
      vertex 18.314336572881256 -102.31433657288126 2
      vertex 18.122014309457775 -102.49056745831378 2
    endloop
  endfacet
  facet normal 0 0 -1
    outer loop
      vertex 22.7 -90.3 0
      vertex 36.7 -90.3 0
      vertex 18.256920350996925 -97.74865778201928 0
    endloop
  endfacet
  facet normal 0 0 -1
    outer loop
      vertex 18.256920350996925 -97.74865778201928 0
      vertex 41.14307964900308 -97.74865778201928 0
      vertex 18.46274169979695 -97.93725830020306 0
    endloop
  endfacet
  facet normal 0 0 -1
    outer loop
      vertex 18.46274169979695 -97.93725830020306 0
      vertex 40.93725830020305 -97.93725830020306 0
      vertex 18.65134221798073 -98.14307964900308 0
    endloop
  endfacet
  facet normal 0 0 -1
    outer loop
      vertex 18.65134221798073 -98.14307964900308 0
      vertex 40.74865778201927 -98.14307964900308 0
      vertex 18.821286541724774 -98.36455540367666 0
    endloop
  endfacet
  facet normal 0 0 -1
    outer loop
      vertex 18.821286541724774 -98.36455540367666 0
      vertex 40.57871345827523 -98.36455540367666 0
      vertex 18.971281292110202 -98.60000000000001 0
    endloop
  endfacet
  facet normal 0 0 -1
    outer loop
      vertex 18.971281292110202 -98.60000000000001 0
      vertex 40.4287187078898 -98.60000000000001 0
      vertex 19.10018491851728 -98.84762156242977 0
    endloop
  endfacet
  facet normal 0 0 -1
    outer loop
      vertex 19.10018491851728 -98.84762156242977 0
      vertex 40.29981508148272 -98.84762156242977 0
      vertex 19.20701638651491 -99.10553554135787 0
    endloop
  endfacet
  facet normal 0 0 -1
    outer loop
      vertex 19.20701638651491 -99.10553554135787 0
      vertex 40.1929836134851 -99.10553554135787 0
      vertex 19.290962644125017 -99.37177905567194 0
    endloop
  endfacet
  facet normal 0 0 -1
    outer loop
      vertex 19.290962644125017 -101.02822094432807 0
      vertex 19.351384809639065 -100.75567416853418 0
      vertex 40.048615190360934 -100.75567416853418 0
    endloop
  endfacet
  facet normal 0 0 -1
    outer loop
      vertex 19.290962644125017 -101.02822094432807 0
      vertex 40.10903735587498 -101.02822094432807 0
      vertex 19.20701638651491 -101.29446445864214 0
    endloop
  endfacet
  facet normal 0 0 -1
    outer loop
      vertex 19.20701638651491 -101.29446445864214 0
      vertex 40.1929836134851 -101.29446445864214 0
      vertex 19.10018491851728 -101.55237843757024 0
    endloop
  endfacet
  facet normal 0 0 -1
    outer loop
      vertex 18.971281292110202 -101.8 0
      vertex 19.10018491851728 -101.55237843757024 0
      vertex 40.29981508148272 -101.55237843757024 0
    endloop
  endfacet
  facet normal 0 0 -1
    outer loop
      vertex 17.5527336627369 -103.1 0
      vertex 17.8 -102.9712812921102 0
      vertex 41.6 -102.9712812921102 0
    endloop
  endfacet
  facet normal 0 0 -1
    outer loop
      vertex 17.8 -102.9712812921102 0
      vertex 18.035444596323348 -102.82128654172477 0
      vertex 41.364555403676654 -102.82128654172477 0
    endloop
  endfacet
  facet normal 0 0 -1
    outer loop
      vertex 18.256920350996925 -102.65134221798073 0
      vertex 18.46274169979695 -102.46274169979695 0
      vertex 41.364555403676654 -102.82128654172477 0
    endloop
  endfacet
  facet normal 0 0 -1
    outer loop
      vertex 18.035444596323348 -102.82128654172477 0
      vertex 18.256920350996925 -102.65134221798073 0
      vertex 41.364555403676654 -102.82128654172477 0
    endloop
  endfacet
  facet normal 0 0 -1
    outer loop
      vertex 18.65134221798073 -102.25692035099692 0
      vertex 41.364555403676654 -102.82128654172477 0
      vertex 18.46274169979695 -102.46274169979695 0
    endloop
  endfacet
  facet normal 0 0 -1
    outer loop
      vertex 19.290962644125017 -99.37177905567194 0
      vertex 40.10903735587498 -99.37177905567194 0
      vertex 19.351384809639065 -99.64432583146582 0
    endloop
  endfacet
  facet normal 0 0 -1
    outer loop
      vertex 19.351384809639065 -99.64432583146582 0
      vertex 40.048615190360934 -99.64432583146582 0
      vertex 19.387823033893586 -99.92110162320749 0
    endloop
  endfacet
  facet normal 0 0 -1
    outer loop
      vertex 19.387823033893586 -99.92110162320749 0
      vertex 40.012176966106416 -99.92110162320749 0
      vertex 19.4 -100.2 0
    endloop
  endfacet
  facet normal 0 0 -1
    outer loop
      vertex 19.4 -100.2 0
      vertex 40 -100.2 0
      vertex 19.387823033893586 -100.47889837679251 0
    endloop
  endfacet
  facet normal 0 0 -1
    outer loop
      vertex 19.387823033893586 -100.47889837679251 0
      vertex 40.012176966106416 -100.47889837679251 0
      vertex 19.351384809639065 -100.75567416853418 0
    endloop
  endfacet
  facet normal 0 0 -1
    outer loop
      vertex 18.821286541724774 -102.03544459632334 0
      vertex 18.971281292110202 -101.8 0
      vertex 41.364555403676654 -102.82128654172477 0
    endloop
  endfacet
  facet normal 0 0 -1
    outer loop
      vertex 18.65134221798073 -102.25692035099692 0
      vertex 18.821286541724774 -102.03544459632334 0
      vertex 41.364555403676654 -102.82128654172477 0
    endloop
  endfacet
  facet normal 0 0 -1
    outer loop
      vertex 3.7000000029802322 -5.6261840298771855 0
      vertex 55.671528086066246 -5.287631763517856 0
      vertex 36.7 -16.599999999999998 0
    endloop
  endfacet
  facet normal 0 0 1
    outer loop
      vertex 15.2 -19.1 2
      vertex 44.2 -19.1 2
      vertex 44.2 -10.9 2
    endloop
  endfacet
  facet normal 0 0.7071067811865475 0.7071067811865476
    outer loop
      vertex 6.899999997019767 -2.1 1.2
      vertex 52.500000001490115 -2.9000000000000004 2
      vertex 52.500000005960466 -2.1 1.2
    endloop
  endfacet
  facet normal 0 1 0
    outer loop
      vertex 6.899999997019767 -2.1 1.2
      vertex 52.500000005960466 -2.1 1.2
      vertex 52.500000005960466 -2.1 0.8
    endloop
  endfacet
  facet normal 0 0.7071067811865474 -0.7071067811865477
    outer loop
      vertex 6.8999999999627475 -2.8900000000000006 0.010000000000000009
      vertex 52.500000005960466 -2.1 0.8
      vertex 52.50000000154599 -2.8900000000000006 0.010000000000000009
    endloop
  endfacet
  facet normal 0 0 1
    outer loop
      vertex 15.2 -10.9 2
      vertex 44.2 -10.9 2
      vertex 52.500000001490115 -2.9000000000000004 2
    endloop
  endfacet
  facet normal 0 0 -1
    outer loop
      vertex 3.7000000029802322 -5.6261840298771855 0
      vertex 53.8738159686327 -3.8000000029802323 0
      vertex 55.671528086066246 -5.287631763517856 0
    endloop
  endfacet
  facet normal 0 0 -1
    outer loop
      vertex 36.7 -16.599999999999998 0
      vertex 55.69999999552965 -5.6261840298771855 0
      vertex 36.7 -18.599999999999998 0
    endloop
  endfacet
  facet normal 0 0 -1
    outer loop
      vertex 22.7 -18.599999999999998 0
      vertex 36.7 -18.599999999999998 0
      vertex 48.800000000000004 -46.45 0
    endloop
  endfacet
  facet normal 0 0 -1
    outer loop
      vertex 22.7 -18.599999999999998 0
      vertex 48.800000000000004 -46.45 0
      vertex 48.800000000000004 -60.45 0
    endloop
  endfacet
  facet normal 0 0 1
    outer loop
      vertex 44.2 -10.9 2
      vertex 49.2 -10.9 2
      vertex 52.500000001490115 -2.9000000000000004 2
    endloop
  endfacet
  facet normal 0 0 -1
    outer loop
      vertex 36.7 -16.599999999999998 0
      vertex 55.671528086066246 -5.287631763517856 0
      vertex 55.69201157987118 -5.443219310045242 0
    endloop
  endfacet
  facet normal 0 0 -1
    outer loop
      vertex 36.7 -16.599999999999998 0
      vertex 55.69201157987118 -5.443219310045242 0
      vertex 55.69999999552965 -5.6261840298771855 0
    endloop
  endfacet
  facet normal 0 0 -1
    outer loop
      vertex 36.7 -18.599999999999998 0
      vertex 55.69999999552965 -5.6261840298771855 0
      vertex 50.800000000000004 -46.45 0
    endloop
  endfacet
  facet normal 0 0 1
    outer loop
      vertex 52.500000001490115 -2.9000000000000004 2
      vertex 53.19459271579981 -2.9607689842581753 2
      vertex 52.848622971773146 -2.9152212083339695 2
    endloop
  endfacet
  facet normal 0.030858247655000393 0.7067700355435824 0.7067700371474344
    outer loop
      vertex 52.500000001490115 -2.9000000000000004 2
      vertex 52.848622971773146 -2.9152212083339695 2
      vertex 52.918347573280336 -2.118265448510647 1.2
    endloop
  endfacet
  facet normal 0.09233987867875453 0.7013910897230858 0.7067700376095857
    outer loop
      vertex 52.848622971773146 -2.9152212083339695 2
      vertex 53.19459271579981 -2.9607689842581753 2
      vertex 52.918347573280336 -2.118265448510647 1.2
    endloop
  endfacet
  facet normal 0.15311878059025982 0.6906741283781569 0.7067700385695654
    outer loop
      vertex 53.19459271579981 -2.9607689842581753 2
      vertex 53.53527618348598 -3.0362966969609264 2
      vertex 53.742331421375276 -2.263556031882763 1.2
    endloop
  endfacet
  facet normal 0.21273232455921043 0.6747007258145504 0.706770039456225
    outer loop
      vertex 53.53527618348598 -3.0362966969609264 2
      vertex 53.868080572783946 -3.141229519248009 2
      vertex 54.14169669747353 -2.389475418627262 1.2
    endloop
  endfacet
  facet normal 0 0 1
    outer loop
      vertex 52.500000001490115 -2.9000000000000004 2
      vertex 54.19047305136919 -3.2747688531875614 2
      vertex 53.19459271579981 -2.9607689842581753 2
    endloop
  endfacet
  facet normal 0 0 1
    outer loop
      vertex 53.19459271579981 -2.9607689842581753 2
      vertex 53.868080572783946 -3.141229519248009 2
      vertex 53.53527618348598 -3.0362966969609264 2
    endloop
  endfacet
  facet normal 0 0 1
    outer loop
      vertex 53.19459271579981 -2.9607689842581753 2
      vertex 54.19047305136919 -3.2747688531875614 2
      vertex 53.868080572783946 -3.141229519248009 2
    endloop
  endfacet
  facet normal 0.030858244951546276 0.706770036318309 0.7067700364907432
    outer loop
      vertex 52.500000001490115 -2.9000000000000004 2
      vertex 52.918347573280336 -2.118265448510647 1.2
      vertex 52.500000005960466 -2.1 1.2
    endloop
  endfacet
  facet normal 0.09233988223968764 0.7013910900967687 0.7067700367735089
    outer loop
      vertex 53.19459271579981 -2.9607689842581753 2
      vertex 53.33351126164198 -2.17292278110981 1.2
      vertex 52.918347573280336 -2.118265448510647 1.2
    endloop
  endfacet
  facet normal 0.15311877427823548 0.6906741314554645 0.7067700369298139
    outer loop
      vertex 53.19459271579981 -2.9607689842581753 2
      vertex 53.742331421375276 -2.263556031882763 1.2
      vertex 53.33351126164198 -2.17292278110981 1.2
    endloop
  endfacet
  facet normal 0.21273232055502994 0.6747007282196171 0.706770038365514
    outer loop
      vertex 53.53527618348598 -3.0362966969609264 2
      vertex 54.14169669747353 -2.389475418627262 1.2
      vertex 53.742331421375276 -2.263556031882763 1.2
    endloop
  endfacet
  facet normal 0 0 1
    outer loop
      vertex 49.2 -10.9 2
      vertex 55.77660817801952 -4.605694258213044 2
      vertex 52.500000001490115 -2.9000000000000004 2
    endloop
  endfacet
  facet normal 0.04361938559670082 0.9990482216590781 0
    outer loop
      vertex 52.500000005960466 -2.1 1.2
      vertex 52.918347573280336 -2.118265448510647 1.2
      vertex 52.500000005960466 -2.1 0.8
    endloop
  endfacet
  facet normal 0.04361938559670082 0.9990482216590781 0
    outer loop
      vertex 52.918347573280336 -2.118265448510647 1.2
      vertex 52.918347573280336 -2.118265448510647 0.8
      vertex 52.500000005960466 -2.1 0.8
    endloop
  endfacet
  facet normal 0.1305261831092384 0.9914448625732717 0
    outer loop
      vertex 52.918347573280336 -2.118265448510647 1.2
      vertex 53.33351126164198 -2.17292278110981 1.2
      vertex 52.918347573280336 -2.118265448510647 0.8
    endloop
  endfacet
  facet normal 0.1305261831092384 0.9914448625732717 0
    outer loop
      vertex 53.33351126164198 -2.17292278110981 1.2
      vertex 53.33351126164198 -2.17292278110981 0.8
      vertex 52.918347573280336 -2.118265448510647 0.8
    endloop
  endfacet
  facet normal 0.2164396216299777 0.9762960054146858 0
    outer loop
      vertex 53.33351126164198 -2.17292278110981 1.2
      vertex 53.742331421375276 -2.263556031882763 1.2
      vertex 53.33351126164198 -2.17292278110981 0.8
    endloop
  endfacet
  facet normal 0.2164396216299777 0.9762960054146858 0
    outer loop
      vertex 53.742331421375276 -2.263556031882763 1.2
      vertex 53.742331421375276 -2.263556031882763 0.8
      vertex 53.33351126164198 -2.17292278110981 0.8
    endloop
  endfacet
  facet normal 0.030858244951546304 0.7067700363183089 -0.7067700364907433
    outer loop
      vertex 52.500000005960466 -2.1 0.8
      vertex 52.918347573280336 -2.118265448510647 0.8
      vertex 52.50522934613749 -2.8902283181063835 0.010000000000000009
    endloop
  endfacet
  facet normal 0.030858244951518003 0.7067700363183096 -0.706770036490744
    outer loop
      vertex 52.500000005960466 -2.1 0.8
      vertex 52.50522934613749 -2.8902283181063835 0.010000000000000009
      vertex 52.50000000154599 -2.8900000000000006 0.010000000000000009
    endloop
  endfacet
  facet normal 0.0308582476550001 0.7067700355435824 -0.7067700371474345
    outer loop
      vertex 52.918347573280336 -2.118265448510647 0.8
      vertex 52.84949452929199 -2.905259261336178 0.010000000000000009
      vertex 52.50522934613749 -2.8902283181063835 0.010000000000000009
    endloop
  endfacet
  facet normal 0.09233987867875512 0.7013910897230858 -0.7067700376095856
    outer loop
      vertex 52.918347573280336 -2.118265448510647 0.8
      vertex 53.19113965151831 -2.950237690061331 0.010000000000000009
      vertex 52.84949452929199 -2.905259261336178 0.010000000000000009
    endloop
  endfacet
  facet normal 0.09233988223968756 0.7013910900967686 -0.7067700367735089
    outer loop
      vertex 52.918347573280336 -2.118265448510647 0.8
      vertex 53.33351126164198 -2.17292278110981 0.8
      vertex 53.19113965151831 -2.950237690061331 0.010000000000000009
    endloop
  endfacet
  facet normal 0.1531187742782355 0.6906741314554645 -0.706770036929814
    outer loop
      vertex 53.33351126164198 -2.17292278110981 0.8
      vertex 53.742331421375276 -2.263556031882763 0.8
      vertex 53.2014394496195 -2.9520538223534825 0.010000000000000009
    endloop
  endfacet
  facet normal 0.2127323205550299 0.6747007282196172 -0.706770038365514
    outer loop
      vertex 53.742331421375276 -2.263556031882763 0.8
      vertex 54.14169669747353 -2.389475418627262 0.8
      vertex 53.54285643991083 -3.028211430981756 0.010000000000000009
    endloop
  endfacet
  facet normal 0.09233988223964436 0.7013910900967759 -0.7067700367735074
    outer loop
      vertex 53.33351126164198 -2.17292278110981 0.8
      vertex 53.19632919762284 -2.950920906718821 0.010000000000000009
      vertex 53.19113965151831 -2.950237690061331 0.010000000000000009
    endloop
  endfacet
  facet normal 0.1531187742783142 0.6906741314554493 -0.7067700369298117
    outer loop
      vertex 53.33351126164198 -2.17292278110981 0.8
      vertex 53.2014394496195 -2.9520538223534825 0.010000000000000009
      vertex 53.19632919762284 -2.950920906718821 0.010000000000000009
    endloop
  endfacet
  facet normal 0.1531187805902596 0.6906741283781568 -0.7067700385695654
    outer loop
      vertex 53.742331421375276 -2.263556031882763 0.8
      vertex 53.5378643739596 -3.0266374386474495 0.010000000000000009
      vertex 53.2014394496195 -2.9520538223534825 0.010000000000000009
    endloop
  endfacet
  facet normal 0.2127323205550397 0.6747007282196146 -0.7067700383655137
    outer loop
      vertex 53.742331421375276 -2.263556031882763 0.8
      vertex 53.54285643991083 -3.028211430981756 0.010000000000000009
      vertex 53.5378643739596 -3.0266374386474495 0.010000000000000009
    endloop
  endfacet
  facet normal 0 0 1
    outer loop
      vertex 49.2 -10.9 2
      vertex 49.2 -19.1 2
      vertex 55.77660817801952 -4.605694258213044 2
    endloop
  endfacet
  facet normal 0 0 1
    outer loop
      vertex 52.500000001490115 -2.9000000000000004 2
      vertex 55.77660817801952 -4.605694258213044 2
      vertex 54.19047305136919 -3.2747688531875614 2
    endloop
  endfacet
  facet normal 0 0 1
    outer loop
      vertex 54.19047305136919 -3.2747688531875614 2
      vertex 54.79430574327707 -3.623391823470593 2
      vertex 54.500000001490115 -3.4358983874320987 2
    endloop
  endfacet
  facet normal 0 0 1
    outer loop
      vertex 54.19047305136919 -3.2747688531875614 2
      vertex 55.07115043848753 -3.835822226107121 2
      vertex 54.79430574327707 -3.623391823470593 2
    endloop
  endfacet
  facet normal 0.27072684870984465 0.6535924450143441 0.7067700398346044
    outer loop
      vertex 53.868080572783946 -3.141229519248009 2
      vertex 54.19047305136919 -3.2747688531875614 2
      vertex 54.14169669747353 -2.389475418627262 1.2
    endloop
  endfacet
  facet normal 0.32666099613180866 0.627509924423245 0.7067700392323573
    outer loop
      vertex 54.19047305136919 -3.2747688531875614 2
      vertex 54.500000001490115 -3.4358983874320987 2
      vertex 54.90000000447035 -2.7430780589580537 1.2
    endloop
  endfacet
  facet normal 0 0 1
    outer loop
      vertex 54.19047305136919 -3.2747688531875614 2
      vertex 55.77660817801952 -4.605694258213044 2
      vertex 55.07115043848753 -3.835822226107121 2
    endloop
  endfacet
  facet normal 0 0 1
    outer loop
      vertex 55.07115043848753 -3.835822226107121 2
      vertex 55.564177775382994 -4.328849563002587 2
      vertex 55.32842712253332 -4.071572878956795 2
    endloop
  endfacet
  facet normal 0 0 1
    outer loop
      vertex 55.07115043848753 -3.835822226107121 2
      vertex 55.77660817801952 -4.605694258213044 2
      vertex 55.564177775382994 -4.328849563002587 2
    endloop
  endfacet
  facet normal 0.3801090423769841 0.5966516804018703 0.7067700391052782
    outer loop
      vertex 54.500000001490115 -3.4358983874320987 2
      vertex 54.79430574327707 -3.623391823470593 2
      vertex 54.90000000447035 -2.7430780589580537 1.2
    endloop
  endfacet
  facet normal 0.4306642281959917 0.561252558547213 0.7067700390343087
    outer loop
      vertex 54.79430574327707 -3.623391823470593 2
      vertex 55.07115043848753 -3.835822226107121 2
      vertex 55.58538053035736 -3.2229866668581963 1.2
    endloop
  endfacet
  facet normal 0.4779418146435189 0.5215819500475366 0.7067700412438755
    outer loop
      vertex 55.07115043848753 -3.835822226107121 2
      vertex 55.32842712253332 -4.071572878956795 2
      vertex 55.89411255568266 -3.505887447297573 1.2
    endloop
  endfacet
  facet normal 0.270726852218537 0.6535924444580361 0.7067700390050582
    outer loop
      vertex 54.19047305136919 -3.2747688531875614 2
      vertex 54.52856766283512 -2.549722617864609 1.2
      vertex 54.14169669747353 -2.389475418627262 1.2
    endloop
  endfacet
  facet normal 0.326660995229491 0.6275099252073597 0.7067700389532172
    outer loop
      vertex 54.19047305136919 -3.2747688531875614 2
      vertex 54.90000000447035 -2.7430780589580537 1.2
      vertex 54.52856766283512 -2.549722617864609 1.2
    endloop
  endfacet
  facet normal 0.3801090438754261 0.5966516798856423 0.7067700387351961
    outer loop
      vertex 54.79430574327707 -3.623391823470593 2
      vertex 55.25316689759493 -2.968070185184479 1.2
      vertex 54.90000000447035 -2.7430780589580537 1.2
    endloop
  endfacet
  facet normal 0.4306642278951872 0.561252558918552 0.7067700389227175
    outer loop
      vertex 54.79430574327707 -3.623391823470593 2
      vertex 55.58538053035736 -3.2229866668581963 1.2
      vertex 55.25316689759493 -2.968070185184479 1.2
    endloop
  endfacet
  facet normal 0.47794180957347815 0.5215819575615414 0.7067700391272252
    outer loop
      vertex 55.07115043848753 -3.835822226107121 2
      vertex 55.89411255568266 -3.505887447297573 1.2
      vertex 55.58538053035736 -3.2229866668581963 1.2
    endloop
  endfacet
  facet normal 0.5215819500175713 0.47794181461606083 0.7067700412845571
    outer loop
      vertex 55.32842712253332 -4.071572878956795 2
      vertex 55.564177775382994 -4.328849563002587 2
      vertex 55.89411255568266 -3.505887447297573 1.2
    endloop
  endfacet
  facet normal 0.5612525584507253 0.43066422812195415 0.7067700391560445
    outer loop
      vertex 55.564177775382994 -4.328849563002587 2
      vertex 55.77660817801952 -4.605694258213044 2
      vertex 56.17701333612204 -3.8146194726228715 1.2
    endloop
  endfacet
  facet normal 0.5215819575315761 0.47794180954602006 0.7067700391679073
    outer loop
      vertex 55.564177775382994 -4.328849563002587 2
      vertex 56.17701333612204 -3.8146194726228715 1.2
      vertex 55.89411255568266 -3.505887447297573 1.2
    endloop
  endfacet
  facet normal 0.5612525588220638 0.43066422782114994 0.7067700390444537
    outer loop
      vertex 56.17701333612204 -3.8146194726228715 1.2
      vertex 55.77660817801952 -4.605694258213044 2
      vertex 56.431929817795755 -4.146833105385303 1.2
    endloop
  endfacet
  facet normal 0.5966516797155543 0.38010904376706817 0.7067700389370596
    outer loop
      vertex 56.431929817795755 -4.146833105385303 1.2
      vertex 55.77660817801952 -4.605694258213044 2
      vertex 56.65692194402218 -4.4999999985098835 1.2
    endloop
  endfacet
  facet normal 0 0 1
    outer loop
      vertex 55.77660817801952 -4.605694258213044 2
      vertex 56.125231148302554 -5.209526950120926 2
      vertex 55.964101614058016 -4.9 2
    endloop
  endfacet
  facet normal 0 0 1
    outer loop
      vertex 55.77660817801952 -4.605694258213044 2
      vertex 56.43923101723194 -6.205407285690308 2
      vertex 56.125231148302554 -5.209526950120926 2
    endloop
  endfacet
  facet normal 0 0 1
    outer loop
      vertex 56.125231148302554 -5.209526950120926 2
      vertex 56.43923101723194 -6.205407285690308 2
      vertex 56.258770482242106 -5.5319194287061695 2
    endloop
  endfacet
  facet normal 0 0 1
    outer loop
      vertex 55.77660817801952 -4.605694258213044 2
      vertex 56.500000001490115 -6.9 2
      vertex 56.43923101723194 -6.205407285690308 2
    endloop
  endfacet
  facet normal 0 0 1
    outer loop
      vertex 56.258770482242106 -5.5319194287061695 2
      vertex 56.43923101723194 -6.205407285690308 2
      vertex 56.36370330452919 -5.864723818004132 2
    endloop
  endfacet
  facet normal 0.5966516802317823 0.380109042268626 0.7067700393071419
    outer loop
      vertex 56.65692194402218 -4.4999999985098835 1.2
      vertex 55.77660817801952 -4.605694258213044 2
      vertex 55.964101614058016 -4.9 2
    endloop
  endfacet
  facet normal 0.6275099241747154 0.32666099600243215 0.706770039512812
    outer loop
      vertex 56.65692194402218 -4.4999999985098835 1.2
      vertex 55.964101614058016 -4.9 2
      vertex 56.125231148302554 -5.209526950120926 2
    endloop
  endfacet
  facet normal 0.6535924446849147 0.2707268485733905 0.7067700401915161
    outer loop
      vertex 56.125231148302554 -5.209526950120926 2
      vertex 56.258770482242106 -5.5319194287061695 2
      vertex 57.01052458435297 -5.258303305506706 1.2
    endloop
  endfacet
  facet normal 0.6747007254042211 0.21273232442983409 0.7067700398868769
    outer loop
      vertex 56.258770482242106 -5.5319194287061695 2
      vertex 56.36370330452919 -5.864723818004132 2
      vertex 57.01052458435297 -5.258303305506706 1.2
    endloop
  endfacet
  facet normal 0.690674127889386 0.15311878048190192 0.7067700390706806
    outer loop
      vertex 56.36370330452919 -5.864723818004132 2
      vertex 56.43923101723194 -6.205407285690308 2
      vertex 57.13644397109747 -5.657668581604957 1.2
    endloop
  endfacet
  facet normal 0 0 1
    outer loop
      vertex 56.43923101723194 -6.205407285690308 2
      vertex 56.500000001490115 -6.9 2
      vertex 56.484778793156146 -6.551377029716969 2
    endloop
  endfacet
  facet normal 0.7013910891607146 0.09233987860471696 0.70677003817735
    outer loop
      vertex 56.43923101723194 -6.205407285690308 2
      vertex 56.484778793156146 -6.551377029716969 2
      vertex 57.28173455446959 -6.481652429699897 1.2
    endloop
  endfacet
  facet normal 0.7067700349146888 0.0308582476275423 0.7067700377775269
    outer loop
      vertex 56.484778793156146 -6.551377029716969 2
      vertex 56.500000001490115 -6.9 2
      vertex 57.28173455446959 -6.481652429699897 1.2
    endloop
  endfacet
  facet normal 0.6275099249588302 0.3266609951001147 0.706770039233672
    outer loop
      vertex 56.65692194402218 -4.4999999985098835 1.2
      vertex 56.125231148302554 -5.209526950120926 2
      vertex 56.850277385115625 -4.871432340145111 1.2
    endloop
  endfacet
  facet normal 0.6535924441286066 0.27072685208208286 0.7067700393619698
    outer loop
      vertex 56.125231148302554 -5.209526950120926 2
      vertex 57.01052458435297 -5.258303305506706 1.2
      vertex 56.850277385115625 -4.871432340145111 1.2
    endloop
  endfacet
  facet normal 0.6747007278092879 0.21273232042565365 0.7067700387961661
    outer loop
      vertex 56.36370330452919 -5.864723818004132 2
      vertex 57.13644397109747 -5.657668581604957 1.2
      vertex 57.01052458435297 -5.258303305506706 1.2
    endloop
  endfacet
  facet normal 0.6906741309666935 0.1531187741698776 0.706770037430929
    outer loop
      vertex 56.43923101723194 -6.205407285690308 2
      vertex 57.227077221870424 -6.066488741338253 1.2
      vertex 57.13644397109747 -5.657668581604957 1.2
    endloop
  endfacet
  facet normal 0.7013910895343974 0.09233988216565012 0.7067700373412732
    outer loop
      vertex 56.43923101723194 -6.205407285690308 2
      vertex 57.28173455446959 -6.481652429699897 1.2
      vertex 57.227077221870424 -6.066488741338253 1.2
    endloop
  endfacet
  facet normal 0.7067700356894154 0.030858244924088236 0.7067700371208355
    outer loop
      vertex 56.500000001490115 -6.9 2
      vertex 57.300000002980234 -6.899999997019767 1.2
      vertex 57.28173455446959 -6.481652429699897 1.2
    endloop
  endfacet
  facet normal 0.3007057970506209 0.9537169515218605 0
    outer loop
      vertex 53.742331421375276 -2.263556031882763 1.2
      vertex 54.14169669747353 -2.389475418627262 1.2
      vertex 54.14169669747353 -2.389475418627262 0.8
    endloop
  endfacet
  facet normal 0.38268342929981514 0.923879533780965 0
    outer loop
      vertex 54.14169669747353 -2.389475418627262 1.2
      vertex 54.52856766283512 -2.549722617864609 1.2
      vertex 54.14169669747353 -2.389475418627262 0.8
    endloop
  endfacet
  facet normal 0.3007057970506209 0.9537169515218605 0
    outer loop
      vertex 53.742331421375276 -2.263556031882763 1.2
      vertex 54.14169669747353 -2.389475418627262 0.8
      vertex 53.742331421375276 -2.263556031882763 0.8
    endloop
  endfacet
  facet normal 0.38268342929981514 0.923879533780965 0
    outer loop
      vertex 54.52856766283512 -2.549722617864609 1.2
      vertex 54.52856766283512 -2.549722617864609 0.8
      vertex 54.14169669747353 -2.389475418627262 0.8
    endloop
  endfacet
  facet normal 0.4617486179865573 0.8870108307047352 0
    outer loop
      vertex 54.52856766283512 -2.549722617864609 1.2
      vertex 54.90000000447035 -2.7430780589580537 0.8
      vertex 54.52856766283512 -2.549722617864609 0.8
    endloop
  endfacet
  facet normal 0.4617486179865573 0.8870108307047352 0
    outer loop
      vertex 54.52856766283512 -2.549722617864609 1.2
      vertex 54.90000000447035 -2.7430780589580537 1.2
      vertex 54.90000000447035 -2.7430780589580537 0.8
    endloop
  endfacet
  facet normal 0.5372996109202608 0.8433914441734255 0
    outer loop
      vertex 54.90000000447035 -2.7430780589580537 1.2
      vertex 55.25316689759493 -2.968070185184479 1.2
      vertex 55.25316689759493 -2.968070185184479 0.8
    endloop
  endfacet
  facet normal 0.5372996109202608 0.8433914441734255 0
    outer loop
      vertex 54.90000000447035 -2.7430780589580537 1.2
      vertex 55.25316689759493 -2.968070185184479 0.8
      vertex 54.90000000447035 -2.7430780589580537 0.8
    endloop
  endfacet
  facet normal 0.6087614222156522 0.7933533455037399 0
    outer loop
      vertex 55.25316689759493 -2.968070185184479 1.2
      vertex 55.58538053035736 -3.2229866668581963 1.2
      vertex 55.25316689759493 -2.968070185184479 0.8
    endloop
  endfacet
  facet normal 0.6087614222156522 0.7933533455037399 0
    outer loop
      vertex 55.58538053035736 -3.2229866668581963 1.2
      vertex 55.58538053035736 -3.2229866668581963 0.8
      vertex 55.25316689759493 -2.968070185184479 0.8
    endloop
  endfacet
  facet normal 0.2707268522185371 0.6535924444580362 -0.706770039005058
    outer loop
      vertex 54.14169669747353 -2.389475418627262 0.8
      vertex 54.52856766283512 -2.549722617864609 0.8
      vertex 54.189863346945494 -3.2637026852555575 0.010000000000000009
    endloop
  endfacet
  facet normal 0.32666099522949077 0.6275099252073594 -0.7067700389532177
    outer loop
      vertex 54.52856766283512 -2.549722617864609 0.8
      vertex 54.90000000447035 -2.7430780589580537 0.8
      vertex 54.19934213828295 -3.2681227182596926 0.010000000000000009
    endloop
  endfacet
  facet normal 0.2127323245592105 0.6747007258145503 -0.7067700394562249
    outer loop
      vertex 54.14169669747353 -2.389475418627262 0.8
      vertex 53.871500774342564 -3.1318325929902495 0.010000000000000009
      vertex 53.54285643991083 -3.028211430981756 0.010000000000000009
    endloop
  endfacet
  facet normal 0.2707268487098439 0.6535924450143444 -0.7067700398346046
    outer loop
      vertex 54.14169669747353 -2.389475418627262 0.8
      vertex 54.189863346945494 -3.2637026852555575 0.010000000000000009
      vertex 53.871500774342564 -3.1318325929902495 0.010000000000000009
    endloop
  endfacet
  facet normal 0.27072685221867526 0.6535924444579762 -0.7067700390050606
    outer loop
      vertex 54.52856766283512 -2.549722617864609 0.8
      vertex 54.19469923401251 -3.2657057752460243 0.010000000000000009
      vertex 54.189863346945494 -3.2637026852555575 0.010000000000000009
    endloop
  endfacet
  facet normal 0.32666099522950565 0.6275099252073488 -0.70677003895322
    outer loop
      vertex 54.52856766283512 -2.549722617864609 0.8
      vertex 54.19934213828295 -3.2681227182596926 0.010000000000000009
      vertex 54.19469923401251 -3.2657057752460243 0.010000000000000009
    endloop
  endfacet
  facet normal 0.32666099613180427 0.6275099244232483 -0.7067700392323564
    outer loop
      vertex 54.90000000447035 -2.7430780589580537 0.8
      vertex 54.50500000152737 -3.427238133326173 0.010000000000000009
      vertex 54.19934213828295 -3.2681227182596926 0.010000000000000009
    endloop
  endfacet
  facet normal 0.3801090438754262 0.5966516798856424 -0.7067700387351957
    outer loop
      vertex 54.90000000447035 -2.7430780589580537 0.8
      vertex 55.25316689759493 -2.968070185184479 0.8
      vertex 54.79562692154199 -3.612387901414186 0.010000000000000009
    endloop
  endfacet
  facet normal 0.4306642278951868 0.5612525589185514 -0.7067700389227183
    outer loop
      vertex 55.25316689759493 -2.968070185184479 0.8
      vertex 55.58538053035736 -3.2229866668581963 0.8
      vertex 54.80419417811557 -3.618386759012938 0.010000000000000009
    endloop
  endfacet
  facet normal 0.47794180957347765 0.5215819575615408 -0.7067700391272261
    outer loop
      vertex 55.58538053035736 -3.2229866668581963 0.8
      vertex 55.89411255568266 -3.505887447297573 0.8
      vertex 55.081437464952465 -3.8316980413720017 0.010000000000000009
    endloop
  endfacet
  facet normal 0.38010904237698695 0.5966516804018694 -0.7067700391052774
    outer loop
      vertex 54.90000000447035 -2.7430780589580537 0.8
      vertex 54.79562692154199 -3.612387901414186 0.010000000000000009
      vertex 54.50500000152737 -3.427238133326173 0.010000000000000009
    endloop
  endfacet
  facet normal 0.380109043875274 0.5966516798857425 -0.7067700387351932
    outer loop
      vertex 55.25316689759493 -2.968070185184479 0.8
      vertex 54.80004150770605 -3.6152003029920166 0.010000000000000009
      vertex 54.79562692154199 -3.612387901414186 0.010000000000000009
    endloop
  endfacet
  facet normal 0.43066422789556474 0.5612525589182785 -0.7067700389227047
    outer loop
      vertex 55.25316689759493 -2.968070185184479 0.8
      vertex 54.80419417811557 -3.618386759012938 0.010000000000000009
      vertex 54.80004150770605 -3.6152003029920166 0.010000000000000009
    endloop
  endfacet
  facet normal 0.43066422819599015 0.5612525585472138 -0.7067700390343089
    outer loop
      vertex 55.58538053035736 -3.2229866668581963 0.8
      vertex 55.0775783146359 -3.8281617816165094 0.010000000000000009
      vertex 54.80419417811557 -3.618386759012938 0.010000000000000009
    endloop
  endfacet
  facet normal 0.4779418095735776 0.5215819575614536 -0.7067700391272228
    outer loop
      vertex 55.58538053035736 -3.2229866668581963 0.8
      vertex 55.081437464952465 -3.8316980413720017 0.010000000000000009
      vertex 55.0775783146359 -3.8281617816165094 0.010000000000000009
    endloop
  endfacet
  facet normal 0.47794181464351587 0.5215819500475397 -0.706770041243875
    outer loop
      vertex 55.89411255568266 -3.505887447297573 0.8
      vertex 55.33549819044769 -4.064501811061055 0.010000000000000009
      vertex 55.081437464952465 -3.8316980413720017 0.010000000000000009
    endloop
  endfacet
  facet normal 0.6755902091945097 0.737277335363375 0
    outer loop
      vertex 55.58538053035736 -3.2229866668581963 1.2
      vertex 55.89411255568266 -3.505887447297573 1.2
      vertex 55.58538053035736 -3.2229866668581963 0.8
    endloop
  endfacet
  facet normal 0.6755902091945097 0.737277335363375 0
    outer loop
      vertex 55.89411255568266 -3.505887447297573 1.2
      vertex 55.89411255568266 -3.505887447297573 0.8
      vertex 55.58538053035736 -3.2229866668581963 0.8
    endloop
  endfacet
  facet normal 0.737277335363375 0.6755902091945097 0
    outer loop
      vertex 55.89411255568266 -3.505887447297573 1.2
      vertex 56.17701333612204 -3.8146194726228715 0.8
      vertex 55.89411255568266 -3.505887447297573 0.8
    endloop
  endfacet
  facet normal 0.737277335363375 0.6755902091945097 0
    outer loop
      vertex 55.89411255568266 -3.505887447297573 1.2
      vertex 56.17701333612204 -3.8146194726228715 1.2
      vertex 56.17701333612204 -3.8146194726228715 0.8
    endloop
  endfacet
  facet normal 0.7933533455037395 0.6087614222156528 1.3035084825780236e-17
    outer loop
      vertex 56.17701333612204 -3.8146194726228715 1.2
      vertex 56.431929817795755 -4.146833105385303 1.2
      vertex 56.431929817795755 -4.146833105385303 0.8
    endloop
  endfacet
  facet normal 0.7933533455037395 0.6087614222156528 0
    outer loop
      vertex 56.17701333612204 -3.8146194726228715 1.2
      vertex 56.431929817795755 -4.146833105385303 0.8
      vertex 56.17701333612204 -3.8146194726228715 0.8
    endloop
  endfacet
  facet normal 0.8433914441734255 0.5372996109202608 0
    outer loop
      vertex 56.431929817795755 -4.146833105385303 1.2
      vertex 56.65692194402218 -4.4999999985098835 1.2
      vertex 56.431929817795755 -4.146833105385303 0.8
    endloop
  endfacet
  facet normal 0.8433914441734255 0.5372996109202608 0
    outer loop
      vertex 56.65692194402218 -4.4999999985098835 1.2
      vertex 56.65692194402218 -4.4999999985098835 0.8
      vertex 56.431929817795755 -4.146833105385303 0.8
    endloop
  endfacet
  facet normal 0.5215819575315769 0.47794180954602083 -0.7067700391679062
    outer loop
      vertex 55.89411255568266 -3.505887447297573 0.8
      vertex 56.17701333612204 -3.8146194726228715 0.8
      vertex 55.56830196013674 -4.318562536556274 0.010000000000000009
    endloop
  endfacet
  facet normal 0.5612525588220633 0.43066422782114944 -0.7067700390444543
    outer loop
      vertex 56.17701333612204 -3.8146194726228715 0.8
      vertex 56.431929817795755 -4.146833105385303 0.8
      vertex 55.7816132424958 -4.5958058233931665 0.010000000000000009
    endloop
  endfacet
  facet normal 0.5966516797155546 0.3801090437670683 -0.7067700389370593
    outer loop
      vertex 56.431929817795755 -4.146833105385303 0.8
      vertex 56.65692194402218 -4.4999999985098835 0.8
      vertex 55.787612100094556 -4.604373079966754 0.010000000000000009
    endloop
  endfacet
  facet normal 0.5215819500175687 0.4779418146160639 -0.706770041284557
    outer loop
      vertex 55.89411255568266 -3.505887447297573 0.8
      vertex 55.56830196013674 -4.318562536556274 0.010000000000000009
      vertex 55.33549819044769 -4.064501811061055 0.010000000000000009
    endloop
  endfacet
  facet normal 0.5215819575316003 0.4779418095459918 -0.7067700391679084
    outer loop
      vertex 56.17701333612204 -3.8146194726228715 0.8
      vertex 55.571838219892236 -4.322421686872841 0.010000000000000009
      vertex 55.56830196013674 -4.318562536556274 0.010000000000000009
    endloop
  endfacet
  facet normal 0.5612525584507316 0.43066422812194793 -0.7067700391560432
    outer loop
      vertex 56.17701333612204 -3.8146194726228715 0.8
      vertex 55.7816132424958 -4.5958058233931665 0.010000000000000009
      vertex 55.571838219892236 -4.322421686872841 0.010000000000000009
    endloop
  endfacet
  facet normal 0.5612525588216885 0.43066422782166436 -0.7067700390444382
    outer loop
      vertex 56.431929817795755 -4.146833105385303 0.8
      vertex 55.78479969851673 -4.5999584938026965 0.010000000000000009
      vertex 55.7816132424958 -4.5958058233931665 0.010000000000000009
    endloop
  endfacet
  facet normal 0.5966516797157407 0.38010904376679755 -0.7067700389370478
    outer loop
      vertex 56.431929817795755 -4.146833105385303 0.8
      vertex 55.787612100094556 -4.604373079966754 0.010000000000000009
      vertex 55.78479969851673 -4.5999584938026965 0.010000000000000009
    endloop
  endfacet
  facet normal 0.8870108307047352 0.4617486179865573 0
    outer loop
      vertex 56.65692194402218 -4.4999999985098835 1.2
      vertex 56.850277385115625 -4.871432340145111 1.2
      vertex 56.850277385115625 -4.871432340145111 0.8
    endloop
  endfacet
  facet normal 0.8870108307047352 0.4617486179865573 0
    outer loop
      vertex 56.65692194402218 -4.4999999985098835 1.2
      vertex 56.850277385115625 -4.871432340145111 0.8
      vertex 56.65692194402218 -4.4999999985098835 0.8
    endloop
  endfacet
  facet normal 0.923879533780965 0.38268342929981514 0
    outer loop
      vertex 56.850277385115625 -4.871432340145111 1.2
      vertex 57.01052458435297 -5.258303305506706 1.2
      vertex 57.01052458435297 -5.258303305506706 0.8
    endloop
  endfacet
  facet normal 0.923879533780965 0.38268342929981514 0
    outer loop
      vertex 56.850277385115625 -4.871432340145111 1.2
      vertex 57.01052458435297 -5.258303305506706 0.8
      vertex 56.850277385115625 -4.871432340145111 0.8
    endloop
  endfacet
  facet normal 0.9537169515218605 0.3007057970506209 0
    outer loop
      vertex 57.01052458435297 -5.258303305506706 1.2
      vertex 57.13644397109747 -5.657668581604957 1.2
      vertex 57.13644397109747 -5.657668581604957 0.8
    endloop
  endfacet
  facet normal 0.9762960054146858 0.2164396216299777 0
    outer loop
      vertex 57.13644397109747 -5.657668581604957 1.2
      vertex 57.227077221870424 -6.066488741338253 1.2
      vertex 57.13644397109747 -5.657668581604957 0.8
    endloop
  endfacet
  facet normal 0.9537169515218605 0.3007057970506209 0
    outer loop
      vertex 57.01052458435297 -5.258303305506706 1.2
      vertex 57.13644397109747 -5.657668581604957 0.8
      vertex 57.01052458435297 -5.258303305506706 0.8
    endloop
  endfacet
  facet normal 0.9762960054146858 0.2164396216299777 0
    outer loop
      vertex 57.227077221870424 -6.066488741338253 1.2
      vertex 57.227077221870424 -6.066488741338253 0.8
      vertex 57.13644397109747 -5.657668581604957 0.8
    endloop
  endfacet
  facet normal 0.9914448625732717 0.1305261831092384 0
    outer loop
      vertex 57.227077221870424 -6.066488741338253 1.2
      vertex 57.28173455446959 -6.481652429699897 1.2
      vertex 57.227077221870424 -6.066488741338253 0.8
    endloop
  endfacet
  facet normal 0.9990482216590781 0.04361938559670082 0
    outer loop
      vertex 57.28173455446959 -6.481652429699897 1.2
      vertex 57.300000002980234 -6.899999997019767 1.2
      vertex 57.300000002980234 -6.899999997019767 0.8
    endloop
  endfacet
  facet normal 0.9914448625732717 0.1305261831092384 0
    outer loop
      vertex 57.28173455446959 -6.481652429699897 1.2
      vertex 57.28173455446959 -6.481652429699897 0.8
      vertex 57.227077221870424 -6.066488741338253 0.8
    endloop
  endfacet
  facet normal 0.9990482216590781 0.04361938559670082 0
    outer loop
      vertex 57.28173455446959 -6.481652429699897 1.2
      vertex 57.300000002980234 -6.899999997019767 0.8
      vertex 57.28173455446959 -6.481652429699897 0.8
    endloop
  endfacet
  facet normal 0.5966516802317842 0.38010904226862163 -0.7067700393071428
    outer loop
      vertex 56.65692194402218 -4.4999999985098835 0.8
      vertex 55.972761868182566 -4.894999999981374 0.010000000000000009
      vertex 55.787612100094556 -4.604373079966754 0.010000000000000009
    endloop
  endfacet
  facet normal 0.6275099241747085 0.3266609960024429 -0.7067700395128133
    outer loop
      vertex 56.65692194402218 -4.4999999985098835 0.8
      vertex 56.131877283249054 -5.200657863225788 0.010000000000000009
      vertex 55.972761868182566 -4.894999999981374 0.010000000000000009
    endloop
  endfacet
  facet normal 0.6275099249590553 0.32666099509964924 -0.7067700392336872
    outer loop
      vertex 56.850277385115625 -4.871432340145111 0.8
      vertex 56.13429422626272 -5.205300767496229 0.010000000000000009
      vertex 56.131877283249054 -5.200657863225788 0.010000000000000009
    endloop
  endfacet
  facet normal 0.6535924441286026 0.2707268520820921 -0.7067700393619698
    outer loop
      vertex 56.850277385115625 -4.871432340145111 0.8
      vertex 56.136297316253184 -5.210136654563248 0.010000000000000009
      vertex 56.13429422626272 -5.205300767496229 0.010000000000000009
    endloop
  endfacet
  facet normal 0.6275099249588318 0.32666099510011554 -0.70677003923367
    outer loop
      vertex 56.65692194402218 -4.4999999985098835 0.8
      vertex 56.850277385115625 -4.871432340145111 0.8
      vertex 56.131877283249054 -5.200657863225788 0.010000000000000009
    endloop
  endfacet
  facet normal 0.6535924441286067 0.27072685208208297 -0.7067700393619695
    outer loop
      vertex 56.850277385115625 -4.871432340145111 0.8
      vertex 57.01052458435297 -5.258303305506706 0.8
      vertex 56.136297316253184 -5.210136654563248 0.010000000000000009
    endloop
  endfacet
  facet normal 0.6747007278092888 0.21273232042565388 -0.7067700387961652
    outer loop
      vertex 57.01052458435297 -5.258303305506706 0.8
      vertex 57.13644397109747 -5.657668581604957 0.8
      vertex 56.37178857052699 -5.857143561597914 0.010000000000000009
    endloop
  endfacet
  facet normal 0.6906741309666937 0.15311877416987763 -0.7067700374309287
    outer loop
      vertex 57.13644397109747 -5.657668581604957 0.8
      vertex 57.227077221870424 -6.066488741338253 0.8
      vertex 56.44794617915526 -6.1985605518892415 0.010000000000000009
    endloop
  endfacet
  facet normal 0.6535924446849145 0.2707268485733928 -0.7067700401915152
    outer loop
      vertex 57.01052458435297 -5.258303305506706 0.8
      vertex 56.268167408518494 -5.528499227166177 0.010000000000000009
      vertex 56.136297316253184 -5.210136654563248 0.010000000000000009
    endloop
  endfacet
  facet normal 0.6747007254042215 0.21273232442983472 -0.7067700398868763
    outer loop
      vertex 57.01052458435297 -5.258303305506706 0.8
      vertex 56.37178857052699 -5.857143561597914 0.010000000000000009
      vertex 56.268167408518494 -5.528499227166177 0.010000000000000009
    endloop
  endfacet
  facet normal 0.6747007278092396 0.21273232042582232 -0.7067700387961614
    outer loop
      vertex 57.13644397109747 -5.657668581604957 0.8
      vertex 56.373362562861296 -5.862135627549142 0.010000000000000009
      vertex 56.37178857052699 -5.857143561597914 0.010000000000000009
    endloop
  endfacet
  facet normal 0.6906741278893888 0.1531187804818966 -0.706770039070679
    outer loop
      vertex 57.13644397109747 -5.657668581604957 0.8
      vertex 56.44794617915526 -6.1985605518892415 0.010000000000000009
      vertex 56.373362562861296 -5.862135627549142 0.010000000000000009
    endloop
  endfacet
  facet normal 0.6906741309666521 0.15311877417008748 -0.706770037430924
    outer loop
      vertex 57.227077221870424 -6.066488741338253 0.8
      vertex 56.44907909478992 -6.203670803885907 0.010000000000000009
      vertex 56.44794617915526 -6.1985605518892415 0.010000000000000009
    endloop
  endfacet
  facet normal 0.7013910895344867 0.09233988216507616 -0.7067700373412596
    outer loop
      vertex 57.227077221870424 -6.066488741338253 0.8
      vertex 56.44976231144741 -6.208860349990428 0.010000000000000009
      vertex 56.44907909478992 -6.203670803885907 0.010000000000000009
    endloop
  endfacet
  facet normal 0.7013910895343964 0.09233988216564987 -0.7067700373412742
    outer loop
      vertex 57.227077221870424 -6.066488741338253 0.8
      vertex 57.28173455446959 -6.481652429699897 0.8
      vertex 56.44976231144741 -6.208860349990428 0.010000000000000009
    endloop
  endfacet
  facet normal 0.7067700356894143 0.030858244924088174 -0.7067700371208366
    outer loop
      vertex 57.28173455446959 -6.481652429699897 0.8
      vertex 57.300000002980234 -6.899999997019767 0.8
      vertex 56.509771683402356 -6.894770655371249 0.010000000000000009
    endloop
  endfacet
  facet normal 0.7013910891607148 0.09233987860472863 -0.7067700381773481
    outer loop
      vertex 57.28173455446959 -6.481652429699897 0.8
      vertex 56.49474074017257 -6.550505472216756 0.010000000000000009
      vertex 56.44976231144741 -6.208860349990428 0.010000000000000009
    endloop
  endfacet
  facet normal 0.7067700349146911 0.030858247627530873 -0.706770037777525
    outer loop
      vertex 57.28173455446959 -6.481652429699897 0.8
      vertex 56.509771683402356 -6.894770655371249 0.010000000000000009
      vertex 56.49474074017257 -6.550505472216756 0.010000000000000009
    endloop
  endfacet
  facet normal 0.7067700356894038 0.03085824492466263 -0.7067700371208222
    outer loop
      vertex 57.300000002980234 -6.899999997019767 0.8
      vertex 56.51000000150874 -6.8999999999627475 0.010000000000000009
      vertex 56.509771683402356 -6.894770655371249 0.010000000000000009
    endloop
  endfacet
  facet normal 0 0 -1
    outer loop
      vertex 53.8738159686327 -3.8000000029802323 0
      vertex 54.05678068101406 -3.8079884111881257 0
      vertex 54.21236822754145 -3.8284719049930573 0
    endloop
  endfacet
  facet normal 0 0 -1
    outer loop
      vertex 53.8738159686327 -3.8000000029802323 0
      vertex 54.21236822754145 -3.8284719049930573 0
      vertex 54.365578353405 -3.8624377682805062 0
    endloop
  endfacet
  facet normal 0 0 -1
    outer loop
      vertex 53.8738159686327 -3.8000000029802323 0
      vertex 54.365578353405 -3.8624377682805062 0
      vertex 54.515245229005814 -3.9096275478601457 0
    endloop
  endfacet
  facet normal 0 0 -1
    outer loop
      vertex 53.8738159686327 -3.8000000029802323 0
      vertex 54.515245229005814 -3.9096275478601457 0
      vertex 54.66022974997759 -3.969682103395462 0
    endloop
  endfacet
  facet normal 0 0 -1
    outer loop
      vertex 53.8738159686327 -3.8000000029802323 0
      vertex 54.66022974997759 -3.969682103395462 0
      vertex 54.79942836612463 -4.042144319415092 0
    endloop
  endfacet
  facet normal 0 0 -1
    outer loop
      vertex 53.8738159686327 -3.8000000029802323 0
      vertex 54.79942836612463 -4.042144319415092 0
      vertex 54.9317818954587 -4.126462823152542 0
    endloop
  endfacet
  facet normal 0 0 -1
    outer loop
      vertex 53.8738159686327 -3.8000000029802323 0
      vertex 54.9317818954587 -4.126462823152542 0
      vertex 55.056282840669155 -4.221995754539966 0
    endloop
  endfacet
  facet normal 0 0 -1
    outer loop
      vertex 53.8738159686327 -3.8000000029802323 0
      vertex 55.056282840669155 -4.221995754539966 0
      vertex 55.1719838231802 -4.328016167879104 0
    endloop
  endfacet
  facet normal 0 0 -1
    outer loop
      vertex 53.8738159686327 -3.8000000029802323 0
      vertex 55.1719838231802 -4.328016167879104 0
      vertex 55.27800423651934 -4.443717150390148 0
    endloop
  endfacet
  facet normal 0 0 -1
    outer loop
      vertex 53.8738159686327 -3.8000000029802323 0
      vertex 55.27800423651934 -4.443717150390148 0
      vertex 55.37353716790676 -4.568218095600605 0
    endloop
  endfacet
  facet normal 0 0 -1
    outer loop
      vertex 53.8738159686327 -3.8000000029802323 0
      vertex 55.37353716790676 -4.568218095600605 0
      vertex 55.45785567164421 -4.700571624934673 0
    endloop
  endfacet
  facet normal 0 0 -1
    outer loop
      vertex 53.8738159686327 -3.8000000029802323 0
      vertex 55.45785567164421 -4.700571624934673 0
      vertex 55.53031788766384 -4.839770241081714 0
    endloop
  endfacet
  facet normal 0 0 -1
    outer loop
      vertex 53.8738159686327 -3.8000000029802323 0
      vertex 55.53031788766384 -4.839770241081714 0
      vertex 55.59037244319916 -4.984754762053489 0
    endloop
  endfacet
  facet normal 0 0 -1
    outer loop
      vertex 53.8738159686327 -3.8000000029802323 0
      vertex 55.59037244319916 -4.984754762053489 0
      vertex 55.6375622227788 -5.134421637654304 0
    endloop
  endfacet
  facet normal 0 0 -1
    outer loop
      vertex 53.8738159686327 -3.8000000029802323 0
      vertex 55.6375622227788 -5.134421637654304 0
      vertex 55.671528086066246 -5.287631763517856 0
    endloop
  endfacet
  facet normal 0 0 -1
    outer loop
      vertex 36.7 -18.599999999999998 0
      vertex 50.800000000000004 -46.45 0
      vertex 48.800000000000004 -46.45 0
    endloop
  endfacet
  facet normal 0 0 1
    outer loop
      vertex 44.2 -19.1 2
      vertex 56.125231148302554 -101.69047305136918 2
      vertex 49.2 -19.1 2
    endloop
  endfacet
  facet normal 0 0 1
    outer loop
      vertex 55.77660817801952 -4.605694258213044 2
      vertex 56.125231148302554 -101.69047305136918 2
      vertex 56.500000001490115 -6.9 2
    endloop
  endfacet
  facet normal 0.7071067805280018 8.432290254417863e-20 0.7071067818450933
    outer loop
      vertex 56.500000001490115 -6.9 2
      vertex 57.300000002980234 -100.00000000596046 1.2
      vertex 57.300000002980234 -6.899999997019767 1.2
    endloop
  endfacet
  facet normal 1 0 0
    outer loop
      vertex 57.300000002980234 -6.899999997019767 1.2
      vertex 57.300000002980234 -100.00000000596046 1.2
      vertex 57.300000002980234 -6.899999997019767 0.8
    endloop
  endfacet
  facet normal 0.7071067805280027 0 -0.7071067818450925
    outer loop
      vertex 57.300000002980234 -6.899999997019767 0.8
      vertex 57.300000002980234 -100.00000000596046 0.8
      vertex 56.51000000150874 -6.8999999999627475 0.010000000000000009
    endloop
  endfacet
  facet normal 0 0 1
    outer loop
      vertex 49.2 -19.1 2
      vertex 56.125231148302554 -101.69047305136918 2
      vertex 55.77660817801952 -4.605694258213044 2
    endloop
  endfacet
  facet normal 0 0 -1
    outer loop
      vertex 55.69999999552965 -5.6261840298771855 0
      vertex 54.365578353405 -103.03756222724914 0
      vertex 50.800000000000004 -46.45 0
    endloop
  endfacet
  facet normal 0 0 -1
    outer loop
      vertex 3.7000000029802322 -5.6261840298771855 0
      vertex 48.800000000000004 -60.45 0
      vertex 54.21236822754145 -103.07152809053659 0
    endloop
  endfacet
  facet normal 0 0 1
    outer loop
      vertex 44.2 -19.1 2
      vertex 17.69506172839506 -97.61047712596802 2
      vertex 40.909432541686215 -98.27798569054222 2
    endloop
  endfacet
  facet normal 0 0 1
    outer loop
      vertex 44.2 -19.1 2
      vertex 41.085663427118746 -98.08566342711875 2
      vertex 41.27798569054223 -97.90943254168623 2
    endloop
  endfacet
  facet normal 0 0 1
    outer loop
      vertex 44.2 -19.1 2
      vertex 40.909432541686215 -98.27798569054222 2
      vertex 41.085663427118746 -98.08566342711875 2
    endloop
  endfacet
  facet normal 0 0 1
    outer loop
      vertex 44.2 -19.1 2
      vertex 41.27798569054223 -97.90943254168623 2
      vertex 41.48493564340465 -97.7506342576939 2
    endloop
  endfacet
  facet normal 0 0 1
    outer loop
      vertex 44.2 -19.1 2
      vertex 41.48493564340465 -97.7506342576939 2
      vertex 41.70493827160494 -97.61047712596802 2
    endloop
  endfacet
  facet normal 0 0 1
    outer loop
      vertex 44.2 -19.1 2
      vertex 41.70493827160494 -97.61047712596802 2
      vertex 41.93631922230127 -97.49002782691018 2
    endloop
  endfacet
  facet normal 0 0 1
    outer loop
      vertex 44.2 -19.1 2
      vertex 41.93631922230127 -97.49002782691018 2
      vertex 42.1773175467472 -97.39020305241547 2
    endloop
  endfacet
  facet normal 0 0 1
    outer loop
      vertex 44.2 -19.1 2
      vertex 42.1773175467472 -97.39020305241547 2
      vertex 42.42609910217494 -97.31176252929367 2
    endloop
  endfacet
  facet normal 0 0 1
    outer loop
      vertex 44.2 -19.1 2
      vertex 42.42609910217494 -97.31176252929367 2
      vertex 42.68077051072925 -97.25530323728943 2
    endloop
  endfacet
  facet normal 0 0 1
    outer loop
      vertex 44.2 -19.1 2
      vertex 42.68077051072925 -97.25530323728943 2
      vertex 42.939393569216264 -97.22125486570592 2
    endloop
  endfacet
  facet normal 0 0 1
    outer loop
      vertex 44.2 -19.1 2
      vertex 42.939393569216264 -97.22125486570592 2
      vertex 43.2 -97.20987654320987 2
    endloop
  endfacet
  facet normal 0 0 -1
    outer loop
      vertex 10.6 -60.45 0
      vertex 54.05678068101406 -103.09201158434152 0
      vertex 36.7 -88.3 0
    endloop
  endfacet
  facet normal 0 0 1
    outer loop
      vertex 6.9 -104.00000000149011 2
      vertex 41.27798569054223 -102.49056745831378 2
      vertex 41.085663427118746 -102.31433657288126 2
    endloop
  endfacet
  facet normal 0 0 1
    outer loop
      vertex 6.9 -104.00000000149011 2
      vertex 41.48493564340465 -102.6493657423061 2
      vertex 41.27798569054223 -102.49056745831378 2
    endloop
  endfacet
  facet normal 0 0 1
    outer loop
      vertex 6.9 -104.00000000149011 2
      vertex 41.70493827160494 -102.78952287403199 2
      vertex 41.48493564340465 -102.6493657423061 2
    endloop
  endfacet
  facet normal 0 0 1
    outer loop
      vertex 6.9 -104.00000000149011 2
      vertex 41.93631922230127 -102.90997217308983 2
      vertex 41.70493827160494 -102.78952287403199 2
    endloop
  endfacet
  facet normal 0 0 1
    outer loop
      vertex 6.9 -104.00000000149011 2
      vertex 42.1773175467472 -103.00979694758453 2
      vertex 41.93631922230127 -102.90997217308983 2
    endloop
  endfacet
  facet normal 0 0 1
    outer loop
      vertex 6.9 -104.00000000149011 2
      vertex 42.42609910217494 -103.08823747070633 2
      vertex 42.1773175467472 -103.00979694758453 2
    endloop
  endfacet
  facet normal 0 0 1
    outer loop
      vertex 6.9 -104.00000000149011 2
      vertex 42.68077051072925 -103.14469676271058 2
      vertex 42.42609910217494 -103.08823747070633 2
    endloop
  endfacet
  facet normal 0 0 1
    outer loop
      vertex 6.9 -104.00000000149011 2
      vertex 42.939393569216264 -103.17874513429409 2
      vertex 42.68077051072925 -103.14469676271058 2
    endloop
  endfacet
  facet normal 0 0 1
    outer loop
      vertex 18.909972173089834 -98.93631922230126 2
      vertex 40.490027826910165 -98.93631922230126 2
      vertex 40.61047712596802 -98.70493827160495 2
    endloop
  endfacet
  facet normal 0 0 1
    outer loop
      vertex 18.649365742306095 -98.48493564340465 2
      vertex 40.75063425769391 -98.48493564340465 2
      vertex 40.909432541686215 -98.27798569054222 2
    endloop
  endfacet
  facet normal 0 0 1
    outer loop
      vertex 18.789522874031988 -98.70493827160495 2
      vertex 40.61047712596802 -98.70493827160495 2
      vertex 40.75063425769391 -98.48493564340465 2
    endloop
  endfacet
  facet normal 0 0 1
    outer loop
      vertex 19.009796947584533 -99.1773175467472 2
      vertex 40.39020305241547 -99.1773175467472 2
      vertex 40.490027826910165 -98.93631922230126 2
    endloop
  endfacet
  facet normal 0 0 1
    outer loop
      vertex 19.088237470706325 -99.42609910217493 2
      vertex 40.31176252929368 -99.42609910217493 2
      vertex 40.39020305241547 -99.1773175467472 2
    endloop
  endfacet
  facet normal 0 0 1
    outer loop
      vertex 19.144696762710577 -99.68077051072926 2
      vertex 40.255303237289425 -99.68077051072926 2
      vertex 40.31176252929368 -99.42609910217493 2
    endloop
  endfacet
  facet normal 0 0 1
    outer loop
      vertex 19.178745134294083 -99.93939356921626 2
      vertex 40.221254865705916 -99.93939356921626 2
      vertex 40.255303237289425 -99.68077051072926 2
    endloop
  endfacet
  facet normal 0 0 1
    outer loop
      vertex 19.190123456790122 -100.2 2
      vertex 40.20987654320988 -100.2 2
      vertex 40.221254865705916 -99.93939356921626 2
    endloop
  endfacet
  facet normal 0 0 1
    outer loop
      vertex 19.178745134294083 -100.46060643078374 2
      vertex 40.221254865705916 -100.46060643078374 2
      vertex 40.20987654320988 -100.2 2
    endloop
  endfacet
  facet normal 0 0 1
    outer loop
      vertex 19.144696762710577 -100.71922948927075 2
      vertex 40.255303237289425 -100.71922948927075 2
      vertex 40.221254865705916 -100.46060643078374 2
    endloop
  endfacet
  facet normal 0 0 1
    outer loop
      vertex 19.088237470706325 -100.97390089782508 2
      vertex 40.31176252929368 -100.97390089782508 2
      vertex 40.255303237289425 -100.71922948927075 2
    endloop
  endfacet
  facet normal 0 0 1
    outer loop
      vertex 19.009796947584533 -101.2226824532528 2
      vertex 40.39020305241547 -101.2226824532528 2
      vertex 40.31176252929368 -100.97390089782508 2
    endloop
  endfacet
  facet normal 0 0 1
    outer loop
      vertex 18.909972173089834 -101.46368077769874 2
      vertex 40.490027826910165 -101.46368077769874 2
      vertex 40.39020305241547 -101.2226824532528 2
    endloop
  endfacet
  facet normal 0 0 1
    outer loop
      vertex 18.789522874031988 -101.69506172839506 2
      vertex 40.61047712596802 -101.69506172839506 2
      vertex 40.490027826910165 -101.46368077769874 2
    endloop
  endfacet
  facet normal 0 0 1
    outer loop
      vertex 18.649365742306095 -101.91506435659535 2
      vertex 40.75063425769391 -101.91506435659535 2
      vertex 40.61047712596802 -101.69506172839506 2
    endloop
  endfacet
  facet normal 0 0 1
    outer loop
      vertex 18.49056745831378 -102.12201430945778 2
      vertex 40.909432541686215 -102.12201430945778 2
      vertex 40.75063425769391 -101.91506435659535 2
    endloop
  endfacet
  facet normal 0 0 1
    outer loop
      vertex 18.314336572881256 -102.31433657288126 2
      vertex 41.085663427118746 -102.31433657288126 2
      vertex 40.909432541686215 -102.12201430945778 2
    endloop
  endfacet
  facet normal 0 0 1
    outer loop
      vertex 6.9 -104.00000000149011 2
      vertex 52.848622971773146 -103.98477879315614 2
      vertex 42.939393569216264 -103.17874513429409 2
    endloop
  endfacet
  facet normal 0 0 -1
    outer loop
      vertex 18.256920350996925 -97.74865778201928 0
      vertex 36.7 -90.3 0
      vertex 42.64432583146583 -97.04861519036093 0
    endloop
  endfacet
  facet normal 0 0 -1
    outer loop
      vertex 19.387823033893586 -99.92110162320749 0
      vertex 40.048615190360934 -99.64432583146582 0
      vertex 40.012176966106416 -99.92110162320749 0
    endloop
  endfacet
  facet normal 0 0 -1
    outer loop
      vertex 19.4 -100.2 0
      vertex 40.012176966106416 -99.92110162320749 0
      vertex 40 -100.2 0
    endloop
  endfacet
  facet normal 0 0 -1
    outer loop
      vertex 19.387823033893586 -100.47889837679251 0
      vertex 40 -100.2 0
      vertex 40.012176966106416 -100.47889837679251 0
    endloop
  endfacet
  facet normal 0 0 -1
    outer loop
      vertex 19.351384809639065 -100.75567416853418 0
      vertex 40.012176966106416 -100.47889837679251 0
      vertex 40.048615190360934 -100.75567416853418 0
    endloop
  endfacet
  facet normal 0 0 -1
    outer loop
      vertex 19.290962644125017 -101.02822094432807 0
      vertex 40.048615190360934 -100.75567416853418 0
      vertex 40.10903735587498 -101.02822094432807 0
    endloop
  endfacet
  facet normal 0 0 -1
    outer loop
      vertex 18.65134221798073 -98.14307964900308 0
      vertex 40.93725830020305 -97.93725830020306 0
      vertex 40.74865778201927 -98.14307964900308 0
    endloop
  endfacet
  facet normal 0 0 -1
    outer loop
      vertex 18.46274169979695 -97.93725830020306 0
      vertex 41.14307964900308 -97.74865778201928 0
      vertex 40.93725830020305 -97.93725830020306 0
    endloop
  endfacet
  facet normal 0 0 -1
    outer loop
      vertex 18.971281292110202 -98.60000000000001 0
      vertex 40.57871345827523 -98.36455540367666 0
      vertex 40.4287187078898 -98.60000000000001 0
    endloop
  endfacet
  facet normal 0 0 -1
    outer loop
      vertex 19.20701638651491 -99.10553554135787 0
      vertex 40.29981508148272 -98.84762156242977 0
      vertex 40.1929836134851 -99.10553554135787 0
    endloop
  endfacet
  facet normal 0 0 -1
    outer loop
      vertex 19.10018491851728 -98.84762156242977 0
      vertex 40.4287187078898 -98.60000000000001 0
      vertex 40.29981508148272 -98.84762156242977 0
    endloop
  endfacet
  facet normal 0 0 -1
    outer loop
      vertex 18.821286541724774 -98.36455540367666 0
      vertex 40.74865778201927 -98.14307964900308 0
      vertex 40.57871345827523 -98.36455540367666 0
    endloop
  endfacet
  facet normal 0 0 -1
    outer loop
      vertex 18.256920350996925 -97.74865778201928 0
      vertex 41.364555403676654 -97.57871345827523 0
      vertex 41.14307964900308 -97.74865778201928 0
    endloop
  endfacet
  facet normal 0 0 -1
    outer loop
      vertex 18.256920350996925 -97.74865778201928 0
      vertex 41.6 -97.4287187078898 0
      vertex 41.364555403676654 -97.57871345827523 0
    endloop
  endfacet
  facet normal 0 0 -1
    outer loop
      vertex 18.256920350996925 -97.74865778201928 0
      vertex 41.847621562429765 -97.29981508148272 0
      vertex 41.6 -97.4287187078898 0
    endloop
  endfacet
  facet normal 0 0 -1
    outer loop
      vertex 18.256920350996925 -97.74865778201928 0
      vertex 42.10553554135786 -97.1929836134851 0
      vertex 41.847621562429765 -97.29981508148272 0
    endloop
  endfacet
  facet normal 0 0 -1
    outer loop
      vertex 18.256920350996925 -97.74865778201928 0
      vertex 42.37177905567194 -97.10903735587499 0
      vertex 42.10553554135786 -97.1929836134851 0
    endloop
  endfacet
  facet normal 0 0 -1
    outer loop
      vertex 18.256920350996925 -97.74865778201928 0
      vertex 42.64432583146583 -97.04861519036093 0
      vertex 42.37177905567194 -97.10903735587499 0
    endloop
  endfacet
  facet normal 0 0 -1
    outer loop
      vertex 19.290962644125017 -99.37177905567194 0
      vertex 40.1929836134851 -99.10553554135787 0
      vertex 40.10903735587498 -99.37177905567194 0
    endloop
  endfacet
  facet normal 0 0 -1
    outer loop
      vertex 19.351384809639065 -99.64432583146582 0
      vertex 40.10903735587498 -99.37177905567194 0
      vertex 40.048615190360934 -99.64432583146582 0
    endloop
  endfacet
  facet normal 0 0 -1
    outer loop
      vertex 19.20701638651491 -101.29446445864214 0
      vertex 40.10903735587498 -101.02822094432807 0
      vertex 40.1929836134851 -101.29446445864214 0
    endloop
  endfacet
  facet normal 0 0 -1
    outer loop
      vertex 19.10018491851728 -101.55237843757024 0
      vertex 40.1929836134851 -101.29446445864214 0
      vertex 40.29981508148272 -101.55237843757024 0
    endloop
  endfacet
  facet normal 0 0 -1
    outer loop
      vertex 18.971281292110202 -101.8 0
      vertex 40.29981508148272 -101.55237843757024 0
      vertex 40.4287187078898 -101.8 0
    endloop
  endfacet
  facet normal 0 0 -1
    outer loop
      vertex 18.971281292110202 -101.8 0
      vertex 40.4287187078898 -101.8 0
      vertex 40.57871345827523 -102.03544459632334 0
    endloop
  endfacet
  facet normal 0 0 -1
    outer loop
      vertex 18.971281292110202 -101.8 0
      vertex 40.57871345827523 -102.03544459632334 0
      vertex 40.74865778201927 -102.25692035099692 0
    endloop
  endfacet
  facet normal 0 0 -1
    outer loop
      vertex 18.971281292110202 -101.8 0
      vertex 40.74865778201927 -102.25692035099692 0
      vertex 40.93725830020305 -102.46274169979695 0
    endloop
  endfacet
  facet normal 0 0 -1
    outer loop
      vertex 18.971281292110202 -101.8 0
      vertex 40.93725830020305 -102.46274169979695 0
      vertex 41.14307964900308 -102.65134221798073 0
    endloop
  endfacet
  facet normal 0 0 -1
    outer loop
      vertex 17.8 -102.9712812921102 0
      vertex 41.364555403676654 -102.82128654172477 0
      vertex 41.6 -102.9712812921102 0
    endloop
  endfacet
  facet normal 0 0 -1
    outer loop
      vertex 17.5527336627369 -103.1 0
      vertex 41.6 -102.9712812921102 0
      vertex 41.8472663372631 -103.1 0
    endloop
  endfacet
  facet normal 0 0 -1
    outer loop
      vertex 18.971281292110202 -101.8 0
      vertex 41.14307964900308 -102.65134221798073 0
      vertex 41.364555403676654 -102.82128654172477 0
    endloop
  endfacet
  facet normal 0 0 -1
    outer loop
      vertex 10.6 -46.45 0
      vertex 54.21236822754145 -103.07152809053659 0
      vertex 54.05678068101406 -103.09201158434152 0
    endloop
  endfacet
  facet normal 0 0 1
    outer loop
      vertex 6.9 -104.00000000149011 2
      vertex 52.500000001490115 -104.00000000149011 2
      vertex 52.848622971773146 -103.98477879315614 2
    endloop
  endfacet
  facet normal 0 -0.7071067805280018 0.7071067818450932
    outer loop
      vertex 6.9 -104.00000000149011 2
      vertex 52.500000005960466 -104.80000000298023 1.2
      vertex 52.500000001490115 -104.00000000149011 2
    endloop
  endfacet
  facet normal 0 -1 0
    outer loop
      vertex 6.899999997019767 -104.80000000298023 0.8
      vertex 52.500000005960466 -104.80000000298023 0.8
      vertex 52.500000005960466 -104.80000000298023 1.2
    endloop
  endfacet
  facet normal 0 -0.7071067805279995 -0.7071067818450956
    outer loop
      vertex 6.899999997019767 -104.80000000298023 0.8
      vertex 52.50000000154599 -104.01000000150873 0.010000000000000009
      vertex 52.500000005960466 -104.80000000298023 0.8
    endloop
  endfacet
  facet normal 0 0 -1
    outer loop
      vertex 36.7 -90.3 0
      vertex 42.9211016232075 -97.01217696610642 0
      vertex 42.64432583146583 -97.04861519036093 0
    endloop
  endfacet
  facet normal 0 0 -1
    outer loop
      vertex 36.7 -90.3 0
      vertex 43.2 -97 0
      vertex 42.9211016232075 -97.01217696610642 0
    endloop
  endfacet
  facet normal 0 0 -1
    outer loop
      vertex 36.7 -90.3 0
      vertex 43.47889837679251 -97.01217696610642 0
      vertex 43.2 -97 0
    endloop
  endfacet
  facet normal 0 0 -1
    outer loop
      vertex 36.7 -90.3 0
      vertex 43.75567416853418 -97.04861519036093 0
      vertex 43.47889837679251 -97.01217696610642 0
    endloop
  endfacet
  facet normal 0 0 -1
    outer loop
      vertex 36.7 -90.3 0
      vertex 44.02822094432807 -97.10903735587499 0
      vertex 43.75567416853418 -97.04861519036093 0
    endloop
  endfacet
  facet normal 0 0 -1
    outer loop
      vertex 36.7 -90.3 0
      vertex 44.294464458642146 -97.1929836134851 0
      vertex 44.02822094432807 -97.10903735587499 0
    endloop
  endfacet
  facet normal 0 0 -1
    outer loop
      vertex 36.7 -88.3 0
      vertex 54.05678068101406 -103.09201158434152 0
      vertex 36.7 -90.3 0
    endloop
  endfacet
  facet normal 0 0 -1
    outer loop
      vertex 36.7 -90.3 0
      vertex 44.55237843757024 -97.29981508148272 0
      vertex 44.294464458642146 -97.1929836134851 0
    endloop
  endfacet
  facet normal 0 0 -1
    outer loop
      vertex 36.7 -90.3 0
      vertex 44.800000000000004 -97.4287187078898 0
      vertex 44.55237843757024 -97.29981508148272 0
    endloop
  endfacet
  facet normal 0 0 -1
    outer loop
      vertex 36.7 -90.3 0
      vertex 45.03544459632335 -97.57871345827523 0
      vertex 44.800000000000004 -97.4287187078898 0
    endloop
  endfacet
  facet normal 0 0 -1
    outer loop
      vertex 36.7 -90.3 0
      vertex 45.25692035099693 -97.74865778201928 0
      vertex 45.03544459632335 -97.57871345827523 0
    endloop
  endfacet
  facet normal 0 0 1
    outer loop
      vertex 44.2 -19.1 2
      vertex 43.2 -97.20987654320987 2
      vertex 43.46060643078374 -97.22125486570592 2
    endloop
  endfacet
  facet normal 0 0 1
    outer loop
      vertex 44.2 -19.1 2
      vertex 43.46060643078374 -97.22125486570592 2
      vertex 43.71922948927075 -97.25530323728943 2
    endloop
  endfacet
  facet normal 0 0 1
    outer loop
      vertex 44.2 -19.1 2
      vertex 43.71922948927075 -97.25530323728943 2
      vertex 43.97390089782507 -97.31176252929367 2
    endloop
  endfacet
  facet normal 0 0 1
    outer loop
      vertex 44.2 -19.1 2
      vertex 43.97390089782507 -97.31176252929367 2
      vertex 44.22268245325281 -97.39020305241547 2
    endloop
  endfacet
  facet normal 0 0 1
    outer loop
      vertex 44.2 -19.1 2
      vertex 44.22268245325281 -97.39020305241547 2
      vertex 44.463680777698734 -97.49002782691018 2
    endloop
  endfacet
  facet normal 0 0 1
    outer loop
      vertex 44.2 -19.1 2
      vertex 44.463680777698734 -97.49002782691018 2
      vertex 44.69506172839507 -97.61047712596802 2
    endloop
  endfacet
  facet normal 0 0 1
    outer loop
      vertex 44.2 -19.1 2
      vertex 44.69506172839507 -97.61047712596802 2
      vertex 44.91506435659536 -97.7506342576939 2
    endloop
  endfacet
  facet normal 0 0 1
    outer loop
      vertex 44.2 -19.1 2
      vertex 44.91506435659536 -97.7506342576939 2
      vertex 45.122014309457775 -97.90943254168623 2
    endloop
  endfacet
  facet normal 0 0 1
    outer loop
      vertex 44.2 -19.1 2
      vertex 45.122014309457775 -97.90943254168623 2
      vertex 45.31433657288126 -98.08566342711875 2
    endloop
  endfacet
  facet normal 0 0 1
    outer loop
      vertex 44.2 -19.1 2
      vertex 45.31433657288126 -98.08566342711875 2
      vertex 45.49056745831379 -98.27798569054222 2
    endloop
  endfacet
  facet normal 0 0 1
    outer loop
      vertex 44.2 -19.1 2
      vertex 45.49056745831379 -98.27798569054222 2
      vertex 45.649365742306095 -98.48493564340465 2
    endloop
  endfacet
  facet normal 0 0 1
    outer loop
      vertex 44.2 -19.1 2
      vertex 45.649365742306095 -98.48493564340465 2
      vertex 45.78952287403199 -98.70493827160495 2
    endloop
  endfacet
  facet normal 0 0 1
    outer loop
      vertex 44.2 -19.1 2
      vertex 45.78952287403199 -98.70493827160495 2
      vertex 45.90997217308984 -98.93631922230126 2
    endloop
  endfacet
  facet normal 0 0 1
    outer loop
      vertex 44.2 -19.1 2
      vertex 45.90997217308984 -98.93631922230126 2
      vertex 46.00979694758453 -99.1773175467472 2
    endloop
  endfacet
  facet normal 0 0 1
    outer loop
      vertex 44.2 -19.1 2
      vertex 46.00979694758453 -99.1773175467472 2
      vertex 46.088237470706325 -99.42609910217493 2
    endloop
  endfacet
  facet normal 0 0 1
    outer loop
      vertex 44.2 -19.1 2
      vertex 46.088237470706325 -99.42609910217493 2
      vertex 46.14469676271058 -99.68077051072926 2
    endloop
  endfacet
  facet normal 0 0 1
    outer loop
      vertex 44.2 -19.1 2
      vertex 46.14469676271058 -99.68077051072926 2
      vertex 46.17874513429409 -99.93939356921626 2
    endloop
  endfacet
  facet normal 0 0 1
    outer loop
      vertex 44.2 -19.1 2
      vertex 46.17874513429409 -99.93939356921626 2
      vertex 46.190123456790126 -100.2 2
    endloop
  endfacet
  facet normal 0 0 1
    outer loop
      vertex 44.2 -19.1 2
      vertex 46.190123456790126 -100.2 2
      vertex 56.125231148302554 -101.69047305136918 2
    endloop
  endfacet
  facet normal 0 0 1
    outer loop
      vertex 56.500000001490115 -6.9 2
      vertex 56.125231148302554 -101.69047305136918 2
      vertex 56.500000001490115 -100.00000000149011 2
    endloop
  endfacet
  facet normal 0.7071067805280017 0 0.7071067818450932
    outer loop
      vertex 56.500000001490115 -6.9 2
      vertex 56.500000001490115 -100.00000000149011 2
      vertex 57.300000002980234 -100.00000000596046 1.2
    endloop
  endfacet
  facet normal 1 0 0
    outer loop
      vertex 57.300000002980234 -6.899999997019767 0.8
      vertex 57.300000002980234 -100.00000000596046 1.2
      vertex 57.300000002980234 -100.00000000596046 0.8
    endloop
  endfacet
  facet normal 0.7071067805280026 0 -0.7071067818450923
    outer loop
      vertex 56.51000000150874 -6.8999999999627475 0.010000000000000009
      vertex 57.300000002980234 -100.00000000596046 0.8
      vertex 56.51000000150874 -100.00000000154598 0.010000000000000009
    endloop
  endfacet
  facet normal 0 0 -1
    outer loop
      vertex 50.800000000000004 -46.45 0
      vertex 54.365578353405 -103.03756222724914 0
      vertex 50.800000000000004 -60.45 0
    endloop
  endfacet
  facet normal 0 0 -1
    outer loop
      vertex 48.800000000000004 -60.45 0
      vertex 50.800000000000004 -60.45 0
      vertex 54.365578353405 -103.03756222724914 0
    endloop
  endfacet
  facet normal 0 0 -1
    outer loop
      vertex 55.69999999552965 -5.6261840298771855 0
      vertex 54.515245229005814 -102.9903724476695 0
      vertex 54.365578353405 -103.03756222724914 0
    endloop
  endfacet
  facet normal 0 0 -1
    outer loop
      vertex 55.69999999552965 -5.6261840298771855 0
      vertex 54.66022974997759 -102.93031789213418 0
      vertex 54.515245229005814 -102.9903724476695 0
    endloop
  endfacet
  facet normal 0 0 -1
    outer loop
      vertex 55.69999999552965 -5.6261840298771855 0
      vertex 54.79942836612463 -102.85785567611455 0
      vertex 54.66022974997759 -102.93031789213418 0
    endloop
  endfacet
  facet normal 0 0 -1
    outer loop
      vertex 55.69999999552965 -5.6261840298771855 0
      vertex 55.69201157987118 -101.4567806854844 0
      vertex 54.79942836612463 -102.85785567611455 0
    endloop
  endfacet
  facet normal 0 0 -1
    outer loop
      vertex 55.69999999552965 -5.6261840298771855 0
      vertex 55.69999999552965 -101.27381596565246 0
      vertex 55.69201157987118 -101.4567806854844 0
    endloop
  endfacet
  facet normal 0 0 1
    outer loop
      vertex 52.848622971773146 -103.98477879315614 2
      vertex 43.2 -103.19012345679013 2
      vertex 42.939393569216264 -103.17874513429409 2
    endloop
  endfacet
  facet normal 0 0 1
    outer loop
      vertex 52.848622971773146 -103.98477879315614 2
      vertex 43.46060643078374 -103.17874513429409 2
      vertex 43.2 -103.19012345679013 2
    endloop
  endfacet
  facet normal 0 0 1
    outer loop
      vertex 52.848622971773146 -103.98477879315614 2
      vertex 43.71922948927075 -103.14469676271058 2
      vertex 43.46060643078374 -103.17874513429409 2
    endloop
  endfacet
  facet normal 0 0 1
    outer loop
      vertex 52.848622971773146 -103.98477879315614 2
      vertex 43.97390089782507 -103.08823747070633 2
      vertex 43.71922948927075 -103.14469676271058 2
    endloop
  endfacet
  facet normal 0 0 1
    outer loop
      vertex 52.848622971773146 -103.98477879315614 2
      vertex 44.22268245325281 -103.00979694758453 2
      vertex 43.97390089782507 -103.08823747070633 2
    endloop
  endfacet
  facet normal 0 0 1
    outer loop
      vertex 52.848622971773146 -103.98477879315614 2
      vertex 44.463680777698734 -102.90997217308983 2
      vertex 44.22268245325281 -103.00979694758453 2
    endloop
  endfacet
  facet normal 0 0 1
    outer loop
      vertex 52.848622971773146 -103.98477879315614 2
      vertex 44.69506172839507 -102.78952287403199 2
      vertex 44.463680777698734 -102.90997217308983 2
    endloop
  endfacet
  facet normal 0 0 1
    outer loop
      vertex 52.848622971773146 -103.98477879315614 2
      vertex 44.91506435659536 -102.6493657423061 2
      vertex 44.69506172839507 -102.78952287403199 2
    endloop
  endfacet
  facet normal 0 0 1
    outer loop
      vertex 52.848622971773146 -103.98477879315614 2
      vertex 45.122014309457775 -102.49056745831378 2
      vertex 44.91506435659536 -102.6493657423061 2
    endloop
  endfacet
  facet normal 0 0 1
    outer loop
      vertex 52.848622971773146 -103.98477879315614 2
      vertex 45.31433657288126 -102.31433657288126 2
      vertex 45.122014309457775 -102.49056745831378 2
    endloop
  endfacet
  facet normal 0 0 1
    outer loop
      vertex 56.125231148302554 -101.69047305136918 2
      vertex 45.649365742306095 -101.91506435659535 2
      vertex 45.49056745831379 -102.12201430945778 2
    endloop
  endfacet
  facet normal 0 0 1
    outer loop
      vertex 56.125231148302554 -101.69047305136918 2
      vertex 45.49056745831379 -102.12201430945778 2
      vertex 45.31433657288126 -102.31433657288126 2
    endloop
  endfacet
  facet normal 0 0 1
    outer loop
      vertex 56.125231148302554 -101.69047305136918 2
      vertex 46.190123456790126 -100.2 2
      vertex 46.17874513429409 -100.46060643078374 2
    endloop
  endfacet
  facet normal 0 0 1
    outer loop
      vertex 56.125231148302554 -101.69047305136918 2
      vertex 46.17874513429409 -100.46060643078374 2
      vertex 46.14469676271058 -100.71922948927075 2
    endloop
  endfacet
  facet normal 0 0 1
    outer loop
      vertex 56.125231148302554 -101.69047305136918 2
      vertex 46.088237470706325 -100.97390089782508 2
      vertex 46.00979694758453 -101.2226824532528 2
    endloop
  endfacet
  facet normal 0 0 1
    outer loop
      vertex 56.125231148302554 -101.69047305136918 2
      vertex 46.00979694758453 -101.2226824532528 2
      vertex 45.90997217308984 -101.46368077769874 2
    endloop
  endfacet
  facet normal 0 0 1
    outer loop
      vertex 56.125231148302554 -101.69047305136918 2
      vertex 46.14469676271058 -100.71922948927075 2
      vertex 46.088237470706325 -100.97390089782508 2
    endloop
  endfacet
  facet normal 0 0 1
    outer loop
      vertex 56.125231148302554 -101.69047305136918 2
      vertex 45.78952287403199 -101.69506172839506 2
      vertex 45.649365742306095 -101.91506435659535 2
    endloop
  endfacet
  facet normal 0 0 1
    outer loop
      vertex 56.125231148302554 -101.69047305136918 2
      vertex 45.90997217308984 -101.46368077769874 2
      vertex 45.78952287403199 -101.69506172839506 2
    endloop
  endfacet
  facet normal 0 0 -1
    outer loop
      vertex 36.7 -90.3 0
      vertex 53.8738159686327 -103.1 0
      vertex 45.25692035099693 -97.74865778201928 0
    endloop
  endfacet
  facet normal 0 0 -1
    outer loop
      vertex 36.7 -90.3 0
      vertex 54.05678068101406 -103.09201158434152 0
      vertex 53.8738159686327 -103.1 0
    endloop
  endfacet
  facet normal 0 0 -1
    outer loop
      vertex 45.25692035099693 -97.74865778201928 0
      vertex 53.8738159686327 -103.1 0
      vertex 45.46274169979696 -97.93725830020306 0
    endloop
  endfacet
  facet normal 0 0 -1
    outer loop
      vertex 45.46274169979696 -97.93725830020306 0
      vertex 53.8738159686327 -103.1 0
      vertex 45.65134221798073 -98.14307964900308 0
    endloop
  endfacet
  facet normal 0 0 -1
    outer loop
      vertex 45.65134221798073 -98.14307964900308 0
      vertex 53.8738159686327 -103.1 0
      vertex 45.821286541724774 -98.36455540367666 0
    endloop
  endfacet
  facet normal 0 0 -1
    outer loop
      vertex 45.821286541724774 -98.36455540367666 0
      vertex 53.8738159686327 -103.1 0
      vertex 45.971281292110206 -98.60000000000001 0
    endloop
  endfacet
  facet normal 0 0 -1
    outer loop
      vertex 45.971281292110206 -98.60000000000001 0
      vertex 53.8738159686327 -103.1 0
      vertex 46.100184918517286 -98.84762156242977 0
    endloop
  endfacet
  facet normal 0 0 -1
    outer loop
      vertex 45.821286541724774 -102.03544459632334 0
      vertex 45.971281292110206 -101.8 0
      vertex 53.8738159686327 -103.1 0
    endloop
  endfacet
  facet normal 0 0 -1
    outer loop
      vertex 45.971281292110206 -101.8 0
      vertex 46.100184918517286 -101.55237843757024 0
      vertex 53.8738159686327 -103.1 0
    endloop
  endfacet
  facet normal 0 0 -1
    outer loop
      vertex 44.552733662736905 -103.1 0
      vertex 44.800000000000004 -102.9712812921102 0
      vertex 53.8738159686327 -103.1 0
    endloop
  endfacet
  facet normal 0 0 -1
    outer loop
      vertex 44.800000000000004 -102.9712812921102 0
      vertex 45.03544459632335 -102.82128654172477 0
      vertex 53.8738159686327 -103.1 0
    endloop
  endfacet
  facet normal 0 0 -1
    outer loop
      vertex 45.25692035099693 -102.65134221798073 0
      vertex 45.46274169979696 -102.46274169979695 0
      vertex 53.8738159686327 -103.1 0
    endloop
  endfacet
  facet normal 0 0 -1
    outer loop
      vertex 45.03544459632335 -102.82128654172477 0
      vertex 45.25692035099693 -102.65134221798073 0
      vertex 53.8738159686327 -103.1 0
    endloop
  endfacet
  facet normal 0 0 -1
    outer loop
      vertex 45.65134221798073 -102.25692035099692 0
      vertex 53.8738159686327 -103.1 0
      vertex 45.46274169979696 -102.46274169979695 0
    endloop
  endfacet
  facet normal 0 0 -1
    outer loop
      vertex 45.65134221798073 -102.25692035099692 0
      vertex 45.821286541724774 -102.03544459632334 0
      vertex 53.8738159686327 -103.1 0
    endloop
  endfacet
  facet normal 0 0 -1
    outer loop
      vertex 46.100184918517286 -98.84762156242977 0
      vertex 53.8738159686327 -103.1 0
      vertex 46.20701638651491 -99.10553554135787 0
    endloop
  endfacet
  facet normal 0 0 -1
    outer loop
      vertex 46.20701638651491 -99.10553554135787 0
      vertex 53.8738159686327 -103.1 0
      vertex 46.290962644125024 -99.37177905567194 0
    endloop
  endfacet
  facet normal 0 0 -1
    outer loop
      vertex 46.290962644125024 -99.37177905567194 0
      vertex 53.8738159686327 -103.1 0
      vertex 46.35138480963907 -99.64432583146582 0
    endloop
  endfacet
  facet normal 0 0 -1
    outer loop
      vertex 46.35138480963907 -99.64432583146582 0
      vertex 53.8738159686327 -103.1 0
      vertex 46.38782303389359 -99.92110162320749 0
    endloop
  endfacet
  facet normal 0 0 -1
    outer loop
      vertex 46.38782303389359 -99.92110162320749 0
      vertex 53.8738159686327 -103.1 0
      vertex 46.400000000000006 -100.2 0
    endloop
  endfacet
  facet normal 0 0 -1
    outer loop
      vertex 46.400000000000006 -100.2 0
      vertex 53.8738159686327 -103.1 0
      vertex 46.38782303389359 -100.47889837679251 0
    endloop
  endfacet
  facet normal 0 0 -1
    outer loop
      vertex 46.38782303389359 -100.47889837679251 0
      vertex 53.8738159686327 -103.1 0
      vertex 46.35138480963907 -100.75567416853418 0
    endloop
  endfacet
  facet normal 0 0 -1
    outer loop
      vertex 46.290962644125024 -101.02822094432807 0
      vertex 46.35138480963907 -100.75567416853418 0
      vertex 53.8738159686327 -103.1 0
    endloop
  endfacet
  facet normal 0 0 -1
    outer loop
      vertex 46.290962644125024 -101.02822094432807 0
      vertex 53.8738159686327 -103.1 0
      vertex 46.20701638651491 -101.29446445864214 0
    endloop
  endfacet
  facet normal 0 0 -1
    outer loop
      vertex 46.20701638651491 -101.29446445864214 0
      vertex 53.8738159686327 -103.1 0
      vertex 46.100184918517286 -101.55237843757024 0
    endloop
  endfacet
  facet normal 0 0 -1
    outer loop
      vertex 48.800000000000004 -60.45 0
      vertex 54.365578353405 -103.03756222724914 0
      vertex 54.21236822754145 -103.07152809053659 0
    endloop
  endfacet
  facet normal 0 0 1
    outer loop
      vertex 52.848622971773146 -103.98477879315614 2
      vertex 56.125231148302554 -101.69047305136918 2
      vertex 45.31433657288126 -102.31433657288126 2
    endloop
  endfacet
  facet normal 0.030858247626288724 -0.7067700348859772 0.7067700378062932
    outer loop
      vertex 52.500000001490115 -104.00000000149011 2
      vertex 52.918347573280336 -104.78173455446958 1.2
      vertex 52.848622971773146 -103.98477879315614 2
    endloop
  endfacet
  facet normal 0.09233987859349192 -0.701391089075452 0.7067700382634301
    outer loop
      vertex 52.848622971773146 -103.98477879315614 2
      vertex 52.918347573280336 -104.78173455446958 1.2
      vertex 53.19459271579981 -103.93923101723193 2
    endloop
  endfacet
  facet normal 0 0 1
    outer loop
      vertex 52.848622971773146 -103.98477879315614 2
      vertex 53.19459271579981 -103.93923101723193 2
      vertex 53.868080572783946 -103.7587704822421 2
    endloop
  endfacet
  facet normal 0 0 1
    outer loop
      vertex 53.19459271579981 -103.93923101723193 2
      vertex 53.53527618348598 -103.86370330452918 2
      vertex 53.868080572783946 -103.7587704822421 2
    endloop
  endfacet
  facet normal 0 0 1
    outer loop
      vertex 52.848622971773146 -103.98477879315614 2
      vertex 53.868080572783946 -103.7587704822421 2
      vertex 54.79430574327707 -103.27660817801952 2
    endloop
  endfacet
  facet normal 0.1531187804510369 -0.690674127750163 0.7067700392134195
    outer loop
      vertex 53.19459271579981 -103.93923101723193 2
      vertex 53.742331421375276 -104.63644397109746 1.2
      vertex 53.53527618348598 -103.86370330452918 2
    endloop
  endfacet
  facet normal 0.21273232437025746 -0.6747007252152682 0.7067700400851884
    outer loop
      vertex 53.53527618348598 -103.86370330452918 2
      vertex 54.14169669747353 -104.51052458435296 1.2
      vertex 53.868080572783946 -103.7587704822421 2
    endloop
  endfacet
  facet normal 0.03085824492283453 -0.7067700356607038 0.7067700371496022
    outer loop
      vertex 52.500000001490115 -104.00000000149011 2
      vertex 52.500000005960466 -104.80000000298023 1.2
      vertex 52.918347573280336 -104.78173455446958 1.2
    endloop
  endfacet
  facet normal 0.09233988215442497 -0.701391089449135 0.7067700374273534
    outer loop
      vertex 53.19459271579981 -103.93923101723193 2
      vertex 52.918347573280336 -104.78173455446958 1.2
      vertex 53.33351126164198 -104.72707722187042 1.2
    endloop
  endfacet
  facet normal 0.15311877413901265 -0.6906741308274708 0.706770037573668
    outer loop
      vertex 53.19459271579981 -103.93923101723193 2
      vertex 53.33351126164198 -104.72707722187042 1.2
      vertex 53.742331421375276 -104.63644397109746 1.2
    endloop
  endfacet
  facet normal 0.21273232036607698 -0.6747007276203351 0.7067700389944774
    outer loop
      vertex 53.53527618348598 -103.86370330452918 2
      vertex 53.742331421375276 -104.63644397109746 1.2
      vertex 54.14169669747353 -104.51052458435296 1.2
    endloop
  endfacet
  facet normal 0.04361938559670082 -0.9990482216590781 0
    outer loop
      vertex 52.500000005960466 -104.80000000298023 1.2
      vertex 52.918347573280336 -104.78173455446958 0.8
      vertex 52.918347573280336 -104.78173455446958 1.2
    endloop
  endfacet
  facet normal 0.04361938559670082 -0.9990482216590781 0
    outer loop
      vertex 52.500000005960466 -104.80000000298023 1.2
      vertex 52.500000005960466 -104.80000000298023 0.8
      vertex 52.918347573280336 -104.78173455446958 0.8
    endloop
  endfacet
  facet normal 0.1305261831092384 -0.9914448625732717 0
    outer loop
      vertex 52.918347573280336 -104.78173455446958 1.2
      vertex 52.918347573280336 -104.78173455446958 0.8
      vertex 53.33351126164198 -104.72707722187042 1.2
    endloop
  endfacet
  facet normal 0.1305261831092384 -0.9914448625732717 0
    outer loop
      vertex 53.33351126164198 -104.72707722187042 1.2
      vertex 52.918347573280336 -104.78173455446958 0.8
      vertex 53.33351126164198 -104.72707722187042 0.8
    endloop
  endfacet
  facet normal 0.2164396216299777 -0.9762960054146858 0
    outer loop
      vertex 53.33351126164198 -104.72707722187042 1.2
      vertex 53.742331421375276 -104.63644397109746 0.8
      vertex 53.742331421375276 -104.63644397109746 1.2
    endloop
  endfacet
  facet normal 0.2164396216299777 -0.9762960054146858 0
    outer loop
      vertex 53.33351126164198 -104.72707722187042 1.2
      vertex 53.33351126164198 -104.72707722187042 0.8
      vertex 53.742331421375276 -104.63644397109746 0.8
    endloop
  endfacet
  facet normal 0.030858244922834597 -0.7067700356607026 -0.7067700371496032
    outer loop
      vertex 52.500000005960466 -104.80000000298023 0.8
      vertex 52.50522934613749 -104.00977168340235 0.010000000000000009
      vertex 52.918347573280336 -104.78173455446958 0.8
    endloop
  endfacet
  facet normal 0.03085824492245508 -0.7067700356607098 -0.7067700371496127
    outer loop
      vertex 52.500000005960466 -104.80000000298023 0.8
      vertex 52.50000000154599 -104.01000000150873 0.010000000000000009
      vertex 52.50522934613749 -104.00977168340235 0.010000000000000009
    endloop
  endfacet
  facet normal 0.030858247626276838 -0.7067700348859796 -0.7067700378062914
    outer loop
      vertex 52.918347573280336 -104.78173455446958 0.8
      vertex 52.50522934613749 -104.00977168340235 0.010000000000000009
      vertex 52.84949452929199 -103.99474074017256 0.010000000000000009
    endloop
  endfacet
  facet normal 0.0923398785935045 -0.7013910890754522 -0.7067700382634281
    outer loop
      vertex 52.918347573280336 -104.78173455446958 0.8
      vertex 52.84949452929199 -103.99474074017256 0.010000000000000009
      vertex 53.19113965151831 -103.9497623114474 0.010000000000000009
    endloop
  endfacet
  facet normal 0.09233988215442483 -0.7013910894491339 -0.7067700374273544
    outer loop
      vertex 52.918347573280336 -104.78173455446958 0.8
      vertex 53.19113965151831 -103.9497623114474 0.010000000000000009
      vertex 53.33351126164198 -104.72707722187042 0.8
    endloop
  endfacet
  facet normal 0.15311877413901265 -0.6906741308274709 -0.7067700375736677
    outer loop
      vertex 53.33351126164198 -104.72707722187042 0.8
      vertex 53.2014394496195 -103.94794617915525 0.010000000000000009
      vertex 53.742331421375276 -104.63644397109746 0.8
    endloop
  endfacet
  facet normal 0.21273232036607637 -0.6747007276203331 -0.7067700389944797
    outer loop
      vertex 53.742331421375276 -104.63644397109746 0.8
      vertex 53.54285643991083 -103.87178857052697 0.010000000000000009
      vertex 54.14169669747353 -104.51052458435296 0.8
    endloop
  endfacet
  facet normal 0.09233988215472967 -0.7013910894490868 -0.7067700374273616
    outer loop
      vertex 53.33351126164198 -104.72707722187042 0.8
      vertex 53.19113965151831 -103.9497623114474 0.010000000000000009
      vertex 53.19632919762284 -103.94907909478991 0.010000000000000009
    endloop
  endfacet
  facet normal 0.15311877413839403 -0.6906741308275904 -0.7067700375736847
    outer loop
      vertex 53.33351126164198 -104.72707722187042 0.8
      vertex 53.19632919762284 -103.94907909478991 0.010000000000000009
      vertex 53.2014394496195 -103.94794617915525 0.010000000000000009
    endloop
  endfacet
  facet normal 0.15311878045103122 -0.690674127750166 -0.7067700392134179
    outer loop
      vertex 53.742331421375276 -104.63644397109746 0.8
      vertex 53.2014394496195 -103.94794617915525 0.010000000000000009
      vertex 53.5378643739596 -103.87336256286129 0.010000000000000009
    endloop
  endfacet
  facet normal 0.21273232036713444 -0.6747007276200288 -0.7067700389944516
    outer loop
      vertex 53.742331421375276 -104.63644397109746 0.8
      vertex 53.5378643739596 -103.87336256286129 0.010000000000000009
      vertex 53.54285643991083 -103.87178857052697 0.010000000000000009
    endloop
  endfacet
  facet normal 0 0 1
    outer loop
      vertex 52.848622971773146 -103.98477879315614 2
      vertex 54.79430574327707 -103.27660817801952 2
      vertex 56.125231148302554 -101.69047305136918 2
    endloop
  endfacet
  facet normal 0 0 1
    outer loop
      vertex 53.868080572783946 -103.7587704822421 2
      vertex 54.19047305136919 -103.62523114830255 2
      vertex 54.79430574327707 -103.27660817801952 2
    endloop
  endfacet
  facet normal 0 0 1
    outer loop
      vertex 54.19047305136919 -103.62523114830255 2
      vertex 54.500000001490115 -103.46410161405801 2
      vertex 54.79430574327707 -103.27660817801952 2
    endloop
  endfacet
  facet normal 0.2707268484769029 -0.653592444451973 0.7067700404438905
    outer loop
      vertex 53.868080572783946 -103.7587704822421 2
      vertex 54.14169669747353 -104.51052458435296 1.2
      vertex 54.19047305136919 -103.62523114830255 2
    endloop
  endfacet
  facet normal 0.3266609958619559 -0.6275099239048627 0.7067700398173289
    outer loop
      vertex 54.19047305136919 -103.62523114830255 2
      vertex 54.90000000447035 -104.15692194402217 1.2
      vertex 54.500000001490115 -103.46410161405801 2
    endloop
  endfacet
  facet normal 0 0 1
    outer loop
      vertex 55.07115043848753 -103.06417777538299 2
      vertex 55.564177775382994 -102.57115043848752 2
      vertex 54.79430574327707 -103.27660817801952 2
    endloop
  endfacet
  facet normal 0 0 1
    outer loop
      vertex 55.07115043848753 -103.06417777538299 2
      vertex 55.32842712253332 -102.82842712253331 2
      vertex 55.564177775382994 -102.57115043848752 2
    endloop
  endfacet
  facet normal 0 0 1
    outer loop
      vertex 54.79430574327707 -103.27660817801952 2
      vertex 55.564177775382994 -102.57115043848752 2
      vertex 56.125231148302554 -101.69047305136918 2
    endloop
  endfacet
  facet normal 0.38010904207841967 -0.596651679933218 0.7067700396614836
    outer loop
      vertex 54.500000001490115 -103.46410161405801 2
      vertex 54.90000000447035 -104.15692194402217 1.2
      vertex 54.79430574327707 -103.27660817801952 2
    endloop
  endfacet
  facet normal 0.4779418143153431 -0.5215819496893955 0.7067700417300998
    outer loop
      vertex 55.07115043848753 -103.06417777538299 2
      vertex 55.89411255568266 -103.39411255568265 1.2
      vertex 55.32842712253332 -102.82842712253331 2
    endloop
  endfacet
  facet normal 0.43066422787778735 -0.561252558132521 0.7067700395575145
    outer loop
      vertex 55.07115043848753 -103.06417777538299 2
      vertex 54.79430574327707 -103.27660817801952 2
      vertex 55.58538053035736 -103.67701333612203 1.2
    endloop
  endfacet
  facet normal 0.2707268519855953 -0.653592443895665 0.7067700396143443
    outer loop
      vertex 54.19047305136919 -103.62523114830255 2
      vertex 54.14169669747353 -104.51052458435296 1.2
      vertex 54.52856766283512 -104.35027738511562 1.2
    endloop
  endfacet
  facet normal 0.3266609949596382 -0.6275099246889775 0.7067700395381888
    outer loop
      vertex 54.19047305136919 -103.62523114830255 2
      vertex 54.52856766283512 -104.35027738511562 1.2
      vertex 54.90000000447035 -104.15692194402217 1.2
    endloop
  endfacet
  facet normal 0.38010904357686165 -0.59665167941699 0.7067700392914013
    outer loop
      vertex 54.79430574327707 -103.27660817801952 2
      vertex 54.90000000447035 -104.15692194402217 1.2
      vertex 55.25316689759493 -103.93192981779575 1.2
    endloop
  endfacet
  facet normal 0.4306642275769828 -0.5612525585038599 0.7067700394459235
    outer loop
      vertex 54.79430574327707 -103.27660817801952 2
      vertex 55.25316689759493 -103.93192981779575 1.2
      vertex 55.58538053035736 -103.67701333612203 1.2
    endloop
  endfacet
  facet normal 0.4779418092453024 -0.5215819572034003 0.7067700396134498
    outer loop
      vertex 55.07115043848753 -103.06417777538299 2
      vertex 55.58538053035736 -103.67701333612203 1.2
      vertex 55.89411255568266 -103.39411255568265 1.2
    endloop
  endfacet
  facet normal 0 0 1
    outer loop
      vertex 55.564177775382994 -102.57115043848752 2
      vertex 55.77660817801952 -102.29430574327706 2
      vertex 55.964101614058016 -102.00000000149011 2
    endloop
  endfacet
  facet normal 0 0 1
    outer loop
      vertex 55.564177775382994 -102.57115043848752 2
      vertex 55.964101614058016 -102.00000000149011 2
      vertex 56.125231148302554 -101.69047305136918 2
    endloop
  endfacet
  facet normal 0 0 1
    outer loop
      vertex 56.125231148302554 -101.69047305136918 2
      vertex 56.43923101723194 -100.6945927157998 2
      vertex 56.500000001490115 -100.00000000149011 2
    endloop
  endfacet
  facet normal 0 0 1
    outer loop
      vertex 56.36370330452919 -101.03527618348598 2
      vertex 56.43923101723194 -100.6945927157998 2
      vertex 56.258770482242106 -101.36808057278394 2
    endloop
  endfacet
  facet normal 0 0 1
    outer loop
      vertex 56.258770482242106 -101.36808057278394 2
      vertex 56.43923101723194 -100.6945927157998 2
      vertex 56.125231148302554 -101.69047305136918 2
    endloop
  endfacet
  facet normal 0.596651679933218 -0.38010904207841967 0.7067700396614836
    outer loop
      vertex 55.77660817801952 -102.29430574327706 2
      vertex 56.65692194402218 -102.40000000447034 1.2
      vertex 55.964101614058016 -102.00000000149011 2
    endloop
  endfacet
  facet normal 0.6275099239048627 -0.3266609958619559 0.7067700398173289
    outer loop
      vertex 55.964101614058016 -102.00000000149011 2
      vertex 56.65692194402218 -102.40000000447034 1.2
      vertex 56.125231148302554 -101.69047305136918 2
    endloop
  endfacet
  facet normal 0 0 1
    outer loop
      vertex 56.500000001490115 -100.00000000149011 2
      vertex 56.43923101723194 -100.6945927157998 2
      vertex 56.484778793156146 -100.34862297177314 2
    endloop
  endfacet
  facet normal 0.7067700348859772 -0.030858247626288724 0.7067700378062932
    outer loop
      vertex 56.500000001490115 -100.00000000149011 2
      vertex 56.484778793156146 -100.34862297177314 2
      vertex 57.28173455446959 -100.41834757328033 1.2
    endloop
  endfacet
  facet normal 0.701391089075452 -0.09233987859349192 0.7067700382634301
    outer loop
      vertex 56.484778793156146 -100.34862297177314 2
      vertex 56.43923101723194 -100.6945927157998 2
      vertex 57.28173455446959 -100.41834757328033 1.2
    endloop
  endfacet
  facet normal 0.690674127750163 -0.1531187804510369 0.7067700392134195
    outer loop
      vertex 56.36370330452919 -101.03527618348598 2
      vertex 57.13644397109747 -101.24233142137527 1.2
      vertex 56.43923101723194 -100.6945927157998 2
    endloop
  endfacet
  facet normal 0.6747007252152682 -0.21273232437025746 0.7067700400851884
    outer loop
      vertex 56.36370330452919 -101.03527618348598 2
      vertex 56.258770482242106 -101.36808057278394 2
      vertex 57.01052458435297 -101.64169669747352 1.2
    endloop
  endfacet
  facet normal 0.653592444451973 -0.2707268484769029 0.7067700404438905
    outer loop
      vertex 56.258770482242106 -101.36808057278394 2
      vertex 56.125231148302554 -101.69047305136918 2
      vertex 57.01052458435297 -101.64169669747352 1.2
    endloop
  endfacet
  facet normal 0.7067700356607038 -0.03085824492283453 0.7067700371496022
    outer loop
      vertex 56.500000001490115 -100.00000000149011 2
      vertex 57.28173455446959 -100.41834757328033 1.2
      vertex 57.300000002980234 -100.00000000596046 1.2
    endloop
  endfacet
  facet normal 0.701391089449135 -0.09233988215442497 0.7067700374273534
    outer loop
      vertex 56.43923101723194 -100.6945927157998 2
      vertex 57.227077221870424 -100.83351126164197 1.2
      vertex 57.28173455446959 -100.41834757328033 1.2
    endloop
  endfacet
  facet normal 0.6747007276203351 -0.21273232036607698 0.7067700389944774
    outer loop
      vertex 56.36370330452919 -101.03527618348598 2
      vertex 57.01052458435297 -101.64169669747352 1.2
      vertex 57.13644397109747 -101.24233142137527 1.2
    endloop
  endfacet
  facet normal 0.6275099246889775 -0.3266609949596382 0.7067700395381888
    outer loop
      vertex 56.125231148302554 -101.69047305136918 2
      vertex 56.65692194402218 -102.40000000447034 1.2
      vertex 56.850277385115625 -102.02856766283512 1.2
    endloop
  endfacet
  facet normal 0.653592443895665 -0.2707268519855953 0.7067700396143443
    outer loop
      vertex 56.125231148302554 -101.69047305136918 2
      vertex 56.850277385115625 -102.02856766283512 1.2
      vertex 57.01052458435297 -101.64169669747352 1.2
    endloop
  endfacet
  facet normal 0.6906741308274708 -0.15311877413901265 0.706770037573668
    outer loop
      vertex 56.43923101723194 -100.6945927157998 2
      vertex 57.13644397109747 -101.24233142137527 1.2
      vertex 57.227077221870424 -100.83351126164197 1.2
    endloop
  endfacet
  facet normal 0.5215819496893955 -0.4779418143153431 0.7067700417300998
    outer loop
      vertex 55.32842712253332 -102.82842712253331 2
      vertex 55.89411255568266 -103.39411255568265 1.2
      vertex 55.564177775382994 -102.57115043848752 2
    endloop
  endfacet
  facet normal 0.561252558132521 -0.43066422787778735 0.7067700395575145
    outer loop
      vertex 55.564177775382994 -102.57115043848752 2
      vertex 56.17701333612204 -103.08538053035736 1.2
      vertex 55.77660817801952 -102.29430574327706 2
    endloop
  endfacet
  facet normal 0.5215819572034003 -0.4779418092453024 0.7067700396134498
    outer loop
      vertex 55.564177775382994 -102.57115043848752 2
      vertex 55.89411255568266 -103.39411255568265 1.2
      vertex 56.17701333612204 -103.08538053035736 1.2
    endloop
  endfacet
  facet normal 0.5612525585038599 -0.4306642275769828 0.7067700394459235
    outer loop
      vertex 55.77660817801952 -102.29430574327706 2
      vertex 56.17701333612204 -103.08538053035736 1.2
      vertex 56.431929817795755 -102.75316689759492 1.2
    endloop
  endfacet
  facet normal 0.59665167941699 -0.38010904357686165 0.7067700392914013
    outer loop
      vertex 55.77660817801952 -102.29430574327706 2
      vertex 56.431929817795755 -102.75316689759492 1.2
      vertex 56.65692194402218 -102.40000000447034 1.2
    endloop
  endfacet
  facet normal 0.3007057970506209 -0.9537169515218605 0
    outer loop
      vertex 53.742331421375276 -104.63644397109746 1.2
      vertex 53.742331421375276 -104.63644397109746 0.8
      vertex 54.14169669747353 -104.51052458435296 1.2
    endloop
  endfacet
  facet normal 0.3007057970506209 -0.9537169515218605 0
    outer loop
      vertex 53.742331421375276 -104.63644397109746 0.8
      vertex 54.14169669747353 -104.51052458435296 0.8
      vertex 54.14169669747353 -104.51052458435296 1.2
    endloop
  endfacet
  facet normal 0.38268342929981514 -0.923879533780965 0
    outer loop
      vertex 54.14169669747353 -104.51052458435296 1.2
      vertex 54.14169669747353 -104.51052458435296 0.8
      vertex 54.52856766283512 -104.35027738511562 0.8
    endloop
  endfacet
  facet normal 0.38268342929981514 -0.923879533780965 0
    outer loop
      vertex 54.14169669747353 -104.51052458435296 1.2
      vertex 54.52856766283512 -104.35027738511562 0.8
      vertex 54.52856766283512 -104.35027738511562 1.2
    endloop
  endfacet
  facet normal 0.4617486179865573 -0.8870108307047352 0
    outer loop
      vertex 54.52856766283512 -104.35027738511562 1.2
      vertex 54.52856766283512 -104.35027738511562 0.8
      vertex 54.90000000447035 -104.15692194402217 1.2
    endloop
  endfacet
  facet normal 0.6087614222156522 -0.7933533455037399 0
    outer loop
      vertex 55.25316689759493 -103.93192981779575 1.2
      vertex 55.25316689759493 -103.93192981779575 0.8
      vertex 55.58538053035736 -103.67701333612203 1.2
    endloop
  endfacet
  facet normal 0.6087614222156522 -0.7933533455037399 0
    outer loop
      vertex 55.58538053035736 -103.67701333612203 1.2
      vertex 55.25316689759493 -103.93192981779575 0.8
      vertex 55.58538053035736 -103.67701333612203 0.8
    endloop
  endfacet
  facet normal 0.5372996109202608 -0.8433914441734255 0
    outer loop
      vertex 55.25316689759493 -103.93192981779575 1.2
      vertex 54.90000000447035 -104.15692194402217 1.2
      vertex 55.25316689759493 -103.93192981779575 0.8
    endloop
  endfacet
  facet normal 0.4617486179865573 -0.8870108307047352 0
    outer loop
      vertex 54.90000000447035 -104.15692194402217 1.2
      vertex 54.52856766283512 -104.35027738511562 0.8
      vertex 54.90000000447035 -104.15692194402217 0.8
    endloop
  endfacet
  facet normal 0.5372996109202608 -0.8433914441734255 0
    outer loop
      vertex 54.90000000447035 -104.15692194402217 1.2
      vertex 54.90000000447035 -104.15692194402217 0.8
      vertex 55.25316689759493 -103.93192981779575 0.8
    endloop
  endfacet
  facet normal 0.2707268519857376 -0.6535924438956023 -0.7067700396143475
    outer loop
      vertex 54.52856766283512 -104.35027738511562 0.8
      vertex 54.189863346945494 -103.63629731625318 0.010000000000000009
      vertex 54.19469923401251 -103.63429422626271 0.010000000000000009
    endloop
  endfacet
  facet normal 0.32666099495994355 -0.6275099246888258 -0.7067700395381824
    outer loop
      vertex 54.52856766283512 -104.35027738511562 0.8
      vertex 54.19469923401251 -103.63429422626271 0.010000000000000009
      vertex 54.19934213828295 -103.63187728324904 0.010000000000000009
    endloop
  endfacet
  facet normal 0.3266609958619512 -0.6275099239048649 -0.7067700398173291
    outer loop
      vertex 54.90000000447035 -104.15692194402217 0.8
      vertex 54.19934213828295 -103.63187728324904 0.010000000000000009
      vertex 54.50500000152737 -103.47276186818256 0.010000000000000009
    endloop
  endfacet
  facet normal 0.2707268519855954 -0.6535924438956652 -0.7067700396143439
    outer loop
      vertex 54.14169669747353 -104.51052458435296 0.8
      vertex 54.189863346945494 -103.63629731625318 0.010000000000000009
      vertex 54.52856766283512 -104.35027738511562 0.8
    endloop
  endfacet
  facet normal 0.3266609949596376 -0.6275099246889762 -0.7067700395381903
    outer loop
      vertex 54.52856766283512 -104.35027738511562 0.8
      vertex 54.19934213828295 -103.63187728324904 0.010000000000000009
      vertex 54.90000000447035 -104.15692194402217 0.8
    endloop
  endfacet
  facet normal 0.21273232437025755 -0.6747007252152657 -0.7067700400851906
    outer loop
      vertex 54.14169669747353 -104.51052458435296 0.8
      vertex 53.54285643991083 -103.87178857052697 0.010000000000000009
      vertex 53.871500774342564 -103.76816740851848 0.010000000000000009
    endloop
  endfacet
  facet normal 0.27072684847689105 -0.6535924444519752 -0.706770040443893
    outer loop
      vertex 54.14169669747353 -104.51052458435296 0.8
      vertex 53.871500774342564 -103.76816740851848 0.010000000000000009
      vertex 54.189863346945494 -103.63629731625318 0.010000000000000009
    endloop
  endfacet
  facet normal 0.3801090435768619 -0.5966516794169903 -0.7067700392914009
    outer loop
      vertex 55.25316689759493 -103.93192981779575 0.8
      vertex 54.90000000447035 -104.15692194402217 0.8
      vertex 54.79562692154199 -103.28761210009455 0.010000000000000009
    endloop
  endfacet
  facet normal 0.430664227576982 -0.5612525585038587 -0.7067700394459249
    outer loop
      vertex 55.25316689759493 -103.93192981779575 0.8
      vertex 54.80419417811557 -103.2816132424958 0.010000000000000009
      vertex 55.58538053035736 -103.67701333612203 0.8
    endloop
  endfacet
  facet normal 0.4779418092453026 -0.5215819572034005 -0.7067700396134494
    outer loop
      vertex 55.58538053035736 -103.67701333612203 0.8
      vertex 55.081437464952465 -103.06830196013674 0.010000000000000009
      vertex 55.89411255568266 -103.39411255568265 0.8
    endloop
  endfacet
  facet normal 0.380109042078418 -0.5966516799332189 -0.7067700396614837
    outer loop
      vertex 54.90000000447035 -104.15692194402217 0.8
      vertex 54.50500000152737 -103.47276186818256 0.010000000000000009
      vertex 54.79562692154199 -103.28761210009455 0.010000000000000009
    endloop
  endfacet
  facet normal 0.38010904357642206 -0.5966516794172878 -0.7067700392913863
    outer loop
      vertex 55.25316689759493 -103.93192981779575 0.8
      vertex 54.79562692154199 -103.28761210009455 0.010000000000000009
      vertex 54.80004150770605 -103.28479969851672 0.010000000000000009
    endloop
  endfacet
  facet normal 0.4306642275778466 -0.5612525585032263 -0.7067700394459002
    outer loop
      vertex 55.25316689759493 -103.93192981779575 0.8
      vertex 54.80004150770605 -103.28479969851672 0.010000000000000009
      vertex 54.80419417811557 -103.2816132424958 0.010000000000000009
    endloop
  endfacet
  facet normal 0.47794181431534355 -0.5215819496893956 -0.7067700417300995
    outer loop
      vertex 55.89411255568266 -103.39411255568265 0.8
      vertex 55.081437464952465 -103.06830196013674 0.010000000000000009
      vertex 55.33549819044769 -102.83549819044768 0.010000000000000009
    endloop
  endfacet
  facet normal 0.4306642278777794 -0.5612525581325285 -0.7067700395575133
    outer loop
      vertex 55.58538053035736 -103.67701333612203 0.8
      vertex 54.80419417811557 -103.2816132424958 0.010000000000000009
      vertex 55.0775783146359 -103.07183821989223 0.010000000000000009
    endloop
  endfacet
  facet normal 0.47794180924540347 -0.5215819572033118 -0.7067700396134466
    outer loop
      vertex 55.58538053035736 -103.67701333612203 0.8
      vertex 55.0775783146359 -103.07183821989223 0.010000000000000009
      vertex 55.081437464952465 -103.06830196013674 0.010000000000000009
    endloop
  endfacet
  facet normal 0.9990482216590781 -0.04361938559670082 0
    outer loop
      vertex 57.300000002980234 -100.00000000596046 1.2
      vertex 57.28173455446959 -100.41834757328033 1.2
      vertex 57.300000002980234 -100.00000000596046 0.8
    endloop
  endfacet
  facet normal 0.9914448625732717 -0.1305261831092384 0
    outer loop
      vertex 57.28173455446959 -100.41834757328033 1.2
      vertex 57.227077221870424 -100.83351126164197 1.2
      vertex 57.28173455446959 -100.41834757328033 0.8
    endloop
  endfacet
  facet normal 0.9990482216590781 -0.04361938559670082 0
    outer loop
      vertex 57.28173455446959 -100.41834757328033 1.2
      vertex 57.28173455446959 -100.41834757328033 0.8
      vertex 57.300000002980234 -100.00000000596046 0.8
    endloop
  endfacet
  facet normal 0.9914448625732717 -0.1305261831092384 0
    outer loop
      vertex 57.227077221870424 -100.83351126164197 1.2
      vertex 57.227077221870424 -100.83351126164197 0.8
      vertex 57.28173455446959 -100.41834757328033 0.8
    endloop
  endfacet
  facet normal 0.8870108307047352 -0.4617486179865573 0
    outer loop
      vertex 56.850277385115625 -102.02856766283512 1.2
      vertex 56.65692194402218 -102.40000000447034 1.2
      vertex 56.65692194402218 -102.40000000447034 0.8
    endloop
  endfacet
  facet normal 0.8870108307047352 -0.4617486179865573 0
    outer loop
      vertex 56.850277385115625 -102.02856766283512 1.2
      vertex 56.65692194402218 -102.40000000447034 0.8
      vertex 56.850277385115625 -102.02856766283512 0.8
    endloop
  endfacet
  facet normal 0.9537169515218605 -0.3007057970506209 0
    outer loop
      vertex 57.13644397109747 -101.24233142137527 1.2
      vertex 57.01052458435297 -101.64169669747352 1.2
      vertex 57.01052458435297 -101.64169669747352 0.8
    endloop
  endfacet
  facet normal 0.9762960054146858 -0.2164396216299777 0
    outer loop
      vertex 57.227077221870424 -100.83351126164197 1.2
      vertex 57.13644397109747 -101.24233142137527 1.2
      vertex 57.227077221870424 -100.83351126164197 0.8
    endloop
  endfacet
  facet normal 0.9762960054146858 -0.2164396216299777 0
    outer loop
      vertex 57.13644397109747 -101.24233142137527 1.2
      vertex 57.13644397109747 -101.24233142137527 0.8
      vertex 57.227077221870424 -100.83351126164197 0.8
    endloop
  endfacet
  facet normal 0.9537169515218605 -0.3007057970506209 0
    outer loop
      vertex 57.13644397109747 -101.24233142137527 1.2
      vertex 57.01052458435297 -101.64169669747352 0.8
      vertex 57.13644397109747 -101.24233142137527 0.8
    endloop
  endfacet
  facet normal 0.923879533780965 -0.38268342929981514 0
    outer loop
      vertex 56.850277385115625 -102.02856766283512 1.2
      vertex 56.850277385115625 -102.02856766283512 0.8
      vertex 57.01052458435297 -101.64169669747352 1.2
    endloop
  endfacet
  facet normal 0.923879533780965 -0.38268342929981514 0
    outer loop
      vertex 57.01052458435297 -101.64169669747352 1.2
      vertex 56.850277385115625 -102.02856766283512 0.8
      vertex 57.01052458435297 -101.64169669747352 0.8
    endloop
  endfacet
  facet normal 0.5966516799332189 -0.380109042078418 -0.7067700396614837
    outer loop
      vertex 56.65692194402218 -102.40000000447034 0.8
      vertex 55.787612100094556 -102.29562692154198 0.010000000000000009
      vertex 55.972761868182566 -102.00500000152736 0.010000000000000009
    endloop
  endfacet
  facet normal 0.6275099246892004 -0.3266609949591889 -0.7067700395381985
    outer loop
      vertex 56.850277385115625 -102.02856766283512 0.8
      vertex 56.131877283249054 -101.69934213828294 0.010000000000000009
      vertex 56.13429422626272 -101.6946992340125 0.010000000000000009
    endloop
  endfacet
  facet normal 0.6535924438956023 -0.2707268519857376 -0.7067700396143475
    outer loop
      vertex 56.850277385115625 -102.02856766283512 0.8
      vertex 56.13429422626272 -101.6946992340125 0.010000000000000009
      vertex 56.136297316253184 -101.68986334694549 0.010000000000000009
    endloop
  endfacet
  facet normal 0.6275099239048587 -0.3266609958619625 -0.7067700398173292
    outer loop
      vertex 56.65692194402218 -102.40000000447034 0.8
      vertex 55.972761868182566 -102.00500000152736 0.010000000000000009
      vertex 56.131877283249054 -101.69934213828294 0.010000000000000009
    endloop
  endfacet
  facet normal 0.7067700356607026 -0.030858244922834597 -0.7067700371496032
    outer loop
      vertex 57.300000002980234 -100.00000000596046 0.8
      vertex 57.28173455446959 -100.41834757328033 0.8
      vertex 56.509771683402356 -100.00522934613748 0.010000000000000009
    endloop
  endfacet
  facet normal 0.7013910894491343 -0.09233988215442489 -0.706770037427354
    outer loop
      vertex 57.28173455446959 -100.41834757328033 0.8
      vertex 57.227077221870424 -100.83351126164197 0.8
      vertex 56.44976231144741 -100.69113965151831 0.010000000000000009
    endloop
  endfacet
  facet normal 0.706770035660692 -0.030858244923414636 -0.7067700371495886
    outer loop
      vertex 57.300000002980234 -100.00000000596046 0.8
      vertex 56.509771683402356 -100.00522934613748 0.010000000000000009
      vertex 56.51000000150874 -100.00000000154598 0.010000000000000009
    endloop
  endfacet
  facet normal 0.7067700348859794 -0.03085824762627747 -0.7067700378062917
    outer loop
      vertex 57.28173455446959 -100.41834757328033 0.8
      vertex 56.49474074017257 -100.34949452929197 0.010000000000000009
      vertex 56.509771683402356 -100.00522934613748 0.010000000000000009
    endloop
  endfacet
  facet normal 0.7013910890754522 -0.09233987859350065 -0.7067700382634287
    outer loop
      vertex 57.28173455446959 -100.41834757328033 0.8
      vertex 56.44976231144741 -100.69113965151831 0.010000000000000009
      vertex 56.49474074017257 -100.34949452929197 0.010000000000000009
    endloop
  endfacet
  facet normal 0.674700727620336 -0.21273232036607728 -0.7067700389944764
    outer loop
      vertex 57.13644397109747 -101.24233142137527 0.8
      vertex 57.01052458435297 -101.64169669747352 0.8
      vertex 56.37178857052699 -101.04285643991082 0.010000000000000009
    endloop
  endfacet
  facet normal 0.6275099246889787 -0.3266609949596389 -0.7067700395381874
    outer loop
      vertex 56.850277385115625 -102.02856766283512 0.8
      vertex 56.65692194402218 -102.40000000447034 0.8
      vertex 56.131877283249054 -101.69934213828294 0.010000000000000009
    endloop
  endfacet
  facet normal 0.6535924438956652 -0.2707268519855954 -0.7067700396143439
    outer loop
      vertex 56.850277385115625 -102.02856766283512 0.8
      vertex 56.136297316253184 -101.68986334694549 0.010000000000000009
      vertex 57.01052458435297 -101.64169669747352 0.8
    endloop
  endfacet
  facet normal 0.6906741308274715 -0.1531187741390128 -0.7067700375736671
    outer loop
      vertex 57.227077221870424 -100.83351126164197 0.8
      vertex 57.13644397109747 -101.24233142137527 0.8
      vertex 56.44794617915526 -100.7014394496195 0.010000000000000009
    endloop
  endfacet
  facet normal 0.6906741277501653 -0.1531187804510343 -0.7067700392134179
    outer loop
      vertex 57.13644397109747 -101.24233142137527 0.8
      vertex 56.373362562861296 -101.0378643739596 0.010000000000000009
      vertex 56.44794617915526 -100.7014394496195 0.010000000000000009
    endloop
  endfacet
  facet normal 0.6747007276202863 -0.21273232036624698 -0.7067700389944728
    outer loop
      vertex 57.13644397109747 -101.24233142137527 0.8
      vertex 56.37178857052699 -101.04285643991082 0.010000000000000009
      vertex 56.373362562861296 -101.0378643739596 0.010000000000000009
    endloop
  endfacet
  facet normal 0.6747007252152663 -0.21273232437026246 -0.7067700400851887
    outer loop
      vertex 57.01052458435297 -101.64169669747352 0.8
      vertex 56.268167408518494 -101.37150077434255 0.010000000000000009
      vertex 56.37178857052699 -101.04285643991082 0.010000000000000009
    endloop
  endfacet
  facet normal 0.7013910894492156 -0.09233988215390454 -0.7067700374273413
    outer loop
      vertex 57.227077221870424 -100.83351126164197 0.8
      vertex 56.44907909478992 -100.69632919762283 0.010000000000000009
      vertex 56.44976231144741 -100.69113965151831 0.010000000000000009
    endloop
  endfacet
  facet normal 0.6906741308274511 -0.15311877413911057 -0.706770037573666
    outer loop
      vertex 57.227077221870424 -100.83351126164197 0.8
      vertex 56.44794617915526 -100.7014394496195 0.010000000000000009
      vertex 56.44907909478992 -100.69632919762283 0.010000000000000009
    endloop
  endfacet
  facet normal 0.6535924444519738 -0.2707268484768991 -0.7067700404438912
    outer loop
      vertex 57.01052458435297 -101.64169669747352 0.8
      vertex 56.136297316253184 -101.68986334694549 0.010000000000000009
      vertex 56.268167408518494 -101.37150077434255 0.010000000000000009
    endloop
  endfacet
  facet normal 0.6755902091945097 -0.737277335363375 0
    outer loop
      vertex 55.58538053035736 -103.67701333612203 1.2
      vertex 55.89411255568266 -103.39411255568265 0.8
      vertex 55.89411255568266 -103.39411255568265 1.2
    endloop
  endfacet
  facet normal 0.6755902091945097 -0.737277335363375 0
    outer loop
      vertex 55.58538053035736 -103.67701333612203 1.2
      vertex 55.58538053035736 -103.67701333612203 0.8
      vertex 55.89411255568266 -103.39411255568265 0.8
    endloop
  endfacet
  facet normal 0.737277335363375 -0.6755902091945097 0
    outer loop
      vertex 55.89411255568266 -103.39411255568265 1.2
      vertex 55.89411255568266 -103.39411255568265 0.8
      vertex 56.17701333612204 -103.08538053035736 0.8
    endloop
  endfacet
  facet normal 0.7933533455037399 -0.6087614222156522 0
    outer loop
      vertex 56.17701333612204 -103.08538053035736 1.2
      vertex 56.17701333612204 -103.08538053035736 0.8
      vertex 56.431929817795755 -102.75316689759492 1.2
    endloop
  endfacet
  facet normal 0.7933533455037399 -0.6087614222156522 0
    outer loop
      vertex 56.431929817795755 -102.75316689759492 1.2
      vertex 56.17701333612204 -103.08538053035736 0.8
      vertex 56.431929817795755 -102.75316689759492 0.8
    endloop
  endfacet
  facet normal 0.737277335363375 -0.6755902091945097 0
    outer loop
      vertex 55.89411255568266 -103.39411255568265 1.2
      vertex 56.17701333612204 -103.08538053035736 0.8
      vertex 56.17701333612204 -103.08538053035736 1.2
    endloop
  endfacet
  facet normal 0.8433914441734255 -0.5372996109202608 0
    outer loop
      vertex 56.431929817795755 -102.75316689759492 1.2
      vertex 56.65692194402218 -102.40000000447034 0.8
      vertex 56.65692194402218 -102.40000000447034 1.2
    endloop
  endfacet
  facet normal 0.8433914441734255 -0.5372996109202608 0
    outer loop
      vertex 56.431929817795755 -102.75316689759492 1.2
      vertex 56.431929817795755 -102.75316689759492 0.8
      vertex 56.65692194402218 -102.40000000447034 0.8
    endloop
  endfacet
  facet normal 0.5215819572034005 -0.4779418092453026 -0.7067700396134494
    outer loop
      vertex 55.89411255568266 -103.39411255568265 0.8
      vertex 55.56830196013674 -102.58143746495246 0.010000000000000009
      vertex 56.17701333612204 -103.08538053035736 0.8
    endloop
  endfacet
  facet normal 0.5612525585038587 -0.430664227576982 -0.7067700394459249
    outer loop
      vertex 56.17701333612204 -103.08538053035736 0.8
      vertex 55.7816132424958 -102.30419417811557 0.010000000000000009
      vertex 56.431929817795755 -102.75316689759492 0.8
    endloop
  endfacet
  facet normal 0.5966516794169903 -0.3801090435768619 -0.7067700392914009
    outer loop
      vertex 56.431929817795755 -102.75316689759492 0.8
      vertex 55.787612100094556 -102.29562692154198 0.010000000000000009
      vertex 56.65692194402218 -102.40000000447034 0.8
    endloop
  endfacet
  facet normal 0.5215819496893956 -0.47794181431534355 -0.7067700417300995
    outer loop
      vertex 55.89411255568266 -103.39411255568265 0.8
      vertex 55.33549819044769 -102.83549819044768 0.010000000000000009
      vertex 55.56830196013674 -102.58143746495246 0.010000000000000009
    endloop
  endfacet
  facet normal 0.5215819572028862 -0.4779418092458926 -0.7067700396134301
    outer loop
      vertex 56.17701333612204 -103.08538053035736 0.8
      vertex 55.56830196013674 -102.58143746495246 0.010000000000000009
      vertex 55.571838219892236 -102.5775783146359 0.010000000000000009
    endloop
  endfacet
  facet normal 0.5612525581325356 -0.43066422787777364 -0.7067700395575112
    outer loop
      vertex 56.17701333612204 -103.08538053035736 0.8
      vertex 55.571838219892236 -102.5775783146359 0.010000000000000009
      vertex 55.7816132424958 -102.30419417811557 0.010000000000000009
    endloop
  endfacet
  facet normal 0.5612525585032263 -0.4306642275778466 -0.7067700394459002
    outer loop
      vertex 56.431929817795755 -102.75316689759492 0.8
      vertex 55.7816132424958 -102.30419417811557 0.010000000000000009
      vertex 55.78479969851673 -102.30004150770604 0.010000000000000009
    endloop
  endfacet
  facet normal 0.5966516794172878 -0.38010904357642206 -0.7067700392913863
    outer loop
      vertex 56.431929817795755 -102.75316689759492 0.8
      vertex 55.78479969851673 -102.30004150770604 0.010000000000000009
      vertex 55.787612100094556 -102.29562692154198 0.010000000000000009
    endloop
  endfacet
  facet normal 0 0 -1
    outer loop
      vertex 54.9317818954587 -102.7735371723771 0
      vertex 55.69201157987118 -101.4567806854844 0
      vertex 55.671528086066246 -101.61236823201179 0
    endloop
  endfacet
  facet normal 0 0 -1
    outer loop
      vertex 54.9317818954587 -102.7735371723771 0
      vertex 55.671528086066246 -101.61236823201179 0
      vertex 55.6375622227788 -101.76557835787534 0
    endloop
  endfacet
  facet normal 0 0 -1
    outer loop
      vertex 55.056282840669155 -102.67800424098968 0
      vertex 55.6375622227788 -101.76557835787534 0
      vertex 55.59037244319916 -101.91524523347616 0
    endloop
  endfacet
  facet normal 0 0 -1
    outer loop
      vertex 55.37353716790676 -102.33178189992904 0
      vertex 55.27800423651934 -102.4562828451395 0
      vertex 55.45785567164421 -102.19942837059497 0
    endloop
  endfacet
  facet normal 0 0 -1
    outer loop
      vertex 55.53031788766384 -102.06022975444793 0
      vertex 55.1719838231802 -102.57198382765054 0
      vertex 55.59037244319916 -101.91524523347616 0
    endloop
  endfacet
  facet normal 0 0 -1
    outer loop
      vertex 55.45785567164421 -102.19942837059497 0
      vertex 55.27800423651934 -102.4562828451395 0
      vertex 55.53031788766384 -102.06022975444793 0
    endloop
  endfacet
  facet normal 0 0 -1
    outer loop
      vertex 54.79942836612463 -102.85785567611455 0
      vertex 55.69201157987118 -101.4567806854844 0
      vertex 54.9317818954587 -102.7735371723771 0
    endloop
  endfacet
  facet normal 0 0 -1
    outer loop
      vertex 55.056282840669155 -102.67800424098968 0
      vertex 54.9317818954587 -102.7735371723771 0
      vertex 55.6375622227788 -101.76557835787534 0
    endloop
  endfacet
  facet normal 0 0 -1
    outer loop
      vertex 55.056282840669155 -102.67800424098968 0
      vertex 55.59037244319916 -101.91524523347616 0
      vertex 55.1719838231802 -102.57198382765054 0
    endloop
  endfacet
  facet normal 0 0 -1
    outer loop
      vertex 55.53031788766384 -102.06022975444793 0
      vertex 55.27800423651934 -102.4562828451395 0
      vertex 55.1719838231802 -102.57198382765054 0
    endloop
  endfacet
  facet normal -0.9238795325112873 0.3826834323650885 -5.02245332053682e-19
    outer loop
      vertex 13.29981508148272 -98.84762156242977 0
      vertex 13.192983613485092 -99.10553554135787 -3
      vertex 13.192983613485092 -99.10553554135787 0
    endloop
  endfacet
  facet normal -0.8433914458128887 0.537299608346819 0
    outer loop
      vertex 13.428718707889796 -98.60000000000001 0
      vertex 13.578713458275224 -98.36455540367666 0
      vertex 13.428718707889796 -98.60000000000001 -3
    endloop
  endfacet
  facet normal -0.8870108331782172 0.46174861323504274 0
    outer loop
      vertex 13.29981508148272 -98.84762156242977 0
      vertex 13.428718707889796 -98.60000000000001 0
      vertex 13.29981508148272 -98.84762156242977 -3
    endloop
  endfacet
  facet normal -0.7933533402912331 0.6087614290087234 0
    outer loop
      vertex 13.578713458275224 -98.36455540367666 0
      vertex 13.748657782019269 -98.14307964900308 0
      vertex 13.578713458275224 -98.36455540367666 -3
    endloop
  endfacet
  facet normal -0.7372773368101284 0.6755902076156554 0
    outer loop
      vertex 13.748657782019269 -98.14307964900308 0
      vertex 13.937258300203046 -97.93725830020306 0
      vertex 13.748657782019269 -98.14307964900308 -3
    endloop
  endfacet
  facet normal -0.675590207615655 0.7372773368101287 0
    outer loop
      vertex 13.937258300203046 -97.93725830020306 0
      vertex 14.143079649003074 -97.74865778201928 0
      vertex 13.937258300203046 -97.93725830020306 -3
    endloop
  endfacet
  facet normal -0.4617486132350449 0.8870108331782159 0
    outer loop
      vertex 14.6 -97.4287187078898 0
      vertex 14.847621562429762 -97.29981508148272 0
      vertex 14.6 -97.4287187078898 -3
    endloop
  endfacet
  facet normal -0.3826834323650767 0.9238795325112921 0
    outer loop
      vertex 14.847621562429762 -97.29981508148272 0
      vertex 15.10553554135786 -97.1929836134851 0
      vertex 14.847621562429762 -97.29981508148272 -3
    endloop
  endfacet
  facet normal -0.6087614290087283 0.7933533402912292 0
    outer loop
      vertex 14.143079649003074 -97.74865778201928 0
      vertex 14.364555403676652 -97.57871345827523 0
      vertex 14.143079649003074 -97.74865778201928 -3
    endloop
  endfacet
  facet normal -0.5372996083468281 0.8433914458128831 1.854852381523256e-18
    outer loop
      vertex 14.6 -97.4287187078898 0
      vertex 14.364555403676652 -97.57871345827523 -3
      vertex 14.364555403676652 -97.57871345827523 0
    endloop
  endfacet
  facet normal -0.3007057995042627 0.9537169507482302 0
    outer loop
      vertex 15.10553554135786 -97.1929836134851 0
      vertex 15.371779055671933 -97.10903735587499 0
      vertex 15.10553554135786 -97.1929836134851 -3
    endloop
  endfacet
  facet normal -0.21643961393812852 0.9762960071199276 0
    outer loop
      vertex 15.371779055671933 -97.10903735587499 0
      vertex 15.644325831465823 -97.04861519036093 0
      vertex 15.371779055671933 -97.10903735587499 -3
    endloop
  endfacet
  facet normal -0.13052619222001874 0.9914448613738147 0
    outer loop
      vertex 15.644325831465823 -97.04861519036093 0
      vertex 15.921101623207493 -97.01217696610642 0
      vertex 15.644325831465823 -97.04861519036093 -3
    endloop
  endfacet
  facet normal -0.9762960071199335 0.21643961393810224 0
    outer loop
      vertex 13.048615190360934 -99.64432583146582 0
      vertex 13.10903735587498 -99.37177905567194 0
      vertex 13.048615190360934 -99.64432583146582 -3
    endloop
  endfacet
  facet normal -0.9914448613738097 0.13052619222005626 -2.555154646643509e-20
    outer loop
      vertex 13.048615190360934 -99.64432583146582 0
      vertex 13.012176966106413 -99.92110162320749 -3
      vertex 13.012176966106413 -99.92110162320749 0
    endloop
  endfacet
  facet normal -0.9537169507482255 0.3007057995042779 -3.5567354974776467e-19
    outer loop
      vertex 13.192983613485092 -99.10553554135787 0
      vertex 13.10903735587498 -99.37177905567194 -3
      vertex 13.10903735587498 -99.37177905567194 0
    endloop
  endfacet
  facet normal -0.9990482215818581 0.0436193873653299 3.771267484909203e-20
    outer loop
      vertex 13.012176966106413 -99.92110162320749 0
      vertex 13 -100.2 -3
      vertex 13 -100.2 0
    endloop
  endfacet
  facet normal -0.9990482215818581 -0.0436193873653299 -3.771267484909203e-20
    outer loop
      vertex 13 -100.2 0
      vertex 13.012176966106413 -100.47889837679251 -3
      vertex 13.012176966106413 -100.47889837679251 0
    endloop
  endfacet
  facet normal -0.9914448613738097 -0.13052619222005626 2.555154646643509e-20
    outer loop
      vertex 13.012176966106413 -100.47889837679251 0
      vertex 13.048615190360934 -100.75567416853418 -3
      vertex 13.048615190360934 -100.75567416853418 0
    endloop
  endfacet
  facet normal -0.9762960071199335 -0.21643961393810224 4.812496339092393e-19
    outer loop
      vertex 13.048615190360934 -100.75567416853418 0
      vertex 13.10903735587498 -101.02822094432807 -3
      vertex 13.10903735587498 -101.02822094432807 0
    endloop
  endfacet
  facet normal -0.9537169507482255 -0.3007057995042779 3.5567354974776467e-19
    outer loop
      vertex 13.10903735587498 -101.02822094432807 0
      vertex 13.192983613485092 -101.29446445864214 -3
      vertex 13.192983613485092 -101.29446445864214 0
    endloop
  endfacet
  facet normal -0.9238795325112873 -0.3826834323650885 5.02245332053682e-19
    outer loop
      vertex 13.192983613485092 -101.29446445864214 0
      vertex 13.29981508148272 -101.55237843757024 -3
      vertex 13.29981508148272 -101.55237843757024 0
    endloop
  endfacet
  facet normal -0.8870108331782172 -0.46174861323504274 -3.3415271203190018e-18
    outer loop
      vertex 13.29981508148272 -101.55237843757024 0
      vertex 13.428718707889796 -101.8 -3
      vertex 13.428718707889796 -101.8 0
    endloop
  endfacet
  facet normal -0.8433914458128887 -0.537299608346819 2.682466675286556e-18
    outer loop
      vertex 13.428718707889796 -101.8 0
      vertex 13.578713458275224 -102.03544459632334 -3
      vertex 13.578713458275224 -102.03544459632334 0
    endloop
  endfacet
  facet normal -0.7933533402912331 -0.6087614290087234 7.218476589814238e-19
    outer loop
      vertex 13.578713458275224 -102.03544459632334 0
      vertex 13.748657782019269 -102.25692035099692 -3
      vertex 13.748657782019269 -102.25692035099692 0
    endloop
  endfacet
  facet normal -0.7372773368101284 -0.6755902076156554 1.1574950642898792e-18
    outer loop
      vertex 13.748657782019269 -102.25692035099692 0
      vertex 13.937258300203046 -102.46274169979695 -3
      vertex 13.937258300203046 -102.46274169979695 0
    endloop
  endfacet
  facet normal -0.675590207615655 -0.7372773368101287 9.254890106792948e-19
    outer loop
      vertex 13.937258300203046 -102.46274169979695 0
      vertex 14.143079649003074 -102.65134221798073 -3
      vertex 14.143079649003074 -102.65134221798073 0
    endloop
  endfacet
  facet normal -0.6087614290087283 -0.7933533402912292 1.5393333995999446e-18
    outer loop
      vertex 14.143079649003074 -102.65134221798073 0
      vertex 14.364555403676652 -102.82128654172477 -3
      vertex 14.364555403676652 -102.82128654172477 0
    endloop
  endfacet
  facet normal -0.5372996083468281 -0.8433914458128831 -1.854852381523256e-18
    outer loop
      vertex 14.364555403676652 -102.82128654172477 0
      vertex 14.6 -102.9712812921102 -3
      vertex 14.6 -102.9712812921102 0
    endloop
  endfacet
  facet normal -0.46174861323504485 -0.8870108331782159 0
    outer loop
      vertex 14.6 -102.9712812921102 0
      vertex 14.6 -102.9712812921102 -3
      vertex 14.847266337263099 -103.1 0
    endloop
  endfacet
  facet normal -0.9238795325112873 0.3826834323650885 0
    outer loop
      vertex 13.29981508148272 -98.84762156242977 0
      vertex 13.29981508148272 -98.84762156242977 -3
      vertex 13.192983613485092 -99.10553554135787 -3
    endloop
  endfacet
  facet normal -0.7933533402912331 0.6087614290087234 0
    outer loop
      vertex 13.748657782019269 -98.14307964900308 0
      vertex 13.748657782019269 -98.14307964900308 -3
      vertex 13.578713458275224 -98.36455540367666 -3
    endloop
  endfacet
  facet normal -0.8870108331782172 0.46174861323504274 0
    outer loop
      vertex 13.428718707889796 -98.60000000000001 0
      vertex 13.428718707889796 -98.60000000000001 -3
      vertex 13.29981508148272 -98.84762156242977 -3
    endloop
  endfacet
  facet normal -0.8433914458128887 0.537299608346819 0
    outer loop
      vertex 13.578713458275224 -98.36455540367666 0
      vertex 13.578713458275224 -98.36455540367666 -3
      vertex 13.428718707889796 -98.60000000000001 -3
    endloop
  endfacet
  facet normal -0.7372773368101284 0.6755902076156554 0
    outer loop
      vertex 13.937258300203046 -97.93725830020306 0
      vertex 13.937258300203046 -97.93725830020306 -3
      vertex 13.748657782019269 -98.14307964900308 -3
    endloop
  endfacet
  facet normal -0.675590207615655 0.7372773368101287 0
    outer loop
      vertex 14.143079649003074 -97.74865778201928 0
      vertex 14.143079649003074 -97.74865778201928 -3
      vertex 13.937258300203046 -97.93725830020306 -3
    endloop
  endfacet
  facet normal -0.4617486132350449 0.8870108331782159 0
    outer loop
      vertex 14.847621562429762 -97.29981508148272 0
      vertex 14.847621562429762 -97.29981508148272 -3
      vertex 14.6 -97.4287187078898 -3
    endloop
  endfacet
  facet normal -0.3826834323650767 0.9238795325112921 0
    outer loop
      vertex 15.10553554135786 -97.1929836134851 0
      vertex 15.10553554135786 -97.1929836134851 -3
      vertex 14.847621562429762 -97.29981508148272 -3
    endloop
  endfacet
  facet normal -0.6087614290087283 0.7933533402912292 0
    outer loop
      vertex 14.364555403676652 -97.57871345827523 0
      vertex 14.364555403676652 -97.57871345827523 -3
      vertex 14.143079649003074 -97.74865778201928 -3
    endloop
  endfacet
  facet normal -0.5372996083468281 0.8433914458128831 0
    outer loop
      vertex 14.6 -97.4287187078898 0
      vertex 14.6 -97.4287187078898 -3
      vertex 14.364555403676652 -97.57871345827523 -3
    endloop
  endfacet
  facet normal -0.3007057995042627 0.9537169507482302 0
    outer loop
      vertex 15.371779055671933 -97.10903735587499 0
      vertex 15.371779055671933 -97.10903735587499 -3
      vertex 15.10553554135786 -97.1929836134851 -3
    endloop
  endfacet
  facet normal -0.21643961393812852 0.9762960071199276 0
    outer loop
      vertex 15.644325831465823 -97.04861519036093 0
      vertex 15.644325831465823 -97.04861519036093 -3
      vertex 15.371779055671933 -97.10903735587499 -3
    endloop
  endfacet
  facet normal -0.13052619222001874 0.9914448613738147 9.884384992909744e-19
    outer loop
      vertex 15.644325831465823 -97.04861519036093 -3
      vertex 15.921101623207493 -97.01217696610642 0
      vertex 15.921101623207493 -97.01217696610642 -3
    endloop
  endfacet
  facet normal 0 0 -1
    outer loop
      vertex 13.937258300203046 -97.93725830020306 -3
      vertex 14.143079649003074 -97.74865778201928 -3
      vertex 14.033422943373141 -99.81797400913275 -3
    endloop
  endfacet
  facet normal 0 0 -1
    outer loop
      vertex 14.143079649003074 -97.74865778201928 -3
      vertex 14.206122868519369 -99.27023982417046 -3
      vertex 14.132676234271 -99.44755568468354 -3
    endloop
  endfacet
  facet normal 0 0 -1
    outer loop
      vertex 14.143079649003074 -97.74865778201928 -3
      vertex 14.132676234271 -99.44755568468354 -3
      vertex 14.074963182164048 -99.63059810077446 -3
    endloop
  endfacet
  facet normal 0 0 -1
    outer loop
      vertex 14.143079649003074 -97.74865778201928 -3
      vertex 14.074963182164048 -99.63059810077446 -3
      vertex 14.033422943373141 -99.81797400913275 -3
    endloop
  endfacet
  facet normal 0 0 -1
    outer loop
      vertex 14.143079649003074 -97.74865778201928 -3
      vertex 14.364555403676652 -97.57871345827523 -3
      vertex 14.294744111674234 -99.10000000000001 -3
    endloop
  endfacet
  facet normal 0 0 -1
    outer loop
      vertex 14.6 -97.4287187078898 -3
      vertex 14.514702225138247 -98.78586725868962 -3
      vertex 14.364555403676652 -97.57871345827523 -3
    endloop
  endfacet
  facet normal 0 0 -1
    outer loop
      vertex 14.364555403676652 -97.57871345827523 -3
      vertex 14.397865502564217 -98.93813184002771 -3
      vertex 14.294744111674234 -99.10000000000001 -3
    endloop
  endfacet
  facet normal 0 0 -1
    outer loop
      vertex 14.143079649003074 -97.74865778201928 -3
      vertex 14.294744111674234 -99.10000000000001 -3
      vertex 14.206122868519369 -99.27023982417046 -3
    endloop
  endfacet
  facet normal 0 0 -1
    outer loop
      vertex 14.364555403676652 -97.57871345827523 -3
      vertex 14.514702225138247 -98.78586725868962 -3
      vertex 14.397865502564217 -98.93813184002771 -3
    endloop
  endfacet
  facet normal 0 0 -1
    outer loop
      vertex 14.6 -97.4287187078898 -3
      vertex 14.644365081389594 -98.6443650813896 -3
      vertex 14.514702225138247 -98.78586725868962 -3
    endloop
  endfacet
  facet normal 0 0 -1
    outer loop
      vertex 14.6 -97.4287187078898 -3
      vertex 14.847621562429762 -97.29981508148272 -3
      vertex 14.785867258689613 -98.51470222513825 -3
    endloop
  endfacet
  facet normal 0 0 -1
    outer loop
      vertex 14.6 -97.4287187078898 -3
      vertex 14.785867258689613 -98.51470222513825 -3
      vertex 14.644365081389594 -98.6443650813896 -3
    endloop
  endfacet
  facet normal 0 0 -1
    outer loop
      vertex 14.847621562429762 -97.29981508148272 -3
      vertex 15.10553554135786 -97.1929836134851 -3
      vertex 14.938131840027697 -98.39786550256422 -3
    endloop
  endfacet
  facet normal 0 0 -1
    outer loop
      vertex 14.847621562429762 -97.29981508148272 -3
      vertex 14.938131840027697 -98.39786550256422 -3
      vertex 14.785867258689613 -98.51470222513825 -3
    endloop
  endfacet
  facet normal 0 0 -1
    outer loop
      vertex 15.371779055671933 -97.10903735587499 -3
      vertex 15.644325831465823 -97.04861519036093 -3
      vertex 15.447555684683529 -98.132676234271 -3
    endloop
  endfacet
  facet normal 0 0 -1
    outer loop
      vertex 15.644325831465823 -97.04861519036093 -3
      vertex 15.921101623207493 -97.01217696610642 -3
      vertex 15.817974009132753 -98.03342294337314 -3
    endloop
  endfacet
  facet normal 0 0 -1
    outer loop
      vertex 15.10553554135786 -97.1929836134851 -3
      vertex 15.371779055671933 -97.10903735587499 -3
      vertex 15.27023982417046 -98.20612286851937 -3
    endloop
  endfacet
  facet normal 0 0 -1
    outer loop
      vertex 15.10553554135786 -97.1929836134851 -3
      vertex 15.1 -98.29474411167423 -3
      vertex 14.938131840027697 -98.39786550256422 -3
    endloop
  endfacet
  facet normal 0 0 -1
    outer loop
      vertex 15.10553554135786 -97.1929836134851 -3
      vertex 15.27023982417046 -98.20612286851937 -3
      vertex 15.1 -98.29474411167423 -3
    endloop
  endfacet
  facet normal 0 0 -1
    outer loop
      vertex 15.371779055671933 -97.10903735587499 -3
      vertex 15.447555684683529 -98.132676234271 -3
      vertex 15.27023982417046 -98.20612286851937 -3
    endloop
  endfacet
  facet normal 0 0 -1
    outer loop
      vertex 15.644325831465823 -97.04861519036093 -3
      vertex 15.630598100774453 -98.07496318216405 -3
      vertex 15.447555684683529 -98.132676234271 -3
    endloop
  endfacet
  facet normal 0 0 -1
    outer loop
      vertex 15.644325831465823 -97.04861519036093 -3
      vertex 15.817974009132753 -98.03342294337314 -3
      vertex 15.630598100774453 -98.07496318216405 -3
    endloop
  endfacet
  facet normal -0.9762960071199335 0.21643961393810224 0
    outer loop
      vertex 13.10903735587498 -99.37177905567194 0
      vertex 13.10903735587498 -99.37177905567194 -3
      vertex 13.048615190360934 -99.64432583146582 -3
    endloop
  endfacet
  facet normal -0.9914448613738097 0.13052619222005626 0
    outer loop
      vertex 13.048615190360934 -99.64432583146582 0
      vertex 13.048615190360934 -99.64432583146582 -3
      vertex 13.012176966106413 -99.92110162320749 -3
    endloop
  endfacet
  facet normal -0.9537169507482255 0.3007057995042779 0
    outer loop
      vertex 13.192983613485092 -99.10553554135787 0
      vertex 13.192983613485092 -99.10553554135787 -3
      vertex 13.10903735587498 -99.37177905567194 -3
    endloop
  endfacet
  facet normal -0.9990482215818581 0.0436193873653299 0
    outer loop
      vertex 13.012176966106413 -99.92110162320749 0
      vertex 13.012176966106413 -99.92110162320749 -3
      vertex 13 -100.2 -3
    endloop
  endfacet
  facet normal -0.9990482215818581 -0.0436193873653299 0
    outer loop
      vertex 13 -100.2 0
      vertex 13 -100.2 -3
      vertex 13.012176966106413 -100.47889837679251 -3
    endloop
  endfacet
  facet normal -0.9914448613738097 -0.13052619222005626 0
    outer loop
      vertex 13.012176966106413 -100.47889837679251 0
      vertex 13.012176966106413 -100.47889837679251 -3
      vertex 13.048615190360934 -100.75567416853418 -3
    endloop
  endfacet
  facet normal -0.9762960071199335 -0.21643961393810224 0
    outer loop
      vertex 13.048615190360934 -100.75567416853418 0
      vertex 13.048615190360934 -100.75567416853418 -3
      vertex 13.10903735587498 -101.02822094432807 -3
    endloop
  endfacet
  facet normal -0.9537169507482255 -0.3007057995042779 0
    outer loop
      vertex 13.10903735587498 -101.02822094432807 0
      vertex 13.10903735587498 -101.02822094432807 -3
      vertex 13.192983613485092 -101.29446445864214 -3
    endloop
  endfacet
  facet normal -0.9238795325112873 -0.3826834323650885 0
    outer loop
      vertex 13.192983613485092 -101.29446445864214 0
      vertex 13.192983613485092 -101.29446445864214 -3
      vertex 13.29981508148272 -101.55237843757024 -3
    endloop
  endfacet
  facet normal -0.8870108331782172 -0.46174861323504274 0
    outer loop
      vertex 13.29981508148272 -101.55237843757024 0
      vertex 13.29981508148272 -101.55237843757024 -3
      vertex 13.428718707889796 -101.8 -3
    endloop
  endfacet
  facet normal -0.8433914458128887 -0.537299608346819 0
    outer loop
      vertex 13.428718707889796 -101.8 0
      vertex 13.428718707889796 -101.8 -3
      vertex 13.578713458275224 -102.03544459632334 -3
    endloop
  endfacet
  facet normal -0.7933533402912331 -0.6087614290087234 0
    outer loop
      vertex 13.578713458275224 -102.03544459632334 0
      vertex 13.578713458275224 -102.03544459632334 -3
      vertex 13.748657782019269 -102.25692035099692 -3
    endloop
  endfacet
  facet normal -0.7372773368101284 -0.6755902076156554 0
    outer loop
      vertex 13.748657782019269 -102.25692035099692 0
      vertex 13.748657782019269 -102.25692035099692 -3
      vertex 13.937258300203046 -102.46274169979695 -3
    endloop
  endfacet
  facet normal -0.675590207615655 -0.7372773368101287 0
    outer loop
      vertex 13.937258300203046 -102.46274169979695 0
      vertex 13.937258300203046 -102.46274169979695 -3
      vertex 14.143079649003074 -102.65134221798073 -3
    endloop
  endfacet
  facet normal -0.6087614290087283 -0.7933533402912292 0
    outer loop
      vertex 14.143079649003074 -102.65134221798073 0
      vertex 14.143079649003074 -102.65134221798073 -3
      vertex 14.364555403676652 -102.82128654172477 -3
    endloop
  endfacet
  facet normal -0.5372996083468281 -0.8433914458128831 0
    outer loop
      vertex 14.364555403676652 -102.82128654172477 0
      vertex 14.364555403676652 -102.82128654172477 -3
      vertex 14.6 -102.9712812921102 -3
    endloop
  endfacet
  facet normal -0.46174861323504485 -0.8870108331782159 0
    outer loop
      vertex 14.847266337263099 -103.1 0
      vertex 14.6 -102.9712812921102 -3
      vertex 14.847266337263099 -103.1 -3
    endloop
  endfacet
  facet normal 0 0 -1
    outer loop
      vertex 13.192983613485092 -99.10553554135787 -3
      vertex 13.10903735587498 -101.02822094432807 -3
      vertex 13.10903735587498 -99.37177905567194 -3
    endloop
  endfacet
  facet normal 0 0 -1
    outer loop
      vertex 13.29981508148272 -98.84762156242977 -3
      vertex 13.192983613485092 -101.29446445864214 -3
      vertex 13.192983613485092 -99.10553554135787 -3
    endloop
  endfacet
  facet normal 0 0 -1
    outer loop
      vertex 13.048615190360934 -99.64432583146582 -3
      vertex 13.012176966106413 -100.47889837679251 -3
      vertex 13.012176966106413 -99.92110162320749 -3
    endloop
  endfacet
  facet normal 0 0 -1
    outer loop
      vertex 13.048615190360934 -99.64432583146582 -3
      vertex 13.10903735587498 -99.37177905567194 -3
      vertex 13.048615190360934 -100.75567416853418 -3
    endloop
  endfacet
  facet normal 0 0 -1
    outer loop
      vertex 13.012176966106413 -99.92110162320749 -3
      vertex 13.012176966106413 -100.47889837679251 -3
      vertex 13 -100.2 -3
    endloop
  endfacet
  facet normal 0 0 -1
    outer loop
      vertex 13.048615190360934 -99.64432583146582 -3
      vertex 13.048615190360934 -100.75567416853418 -3
      vertex 13.012176966106413 -100.47889837679251 -3
    endloop
  endfacet
  facet normal 0 0 -1
    outer loop
      vertex 13.10903735587498 -99.37177905567194 -3
      vertex 13.10903735587498 -101.02822094432807 -3
      vertex 13.048615190360934 -100.75567416853418 -3
    endloop
  endfacet
  facet normal 0 0 -1
    outer loop
      vertex 13.192983613485092 -99.10553554135787 -3
      vertex 13.192983613485092 -101.29446445864214 -3
      vertex 13.10903735587498 -101.02822094432807 -3
    endloop
  endfacet
  facet normal 0 0 -1
    outer loop
      vertex 13.29981508148272 -98.84762156242977 -3
      vertex 13.29981508148272 -101.55237843757024 -3
      vertex 13.192983613485092 -101.29446445864214 -3
    endloop
  endfacet
  facet normal 0 0 -1
    outer loop
      vertex 13.29981508148272 -98.84762156242977 -3
      vertex 13.428718707889796 -98.60000000000001 -3
      vertex 13.29981508148272 -101.55237843757024 -3
    endloop
  endfacet
  facet normal 0 0 -1
    outer loop
      vertex 13.428718707889796 -98.60000000000001 -3
      vertex 13.578713458275224 -98.36455540367666 -3
      vertex 13.428718707889796 -101.8 -3
    endloop
  endfacet
  facet normal 0 0 -1
    outer loop
      vertex 13.578713458275224 -98.36455540367666 -3
      vertex 13.748657782019269 -98.14307964900308 -3
      vertex 13.578713458275224 -102.03544459632334 -3
    endloop
  endfacet
  facet normal 0 0 -1
    outer loop
      vertex 13.428718707889796 -98.60000000000001 -3
      vertex 13.428718707889796 -101.8 -3
      vertex 13.29981508148272 -101.55237843757024 -3
    endloop
  endfacet
  facet normal 0 0 -1
    outer loop
      vertex 13.748657782019269 -98.14307964900308 -3
      vertex 13.937258300203046 -97.93725830020306 -3
      vertex 13.748657782019269 -102.25692035099692 -3
    endloop
  endfacet
  facet normal 0 0 -1
    outer loop
      vertex 13.937258300203046 -97.93725830020306 -3
      vertex 14.033422943373141 -99.81797400913275 -3
      vertex 14.008371664198158 -100.00825736595516 -3
    endloop
  endfacet
  facet normal 0 0 -1
    outer loop
      vertex 13.937258300203046 -97.93725830020306 -3
      vertex 14.008371664198158 -100.00825736595516 -3
      vertex 14 -100.2 -3
    endloop
  endfacet
  facet normal 0 0 -1
    outer loop
      vertex 13.937258300203046 -97.93725830020306 -3
      vertex 14 -100.2 -3
      vertex 13.937258300203046 -102.46274169979695 -3
    endloop
  endfacet
  facet normal 0 0 -1
    outer loop
      vertex 13.578713458275224 -98.36455540367666 -3
      vertex 13.578713458275224 -102.03544459632334 -3
      vertex 13.428718707889796 -101.8 -3
    endloop
  endfacet
  facet normal 0 0 -1
    outer loop
      vertex 13.748657782019269 -98.14307964900308 -3
      vertex 13.748657782019269 -102.25692035099692 -3
      vertex 13.578713458275224 -102.03544459632334 -3
    endloop
  endfacet
  facet normal 0 0 -1
    outer loop
      vertex 13.937258300203046 -97.93725830020306 -3
      vertex 13.937258300203046 -102.46274169979695 -3
      vertex 13.748657782019269 -102.25692035099692 -3
    endloop
  endfacet
  facet normal 0 0 -1
    outer loop
      vertex 13.937258300203046 -102.46274169979695 -3
      vertex 14 -100.2 -3
      vertex 14.008371664198158 -100.39174263404485 -3
    endloop
  endfacet
  facet normal 0 0 -1
    outer loop
      vertex 13.937258300203046 -102.46274169979695 -3
      vertex 14.008371664198158 -100.39174263404485 -3
      vertex 14.033422943373141 -100.58202599086725 -3
    endloop
  endfacet
  facet normal 0 0 -1
    outer loop
      vertex 13.937258300203046 -102.46274169979695 -3
      vertex 14.033422943373141 -100.58202599086725 -3
      vertex 14.074963182164048 -100.76940189922554 -3
    endloop
  endfacet
  facet normal 0 0 -1
    outer loop
      vertex 13.937258300203046 -102.46274169979695 -3
      vertex 14.074963182164048 -100.76940189922554 -3
      vertex 14.132676234271 -100.95244431531647 -3
    endloop
  endfacet
  facet normal 0 0 -1
    outer loop
      vertex 13.937258300203046 -102.46274169979695 -3
      vertex 14.132676234271 -100.95244431531647 -3
      vertex 14.206122868519369 -101.12976017582955 -3
    endloop
  endfacet
  facet normal 0 0 -1
    outer loop
      vertex 13.937258300203046 -102.46274169979695 -3
      vertex 14.206122868519369 -101.12976017582955 -3
      vertex 14.143079649003074 -102.65134221798073 -3
    endloop
  endfacet
  facet normal 0 0 -1
    outer loop
      vertex 14.143079649003074 -102.65134221798073 -3
      vertex 14.206122868519369 -101.12976017582955 -3
      vertex 14.294744111674234 -101.3 -3
    endloop
  endfacet
  facet normal 0 0 -1
    outer loop
      vertex 14.143079649003074 -102.65134221798073 -3
      vertex 14.294744111674234 -101.3 -3
      vertex 14.397865502564217 -101.4618681599723 -3
    endloop
  endfacet
  facet normal 0 0 -1
    outer loop
      vertex 14.143079649003074 -102.65134221798073 -3
      vertex 14.397865502564217 -101.4618681599723 -3
      vertex 14.364555403676652 -102.82128654172477 -3
    endloop
  endfacet
  facet normal 0 0 -1
    outer loop
      vertex 14.364555403676652 -102.82128654172477 -3
      vertex 14.397865502564217 -101.4618681599723 -3
      vertex 14.514702225138247 -101.61413274131039 -3
    endloop
  endfacet
  facet normal 0 0 -1
    outer loop
      vertex 14.364555403676652 -102.82128654172477 -3
      vertex 14.514702225138247 -101.61413274131039 -3
      vertex 14.644365081389594 -101.75563491861041 -3
    endloop
  endfacet
  facet normal 0 0 -1
    outer loop
      vertex 14.6 -102.9712812921102 -3
      vertex 14.644365081389594 -101.75563491861041 -3
      vertex 14.785867258689613 -101.88529777486175 -3
    endloop
  endfacet
  facet normal 0 0 -1
    outer loop
      vertex 14.6 -102.9712812921102 -3
      vertex 14.785867258689613 -101.88529777486175 -3
      vertex 14.938131840027697 -102.00213449743579 -3
    endloop
  endfacet
  facet normal 0 0 -1
    outer loop
      vertex 14.364555403676652 -102.82128654172477 -3
      vertex 14.644365081389594 -101.75563491861041 -3
      vertex 14.6 -102.9712812921102 -3
    endloop
  endfacet
  facet normal 0 0 -1
    outer loop
      vertex 14.6 -102.9712812921102 -3
      vertex 14.938131840027697 -102.00213449743579 -3
      vertex 14.847266337263099 -103.1 -3
    endloop
  endfacet
  facet normal 0 0 -1
    outer loop
      vertex 14.847266337263099 -103.1 -3
      vertex 14.938131840027697 -102.00213449743579 -3
      vertex 15.1 -102.10525588832577 -3
    endloop
  endfacet
  facet normal 0 0 -1
    outer loop
      vertex 14.847266337263099 -103.1 -3
      vertex 15.1 -102.10525588832577 -3
      vertex 15.27023982417046 -102.19387713148063 -3
    endloop
  endfacet
  facet normal 0 0 -1
    outer loop
      vertex 14.847266337263099 -103.1 -3
      vertex 15.27023982417046 -102.19387713148063 -3
      vertex 15.447555684683529 -102.267323765729 -3
    endloop
  endfacet
  facet normal 0 0 -1
    outer loop
      vertex 14.847266337263099 -103.1 -3
      vertex 15.447555684683529 -102.267323765729 -3
      vertex 15.630598100774453 -102.32503681783595 -3
    endloop
  endfacet
  facet normal 0 0 -1
    outer loop
      vertex 14.847266337263099 -103.1 -3
      vertex 15.630598100774453 -102.32503681783595 -3
      vertex 15.817974009132753 -102.36657705662687 -3
    endloop
  endfacet
  facet normal 0 0 -1
    outer loop
      vertex 14.847266337263099 -103.1 -3
      vertex 15.817974009132753 -102.36657705662687 -3
      vertex 16.008257365955153 -102.39162833580184 -3
    endloop
  endfacet
  facet normal 0 0 -1
    outer loop
      vertex 14.847266337263099 -103.1 -3
      vertex 16.008257365955153 -102.39162833580184 -3
      vertex 16.2 -102.4 -3
    endloop
  endfacet
  facet normal 0 0 -1
    outer loop
      vertex 14.847266337263099 -103.1 -3
      vertex 16.2 -102.4 -3
      vertex 16.391742634044846 -102.39162833580184 -3
    endloop
  endfacet
  facet normal -0.04361938736536884 0.9990482215818564 0
    outer loop
      vertex 15.921101623207493 -97.01217696610642 0
      vertex 16.2 -97 0
      vertex 15.921101623207493 -97.01217696610642 -3
    endloop
  endfacet
  facet normal 0.04361938736536912 0.9990482215818564 0
    outer loop
      vertex 16.2 -97 0
      vertex 16.478898376792504 -97.01217696610642 0
      vertex 16.2 -97 -3
    endloop
  endfacet
  facet normal 0.1305261922200171 0.9914448613738149 0
    outer loop
      vertex 16.478898376792504 -97.01217696610642 0
      vertex 16.755674168534178 -97.04861519036093 0
      vertex 16.478898376792504 -97.01217696610642 -3
    endloop
  endfacet
  facet normal 0.2164396139381299 0.9762960071199275 0
    outer loop
      vertex 16.755674168534178 -97.04861519036093 0
      vertex 17.028220944328066 -97.10903735587499 0
      vertex 16.755674168534178 -97.04861519036093 -3
    endloop
  endfacet
  facet normal 0.3007057995042627 0.9537169507482302 0
    outer loop
      vertex 17.028220944328066 -97.10903735587499 0
      vertex 17.29446445864214 -97.1929836134851 0
      vertex 17.028220944328066 -97.10903735587499 -3
    endloop
  endfacet
  facet normal 0.3826834323650767 0.9238795325112921 0
    outer loop
      vertex 17.29446445864214 -97.1929836134851 0
      vertex 17.552378437570237 -97.29981508148272 0
      vertex 17.29446445864214 -97.1929836134851 -3
    endloop
  endfacet
  facet normal 0.4617486132350423 0.8870108331782173 0
    outer loop
      vertex 17.552378437570237 -97.29981508148272 0
      vertex 17.8 -97.4287187078898 0
      vertex 17.552378437570237 -97.29981508148272 -3
    endloop
  endfacet
  facet normal 0.5372996083468281 0.8433914458128831 0
    outer loop
      vertex 17.8 -97.4287187078898 0
      vertex 18.035444596323348 -97.57871345827523 0
      vertex 17.8 -97.4287187078898 -3
    endloop
  endfacet
  facet normal 0.6087614290087314 0.7933533402912268 0
    outer loop
      vertex 18.035444596323348 -97.57871345827523 0
      vertex 18.256920350996925 -97.74865778201928 0
      vertex 18.035444596323348 -97.57871345827523 -3
    endloop
  endfacet
  facet normal 0.6755902076156582 0.7372773368101259 0
    outer loop
      vertex 18.256920350996925 -97.74865778201928 0
      vertex 18.46274169979695 -97.93725830020306 0
      vertex 18.256920350996925 -97.74865778201928 -3
    endloop
  endfacet
  facet normal 0.7372773368101253 0.6755902076156588 0
    outer loop
      vertex 18.46274169979695 -97.93725830020306 0
      vertex 18.65134221798073 -98.14307964900308 0
      vertex 18.46274169979695 -97.93725830020306 -3
    endloop
  endfacet
  facet normal 0.7933533402912331 0.6087614290087234 0
    outer loop
      vertex 18.65134221798073 -98.14307964900308 0
      vertex 18.821286541724774 -98.36455540367666 0
      vertex 18.65134221798073 -98.14307964900308 -3
    endloop
  endfacet
  facet normal 0.8433914458128887 0.537299608346819 0
    outer loop
      vertex 18.821286541724774 -98.36455540367666 0
      vertex 18.971281292110202 -98.60000000000001 0
      vertex 18.821286541724774 -98.36455540367666 -3
    endloop
  endfacet
  facet normal 0.8870108331782172 0.46174861323504274 0
    outer loop
      vertex 18.971281292110202 -98.60000000000001 0
      vertex 19.10018491851728 -98.84762156242977 0
      vertex 18.971281292110202 -98.60000000000001 -3
    endloop
  endfacet
  facet normal 0.9238795325112851 0.38268343236509395 0
    outer loop
      vertex 19.10018491851728 -98.84762156242977 0
      vertex 19.20701638651491 -99.10553554135787 0
      vertex 19.10018491851728 -98.84762156242977 -3
    endloop
  endfacet
  facet normal 0.9537169507482289 0.3007057995042663 0
    outer loop
      vertex 19.20701638651491 -99.10553554135787 0
      vertex 19.290962644125017 -99.37177905567194 0
      vertex 19.20701638651491 -99.10553554135787 -3
    endloop
  endfacet
  facet normal 0.9762960071199323 0.21643961393810832 0
    outer loop
      vertex 19.290962644125017 -99.37177905567194 0
      vertex 19.351384809639065 -99.64432583146582 0
      vertex 19.290962644125017 -99.37177905567194 -3
    endloop
  endfacet
  facet normal 0.7372773368101253 -0.6755902076156588 0
    outer loop
      vertex 18.65134221798073 -102.25692035099692 0
      vertex 18.46274169979695 -102.46274169979695 0
      vertex 18.65134221798073 -102.25692035099692 -3
    endloop
  endfacet
  facet normal 0.7933533402912331 -0.6087614290087234 -7.218476589814238e-19
    outer loop
      vertex 18.65134221798073 -102.25692035099692 0
      vertex 18.821286541724774 -102.03544459632334 -3
      vertex 18.821286541724774 -102.03544459632334 0
    endloop
  endfacet
  facet normal 0.9762960071199323 -0.21643961393810832 1.7721478688869053e-18
    outer loop
      vertex 19.290962644125017 -101.02822094432807 0
      vertex 19.351384809639065 -100.75567416853418 -3
      vertex 19.351384809639065 -100.75567416853418 0
    endloop
  endfacet
  facet normal 0.9537169507482289 -0.3007057995042663 0
    outer loop
      vertex 19.290962644125017 -101.02822094432807 0
      vertex 19.20701638651491 -101.29446445864214 0
      vertex 19.290962644125017 -101.02822094432807 -3
    endloop
  endfacet
  facet normal 0.9238795325112851 -0.38268343236509395 0
    outer loop
      vertex 19.20701638651491 -101.29446445864214 0
      vertex 19.10018491851728 -101.55237843757024 0
      vertex 19.20701638651491 -101.29446445864214 -3
    endloop
  endfacet
  facet normal 0.8433914458128887 -0.537299608346819 -2.682466675286556e-18
    outer loop
      vertex 18.821286541724774 -102.03544459632334 0
      vertex 18.971281292110202 -101.8 -3
      vertex 18.971281292110202 -101.8 0
    endloop
  endfacet
  facet normal 0.8870108331782172 -0.46174861323504274 3.3415271203190018e-18
    outer loop
      vertex 18.971281292110202 -101.8 0
      vertex 19.10018491851728 -101.55237843757024 -3
      vertex 19.10018491851728 -101.55237843757024 0
    endloop
  endfacet
  facet normal 0.46174861323504485 -0.8870108331782159 0
    outer loop
      vertex 17.5527336627369 -103.1 0
      vertex 17.5527336627369 -103.1 -3
      vertex 17.8 -102.9712812921102 0
    endloop
  endfacet
  facet normal 0.5372996083468281 -0.8433914458128831 1.854852381523256e-18
    outer loop
      vertex 17.8 -102.9712812921102 0
      vertex 18.035444596323348 -102.82128654172477 -3
      vertex 18.035444596323348 -102.82128654172477 0
    endloop
  endfacet
  facet normal 0.6087614290087314 -0.7933533402912268 2.555713478107869e-18
    outer loop
      vertex 18.035444596323348 -102.82128654172477 0
      vertex 18.256920350996925 -102.65134221798073 -3
      vertex 18.256920350996925 -102.65134221798073 0
    endloop
  endfacet
  facet normal 0.6755902076156582 -0.7372773368101259 -3.2597351270016888e-18
    outer loop
      vertex 18.256920350996925 -102.65134221798073 0
      vertex 18.46274169979695 -102.46274169979695 -3
      vertex 18.46274169979695 -102.46274169979695 0
    endloop
  endfacet
  facet normal 0.9914448613738097 0.13052619222005626 0
    outer loop
      vertex 19.351384809639065 -99.64432583146582 0
      vertex 19.387823033893586 -99.92110162320749 0
      vertex 19.351384809639065 -99.64432583146582 -3
    endloop
  endfacet
  facet normal 0.9990482215818581 0.0436193873653299 0
    outer loop
      vertex 19.387823033893586 -99.92110162320749 0
      vertex 19.4 -100.2 0
      vertex 19.387823033893586 -99.92110162320749 -3
    endloop
  endfacet
  facet normal 0.9990482215818581 -0.0436193873653299 0
    outer loop
      vertex 19.4 -100.2 0
      vertex 19.387823033893586 -100.47889837679251 0
      vertex 19.4 -100.2 -3
    endloop
  endfacet
  facet normal 0.9914448613738097 -0.13052619222005626 0
    outer loop
      vertex 19.387823033893586 -100.47889837679251 0
      vertex 19.351384809639065 -100.75567416853418 0
      vertex 19.387823033893586 -100.47889837679251 -3
    endloop
  endfacet
  facet normal -0.04361938736536884 0.9990482215818564 0
    outer loop
      vertex 16.2 -97 0
      vertex 16.2 -97 -3
      vertex 15.921101623207493 -97.01217696610642 -3
    endloop
  endfacet
  facet normal 0.04361938736536912 0.9990482215818564 0
    outer loop
      vertex 16.478898376792504 -97.01217696610642 0
      vertex 16.478898376792504 -97.01217696610642 -3
      vertex 16.2 -97 -3
    endloop
  endfacet
  facet normal 0.1305261922200171 0.9914448613738149 0
    outer loop
      vertex 16.755674168534178 -97.04861519036093 0
      vertex 16.755674168534178 -97.04861519036093 -3
      vertex 16.478898376792504 -97.01217696610642 -3
    endloop
  endfacet
  facet normal 0.2164396139381299 0.9762960071199275 0
    outer loop
      vertex 17.028220944328066 -97.10903735587499 0
      vertex 17.028220944328066 -97.10903735587499 -3
      vertex 16.755674168534178 -97.04861519036093 -3
    endloop
  endfacet
  facet normal 0.3007057995042627 0.9537169507482302 0
    outer loop
      vertex 17.29446445864214 -97.1929836134851 0
      vertex 17.29446445864214 -97.1929836134851 -3
      vertex 17.028220944328066 -97.10903735587499 -3
    endloop
  endfacet
  facet normal 0.3826834323650767 0.9238795325112921 0
    outer loop
      vertex 17.552378437570237 -97.29981508148272 0
      vertex 17.552378437570237 -97.29981508148272 -3
      vertex 17.29446445864214 -97.1929836134851 -3
    endloop
  endfacet
  facet normal 0.4617486132350423 0.8870108331782173 0
    outer loop
      vertex 17.8 -97.4287187078898 0
      vertex 17.8 -97.4287187078898 -3
      vertex 17.552378437570237 -97.29981508148272 -3
    endloop
  endfacet
  facet normal 0.5372996083468281 0.8433914458128831 0
    outer loop
      vertex 18.035444596323348 -97.57871345827523 0
      vertex 18.035444596323348 -97.57871345827523 -3
      vertex 17.8 -97.4287187078898 -3
    endloop
  endfacet
  facet normal 0.6087614290087314 0.7933533402912268 0
    outer loop
      vertex 18.256920350996925 -97.74865778201928 0
      vertex 18.256920350996925 -97.74865778201928 -3
      vertex 18.035444596323348 -97.57871345827523 -3
    endloop
  endfacet
  facet normal 0.6755902076156582 0.7372773368101259 0
    outer loop
      vertex 18.46274169979695 -97.93725830020306 0
      vertex 18.46274169979695 -97.93725830020306 -3
      vertex 18.256920350996925 -97.74865778201928 -3
    endloop
  endfacet
  facet normal 0.7372773368101253 0.6755902076156588 0
    outer loop
      vertex 18.65134221798073 -98.14307964900308 0
      vertex 18.65134221798073 -98.14307964900308 -3
      vertex 18.46274169979695 -97.93725830020306 -3
    endloop
  endfacet
  facet normal 0.7933533402912331 0.6087614290087234 0
    outer loop
      vertex 18.821286541724774 -98.36455540367666 0
      vertex 18.821286541724774 -98.36455540367666 -3
      vertex 18.65134221798073 -98.14307964900308 -3
    endloop
  endfacet
  facet normal 0.8433914458128887 0.537299608346819 0
    outer loop
      vertex 18.971281292110202 -98.60000000000001 0
      vertex 18.971281292110202 -98.60000000000001 -3
      vertex 18.821286541724774 -98.36455540367666 -3
    endloop
  endfacet
  facet normal 0.8870108331782172 0.46174861323504274 0
    outer loop
      vertex 19.10018491851728 -98.84762156242977 0
      vertex 19.10018491851728 -98.84762156242977 -3
      vertex 18.971281292110202 -98.60000000000001 -3
    endloop
  endfacet
  facet normal 0.9238795325112851 0.38268343236509395 0
    outer loop
      vertex 19.20701638651491 -99.10553554135787 0
      vertex 19.20701638651491 -99.10553554135787 -3
      vertex 19.10018491851728 -98.84762156242977 -3
    endloop
  endfacet
  facet normal 0 0 -1
    outer loop
      vertex 15.921101623207493 -97.01217696610642 -3
      vertex 16.2 -97 -3
      vertex 16.008257365955153 -98.00837166419817 -3
    endloop
  endfacet
  facet normal 0 0 -1
    outer loop
      vertex 16.2 -97 -3
      vertex 16.478898376792504 -97.01217696610642 -3
      vertex 16.391742634044846 -98.00837166419817 -3
    endloop
  endfacet
  facet normal 0 0 -1
    outer loop
      vertex 16.478898376792504 -97.01217696610642 -3
      vertex 16.755674168534178 -97.04861519036093 -3
      vertex 16.391742634044846 -98.00837166419817 -3
    endloop
  endfacet
  facet normal 0 0 -1
    outer loop
      vertex 15.921101623207493 -97.01217696610642 -3
      vertex 16.008257365955153 -98.00837166419817 -3
      vertex 15.817974009132753 -98.03342294337314 -3
    endloop
  endfacet
  facet normal 0 0 -1
    outer loop
      vertex 16.2 -97 -3
      vertex 16.2 -98 -3
      vertex 16.008257365955153 -98.00837166419817 -3
    endloop
  endfacet
  facet normal 0 0 -1
    outer loop
      vertex 16.2 -97 -3
      vertex 16.391742634044846 -98.00837166419817 -3
      vertex 16.2 -98 -3
    endloop
  endfacet
  facet normal 0 0 -1
    outer loop
      vertex 16.755674168534178 -97.04861519036093 -3
      vertex 16.582025990867248 -98.03342294337314 -3
      vertex 16.391742634044846 -98.00837166419817 -3
    endloop
  endfacet
  facet normal 0 0 -1
    outer loop
      vertex 16.755674168534178 -97.04861519036093 -3
      vertex 17.028220944328066 -97.10903735587499 -3
      vertex 16.582025990867248 -98.03342294337314 -3
    endloop
  endfacet
  facet normal 0 0 -1
    outer loop
      vertex 17.028220944328066 -97.10903735587499 -3
      vertex 16.769401899225546 -98.07496318216405 -3
      vertex 16.582025990867248 -98.03342294337314 -3
    endloop
  endfacet
  facet normal 0 0 -1
    outer loop
      vertex 17.028220944328066 -97.10903735587499 -3
      vertex 16.95244431531647 -98.132676234271 -3
      vertex 16.769401899225546 -98.07496318216405 -3
    endloop
  endfacet
  facet normal 0 0 -1
    outer loop
      vertex 17.028220944328066 -97.10903735587499 -3
      vertex 17.29446445864214 -97.1929836134851 -3
      vertex 16.95244431531647 -98.132676234271 -3
    endloop
  endfacet
  facet normal 0 0 -1
    outer loop
      vertex 17.29446445864214 -97.1929836134851 -3
      vertex 17.12976017582954 -98.20612286851937 -3
      vertex 16.95244431531647 -98.132676234271 -3
    endloop
  endfacet
  facet normal 0 0 -1
    outer loop
      vertex 17.29446445864214 -97.1929836134851 -3
      vertex 17.552378437570237 -97.29981508148272 -3
      vertex 17.12976017582954 -98.20612286851937 -3
    endloop
  endfacet
  facet normal 0 0 -1
    outer loop
      vertex 17.552378437570237 -97.29981508148272 -3
      vertex 17.3 -98.29474411167423 -3
      vertex 17.12976017582954 -98.20612286851937 -3
    endloop
  endfacet
  facet normal 0 0 -1
    outer loop
      vertex 17.552378437570237 -97.29981508148272 -3
      vertex 17.8 -97.4287187078898 -3
      vertex 17.4618681599723 -98.39786550256422 -3
    endloop
  endfacet
  facet normal 0 0 -1
    outer loop
      vertex 17.552378437570237 -97.29981508148272 -3
      vertex 17.4618681599723 -98.39786550256422 -3
      vertex 17.3 -98.29474411167423 -3
    endloop
  endfacet
  facet normal 0 0 -1
    outer loop
      vertex 17.8 -97.4287187078898 -3
      vertex 17.614132741310385 -98.51470222513825 -3
      vertex 17.4618681599723 -98.39786550256422 -3
    endloop
  endfacet
  facet normal 0 0 -1
    outer loop
      vertex 17.8 -97.4287187078898 -3
      vertex 17.755634918610404 -98.6443650813896 -3
      vertex 17.614132741310385 -98.51470222513825 -3
    endloop
  endfacet
  facet normal 0 0 -1
    outer loop
      vertex 17.8 -97.4287187078898 -3
      vertex 18.035444596323348 -97.57871345827523 -3
      vertex 17.755634918610404 -98.6443650813896 -3
    endloop
  endfacet
  facet normal 0 0 -1
    outer loop
      vertex 18.035444596323348 -97.57871345827523 -3
      vertex 17.88529777486175 -98.78586725868962 -3
      vertex 17.755634918610404 -98.6443650813896 -3
    endloop
  endfacet
  facet normal 0 0 -1
    outer loop
      vertex 18.035444596323348 -97.57871345827523 -3
      vertex 18.002134497435783 -98.93813184002771 -3
      vertex 17.88529777486175 -98.78586725868962 -3
    endloop
  endfacet
  facet normal 0 0 -1
    outer loop
      vertex 18.035444596323348 -97.57871345827523 -3
      vertex 18.256920350996925 -97.74865778201928 -3
      vertex 18.002134497435783 -98.93813184002771 -3
    endloop
  endfacet
  facet normal 0 0 -1
    outer loop
      vertex 18.256920350996925 -97.74865778201928 -3
      vertex 18.105255888325765 -99.10000000000001 -3
      vertex 18.002134497435783 -98.93813184002771 -3
    endloop
  endfacet
  facet normal 0 0 -1
    outer loop
      vertex 18.256920350996925 -97.74865778201928 -3
      vertex 18.19387713148063 -99.27023982417046 -3
      vertex 18.105255888325765 -99.10000000000001 -3
    endloop
  endfacet
  facet normal 0 0 -1
    outer loop
      vertex 18.256920350996925 -97.74865778201928 -3
      vertex 18.46274169979695 -97.93725830020306 -3
      vertex 18.19387713148063 -99.27023982417046 -3
    endloop
  endfacet
  facet normal 0 0 -1
    outer loop
      vertex 18.46274169979695 -97.93725830020306 -3
      vertex 18.267323765729 -99.44755568468354 -3
      vertex 18.19387713148063 -99.27023982417046 -3
    endloop
  endfacet
  facet normal 0 0 -1
    outer loop
      vertex 18.46274169979695 -97.93725830020306 -3
      vertex 18.32503681783595 -99.63059810077446 -3
      vertex 18.267323765729 -99.44755568468354 -3
    endloop
  endfacet
  facet normal 0.9537169507482289 0.3007057995042663 0
    outer loop
      vertex 19.290962644125017 -99.37177905567194 0
      vertex 19.290962644125017 -99.37177905567194 -3
      vertex 19.20701638651491 -99.10553554135787 -3
    endloop
  endfacet
  facet normal 0.9762960071199323 0.21643961393810832 0
    outer loop
      vertex 19.351384809639065 -99.64432583146582 0
      vertex 19.351384809639065 -99.64432583146582 -3
      vertex 19.290962644125017 -99.37177905567194 -3
    endloop
  endfacet
  facet normal 0.7933533402912331 -0.6087614290087234 0
    outer loop
      vertex 18.65134221798073 -102.25692035099692 0
      vertex 18.65134221798073 -102.25692035099692 -3
      vertex 18.821286541724774 -102.03544459632334 -3
    endloop
  endfacet
  facet normal 0.8433914458128887 -0.537299608346819 0
    outer loop
      vertex 18.821286541724774 -102.03544459632334 0
      vertex 18.821286541724774 -102.03544459632334 -3
      vertex 18.971281292110202 -101.8 -3
    endloop
  endfacet
  facet normal 0.9762960071199323 -0.21643961393810832 0
    outer loop
      vertex 19.290962644125017 -101.02822094432807 0
      vertex 19.290962644125017 -101.02822094432807 -3
      vertex 19.351384809639065 -100.75567416853418 -3
    endloop
  endfacet
  facet normal 0.9537169507482289 -0.3007057995042663 0
    outer loop
      vertex 19.20701638651491 -101.29446445864214 0
      vertex 19.20701638651491 -101.29446445864214 -3
      vertex 19.290962644125017 -101.02822094432807 -3
    endloop
  endfacet
  facet normal 0.9238795325112851 -0.38268343236509395 0
    outer loop
      vertex 19.10018491851728 -101.55237843757024 0
      vertex 19.10018491851728 -101.55237843757024 -3
      vertex 19.20701638651491 -101.29446445864214 -3
    endloop
  endfacet
  facet normal 0.8870108331782172 -0.46174861323504274 0
    outer loop
      vertex 18.971281292110202 -101.8 0
      vertex 18.971281292110202 -101.8 -3
      vertex 19.10018491851728 -101.55237843757024 -3
    endloop
  endfacet
  facet normal 0.46174861323504485 -0.8870108331782159 0
    outer loop
      vertex 17.8 -102.9712812921102 0
      vertex 17.5527336627369 -103.1 -3
      vertex 17.8 -102.9712812921102 -3
    endloop
  endfacet
  facet normal 0.5372996083468281 -0.8433914458128831 0
    outer loop
      vertex 17.8 -102.9712812921102 0
      vertex 17.8 -102.9712812921102 -3
      vertex 18.035444596323348 -102.82128654172477 -3
    endloop
  endfacet
  facet normal 0.6087614290087314 -0.7933533402912268 0
    outer loop
      vertex 18.035444596323348 -102.82128654172477 0
      vertex 18.035444596323348 -102.82128654172477 -3
      vertex 18.256920350996925 -102.65134221798073 -3
    endloop
  endfacet
  facet normal 0.6755902076156582 -0.7372773368101259 0
    outer loop
      vertex 18.256920350996925 -102.65134221798073 0
      vertex 18.256920350996925 -102.65134221798073 -3
      vertex 18.46274169979695 -102.46274169979695 -3
    endloop
  endfacet
  facet normal 0.7372773368101253 -0.6755902076156588 0
    outer loop
      vertex 18.46274169979695 -102.46274169979695 0
      vertex 18.46274169979695 -102.46274169979695 -3
      vertex 18.65134221798073 -102.25692035099692 -3
    endloop
  endfacet
  facet normal 0 0 -1
    outer loop
      vertex 17.5527336627369 -103.1 -3
      vertex 17.4618681599723 -102.00213449743579 -3
      vertex 17.614132741310385 -101.88529777486175 -3
    endloop
  endfacet
  facet normal 0 0 -1
    outer loop
      vertex 14.847266337263099 -103.1 -3
      vertex 16.391742634044846 -102.39162833580184 -3
      vertex 16.582025990867248 -102.36657705662687 -3
    endloop
  endfacet
  facet normal 0 0 -1
    outer loop
      vertex 14.847266337263099 -103.1 -3
      vertex 16.582025990867248 -102.36657705662687 -3
      vertex 16.769401899225546 -102.32503681783595 -3
    endloop
  endfacet
  facet normal 0 0 -1
    outer loop
      vertex 14.847266337263099 -103.1 -3
      vertex 16.769401899225546 -102.32503681783595 -3
      vertex 16.95244431531647 -102.267323765729 -3
    endloop
  endfacet
  facet normal 0 0 -1
    outer loop
      vertex 14.847266337263099 -103.1 -3
      vertex 16.95244431531647 -102.267323765729 -3
      vertex 17.5527336627369 -103.1 -3
    endloop
  endfacet
  facet normal 0 0 -1
    outer loop
      vertex 17.5527336627369 -103.1 -3
      vertex 16.95244431531647 -102.267323765729 -3
      vertex 17.12976017582954 -102.19387713148063 -3
    endloop
  endfacet
  facet normal 0 0 -1
    outer loop
      vertex 17.5527336627369 -103.1 -3
      vertex 17.12976017582954 -102.19387713148063 -3
      vertex 17.3 -102.10525588832577 -3
    endloop
  endfacet
  facet normal 0 0 -1
    outer loop
      vertex 17.5527336627369 -103.1 -3
      vertex 17.3 -102.10525588832577 -3
      vertex 17.4618681599723 -102.00213449743579 -3
    endloop
  endfacet
  facet normal 0 0 -1
    outer loop
      vertex 18.46274169979695 -97.93725830020306 -3
      vertex 18.366577056626856 -99.81797400913275 -3
      vertex 18.32503681783595 -99.63059810077446 -3
    endloop
  endfacet
  facet normal 0 0 -1
    outer loop
      vertex 18.46274169979695 -97.93725830020306 -3
      vertex 18.39162833580184 -100.00825736595516 -3
      vertex 18.366577056626856 -99.81797400913275 -3
    endloop
  endfacet
  facet normal 0 0 -1
    outer loop
      vertex 18.46274169979695 -97.93725830020306 -3
      vertex 18.4 -100.2 -3
      vertex 18.39162833580184 -100.00825736595516 -3
    endloop
  endfacet
  facet normal 0 0 -1
    outer loop
      vertex 18.46274169979695 -97.93725830020306 -3
      vertex 18.46274169979695 -102.46274169979695 -3
      vertex 18.4 -100.2 -3
    endloop
  endfacet
  facet normal 0 0 -1
    outer loop
      vertex 17.8 -102.9712812921102 -3
      vertex 17.614132741310385 -101.88529777486175 -3
      vertex 17.755634918610404 -101.75563491861041 -3
    endloop
  endfacet
  facet normal 0 0 -1
    outer loop
      vertex 17.8 -102.9712812921102 -3
      vertex 17.755634918610404 -101.75563491861041 -3
      vertex 17.88529777486175 -101.61413274131039 -3
    endloop
  endfacet
  facet normal 0 0 -1
    outer loop
      vertex 18.035444596323348 -102.82128654172477 -3
      vertex 18.002134497435783 -101.4618681599723 -3
      vertex 18.105255888325765 -101.3 -3
    endloop
  endfacet
  facet normal 0 0 -1
    outer loop
      vertex 18.035444596323348 -102.82128654172477 -3
      vertex 17.88529777486175 -101.61413274131039 -3
      vertex 18.002134497435783 -101.4618681599723 -3
    endloop
  endfacet
  facet normal 0 0 -1
    outer loop
      vertex 18.46274169979695 -102.46274169979695 -3
      vertex 18.39162833580184 -100.39174263404485 -3
      vertex 18.4 -100.2 -3
    endloop
  endfacet
  facet normal 0 0 -1
    outer loop
      vertex 18.256920350996925 -102.65134221798073 -3
      vertex 18.32503681783595 -100.76940189922554 -3
      vertex 18.366577056626856 -100.58202599086725 -3
    endloop
  endfacet
  facet normal 0 0 -1
    outer loop
      vertex 18.256920350996925 -102.65134221798073 -3
      vertex 18.267323765729 -100.95244431531647 -3
      vertex 18.32503681783595 -100.76940189922554 -3
    endloop
  endfacet
  facet normal 0 0 -1
    outer loop
      vertex 18.46274169979695 -102.46274169979695 -3
      vertex 18.366577056626856 -100.58202599086725 -3
      vertex 18.39162833580184 -100.39174263404485 -3
    endloop
  endfacet
  facet normal 0 0 -1
    outer loop
      vertex 18.256920350996925 -102.65134221798073 -3
      vertex 18.105255888325765 -101.3 -3
      vertex 18.19387713148063 -101.12976017582955 -3
    endloop
  endfacet
  facet normal 0 0 -1
    outer loop
      vertex 18.256920350996925 -102.65134221798073 -3
      vertex 18.19387713148063 -101.12976017582955 -3
      vertex 18.267323765729 -100.95244431531647 -3
    endloop
  endfacet
  facet normal 0 0 -1
    outer loop
      vertex 18.035444596323348 -102.82128654172477 -3
      vertex 18.105255888325765 -101.3 -3
      vertex 18.256920350996925 -102.65134221798073 -3
    endloop
  endfacet
  facet normal 0 0 -1
    outer loop
      vertex 18.256920350996925 -102.65134221798073 -3
      vertex 18.366577056626856 -100.58202599086725 -3
      vertex 18.46274169979695 -102.46274169979695 -3
    endloop
  endfacet
  facet normal 0 0 -1
    outer loop
      vertex 18.46274169979695 -97.93725830020306 -3
      vertex 18.65134221798073 -98.14307964900308 -3
      vertex 18.46274169979695 -102.46274169979695 -3
    endloop
  endfacet
  facet normal 0 0 -1
    outer loop
      vertex 18.65134221798073 -98.14307964900308 -3
      vertex 18.821286541724774 -98.36455540367666 -3
      vertex 18.65134221798073 -102.25692035099692 -3
    endloop
  endfacet
  facet normal 0 0 -1
    outer loop
      vertex 18.821286541724774 -98.36455540367666 -3
      vertex 18.971281292110202 -98.60000000000001 -3
      vertex 18.821286541724774 -102.03544459632334 -3
    endloop
  endfacet
  facet normal 0 0 -1
    outer loop
      vertex 18.971281292110202 -98.60000000000001 -3
      vertex 19.10018491851728 -98.84762156242977 -3
      vertex 18.971281292110202 -101.8 -3
    endloop
  endfacet
  facet normal 0 0 -1
    outer loop
      vertex 19.10018491851728 -98.84762156242977 -3
      vertex 19.20701638651491 -99.10553554135787 -3
      vertex 19.10018491851728 -101.55237843757024 -3
    endloop
  endfacet
  facet normal 0 0 -1
    outer loop
      vertex 19.20701638651491 -99.10553554135787 -3
      vertex 19.290962644125017 -99.37177905567194 -3
      vertex 19.20701638651491 -101.29446445864214 -3
    endloop
  endfacet
  facet normal 0 0 -1
    outer loop
      vertex 19.290962644125017 -99.37177905567194 -3
      vertex 19.351384809639065 -99.64432583146582 -3
      vertex 19.290962644125017 -101.02822094432807 -3
    endloop
  endfacet
  facet normal 0 0 -1
    outer loop
      vertex 19.20701638651491 -99.10553554135787 -3
      vertex 19.20701638651491 -101.29446445864214 -3
      vertex 19.10018491851728 -101.55237843757024 -3
    endloop
  endfacet
  facet normal 0 0 -1
    outer loop
      vertex 19.290962644125017 -101.02822094432807 -3
      vertex 19.351384809639065 -99.64432583146582 -3
      vertex 19.351384809639065 -100.75567416853418 -3
    endloop
  endfacet
  facet normal 0 0 -1
    outer loop
      vertex 19.290962644125017 -99.37177905567194 -3
      vertex 19.290962644125017 -101.02822094432807 -3
      vertex 19.20701638651491 -101.29446445864214 -3
    endloop
  endfacet
  facet normal 0 0 -1
    outer loop
      vertex 18.65134221798073 -98.14307964900308 -3
      vertex 18.65134221798073 -102.25692035099692 -3
      vertex 18.46274169979695 -102.46274169979695 -3
    endloop
  endfacet
  facet normal 0 0 -1
    outer loop
      vertex 18.821286541724774 -98.36455540367666 -3
      vertex 18.821286541724774 -102.03544459632334 -3
      vertex 18.65134221798073 -102.25692035099692 -3
    endloop
  endfacet
  facet normal 0 0 -1
    outer loop
      vertex 18.971281292110202 -98.60000000000001 -3
      vertex 18.971281292110202 -101.8 -3
      vertex 18.821286541724774 -102.03544459632334 -3
    endloop
  endfacet
  facet normal 0 0 -1
    outer loop
      vertex 19.10018491851728 -98.84762156242977 -3
      vertex 19.10018491851728 -101.55237843757024 -3
      vertex 18.971281292110202 -101.8 -3
    endloop
  endfacet
  facet normal 0 0 -1
    outer loop
      vertex 17.5527336627369 -103.1 -3
      vertex 17.614132741310385 -101.88529777486175 -3
      vertex 17.8 -102.9712812921102 -3
    endloop
  endfacet
  facet normal 0 0 -1
    outer loop
      vertex 17.8 -102.9712812921102 -3
      vertex 17.88529777486175 -101.61413274131039 -3
      vertex 18.035444596323348 -102.82128654172477 -3
    endloop
  endfacet
  facet normal 0.9914448613738097 0.13052619222005626 0
    outer loop
      vertex 19.387823033893586 -99.92110162320749 0
      vertex 19.387823033893586 -99.92110162320749 -3
      vertex 19.351384809639065 -99.64432583146582 -3
    endloop
  endfacet
  facet normal 0.9990482215818581 0.0436193873653299 0
    outer loop
      vertex 19.4 -100.2 0
      vertex 19.4 -100.2 -3
      vertex 19.387823033893586 -99.92110162320749 -3
    endloop
  endfacet
  facet normal 0.9990482215818581 -0.0436193873653299 0
    outer loop
      vertex 19.387823033893586 -100.47889837679251 0
      vertex 19.387823033893586 -100.47889837679251 -3
      vertex 19.4 -100.2 -3
    endloop
  endfacet
  facet normal 0.9914448613738097 -0.13052619222005626 0
    outer loop
      vertex 19.351384809639065 -100.75567416853418 0
      vertex 19.351384809639065 -100.75567416853418 -3
      vertex 19.387823033893586 -100.47889837679251 -3
    endloop
  endfacet
  facet normal 0 0 -1
    outer loop
      vertex 19.351384809639065 -99.64432583146582 -3
      vertex 19.387823033893586 -99.92110162320749 -3
      vertex 19.351384809639065 -100.75567416853418 -3
    endloop
  endfacet
  facet normal 0 0 -1
    outer loop
      vertex 19.387823033893586 -99.92110162320749 -3
      vertex 19.4 -100.2 -3
      vertex 19.387823033893586 -100.47889837679251 -3
    endloop
  endfacet
  facet normal 0 0 -1
    outer loop
      vertex 19.387823033893586 -99.92110162320749 -3
      vertex 19.387823033893586 -100.47889837679251 -3
      vertex 19.351384809639065 -100.75567416853418 -3
    endloop
  endfacet
  facet normal -0.9914448613738114 0.13052619222004375 3.124451354527003e-19
    outer loop
      vertex 40.048615190360934 -99.64432583146582 0
      vertex 40.012176966106416 -99.92110162320749 -3
      vertex 40.012176966106416 -99.92110162320749 0
    endloop
  endfacet
  facet normal -0.9990482215818576 0.043619387365342606 -9.925268508378707e-20
    outer loop
      vertex 40.012176966106416 -99.92110162320749 0
      vertex 40 -100.2 -3
      vertex 40 -100.2 0
    endloop
  endfacet
  facet normal -0.9990482215818576 -0.043619387365342606 9.925268508378707e-20
    outer loop
      vertex 40 -100.2 0
      vertex 40.012176966106416 -100.47889837679251 -3
      vertex 40.012176966106416 -100.47889837679251 0
    endloop
  endfacet
  facet normal -0.9914448613738114 -0.13052619222004375 -3.124451354527003e-19
    outer loop
      vertex 40.012176966106416 -100.47889837679251 0
      vertex 40.048615190360934 -100.75567416853418 -3
      vertex 40.048615190360934 -100.75567416853418 0
    endloop
  endfacet
  facet normal -0.9238795325112941 0.3826834323650722 -1.147968766618303e-18
    outer loop
      vertex 40.29981508148272 -98.84762156242977 0
      vertex 40.1929836134851 -99.10553554135787 -3
      vertex 40.1929836134851 -99.10553554135787 0
    endloop
  endfacet
  facet normal -0.8433914458128831 0.5372996083468281 0
    outer loop
      vertex 40.4287187078898 -98.60000000000001 0
      vertex 40.57871345827523 -98.36455540367666 0
      vertex 40.4287187078898 -98.60000000000001 -3
    endloop
  endfacet
  facet normal -0.8870108331782118 0.46174861323505273 1.5373148320543283e-18
    outer loop
      vertex 40.4287187078898 -98.60000000000001 0
      vertex 40.29981508148272 -98.84762156242977 -3
      vertex 40.29981508148272 -98.84762156242977 0
    endloop
  endfacet
  facet normal -0.7372773368101317 0.6755902076156519 0
    outer loop
      vertex 40.74865778201927 -98.14307964900308 0
      vertex 40.93725830020305 -97.93725830020306 0
      vertex 40.74865778201927 -98.14307964900308 -3
    endloop
  endfacet
  facet normal -0.7933533402912392 0.6087614290087155 -3.999408796070768e-18
    outer loop
      vertex 40.74865778201927 -98.14307964900308 0
      vertex 40.57871345827523 -98.36455540367666 -3
      vertex 40.57871345827523 -98.36455540367666 0
    endloop
  endfacet
  facet normal -0.4617486132350423 0.8870108331782173 0
    outer loop
      vertex 41.6 -97.4287187078898 0
      vertex 41.847621562429765 -97.29981508148272 0
      vertex 41.6 -97.4287187078898 -3
    endloop
  endfacet
  facet normal -0.6755902076156519 0.7372773368101317 0
    outer loop
      vertex 40.93725830020305 -97.93725830020306 0
      vertex 41.14307964900308 -97.74865778201928 0
      vertex 40.93725830020305 -97.93725830020306 -3
    endloop
  endfacet
  facet normal -0.6087614290087314 0.7933533402912268 0
    outer loop
      vertex 41.14307964900308 -97.74865778201928 0
      vertex 41.364555403676654 -97.57871345827523 0
      vertex 41.14307964900308 -97.74865778201928 -3
    endloop
  endfacet
  facet normal -0.5372996083468281 0.8433914458128831 1.854852381523256e-18
    outer loop
      vertex 41.6 -97.4287187078898 0
      vertex 41.364555403676654 -97.57871345827523 -3
      vertex 41.364555403676654 -97.57871345827523 0
    endloop
  endfacet
  facet normal -0.3826834323650812 0.9238795325112903 0
    outer loop
      vertex 41.847621562429765 -97.29981508148272 0
      vertex 42.10553554135786 -97.1929836134851 0
      vertex 41.847621562429765 -97.29981508148272 -3
    endloop
  endfacet
  facet normal -0.3007057995042591 0.9537169507482314 0
    outer loop
      vertex 42.10553554135786 -97.1929836134851 0
      vertex 42.37177905567194 -97.10903735587499 0
      vertex 42.10553554135786 -97.1929836134851 -3
    endloop
  endfacet
  facet normal -0.21643961393812722 0.976296007119928 0
    outer loop
      vertex 42.37177905567194 -97.10903735587499 0
      vertex 42.64432583146583 -97.04861519036093 0
      vertex 42.37177905567194 -97.10903735587499 -3
    endloop
  endfacet
  facet normal -0.13052619222001874 0.9914448613738147 0
    outer loop
      vertex 42.64432583146583 -97.04861519036093 0
      vertex 42.9211016232075 -97.01217696610642 0
      vertex 42.64432583146583 -97.04861519036093 -3
    endloop
  endfacet
  facet normal -0.04361938736536912 0.9990482215818564 0
    outer loop
      vertex 42.9211016232075 -97.01217696610642 0
      vertex 43.2 -97 0
      vertex 42.9211016232075 -97.01217696610642 -3
    endloop
  endfacet
  facet normal 0.04361938736536912 0.9990482215818564 0
    outer loop
      vertex 43.2 -97 0
      vertex 43.47889837679251 -97.01217696610642 0
      vertex 43.2 -97 -3
    endloop
  endfacet
  facet normal -0.9537169507482216 0.30070579950428944 0
    outer loop
      vertex 40.10903735587498 -99.37177905567194 0
      vertex 40.1929836134851 -99.10553554135787 0
      vertex 40.10903735587498 -99.37177905567194 -3
    endloop
  endfacet
  facet normal -0.9762960071199323 0.21643961393810832 0
    outer loop
      vertex 40.048615190360934 -99.64432583146582 0
      vertex 40.10903735587498 -99.37177905567194 0
      vertex 40.048615190360934 -99.64432583146582 -3
    endloop
  endfacet
  facet normal -0.9762960071199323 -0.21643961393810832 -1.7721478688869053e-18
    outer loop
      vertex 40.048615190360934 -100.75567416853418 0
      vertex 40.10903735587498 -101.02822094432807 -3
      vertex 40.10903735587498 -101.02822094432807 0
    endloop
  endfacet
  facet normal -0.9537169507482216 -0.30070579950428944 1.8745445684823454e-18
    outer loop
      vertex 40.10903735587498 -101.02822094432807 0
      vertex 40.1929836134851 -101.29446445864214 -3
      vertex 40.1929836134851 -101.29446445864214 0
    endloop
  endfacet
  facet normal -0.9238795325112941 -0.3826834323650722 1.147968766618303e-18
    outer loop
      vertex 40.1929836134851 -101.29446445864214 0
      vertex 40.29981508148272 -101.55237843757024 -3
      vertex 40.29981508148272 -101.55237843757024 0
    endloop
  endfacet
  facet normal -0.8870108331782118 -0.46174861323505273 -1.5373148320543283e-18
    outer loop
      vertex 40.29981508148272 -101.55237843757024 0
      vertex 40.4287187078898 -101.8 -3
      vertex 40.4287187078898 -101.8 0
    endloop
  endfacet
  facet normal -0.8433914458128831 -0.5372996083468281 -1.854852381523256e-18
    outer loop
      vertex 40.4287187078898 -101.8 0
      vertex 40.57871345827523 -102.03544459632334 -3
      vertex 40.57871345827523 -102.03544459632334 0
    endloop
  endfacet
  facet normal -0.7933533402912392 -0.6087614290087155 3.999408796070768e-18
    outer loop
      vertex 40.57871345827523 -102.03544459632334 0
      vertex 40.74865778201927 -102.25692035099692 -3
      vertex 40.74865778201927 -102.25692035099692 0
    endloop
  endfacet
  facet normal -0.7372773368101317 -0.6755902076156519 -1.4087571056430774e-18
    outer loop
      vertex 40.74865778201927 -102.25692035099692 0
      vertex 40.93725830020305 -102.46274169979695 -3
      vertex 40.93725830020305 -102.46274169979695 0
    endloop
  endfacet
  facet normal -0.6755902076156519 -0.7372773368101317 -1.4087571056430774e-18
    outer loop
      vertex 40.93725830020305 -102.46274169979695 0
      vertex 41.14307964900308 -102.65134221798073 -3
      vertex 41.14307964900308 -102.65134221798073 0
    endloop
  endfacet
  facet normal -0.6087614290087314 -0.7933533402912268 -2.555713478107869e-18
    outer loop
      vertex 41.14307964900308 -102.65134221798073 0
      vertex 41.364555403676654 -102.82128654172477 -3
      vertex 41.364555403676654 -102.82128654172477 0
    endloop
  endfacet
  facet normal -0.5372996083468281 -0.8433914458128831 -1.854852381523256e-18
    outer loop
      vertex 41.364555403676654 -102.82128654172477 0
      vertex 41.6 -102.9712812921102 -3
      vertex 41.6 -102.9712812921102 0
    endloop
  endfacet
  facet normal -0.46174861323504485 -0.8870108331782159 0
    outer loop
      vertex 41.6 -102.9712812921102 0
      vertex 41.6 -102.9712812921102 -3
      vertex 41.8472663372631 -103.1 0
    endloop
  endfacet
  facet normal -0.9914448613738114 0.13052619222004375 0
    outer loop
      vertex 40.048615190360934 -99.64432583146582 0
      vertex 40.048615190360934 -99.64432583146582 -3
      vertex 40.012176966106416 -99.92110162320749 -3
    endloop
  endfacet
  facet normal -0.9990482215818576 0.043619387365342606 0
    outer loop
      vertex 40.012176966106416 -99.92110162320749 0
      vertex 40.012176966106416 -99.92110162320749 -3
      vertex 40 -100.2 -3
    endloop
  endfacet
  facet normal -0.9990482215818576 -0.043619387365342606 0
    outer loop
      vertex 40 -100.2 0
      vertex 40 -100.2 -3
      vertex 40.012176966106416 -100.47889837679251 -3
    endloop
  endfacet
  facet normal -0.9914448613738114 -0.13052619222004375 0
    outer loop
      vertex 40.012176966106416 -100.47889837679251 0
      vertex 40.012176966106416 -100.47889837679251 -3
      vertex 40.048615190360934 -100.75567416853418 -3
    endloop
  endfacet
  facet normal 0 0 -1
    outer loop
      vertex 40.048615190360934 -99.64432583146582 -3
      vertex 40.012176966106416 -100.47889837679251 -3
      vertex 40.012176966106416 -99.92110162320749 -3
    endloop
  endfacet
  facet normal 0 0 -1
    outer loop
      vertex 40.012176966106416 -99.92110162320749 -3
      vertex 40.012176966106416 -100.47889837679251 -3
      vertex 40 -100.2 -3
    endloop
  endfacet
  facet normal 0 0 -1
    outer loop
      vertex 40.048615190360934 -99.64432583146582 -3
      vertex 40.048615190360934 -100.75567416853418 -3
      vertex 40.012176966106416 -100.47889837679251 -3
    endloop
  endfacet
  facet normal -0.9238795325112941 0.3826834323650722 0
    outer loop
      vertex 40.29981508148272 -98.84762156242977 0
      vertex 40.29981508148272 -98.84762156242977 -3
      vertex 40.1929836134851 -99.10553554135787 -3
    endloop
  endfacet
  facet normal -0.8870108331782118 0.46174861323505273 0
    outer loop
      vertex 40.4287187078898 -98.60000000000001 0
      vertex 40.4287187078898 -98.60000000000001 -3
      vertex 40.29981508148272 -98.84762156242977 -3
    endloop
  endfacet
  facet normal -0.7933533402912392 0.6087614290087155 0
    outer loop
      vertex 40.74865778201927 -98.14307964900308 0
      vertex 40.74865778201927 -98.14307964900308 -3
      vertex 40.57871345827523 -98.36455540367666 -3
    endloop
  endfacet
  facet normal -0.7372773368101317 0.6755902076156519 0
    outer loop
      vertex 40.93725830020305 -97.93725830020306 0
      vertex 40.93725830020305 -97.93725830020306 -3
      vertex 40.74865778201927 -98.14307964900308 -3
    endloop
  endfacet
  facet normal -0.8433914458128831 0.5372996083468281 0
    outer loop
      vertex 40.57871345827523 -98.36455540367666 0
      vertex 40.57871345827523 -98.36455540367666 -3
      vertex 40.4287187078898 -98.60000000000001 -3
    endloop
  endfacet
  facet normal -0.4617486132350423 0.8870108331782173 0
    outer loop
      vertex 41.847621562429765 -97.29981508148272 0
      vertex 41.847621562429765 -97.29981508148272 -3
      vertex 41.6 -97.4287187078898 -3
    endloop
  endfacet
  facet normal -0.6755902076156519 0.7372773368101317 0
    outer loop
      vertex 41.14307964900308 -97.74865778201928 0
      vertex 41.14307964900308 -97.74865778201928 -3
      vertex 40.93725830020305 -97.93725830020306 -3
    endloop
  endfacet
  facet normal -0.6087614290087314 0.7933533402912268 0
    outer loop
      vertex 41.364555403676654 -97.57871345827523 0
      vertex 41.364555403676654 -97.57871345827523 -3
      vertex 41.14307964900308 -97.74865778201928 -3
    endloop
  endfacet
  facet normal -0.5372996083468281 0.8433914458128831 0
    outer loop
      vertex 41.6 -97.4287187078898 0
      vertex 41.6 -97.4287187078898 -3
      vertex 41.364555403676654 -97.57871345827523 -3
    endloop
  endfacet
  facet normal -0.3826834323650812 0.9238795325112903 0
    outer loop
      vertex 42.10553554135786 -97.1929836134851 0
      vertex 42.10553554135786 -97.1929836134851 -3
      vertex 41.847621562429765 -97.29981508148272 -3
    endloop
  endfacet
  facet normal -0.3007057995042591 0.9537169507482314 0
    outer loop
      vertex 42.37177905567194 -97.10903735587499 0
      vertex 42.37177905567194 -97.10903735587499 -3
      vertex 42.10553554135786 -97.1929836134851 -3
    endloop
  endfacet
  facet normal -0.21643961393812722 0.976296007119928 0
    outer loop
      vertex 42.64432583146583 -97.04861519036093 0
      vertex 42.64432583146583 -97.04861519036093 -3
      vertex 42.37177905567194 -97.10903735587499 -3
    endloop
  endfacet
  facet normal -0.13052619222001874 0.9914448613738147 0
    outer loop
      vertex 42.9211016232075 -97.01217696610642 0
      vertex 42.9211016232075 -97.01217696610642 -3
      vertex 42.64432583146583 -97.04861519036093 -3
    endloop
  endfacet
  facet normal -0.04361938736536912 0.9990482215818564 0
    outer loop
      vertex 43.2 -97 0
      vertex 43.2 -97 -3
      vertex 42.9211016232075 -97.01217696610642 -3
    endloop
  endfacet
  facet normal 0.04361938736536912 0.9990482215818564 0
    outer loop
      vertex 43.47889837679251 -97.01217696610642 0
      vertex 43.47889837679251 -97.01217696610642 -3
      vertex 43.2 -97 -3
    endloop
  endfacet
  facet normal 0 0 -1
    outer loop
      vertex 41.14307964900308 -97.74865778201928 -3
      vertex 41.364555403676654 -97.57871345827523 -3
      vertex 41.29474411167424 -99.10000000000001 -3
    endloop
  endfacet
  facet normal 0 0 -1
    outer loop
      vertex 40.93725830020305 -97.93725830020306 -3
      vertex 41.14307964900308 -97.74865778201928 -3
      vertex 41.03342294337315 -99.81797400913275 -3
    endloop
  endfacet
  facet normal 0 0 -1
    outer loop
      vertex 41.14307964900308 -97.74865778201928 -3
      vertex 41.132676234271 -99.44755568468354 -3
      vertex 41.074963182164055 -99.63059810077446 -3
    endloop
  endfacet
  facet normal 0 0 -1
    outer loop
      vertex 41.14307964900308 -97.74865778201928 -3
      vertex 41.074963182164055 -99.63059810077446 -3
      vertex 41.03342294337315 -99.81797400913275 -3
    endloop
  endfacet
  facet normal 0 0 -1
    outer loop
      vertex 41.14307964900308 -97.74865778201928 -3
      vertex 41.20612286851937 -99.27023982417046 -3
      vertex 41.132676234271 -99.44755568468354 -3
    endloop
  endfacet
  facet normal 0 0 -1
    outer loop
      vertex 41.14307964900308 -97.74865778201928 -3
      vertex 41.29474411167424 -99.10000000000001 -3
      vertex 41.20612286851937 -99.27023982417046 -3
    endloop
  endfacet
  facet normal 0 0 -1
    outer loop
      vertex 41.6 -97.4287187078898 -3
      vertex 41.51470222513825 -98.78586725868962 -3
      vertex 41.364555403676654 -97.57871345827523 -3
    endloop
  endfacet
  facet normal 0 0 -1
    outer loop
      vertex 41.6 -97.4287187078898 -3
      vertex 41.847621562429765 -97.29981508148272 -3
      vertex 41.78586725868961 -98.51470222513825 -3
    endloop
  endfacet
  facet normal 0 0 -1
    outer loop
      vertex 41.6 -97.4287187078898 -3
      vertex 41.78586725868961 -98.51470222513825 -3
      vertex 41.6443650813896 -98.6443650813896 -3
    endloop
  endfacet
  facet normal 0 0 -1
    outer loop
      vertex 41.364555403676654 -97.57871345827523 -3
      vertex 41.51470222513825 -98.78586725868962 -3
      vertex 41.39786550256422 -98.93813184002771 -3
    endloop
  endfacet
  facet normal 0 0 -1
    outer loop
      vertex 41.364555403676654 -97.57871345827523 -3
      vertex 41.39786550256422 -98.93813184002771 -3
      vertex 41.29474411167424 -99.10000000000001 -3
    endloop
  endfacet
  facet normal 0 0 -1
    outer loop
      vertex 41.6 -97.4287187078898 -3
      vertex 41.6443650813896 -98.6443650813896 -3
      vertex 41.51470222513825 -98.78586725868962 -3
    endloop
  endfacet
  facet normal 0 0 -1
    outer loop
      vertex 42.37177905567194 -97.10903735587499 -3
      vertex 42.64432583146583 -97.04861519036093 -3
      vertex 42.44755568468353 -98.132676234271 -3
    endloop
  endfacet
  facet normal 0 0 -1
    outer loop
      vertex 41.847621562429765 -97.29981508148272 -3
      vertex 42.10553554135786 -97.1929836134851 -3
      vertex 41.9381318400277 -98.39786550256422 -3
    endloop
  endfacet
  facet normal 0 0 -1
    outer loop
      vertex 41.847621562429765 -97.29981508148272 -3
      vertex 41.9381318400277 -98.39786550256422 -3
      vertex 41.78586725868961 -98.51470222513825 -3
    endloop
  endfacet
  facet normal 0 0 -1
    outer loop
      vertex 42.10553554135786 -97.1929836134851 -3
      vertex 42.1 -98.29474411167423 -3
      vertex 41.9381318400277 -98.39786550256422 -3
    endloop
  endfacet
  facet normal 0 0 -1
    outer loop
      vertex 42.10553554135786 -97.1929836134851 -3
      vertex 42.27023982417047 -98.20612286851937 -3
      vertex 42.1 -98.29474411167423 -3
    endloop
  endfacet
  facet normal 0 0 -1
    outer loop
      vertex 42.10553554135786 -97.1929836134851 -3
      vertex 42.37177905567194 -97.10903735587499 -3
      vertex 42.27023982417047 -98.20612286851937 -3
    endloop
  endfacet
  facet normal 0 0 -1
    outer loop
      vertex 42.37177905567194 -97.10903735587499 -3
      vertex 42.44755568468353 -98.132676234271 -3
      vertex 42.27023982417047 -98.20612286851937 -3
    endloop
  endfacet
  facet normal 0 0 -1
    outer loop
      vertex 42.64432583146583 -97.04861519036093 -3
      vertex 42.630598100774456 -98.07496318216405 -3
      vertex 42.44755568468353 -98.132676234271 -3
    endloop
  endfacet
  facet normal 0 0 -1
    outer loop
      vertex 42.64432583146583 -97.04861519036093 -3
      vertex 42.9211016232075 -97.01217696610642 -3
      vertex 42.817974009132755 -98.03342294337314 -3
    endloop
  endfacet
  facet normal 0 0 -1
    outer loop
      vertex 42.9211016232075 -97.01217696610642 -3
      vertex 43.2 -97 -3
      vertex 43.00825736595515 -98.00837166419817 -3
    endloop
  endfacet
  facet normal 0 0 -1
    outer loop
      vertex 43.2 -97 -3
      vertex 43.47889837679251 -97.01217696610642 -3
      vertex 43.39174263404485 -98.00837166419817 -3
    endloop
  endfacet
  facet normal 0 0 -1
    outer loop
      vertex 42.64432583146583 -97.04861519036093 -3
      vertex 42.817974009132755 -98.03342294337314 -3
      vertex 42.630598100774456 -98.07496318216405 -3
    endloop
  endfacet
  facet normal 0 0 -1
    outer loop
      vertex 42.9211016232075 -97.01217696610642 -3
      vertex 43.00825736595515 -98.00837166419817 -3
      vertex 42.817974009132755 -98.03342294337314 -3
    endloop
  endfacet
  facet normal 0 0 -1
    outer loop
      vertex 43.2 -97 -3
      vertex 43.2 -98 -3
      vertex 43.00825736595515 -98.00837166419817 -3
    endloop
  endfacet
  facet normal 0 0 -1
    outer loop
      vertex 43.2 -97 -3
      vertex 43.39174263404485 -98.00837166419817 -3
      vertex 43.2 -98 -3
    endloop
  endfacet
  facet normal -0.9762960071199323 0.21643961393810832 0
    outer loop
      vertex 40.10903735587498 -99.37177905567194 0
      vertex 40.10903735587498 -99.37177905567194 -3
      vertex 40.048615190360934 -99.64432583146582 -3
    endloop
  endfacet
  facet normal -0.9537169507482216 0.30070579950428944 0
    outer loop
      vertex 40.1929836134851 -99.10553554135787 0
      vertex 40.1929836134851 -99.10553554135787 -3
      vertex 40.10903735587498 -99.37177905567194 -3
    endloop
  endfacet
  facet normal -0.9762960071199323 -0.21643961393810832 0
    outer loop
      vertex 40.048615190360934 -100.75567416853418 0
      vertex 40.048615190360934 -100.75567416853418 -3
      vertex 40.10903735587498 -101.02822094432807 -3
    endloop
  endfacet
  facet normal -0.9537169507482216 -0.30070579950428944 0
    outer loop
      vertex 40.10903735587498 -101.02822094432807 0
      vertex 40.10903735587498 -101.02822094432807 -3
      vertex 40.1929836134851 -101.29446445864214 -3
    endloop
  endfacet
  facet normal -0.9238795325112941 -0.3826834323650722 0
    outer loop
      vertex 40.1929836134851 -101.29446445864214 0
      vertex 40.1929836134851 -101.29446445864214 -3
      vertex 40.29981508148272 -101.55237843757024 -3
    endloop
  endfacet
  facet normal -0.8870108331782118 -0.46174861323505273 0
    outer loop
      vertex 40.29981508148272 -101.55237843757024 0
      vertex 40.29981508148272 -101.55237843757024 -3
      vertex 40.4287187078898 -101.8 -3
    endloop
  endfacet
  facet normal -0.8433914458128831 -0.5372996083468281 0
    outer loop
      vertex 40.4287187078898 -101.8 0
      vertex 40.4287187078898 -101.8 -3
      vertex 40.57871345827523 -102.03544459632334 -3
    endloop
  endfacet
  facet normal -0.7933533402912392 -0.6087614290087155 0
    outer loop
      vertex 40.57871345827523 -102.03544459632334 0
      vertex 40.57871345827523 -102.03544459632334 -3
      vertex 40.74865778201927 -102.25692035099692 -3
    endloop
  endfacet
  facet normal -0.7372773368101317 -0.6755902076156519 0
    outer loop
      vertex 40.74865778201927 -102.25692035099692 0
      vertex 40.74865778201927 -102.25692035099692 -3
      vertex 40.93725830020305 -102.46274169979695 -3
    endloop
  endfacet
  facet normal -0.6755902076156519 -0.7372773368101317 0
    outer loop
      vertex 40.93725830020305 -102.46274169979695 0
      vertex 40.93725830020305 -102.46274169979695 -3
      vertex 41.14307964900308 -102.65134221798073 -3
    endloop
  endfacet
  facet normal -0.6087614290087314 -0.7933533402912268 0
    outer loop
      vertex 41.14307964900308 -102.65134221798073 0
      vertex 41.14307964900308 -102.65134221798073 -3
      vertex 41.364555403676654 -102.82128654172477 -3
    endloop
  endfacet
  facet normal -0.5372996083468281 -0.8433914458128831 0
    outer loop
      vertex 41.364555403676654 -102.82128654172477 0
      vertex 41.364555403676654 -102.82128654172477 -3
      vertex 41.6 -102.9712812921102 -3
    endloop
  endfacet
  facet normal -0.46174861323504485 -0.8870108331782159 0
    outer loop
      vertex 41.8472663372631 -103.1 0
      vertex 41.6 -102.9712812921102 -3
      vertex 41.8472663372631 -103.1 -3
    endloop
  endfacet
  facet normal 0 0 -1
    outer loop
      vertex 40.10903735587498 -99.37177905567194 -3
      vertex 40.1929836134851 -99.10553554135787 -3
      vertex 40.10903735587498 -101.02822094432807 -3
    endloop
  endfacet
  facet normal 0 0 -1
    outer loop
      vertex 40.29981508148272 -98.84762156242977 -3
      vertex 40.1929836134851 -101.29446445864214 -3
      vertex 40.1929836134851 -99.10553554135787 -3
    endloop
  endfacet
  facet normal 0 0 -1
    outer loop
      vertex 40.4287187078898 -98.60000000000001 -3
      vertex 40.29981508148272 -101.55237843757024 -3
      vertex 40.29981508148272 -98.84762156242977 -3
    endloop
  endfacet
  facet normal 0 0 -1
    outer loop
      vertex 40.4287187078898 -98.60000000000001 -3
      vertex 40.57871345827523 -98.36455540367666 -3
      vertex 40.4287187078898 -101.8 -3
    endloop
  endfacet
  facet normal 0 0 -1
    outer loop
      vertex 40.048615190360934 -99.64432583146582 -3
      vertex 40.10903735587498 -99.37177905567194 -3
      vertex 40.048615190360934 -100.75567416853418 -3
    endloop
  endfacet
  facet normal 0 0 -1
    outer loop
      vertex 40.048615190360934 -100.75567416853418 -3
      vertex 40.10903735587498 -99.37177905567194 -3
      vertex 40.10903735587498 -101.02822094432807 -3
    endloop
  endfacet
  facet normal 0 0 -1
    outer loop
      vertex 40.1929836134851 -99.10553554135787 -3
      vertex 40.1929836134851 -101.29446445864214 -3
      vertex 40.10903735587498 -101.02822094432807 -3
    endloop
  endfacet
  facet normal 0 0 -1
    outer loop
      vertex 40.29981508148272 -98.84762156242977 -3
      vertex 40.29981508148272 -101.55237843757024 -3
      vertex 40.1929836134851 -101.29446445864214 -3
    endloop
  endfacet
  facet normal 0 0 -1
    outer loop
      vertex 40.4287187078898 -98.60000000000001 -3
      vertex 40.4287187078898 -101.8 -3
      vertex 40.29981508148272 -101.55237843757024 -3
    endloop
  endfacet
  facet normal 0 0 -1
    outer loop
      vertex 40.74865778201927 -98.14307964900308 -3
      vertex 40.57871345827523 -102.03544459632334 -3
      vertex 40.57871345827523 -98.36455540367666 -3
    endloop
  endfacet
  facet normal 0 0 -1
    outer loop
      vertex 40.74865778201927 -98.14307964900308 -3
      vertex 40.93725830020305 -97.93725830020306 -3
      vertex 40.74865778201927 -102.25692035099692 -3
    endloop
  endfacet
  facet normal 0 0 -1
    outer loop
      vertex 40.57871345827523 -98.36455540367666 -3
      vertex 40.57871345827523 -102.03544459632334 -3
      vertex 40.4287187078898 -101.8 -3
    endloop
  endfacet
  facet normal 0 0 -1
    outer loop
      vertex 40.74865778201927 -98.14307964900308 -3
      vertex 40.74865778201927 -102.25692035099692 -3
      vertex 40.57871345827523 -102.03544459632334 -3
    endloop
  endfacet
  facet normal 0 0 -1
    outer loop
      vertex 40.93725830020305 -97.93725830020306 -3
      vertex 40.93725830020305 -102.46274169979695 -3
      vertex 40.74865778201927 -102.25692035099692 -3
    endloop
  endfacet
  facet normal 0 0 -1
    outer loop
      vertex 40.93725830020305 -97.93725830020306 -3
      vertex 41.03342294337315 -99.81797400913275 -3
      vertex 41.008371664198165 -100.00825736595516 -3
    endloop
  endfacet
  facet normal 0 0 -1
    outer loop
      vertex 40.93725830020305 -97.93725830020306 -3
      vertex 41.008371664198165 -100.00825736595516 -3
      vertex 41 -100.2 -3
    endloop
  endfacet
  facet normal 0 0 -1
    outer loop
      vertex 40.93725830020305 -97.93725830020306 -3
      vertex 41 -100.2 -3
      vertex 40.93725830020305 -102.46274169979695 -3
    endloop
  endfacet
  facet normal 0 0 -1
    outer loop
      vertex 40.93725830020305 -102.46274169979695 -3
      vertex 41 -100.2 -3
      vertex 41.008371664198165 -100.39174263404485 -3
    endloop
  endfacet
  facet normal 0 0 -1
    outer loop
      vertex 40.93725830020305 -102.46274169979695 -3
      vertex 41.008371664198165 -100.39174263404485 -3
      vertex 41.03342294337315 -100.58202599086725 -3
    endloop
  endfacet
  facet normal 0 0 -1
    outer loop
      vertex 40.93725830020305 -102.46274169979695 -3
      vertex 41.03342294337315 -100.58202599086725 -3
      vertex 41.074963182164055 -100.76940189922554 -3
    endloop
  endfacet
  facet normal 0 0 -1
    outer loop
      vertex 40.93725830020305 -102.46274169979695 -3
      vertex 41.074963182164055 -100.76940189922554 -3
      vertex 41.132676234271 -100.95244431531647 -3
    endloop
  endfacet
  facet normal 0 0 -1
    outer loop
      vertex 40.93725830020305 -102.46274169979695 -3
      vertex 41.132676234271 -100.95244431531647 -3
      vertex 41.20612286851937 -101.12976017582955 -3
    endloop
  endfacet
  facet normal 0 0 -1
    outer loop
      vertex 40.93725830020305 -102.46274169979695 -3
      vertex 41.20612286851937 -101.12976017582955 -3
      vertex 41.14307964900308 -102.65134221798073 -3
    endloop
  endfacet
  facet normal 0 0 -1
    outer loop
      vertex 41.14307964900308 -102.65134221798073 -3
      vertex 41.20612286851937 -101.12976017582955 -3
      vertex 41.29474411167424 -101.3 -3
    endloop
  endfacet
  facet normal 0 0 -1
    outer loop
      vertex 41.14307964900308 -102.65134221798073 -3
      vertex 41.29474411167424 -101.3 -3
      vertex 41.39786550256422 -101.4618681599723 -3
    endloop
  endfacet
  facet normal 0 0 -1
    outer loop
      vertex 41.14307964900308 -102.65134221798073 -3
      vertex 41.39786550256422 -101.4618681599723 -3
      vertex 41.364555403676654 -102.82128654172477 -3
    endloop
  endfacet
  facet normal 0 0 -1
    outer loop
      vertex 41.364555403676654 -102.82128654172477 -3
      vertex 41.39786550256422 -101.4618681599723 -3
      vertex 41.51470222513825 -101.61413274131039 -3
    endloop
  endfacet
  facet normal 0 0 -1
    outer loop
      vertex 41.364555403676654 -102.82128654172477 -3
      vertex 41.51470222513825 -101.61413274131039 -3
      vertex 41.6443650813896 -101.75563491861041 -3
    endloop
  endfacet
  facet normal 0 0 -1
    outer loop
      vertex 41.6 -102.9712812921102 -3
      vertex 41.6443650813896 -101.75563491861041 -3
      vertex 41.78586725868961 -101.88529777486175 -3
    endloop
  endfacet
  facet normal 0 0 -1
    outer loop
      vertex 41.6 -102.9712812921102 -3
      vertex 41.78586725868961 -101.88529777486175 -3
      vertex 41.9381318400277 -102.00213449743579 -3
    endloop
  endfacet
  facet normal 0 0 -1
    outer loop
      vertex 41.364555403676654 -102.82128654172477 -3
      vertex 41.6443650813896 -101.75563491861041 -3
      vertex 41.6 -102.9712812921102 -3
    endloop
  endfacet
  facet normal 0 0 -1
    outer loop
      vertex 41.6 -102.9712812921102 -3
      vertex 41.9381318400277 -102.00213449743579 -3
      vertex 41.8472663372631 -103.1 -3
    endloop
  endfacet
  facet normal 0 0 -1
    outer loop
      vertex 41.8472663372631 -103.1 -3
      vertex 41.9381318400277 -102.00213449743579 -3
      vertex 42.1 -102.10525588832577 -3
    endloop
  endfacet
  facet normal 0 0 -1
    outer loop
      vertex 41.8472663372631 -103.1 -3
      vertex 42.1 -102.10525588832577 -3
      vertex 42.27023982417047 -102.19387713148063 -3
    endloop
  endfacet
  facet normal 0 0 -1
    outer loop
      vertex 41.8472663372631 -103.1 -3
      vertex 42.27023982417047 -102.19387713148063 -3
      vertex 42.44755568468353 -102.267323765729 -3
    endloop
  endfacet
  facet normal 0 0 -1
    outer loop
      vertex 41.8472663372631 -103.1 -3
      vertex 42.44755568468353 -102.267323765729 -3
      vertex 42.630598100774456 -102.32503681783595 -3
    endloop
  endfacet
  facet normal 0 0 -1
    outer loop
      vertex 41.8472663372631 -103.1 -3
      vertex 42.630598100774456 -102.32503681783595 -3
      vertex 42.817974009132755 -102.36657705662687 -3
    endloop
  endfacet
  facet normal 0 0 -1
    outer loop
      vertex 41.8472663372631 -103.1 -3
      vertex 42.817974009132755 -102.36657705662687 -3
      vertex 43.00825736595515 -102.39162833580184 -3
    endloop
  endfacet
  facet normal 0 0 -1
    outer loop
      vertex 41.8472663372631 -103.1 -3
      vertex 43.00825736595515 -102.39162833580184 -3
      vertex 43.2 -102.4 -3
    endloop
  endfacet
  facet normal 0 0 -1
    outer loop
      vertex 41.8472663372631 -103.1 -3
      vertex 43.2 -102.4 -3
      vertex 43.39174263404485 -102.39162833580184 -3
    endloop
  endfacet
  facet normal 0 0 -1
    outer loop
      vertex 41.8472663372631 -103.1 -3
      vertex 43.39174263404485 -102.39162833580184 -3
      vertex 43.58202599086725 -102.36657705662687 -3
    endloop
  endfacet
  facet normal 0 0 -1
    outer loop
      vertex 41.8472663372631 -103.1 -3
      vertex 43.58202599086725 -102.36657705662687 -3
      vertex 43.76940189922555 -102.32503681783595 -3
    endloop
  endfacet
  facet normal 0 0 -1
    outer loop
      vertex 41.8472663372631 -103.1 -3
      vertex 43.76940189922555 -102.32503681783595 -3
      vertex 43.95244431531648 -102.267323765729 -3
    endloop
  endfacet
  facet normal 0 0 -1
    outer loop
      vertex 41.8472663372631 -103.1 -3
      vertex 43.95244431531648 -102.267323765729 -3
      vertex 44.552733662736905 -103.1 -3
    endloop
  endfacet
  facet normal 0.13052619222001874 0.9914448613738147 0
    outer loop
      vertex 43.47889837679251 -97.01217696610642 0
      vertex 43.75567416853418 -97.04861519036093 0
      vertex 43.47889837679251 -97.01217696610642 -3
    endloop
  endfacet
  facet normal 0.21643961393812722 0.976296007119928 0
    outer loop
      vertex 43.75567416853418 -97.04861519036093 0
      vertex 44.02822094432807 -97.10903735587499 0
      vertex 43.75567416853418 -97.04861519036093 -3
    endloop
  endfacet
  facet normal 0.3007057995042591 0.9537169507482314 0
    outer loop
      vertex 44.02822094432807 -97.10903735587499 0
      vertex 44.294464458642146 -97.1929836134851 0
      vertex 44.02822094432807 -97.10903735587499 -3
    endloop
  endfacet
  facet normal 0.3826834323650812 0.9238795325112903 0
    outer loop
      vertex 44.294464458642146 -97.1929836134851 0
      vertex 44.55237843757024 -97.29981508148272 0
      vertex 44.294464458642146 -97.1929836134851 -3
    endloop
  endfacet
  facet normal 0.4617486132350423 0.8870108331782173 0
    outer loop
      vertex 44.55237843757024 -97.29981508148272 0
      vertex 44.800000000000004 -97.4287187078898 0
      vertex 44.55237843757024 -97.29981508148272 -3
    endloop
  endfacet
  facet normal 0.5372996083468281 0.8433914458128831 0
    outer loop
      vertex 44.800000000000004 -97.4287187078898 0
      vertex 45.03544459632335 -97.57871345827523 0
      vertex 44.800000000000004 -97.4287187078898 -3
    endloop
  endfacet
  facet normal 0.6087614290087314 0.7933533402912268 0
    outer loop
      vertex 45.03544459632335 -97.57871345827523 0
      vertex 45.25692035099693 -97.74865778201928 0
      vertex 45.03544459632335 -97.57871345827523 -3
    endloop
  endfacet
  facet normal 0.6755902076156519 0.7372773368101317 0
    outer loop
      vertex 45.25692035099693 -97.74865778201928 0
      vertex 45.46274169979696 -97.93725830020306 0
      vertex 45.25692035099693 -97.74865778201928 -3
    endloop
  endfacet
  facet normal 0.7372773368101317 0.6755902076156519 0
    outer loop
      vertex 45.46274169979696 -97.93725830020306 0
      vertex 45.65134221798073 -98.14307964900308 0
      vertex 45.46274169979696 -97.93725830020306 -3
    endloop
  endfacet
  facet normal 0.7933533402912392 0.6087614290087155 0
    outer loop
      vertex 45.65134221798073 -98.14307964900308 0
      vertex 45.821286541724774 -98.36455540367666 0
      vertex 45.65134221798073 -98.14307964900308 -3
    endloop
  endfacet
  facet normal 0.8433914458128831 0.5372996083468281 0
    outer loop
      vertex 45.821286541724774 -98.36455540367666 0
      vertex 45.971281292110206 -98.60000000000001 0
      vertex 45.821286541724774 -98.36455540367666 -3
    endloop
  endfacet
  facet normal 0.8870108331782118 0.46174861323505273 0
    outer loop
      vertex 45.971281292110206 -98.60000000000001 0
      vertex 46.100184918517286 -98.84762156242977 0
      vertex 45.971281292110206 -98.60000000000001 -3
    endloop
  endfacet
  facet normal 0.9238795325112941 0.3826834323650722 0
    outer loop
      vertex 46.100184918517286 -98.84762156242977 0
      vertex 46.20701638651491 -99.10553554135787 0
      vertex 46.100184918517286 -98.84762156242977 -3
    endloop
  endfacet
  facet normal 0.46174861323504485 -0.8870108331782159 0
    outer loop
      vertex 44.552733662736905 -103.1 0
      vertex 44.552733662736905 -103.1 -3
      vertex 44.800000000000004 -102.9712812921102 0
    endloop
  endfacet
  facet normal 0.5372996083468281 -0.8433914458128831 1.854852381523256e-18
    outer loop
      vertex 44.800000000000004 -102.9712812921102 0
      vertex 45.03544459632335 -102.82128654172477 -3
      vertex 45.03544459632335 -102.82128654172477 0
    endloop
  endfacet
  facet normal 0.6087614290087314 -0.7933533402912268 2.555713478107869e-18
    outer loop
      vertex 45.03544459632335 -102.82128654172477 0
      vertex 45.25692035099693 -102.65134221798073 -3
      vertex 45.25692035099693 -102.65134221798073 0
    endloop
  endfacet
  facet normal 0.7372773368101317 -0.6755902076156519 0
    outer loop
      vertex 45.65134221798073 -102.25692035099692 0
      vertex 45.46274169979696 -102.46274169979695 0
      vertex 45.65134221798073 -102.25692035099692 -3
    endloop
  endfacet
  facet normal 0.7933533402912392 -0.6087614290087155 -3.999408796070768e-18
    outer loop
      vertex 45.65134221798073 -102.25692035099692 0
      vertex 45.821286541724774 -102.03544459632334 -3
      vertex 45.821286541724774 -102.03544459632334 0
    endloop
  endfacet
  facet normal 0.8433914458128831 -0.5372996083468281 1.854852381523256e-18
    outer loop
      vertex 45.821286541724774 -102.03544459632334 0
      vertex 45.971281292110206 -101.8 -3
      vertex 45.971281292110206 -101.8 0
    endloop
  endfacet
  facet normal 0.8870108331782118 -0.46174861323505273 1.5373148320543283e-18
    outer loop
      vertex 45.971281292110206 -101.8 0
      vertex 46.100184918517286 -101.55237843757024 -3
      vertex 46.100184918517286 -101.55237843757024 0
    endloop
  endfacet
  facet normal 0.9537169507482216 0.30070579950428944 0
    outer loop
      vertex 46.20701638651491 -99.10553554135787 0
      vertex 46.290962644125024 -99.37177905567194 0
      vertex 46.20701638651491 -99.10553554135787 -3
    endloop
  endfacet
  facet normal 0.9762960071199323 0.21643961393810832 0
    outer loop
      vertex 46.290962644125024 -99.37177905567194 0
      vertex 46.35138480963907 -99.64432583146582 0
      vertex 46.290962644125024 -99.37177905567194 -3
    endloop
  endfacet
  facet normal 0.9914448613738114 0.13052619222004375 0
    outer loop
      vertex 46.35138480963907 -99.64432583146582 0
      vertex 46.38782303389359 -99.92110162320749 0
      vertex 46.35138480963907 -99.64432583146582 -3
    endloop
  endfacet
  facet normal 0.9990482215818576 0.043619387365342606 0
    outer loop
      vertex 46.38782303389359 -99.92110162320749 0
      vertex 46.400000000000006 -100.2 0
      vertex 46.38782303389359 -99.92110162320749 -3
    endloop
  endfacet
  facet normal 0.9990482215818576 -0.043619387365342606 0
    outer loop
      vertex 46.400000000000006 -100.2 0
      vertex 46.38782303389359 -100.47889837679251 0
      vertex 46.400000000000006 -100.2 -3
    endloop
  endfacet
  facet normal 0.9914448613738114 -0.13052619222004375 0
    outer loop
      vertex 46.38782303389359 -100.47889837679251 0
      vertex 46.35138480963907 -100.75567416853418 0
      vertex 46.38782303389359 -100.47889837679251 -3
    endloop
  endfacet
  facet normal 0.9537169507482216 -0.30070579950428944 0
    outer loop
      vertex 46.290962644125024 -101.02822094432807 0
      vertex 46.20701638651491 -101.29446445864214 0
      vertex 46.290962644125024 -101.02822094432807 -3
    endloop
  endfacet
  facet normal 0.9238795325112941 -0.3826834323650722 0
    outer loop
      vertex 46.20701638651491 -101.29446445864214 0
      vertex 46.100184918517286 -101.55237843757024 0
      vertex 46.20701638651491 -101.29446445864214 -3
    endloop
  endfacet
  facet normal 0.9762960071199323 -0.21643961393810832 1.7721478688869053e-18
    outer loop
      vertex 46.290962644125024 -101.02822094432807 0
      vertex 46.35138480963907 -100.75567416853418 -3
      vertex 46.35138480963907 -100.75567416853418 0
    endloop
  endfacet
  facet normal 0.6755902076156519 -0.7372773368101317 1.4087571056430774e-18
    outer loop
      vertex 45.25692035099693 -102.65134221798073 0
      vertex 45.46274169979696 -102.46274169979695 -3
      vertex 45.46274169979696 -102.46274169979695 0
    endloop
  endfacet
  facet normal 0.13052619222001874 0.9914448613738147 -9.884384992909744e-19
    outer loop
      vertex 43.47889837679251 -97.01217696610642 -3
      vertex 43.75567416853418 -97.04861519036093 0
      vertex 43.75567416853418 -97.04861519036093 -3
    endloop
  endfacet
  facet normal 0.21643961393812722 0.976296007119928 0
    outer loop
      vertex 44.02822094432807 -97.10903735587499 0
      vertex 44.02822094432807 -97.10903735587499 -3
      vertex 43.75567416853418 -97.04861519036093 -3
    endloop
  endfacet
  facet normal 0.3007057995042591 0.9537169507482314 0
    outer loop
      vertex 44.294464458642146 -97.1929836134851 0
      vertex 44.294464458642146 -97.1929836134851 -3
      vertex 44.02822094432807 -97.10903735587499 -3
    endloop
  endfacet
  facet normal 0.3826834323650812 0.9238795325112903 0
    outer loop
      vertex 44.55237843757024 -97.29981508148272 0
      vertex 44.55237843757024 -97.29981508148272 -3
      vertex 44.294464458642146 -97.1929836134851 -3
    endloop
  endfacet
  facet normal 0.4617486132350423 0.8870108331782173 0
    outer loop
      vertex 44.800000000000004 -97.4287187078898 0
      vertex 44.800000000000004 -97.4287187078898 -3
      vertex 44.55237843757024 -97.29981508148272 -3
    endloop
  endfacet
  facet normal 0.5372996083468281 0.8433914458128831 0
    outer loop
      vertex 45.03544459632335 -97.57871345827523 0
      vertex 45.03544459632335 -97.57871345827523 -3
      vertex 44.800000000000004 -97.4287187078898 -3
    endloop
  endfacet
  facet normal 0.6087614290087314 0.7933533402912268 0
    outer loop
      vertex 45.25692035099693 -97.74865778201928 0
      vertex 45.25692035099693 -97.74865778201928 -3
      vertex 45.03544459632335 -97.57871345827523 -3
    endloop
  endfacet
  facet normal 0.6755902076156519 0.7372773368101317 0
    outer loop
      vertex 45.46274169979696 -97.93725830020306 0
      vertex 45.46274169979696 -97.93725830020306 -3
      vertex 45.25692035099693 -97.74865778201928 -3
    endloop
  endfacet
  facet normal 0.7372773368101317 0.6755902076156519 0
    outer loop
      vertex 45.65134221798073 -98.14307964900308 0
      vertex 45.65134221798073 -98.14307964900308 -3
      vertex 45.46274169979696 -97.93725830020306 -3
    endloop
  endfacet
  facet normal 0.7933533402912392 0.6087614290087155 0
    outer loop
      vertex 45.821286541724774 -98.36455540367666 0
      vertex 45.821286541724774 -98.36455540367666 -3
      vertex 45.65134221798073 -98.14307964900308 -3
    endloop
  endfacet
  facet normal 0.8433914458128831 0.5372996083468281 0
    outer loop
      vertex 45.971281292110206 -98.60000000000001 0
      vertex 45.971281292110206 -98.60000000000001 -3
      vertex 45.821286541724774 -98.36455540367666 -3
    endloop
  endfacet
  facet normal 0.8870108331782118 0.46174861323505273 0
    outer loop
      vertex 46.100184918517286 -98.84762156242977 0
      vertex 46.100184918517286 -98.84762156242977 -3
      vertex 45.971281292110206 -98.60000000000001 -3
    endloop
  endfacet
  facet normal 0.9238795325112941 0.3826834323650722 0
    outer loop
      vertex 46.20701638651491 -99.10553554135787 0
      vertex 46.20701638651491 -99.10553554135787 -3
      vertex 46.100184918517286 -98.84762156242977 -3
    endloop
  endfacet
  facet normal 0 0 -1
    outer loop
      vertex 43.47889837679251 -97.01217696610642 -3
      vertex 43.75567416853418 -97.04861519036093 -3
      vertex 43.39174263404485 -98.00837166419817 -3
    endloop
  endfacet
  facet normal 0 0 -1
    outer loop
      vertex 43.75567416853418 -97.04861519036093 -3
      vertex 44.02822094432807 -97.10903735587499 -3
      vertex 43.58202599086725 -98.03342294337314 -3
    endloop
  endfacet
  facet normal 0 0 -1
    outer loop
      vertex 43.75567416853418 -97.04861519036093 -3
      vertex 43.58202599086725 -98.03342294337314 -3
      vertex 43.39174263404485 -98.00837166419817 -3
    endloop
  endfacet
  facet normal 0 0 -1
    outer loop
      vertex 44.02822094432807 -97.10903735587499 -3
      vertex 43.76940189922555 -98.07496318216405 -3
      vertex 43.58202599086725 -98.03342294337314 -3
    endloop
  endfacet
  facet normal 0 0 -1
    outer loop
      vertex 44.02822094432807 -97.10903735587499 -3
      vertex 43.95244431531648 -98.132676234271 -3
      vertex 43.76940189922555 -98.07496318216405 -3
    endloop
  endfacet
  facet normal 0 0 -1
    outer loop
      vertex 44.02822094432807 -97.10903735587499 -3
      vertex 44.294464458642146 -97.1929836134851 -3
      vertex 43.95244431531648 -98.132676234271 -3
    endloop
  endfacet
  facet normal 0 0 -1
    outer loop
      vertex 44.294464458642146 -97.1929836134851 -3
      vertex 44.12976017582954 -98.20612286851937 -3
      vertex 43.95244431531648 -98.132676234271 -3
    endloop
  endfacet
  facet normal 0 0 -1
    outer loop
      vertex 44.294464458642146 -97.1929836134851 -3
      vertex 44.55237843757024 -97.29981508148272 -3
      vertex 44.12976017582954 -98.20612286851937 -3
    endloop
  endfacet
  facet normal 0 0 -1
    outer loop
      vertex 44.55237843757024 -97.29981508148272 -3
      vertex 44.300000000000004 -98.29474411167423 -3
      vertex 44.12976017582954 -98.20612286851937 -3
    endloop
  endfacet
  facet normal 0 0 -1
    outer loop
      vertex 44.55237843757024 -97.29981508148272 -3
      vertex 44.461868159972305 -98.39786550256422 -3
      vertex 44.300000000000004 -98.29474411167423 -3
    endloop
  endfacet
  facet normal 0 0 -1
    outer loop
      vertex 44.55237843757024 -97.29981508148272 -3
      vertex 44.800000000000004 -97.4287187078898 -3
      vertex 44.461868159972305 -98.39786550256422 -3
    endloop
  endfacet
  facet normal 0 0 -1
    outer loop
      vertex 44.800000000000004 -97.4287187078898 -3
      vertex 44.61413274131039 -98.51470222513825 -3
      vertex 44.461868159972305 -98.39786550256422 -3
    endloop
  endfacet
  facet normal 0 0 -1
    outer loop
      vertex 44.800000000000004 -97.4287187078898 -3
      vertex 44.755634918610404 -98.6443650813896 -3
      vertex 44.61413274131039 -98.51470222513825 -3
    endloop
  endfacet
  facet normal 0 0 -1
    outer loop
      vertex 44.800000000000004 -97.4287187078898 -3
      vertex 45.03544459632335 -97.57871345827523 -3
      vertex 44.755634918610404 -98.6443650813896 -3
    endloop
  endfacet
  facet normal 0 0 -1
    outer loop
      vertex 45.03544459632335 -97.57871345827523 -3
      vertex 45.25692035099693 -97.74865778201928 -3
      vertex 45.00213449743578 -98.93813184002771 -3
    endloop
  endfacet
  facet normal 0 0 -1
    outer loop
      vertex 45.03544459632335 -97.57871345827523 -3
      vertex 44.885297774861755 -98.78586725868962 -3
      vertex 44.755634918610404 -98.6443650813896 -3
    endloop
  endfacet
  facet normal 0 0 -1
    outer loop
      vertex 45.03544459632335 -97.57871345827523 -3
      vertex 45.00213449743578 -98.93813184002771 -3
      vertex 44.885297774861755 -98.78586725868962 -3
    endloop
  endfacet
  facet normal 0 0 -1
    outer loop
      vertex 45.25692035099693 -97.74865778201928 -3
      vertex 45.105255888325765 -99.10000000000001 -3
      vertex 45.00213449743578 -98.93813184002771 -3
    endloop
  endfacet
  facet normal 0 0 -1
    outer loop
      vertex 45.25692035099693 -97.74865778201928 -3
      vertex 45.19387713148063 -99.27023982417046 -3
      vertex 45.105255888325765 -99.10000000000001 -3
    endloop
  endfacet
  facet normal 0 0 -1
    outer loop
      vertex 45.25692035099693 -97.74865778201928 -3
      vertex 45.46274169979696 -97.93725830020306 -3
      vertex 45.19387713148063 -99.27023982417046 -3
    endloop
  endfacet
  facet normal 0 0 -1
    outer loop
      vertex 45.46274169979696 -97.93725830020306 -3
      vertex 45.267323765729 -99.44755568468354 -3
      vertex 45.19387713148063 -99.27023982417046 -3
    endloop
  endfacet
  facet normal 0 0 -1
    outer loop
      vertex 45.46274169979696 -97.93725830020306 -3
      vertex 45.32503681783595 -99.63059810077446 -3
      vertex 45.267323765729 -99.44755568468354 -3
    endloop
  endfacet
  facet normal 0.46174861323504485 -0.8870108331782159 0
    outer loop
      vertex 44.800000000000004 -102.9712812921102 0
      vertex 44.552733662736905 -103.1 -3
      vertex 44.800000000000004 -102.9712812921102 -3
    endloop
  endfacet
  facet normal 0.5372996083468281 -0.8433914458128831 0
    outer loop
      vertex 44.800000000000004 -102.9712812921102 0
      vertex 44.800000000000004 -102.9712812921102 -3
      vertex 45.03544459632335 -102.82128654172477 -3
    endloop
  endfacet
  facet normal 0.6087614290087314 -0.7933533402912268 0
    outer loop
      vertex 45.03544459632335 -102.82128654172477 0
      vertex 45.03544459632335 -102.82128654172477 -3
      vertex 45.25692035099693 -102.65134221798073 -3
    endloop
  endfacet
  facet normal 0.7933533402912392 -0.6087614290087155 0
    outer loop
      vertex 45.65134221798073 -102.25692035099692 0
      vertex 45.65134221798073 -102.25692035099692 -3
      vertex 45.821286541724774 -102.03544459632334 -3
    endloop
  endfacet
  facet normal 0.8433914458128831 -0.5372996083468281 0
    outer loop
      vertex 45.821286541724774 -102.03544459632334 0
      vertex 45.821286541724774 -102.03544459632334 -3
      vertex 45.971281292110206 -101.8 -3
    endloop
  endfacet
  facet normal 0.8870108331782118 -0.46174861323505273 0
    outer loop
      vertex 45.971281292110206 -101.8 0
      vertex 45.971281292110206 -101.8 -3
      vertex 46.100184918517286 -101.55237843757024 -3
    endloop
  endfacet
  facet normal 0.9537169507482216 0.30070579950428944 0
    outer loop
      vertex 46.290962644125024 -99.37177905567194 0
      vertex 46.290962644125024 -99.37177905567194 -3
      vertex 46.20701638651491 -99.10553554135787 -3
    endloop
  endfacet
  facet normal 0.9762960071199323 0.21643961393810832 0
    outer loop
      vertex 46.35138480963907 -99.64432583146582 0
      vertex 46.35138480963907 -99.64432583146582 -3
      vertex 46.290962644125024 -99.37177905567194 -3
    endloop
  endfacet
  facet normal 0.9914448613738114 0.13052619222004375 0
    outer loop
      vertex 46.38782303389359 -99.92110162320749 0
      vertex 46.38782303389359 -99.92110162320749 -3
      vertex 46.35138480963907 -99.64432583146582 -3
    endloop
  endfacet
  facet normal 0.9990482215818576 0.043619387365342606 0
    outer loop
      vertex 46.400000000000006 -100.2 0
      vertex 46.400000000000006 -100.2 -3
      vertex 46.38782303389359 -99.92110162320749 -3
    endloop
  endfacet
  facet normal 0.9990482215818576 -0.043619387365342606 0
    outer loop
      vertex 46.38782303389359 -100.47889837679251 0
      vertex 46.38782303389359 -100.47889837679251 -3
      vertex 46.400000000000006 -100.2 -3
    endloop
  endfacet
  facet normal 0.9914448613738114 -0.13052619222004375 0
    outer loop
      vertex 46.35138480963907 -100.75567416853418 0
      vertex 46.35138480963907 -100.75567416853418 -3
      vertex 46.38782303389359 -100.47889837679251 -3
    endloop
  endfacet
  facet normal 0.9238795325112941 -0.3826834323650722 0
    outer loop
      vertex 46.100184918517286 -101.55237843757024 0
      vertex 46.100184918517286 -101.55237843757024 -3
      vertex 46.20701638651491 -101.29446445864214 -3
    endloop
  endfacet
  facet normal 0.9537169507482216 -0.30070579950428944 0
    outer loop
      vertex 46.20701638651491 -101.29446445864214 0
      vertex 46.20701638651491 -101.29446445864214 -3
      vertex 46.290962644125024 -101.02822094432807 -3
    endloop
  endfacet
  facet normal 0.9762960071199323 -0.21643961393810832 0
    outer loop
      vertex 46.290962644125024 -101.02822094432807 0
      vertex 46.290962644125024 -101.02822094432807 -3
      vertex 46.35138480963907 -100.75567416853418 -3
    endloop
  endfacet
  facet normal 0.6755902076156519 -0.7372773368101317 0
    outer loop
      vertex 45.25692035099693 -102.65134221798073 0
      vertex 45.25692035099693 -102.65134221798073 -3
      vertex 45.46274169979696 -102.46274169979695 -3
    endloop
  endfacet
  facet normal 0.7372773368101317 -0.6755902076156519 0
    outer loop
      vertex 45.46274169979696 -102.46274169979695 0
      vertex 45.46274169979696 -102.46274169979695 -3
      vertex 45.65134221798073 -102.25692035099692 -3
    endloop
  endfacet
  facet normal 0 0 -1
    outer loop
      vertex 44.552733662736905 -103.1 -3
      vertex 44.461868159972305 -102.00213449743579 -3
      vertex 44.61413274131039 -101.88529777486175 -3
    endloop
  endfacet
  facet normal 0 0 -1
    outer loop
      vertex 44.800000000000004 -102.9712812921102 -3
      vertex 44.61413274131039 -101.88529777486175 -3
      vertex 44.755634918610404 -101.75563491861041 -3
    endloop
  endfacet
  facet normal 0 0 -1
    outer loop
      vertex 44.800000000000004 -102.9712812921102 -3
      vertex 44.755634918610404 -101.75563491861041 -3
      vertex 44.885297774861755 -101.61413274131039 -3
    endloop
  endfacet
  facet normal 0 0 -1
    outer loop
      vertex 45.03544459632335 -102.82128654172477 -3
      vertex 44.885297774861755 -101.61413274131039 -3
      vertex 45.00213449743578 -101.4618681599723 -3
    endloop
  endfacet
  facet normal 0 0 -1
    outer loop
      vertex 45.03544459632335 -102.82128654172477 -3
      vertex 45.00213449743578 -101.4618681599723 -3
      vertex 45.105255888325765 -101.3 -3
    endloop
  endfacet
  facet normal 0 0 -1
    outer loop
      vertex 45.25692035099693 -102.65134221798073 -3
      vertex 45.105255888325765 -101.3 -3
      vertex 45.19387713148063 -101.12976017582955 -3
    endloop
  endfacet
  facet normal 0 0 -1
    outer loop
      vertex 45.03544459632335 -102.82128654172477 -3
      vertex 45.105255888325765 -101.3 -3
      vertex 45.25692035099693 -102.65134221798073 -3
    endloop
  endfacet
  facet normal 0 0 -1
    outer loop
      vertex 44.552733662736905 -103.1 -3
      vertex 43.95244431531648 -102.267323765729 -3
      vertex 44.12976017582954 -102.19387713148063 -3
    endloop
  endfacet
  facet normal 0 0 -1
    outer loop
      vertex 44.552733662736905 -103.1 -3
      vertex 44.12976017582954 -102.19387713148063 -3
      vertex 44.300000000000004 -102.10525588832577 -3
    endloop
  endfacet
  facet normal 0 0 -1
    outer loop
      vertex 44.552733662736905 -103.1 -3
      vertex 44.300000000000004 -102.10525588832577 -3
      vertex 44.461868159972305 -102.00213449743579 -3
    endloop
  endfacet
  facet normal 0 0 -1
    outer loop
      vertex 44.552733662736905 -103.1 -3
      vertex 44.61413274131039 -101.88529777486175 -3
      vertex 44.800000000000004 -102.9712812921102 -3
    endloop
  endfacet
  facet normal 0 0 -1
    outer loop
      vertex 44.800000000000004 -102.9712812921102 -3
      vertex 44.885297774861755 -101.61413274131039 -3
      vertex 45.03544459632335 -102.82128654172477 -3
    endloop
  endfacet
  facet normal 0 0 -1
    outer loop
      vertex 45.46274169979696 -97.93725830020306 -3
      vertex 45.36657705662686 -99.81797400913275 -3
      vertex 45.32503681783595 -99.63059810077446 -3
    endloop
  endfacet
  facet normal 0 0 -1
    outer loop
      vertex 45.46274169979696 -97.93725830020306 -3
      vertex 45.39162833580184 -100.00825736595516 -3
      vertex 45.36657705662686 -99.81797400913275 -3
    endloop
  endfacet
  facet normal 0 0 -1
    outer loop
      vertex 45.46274169979696 -97.93725830020306 -3
      vertex 45.400000000000006 -100.2 -3
      vertex 45.39162833580184 -100.00825736595516 -3
    endloop
  endfacet
  facet normal 0 0 -1
    outer loop
      vertex 45.46274169979696 -97.93725830020306 -3
      vertex 45.65134221798073 -98.14307964900308 -3
      vertex 45.46274169979696 -102.46274169979695 -3
    endloop
  endfacet
  facet normal 0 0 -1
    outer loop
      vertex 45.46274169979696 -97.93725830020306 -3
      vertex 45.46274169979696 -102.46274169979695 -3
      vertex 45.400000000000006 -100.2 -3
    endloop
  endfacet
  facet normal 0 0 -1
    outer loop
      vertex 45.65134221798073 -98.14307964900308 -3
      vertex 45.821286541724774 -98.36455540367666 -3
      vertex 45.65134221798073 -102.25692035099692 -3
    endloop
  endfacet
  facet normal 0 0 -1
    outer loop
      vertex 45.821286541724774 -98.36455540367666 -3
      vertex 45.971281292110206 -98.60000000000001 -3
      vertex 45.821286541724774 -102.03544459632334 -3
    endloop
  endfacet
  facet normal 0 0 -1
    outer loop
      vertex 45.971281292110206 -98.60000000000001 -3
      vertex 46.100184918517286 -98.84762156242977 -3
      vertex 45.971281292110206 -101.8 -3
    endloop
  endfacet
  facet normal 0 0 -1
    outer loop
      vertex 45.46274169979696 -102.46274169979695 -3
      vertex 45.39162833580184 -100.39174263404485 -3
      vertex 45.400000000000006 -100.2 -3
    endloop
  endfacet
  facet normal 0 0 -1
    outer loop
      vertex 45.25692035099693 -102.65134221798073 -3
      vertex 45.32503681783595 -100.76940189922554 -3
      vertex 45.36657705662686 -100.58202599086725 -3
    endloop
  endfacet
  facet normal 0 0 -1
    outer loop
      vertex 45.25692035099693 -102.65134221798073 -3
      vertex 45.267323765729 -100.95244431531647 -3
      vertex 45.32503681783595 -100.76940189922554 -3
    endloop
  endfacet
  facet normal 0 0 -1
    outer loop
      vertex 45.46274169979696 -102.46274169979695 -3
      vertex 45.36657705662686 -100.58202599086725 -3
      vertex 45.39162833580184 -100.39174263404485 -3
    endloop
  endfacet
  facet normal 0 0 -1
    outer loop
      vertex 45.65134221798073 -98.14307964900308 -3
      vertex 45.65134221798073 -102.25692035099692 -3
      vertex 45.46274169979696 -102.46274169979695 -3
    endloop
  endfacet
  facet normal 0 0 -1
    outer loop
      vertex 45.25692035099693 -102.65134221798073 -3
      vertex 45.19387713148063 -101.12976017582955 -3
      vertex 45.267323765729 -100.95244431531647 -3
    endloop
  endfacet
  facet normal 0 0 -1
    outer loop
      vertex 45.25692035099693 -102.65134221798073 -3
      vertex 45.36657705662686 -100.58202599086725 -3
      vertex 45.46274169979696 -102.46274169979695 -3
    endloop
  endfacet
  facet normal 0 0 -1
    outer loop
      vertex 45.821286541724774 -98.36455540367666 -3
      vertex 45.821286541724774 -102.03544459632334 -3
      vertex 45.65134221798073 -102.25692035099692 -3
    endloop
  endfacet
  facet normal 0 0 -1
    outer loop
      vertex 45.971281292110206 -98.60000000000001 -3
      vertex 45.971281292110206 -101.8 -3
      vertex 45.821286541724774 -102.03544459632334 -3
    endloop
  endfacet
  facet normal 0 0 -1
    outer loop
      vertex 46.100184918517286 -98.84762156242977 -3
      vertex 46.100184918517286 -101.55237843757024 -3
      vertex 45.971281292110206 -101.8 -3
    endloop
  endfacet
  facet normal 0 0 -1
    outer loop
      vertex 46.100184918517286 -98.84762156242977 -3
      vertex 46.20701638651491 -99.10553554135787 -3
      vertex 46.100184918517286 -101.55237843757024 -3
    endloop
  endfacet
  facet normal 0 0 -1
    outer loop
      vertex 46.20701638651491 -99.10553554135787 -3
      vertex 46.290962644125024 -99.37177905567194 -3
      vertex 46.20701638651491 -101.29446445864214 -3
    endloop
  endfacet
  facet normal 0 0 -1
    outer loop
      vertex 46.20701638651491 -99.10553554135787 -3
      vertex 46.20701638651491 -101.29446445864214 -3
      vertex 46.100184918517286 -101.55237843757024 -3
    endloop
  endfacet
  facet normal 0 0 -1
    outer loop
      vertex 46.290962644125024 -99.37177905567194 -3
      vertex 46.290962644125024 -101.02822094432807 -3
      vertex 46.20701638651491 -101.29446445864214 -3
    endloop
  endfacet
  facet normal 0 0 -1
    outer loop
      vertex 46.290962644125024 -99.37177905567194 -3
      vertex 46.35138480963907 -99.64432583146582 -3
      vertex 46.290962644125024 -101.02822094432807 -3
    endloop
  endfacet
  facet normal 0 0 -1
    outer loop
      vertex 46.35138480963907 -99.64432583146582 -3
      vertex 46.38782303389359 -99.92110162320749 -3
      vertex 46.35138480963907 -100.75567416853418 -3
    endloop
  endfacet
  facet normal 0 0 -1
    outer loop
      vertex 46.38782303389359 -99.92110162320749 -3
      vertex 46.400000000000006 -100.2 -3
      vertex 46.38782303389359 -100.47889837679251 -3
    endloop
  endfacet
  facet normal 0 0 -1
    outer loop
      vertex 46.35138480963907 -99.64432583146582 -3
      vertex 46.35138480963907 -100.75567416853418 -3
      vertex 46.290962644125024 -101.02822094432807 -3
    endloop
  endfacet
  facet normal 0 0 -1
    outer loop
      vertex 46.38782303389359 -99.92110162320749 -3
      vertex 46.38782303389359 -100.47889837679251 -3
      vertex 46.35138480963907 -100.75567416853418 -3
    endloop
  endfacet
  facet normal -0.99144486137381 0.13052619222005524 2.5384459427825224e-16
    outer loop
      vertex 18.370238632145732 -100.5542135635607 0
      vertex 18.375962906094735 -100.51073338617019 -1.8760035682426404
      vertex 18.366577056626856 -100.58202599086725 0
    endloop
  endfacet
  facet normal -0.737277336810027 0.675590207615766 6.809585586808448e-15
    outer loop
      vertex 17.755634918610404 -101.75563491861041 0
      vertex 17.774586858622783 -101.73495250536315 0
      vertex 17.804215114529732 -101.70261893782003 -1.8760035682426404
    endloop
  endfacet
  facet normal -0.92387953251132 0.38268343236500946 -3.4875859847153367e-15
    outer loop
      vertex 18.19387713148063 -101.12976017582955 0
      vertex 18.20461232771669 -101.10384311948171 0
      vertex 18.22139504975388 -101.06332604432599 -1.8760035682426404
    endloop
  endfacet
  facet normal -0.9914448613738108 0.13052619222004866 0
    outer loop
      vertex 18.366577056626856 -100.58202599086725 0
      vertex 18.375962906094735 -100.51073338617019 -1.8760035682426404
      vertex 18.366577056626856 -100.58202599086725 -3
    endloop
  endfacet
  facet normal -0.737277336810147 0.6755902076156352 0
    outer loop
      vertex 17.755634918610404 -101.75563491861041 0
      vertex 17.804215114529732 -101.70261893782003 -1.8760035682426404
      vertex 17.755634918610404 -101.75563491861041 -3
    endloop
  endfacet
  facet normal -0.9238795325112853 0.38268343236509356 0
    outer loop
      vertex 18.19387713148063 -101.12976017582955 0
      vertex 18.22139504975388 -101.06332604432599 -1.8760035682426404
      vertex 18.19387713148063 -101.12976017582955 -3
    endloop
  endfacet
  facet normal 0.737277336810027 -0.675590207615766 6.809585586808448e-15
    outer loop
      vertex 41.6443650813896 -98.6443650813896 0
      vertex 41.62541314137722 -98.66504749463685 0
      vertex 41.59578488547027 -98.69738106217997 -1.8760035682426404
    endloop
  endfacet
  facet normal 0.737277336810147 -0.6755902076156352 0
    outer loop
      vertex 41.6443650813896 -98.6443650813896 0
      vertex 41.59578488547027 -98.69738106217997 -1.8760035682426404
      vertex 41.6443650813896 -98.6443650813896 -3
    endloop
  endfacet
  facet normal 0.9238795325112752 -0.38268343236511754 -7.5322187127017275e-16
    outer loop
      vertex 41.19538767228331 -99.2961568805183 0
      vertex 41.17860495024612 -99.33667395567402 -1.8760035682426404
      vertex 41.20612286851937 -99.27023982417046 0
    endloop
  endfacet
  facet normal 0.9238795325112678 -0.38268343236513575 0
    outer loop
      vertex 41.20612286851937 -99.27023982417046 0
      vertex 41.17860495024612 -99.33667395567402 -1.8760035682426404
      vertex 41.20612286851937 -99.27023982417046 -3
    endloop
  endfacet
  facet normal -0.737277336810027 0.675590207615766 6.809585586808448e-15
    outer loop
      vertex 44.755634918610404 -101.75563491861041 0
      vertex 44.77458685862278 -101.73495250536315 0
      vertex 44.80421511452973 -101.70261893782003 -1.8760035682426404
    endloop
  endfacet
  facet normal -0.9238795325112752 0.38268343236511754 -7.5322187127017275e-16
    outer loop
      vertex 45.204612327716696 -101.10384311948171 0
      vertex 45.22139504975389 -101.06332604432599 -1.8760035682426404
      vertex 45.19387713148063 -101.12976017582955 0
    endloop
  endfacet
  facet normal -0.8433914458129245 0.5372996083467629 -1.840668172425837e-15
    outer loop
      vertex 45.01720705152445 -101.43820898920899 0
      vertex 45.040770522568515 -101.4012217485643 -1.8760035682426404
      vertex 45.00213449743578 -101.4618681599723 0
    endloop
  endfacet
  facet normal -0.737277336810147 0.6755902076156352 0
    outer loop
      vertex 44.755634918610404 -101.75563491861041 0
      vertex 44.80421511452973 -101.70261893782003 -1.8760035682426404
      vertex 44.755634918610404 -101.75563491861041 -3
    endloop
  endfacet
  facet normal -0.9238795325112678 0.38268343236513575 0
    outer loop
      vertex 45.19387713148063 -101.12976017582955 0
      vertex 45.22139504975389 -101.06332604432599 -1.8760035682426404
      vertex 45.19387713148063 -101.12976017582955 -3
    endloop
  endfacet
  facet normal -0.8433914458128987 0.5372996083468035 0
    outer loop
      vertex 45.00213449743578 -101.4618681599723 0
      vertex 45.040770522568515 -101.4012217485643 -1.8760035682426404
      vertex 45.00213449743578 -101.4618681599723 -3
    endloop
  endfacet
  facet normal -1 0 0
    outer loop
      vertex 8.6 -46.45 0
      vertex 8.6 -46.45 -6
      vertex 8.6 -60.45 -6
    endloop
  endfacet
  facet normal 0 1 0
    outer loop
      vertex 8.6 -46.45 0
      vertex 10.6 -46.45 0
      vertex 8.6 -46.45 -6
    endloop
  endfacet
  facet normal 1 0 0
    outer loop
      vertex 10.6 -46.45 0
      vertex 10.6 -60.45 0
      vertex 10.6 -46.45 -6
    endloop
  endfacet
  facet normal 0 1 0
    outer loop
      vertex 10.6 -46.45 0
      vertex 10.6 -46.45 -6
      vertex 8.6 -46.45 -6
    endloop
  endfacet
  facet normal 0 0 -1
    outer loop
      vertex 8.6 -46.45 -6
      vertex 10.6 -46.45 -6
      vertex 8.6 -60.45 -6
    endloop
  endfacet
  facet normal -1 0 0
    outer loop
      vertex 8.6 -46.45 0
      vertex 8.6 -60.45 -6
      vertex 8.6 -60.45 0
    endloop
  endfacet
  facet normal 0 -1 0
    outer loop
      vertex 8.6 -60.45 0
      vertex 10.6 -60.45 -6
      vertex 10.6 -60.45 0
    endloop
  endfacet
  facet normal 1 0 0
    outer loop
      vertex 10.6 -46.45 -6
      vertex 10.6 -60.45 0
      vertex 10.6 -60.45 -6
    endloop
  endfacet
  facet normal 0 0 -1
    outer loop
      vertex 10.6 -46.45 -6
      vertex 10.6 -60.45 -6
      vertex 8.6 -60.45 -6
    endloop
  endfacet
  facet normal 0 -1 0
    outer loop
      vertex 8.6 -60.45 0
      vertex 8.6 -60.45 -6
      vertex 10.6 -60.45 -6
    endloop
  endfacet
  facet normal 0 1 0
    outer loop
      vertex 48.800000000000004 -46.45 0
      vertex 50.800000000000004 -46.45 0
      vertex 48.800000000000004 -46.45 -6
    endloop
  endfacet
  facet normal 0 1 0
    outer loop
      vertex 50.800000000000004 -46.45 0
      vertex 50.800000000000004 -46.45 -6
      vertex 48.800000000000004 -46.45 -6
    endloop
  endfacet
  facet normal -1 0 0
    outer loop
      vertex 48.800000000000004 -46.45 0
      vertex 48.800000000000004 -46.45 -6
      vertex 48.800000000000004 -60.45 -6
    endloop
  endfacet
  facet normal 0 0 -1
    outer loop
      vertex 48.800000000000004 -46.45 -6
      vertex 50.800000000000004 -46.45 -6
      vertex 48.800000000000004 -60.45 -6
    endloop
  endfacet
  facet normal 1 0 0
    outer loop
      vertex 50.800000000000004 -46.45 0
      vertex 50.800000000000004 -60.45 0
      vertex 50.800000000000004 -46.45 -6
    endloop
  endfacet
  facet normal -1 0 0
    outer loop
      vertex 48.800000000000004 -46.45 0
      vertex 48.800000000000004 -60.45 -6
      vertex 48.800000000000004 -60.45 0
    endloop
  endfacet
  facet normal 0 -1 0
    outer loop
      vertex 48.800000000000004 -60.45 0
      vertex 50.800000000000004 -60.45 -6
      vertex 50.800000000000004 -60.45 0
    endloop
  endfacet
  facet normal 0 0 -1
    outer loop
      vertex 50.800000000000004 -46.45 -6
      vertex 50.800000000000004 -60.45 -6
      vertex 48.800000000000004 -60.45 -6
    endloop
  endfacet
  facet normal 0 -1 0
    outer loop
      vertex 48.800000000000004 -60.45 0
      vertex 48.800000000000004 -60.45 -6
      vertex 50.800000000000004 -60.45 -6
    endloop
  endfacet
  facet normal 1 0 0
    outer loop
      vertex 50.800000000000004 -46.45 -6
      vertex 50.800000000000004 -60.45 0
      vertex 50.800000000000004 -60.45 -6
    endloop
  endfacet
  facet normal -1 0 0
    outer loop
      vertex 22.7 -16.599999999999998 0
      vertex 22.7 -18.599999999999998 -6
      vertex 22.7 -18.599999999999998 0
    endloop
  endfacet
  facet normal -1 0 0
    outer loop
      vertex 22.7 -16.599999999999998 0
      vertex 22.7 -16.599999999999998 -6
      vertex 22.7 -18.599999999999998 -6
    endloop
  endfacet
  facet normal 0 1 0
    outer loop
      vertex 22.7 -16.599999999999998 0
      vertex 36.7 -16.599999999999998 0
      vertex 22.7 -16.599999999999998 -6
    endloop
  endfacet
  facet normal 0 -1 0
    outer loop
      vertex 22.7 -18.599999999999998 0
      vertex 22.7 -18.599999999999998 -6
      vertex 36.7 -18.599999999999998 -6
    endloop
  endfacet
  facet normal 0 0 -1
    outer loop
      vertex 22.7 -16.599999999999998 -6
      vertex 36.7 -16.599999999999998 -6
      vertex 22.7 -18.599999999999998 -6
    endloop
  endfacet
  facet normal 0 -1 0
    outer loop
      vertex 22.7 -18.599999999999998 0
      vertex 36.7 -18.599999999999998 -6
      vertex 36.7 -18.599999999999998 0
    endloop
  endfacet
  facet normal 0 1 0
    outer loop
      vertex 22.7 -16.599999999999998 -6
      vertex 36.7 -16.599999999999998 0
      vertex 36.7 -16.599999999999998 -6
    endloop
  endfacet
  facet normal 0 0 -1
    outer loop
      vertex 22.7 -18.599999999999998 -6
      vertex 36.7 -16.599999999999998 -6
      vertex 36.7 -18.599999999999998 -6
    endloop
  endfacet
  facet normal 1 0 0
    outer loop
      vertex 36.7 -16.599999999999998 0
      vertex 36.7 -18.599999999999998 0
      vertex 36.7 -16.599999999999998 -6
    endloop
  endfacet
  facet normal 1 0 0
    outer loop
      vertex 36.7 -18.599999999999998 0
      vertex 36.7 -18.599999999999998 -6
      vertex 36.7 -16.599999999999998 -6
    endloop
  endfacet
  facet normal -1 0 0
    outer loop
      vertex 22.7 -88.3 0
      vertex 22.7 -90.3 -6
      vertex 22.7 -90.3 0
    endloop
  endfacet
  facet normal -1 0 0
    outer loop
      vertex 22.7 -88.3 0
      vertex 22.7 -88.3 -6
      vertex 22.7 -90.3 -6
    endloop
  endfacet
  facet normal 0 1 0
    outer loop
      vertex 22.7 -88.3 0
      vertex 36.7 -88.3 0
      vertex 22.7 -88.3 -6
    endloop
  endfacet
  facet normal 0 -1 0
    outer loop
      vertex 22.7 -90.3 0
      vertex 22.7 -90.3 -6
      vertex 36.7 -90.3 -6
    endloop
  endfacet
  facet normal 0 0 -1
    outer loop
      vertex 22.7 -88.3 -6
      vertex 36.7 -88.3 -6
      vertex 22.7 -90.3 -6
    endloop
  endfacet
  facet normal 0 -1 0
    outer loop
      vertex 22.7 -90.3 0
      vertex 36.7 -90.3 -6
      vertex 36.7 -90.3 0
    endloop
  endfacet
  facet normal 0 1 0
    outer loop
      vertex 22.7 -88.3 -6
      vertex 36.7 -88.3 0
      vertex 36.7 -88.3 -6
    endloop
  endfacet
  facet normal 0 0 -1
    outer loop
      vertex 22.7 -90.3 -6
      vertex 36.7 -88.3 -6
      vertex 36.7 -90.3 -6
    endloop
  endfacet
  facet normal 1 0 0
    outer loop
      vertex 36.7 -88.3 0
      vertex 36.7 -90.3 0
      vertex 36.7 -88.3 -6
    endloop
  endfacet
  facet normal 1 0 0
    outer loop
      vertex 36.7 -90.3 0
      vertex 36.7 -90.3 -6
      vertex 36.7 -88.3 -6
    endloop
  endfacet
  facet normal 0 -0.5240974256643357 0.8516583167045432
    outer loop
      vertex 39.07999999770752 -104.30000000298023 -1.6000000018339873
      vertex 38.08 -105.6 -2.4000000000000004
      vertex 44.08000000229248 -104.30000000298023 -1.6000000018339873
    endloop
  endfacet
  facet normal -0.8479983040050868 0.5299989400031817 0
    outer loop
      vertex 38.08 -104.89999999999999 -2.4000000000000004
      vertex 38.45499999813735 -104.30000000298023 -2.100000001490117
      vertex 38.08 -104.89999999999999 -3.3
    endloop
  endfacet
  facet normal -1 0 0
    outer loop
      vertex 38.08 -104.89999999999999 -2.4000000000000004
      vertex 38.08 -105.6 -3.3
      vertex 38.08 -105.6 -2.4000000000000004
    endloop
  endfacet
  facet normal -0.624695047554423 -5.763175005457558e-16 0.7808688094430314
    outer loop
      vertex 39.07999999770752 -104.30000000298023 -1.6000000018339873
      vertex 38.45499999813735 -104.30000000298023 -2.100000001490117
      vertex 38.08 -104.89999999999999 -2.4000000000000004
    endloop
  endfacet
  facet normal -0.6246950475544233 5.4229443563377755e-17 0.7808688094430312
    outer loop
      vertex 39.07999999770752 -104.30000000298023 -1.6000000018339873
      vertex 38.08 -104.89999999999999 -2.4000000000000004
      vertex 38.08 -105.6 -2.4000000000000004
    endloop
  endfacet
  facet normal -1 0 0
    outer loop
      vertex 38.08 -104.89999999999999 -2.4000000000000004
      vertex 38.08 -104.89999999999999 -3.3
      vertex 38.08 -105.6 -3.3
    endloop
  endfacet
  facet normal -0.5734623443633278 0 -0.8192319205190408
    outer loop
      vertex 38.08 -104.89999999999999 -3.3
      vertex 38.45499999813735 -104.30000000298023 -3.562499998696148
      vertex 38.08 -105.6 -3.3
    endloop
  endfacet
  facet normal -0.8479983040050869 0.5299989400031818 0
    outer loop
      vertex 38.45499999813735 -104.30000000298023 -2.100000001490117
      vertex 38.45499999813735 -104.30000000298023 -3.562499998696148
      vertex 38.08 -104.89999999999999 -3.3
    endloop
  endfacet
  facet normal -0.5734623443633279 2.2257510157202582e-17 -0.8192319205190408
    outer loop
      vertex 38.08 -105.6 -3.3
      vertex 38.45499999813735 -104.30000000298023 -3.562499998696148
      vertex 39.065714285714286 -104.30000000298023 -3.99
    endloop
  endfacet
  facet normal -0.5734623443633685 4.8974707741296395e-14 -0.8192319205190124
    outer loop
      vertex 38.08 -105.6 -3.3
      vertex 39.065714285714286 -104.30000000298023 -3.99
      vertex 39.08 -104.3 -4
    endloop
  endfacet
  facet normal 0 -0.5240974256643357 0.8516583167045434
    outer loop
      vertex 38.08 -105.6 -2.4000000000000004
      vertex 45.08 -105.6 -2.4000000000000004
      vertex 44.08000000229248 -104.30000000298023 -1.6000000018339873
    endloop
  endfacet
  facet normal 0 -1 0
    outer loop
      vertex 38.08 -105.6 -2.4000000000000004
      vertex 45.08 -105.6 -3.3
      vertex 45.08 -105.6 -2.4000000000000004
    endloop
  endfacet
  facet normal 0 -1 0
    outer loop
      vertex 38.08 -105.6 -2.4000000000000004
      vertex 38.08 -105.6 -3.3
      vertex 45.08 -105.6 -3.3
    endloop
  endfacet
  facet normal 1.8046509925858605e-18 -0.4740998230350183 -0.8804710999221748
    outer loop
      vertex 38.08 -105.6 -3.3
      vertex 39.08 -104.3 -4
      vertex 44.08 -104.3 -4
    endloop
  endfacet
  facet normal 0 -0.47409982303501835 -0.8804710999221748
    outer loop
      vertex 38.08 -105.6 -3.3
      vertex 44.08 -104.3 -4
      vertex 45.08 -105.6 -3.3
    endloop
  endfacet
  facet normal -0.8479983040050287 0.5299989400032747 4.951634355933707e-17
    outer loop
      vertex 39.065714285714286 -103.32285714285713 -3.99
      vertex 39.08 -103.3 -3.99
      vertex 39.08 -103.3 -4
    endloop
  endfacet
  facet normal -0.5734623443633693 0 -0.8192319205190117
    outer loop
      vertex 39.065714285714286 -103.32285714285713 -3.99
      vertex 39.08 -103.3 -4
      vertex 39.065714285714286 -104.30000000298023 -3.99
    endloop
  endfacet
  facet normal -0.5734623443633694 0 -0.8192319205190117
    outer loop
      vertex 39.08 -103.3 -4
      vertex 39.08 -104.3 -4
      vertex 39.065714285714286 -104.30000000298023 -3.99
    endloop
  endfacet
  facet normal 0 1 0
    outer loop
      vertex 39.08 -103.3 -3.99
      vertex 44.08 -103.3 -4
      vertex 39.08 -103.3 -4
    endloop
  endfacet
  facet normal 0 0 -1
    outer loop
      vertex 39.08 -103.3 -4
      vertex 44.08 -104.3 -4
      vertex 39.08 -104.3 -4
    endloop
  endfacet
  facet normal 0 1 0
    outer loop
      vertex 39.08 -103.3 -3.99
      vertex 44.08 -103.3 -3.99
      vertex 44.08 -103.3 -4
    endloop
  endfacet
  facet normal 0 0 -1
    outer loop
      vertex 39.08 -103.3 -4
      vertex 44.08 -103.3 -4
      vertex 44.08 -104.3 -4
    endloop
  endfacet
  facet normal 0.624695047554423 -2.88847967135999e-16 0.7808688094430313
    outer loop
      vertex 44.08000000229248 -104.30000000298023 -1.6000000018339873
      vertex 45.08 -105.6 -2.4000000000000004
      vertex 44.70500000186264 -104.30000000298023 -2.100000001490117
    endloop
  endfacet
  facet normal 0.6246950475544236 8.25655453066698e-18 0.7808688094430309
    outer loop
      vertex 44.70500000186264 -104.30000000298023 -2.100000001490117
      vertex 45.08 -105.6 -2.4000000000000004
      vertex 45.08 -104.89999999999999 -2.4000000000000004
    endloop
  endfacet
  facet normal 0.8479983040050869 0.5299989400031818 0
    outer loop
      vertex 44.70500000186264 -104.30000000298023 -2.100000001490117
      vertex 45.08 -104.89999999999999 -2.4000000000000004
      vertex 44.70500000186264 -104.30000000298023 -3.562499998696148
    endloop
  endfacet
  facet normal 1 0 0
    outer loop
      vertex 45.08 -104.89999999999999 -2.4000000000000004
      vertex 45.08 -105.6 -2.4000000000000004
      vertex 45.08 -104.89999999999999 -3.3
    endloop
  endfacet
  facet normal 0.8479983040050868 0.5299989400031817 0
    outer loop
      vertex 45.08 -104.89999999999999 -2.4000000000000004
      vertex 45.08 -104.89999999999999 -3.3
      vertex 44.70500000186264 -104.30000000298023 -3.562499998696148
    endloop
  endfacet
  facet normal 1 0 0
    outer loop
      vertex 45.08 -105.6 -2.4000000000000004
      vertex 45.08 -105.6 -3.3
      vertex 45.08 -104.89999999999999 -3.3
    endloop
  endfacet
  facet normal 0.5734623443633279 -9.928595774608685e-18 -0.8192319205190408
    outer loop
      vertex 45.08 -104.89999999999999 -3.3
      vertex 44.09428571428571 -104.30000000298023 -3.99
      vertex 44.70500000186264 -104.30000000298023 -3.562499998696148
    endloop
  endfacet
  facet normal 0.5734623443633279 0 -0.8192319205190408
    outer loop
      vertex 45.08 -104.89999999999999 -3.3
      vertex 45.08 -105.6 -3.3
      vertex 44.09428571428571 -104.30000000298023 -3.99
    endloop
  endfacet
  facet normal 0.573462344363368 4.690377724252139e-14 -0.8192319205190127
    outer loop
      vertex 45.08 -105.6 -3.3
      vertex 44.08 -104.3 -4
      vertex 44.09428571428571 -104.30000000298023 -3.99
    endloop
  endfacet
  facet normal 0.8479983040051768 0.5299989400030378 0
    outer loop
      vertex 44.08 -103.3 -3.99
      vertex 44.09428571428571 -103.32285714285715 -3.99
      vertex 44.08 -103.3 -4
    endloop
  endfacet
  facet normal 0.5734623443633694 0 -0.8192319205190117
    outer loop
      vertex 44.08 -103.3 -4
      vertex 44.09428571428571 -103.32285714285715 -3.99
      vertex 44.08 -104.3 -4
    endloop
  endfacet
  facet normal 0.5734623443633694 0 -0.8192319205190118
    outer loop
      vertex 44.09428571428571 -103.32285714285715 -3.99
      vertex 44.09428571428571 -104.30000000298023 -3.99
      vertex 44.08 -104.3 -4
    endloop
  endfacet
  facet normal -0.6246950475544252 1.6199267941041998e-15 0.7808688094430296
    outer loop
      vertex 15.319999997707516 -104.30000000298023 -1.6000000018339873
      vertex 14.694999998137355 -104.30000000298023 -2.100000001490117
      vertex 14.32 -104.89999999999999 -2.4000000000000004
    endloop
  endfacet
  facet normal -0.6246950475544245 -2.0079566320494924e-17 0.78086880944303
    outer loop
      vertex 15.319999997707516 -104.30000000298023 -1.6000000018339873
      vertex 14.32 -104.89999999999999 -2.4000000000000004
      vertex 14.32 -105.6 -2.4000000000000004
    endloop
  endfacet
  facet normal -0.8479983040050868 0.5299989400031818 -8.717281007154826e-18
    outer loop
      vertex 14.694999998137355 -104.30000000298023 -2.100000001490117
      vertex 14.32 -104.89999999999999 -3.3
      vertex 14.32 -104.89999999999999 -2.4000000000000004
    endloop
  endfacet
  facet normal -1 0 0
    outer loop
      vertex 14.32 -104.89999999999999 -2.4000000000000004
      vertex 14.32 -105.6 -3.3
      vertex 14.32 -105.6 -2.4000000000000004
    endloop
  endfacet
  facet normal -0.8479983040050869 0.5299989400031818 0
    outer loop
      vertex 14.694999998137355 -104.30000000298023 -2.100000001490117
      vertex 14.694999998137355 -104.30000000298023 -3.562499998696148
      vertex 14.32 -104.89999999999999 -3.3
    endloop
  endfacet
  facet normal -1 0 0
    outer loop
      vertex 14.32 -104.89999999999999 -2.4000000000000004
      vertex 14.32 -104.89999999999999 -3.3
      vertex 14.32 -105.6 -3.3
    endloop
  endfacet
  facet normal -0.5734623443633278 0 -0.8192319205190408
    outer loop
      vertex 14.32 -104.89999999999999 -3.3
      vertex 14.694999998137355 -104.30000000298023 -3.562499998696148
      vertex 14.32 -105.6 -3.3
    endloop
  endfacet
  facet normal -0.573462344363329 5.034124536132222e-16 -0.81923192051904
    outer loop
      vertex 14.32 -105.6 -3.3
      vertex 14.694999998137355 -104.30000000298023 -3.562499998696148
      vertex 15.305714285714286 -104.30000000298023 -3.99
    endloop
  endfacet
  facet normal -0.5734623443633207 -9.79494154825846e-15 -0.8192319205190459
    outer loop
      vertex 14.32 -105.6 -3.3
      vertex 15.305714285714286 -104.30000000298023 -3.99
      vertex 15.32 -104.3 -4
    endloop
  endfacet
  facet normal -0.8479983040051472 0.5299989400030852 2.8829807421920744e-17
    outer loop
      vertex 15.305714285714286 -103.32285714285715 -3.99
      vertex 15.32 -103.3 -3.99
      vertex 15.32 -103.3 -4
    endloop
  endfacet
  facet normal -0.5734623443633216 0 -0.8192319205190454
    outer loop
      vertex 15.305714285714286 -103.32285714285715 -3.99
      vertex 15.32 -103.3 -4
      vertex 15.305714285714286 -104.30000000298023 -3.99
    endloop
  endfacet
  facet normal -0.5734623443633216 0 -0.8192319205190454
    outer loop
      vertex 15.32 -103.3 -4
      vertex 15.32 -104.3 -4
      vertex 15.305714285714286 -104.30000000298023 -3.99
    endloop
  endfacet
  facet normal 0 -0.5240974256643357 0.8516583167045433
    outer loop
      vertex 15.319999997707516 -104.30000000298023 -1.6000000018339873
      vertex 14.32 -105.6 -2.4000000000000004
      vertex 20.320000002292485 -104.30000000298023 -1.6000000018339873
    endloop
  endfacet
  facet normal 0 -0.5240974256643357 0.8516583167045434
    outer loop
      vertex 14.32 -105.6 -2.4000000000000004
      vertex 21.32 -105.6 -2.4000000000000004
      vertex 20.320000002292485 -104.30000000298023 -1.6000000018339873
    endloop
  endfacet
  facet normal 0 -1 0
    outer loop
      vertex 14.32 -105.6 -2.4000000000000004
      vertex 21.32 -105.6 -3.3
      vertex 21.32 -105.6 -2.4000000000000004
    endloop
  endfacet
  facet normal 0 -1 0
    outer loop
      vertex 14.32 -105.6 -2.4000000000000004
      vertex 14.32 -105.6 -3.3
      vertex 21.32 -105.6 -3.3
    endloop
  endfacet
  facet normal 1.8046509925858605e-18 -0.4740998230350183 -0.8804710999221748
    outer loop
      vertex 14.32 -105.6 -3.3
      vertex 15.32 -104.3 -4
      vertex 20.32 -104.3 -4
    endloop
  endfacet
  facet normal 0 -0.47409982303501835 -0.8804710999221748
    outer loop
      vertex 14.32 -105.6 -3.3
      vertex 20.32 -104.3 -4
      vertex 21.32 -105.6 -3.3
    endloop
  endfacet
  facet normal 0.6246950475544252 7.354732483588306e-16 0.7808688094430296
    outer loop
      vertex 20.320000002292485 -104.30000000298023 -1.6000000018339873
      vertex 21.32 -105.6 -2.4000000000000004
      vertex 20.945000001862645 -104.30000000298023 -2.100000001490117
    endloop
  endfacet
  facet normal 0.8479983040050869 0.5299989400031818 0
    outer loop
      vertex 20.945000001862645 -104.30000000298023 -2.100000001490117
      vertex 21.32 -104.89999999999999 -2.4000000000000004
      vertex 20.945000001862645 -104.30000000298023 -3.562499998696148
    endloop
  endfacet
  facet normal 0.6246950475544236 8.25655453066698e-18 0.7808688094430309
    outer loop
      vertex 20.945000001862645 -104.30000000298023 -2.100000001490117
      vertex 21.32 -105.6 -2.4000000000000004
      vertex 21.32 -104.89999999999999 -2.4000000000000004
    endloop
  endfacet
  facet normal 1 0 0
    outer loop
      vertex 21.32 -104.89999999999999 -2.4000000000000004
      vertex 21.32 -105.6 -2.4000000000000004
      vertex 21.32 -104.89999999999999 -3.3
    endloop
  endfacet
  facet normal 0.5734623443633301 2.15106981010987e-15 -0.8192319205190391
    outer loop
      vertex 20.945000001862645 -104.30000000298023 -3.562499998696148
      vertex 21.32 -104.89999999999999 -3.3
      vertex 20.334285714285716 -104.30000000298023 -3.99
    endloop
  endfacet
  facet normal 0.5734623443633292 0 -0.8192319205190397
    outer loop
      vertex 21.32 -104.89999999999999 -3.3
      vertex 21.32 -105.6 -3.3
      vertex 20.334285714285716 -104.30000000298023 -3.99
    endloop
  endfacet
  facet normal 0.5734623443632759 -6.279956809797202e-14 -0.8192319205190771
    outer loop
      vertex 21.32 -105.6 -3.3
      vertex 20.32 -104.3 -4
      vertex 20.334285714285716 -104.30000000298023 -3.99
    endloop
  endfacet
  facet normal 0.8479983040050868 0.5299989400031817 0
    outer loop
      vertex 21.32 -104.89999999999999 -2.4000000000000004
      vertex 21.32 -104.89999999999999 -3.3
      vertex 20.945000001862645 -104.30000000298023 -3.562499998696148
    endloop
  endfacet
  facet normal 1 0 0
    outer loop
      vertex 21.32 -105.6 -2.4000000000000004
      vertex 21.32 -105.6 -3.3
      vertex 21.32 -104.89999999999999 -3.3
    endloop
  endfacet
  facet normal 0 1 0
    outer loop
      vertex 15.32 -103.3 -3.99
      vertex 20.32 -103.3 -4
      vertex 15.32 -103.3 -4
    endloop
  endfacet
  facet normal 0 0 -1
    outer loop
      vertex 15.32 -103.3 -4
      vertex 20.32 -104.3 -4
      vertex 15.32 -104.3 -4
    endloop
  endfacet
  facet normal 0 1 0
    outer loop
      vertex 15.32 -103.3 -3.99
      vertex 20.32 -103.3 -3.99
      vertex 20.32 -103.3 -4
    endloop
  endfacet
  facet normal 0 0 -1
    outer loop
      vertex 15.32 -103.3 -4
      vertex 20.32 -103.3 -4
      vertex 20.32 -104.3 -4
    endloop
  endfacet
  facet normal 0.8479983040051768 0.5299989400030378 0
    outer loop
      vertex 20.32 -103.3 -3.99
      vertex 20.334285714285713 -103.32285714285715 -3.99
      vertex 20.32 -103.3 -4
    endloop
  endfacet
  facet normal 0.5734623443633694 0 -0.8192319205190117
    outer loop
      vertex 20.32 -103.3 -4
      vertex 20.334285714285713 -103.32285714285715 -3.99
      vertex 20.32 -104.3 -4
    endloop
  endfacet
  facet normal 0.5734623443632736 2.085004760552394e-15 -0.8192319205190788
    outer loop
      vertex 20.334285714285713 -103.32285714285715 -3.99
      vertex 20.334285714285716 -104.30000000298023 -3.99
      vertex 20.32 -104.3 -4
    endloop
  endfacet
  facet normal 0 0.5240974256643348 0.8516583167045437
    outer loop
      vertex 22.447999999999997 -2.6 -1.6
      vertex 27.447999999999997 -2.6 -1.6
      vertex 21.447999999999997 -1.3 -2.4000000000000004
    endloop
  endfacet
  facet normal -0.6246950475544245 -2.6675031737085715e-16 0.7808688094430299
    outer loop
      vertex 22.447999999999997 -2.6 -1.6
      vertex 21.447999999999997 -1.3 -2.4000000000000004
      vertex 21.822999999999997 -2.6 -2.1000000000000005
    endloop
  endfacet
  facet normal -0.6246950475544241 0 0.7808688094430305
    outer loop
      vertex 21.822999999999997 -2.6 -2.1000000000000005
      vertex 21.447999999999997 -1.3 -2.4000000000000004
      vertex 21.447999999999997 -2 -2.4000000000000004
    endloop
  endfacet
  facet normal -1 0 0
    outer loop
      vertex 21.447999999999997 -1.3 -2.4000000000000004
      vertex 21.447999999999997 -2 -3.3
      vertex 21.447999999999997 -2 -2.4000000000000004
    endloop
  endfacet
  facet normal -0.847998304005088 -0.5299989400031799 0
    outer loop
      vertex 21.822999999999997 -2.6 -2.1000000000000005
      vertex 21.447999999999997 -2 -2.4000000000000004
      vertex 21.822999999999997 -2.6 -3.5625
    endloop
  endfacet
  facet normal -1 0 0
    outer loop
      vertex 21.447999999999997 -1.3 -2.4000000000000004
      vertex 21.447999999999997 -1.3 -3.3
      vertex 21.447999999999997 -2 -3.3
    endloop
  endfacet
  facet normal -0.847998304005088 -0.5299989400031799 0
    outer loop
      vertex 21.447999999999997 -2 -2.4000000000000004
      vertex 21.447999999999997 -2 -3.3
      vertex 21.822999999999997 -2.6 -3.5625
    endloop
  endfacet
  facet normal -0.5734623443633279 0 -0.8192319205190408
    outer loop
      vertex 21.447999999999997 -1.3 -3.3
      vertex 22.433714285714284 -2.6 -3.99
      vertex 21.447999999999997 -2 -3.3
    endloop
  endfacet
  facet normal -0.5734623443633273 1.1169668394169928e-15 -0.8192319205190411
    outer loop
      vertex 21.447999999999997 -2 -3.3
      vertex 22.433714285714284 -2.6 -3.99
      vertex 21.822999999999997 -2.6 -3.5625
    endloop
  endfacet
  facet normal -0.5734623443633682 -4.6903769715689756e-14 -0.8192319205190125
    outer loop
      vertex 21.447999999999997 -1.3 -3.3
      vertex 22.447999999999997 -2.6 -4
      vertex 22.433714285714284 -2.6 -3.99
    endloop
  endfacet
  facet normal -0.5734623443633693 0 -0.8192319205190117
    outer loop
      vertex 22.433714285714284 -2.6 -3.99
      vertex 22.447999999999997 -2.6 -4
      vertex 22.433714285714284 -3.577142857142858 -3.99
    endloop
  endfacet
  facet normal -0.5734623443633694 0 -0.8192319205190117
    outer loop
      vertex 22.447999999999997 -2.6 -4
      vertex 22.447999999999997 -3.6 -4
      vertex 22.433714285714284 -3.577142857142858 -3.99
    endloop
  endfacet
  facet normal -0.847998304005112 -0.5299989400031414 4.8170076863166606e-17
    outer loop
      vertex 22.433714285714284 -3.577142857142858 -3.99
      vertex 22.447999999999997 -3.6 -4
      vertex 22.447999999999997 -3.6 -3.99
    endloop
  endfacet
  facet normal 0 1 0
    outer loop
      vertex 21.447999999999997 -1.3 -2.4000000000000004
      vertex 28.447999999999997 -1.3 -2.4000000000000004
      vertex 21.447999999999997 -1.3 -3.3
    endloop
  endfacet
  facet normal 9.143593314732103e-18 0.5240974256643347 0.8516583167045438
    outer loop
      vertex 27.447999999999997 -2.6 -1.6
      vertex 28.447999999999997 -1.3 -2.4000000000000004
      vertex 21.447999999999997 -1.3 -2.4000000000000004
    endloop
  endfacet
  facet normal 0 0.4740998230350176 -0.8804710999221753
    outer loop
      vertex 21.447999999999997 -1.3 -3.3
      vertex 28.447999999999997 -1.3 -3.3
      vertex 22.447999999999997 -2.6 -4
    endloop
  endfacet
  facet normal 0 1 0
    outer loop
      vertex 21.447999999999997 -1.3 -3.3
      vertex 28.447999999999997 -1.3 -2.4000000000000004
      vertex 28.447999999999997 -1.3 -3.3
    endloop
  endfacet
  facet normal 0 0.4740998230350175 -0.8804710999221752
    outer loop
      vertex 22.447999999999997 -2.6 -4
      vertex 28.447999999999997 -1.3 -3.3
      vertex 27.447999999999997 -2.6 -4
    endloop
  endfacet
  facet normal 0.6246950475544244 0 0.78086880944303
    outer loop
      vertex 27.447999999999997 -2.6 -1.6
      vertex 28.447999999999997 -2 -2.4000000000000004
      vertex 28.447999999999997 -1.3 -2.4000000000000004
    endloop
  endfacet
  facet normal 0.6246950475544246 -4.623672167761523e-16 0.78086880944303
    outer loop
      vertex 27.447999999999997 -2.6 -1.6
      vertex 28.072999999999997 -2.6 -2.1000000000000005
      vertex 28.447999999999997 -2 -2.4000000000000004
    endloop
  endfacet
  facet normal 0.847998304005088 -0.52999894000318 0
    outer loop
      vertex 28.072999999999997 -2.6 -2.1000000000000005
      vertex 28.447999999999997 -2 -3.3
      vertex 28.447999999999997 -2 -2.4000000000000004
    endloop
  endfacet
  facet normal 1 0 0
    outer loop
      vertex 28.447999999999997 -1.3 -2.4000000000000004
      vertex 28.447999999999997 -2 -2.4000000000000004
      vertex 28.447999999999997 -1.3 -3.3
    endloop
  endfacet
  facet normal 0.5734623443633683 -4.89746998821344e-14 -0.8192319205190125
    outer loop
      vertex 28.447999999999997 -1.3 -3.3
      vertex 27.46228571428571 -2.6 -3.99
      vertex 27.447999999999997 -2.6 -4
    endloop
  endfacet
  facet normal 0.847998304005088 -0.5299989400031799 0
    outer loop
      vertex 28.072999999999997 -2.6 -2.1000000000000005
      vertex 28.072999999999997 -2.6 -3.5625
      vertex 28.447999999999997 -2 -3.3
    endloop
  endfacet
  facet normal 1 0 0
    outer loop
      vertex 28.447999999999997 -2 -2.4000000000000004
      vertex 28.447999999999997 -2 -3.3
      vertex 28.447999999999997 -1.3 -3.3
    endloop
  endfacet
  facet normal 0.5734623443633287 0 -0.8192319205190403
    outer loop
      vertex 28.447999999999997 -1.3 -3.3
      vertex 28.447999999999997 -2 -3.3
      vertex 28.072999999999997 -2.6 -3.5625
    endloop
  endfacet
  facet normal 0.5734623443633274 5.243606964823515e-16 -0.8192319205190411
    outer loop
      vertex 28.447999999999997 -1.3 -3.3
      vertex 28.072999999999997 -2.6 -3.5625
      vertex 27.46228571428571 -2.6 -3.99
    endloop
  endfacet
  facet normal 0 0 -1
    outer loop
      vertex 22.447999999999997 -2.6 -4
      vertex 27.447999999999997 -3.6 -4
      vertex 22.447999999999997 -3.6 -4
    endloop
  endfacet
  facet normal 0 -1 0
    outer loop
      vertex 22.447999999999997 -3.6 -3.99
      vertex 22.447999999999997 -3.6 -4
      vertex 27.447999999999997 -3.6 -3.99
    endloop
  endfacet
  facet normal 0 0 -1
    outer loop
      vertex 22.447999999999997 -2.6 -4
      vertex 27.447999999999997 -2.6 -4
      vertex 27.447999999999997 -3.6 -4
    endloop
  endfacet
  facet normal 0 -1 0
    outer loop
      vertex 22.447999999999997 -3.6 -4
      vertex 27.447999999999997 -3.6 -4
      vertex 27.447999999999997 -3.6 -3.99
    endloop
  endfacet
  facet normal 0.5734623443633694 2.682403344772168e-19 -0.8192319205190117
    outer loop
      vertex 27.46228571428571 -2.6 -3.99
      vertex 27.447999999999997 -3.6 -4
      vertex 27.447999999999997 -2.6 -4
    endloop
  endfacet
  facet normal 0.5734623443633693 0 -0.8192319205190117
    outer loop
      vertex 27.46228571428571 -2.6 -3.99
      vertex 27.46228571428571 -3.577142857142858 -3.99
      vertex 27.447999999999997 -3.6 -4
    endloop
  endfacet
  facet normal 0.847998304005112 -0.5299989400031414 0
    outer loop
      vertex 27.447999999999997 -3.6 -3.99
      vertex 27.447999999999997 -3.6 -4
      vertex 27.46228571428571 -3.577142857142858 -3.99
    endloop
  endfacet
  facet normal 0 0.5240974256643348 0.8516583167045437
    outer loop
      vertex 31.951999999999998 -2.6 -1.6
      vertex 36.952 -2.6 -1.6
      vertex 30.951999999999998 -1.3 -2.4000000000000004
    endloop
  endfacet
  facet normal -0.6246950475544245 -2.6675031737085715e-16 0.7808688094430299
    outer loop
      vertex 31.951999999999998 -2.6 -1.6
      vertex 30.951999999999998 -1.3 -2.4000000000000004
      vertex 31.326999999999998 -2.6 -2.1000000000000005
    endloop
  endfacet
  facet normal -0.6246950475544241 0 0.7808688094430305
    outer loop
      vertex 31.326999999999998 -2.6 -2.1000000000000005
      vertex 30.951999999999998 -1.3 -2.4000000000000004
      vertex 30.951999999999998 -2 -2.4000000000000004
    endloop
  endfacet
  facet normal -1 0 0
    outer loop
      vertex 30.951999999999998 -1.3 -2.4000000000000004
      vertex 30.951999999999998 -2 -3.3
      vertex 30.951999999999998 -2 -2.4000000000000004
    endloop
  endfacet
  facet normal -0.847998304005088 -0.5299989400031799 0
    outer loop
      vertex 31.326999999999998 -2.6 -2.1000000000000005
      vertex 30.951999999999998 -2 -2.4000000000000004
      vertex 31.326999999999998 -2.6 -3.5625
    endloop
  endfacet
  facet normal -1 0 0
    outer loop
      vertex 30.951999999999998 -1.3 -2.4000000000000004
      vertex 30.951999999999998 -1.3 -3.3
      vertex 30.951999999999998 -2 -3.3
    endloop
  endfacet
  facet normal -0.847998304005088 -0.5299989400031799 0
    outer loop
      vertex 30.951999999999998 -2 -2.4000000000000004
      vertex 30.951999999999998 -2 -3.3
      vertex 31.326999999999998 -2.6 -3.5625
    endloop
  endfacet
  facet normal -0.5734623443633279 0 -0.8192319205190408
    outer loop
      vertex 30.951999999999998 -1.3 -3.3
      vertex 31.937714285714286 -2.6 -3.99
      vertex 30.951999999999998 -2 -3.3
    endloop
  endfacet
  facet normal -0.5734623443633273 1.1169668394169928e-15 -0.8192319205190411
    outer loop
      vertex 30.951999999999998 -2 -3.3
      vertex 31.937714285714286 -2.6 -3.99
      vertex 31.326999999999998 -2.6 -3.5625
    endloop
  endfacet
  facet normal -0.5734623443633682 -4.6903769715689756e-14 -0.8192319205190125
    outer loop
      vertex 30.951999999999998 -1.3 -3.3
      vertex 31.951999999999998 -2.6 -4
      vertex 31.937714285714286 -2.6 -3.99
    endloop
  endfacet
  facet normal 0 1 0
    outer loop
      vertex 30.951999999999998 -1.3 -2.4000000000000004
      vertex 37.952 -1.3 -2.4000000000000004
      vertex 30.951999999999998 -1.3 -3.3
    endloop
  endfacet
  facet normal 9.143593314732103e-18 0.5240974256643347 0.8516583167045438
    outer loop
      vertex 36.952 -2.6 -1.6
      vertex 37.952 -1.3 -2.4000000000000004
      vertex 30.951999999999998 -1.3 -2.4000000000000004
    endloop
  endfacet
  facet normal 0 0.4740998230350176 -0.8804710999221753
    outer loop
      vertex 30.951999999999998 -1.3 -3.3
      vertex 37.952 -1.3 -3.3
      vertex 31.951999999999998 -2.6 -4
    endloop
  endfacet
  facet normal 0 1 0
    outer loop
      vertex 30.951999999999998 -1.3 -3.3
      vertex 37.952 -1.3 -2.4000000000000004
      vertex 37.952 -1.3 -3.3
    endloop
  endfacet
  facet normal 0 0.4740998230350175 -0.8804710999221752
    outer loop
      vertex 31.951999999999998 -2.6 -4
      vertex 37.952 -1.3 -3.3
      vertex 36.952 -2.6 -4
    endloop
  endfacet
  facet normal -0.5734623443633693 0 -0.8192319205190117
    outer loop
      vertex 31.937714285714286 -2.6 -3.99
      vertex 31.951999999999998 -2.6 -4
      vertex 31.937714285714286 -3.577142857142858 -3.99
    endloop
  endfacet
  facet normal -0.5734623443633694 0 -0.8192319205190117
    outer loop
      vertex 31.951999999999998 -2.6 -4
      vertex 31.951999999999998 -3.6 -4
      vertex 31.937714285714286 -3.577142857142858 -3.99
    endloop
  endfacet
  facet normal -0.847998304005112 -0.5299989400031414 4.8170076863166606e-17
    outer loop
      vertex 31.937714285714286 -3.577142857142858 -3.99
      vertex 31.951999999999998 -3.6 -4
      vertex 31.951999999999998 -3.6 -3.99
    endloop
  endfacet
  facet normal 0 0 -1
    outer loop
      vertex 31.951999999999998 -2.6 -4
      vertex 36.952 -3.6 -4
      vertex 31.951999999999998 -3.6 -4
    endloop
  endfacet
  facet normal 0 -1 0
    outer loop
      vertex 31.951999999999998 -3.6 -3.99
      vertex 31.951999999999998 -3.6 -4
      vertex 36.952 -3.6 -3.99
    endloop
  endfacet
  facet normal 0 0 -1
    outer loop
      vertex 31.951999999999998 -2.6 -4
      vertex 36.952 -2.6 -4
      vertex 36.952 -3.6 -4
    endloop
  endfacet
  facet normal 0 -1 0
    outer loop
      vertex 31.951999999999998 -3.6 -4
      vertex 36.952 -3.6 -4
      vertex 36.952 -3.6 -3.99
    endloop
  endfacet
  facet normal 0.6246950475544244 0 0.78086880944303
    outer loop
      vertex 36.952 -2.6 -1.6
      vertex 37.952 -2 -2.4000000000000004
      vertex 37.952 -1.3 -2.4000000000000004
    endloop
  endfacet
  facet normal 0.6246950475544246 -4.623672167761523e-16 0.78086880944303
    outer loop
      vertex 36.952 -2.6 -1.6
      vertex 37.577 -2.6 -2.1000000000000005
      vertex 37.952 -2 -2.4000000000000004
    endloop
  endfacet
  facet normal 0.847998304005088 -0.52999894000318 0
    outer loop
      vertex 37.577 -2.6 -2.1000000000000005
      vertex 37.952 -2 -3.3
      vertex 37.952 -2 -2.4000000000000004
    endloop
  endfacet
  facet normal 1 0 0
    outer loop
      vertex 37.952 -1.3 -2.4000000000000004
      vertex 37.952 -2 -2.4000000000000004
      vertex 37.952 -1.3 -3.3
    endloop
  endfacet
  facet normal 0.847998304005088 -0.5299989400031799 0
    outer loop
      vertex 37.577 -2.6 -2.1000000000000005
      vertex 37.577 -2.6 -3.5625
      vertex 37.952 -2 -3.3
    endloop
  endfacet
  facet normal 1 0 0
    outer loop
      vertex 37.952 -2 -2.4000000000000004
      vertex 37.952 -2 -3.3
      vertex 37.952 -1.3 -3.3
    endloop
  endfacet
  facet normal 0.5734623443633287 0 -0.8192319205190403
    outer loop
      vertex 37.952 -1.3 -3.3
      vertex 37.952 -2 -3.3
      vertex 37.577 -2.6 -3.5625
    endloop
  endfacet
  facet normal 0.5734623443633683 -4.89746998821344e-14 -0.8192319205190125
    outer loop
      vertex 37.952 -1.3 -3.3
      vertex 36.96628571428571 -2.6 -3.99
      vertex 36.952 -2.6 -4
    endloop
  endfacet
  facet normal 0.5734623443633274 5.243606964823515e-16 -0.8192319205190411
    outer loop
      vertex 37.952 -1.3 -3.3
      vertex 37.577 -2.6 -3.5625
      vertex 36.96628571428571 -2.6 -3.99
    endloop
  endfacet
  facet normal 0.5734623443633694 2.682403344772168e-19 -0.8192319205190117
    outer loop
      vertex 36.96628571428571 -2.6 -3.99
      vertex 36.952 -3.6 -4
      vertex 36.952 -2.6 -4
    endloop
  endfacet
  facet normal 0.5734623443633693 0 -0.8192319205190117
    outer loop
      vertex 36.96628571428571 -2.6 -3.99
      vertex 36.96628571428571 -3.577142857142858 -3.99
      vertex 36.952 -3.6 -4
    endloop
  endfacet
  facet normal 0.847998304005112 -0.5299989400031414 0
    outer loop
      vertex 36.952 -3.6 -3.99
      vertex 36.952 -3.6 -4
      vertex 36.96628571428571 -3.577142857142858 -3.99
    endloop
  endfacet
  facet normal -1 0 0
    outer loop
      vertex 10.2 -14.288042471565586 10.137711787350053
      vertex 10.2 -13.938841915079665 10.06029588778518
      vertex 10.2 -14.642661454734602 10.184398262176156
    endloop
  endfacet
  facet normal -1 0 0
    outer loop
      vertex 10.2 -13.597717412364759 9.952739745222225
      vertex 10.2 -14.642661454734602 10.184398262176156
      vertex 10.2 -13.938841915079665 10.06029588778518
    endloop
  endfacet
  facet normal -1 0 0
    outer loop
      vertex 10.2 -13.597717412364759 9.952739745222225
      vertex 10.2 -13.267265126863133 9.815861926850264
      vertex 10.2 -12.95 9.650704155516198
    endloop
  endfacet
  facet normal -1 0 0
    outer loop
      vertex 10.2 -13.597717412364759 9.952739745222225
      vertex 10.2 -12.100862197135156 8.999137802864844
      vertex 10.2 -15.711957528434414 10.137711787350053
    endloop
  endfacet
  facet normal -1 0 0
    outer loop
      vertex 10.2 -12.648336610960712 9.458523381584866
      vertex 10.2 -12.36457080028519 9.24078221678781
      vertex 10.2 -12.100862197135156 8.999137802864844
    endloop
  endfacet
  facet normal -1 0 0
    outer loop
      vertex 10.2 -13.597717412364759 9.952739745222225
      vertex 10.2 -12.95 9.650704155516198
      vertex 10.2 -12.648336610960712 9.458523381584866
    endloop
  endfacet
  facet normal -1 0 0
    outer loop
      vertex 10.2 -13.597717412364759 9.952739745222225
      vertex 10.2 -12.648336610960712 9.458523381584866
      vertex 10.2 -12.100862197135156 8.999137802864844
    endloop
  endfacet
  facet normal 0 0.21643961393810193 0.9762960071199335
    outer loop
      vertex 10.2 -14.288042471565586 10.137711787350053
      vertex 15.2 -14.288042471565586 10.137711787350053
      vertex 10.2 -13.938841915079665 10.06029588778518
    endloop
  endfacet
  facet normal 1.066052511713839e-18 0.30070579950427373 0.9537169507482267
    outer loop
      vertex 10.2 -13.597717412364759 9.952739745222225
      vertex 10.2 -13.938841915079665 10.06029588778518
      vertex 15.2 -13.938841915079665 10.06029588778518
    endloop
  endfacet
  facet normal 0 0.3826834323650929 0.9238795325112854
    outer loop
      vertex 10.2 -13.597717412364759 9.952739745222225
      vertex 15.2 -13.597717412364759 9.952739745222225
      vertex 10.2 -13.267265126863133 9.815861926850264
    endloop
  endfacet
  facet normal 7.313458725655296e-19 0.46174861323503036 0.8870108331782236
    outer loop
      vertex 10.2 -13.267265126863133 9.815861926850264
      vertex 15.2 -12.95 9.650704155516198
      vertex 10.2 -12.95 9.650704155516198
    endloop
  endfacet
  facet normal 0 0.6087614290087205 0.7933533402912353
    outer loop
      vertex 10.2 -12.648336610960712 9.458523381584866
      vertex 15.2 -12.648336610960712 9.458523381584866
      vertex 10.2 -12.36457080028519 9.24078221678781
    endloop
  endfacet
  facet normal 1.7240342690885658e-18 0.5372996083468254 0.8433914458128847
    outer loop
      vertex 10.2 -12.648336610960712 9.458523381584866
      vertex 10.2 -12.95 9.650704155516198
      vertex 15.2 -12.95 9.650704155516198
    endloop
  endfacet
  facet normal -1 0 0
    outer loop
      vertex 10.2 -12.100862197135156 8.999137802864844
      vertex 10.2 -11.859217783212191 8.73542919971481
      vertex 10.2 -11.641476618415133 8.451663389039288
    endloop
  endfacet
  facet normal -1 0 0
    outer loop
      vertex 10.2 -12.100862197135156 8.999137802864844
      vertex 10.2 -11.641476618415133 8.451663389039288
      vertex 10.2 -11.284138073149736 7.832734873136867
    endloop
  endfacet
  facet normal -1.3027108295172809e-18 0.6755902076156609 0.7372773368101233
    outer loop
      vertex 10.2 -12.36457080028519 9.24078221678781
      vertex 15.2 -12.100862197135156 8.999137802864844
      vertex 10.2 -12.100862197135156 8.999137802864844
    endloop
  endfacet
  facet normal -3.2062080301328806e-18 0.7372773368101259 0.6755902076156584
    outer loop
      vertex 10.2 -12.100862197135156 8.999137802864844
      vertex 15.2 -11.859217783212191 8.73542919971481
      vertex 10.2 -11.859217783212191 8.73542919971481
    endloop
  endfacet
  facet normal 0 0.7933533402912328 0.6087614290087235
    outer loop
      vertex 10.2 -11.859217783212191 8.73542919971481
      vertex 15.2 -11.859217783212191 8.73542919971481
      vertex 10.2 -11.641476618415133 8.451663389039288
    endloop
  endfacet
  facet normal 1.830924998294442e-18 0.8433914458128884 0.5372996083468196
    outer loop
      vertex 10.2 -11.641476618415133 8.451663389039288
      vertex 15.2 -11.449295844483803 8.149999999999999
      vertex 10.2 -11.449295844483803 8.149999999999999
    endloop
  endfacet
  facet normal 0 0.21643961393810193 0.9762960071199335
    outer loop
      vertex 10.2 -13.938841915079665 10.06029588778518
      vertex 15.2 -14.288042471565586 10.137711787350053
      vertex 15.2 -13.938841915079665 10.06029588778518
    endloop
  endfacet
  facet normal 0 0.30070579950427373 0.9537169507482267
    outer loop
      vertex 10.2 -13.597717412364759 9.952739745222225
      vertex 15.2 -13.938841915079665 10.06029588778518
      vertex 15.2 -13.597717412364759 9.952739745222225
    endloop
  endfacet
  facet normal 0 0.3826834323650929 0.9238795325112854
    outer loop
      vertex 10.2 -13.267265126863133 9.815861926850264
      vertex 15.2 -13.597717412364759 9.952739745222225
      vertex 15.2 -13.267265126863133 9.815861926850264
    endloop
  endfacet
  facet normal 0 0.46174861323503036 0.8870108331782236
    outer loop
      vertex 10.2 -13.267265126863133 9.815861926850264
      vertex 15.2 -13.267265126863133 9.815861926850264
      vertex 15.2 -12.95 9.650704155516198
    endloop
  endfacet
  facet normal 0 0.6087614290087205 0.7933533402912353
    outer loop
      vertex 10.2 -12.36457080028519 9.24078221678781
      vertex 15.2 -12.648336610960712 9.458523381584866
      vertex 15.2 -12.36457080028519 9.24078221678781
    endloop
  endfacet
  facet normal 0 0.5372996083468254 0.8433914458128847
    outer loop
      vertex 10.2 -12.648336610960712 9.458523381584866
      vertex 15.2 -12.95 9.650704155516198
      vertex 15.2 -12.648336610960712 9.458523381584866
    endloop
  endfacet
  facet normal 1 0 0
    outer loop
      vertex 15.2 -14.288042471565586 10.137711787350053
      vertex 15.2 -14.642661454734602 10.184398262176156
      vertex 15.2 -13.938841915079665 10.06029588778518
    endloop
  endfacet
  facet normal 1 0 0
    outer loop
      vertex 15.2 -13.938841915079665 10.06029588778518
      vertex 15.2 -15.357338545265398 10.184398262176156
      vertex 15.2 -12.95 9.650704155516198
    endloop
  endfacet
  facet normal 1 0 0
    outer loop
      vertex 15.2 -13.597717412364759 9.952739745222225
      vertex 15.2 -13.938841915079665 10.06029588778518
      vertex 15.2 -12.95 9.650704155516198
    endloop
  endfacet
  facet normal 1 0 0
    outer loop
      vertex 15.2 -13.597717412364759 9.952739745222225
      vertex 15.2 -12.95 9.650704155516198
      vertex 15.2 -13.267265126863133 9.815861926850264
    endloop
  endfacet
  facet normal 1 0 0
    outer loop
      vertex 15.2 -12.648336610960712 9.458523381584866
      vertex 15.2 -12.95 9.650704155516198
      vertex 15.2 -12.36457080028519 9.24078221678781
    endloop
  endfacet
  facet normal 1 0 0
    outer loop
      vertex 15.2 -12.36457080028519 9.24078221678781
      vertex 15.2 -12.95 9.650704155516198
      vertex 15.2 -11.859217783212191 8.73542919971481
    endloop
  endfacet
  facet normal 1 0 0
    outer loop
      vertex 15.2 -12.95 9.650704155516198
      vertex 15.2 -15.357338545265398 10.184398262176156
      vertex 15.2 -11.284138073149736 7.832734873136867
    endloop
  endfacet
  facet normal 0 0.6755902076156609 0.7372773368101233
    outer loop
      vertex 10.2 -12.36457080028519 9.24078221678781
      vertex 15.2 -12.36457080028519 9.24078221678781
      vertex 15.2 -12.100862197135156 8.999137802864844
    endloop
  endfacet
  facet normal 0 0.7372773368101259 0.6755902076156584
    outer loop
      vertex 10.2 -12.100862197135156 8.999137802864844
      vertex 15.2 -12.100862197135156 8.999137802864844
      vertex 15.2 -11.859217783212191 8.73542919971481
    endloop
  endfacet
  facet normal 0 0.7933533402912328 0.6087614290087235
    outer loop
      vertex 10.2 -11.641476618415133 8.451663389039288
      vertex 15.2 -11.859217783212191 8.73542919971481
      vertex 15.2 -11.641476618415133 8.451663389039288
    endloop
  endfacet
  facet normal 0 0.8433914458128884 0.5372996083468196
    outer loop
      vertex 10.2 -11.641476618415133 8.451663389039288
      vertex 15.2 -11.641476618415133 8.451663389039288
      vertex 15.2 -11.449295844483803 8.149999999999999
    endloop
  endfacet
  facet normal 1 0 0
    outer loop
      vertex 15.2 -12.36457080028519 9.24078221678781
      vertex 15.2 -11.859217783212191 8.73542919971481
      vertex 15.2 -12.100862197135156 8.999137802864844
    endloop
  endfacet
  facet normal 1 0 0
    outer loop
      vertex 15.2 -12.95 9.650704155516198
      vertex 15.2 -11.284138073149736 7.832734873136867
      vertex 15.2 -11.859217783212191 8.73542919971481
    endloop
  endfacet
  facet normal 1 0 0
    outer loop
      vertex 15.2 -11.859217783212191 8.73542919971481
      vertex 15.2 -11.449295844483803 8.149999999999999
      vertex 15.2 -11.641476618415133 8.451663389039288
    endloop
  endfacet
  facet normal 1 0 0
    outer loop
      vertex 15.2 -11.859217783212191 8.73542919971481
      vertex 15.2 -11.284138073149736 7.832734873136867
      vertex 15.2 -11.449295844483803 8.149999999999999
    endloop
  endfacet
  facet normal 1 0 0
    outer loop
      vertex 15.2 -11.284138073149736 7.832734873136867
      vertex 15.2 -15.357338545265398 10.184398262176156
      vertex 15.2 -14.116116523516816 6.983883476483184
    endloop
  endfacet
  facet normal -1 0 0
    outer loop
      vertex 10.2 -11.641476618415133 8.451663389039288
      vertex 10.2 -11.449295844483803 8.149999999999999
      vertex 10.2 -11.284138073149736 7.832734873136867
    endloop
  endfacet
  facet normal -1 0 0
    outer loop
      vertex 10.2 -12.100862197135156 8.999137802864844
      vertex 10.2 -11.284138073149736 7.832734873136867
      vertex 10.2 -10.915601737823843 6.457338545265398
    endloop
  endfacet
  facet normal -1 0 0
    outer loop
      vertex 10.2 -12.100862197135156 8.999137802864844
      vertex 10.2 -14.116116523516816 6.983883476483184
      vertex 10.2 -14.196515487891826 7.057555553898722
    endloop
  endfacet
  facet normal -1 0 0
    outer loop
      vertex 10.2 -12.100862197135156 8.999137802864844
      vertex 10.2 -14.782939777916337 7.33100969126526
      vertex 10.2 -14.891055321565426 7.345243372614681
    endloop
  endfacet
  facet normal -1 0 0
    outer loop
      vertex 10.2 -12.100862197135156 8.999137802864844
      vertex 10.2 -14.572474820842913 7.274615775982385
      vertex 10.2 -14.676476193621848 7.307407282861335
    endloop
  endfacet
  facet normal -1 0 0
    outer loop
      vertex 10.2 -12.100862197135156 8.999137802864844
      vertex 10.2 -14.676476193621848 7.307407282861335
      vertex 10.2 -14.782939777916337 7.33100969126526
    endloop
  endfacet
  facet normal -1 0 0
    outer loop
      vertex 10.2 -12.100862197135156 8.999137802864844
      vertex 10.2 -14.471727172824126 7.232884733795812
      vertex 10.2 -14.572474820842913 7.274615775982385
    endloop
  endfacet
  facet normal -1 0 0
    outer loop
      vertex 10.2 -12.100862197135156 8.999137802864844
      vertex 10.2 -14.375 7.182531754730547
      vertex 10.2 -14.471727172824126 7.232884733795812
    endloop
  endfacet
  facet normal -1 0 0
    outer loop
      vertex 10.2 -12.100862197135156 8.999137802864844
      vertex 10.2 -14.891055321565426 7.345243372614681
      vertex 10.2 -15 7.35
    endloop
  endfacet
  facet normal -1 0 0
    outer loop
      vertex 10.2 -12.100862197135156 8.999137802864844
      vertex 10.2 -14.283029454561193 7.123940055361239
      vertex 10.2 -14.375 7.182531754730547
    endloop
  endfacet
  facet normal -1 0 0
    outer loop
      vertex 10.2 -12.100862197135156 8.999137802864844
      vertex 10.2 -14.196515487891826 7.057555553898722
      vertex 10.2 -14.283029454561193 7.123940055361239
    endloop
  endfacet
  facet normal -1 0 0
    outer loop
      vertex 10.2 -11.284138073149736 7.832734873136867
      vertex 10.2 -11.147260254777777 7.502282587635241
      vertex 10.2 -11.039704112214821 7.161158084920334
    endloop
  endfacet
  facet normal -1 0 0
    outer loop
      vertex 10.2 -12.100862197135156 8.999137802864844
      vertex 10.2 -14.042444446101278 6.903484512108173
      vertex 10.2 -14.116116523516816 6.983883476483184
    endloop
  endfacet
  facet normal -1 0 0
    outer loop
      vertex 10.2 -12.100862197135156 8.999137802864844
      vertex 10.2 -13.97605994463876 6.816970545438807
      vertex 10.2 -14.042444446101278 6.903484512108173
    endloop
  endfacet
  facet normal -1 0 0
    outer loop
      vertex 10.2 -12.100862197135156 8.999137802864844
      vertex 10.2 -13.917468245269452 6.725
      vertex 10.2 -13.97605994463876 6.816970545438807
    endloop
  endfacet
  facet normal -1 0 0
    outer loop
      vertex 10.2 -12.100862197135156 8.999137802864844
      vertex 10.2 -13.867115266204188 6.6282728271758735
      vertex 10.2 -13.917468245269452 6.725
    endloop
  endfacet
  facet normal -1 0 0
    outer loop
      vertex 10.2 -12.100862197135156 8.999137802864844
      vertex 10.2 -13.825384224017615 6.527525179157085
      vertex 10.2 -13.867115266204188 6.6282728271758735
    endloop
  endfacet
  facet normal -1 0 0
    outer loop
      vertex 10.2 -12.100862197135156 8.999137802864844
      vertex 10.2 -13.792592717138664 6.42352380637815
      vertex 10.2 -13.825384224017615 6.527525179157085
    endloop
  endfacet
  facet normal -1 0 0
    outer loop
      vertex 10.2 -12.100862197135156 8.999137802864844
      vertex 10.2 -13.76899030873474 6.317060222083662
      vertex 10.2 -13.792592717138664 6.42352380637815
    endloop
  endfacet
  facet normal -1 0 0
    outer loop
      vertex 10.2 -12.100862197135156 8.999137802864844
      vertex 10.2 -13.754756627385317 6.208944678434572
      vertex 10.2 -13.76899030873474 6.317060222083662
    endloop
  endfacet
  facet normal 0 0.8870108331782199 0.46174861323503735
    outer loop
      vertex 10.2 -11.449295844483803 8.149999999999999
      vertex 15.2 -11.449295844483803 8.149999999999999
      vertex 10.2 -11.284138073149736 7.832734873136867
    endloop
  endfacet
  facet normal -4.414145971446806e-19 0.9238795325112876 0.38268343236508784
    outer loop
      vertex 10.2 -11.284138073149736 7.832734873136867
      vertex 15.2 -11.147260254777777 7.502282587635241
      vertex 10.2 -11.147260254777777 7.502282587635241
    endloop
  endfacet
  facet normal 0 0.9537169507482267 0.30070579950427373
    outer loop
      vertex 10.2 -11.147260254777777 7.502282587635241
      vertex 15.2 -11.147260254777777 7.502282587635241
      vertex 10.2 -11.039704112214821 7.161158084920334
    endloop
  endfacet
  facet normal -1 0 0
    outer loop
      vertex 10.2 -11.039704112214821 7.161158084920334
      vertex 10.2 -10.962288212649948 6.811957528434414
      vertex 10.2 -10.915601737823843 6.457338545265398
    endloop
  endfacet
  facet normal -1 0 0
    outer loop
      vertex 10.2 -11.284138073149736 7.832734873136867
      vertex 10.2 -11.039704112214821 7.161158084920334
      vertex 10.2 -10.915601737823843 6.457338545265398
    endloop
  endfacet
  facet normal -1 0 0
    outer loop
      vertex 10.2 -12.100862197135156 8.999137802864844
      vertex 10.2 -13.75 6.1
      vertex 10.2 -13.754756627385317 6.208944678434572
    endloop
  endfacet
  facet normal -1 0 0
    outer loop
      vertex 10.2 -12.100862197135156 8.999137802864844
      vertex 10.2 -13.754756627385317 5.991055321565427
      vertex 10.2 -13.75 6.1
    endloop
  endfacet
  facet normal -1 0 0
    outer loop
      vertex 10.2 -12.100862197135156 8.999137802864844
      vertex 10.2 -13.76899030873474 5.882939777916336
      vertex 10.2 -13.754756627385317 5.991055321565427
    endloop
  endfacet
  facet normal -1 0 0
    outer loop
      vertex 10.2 -12.100862197135156 8.999137802864844
      vertex 10.2 -13.792592717138664 5.776476193621849
      vertex 10.2 -13.76899030873474 5.882939777916336
    endloop
  endfacet
  facet normal 5.857860497021996e-19 0.9762960071199335 0.21643961393810193
    outer loop
      vertex 10.2 -11.039704112214821 7.161158084920334
      vertex 15.2 -10.962288212649948 6.811957528434414
      vertex 10.2 -10.962288212649948 6.811957528434414
    endloop
  endfacet
  facet normal 0 0.9914448613738099 0.13052619222005504
    outer loop
      vertex 10.2 -10.962288212649948 6.811957528434414
      vertex 15.2 -10.962288212649948 6.811957528434414
      vertex 10.2 -10.915601737823843 6.457338545265398
    endloop
  endfacet
  facet normal 0 0.9990482215818577 0.04361938736533541
    outer loop
      vertex 10.2 -10.915601737823843 6.457338545265398
      vertex 15.2 -10.915601737823843 6.457338545265398
      vertex 10.2 -10.9 6.1
    endloop
  endfacet
  facet normal 0 0.9537169507482267 0.30070579950427373
    outer loop
      vertex 10.2 -11.039704112214821 7.161158084920334
      vertex 15.2 -11.147260254777777 7.502282587635241
      vertex 15.2 -11.039704112214821 7.161158084920334
    endloop
  endfacet
  facet normal 0 0.8870108331782199 0.46174861323503735
    outer loop
      vertex 10.2 -11.284138073149736 7.832734873136867
      vertex 15.2 -11.449295844483803 8.149999999999999
      vertex 15.2 -11.284138073149736 7.832734873136867
    endloop
  endfacet
  facet normal 0 0.9238795325112876 0.38268343236508784
    outer loop
      vertex 10.2 -11.284138073149736 7.832734873136867
      vertex 15.2 -11.284138073149736 7.832734873136867
      vertex 15.2 -11.147260254777777 7.502282587635241
    endloop
  endfacet
  facet normal 1 0 0
    outer loop
      vertex 15.2 -11.284138073149736 7.832734873136867
      vertex 15.2 -11.039704112214821 7.161158084920334
      vertex 15.2 -11.147260254777777 7.502282587635241
    endloop
  endfacet
  facet normal 1 0 0
    outer loop
      vertex 15.2 -11.284138073149736 7.832734873136867
      vertex 15.2 -14.042444446101278 6.903484512108173
      vertex 15.2 -13.97605994463876 6.816970545438807
    endloop
  endfacet
  facet normal 1 0 0
    outer loop
      vertex 15.2 -11.284138073149736 7.832734873136867
      vertex 15.2 -14.116116523516816 6.983883476483184
      vertex 15.2 -14.042444446101278 6.903484512108173
    endloop
  endfacet
  facet normal 0 0.9762960071199335 0.21643961393810193
    outer loop
      vertex 10.2 -11.039704112214821 7.161158084920334
      vertex 15.2 -11.039704112214821 7.161158084920334
      vertex 15.2 -10.962288212649948 6.811957528434414
    endloop
  endfacet
  facet normal 0 0.9914448613738099 0.13052619222005504
    outer loop
      vertex 10.2 -10.915601737823843 6.457338545265398
      vertex 15.2 -10.962288212649948 6.811957528434414
      vertex 15.2 -10.915601737823843 6.457338545265398
    endloop
  endfacet
  facet normal -1.0302165411944912e-19 0.9990482215818577 0.04361938736533541
    outer loop
      vertex 15.2 -10.915601737823843 6.457338545265398
      vertex 15.2 -10.9 6.1
      vertex 10.2 -10.9 6.1
    endloop
  endfacet
  facet normal 1 0 0
    outer loop
      vertex 15.2 -11.039704112214821 7.161158084920334
      vertex 15.2 -10.915601737823843 6.457338545265398
      vertex 15.2 -10.962288212649948 6.811957528434414
    endloop
  endfacet
  facet normal 1 0 0
    outer loop
      vertex 15.2 -11.284138073149736 7.832734873136867
      vertex 15.2 -10.915601737823843 6.457338545265398
      vertex 15.2 -11.039704112214821 7.161158084920334
    endloop
  endfacet
  facet normal 1 0 0
    outer loop
      vertex 15.2 -11.284138073149736 7.832734873136867
      vertex 15.2 -13.76899030873474 5.882939777916336
      vertex 15.2 -10.915601737823843 6.457338545265398
    endloop
  endfacet
  facet normal 1 0 0
    outer loop
      vertex 15.2 -11.284138073149736 7.832734873136867
      vertex 15.2 -13.97605994463876 6.816970545438807
      vertex 15.2 -13.917468245269452 6.725
    endloop
  endfacet
  facet normal 1 0 0
    outer loop
      vertex 15.2 -11.284138073149736 7.832734873136867
      vertex 15.2 -13.917468245269452 6.725
      vertex 15.2 -13.867115266204188 6.6282728271758735
    endloop
  endfacet
  facet normal 1 0 0
    outer loop
      vertex 15.2 -11.284138073149736 7.832734873136867
      vertex 15.2 -13.867115266204188 6.6282728271758735
      vertex 15.2 -13.825384224017615 6.527525179157085
    endloop
  endfacet
  facet normal 1 0 0
    outer loop
      vertex 15.2 -11.284138073149736 7.832734873136867
      vertex 15.2 -13.825384224017615 6.527525179157085
      vertex 15.2 -13.792592717138664 6.42352380637815
    endloop
  endfacet
  facet normal 1 0 0
    outer loop
      vertex 15.2 -11.284138073149736 7.832734873136867
      vertex 15.2 -13.792592717138664 6.42352380637815
      vertex 15.2 -13.76899030873474 6.317060222083662
    endloop
  endfacet
  facet normal 1 0 0
    outer loop
      vertex 15.2 -11.284138073149736 7.832734873136867
      vertex 15.2 -13.76899030873474 6.317060222083662
      vertex 15.2 -13.754756627385317 6.208944678434572
    endloop
  endfacet
  facet normal 1 0 0
    outer loop
      vertex 15.2 -11.284138073149736 7.832734873136867
      vertex 15.2 -13.754756627385317 6.208944678434572
      vertex 15.2 -13.75 6.1
    endloop
  endfacet
  facet normal 1 0 0
    outer loop
      vertex 15.2 -11.284138073149736 7.832734873136867
      vertex 15.2 -13.75 6.1
      vertex 15.2 -13.754756627385317 5.991055321565427
    endloop
  endfacet
  facet normal 1 0 0
    outer loop
      vertex 15.2 -11.284138073149736 7.832734873136867
      vertex 15.2 -13.754756627385317 5.991055321565427
      vertex 15.2 -13.76899030873474 5.882939777916336
    endloop
  endfacet
  facet normal -1 0 0
    outer loop
      vertex 10.2 -13.597717412364759 9.952739745222225
      vertex 10.2 -15.711957528434414 10.137711787350053
      vertex 10.2 -14.642661454734602 10.184398262176156
    endloop
  endfacet
  facet normal -1 0 0
    outer loop
      vertex 10.2 -14.642661454734602 10.184398262176156
      vertex 10.2 -15.711957528434414 10.137711787350053
      vertex 10.2 -15 10.2
    endloop
  endfacet
  facet normal -1 0 0
    outer loop
      vertex 10.2 -15 10.2
      vertex 10.2 -15.711957528434414 10.137711787350053
      vertex 10.2 -15.357338545265398 10.184398262176156
    endloop
  endfacet
  facet normal -1 0 0
    outer loop
      vertex 10.2 -15.711957528434414 10.137711787350053
      vertex 10.2 -16.732734873136867 9.815861926850264
      vertex 10.2 -16.061158084920336 10.06029588778518
    endloop
  endfacet
  facet normal -1 0 0
    outer loop
      vertex 10.2 -16.061158084920336 10.06029588778518
      vertex 10.2 -16.732734873136867 9.815861926850264
      vertex 10.2 -16.40228258763524 9.952739745222225
    endloop
  endfacet
  facet normal -1 0 0
    outer loop
      vertex 10.2 -15.711957528434414 10.137711787350053
      vertex 10.2 -17.63542919971481 9.24078221678781
      vertex 10.2 -16.732734873136867 9.815861926850264
    endloop
  endfacet
  facet normal -1 0 0
    outer loop
      vertex 10.2 -16.732734873136867 9.815861926850264
      vertex 10.2 -17.63542919971481 9.24078221678781
      vertex 10.2 -17.05 9.650704155516198
    endloop
  endfacet
  facet normal -1 0 0
    outer loop
      vertex 10.2 -17.05 9.650704155516198
      vertex 10.2 -17.63542919971481 9.24078221678781
      vertex 10.2 -17.351663389039288 9.458523381584866
    endloop
  endfacet
  facet normal 0 0.13052619222004985 0.9914448613738107
    outer loop
      vertex 10.2 -14.288042471565586 10.137711787350053
      vertex 10.2 -14.642661454734602 10.184398262176156
      vertex 15.2 -14.288042471565586 10.137711787350053
    endloop
  endfacet
  facet normal 0 0.04361938736533552 0.9990482215818577
    outer loop
      vertex 10.2 -14.642661454734602 10.184398262176156
      vertex 10.2 -15 10.2
      vertex 15.2 -14.642661454734602 10.184398262176156
    endloop
  endfacet
  facet normal 1.145744510246568e-19 -0.04361938736533552 0.9990482215818577
    outer loop
      vertex 10.2 -15 10.2
      vertex 10.2 -15.357338545265398 10.184398262176156
      vertex 15.2 -15.357338545265398 10.184398262176156
    endloop
  endfacet
  facet normal 0 -0.13052619222004985 0.9914448613738107
    outer loop
      vertex 10.2 -15.357338545265398 10.184398262176156
      vertex 10.2 -15.711957528434414 10.137711787350053
      vertex 15.2 -15.357338545265398 10.184398262176156
    endloop
  endfacet
  facet normal 6.498647377504527e-19 -0.2164396139381009 0.9762960071199338
    outer loop
      vertex 10.2 -15.711957528434414 10.137711787350053
      vertex 10.2 -16.061158084920336 10.06029588778518
      vertex 15.2 -16.061158084920336 10.06029588778518
    endloop
  endfacet
  facet normal 7.405618332190152e-19 -0.3007057995042751 0.9537169507482263
    outer loop
      vertex 10.2 -16.061158084920336 10.06029588778518
      vertex 10.2 -16.40228258763524 9.952739745222225
      vertex 15.2 -16.40228258763524 9.952739745222225
    endloop
  endfacet
  facet normal 0 -0.3826834323650929 0.9238795325112854
    outer loop
      vertex 10.2 -16.40228258763524 9.952739745222225
      vertex 10.2 -16.732734873136867 9.815861926850264
      vertex 15.2 -16.40228258763524 9.952739745222225
    endloop
  endfacet
  facet normal 0 -0.46174861323503036 0.8870108331782236
    outer loop
      vertex 10.2 -16.732734873136867 9.815861926850264
      vertex 10.2 -17.05 9.650704155516198
      vertex 15.2 -16.732734873136867 9.815861926850264
    endloop
  endfacet
  facet normal -1.7240342690885658e-18 -0.5372996083468254 0.8433914458128847
    outer loop
      vertex 10.2 -17.05 9.650704155516198
      vertex 10.2 -17.351663389039288 9.458523381584866
      vertex 15.2 -17.351663389039288 9.458523381584866
    endloop
  endfacet
  facet normal 1.896131252705347e-18 -0.6087614290087205 0.7933533402912353
    outer loop
      vertex 10.2 -17.351663389039288 9.458523381584866
      vertex 10.2 -17.63542919971481 9.24078221678781
      vertex 15.2 -17.63542919971481 9.24078221678781
    endloop
  endfacet
  facet normal -1 0 0
    outer loop
      vertex 10.2 -12.100862197135156 8.999137802864844
      vertex 10.2 -18.852739745222223 7.502282587635241
      vertex 10.2 -15.711957528434414 10.137711787350053
    endloop
  endfacet
  facet normal -1 0 0
    outer loop
      vertex 10.2 -15.711957528434414 10.137711787350053
      vertex 10.2 -18.852739745222223 7.502282587635241
      vertex 10.2 -17.63542919971481 9.24078221678781
    endloop
  endfacet
  facet normal -1 0 0
    outer loop
      vertex 10.2 -17.63542919971481 9.24078221678781
      vertex 10.2 -18.358523381584867 8.451663389039288
      vertex 10.2 -17.899137802864846 8.999137802864844
    endloop
  endfacet
  facet normal -1 0 0
    outer loop
      vertex 10.2 -17.899137802864846 8.999137802864844
      vertex 10.2 -18.358523381584867 8.451663389039288
      vertex 10.2 -18.14078221678781 8.73542919971481
    endloop
  endfacet
  facet normal -1 0 0
    outer loop
      vertex 10.2 -17.63542919971481 9.24078221678781
      vertex 10.2 -18.852739745222223 7.502282587635241
      vertex 10.2 -18.358523381584867 8.451663389039288
    endloop
  endfacet
  facet normal 7.632803731659303e-19 -0.6755902076156585 0.7372773368101256
    outer loop
      vertex 10.2 -17.63542919971481 9.24078221678781
      vertex 10.2 -17.899137802864846 8.999137802864844
      vertex 15.2 -17.899137802864846 8.999137802864844
    endloop
  endfacet
  facet normal -2.6502072738429868e-18 -0.7372773368101283 0.6755902076156555
    outer loop
      vertex 10.2 -17.899137802864846 8.999137802864844
      vertex 10.2 -18.14078221678781 8.73542919971481
      vertex 15.2 -18.14078221678781 8.73542919971481
    endloop
  endfacet
  facet normal 0 -0.7933533402912328 0.6087614290087235
    outer loop
      vertex 10.2 -18.14078221678781 8.73542919971481
      vertex 10.2 -18.358523381584867 8.451663389039288
      vertex 15.2 -18.14078221678781 8.73542919971481
    endloop
  endfacet
  facet normal 0 -0.8433914458128884 0.5372996083468196
    outer loop
      vertex 10.2 -18.358523381584867 8.451663389039288
      vertex 10.2 -18.550704155516197 8.149999999999999
      vertex 15.2 -18.358523381584867 8.451663389039288
    endloop
  endfacet
  facet normal -7.944594915300302e-19 0.13052619222004985 0.9914448613738107
    outer loop
      vertex 15.2 -14.288042471565586 10.137711787350053
      vertex 10.2 -14.642661454734602 10.184398262176156
      vertex 15.2 -14.642661454734602 10.184398262176156
    endloop
  endfacet
  facet normal 0 0.04361938736533552 0.9990482215818577
    outer loop
      vertex 10.2 -15 10.2
      vertex 15.2 -15 10.2
      vertex 15.2 -14.642661454734602 10.184398262176156
    endloop
  endfacet
  facet normal 0 -0.04361938736533552 0.9990482215818577
    outer loop
      vertex 10.2 -15 10.2
      vertex 15.2 -15.357338545265398 10.184398262176156
      vertex 15.2 -15 10.2
    endloop
  endfacet
  facet normal 0 -0.13052619222004985 0.9914448613738107
    outer loop
      vertex 10.2 -15.711957528434414 10.137711787350053
      vertex 15.2 -15.711957528434414 10.137711787350053
      vertex 15.2 -15.357338545265398 10.184398262176156
    endloop
  endfacet
  facet normal 0 -0.2164396139381009 0.9762960071199338
    outer loop
      vertex 10.2 -15.711957528434414 10.137711787350053
      vertex 15.2 -16.061158084920336 10.06029588778518
      vertex 15.2 -15.711957528434414 10.137711787350053
    endloop
  endfacet
  facet normal 0 -0.3007057995042751 0.9537169507482263
    outer loop
      vertex 10.2 -16.061158084920336 10.06029588778518
      vertex 15.2 -16.40228258763524 9.952739745222225
      vertex 15.2 -16.061158084920336 10.06029588778518
    endloop
  endfacet
  facet normal 0 -0.3826834323650929 0.9238795325112854
    outer loop
      vertex 10.2 -16.732734873136867 9.815861926850264
      vertex 15.2 -16.732734873136867 9.815861926850264
      vertex 15.2 -16.40228258763524 9.952739745222225
    endloop
  endfacet
  facet normal 0 -0.46174861323503036 0.8870108331782236
    outer loop
      vertex 10.2 -17.05 9.650704155516198
      vertex 15.2 -17.05 9.650704155516198
      vertex 15.2 -16.732734873136867 9.815861926850264
    endloop
  endfacet
  facet normal 0 -0.5372996083468254 0.8433914458128847
    outer loop
      vertex 10.2 -17.05 9.650704155516198
      vertex 15.2 -17.351663389039288 9.458523381584866
      vertex 15.2 -17.05 9.650704155516198
    endloop
  endfacet
  facet normal 0 -0.6087614290087205 0.7933533402912353
    outer loop
      vertex 10.2 -17.351663389039288 9.458523381584866
      vertex 15.2 -17.63542919971481 9.24078221678781
      vertex 15.2 -17.351663389039288 9.458523381584866
    endloop
  endfacet
  facet normal 1 0 0
    outer loop
      vertex 15.2 -13.938841915079665 10.06029588778518
      vertex 15.2 -14.642661454734602 10.184398262176156
      vertex 15.2 -15.357338545265398 10.184398262176156
    endloop
  endfacet
  facet normal 1 0 0
    outer loop
      vertex 15.2 -14.642661454734602 10.184398262176156
      vertex 15.2 -15 10.2
      vertex 15.2 -15.357338545265398 10.184398262176156
    endloop
  endfacet
  facet normal 1 0 0
    outer loop
      vertex 15.2 -15.357338545265398 10.184398262176156
      vertex 15.2 -15.711957528434414 10.137711787350053
      vertex 15.2 -16.061158084920336 10.06029588778518
    endloop
  endfacet
  facet normal 1 0 0
    outer loop
      vertex 15.2 -15.357338545265398 10.184398262176156
      vertex 15.2 -16.061158084920336 10.06029588778518
      vertex 15.2 -16.40228258763524 9.952739745222225
    endloop
  endfacet
  facet normal 1 0 0
    outer loop
      vertex 15.2 -15.357338545265398 10.184398262176156
      vertex 15.2 -16.40228258763524 9.952739745222225
      vertex 15.2 -17.351663389039288 9.458523381584866
    endloop
  endfacet
  facet normal 1 0 0
    outer loop
      vertex 15.2 -16.40228258763524 9.952739745222225
      vertex 15.2 -16.732734873136867 9.815861926850264
      vertex 15.2 -17.351663389039288 9.458523381584866
    endloop
  endfacet
  facet normal 1 0 0
    outer loop
      vertex 15.2 -16.732734873136867 9.815861926850264
      vertex 15.2 -17.05 9.650704155516198
      vertex 15.2 -17.351663389039288 9.458523381584866
    endloop
  endfacet
  facet normal 1 0 0
    outer loop
      vertex 15.2 -17.351663389039288 9.458523381584866
      vertex 15.2 -17.63542919971481 9.24078221678781
      vertex 15.2 -17.899137802864846 8.999137802864844
    endloop
  endfacet
  facet normal 0 -0.6755902076156585 0.7372773368101256
    outer loop
      vertex 10.2 -17.63542919971481 9.24078221678781
      vertex 15.2 -17.899137802864846 8.999137802864844
      vertex 15.2 -17.63542919971481 9.24078221678781
    endloop
  endfacet
  facet normal 0 -0.7372773368101283 0.6755902076156555
    outer loop
      vertex 10.2 -17.899137802864846 8.999137802864844
      vertex 15.2 -18.14078221678781 8.73542919971481
      vertex 15.2 -17.899137802864846 8.999137802864844
    endloop
  endfacet
  facet normal 0 -0.7933533402912328 0.6087614290087235
    outer loop
      vertex 10.2 -18.358523381584867 8.451663389039288
      vertex 15.2 -18.358523381584867 8.451663389039288
      vertex 15.2 -18.14078221678781 8.73542919971481
    endloop
  endfacet
  facet normal -1.830924998294442e-18 -0.8433914458128884 0.5372996083468196
    outer loop
      vertex 15.2 -18.358523381584867 8.451663389039288
      vertex 10.2 -18.550704155516197 8.149999999999999
      vertex 15.2 -18.550704155516197 8.149999999999999
    endloop
  endfacet
  facet normal 1 0 0
    outer loop
      vertex 15.2 -15.357338545265398 10.184398262176156
      vertex 15.2 -17.351663389039288 9.458523381584866
      vertex 15.2 -18.852739745222223 7.502282587635241
    endloop
  endfacet
  facet normal 1 0 0
    outer loop
      vertex 15.2 -15.357338545265398 10.184398262176156
      vertex 15.2 -14.471727172824126 7.232884733795812
      vertex 15.2 -14.375 7.182531754730547
    endloop
  endfacet
  facet normal 1 0 0
    outer loop
      vertex 15.2 -15.357338545265398 10.184398262176156
      vertex 15.2 -14.782939777916337 7.33100969126526
      vertex 15.2 -14.676476193621848 7.307407282861335
    endloop
  endfacet
  facet normal 1 0 0
    outer loop
      vertex 15.2 -15.357338545265398 10.184398262176156
      vertex 15.2 -14.676476193621848 7.307407282861335
      vertex 15.2 -14.572474820842913 7.274615775982385
    endloop
  endfacet
  facet normal 1 0 0
    outer loop
      vertex 15.2 -15.357338545265398 10.184398262176156
      vertex 15.2 -14.891055321565426 7.345243372614681
      vertex 15.2 -14.782939777916337 7.33100969126526
    endloop
  endfacet
  facet normal 1 0 0
    outer loop
      vertex 15.2 -15.357338545265398 10.184398262176156
      vertex 15.2 -15 7.35
      vertex 15.2 -14.891055321565426 7.345243372614681
    endloop
  endfacet
  facet normal 1 0 0
    outer loop
      vertex 15.2 -15.357338545265398 10.184398262176156
      vertex 15.2 -14.572474820842913 7.274615775982385
      vertex 15.2 -14.471727172824126 7.232884733795812
    endloop
  endfacet
  facet normal 1 0 0
    outer loop
      vertex 15.2 -15.357338545265398 10.184398262176156
      vertex 15.2 -15.108944678434574 7.345243372614681
      vertex 15.2 -15 7.35
    endloop
  endfacet
  facet normal 1 0 0
    outer loop
      vertex 15.2 -15.357338545265398 10.184398262176156
      vertex 15.2 -15.217060222083663 7.33100969126526
      vertex 15.2 -15.108944678434574 7.345243372614681
    endloop
  endfacet
  facet normal 1 0 0
    outer loop
      vertex 15.2 -15.357338545265398 10.184398262176156
      vertex 15.2 -15.323523806378152 7.307407282861335
      vertex 15.2 -15.217060222083663 7.33100969126526
    endloop
  endfacet
  facet normal 1 0 0
    outer loop
      vertex 15.2 -15.357338545265398 10.184398262176156
      vertex 15.2 -15.427525179157087 7.274615775982385
      vertex 15.2 -15.323523806378152 7.307407282861335
    endloop
  endfacet
  facet normal 1 0 0
    outer loop
      vertex 15.2 -15.357338545265398 10.184398262176156
      vertex 15.2 -15.528272827175874 7.232884733795812
      vertex 15.2 -15.427525179157087 7.274615775982385
    endloop
  endfacet
  facet normal 1 0 0
    outer loop
      vertex 15.2 -15.357338545265398 10.184398262176156
      vertex 15.2 -15.625 7.182531754730547
      vertex 15.2 -15.528272827175874 7.232884733795812
    endloop
  endfacet
  facet normal 1 0 0
    outer loop
      vertex 15.2 -17.351663389039288 9.458523381584866
      vertex 15.2 -17.899137802864846 8.999137802864844
      vertex 15.2 -18.358523381584867 8.451663389039288
    endloop
  endfacet
  facet normal 1 0 0
    outer loop
      vertex 15.2 -17.899137802864846 8.999137802864844
      vertex 15.2 -18.14078221678781 8.73542919971481
      vertex 15.2 -18.358523381584867 8.451663389039288
    endloop
  endfacet
  facet normal 1 0 0
    outer loop
      vertex 15.2 -17.351663389039288 9.458523381584866
      vertex 15.2 -18.358523381584867 8.451663389039288
      vertex 15.2 -18.852739745222223 7.502282587635241
    endloop
  endfacet
  facet normal -1 0 0
    outer loop
      vertex 10.2 -12.100862197135156 8.999137802864844
      vertex 10.2 -15 7.35
      vertex 10.2 -18.852739745222223 7.502282587635241
    endloop
  endfacet
  facet normal -1 0 0
    outer loop
      vertex 10.2 -18.852739745222223 7.502282587635241
      vertex 10.2 -15 7.35
      vertex 10.2 -15.108944678434574 7.345243372614681
    endloop
  endfacet
  facet normal -1 0 0
    outer loop
      vertex 10.2 -18.852739745222223 7.502282587635241
      vertex 10.2 -15.108944678434574 7.345243372614681
      vertex 10.2 -15.217060222083663 7.33100969126526
    endloop
  endfacet
  facet normal -1 0 0
    outer loop
      vertex 10.2 -18.852739745222223 7.502282587635241
      vertex 10.2 -15.217060222083663 7.33100969126526
      vertex 10.2 -15.323523806378152 7.307407282861335
    endloop
  endfacet
  facet normal -1 0 0
    outer loop
      vertex 10.2 -18.852739745222223 7.502282587635241
      vertex 10.2 -15.323523806378152 7.307407282861335
      vertex 10.2 -15.427525179157087 7.274615775982385
    endloop
  endfacet
  facet normal -1 0 0
    outer loop
      vertex 10.2 -18.852739745222223 7.502282587635241
      vertex 10.2 -15.427525179157087 7.274615775982385
      vertex 10.2 -15.528272827175874 7.232884733795812
    endloop
  endfacet
  facet normal -1 0 0
    outer loop
      vertex 10.2 -18.852739745222223 7.502282587635241
      vertex 10.2 -15.528272827175874 7.232884733795812
      vertex 10.2 -15.625 7.182531754730547
    endloop
  endfacet
  facet normal -1 0 0
    outer loop
      vertex 10.2 -18.852739745222223 7.502282587635241
      vertex 10.2 -15.625 7.182531754730547
      vertex 10.2 -15.716970545438807 7.123940055361239
    endloop
  endfacet
  facet normal -1 0 0
    outer loop
      vertex 10.2 -18.852739745222223 7.502282587635241
      vertex 10.2 -15.716970545438807 7.123940055361239
      vertex 10.2 -15.803484512108174 7.057555553898722
    endloop
  endfacet
  facet normal -1 0 0
    outer loop
      vertex 10.2 -18.852739745222223 7.502282587635241
      vertex 10.2 -15.803484512108174 7.057555553898722
      vertex 10.2 -15.883883476483184 6.983883476483184
    endloop
  endfacet
  facet normal -1 0 0
    outer loop
      vertex 10.2 -18.358523381584867 8.451663389039288
      vertex 10.2 -18.852739745222223 7.502282587635241
      vertex 10.2 -18.550704155516197 8.149999999999999
    endloop
  endfacet
  facet normal -1 0 0
    outer loop
      vertex 10.2 -18.550704155516197 8.149999999999999
      vertex 10.2 -18.852739745222223 7.502282587635241
      vertex 10.2 -18.715861926850266 7.832734873136867
    endloop
  endfacet
  facet normal 0 -0.8870108331782179 0.4617486132350413
    outer loop
      vertex 10.2 -18.550704155516197 8.149999999999999
      vertex 10.2 -18.715861926850266 7.832734873136867
      vertex 15.2 -18.550704155516197 8.149999999999999
    endloop
  endfacet
  facet normal -1.8702054816806236e-18 -0.9238795325112894 0.38268343236508356
    outer loop
      vertex 10.2 -18.715861926850266 7.832734873136867
      vertex 10.2 -18.852739745222223 7.502282587635241
      vertex 15.2 -18.852739745222223 7.502282587635241
    endloop
  endfacet
  facet normal 0 -0.9537169507482267 0.30070579950427373
    outer loop
      vertex 10.2 -18.852739745222223 7.502282587635241
      vertex 10.2 -18.96029588778518 7.161158084920334
      vertex 15.2 -18.852739745222223 7.502282587635241
    endloop
  endfacet
  facet normal -1 0 0
    outer loop
      vertex 10.2 -18.852739745222223 7.502282587635241
      vertex 10.2 -15.883883476483184 6.983883476483184
      vertex 10.2 -15.957555553898722 6.903484512108173
    endloop
  endfacet
  facet normal -1 0 0
    outer loop
      vertex 10.2 -18.852739745222223 7.502282587635241
      vertex 10.2 -15.957555553898722 6.903484512108173
      vertex 10.2 -16.02394005536124 6.816970545438807
    endloop
  endfacet
  facet normal -1 0 0
    outer loop
      vertex 10.2 -18.852739745222223 7.502282587635241
      vertex 10.2 -16.02394005536124 6.816970545438807
      vertex 10.2 -16.08253175473055 6.725
    endloop
  endfacet
  facet normal -1 0 0
    outer loop
      vertex 10.2 -18.852739745222223 7.502282587635241
      vertex 10.2 -16.08253175473055 6.725
      vertex 10.2 -16.132884733795812 6.6282728271758735
    endloop
  endfacet
  facet normal -1 0 0
    outer loop
      vertex 10.2 -18.852739745222223 7.502282587635241
      vertex 10.2 -16.132884733795812 6.6282728271758735
      vertex 10.2 -16.174615775982385 6.527525179157085
    endloop
  endfacet
  facet normal -1 0 0
    outer loop
      vertex 10.2 -18.852739745222223 7.502282587635241
      vertex 10.2 -16.174615775982385 6.527525179157085
      vertex 10.2 -16.207407282861336 6.42352380637815
    endloop
  endfacet
  facet normal -1 0 0
    outer loop
      vertex 10.2 -18.852739745222223 7.502282587635241
      vertex 10.2 -16.207407282861336 6.42352380637815
      vertex 10.2 -16.23100969126526 6.317060222083662
    endloop
  endfacet
  facet normal -1 0 0
    outer loop
      vertex 10.2 -18.852739745222223 7.502282587635241
      vertex 10.2 -16.23100969126526 6.317060222083662
      vertex 10.2 -16.24524337261468 6.208944678434572
    endloop
  endfacet
  facet normal -1 0 0
    outer loop
      vertex 10.2 -18.852739745222223 7.502282587635241
      vertex 10.2 -16.24524337261468 6.208944678434572
      vertex 10.2 -16.25 6.1
    endloop
  endfacet
  facet normal -1 0 0
    outer loop
      vertex 10.2 -18.852739745222223 7.502282587635241
      vertex 10.2 -16.25 6.1
      vertex 10.2 -16.24524337261468 5.991055321565427
    endloop
  endfacet
  facet normal -1 0 0
    outer loop
      vertex 10.2 -18.852739745222223 7.502282587635241
      vertex 10.2 -16.24524337261468 5.991055321565427
      vertex 10.2 -16.23100969126526 5.882939777916336
    endloop
  endfacet
  facet normal -1 0 0
    outer loop
      vertex 10.2 -18.852739745222223 7.502282587635241
      vertex 10.2 -16.23100969126526 5.882939777916336
      vertex 10.2 -16.207407282861336 5.776476193621849
    endloop
  endfacet
  facet normal -1 0 0
    outer loop
      vertex 10.2 -18.852739745222223 7.502282587635241
      vertex 10.2 -16.207407282861336 5.776476193621849
      vertex 10.2 -16.174615775982385 5.672474820842914
    endloop
  endfacet
  facet normal -1 0 0
    outer loop
      vertex 10.2 -18.852739745222223 7.502282587635241
      vertex 10.2 -16.174615775982385 5.672474820842914
      vertex 10.2 -16.132884733795812 5.571727172824126
    endloop
  endfacet
  facet normal -1 0 0
    outer loop
      vertex 10.2 -18.852739745222223 7.502282587635241
      vertex 10.2 -19.03771178735005 6.811957528434414
      vertex 10.2 -18.96029588778518 7.161158084920334
    endloop
  endfacet
  facet normal -1 0 0
    outer loop
      vertex 10.2 -18.852739745222223 7.502282587635241
      vertex 10.2 -19.1 6.1
      vertex 10.2 -19.03771178735005 6.811957528434414
    endloop
  endfacet
  facet normal -1 0 0
    outer loop
      vertex 10.2 -19.03771178735005 6.811957528434414
      vertex 10.2 -19.1 6.1
      vertex 10.2 -19.08439826217616 6.457338545265398
    endloop
  endfacet
  facet normal -1 0 0
    outer loop
      vertex 10.2 -18.852739745222223 7.502282587635241
      vertex 10.2 -16.132884733795812 5.571727172824126
      vertex 10.2 -19.1 6.1
    endloop
  endfacet
  facet normal -5.857860497021996e-19 -0.9762960071199335 0.21643961393810193
    outer loop
      vertex 10.2 -18.96029588778518 7.161158084920334
      vertex 10.2 -19.03771178735005 6.811957528434414
      vertex 15.2 -19.03771178735005 6.811957528434414
    endloop
  endfacet
  facet normal 0 -0.9914448613738094 0.13052619222005993
    outer loop
      vertex 10.2 -19.03771178735005 6.811957528434414
      vertex 10.2 -19.08439826217616 6.457338545265398
      vertex 15.2 -19.03771178735005 6.811957528434414
    endloop
  endfacet
  facet normal 1.0302165411944912e-19 -0.9990482215818577 0.04361938736533541
    outer loop
      vertex 10.2 -19.08439826217616 6.457338545265398
      vertex 10.2 -19.1 6.1
      vertex 15.2 -19.1 6.1
    endloop
  endfacet
  facet normal 0 -0.8870108331782179 0.4617486132350413
    outer loop
      vertex 10.2 -18.715861926850266 7.832734873136867
      vertex 15.2 -18.715861926850266 7.832734873136867
      vertex 15.2 -18.550704155516197 8.149999999999999
    endloop
  endfacet
  facet normal 0 -0.9238795325112894 0.38268343236508356
    outer loop
      vertex 10.2 -18.715861926850266 7.832734873136867
      vertex 15.2 -18.852739745222223 7.502282587635241
      vertex 15.2 -18.715861926850266 7.832734873136867
    endloop
  endfacet
  facet normal 0 -0.9537169507482267 0.30070579950427373
    outer loop
      vertex 10.2 -18.96029588778518 7.161158084920334
      vertex 15.2 -18.96029588778518 7.161158084920334
      vertex 15.2 -18.852739745222223 7.502282587635241
    endloop
  endfacet
  facet normal 1 0 0
    outer loop
      vertex 15.2 -15.357338545265398 10.184398262176156
      vertex 15.2 -14.375 7.182531754730547
      vertex 15.2 -14.283029454561193 7.123940055361239
    endloop
  endfacet
  facet normal 1 0 0
    outer loop
      vertex 15.2 -15.357338545265398 10.184398262176156
      vertex 15.2 -14.283029454561193 7.123940055361239
      vertex 15.2 -14.196515487891826 7.057555553898722
    endloop
  endfacet
  facet normal 1 0 0
    outer loop
      vertex 15.2 -15.357338545265398 10.184398262176156
      vertex 15.2 -14.196515487891826 7.057555553898722
      vertex 15.2 -14.116116523516816 6.983883476483184
    endloop
  endfacet
  facet normal 1 0 0
    outer loop
      vertex 15.2 -15.357338545265398 10.184398262176156
      vertex 15.2 -15.716970545438807 7.123940055361239
      vertex 15.2 -15.625 7.182531754730547
    endloop
  endfacet
  facet normal 1 0 0
    outer loop
      vertex 15.2 -15.357338545265398 10.184398262176156
      vertex 15.2 -15.803484512108174 7.057555553898722
      vertex 15.2 -15.716970545438807 7.123940055361239
    endloop
  endfacet
  facet normal 1 0 0
    outer loop
      vertex 15.2 -15.357338545265398 10.184398262176156
      vertex 15.2 -15.883883476483184 6.983883476483184
      vertex 15.2 -15.803484512108174 7.057555553898722
    endloop
  endfacet
  facet normal 1 0 0
    outer loop
      vertex 15.2 -15.357338545265398 10.184398262176156
      vertex 15.2 -15.957555553898722 6.903484512108173
      vertex 15.2 -15.883883476483184 6.983883476483184
    endloop
  endfacet
  facet normal 1 0 0
    outer loop
      vertex 15.2 -15.357338545265398 10.184398262176156
      vertex 15.2 -16.02394005536124 6.816970545438807
      vertex 15.2 -15.957555553898722 6.903484512108173
    endloop
  endfacet
  facet normal 1 0 0
    outer loop
      vertex 15.2 -18.358523381584867 8.451663389039288
      vertex 15.2 -18.550704155516197 8.149999999999999
      vertex 15.2 -18.852739745222223 7.502282587635241
    endloop
  endfacet
  facet normal 1 0 0
    outer loop
      vertex 15.2 -18.550704155516197 8.149999999999999
      vertex 15.2 -18.715861926850266 7.832734873136867
      vertex 15.2 -18.852739745222223 7.502282587635241
    endloop
  endfacet
  facet normal 0 -0.9762960071199335 0.21643961393810193
    outer loop
      vertex 10.2 -18.96029588778518 7.161158084920334
      vertex 15.2 -19.03771178735005 6.811957528434414
      vertex 15.2 -18.96029588778518 7.161158084920334
    endloop
  endfacet
  facet normal 0 -0.9914448613738094 0.13052619222005993
    outer loop
      vertex 10.2 -19.08439826217616 6.457338545265398
      vertex 15.2 -19.08439826217616 6.457338545265398
      vertex 15.2 -19.03771178735005 6.811957528434414
    endloop
  endfacet
  facet normal 0 -0.9990482215818577 0.04361938736533541
    outer loop
      vertex 10.2 -19.08439826217616 6.457338545265398
      vertex 15.2 -19.1 6.1
      vertex 15.2 -19.08439826217616 6.457338545265398
    endloop
  endfacet
  facet normal 1 0 0
    outer loop
      vertex 15.2 -15.357338545265398 10.184398262176156
      vertex 15.2 -19.1 2
      vertex 15.2 -16.02394005536124 6.816970545438807
    endloop
  endfacet
  facet normal 1 0 0
    outer loop
      vertex 15.2 -18.852739745222223 7.502282587635241
      vertex 15.2 -18.96029588778518 7.161158084920334
      vertex 15.2 -19.03771178735005 6.811957528434414
    endloop
  endfacet
  facet normal 1 0 0
    outer loop
      vertex 15.2 -18.852739745222223 7.502282587635241
      vertex 15.2 -19.03771178735005 6.811957528434414
      vertex 15.2 -19.1 6.1
    endloop
  endfacet
  facet normal 1 0 0
    outer loop
      vertex 15.2 -15.357338545265398 10.184398262176156
      vertex 15.2 -18.852739745222223 7.502282587635241
      vertex 15.2 -19.1 2
    endloop
  endfacet
  facet normal 1 0 0
    outer loop
      vertex 15.2 -19.03771178735005 6.811957528434414
      vertex 15.2 -19.08439826217616 6.457338545265398
      vertex 15.2 -19.1 6.1
    endloop
  endfacet
  facet normal -1 0 0
    outer loop
      vertex 10.2 -12.100862197135156 8.999137802864844
      vertex 10.2 -10.915601737823843 6.457338545265398
      vertex 10.2 -10.9 2
    endloop
  endfacet
  facet normal -1 0 0
    outer loop
      vertex 10.2 -12.100862197135156 8.999137802864844
      vertex 10.2 -10.9 2
      vertex 10.2 -13.792592717138664 5.776476193621849
    endloop
  endfacet
  facet normal -1 0 0
    outer loop
      vertex 10.2 -10.915601737823843 6.457338545265398
      vertex 10.2 -10.9 6.1
      vertex 10.2 -10.9 2
    endloop
  endfacet
  facet normal -1 0 0
    outer loop
      vertex 10.2 -10.9 2
      vertex 10.2 -13.825384224017615 5.672474820842914
      vertex 10.2 -13.792592717138664 5.776476193621849
    endloop
  endfacet
  facet normal -1 0 0
    outer loop
      vertex 10.2 -10.9 2
      vertex 10.2 -13.867115266204188 5.571727172824126
      vertex 10.2 -13.825384224017615 5.672474820842914
    endloop
  endfacet
  facet normal -1 0 0
    outer loop
      vertex 10.2 -10.9 2
      vertex 10.2 -13.917468245269452 5.475
      vertex 10.2 -13.867115266204188 5.571727172824126
    endloop
  endfacet
  facet normal -1 0 0
    outer loop
      vertex 10.2 -10.9 2
      vertex 10.2 -13.97605994463876 5.383029454561192
      vertex 10.2 -13.917468245269452 5.475
    endloop
  endfacet
  facet normal -1 0 0
    outer loop
      vertex 10.2 -10.9 2
      vertex 10.2 -14.042444446101278 5.296515487891826
      vertex 10.2 -13.97605994463876 5.383029454561192
    endloop
  endfacet
  facet normal -1 0 0
    outer loop
      vertex 10.2 -10.9 2
      vertex 10.2 -14.116116523516816 5.216116523516815
      vertex 10.2 -14.042444446101278 5.296515487891826
    endloop
  endfacet
  facet normal 1 0 0
    outer loop
      vertex 15.2 -10.915601737823843 6.457338545265398
      vertex 15.2 -13.76899030873474 5.882939777916336
      vertex 15.2 -13.792592717138664 5.776476193621849
    endloop
  endfacet
  facet normal 1 0 0
    outer loop
      vertex 15.2 -10.915601737823843 6.457338545265398
      vertex 15.2 -13.792592717138664 5.776476193621849
      vertex 15.2 -13.825384224017615 5.672474820842914
    endloop
  endfacet
  facet normal 1 0 0
    outer loop
      vertex 15.2 -10.915601737823843 6.457338545265398
      vertex 15.2 -13.825384224017615 5.672474820842914
      vertex 15.2 -13.867115266204188 5.571727172824126
    endloop
  endfacet
  facet normal 1 0 0
    outer loop
      vertex 15.2 -10.915601737823843 6.457338545265398
      vertex 15.2 -13.867115266204188 5.571727172824126
      vertex 15.2 -13.917468245269452 5.475
    endloop
  endfacet
  facet normal 1 0 0
    outer loop
      vertex 15.2 -10.915601737823843 6.457338545265398
      vertex 15.2 -13.917468245269452 5.475
      vertex 15.2 -13.97605994463876 5.383029454561192
    endloop
  endfacet
  facet normal 1 0 0
    outer loop
      vertex 15.2 -10.915601737823843 6.457338545265398
      vertex 15.2 -13.97605994463876 5.383029454561192
      vertex 15.2 -14.042444446101278 5.296515487891826
    endloop
  endfacet
  facet normal 1 0 0
    outer loop
      vertex 15.2 -10.915601737823843 6.457338545265398
      vertex 15.2 -14.042444446101278 5.296515487891826
      vertex 15.2 -14.116116523516816 5.216116523516815
    endloop
  endfacet
  facet normal 1 0 0
    outer loop
      vertex 15.2 -10.915601737823843 6.457338545265398
      vertex 15.2 -14.116116523516816 5.216116523516815
      vertex 15.2 -14.196515487891826 5.142444446101277
    endloop
  endfacet
  facet normal 1 0 0
    outer loop
      vertex 15.2 -10.915601737823843 6.457338545265398
      vertex 15.2 -14.196515487891826 5.142444446101277
      vertex 15.2 -14.283029454561193 5.07605994463876
    endloop
  endfacet
  facet normal 0 1 0
    outer loop
      vertex 10.2 -10.9 6.1
      vertex 15.2 -10.9 6.1
      vertex 15.2 -10.9 2
    endloop
  endfacet
  facet normal 1 0 0
    outer loop
      vertex 15.2 -10.915601737823843 6.457338545265398
      vertex 15.2 -19.1 2
      vertex 15.2 -10.9 6.1
    endloop
  endfacet
  facet normal -1 0 0
    outer loop
      vertex 10.2 -10.9 2
      vertex 10.2 -14.196515487891826 5.142444446101277
      vertex 10.2 -14.116116523516816 5.216116523516815
    endloop
  endfacet
  facet normal -1 0 0
    outer loop
      vertex 10.2 -10.9 2
      vertex 10.2 -14.283029454561193 5.07605994463876
      vertex 10.2 -14.196515487891826 5.142444446101277
    endloop
  endfacet
  facet normal -1 0 0
    outer loop
      vertex 10.2 -10.9 2
      vertex 10.2 -14.375 5.017468245269452
      vertex 10.2 -14.283029454561193 5.07605994463876
    endloop
  endfacet
  facet normal -1 0 0
    outer loop
      vertex 10.2 -10.9 2
      vertex 10.2 -14.471727172824126 4.967115266204187
      vertex 10.2 -14.375 5.017468245269452
    endloop
  endfacet
  facet normal -1 0 0
    outer loop
      vertex 10.2 -10.9 2
      vertex 10.2 -14.572474820842913 4.925384224017614
      vertex 10.2 -14.471727172824126 4.967115266204187
    endloop
  endfacet
  facet normal -1 0 0
    outer loop
      vertex 10.2 -10.9 2
      vertex 10.2 -14.676476193621848 4.8925927171386645
      vertex 10.2 -14.572474820842913 4.925384224017614
    endloop
  endfacet
  facet normal -1 0 0
    outer loop
      vertex 10.2 -10.9 2
      vertex 10.2 -14.782939777916337 4.868990308734739
      vertex 10.2 -14.676476193621848 4.8925927171386645
    endloop
  endfacet
  facet normal -1 0 0
    outer loop
      vertex 10.2 -10.9 2
      vertex 10.2 -15.716970545438807 5.07605994463876
      vertex 10.2 -15.625 5.017468245269452
    endloop
  endfacet
  facet normal -1 0 0
    outer loop
      vertex 10.2 -10.9 2
      vertex 10.2 -15.427525179157087 4.925384224017614
      vertex 10.2 -15.323523806378152 4.8925927171386645
    endloop
  endfacet
  facet normal -1 0 0
    outer loop
      vertex 10.2 -10.9 2
      vertex 10.2 -14.891055321565426 4.854756627385318
      vertex 10.2 -14.782939777916337 4.868990308734739
    endloop
  endfacet
  facet normal -1 0 0
    outer loop
      vertex 10.2 -10.9 2
      vertex 10.2 -15 4.85
      vertex 10.2 -14.891055321565426 4.854756627385318
    endloop
  endfacet
  facet normal -1 0 0
    outer loop
      vertex 10.2 -10.9 2
      vertex 10.2 -15.108944678434574 4.854756627385318
      vertex 10.2 -15 4.85
    endloop
  endfacet
  facet normal -1 0 0
    outer loop
      vertex 10.2 -10.9 2
      vertex 10.2 -15.323523806378152 4.8925927171386645
      vertex 10.2 -15.217060222083663 4.868990308734739
    endloop
  endfacet
  facet normal -1 0 0
    outer loop
      vertex 10.2 -10.9 2
      vertex 10.2 -15.217060222083663 4.868990308734739
      vertex 10.2 -15.108944678434574 4.854756627385318
    endloop
  endfacet
  facet normal -1 0 0
    outer loop
      vertex 10.2 -10.9 2
      vertex 10.2 -15.625 5.017468245269452
      vertex 10.2 -15.528272827175874 4.967115266204187
    endloop
  endfacet
  facet normal -1 0 0
    outer loop
      vertex 10.2 -10.9 2
      vertex 10.2 -15.528272827175874 4.967115266204187
      vertex 10.2 -15.427525179157087 4.925384224017614
    endloop
  endfacet
  facet normal 0 1 0
    outer loop
      vertex 10.2 -10.9 6.1
      vertex 15.2 -10.9 2
      vertex 10.2 -10.9 2
    endloop
  endfacet
  facet normal 1 0 0
    outer loop
      vertex 15.2 -10.9 6.1
      vertex 15.2 -19.1 2
      vertex 15.2 -10.9 2
    endloop
  endfacet
  facet normal -1 0 0
    outer loop
      vertex 10.2 -19.1 6.1
      vertex 10.2 -16.132884733795812 5.571727172824126
      vertex 10.2 -16.08253175473055 5.475
    endloop
  endfacet
  facet normal -1 0 0
    outer loop
      vertex 10.2 -19.1 6.1
      vertex 10.2 -16.08253175473055 5.475
      vertex 10.2 -16.02394005536124 5.383029454561192
    endloop
  endfacet
  facet normal -1 0 0
    outer loop
      vertex 10.2 -19.1 6.1
      vertex 10.2 -16.02394005536124 5.383029454561192
      vertex 10.2 -15.957555553898722 5.296515487891826
    endloop
  endfacet
  facet normal -1 0 0
    outer loop
      vertex 10.2 -19.1 6.1
      vertex 10.2 -15.957555553898722 5.296515487891826
      vertex 10.2 -15.883883476483184 5.216116523516815
    endloop
  endfacet
  facet normal -1 0 0
    outer loop
      vertex 10.2 -19.1 6.1
      vertex 10.2 -15.883883476483184 5.216116523516815
      vertex 10.2 -15.803484512108174 5.142444446101277
    endloop
  endfacet
  facet normal -1 0 0
    outer loop
      vertex 10.2 -19.1 6.1
      vertex 10.2 -15.803484512108174 5.142444446101277
      vertex 10.2 -15.716970545438807 5.07605994463876
    endloop
  endfacet
  facet normal -1 0 0
    outer loop
      vertex 10.2 -19.1 6.1
      vertex 10.2 -15.716970545438807 5.07605994463876
      vertex 10.2 -10.9 2
    endloop
  endfacet
  facet normal 0 -1 0
    outer loop
      vertex 10.2 -19.1 6.1
      vertex 10.2 -19.1 2
      vertex 15.2 -19.1 6.1
    endloop
  endfacet
  facet normal 1 0 0
    outer loop
      vertex 15.2 -19.1 2
      vertex 15.2 -16.08253175473055 6.725
      vertex 15.2 -16.02394005536124 6.816970545438807
    endloop
  endfacet
  facet normal 1 0 0
    outer loop
      vertex 15.2 -18.852739745222223 7.502282587635241
      vertex 15.2 -19.1 6.1
      vertex 15.2 -19.1 2
    endloop
  endfacet
  facet normal 1 0 0
    outer loop
      vertex 15.2 -19.1 2
      vertex 15.2 -16.132884733795812 6.6282728271758735
      vertex 15.2 -16.08253175473055 6.725
    endloop
  endfacet
  facet normal 1 0 0
    outer loop
      vertex 15.2 -19.1 2
      vertex 15.2 -16.174615775982385 6.527525179157085
      vertex 15.2 -16.132884733795812 6.6282728271758735
    endloop
  endfacet
  facet normal 1 0 0
    outer loop
      vertex 15.2 -19.1 2
      vertex 15.2 -16.207407282861336 6.42352380637815
      vertex 15.2 -16.174615775982385 6.527525179157085
    endloop
  endfacet
  facet normal 1 0 0
    outer loop
      vertex 15.2 -19.1 2
      vertex 15.2 -16.23100969126526 6.317060222083662
      vertex 15.2 -16.207407282861336 6.42352380637815
    endloop
  endfacet
  facet normal 1 0 0
    outer loop
      vertex 15.2 -19.1 2
      vertex 15.2 -16.24524337261468 6.208944678434572
      vertex 15.2 -16.23100969126526 6.317060222083662
    endloop
  endfacet
  facet normal 1 0 0
    outer loop
      vertex 15.2 -19.1 2
      vertex 15.2 -16.25 6.1
      vertex 15.2 -16.24524337261468 6.208944678434572
    endloop
  endfacet
  facet normal 1 0 0
    outer loop
      vertex 15.2 -19.1 2
      vertex 15.2 -16.24524337261468 5.991055321565427
      vertex 15.2 -16.25 6.1
    endloop
  endfacet
  facet normal 1 0 0
    outer loop
      vertex 15.2 -10.915601737823843 6.457338545265398
      vertex 15.2 -14.283029454561193 5.07605994463876
      vertex 15.2 -19.1 2
    endloop
  endfacet
  facet normal 1 0 0
    outer loop
      vertex 15.2 -19.1 2
      vertex 15.2 -16.207407282861336 5.776476193621849
      vertex 15.2 -16.23100969126526 5.882939777916336
    endloop
  endfacet
  facet normal 1 0 0
    outer loop
      vertex 15.2 -19.1 2
      vertex 15.2 -16.23100969126526 5.882939777916336
      vertex 15.2 -16.24524337261468 5.991055321565427
    endloop
  endfacet
  facet normal 1 0 0
    outer loop
      vertex 15.2 -19.1 2
      vertex 15.2 -16.174615775982385 5.672474820842914
      vertex 15.2 -16.207407282861336 5.776476193621849
    endloop
  endfacet
  facet normal 1 0 0
    outer loop
      vertex 15.2 -19.1 2
      vertex 15.2 -16.132884733795812 5.571727172824126
      vertex 15.2 -16.174615775982385 5.672474820842914
    endloop
  endfacet
  facet normal 1 0 0
    outer loop
      vertex 15.2 -19.1 2
      vertex 15.2 -16.08253175473055 5.475
      vertex 15.2 -16.132884733795812 5.571727172824126
    endloop
  endfacet
  facet normal 1 0 0
    outer loop
      vertex 15.2 -19.1 2
      vertex 15.2 -16.02394005536124 5.383029454561192
      vertex 15.2 -16.08253175473055 5.475
    endloop
  endfacet
  facet normal 1 0 0
    outer loop
      vertex 15.2 -19.1 2
      vertex 15.2 -15.957555553898722 5.296515487891826
      vertex 15.2 -16.02394005536124 5.383029454561192
    endloop
  endfacet
  facet normal 1 0 0
    outer loop
      vertex 15.2 -19.1 2
      vertex 15.2 -15.883883476483184 5.216116523516815
      vertex 15.2 -15.957555553898722 5.296515487891826
    endloop
  endfacet
  facet normal -1 0 0
    outer loop
      vertex 10.2 -19.1 6.1
      vertex 10.2 -10.9 2
      vertex 10.2 -19.1 2
    endloop
  endfacet
  facet normal 0 -1 0
    outer loop
      vertex 15.2 -19.1 6.1
      vertex 10.2 -19.1 2
      vertex 15.2 -19.1 2
    endloop
  endfacet
  facet normal 1 0 0
    outer loop
      vertex 15.2 -19.1 2
      vertex 15.2 -14.283029454561193 5.07605994463876
      vertex 15.2 -14.375 5.017468245269452
    endloop
  endfacet
  facet normal 1 0 0
    outer loop
      vertex 15.2 -19.1 2
      vertex 15.2 -14.375 5.017468245269452
      vertex 15.2 -14.471727172824126 4.967115266204187
    endloop
  endfacet
  facet normal 1 0 0
    outer loop
      vertex 15.2 -19.1 2
      vertex 15.2 -14.471727172824126 4.967115266204187
      vertex 15.2 -14.572474820842913 4.925384224017614
    endloop
  endfacet
  facet normal 1 0 0
    outer loop
      vertex 15.2 -19.1 2
      vertex 15.2 -14.572474820842913 4.925384224017614
      vertex 15.2 -14.676476193621848 4.8925927171386645
    endloop
  endfacet
  facet normal 1 0 0
    outer loop
      vertex 15.2 -19.1 2
      vertex 15.2 -14.676476193621848 4.8925927171386645
      vertex 15.2 -14.782939777916337 4.868990308734739
    endloop
  endfacet
  facet normal 1 0 0
    outer loop
      vertex 15.2 -19.1 2
      vertex 15.2 -14.782939777916337 4.868990308734739
      vertex 15.2 -14.891055321565426 4.854756627385318
    endloop
  endfacet
  facet normal 1 0 0
    outer loop
      vertex 15.2 -19.1 2
      vertex 15.2 -14.891055321565426 4.854756627385318
      vertex 15.2 -15 4.85
    endloop
  endfacet
  facet normal 1 0 0
    outer loop
      vertex 15.2 -19.1 2
      vertex 15.2 -15.528272827175874 4.967115266204187
      vertex 15.2 -15.625 5.017468245269452
    endloop
  endfacet
  facet normal 1 0 0
    outer loop
      vertex 15.2 -19.1 2
      vertex 15.2 -15.323523806378152 4.8925927171386645
      vertex 15.2 -15.427525179157087 4.925384224017614
    endloop
  endfacet
  facet normal 1 0 0
    outer loop
      vertex 15.2 -19.1 2
      vertex 15.2 -15.427525179157087 4.925384224017614
      vertex 15.2 -15.528272827175874 4.967115266204187
    endloop
  endfacet
  facet normal 1 0 0
    outer loop
      vertex 15.2 -19.1 2
      vertex 15.2 -15.108944678434574 4.854756627385318
      vertex 15.2 -15.217060222083663 4.868990308734739
    endloop
  endfacet
  facet normal 1 0 0
    outer loop
      vertex 15.2 -19.1 2
      vertex 15.2 -15.217060222083663 4.868990308734739
      vertex 15.2 -15.323523806378152 4.8925927171386645
    endloop
  endfacet
  facet normal 1 0 0
    outer loop
      vertex 15.2 -19.1 2
      vertex 15.2 -15 4.85
      vertex 15.2 -15.108944678434574 4.854756627385318
    endloop
  endfacet
  facet normal 1 0 0
    outer loop
      vertex 15.2 -19.1 2
      vertex 15.2 -15.803484512108174 5.142444446101277
      vertex 15.2 -15.883883476483184 5.216116523516815
    endloop
  endfacet
  facet normal 1 0 0
    outer loop
      vertex 15.2 -19.1 2
      vertex 15.2 -15.716970545438807 5.07605994463876
      vertex 15.2 -15.803484512108174 5.142444446101277
    endloop
  endfacet
  facet normal 1 0 0
    outer loop
      vertex 15.2 -19.1 2
      vertex 15.2 -15.625 5.017468245269452
      vertex 15.2 -15.716970545438807 5.07605994463876
    endloop
  endfacet
  facet normal -1 0 0
    outer loop
      vertex 44.2 -14.288042471565586 10.137711787350053
      vertex 44.2 -13.938841915079665 10.06029588778518
      vertex 44.2 -14.642661454734602 10.184398262176156
    endloop
  endfacet
  facet normal -1 0 0
    outer loop
      vertex 44.2 -13.597717412364759 9.952739745222225
      vertex 44.2 -14.642661454734602 10.184398262176156
      vertex 44.2 -13.938841915079665 10.06029588778518
    endloop
  endfacet
  facet normal -1 0 0
    outer loop
      vertex 44.2 -13.597717412364759 9.952739745222225
      vertex 44.2 -13.267265126863133 9.815861926850264
      vertex 44.2 -12.95 9.650704155516198
    endloop
  endfacet
  facet normal -1 0 0
    outer loop
      vertex 44.2 -13.597717412364759 9.952739745222225
      vertex 44.2 -12.100862197135156 8.999137802864844
      vertex 44.2 -15.711957528434414 10.137711787350053
    endloop
  endfacet
  facet normal -1 0 0
    outer loop
      vertex 44.2 -12.648336610960712 9.458523381584866
      vertex 44.2 -12.36457080028519 9.24078221678781
      vertex 44.2 -12.100862197135156 8.999137802864844
    endloop
  endfacet
  facet normal -1 0 0
    outer loop
      vertex 44.2 -13.597717412364759 9.952739745222225
      vertex 44.2 -12.95 9.650704155516198
      vertex 44.2 -12.648336610960712 9.458523381584866
    endloop
  endfacet
  facet normal -1 0 0
    outer loop
      vertex 44.2 -13.597717412364759 9.952739745222225
      vertex 44.2 -12.648336610960712 9.458523381584866
      vertex 44.2 -12.100862197135156 8.999137802864844
    endloop
  endfacet
  facet normal 0 0.21643961393810193 0.9762960071199335
    outer loop
      vertex 44.2 -14.288042471565586 10.137711787350053
      vertex 49.2 -14.288042471565586 10.137711787350053
      vertex 44.2 -13.938841915079665 10.06029588778518
    endloop
  endfacet
  facet normal 1.066052511713839e-18 0.30070579950427373 0.9537169507482267
    outer loop
      vertex 44.2 -13.597717412364759 9.952739745222225
      vertex 44.2 -13.938841915079665 10.06029588778518
      vertex 49.2 -13.938841915079665 10.06029588778518
    endloop
  endfacet
  facet normal 0 0.3826834323650929 0.9238795325112854
    outer loop
      vertex 44.2 -13.597717412364759 9.952739745222225
      vertex 49.2 -13.597717412364759 9.952739745222225
      vertex 44.2 -13.267265126863133 9.815861926850264
    endloop
  endfacet
  facet normal 7.313458725655296e-19 0.46174861323503036 0.8870108331782236
    outer loop
      vertex 44.2 -13.267265126863133 9.815861926850264
      vertex 49.2 -12.95 9.650704155516198
      vertex 44.2 -12.95 9.650704155516198
    endloop
  endfacet
  facet normal 0 0.6087614290087205 0.7933533402912353
    outer loop
      vertex 44.2 -12.648336610960712 9.458523381584866
      vertex 49.2 -12.648336610960712 9.458523381584866
      vertex 44.2 -12.36457080028519 9.24078221678781
    endloop
  endfacet
  facet normal 1.7240342690885658e-18 0.5372996083468254 0.8433914458128847
    outer loop
      vertex 44.2 -12.648336610960712 9.458523381584866
      vertex 44.2 -12.95 9.650704155516198
      vertex 49.2 -12.95 9.650704155516198
    endloop
  endfacet
  facet normal -1 0 0
    outer loop
      vertex 44.2 -12.100862197135156 8.999137802864844
      vertex 44.2 -11.859217783212191 8.73542919971481
      vertex 44.2 -11.641476618415133 8.451663389039288
    endloop
  endfacet
  facet normal -1 0 0
    outer loop
      vertex 44.2 -12.100862197135156 8.999137802864844
      vertex 44.2 -11.641476618415133 8.451663389039288
      vertex 44.2 -11.284138073149736 7.832734873136867
    endloop
  endfacet
  facet normal -1.3027108295172809e-18 0.6755902076156609 0.7372773368101233
    outer loop
      vertex 44.2 -12.36457080028519 9.24078221678781
      vertex 49.2 -12.100862197135156 8.999137802864844
      vertex 44.2 -12.100862197135156 8.999137802864844
    endloop
  endfacet
  facet normal -3.2062080301328806e-18 0.7372773368101259 0.6755902076156584
    outer loop
      vertex 44.2 -12.100862197135156 8.999137802864844
      vertex 49.2 -11.859217783212191 8.73542919971481
      vertex 44.2 -11.859217783212191 8.73542919971481
    endloop
  endfacet
  facet normal 0 0.7933533402912328 0.6087614290087235
    outer loop
      vertex 44.2 -11.859217783212191 8.73542919971481
      vertex 49.2 -11.859217783212191 8.73542919971481
      vertex 44.2 -11.641476618415133 8.451663389039288
    endloop
  endfacet
  facet normal 1.830924998294442e-18 0.8433914458128884 0.5372996083468196
    outer loop
      vertex 44.2 -11.641476618415133 8.451663389039288
      vertex 49.2 -11.449295844483803 8.149999999999999
      vertex 44.2 -11.449295844483803 8.149999999999999
    endloop
  endfacet
  facet normal 0 0.21643961393810193 0.9762960071199335
    outer loop
      vertex 44.2 -13.938841915079665 10.06029588778518
      vertex 49.2 -14.288042471565586 10.137711787350053
      vertex 49.2 -13.938841915079665 10.06029588778518
    endloop
  endfacet
  facet normal 0 0.30070579950427373 0.9537169507482267
    outer loop
      vertex 44.2 -13.597717412364759 9.952739745222225
      vertex 49.2 -13.938841915079665 10.06029588778518
      vertex 49.2 -13.597717412364759 9.952739745222225
    endloop
  endfacet
  facet normal 0 0.3826834323650929 0.9238795325112854
    outer loop
      vertex 44.2 -13.267265126863133 9.815861926850264
      vertex 49.2 -13.597717412364759 9.952739745222225
      vertex 49.2 -13.267265126863133 9.815861926850264
    endloop
  endfacet
  facet normal 0 0.46174861323503036 0.8870108331782236
    outer loop
      vertex 44.2 -13.267265126863133 9.815861926850264
      vertex 49.2 -13.267265126863133 9.815861926850264
      vertex 49.2 -12.95 9.650704155516198
    endloop
  endfacet
  facet normal 0 0.6087614290087205 0.7933533402912353
    outer loop
      vertex 44.2 -12.36457080028519 9.24078221678781
      vertex 49.2 -12.648336610960712 9.458523381584866
      vertex 49.2 -12.36457080028519 9.24078221678781
    endloop
  endfacet
  facet normal 0 0.5372996083468254 0.8433914458128847
    outer loop
      vertex 44.2 -12.648336610960712 9.458523381584866
      vertex 49.2 -12.95 9.650704155516198
      vertex 49.2 -12.648336610960712 9.458523381584866
    endloop
  endfacet
  facet normal 1 0 0
    outer loop
      vertex 49.2 -14.288042471565586 10.137711787350053
      vertex 49.2 -14.642661454734602 10.184398262176156
      vertex 49.2 -13.938841915079665 10.06029588778518
    endloop
  endfacet
  facet normal 1 0 0
    outer loop
      vertex 49.2 -13.938841915079665 10.06029588778518
      vertex 49.2 -15.357338545265398 10.184398262176156
      vertex 49.2 -12.95 9.650704155516198
    endloop
  endfacet
  facet normal 1 0 0
    outer loop
      vertex 49.2 -13.597717412364759 9.952739745222225
      vertex 49.2 -13.938841915079665 10.06029588778518
      vertex 49.2 -12.95 9.650704155516198
    endloop
  endfacet
  facet normal 1 0 0
    outer loop
      vertex 49.2 -13.597717412364759 9.952739745222225
      vertex 49.2 -12.95 9.650704155516198
      vertex 49.2 -13.267265126863133 9.815861926850264
    endloop
  endfacet
  facet normal 1 0 0
    outer loop
      vertex 49.2 -12.648336610960712 9.458523381584866
      vertex 49.2 -12.95 9.650704155516198
      vertex 49.2 -12.36457080028519 9.24078221678781
    endloop
  endfacet
  facet normal 1 0 0
    outer loop
      vertex 49.2 -12.36457080028519 9.24078221678781
      vertex 49.2 -12.95 9.650704155516198
      vertex 49.2 -11.859217783212191 8.73542919971481
    endloop
  endfacet
  facet normal 1 0 0
    outer loop
      vertex 49.2 -12.95 9.650704155516198
      vertex 49.2 -15.357338545265398 10.184398262176156
      vertex 49.2 -11.284138073149736 7.832734873136867
    endloop
  endfacet
  facet normal 0 0.6755902076156609 0.7372773368101233
    outer loop
      vertex 44.2 -12.36457080028519 9.24078221678781
      vertex 49.2 -12.36457080028519 9.24078221678781
      vertex 49.2 -12.100862197135156 8.999137802864844
    endloop
  endfacet
  facet normal 0 0.7372773368101259 0.6755902076156584
    outer loop
      vertex 44.2 -12.100862197135156 8.999137802864844
      vertex 49.2 -12.100862197135156 8.999137802864844
      vertex 49.2 -11.859217783212191 8.73542919971481
    endloop
  endfacet
  facet normal 0 0.7933533402912328 0.6087614290087235
    outer loop
      vertex 44.2 -11.641476618415133 8.451663389039288
      vertex 49.2 -11.859217783212191 8.73542919971481
      vertex 49.2 -11.641476618415133 8.451663389039288
    endloop
  endfacet
  facet normal 0 0.8433914458128884 0.5372996083468196
    outer loop
      vertex 44.2 -11.641476618415133 8.451663389039288
      vertex 49.2 -11.641476618415133 8.451663389039288
      vertex 49.2 -11.449295844483803 8.149999999999999
    endloop
  endfacet
  facet normal 1 0 0
    outer loop
      vertex 49.2 -12.36457080028519 9.24078221678781
      vertex 49.2 -11.859217783212191 8.73542919971481
      vertex 49.2 -12.100862197135156 8.999137802864844
    endloop
  endfacet
  facet normal 1 0 0
    outer loop
      vertex 49.2 -12.95 9.650704155516198
      vertex 49.2 -11.284138073149736 7.832734873136867
      vertex 49.2 -11.859217783212191 8.73542919971481
    endloop
  endfacet
  facet normal 1 0 0
    outer loop
      vertex 49.2 -11.859217783212191 8.73542919971481
      vertex 49.2 -11.449295844483803 8.149999999999999
      vertex 49.2 -11.641476618415133 8.451663389039288
    endloop
  endfacet
  facet normal 1 0 0
    outer loop
      vertex 49.2 -11.859217783212191 8.73542919971481
      vertex 49.2 -11.284138073149736 7.832734873136867
      vertex 49.2 -11.449295844483803 8.149999999999999
    endloop
  endfacet
  facet normal 1 0 0
    outer loop
      vertex 49.2 -11.284138073149736 7.832734873136867
      vertex 49.2 -15.357338545265398 10.184398262176156
      vertex 49.2 -14.116116523516816 6.983883476483184
    endloop
  endfacet
  facet normal -1 0 0
    outer loop
      vertex 44.2 -11.641476618415133 8.451663389039288
      vertex 44.2 -11.449295844483803 8.149999999999999
      vertex 44.2 -11.284138073149736 7.832734873136867
    endloop
  endfacet
  facet normal -1 0 0
    outer loop
      vertex 44.2 -12.100862197135156 8.999137802864844
      vertex 44.2 -11.284138073149736 7.832734873136867
      vertex 44.2 -10.915601737823843 6.457338545265398
    endloop
  endfacet
  facet normal -1 0 0
    outer loop
      vertex 44.2 -12.100862197135156 8.999137802864844
      vertex 44.2 -14.116116523516816 6.983883476483184
      vertex 44.2 -14.196515487891826 7.057555553898722
    endloop
  endfacet
  facet normal -1 0 0
    outer loop
      vertex 44.2 -12.100862197135156 8.999137802864844
      vertex 44.2 -14.782939777916337 7.33100969126526
      vertex 44.2 -14.891055321565426 7.345243372614681
    endloop
  endfacet
  facet normal -1 0 0
    outer loop
      vertex 44.2 -12.100862197135156 8.999137802864844
      vertex 44.2 -14.572474820842913 7.274615775982385
      vertex 44.2 -14.676476193621848 7.307407282861335
    endloop
  endfacet
  facet normal -1 0 0
    outer loop
      vertex 44.2 -12.100862197135156 8.999137802864844
      vertex 44.2 -14.676476193621848 7.307407282861335
      vertex 44.2 -14.782939777916337 7.33100969126526
    endloop
  endfacet
  facet normal -1 0 0
    outer loop
      vertex 44.2 -12.100862197135156 8.999137802864844
      vertex 44.2 -14.471727172824126 7.232884733795812
      vertex 44.2 -14.572474820842913 7.274615775982385
    endloop
  endfacet
  facet normal -1 0 0
    outer loop
      vertex 44.2 -12.100862197135156 8.999137802864844
      vertex 44.2 -14.375 7.182531754730547
      vertex 44.2 -14.471727172824126 7.232884733795812
    endloop
  endfacet
  facet normal -1 0 0
    outer loop
      vertex 44.2 -12.100862197135156 8.999137802864844
      vertex 44.2 -14.891055321565426 7.345243372614681
      vertex 44.2 -15 7.35
    endloop
  endfacet
  facet normal -1 0 0
    outer loop
      vertex 44.2 -12.100862197135156 8.999137802864844
      vertex 44.2 -14.283029454561193 7.123940055361239
      vertex 44.2 -14.375 7.182531754730547
    endloop
  endfacet
  facet normal -1 0 0
    outer loop
      vertex 44.2 -12.100862197135156 8.999137802864844
      vertex 44.2 -14.196515487891826 7.057555553898722
      vertex 44.2 -14.283029454561193 7.123940055361239
    endloop
  endfacet
  facet normal -1 0 0
    outer loop
      vertex 44.2 -11.284138073149736 7.832734873136867
      vertex 44.2 -11.147260254777777 7.502282587635241
      vertex 44.2 -11.039704112214821 7.161158084920334
    endloop
  endfacet
  facet normal -1 0 0
    outer loop
      vertex 44.2 -12.100862197135156 8.999137802864844
      vertex 44.2 -14.042444446101278 6.903484512108173
      vertex 44.2 -14.116116523516816 6.983883476483184
    endloop
  endfacet
  facet normal -1 0 0
    outer loop
      vertex 44.2 -12.100862197135156 8.999137802864844
      vertex 44.2 -13.97605994463876 6.816970545438807
      vertex 44.2 -14.042444446101278 6.903484512108173
    endloop
  endfacet
  facet normal -1 0 0
    outer loop
      vertex 44.2 -12.100862197135156 8.999137802864844
      vertex 44.2 -13.917468245269452 6.725
      vertex 44.2 -13.97605994463876 6.816970545438807
    endloop
  endfacet
  facet normal -1 0 0
    outer loop
      vertex 44.2 -12.100862197135156 8.999137802864844
      vertex 44.2 -13.867115266204188 6.6282728271758735
      vertex 44.2 -13.917468245269452 6.725
    endloop
  endfacet
  facet normal -1 0 0
    outer loop
      vertex 44.2 -12.100862197135156 8.999137802864844
      vertex 44.2 -13.825384224017615 6.527525179157085
      vertex 44.2 -13.867115266204188 6.6282728271758735
    endloop
  endfacet
  facet normal -1 0 0
    outer loop
      vertex 44.2 -12.100862197135156 8.999137802864844
      vertex 44.2 -13.792592717138664 6.42352380637815
      vertex 44.2 -13.825384224017615 6.527525179157085
    endloop
  endfacet
  facet normal -1 0 0
    outer loop
      vertex 44.2 -12.100862197135156 8.999137802864844
      vertex 44.2 -13.76899030873474 6.317060222083662
      vertex 44.2 -13.792592717138664 6.42352380637815
    endloop
  endfacet
  facet normal -1 0 0
    outer loop
      vertex 44.2 -12.100862197135156 8.999137802864844
      vertex 44.2 -13.754756627385317 6.208944678434572
      vertex 44.2 -13.76899030873474 6.317060222083662
    endloop
  endfacet
  facet normal 0 0.8870108331782199 0.46174861323503735
    outer loop
      vertex 44.2 -11.449295844483803 8.149999999999999
      vertex 49.2 -11.449295844483803 8.149999999999999
      vertex 44.2 -11.284138073149736 7.832734873136867
    endloop
  endfacet
  facet normal -4.414145971446806e-19 0.9238795325112876 0.38268343236508784
    outer loop
      vertex 44.2 -11.284138073149736 7.832734873136867
      vertex 49.2 -11.147260254777777 7.502282587635241
      vertex 44.2 -11.147260254777777 7.502282587635241
    endloop
  endfacet
  facet normal 0 0.9537169507482267 0.30070579950427373
    outer loop
      vertex 44.2 -11.147260254777777 7.502282587635241
      vertex 49.2 -11.147260254777777 7.502282587635241
      vertex 44.2 -11.039704112214821 7.161158084920334
    endloop
  endfacet
  facet normal -1 0 0
    outer loop
      vertex 44.2 -11.039704112214821 7.161158084920334
      vertex 44.2 -10.962288212649948 6.811957528434414
      vertex 44.2 -10.915601737823843 6.457338545265398
    endloop
  endfacet
  facet normal -1 0 0
    outer loop
      vertex 44.2 -11.284138073149736 7.832734873136867
      vertex 44.2 -11.039704112214821 7.161158084920334
      vertex 44.2 -10.915601737823843 6.457338545265398
    endloop
  endfacet
  facet normal -1 0 0
    outer loop
      vertex 44.2 -12.100862197135156 8.999137802864844
      vertex 44.2 -13.75 6.1
      vertex 44.2 -13.754756627385317 6.208944678434572
    endloop
  endfacet
  facet normal -1 0 0
    outer loop
      vertex 44.2 -12.100862197135156 8.999137802864844
      vertex 44.2 -13.754756627385317 5.991055321565427
      vertex 44.2 -13.75 6.1
    endloop
  endfacet
  facet normal -1 0 0
    outer loop
      vertex 44.2 -12.100862197135156 8.999137802864844
      vertex 44.2 -13.76899030873474 5.882939777916336
      vertex 44.2 -13.754756627385317 5.991055321565427
    endloop
  endfacet
  facet normal -1 0 0
    outer loop
      vertex 44.2 -12.100862197135156 8.999137802864844
      vertex 44.2 -13.792592717138664 5.776476193621849
      vertex 44.2 -13.76899030873474 5.882939777916336
    endloop
  endfacet
  facet normal 5.857860497021996e-19 0.9762960071199335 0.21643961393810193
    outer loop
      vertex 44.2 -11.039704112214821 7.161158084920334
      vertex 49.2 -10.962288212649948 6.811957528434414
      vertex 44.2 -10.962288212649948 6.811957528434414
    endloop
  endfacet
  facet normal 0 0.9914448613738099 0.13052619222005504
    outer loop
      vertex 44.2 -10.962288212649948 6.811957528434414
      vertex 49.2 -10.962288212649948 6.811957528434414
      vertex 44.2 -10.915601737823843 6.457338545265398
    endloop
  endfacet
  facet normal 0 0.9990482215818577 0.04361938736533541
    outer loop
      vertex 44.2 -10.915601737823843 6.457338545265398
      vertex 49.2 -10.915601737823843 6.457338545265398
      vertex 44.2 -10.9 6.1
    endloop
  endfacet
  facet normal 0 0.9537169507482267 0.30070579950427373
    outer loop
      vertex 44.2 -11.039704112214821 7.161158084920334
      vertex 49.2 -11.147260254777777 7.502282587635241
      vertex 49.2 -11.039704112214821 7.161158084920334
    endloop
  endfacet
  facet normal 0 0.8870108331782199 0.46174861323503735
    outer loop
      vertex 44.2 -11.284138073149736 7.832734873136867
      vertex 49.2 -11.449295844483803 8.149999999999999
      vertex 49.2 -11.284138073149736 7.832734873136867
    endloop
  endfacet
  facet normal 0 0.9238795325112876 0.38268343236508784
    outer loop
      vertex 44.2 -11.284138073149736 7.832734873136867
      vertex 49.2 -11.284138073149736 7.832734873136867
      vertex 49.2 -11.147260254777777 7.502282587635241
    endloop
  endfacet
  facet normal 1 0 0
    outer loop
      vertex 49.2 -11.284138073149736 7.832734873136867
      vertex 49.2 -11.039704112214821 7.161158084920334
      vertex 49.2 -11.147260254777777 7.502282587635241
    endloop
  endfacet
  facet normal 1 0 0
    outer loop
      vertex 49.2 -11.284138073149736 7.832734873136867
      vertex 49.2 -14.042444446101278 6.903484512108173
      vertex 49.2 -13.97605994463876 6.816970545438807
    endloop
  endfacet
  facet normal 1 0 0
    outer loop
      vertex 49.2 -11.284138073149736 7.832734873136867
      vertex 49.2 -14.116116523516816 6.983883476483184
      vertex 49.2 -14.042444446101278 6.903484512108173
    endloop
  endfacet
  facet normal 0 0.9762960071199335 0.21643961393810193
    outer loop
      vertex 44.2 -11.039704112214821 7.161158084920334
      vertex 49.2 -11.039704112214821 7.161158084920334
      vertex 49.2 -10.962288212649948 6.811957528434414
    endloop
  endfacet
  facet normal 0 0.9914448613738099 0.13052619222005504
    outer loop
      vertex 44.2 -10.915601737823843 6.457338545265398
      vertex 49.2 -10.962288212649948 6.811957528434414
      vertex 49.2 -10.915601737823843 6.457338545265398
    endloop
  endfacet
  facet normal -1.0302165411944912e-19 0.9990482215818577 0.04361938736533541
    outer loop
      vertex 49.2 -10.915601737823843 6.457338545265398
      vertex 49.2 -10.9 6.1
      vertex 44.2 -10.9 6.1
    endloop
  endfacet
  facet normal 1 0 0
    outer loop
      vertex 49.2 -11.039704112214821 7.161158084920334
      vertex 49.2 -10.915601737823843 6.457338545265398
      vertex 49.2 -10.962288212649948 6.811957528434414
    endloop
  endfacet
  facet normal 1 0 0
    outer loop
      vertex 49.2 -11.284138073149736 7.832734873136867
      vertex 49.2 -10.915601737823843 6.457338545265398
      vertex 49.2 -11.039704112214821 7.161158084920334
    endloop
  endfacet
  facet normal 1 0 0
    outer loop
      vertex 49.2 -11.284138073149736 7.832734873136867
      vertex 49.2 -13.76899030873474 5.882939777916336
      vertex 49.2 -10.915601737823843 6.457338545265398
    endloop
  endfacet
  facet normal 1 0 0
    outer loop
      vertex 49.2 -11.284138073149736 7.832734873136867
      vertex 49.2 -13.97605994463876 6.816970545438807
      vertex 49.2 -13.917468245269452 6.725
    endloop
  endfacet
  facet normal 1 0 0
    outer loop
      vertex 49.2 -11.284138073149736 7.832734873136867
      vertex 49.2 -13.917468245269452 6.725
      vertex 49.2 -13.867115266204188 6.6282728271758735
    endloop
  endfacet
  facet normal 1 0 0
    outer loop
      vertex 49.2 -11.284138073149736 7.832734873136867
      vertex 49.2 -13.867115266204188 6.6282728271758735
      vertex 49.2 -13.825384224017615 6.527525179157085
    endloop
  endfacet
  facet normal 1 0 0
    outer loop
      vertex 49.2 -11.284138073149736 7.832734873136867
      vertex 49.2 -13.825384224017615 6.527525179157085
      vertex 49.2 -13.792592717138664 6.42352380637815
    endloop
  endfacet
  facet normal 1 0 0
    outer loop
      vertex 49.2 -11.284138073149736 7.832734873136867
      vertex 49.2 -13.792592717138664 6.42352380637815
      vertex 49.2 -13.76899030873474 6.317060222083662
    endloop
  endfacet
  facet normal 1 0 0
    outer loop
      vertex 49.2 -11.284138073149736 7.832734873136867
      vertex 49.2 -13.76899030873474 6.317060222083662
      vertex 49.2 -13.754756627385317 6.208944678434572
    endloop
  endfacet
  facet normal 1 0 0
    outer loop
      vertex 49.2 -11.284138073149736 7.832734873136867
      vertex 49.2 -13.754756627385317 6.208944678434572
      vertex 49.2 -13.75 6.1
    endloop
  endfacet
  facet normal 1 0 0
    outer loop
      vertex 49.2 -11.284138073149736 7.832734873136867
      vertex 49.2 -13.75 6.1
      vertex 49.2 -13.754756627385317 5.991055321565427
    endloop
  endfacet
  facet normal 1 0 0
    outer loop
      vertex 49.2 -11.284138073149736 7.832734873136867
      vertex 49.2 -13.754756627385317 5.991055321565427
      vertex 49.2 -13.76899030873474 5.882939777916336
    endloop
  endfacet
  facet normal -1 0 0
    outer loop
      vertex 44.2 -13.597717412364759 9.952739745222225
      vertex 44.2 -15.711957528434414 10.137711787350053
      vertex 44.2 -14.642661454734602 10.184398262176156
    endloop
  endfacet
  facet normal -1 0 0
    outer loop
      vertex 44.2 -14.642661454734602 10.184398262176156
      vertex 44.2 -15.711957528434414 10.137711787350053
      vertex 44.2 -15 10.2
    endloop
  endfacet
  facet normal -1 0 0
    outer loop
      vertex 44.2 -15 10.2
      vertex 44.2 -15.711957528434414 10.137711787350053
      vertex 44.2 -15.357338545265398 10.184398262176156
    endloop
  endfacet
  facet normal -1 0 0
    outer loop
      vertex 44.2 -15.711957528434414 10.137711787350053
      vertex 44.2 -16.732734873136867 9.815861926850264
      vertex 44.2 -16.061158084920336 10.06029588778518
    endloop
  endfacet
  facet normal -1 0 0
    outer loop
      vertex 44.2 -16.061158084920336 10.06029588778518
      vertex 44.2 -16.732734873136867 9.815861926850264
      vertex 44.2 -16.40228258763524 9.952739745222225
    endloop
  endfacet
  facet normal -1 0 0
    outer loop
      vertex 44.2 -15.711957528434414 10.137711787350053
      vertex 44.2 -17.63542919971481 9.24078221678781
      vertex 44.2 -16.732734873136867 9.815861926850264
    endloop
  endfacet
  facet normal -1 0 0
    outer loop
      vertex 44.2 -16.732734873136867 9.815861926850264
      vertex 44.2 -17.63542919971481 9.24078221678781
      vertex 44.2 -17.05 9.650704155516198
    endloop
  endfacet
  facet normal -1 0 0
    outer loop
      vertex 44.2 -17.05 9.650704155516198
      vertex 44.2 -17.63542919971481 9.24078221678781
      vertex 44.2 -17.351663389039288 9.458523381584866
    endloop
  endfacet
  facet normal 0 0.13052619222004985 0.9914448613738107
    outer loop
      vertex 44.2 -14.288042471565586 10.137711787350053
      vertex 44.2 -14.642661454734602 10.184398262176156
      vertex 49.2 -14.288042471565586 10.137711787350053
    endloop
  endfacet
  facet normal 0 0.04361938736533552 0.9990482215818577
    outer loop
      vertex 44.2 -14.642661454734602 10.184398262176156
      vertex 44.2 -15 10.2
      vertex 49.2 -14.642661454734602 10.184398262176156
    endloop
  endfacet
  facet normal 1.145744510246568e-19 -0.04361938736533552 0.9990482215818577
    outer loop
      vertex 44.2 -15 10.2
      vertex 44.2 -15.357338545265398 10.184398262176156
      vertex 49.2 -15.357338545265398 10.184398262176156
    endloop
  endfacet
  facet normal 0 -0.13052619222004985 0.9914448613738107
    outer loop
      vertex 44.2 -15.357338545265398 10.184398262176156
      vertex 44.2 -15.711957528434414 10.137711787350053
      vertex 49.2 -15.357338545265398 10.184398262176156
    endloop
  endfacet
  facet normal 6.498647377504527e-19 -0.2164396139381009 0.9762960071199338
    outer loop
      vertex 44.2 -15.711957528434414 10.137711787350053
      vertex 44.2 -16.061158084920336 10.06029588778518
      vertex 49.2 -16.061158084920336 10.06029588778518
    endloop
  endfacet
  facet normal 7.405618332190152e-19 -0.3007057995042751 0.9537169507482263
    outer loop
      vertex 44.2 -16.061158084920336 10.06029588778518
      vertex 44.2 -16.40228258763524 9.952739745222225
      vertex 49.2 -16.40228258763524 9.952739745222225
    endloop
  endfacet
  facet normal 0 -0.3826834323650929 0.9238795325112854
    outer loop
      vertex 44.2 -16.40228258763524 9.952739745222225
      vertex 44.2 -16.732734873136867 9.815861926850264
      vertex 49.2 -16.40228258763524 9.952739745222225
    endloop
  endfacet
  facet normal 0 -0.46174861323503036 0.8870108331782236
    outer loop
      vertex 44.2 -16.732734873136867 9.815861926850264
      vertex 44.2 -17.05 9.650704155516198
      vertex 49.2 -16.732734873136867 9.815861926850264
    endloop
  endfacet
  facet normal -1.7240342690885658e-18 -0.5372996083468254 0.8433914458128847
    outer loop
      vertex 44.2 -17.05 9.650704155516198
      vertex 44.2 -17.351663389039288 9.458523381584866
      vertex 49.2 -17.351663389039288 9.458523381584866
    endloop
  endfacet
  facet normal 1.896131252705347e-18 -0.6087614290087205 0.7933533402912353
    outer loop
      vertex 44.2 -17.351663389039288 9.458523381584866
      vertex 44.2 -17.63542919971481 9.24078221678781
      vertex 49.2 -17.63542919971481 9.24078221678781
    endloop
  endfacet
  facet normal -1 0 0
    outer loop
      vertex 44.2 -12.100862197135156 8.999137802864844
      vertex 44.2 -18.852739745222223 7.502282587635241
      vertex 44.2 -15.711957528434414 10.137711787350053
    endloop
  endfacet
  facet normal -1 0 0
    outer loop
      vertex 44.2 -15.711957528434414 10.137711787350053
      vertex 44.2 -18.852739745222223 7.502282587635241
      vertex 44.2 -17.63542919971481 9.24078221678781
    endloop
  endfacet
  facet normal -1 0 0
    outer loop
      vertex 44.2 -17.63542919971481 9.24078221678781
      vertex 44.2 -18.358523381584867 8.451663389039288
      vertex 44.2 -17.899137802864846 8.999137802864844
    endloop
  endfacet
  facet normal -1 0 0
    outer loop
      vertex 44.2 -17.899137802864846 8.999137802864844
      vertex 44.2 -18.358523381584867 8.451663389039288
      vertex 44.2 -18.14078221678781 8.73542919971481
    endloop
  endfacet
  facet normal -1 0 0
    outer loop
      vertex 44.2 -17.63542919971481 9.24078221678781
      vertex 44.2 -18.852739745222223 7.502282587635241
      vertex 44.2 -18.358523381584867 8.451663389039288
    endloop
  endfacet
  facet normal 7.632803731659303e-19 -0.6755902076156585 0.7372773368101256
    outer loop
      vertex 44.2 -17.63542919971481 9.24078221678781
      vertex 44.2 -17.899137802864846 8.999137802864844
      vertex 49.2 -17.899137802864846 8.999137802864844
    endloop
  endfacet
  facet normal -2.6502072738429868e-18 -0.7372773368101283 0.6755902076156555
    outer loop
      vertex 44.2 -17.899137802864846 8.999137802864844
      vertex 44.2 -18.14078221678781 8.73542919971481
      vertex 49.2 -18.14078221678781 8.73542919971481
    endloop
  endfacet
  facet normal 0 -0.7933533402912328 0.6087614290087235
    outer loop
      vertex 44.2 -18.14078221678781 8.73542919971481
      vertex 44.2 -18.358523381584867 8.451663389039288
      vertex 49.2 -18.14078221678781 8.73542919971481
    endloop
  endfacet
  facet normal 0 -0.8433914458128884 0.5372996083468196
    outer loop
      vertex 44.2 -18.358523381584867 8.451663389039288
      vertex 44.2 -18.550704155516197 8.149999999999999
      vertex 49.2 -18.358523381584867 8.451663389039288
    endloop
  endfacet
  facet normal -7.944594915300302e-19 0.13052619222004985 0.9914448613738107
    outer loop
      vertex 49.2 -14.288042471565586 10.137711787350053
      vertex 44.2 -14.642661454734602 10.184398262176156
      vertex 49.2 -14.642661454734602 10.184398262176156
    endloop
  endfacet
  facet normal 0 0.04361938736533552 0.9990482215818577
    outer loop
      vertex 44.2 -15 10.2
      vertex 49.2 -15 10.2
      vertex 49.2 -14.642661454734602 10.184398262176156
    endloop
  endfacet
  facet normal 0 -0.04361938736533552 0.9990482215818577
    outer loop
      vertex 44.2 -15 10.2
      vertex 49.2 -15.357338545265398 10.184398262176156
      vertex 49.2 -15 10.2
    endloop
  endfacet
  facet normal 0 -0.13052619222004985 0.9914448613738107
    outer loop
      vertex 44.2 -15.711957528434414 10.137711787350053
      vertex 49.2 -15.711957528434414 10.137711787350053
      vertex 49.2 -15.357338545265398 10.184398262176156
    endloop
  endfacet
  facet normal 0 -0.2164396139381009 0.9762960071199338
    outer loop
      vertex 44.2 -15.711957528434414 10.137711787350053
      vertex 49.2 -16.061158084920336 10.06029588778518
      vertex 49.2 -15.711957528434414 10.137711787350053
    endloop
  endfacet
  facet normal 0 -0.3007057995042751 0.9537169507482263
    outer loop
      vertex 44.2 -16.061158084920336 10.06029588778518
      vertex 49.2 -16.40228258763524 9.952739745222225
      vertex 49.2 -16.061158084920336 10.06029588778518
    endloop
  endfacet
  facet normal 0 -0.3826834323650929 0.9238795325112854
    outer loop
      vertex 44.2 -16.732734873136867 9.815861926850264
      vertex 49.2 -16.732734873136867 9.815861926850264
      vertex 49.2 -16.40228258763524 9.952739745222225
    endloop
  endfacet
  facet normal 0 -0.46174861323503036 0.8870108331782236
    outer loop
      vertex 44.2 -17.05 9.650704155516198
      vertex 49.2 -17.05 9.650704155516198
      vertex 49.2 -16.732734873136867 9.815861926850264
    endloop
  endfacet
  facet normal 0 -0.5372996083468254 0.8433914458128847
    outer loop
      vertex 44.2 -17.05 9.650704155516198
      vertex 49.2 -17.351663389039288 9.458523381584866
      vertex 49.2 -17.05 9.650704155516198
    endloop
  endfacet
  facet normal 0 -0.6087614290087205 0.7933533402912353
    outer loop
      vertex 44.2 -17.351663389039288 9.458523381584866
      vertex 49.2 -17.63542919971481 9.24078221678781
      vertex 49.2 -17.351663389039288 9.458523381584866
    endloop
  endfacet
  facet normal 1 0 0
    outer loop
      vertex 49.2 -13.938841915079665 10.06029588778518
      vertex 49.2 -14.642661454734602 10.184398262176156
      vertex 49.2 -15.357338545265398 10.184398262176156
    endloop
  endfacet
  facet normal 1 0 0
    outer loop
      vertex 49.2 -14.642661454734602 10.184398262176156
      vertex 49.2 -15 10.2
      vertex 49.2 -15.357338545265398 10.184398262176156
    endloop
  endfacet
  facet normal 1 0 0
    outer loop
      vertex 49.2 -15.357338545265398 10.184398262176156
      vertex 49.2 -15.711957528434414 10.137711787350053
      vertex 49.2 -16.061158084920336 10.06029588778518
    endloop
  endfacet
  facet normal 1 0 0
    outer loop
      vertex 49.2 -15.357338545265398 10.184398262176156
      vertex 49.2 -16.061158084920336 10.06029588778518
      vertex 49.2 -16.40228258763524 9.952739745222225
    endloop
  endfacet
  facet normal 1 0 0
    outer loop
      vertex 49.2 -15.357338545265398 10.184398262176156
      vertex 49.2 -16.40228258763524 9.952739745222225
      vertex 49.2 -17.351663389039288 9.458523381584866
    endloop
  endfacet
  facet normal 1 0 0
    outer loop
      vertex 49.2 -16.40228258763524 9.952739745222225
      vertex 49.2 -16.732734873136867 9.815861926850264
      vertex 49.2 -17.351663389039288 9.458523381584866
    endloop
  endfacet
  facet normal 1 0 0
    outer loop
      vertex 49.2 -16.732734873136867 9.815861926850264
      vertex 49.2 -17.05 9.650704155516198
      vertex 49.2 -17.351663389039288 9.458523381584866
    endloop
  endfacet
  facet normal 1 0 0
    outer loop
      vertex 49.2 -17.351663389039288 9.458523381584866
      vertex 49.2 -17.63542919971481 9.24078221678781
      vertex 49.2 -17.899137802864846 8.999137802864844
    endloop
  endfacet
  facet normal 0 -0.6755902076156585 0.7372773368101256
    outer loop
      vertex 44.2 -17.63542919971481 9.24078221678781
      vertex 49.2 -17.899137802864846 8.999137802864844
      vertex 49.2 -17.63542919971481 9.24078221678781
    endloop
  endfacet
  facet normal 0 -0.7372773368101283 0.6755902076156555
    outer loop
      vertex 44.2 -17.899137802864846 8.999137802864844
      vertex 49.2 -18.14078221678781 8.73542919971481
      vertex 49.2 -17.899137802864846 8.999137802864844
    endloop
  endfacet
  facet normal 0 -0.7933533402912328 0.6087614290087235
    outer loop
      vertex 44.2 -18.358523381584867 8.451663389039288
      vertex 49.2 -18.358523381584867 8.451663389039288
      vertex 49.2 -18.14078221678781 8.73542919971481
    endloop
  endfacet
  facet normal -1.830924998294442e-18 -0.8433914458128884 0.5372996083468196
    outer loop
      vertex 49.2 -18.358523381584867 8.451663389039288
      vertex 44.2 -18.550704155516197 8.149999999999999
      vertex 49.2 -18.550704155516197 8.149999999999999
    endloop
  endfacet
  facet normal 1 0 0
    outer loop
      vertex 49.2 -15.357338545265398 10.184398262176156
      vertex 49.2 -17.351663389039288 9.458523381584866
      vertex 49.2 -18.852739745222223 7.502282587635241
    endloop
  endfacet
  facet normal 1 0 0
    outer loop
      vertex 49.2 -15.357338545265398 10.184398262176156
      vertex 49.2 -14.471727172824126 7.232884733795812
      vertex 49.2 -14.375 7.182531754730547
    endloop
  endfacet
  facet normal 1 0 0
    outer loop
      vertex 49.2 -15.357338545265398 10.184398262176156
      vertex 49.2 -14.782939777916337 7.33100969126526
      vertex 49.2 -14.676476193621848 7.307407282861335
    endloop
  endfacet
  facet normal 1 0 0
    outer loop
      vertex 49.2 -15.357338545265398 10.184398262176156
      vertex 49.2 -14.676476193621848 7.307407282861335
      vertex 49.2 -14.572474820842913 7.274615775982385
    endloop
  endfacet
  facet normal 1 0 0
    outer loop
      vertex 49.2 -15.357338545265398 10.184398262176156
      vertex 49.2 -14.891055321565426 7.345243372614681
      vertex 49.2 -14.782939777916337 7.33100969126526
    endloop
  endfacet
  facet normal 1 0 0
    outer loop
      vertex 49.2 -15.357338545265398 10.184398262176156
      vertex 49.2 -15 7.35
      vertex 49.2 -14.891055321565426 7.345243372614681
    endloop
  endfacet
  facet normal 1 0 0
    outer loop
      vertex 49.2 -15.357338545265398 10.184398262176156
      vertex 49.2 -14.572474820842913 7.274615775982385
      vertex 49.2 -14.471727172824126 7.232884733795812
    endloop
  endfacet
  facet normal 1 0 0
    outer loop
      vertex 49.2 -15.357338545265398 10.184398262176156
      vertex 49.2 -15.108944678434574 7.345243372614681
      vertex 49.2 -15 7.35
    endloop
  endfacet
  facet normal 1 0 0
    outer loop
      vertex 49.2 -15.357338545265398 10.184398262176156
      vertex 49.2 -15.217060222083663 7.33100969126526
      vertex 49.2 -15.108944678434574 7.345243372614681
    endloop
  endfacet
  facet normal 1 0 0
    outer loop
      vertex 49.2 -15.357338545265398 10.184398262176156
      vertex 49.2 -15.323523806378152 7.307407282861335
      vertex 49.2 -15.217060222083663 7.33100969126526
    endloop
  endfacet
  facet normal 1 0 0
    outer loop
      vertex 49.2 -15.357338545265398 10.184398262176156
      vertex 49.2 -15.427525179157087 7.274615775982385
      vertex 49.2 -15.323523806378152 7.307407282861335
    endloop
  endfacet
  facet normal 1 0 0
    outer loop
      vertex 49.2 -15.357338545265398 10.184398262176156
      vertex 49.2 -15.528272827175874 7.232884733795812
      vertex 49.2 -15.427525179157087 7.274615775982385
    endloop
  endfacet
  facet normal 1 0 0
    outer loop
      vertex 49.2 -15.357338545265398 10.184398262176156
      vertex 49.2 -15.625 7.182531754730547
      vertex 49.2 -15.528272827175874 7.232884733795812
    endloop
  endfacet
  facet normal 1 0 0
    outer loop
      vertex 49.2 -17.351663389039288 9.458523381584866
      vertex 49.2 -17.899137802864846 8.999137802864844
      vertex 49.2 -18.358523381584867 8.451663389039288
    endloop
  endfacet
  facet normal 1 0 0
    outer loop
      vertex 49.2 -17.899137802864846 8.999137802864844
      vertex 49.2 -18.14078221678781 8.73542919971481
      vertex 49.2 -18.358523381584867 8.451663389039288
    endloop
  endfacet
  facet normal 1 0 0
    outer loop
      vertex 49.2 -17.351663389039288 9.458523381584866
      vertex 49.2 -18.358523381584867 8.451663389039288
      vertex 49.2 -18.852739745222223 7.502282587635241
    endloop
  endfacet
  facet normal -1 0 0
    outer loop
      vertex 44.2 -12.100862197135156 8.999137802864844
      vertex 44.2 -15 7.35
      vertex 44.2 -18.852739745222223 7.502282587635241
    endloop
  endfacet
  facet normal -1 0 0
    outer loop
      vertex 44.2 -18.852739745222223 7.502282587635241
      vertex 44.2 -15 7.35
      vertex 44.2 -15.108944678434574 7.345243372614681
    endloop
  endfacet
  facet normal -1 0 0
    outer loop
      vertex 44.2 -18.852739745222223 7.502282587635241
      vertex 44.2 -15.108944678434574 7.345243372614681
      vertex 44.2 -15.217060222083663 7.33100969126526
    endloop
  endfacet
  facet normal -1 0 0
    outer loop
      vertex 44.2 -18.852739745222223 7.502282587635241
      vertex 44.2 -15.217060222083663 7.33100969126526
      vertex 44.2 -15.323523806378152 7.307407282861335
    endloop
  endfacet
  facet normal -1 0 0
    outer loop
      vertex 44.2 -18.852739745222223 7.502282587635241
      vertex 44.2 -15.323523806378152 7.307407282861335
      vertex 44.2 -15.427525179157087 7.274615775982385
    endloop
  endfacet
  facet normal -1 0 0
    outer loop
      vertex 44.2 -18.852739745222223 7.502282587635241
      vertex 44.2 -15.427525179157087 7.274615775982385
      vertex 44.2 -15.528272827175874 7.232884733795812
    endloop
  endfacet
  facet normal -1 0 0
    outer loop
      vertex 44.2 -18.852739745222223 7.502282587635241
      vertex 44.2 -15.528272827175874 7.232884733795812
      vertex 44.2 -15.625 7.182531754730547
    endloop
  endfacet
  facet normal -1 0 0
    outer loop
      vertex 44.2 -18.852739745222223 7.502282587635241
      vertex 44.2 -15.625 7.182531754730547
      vertex 44.2 -15.716970545438807 7.123940055361239
    endloop
  endfacet
  facet normal -1 0 0
    outer loop
      vertex 44.2 -18.852739745222223 7.502282587635241
      vertex 44.2 -15.716970545438807 7.123940055361239
      vertex 44.2 -15.803484512108174 7.057555553898722
    endloop
  endfacet
  facet normal -1 0 0
    outer loop
      vertex 44.2 -18.852739745222223 7.502282587635241
      vertex 44.2 -15.803484512108174 7.057555553898722
      vertex 44.2 -15.883883476483184 6.983883476483184
    endloop
  endfacet
  facet normal -1 0 0
    outer loop
      vertex 44.2 -18.358523381584867 8.451663389039288
      vertex 44.2 -18.852739745222223 7.502282587635241
      vertex 44.2 -18.550704155516197 8.149999999999999
    endloop
  endfacet
  facet normal -1 0 0
    outer loop
      vertex 44.2 -18.550704155516197 8.149999999999999
      vertex 44.2 -18.852739745222223 7.502282587635241
      vertex 44.2 -18.715861926850266 7.832734873136867
    endloop
  endfacet
  facet normal 0 -0.8870108331782179 0.4617486132350413
    outer loop
      vertex 44.2 -18.550704155516197 8.149999999999999
      vertex 44.2 -18.715861926850266 7.832734873136867
      vertex 49.2 -18.550704155516197 8.149999999999999
    endloop
  endfacet
  facet normal -1.8702054816806236e-18 -0.9238795325112894 0.38268343236508356
    outer loop
      vertex 44.2 -18.715861926850266 7.832734873136867
      vertex 44.2 -18.852739745222223 7.502282587635241
      vertex 49.2 -18.852739745222223 7.502282587635241
    endloop
  endfacet
  facet normal 0 -0.9537169507482267 0.30070579950427373
    outer loop
      vertex 44.2 -18.852739745222223 7.502282587635241
      vertex 44.2 -18.96029588778518 7.161158084920334
      vertex 49.2 -18.852739745222223 7.502282587635241
    endloop
  endfacet
  facet normal -1 0 0
    outer loop
      vertex 44.2 -18.852739745222223 7.502282587635241
      vertex 44.2 -15.883883476483184 6.983883476483184
      vertex 44.2 -15.957555553898722 6.903484512108173
    endloop
  endfacet
  facet normal -1 0 0
    outer loop
      vertex 44.2 -18.852739745222223 7.502282587635241
      vertex 44.2 -15.957555553898722 6.903484512108173
      vertex 44.2 -16.02394005536124 6.816970545438807
    endloop
  endfacet
  facet normal -1 0 0
    outer loop
      vertex 44.2 -18.852739745222223 7.502282587635241
      vertex 44.2 -16.02394005536124 6.816970545438807
      vertex 44.2 -16.08253175473055 6.725
    endloop
  endfacet
  facet normal -1 0 0
    outer loop
      vertex 44.2 -18.852739745222223 7.502282587635241
      vertex 44.2 -16.08253175473055 6.725
      vertex 44.2 -16.132884733795812 6.6282728271758735
    endloop
  endfacet
  facet normal -1 0 0
    outer loop
      vertex 44.2 -18.852739745222223 7.502282587635241
      vertex 44.2 -16.132884733795812 6.6282728271758735
      vertex 44.2 -16.174615775982385 6.527525179157085
    endloop
  endfacet
  facet normal -1 0 0
    outer loop
      vertex 44.2 -18.852739745222223 7.502282587635241
      vertex 44.2 -16.174615775982385 6.527525179157085
      vertex 44.2 -16.207407282861336 6.42352380637815
    endloop
  endfacet
  facet normal -1 0 0
    outer loop
      vertex 44.2 -18.852739745222223 7.502282587635241
      vertex 44.2 -16.207407282861336 6.42352380637815
      vertex 44.2 -16.23100969126526 6.317060222083662
    endloop
  endfacet
  facet normal -1 0 0
    outer loop
      vertex 44.2 -18.852739745222223 7.502282587635241
      vertex 44.2 -16.23100969126526 6.317060222083662
      vertex 44.2 -16.24524337261468 6.208944678434572
    endloop
  endfacet
  facet normal -1 0 0
    outer loop
      vertex 44.2 -18.852739745222223 7.502282587635241
      vertex 44.2 -16.24524337261468 6.208944678434572
      vertex 44.2 -16.25 6.1
    endloop
  endfacet
  facet normal -1 0 0
    outer loop
      vertex 44.2 -18.852739745222223 7.502282587635241
      vertex 44.2 -16.25 6.1
      vertex 44.2 -16.24524337261468 5.991055321565427
    endloop
  endfacet
  facet normal -1 0 0
    outer loop
      vertex 44.2 -18.852739745222223 7.502282587635241
      vertex 44.2 -16.24524337261468 5.991055321565427
      vertex 44.2 -16.23100969126526 5.882939777916336
    endloop
  endfacet
  facet normal -1 0 0
    outer loop
      vertex 44.2 -18.852739745222223 7.502282587635241
      vertex 44.2 -16.23100969126526 5.882939777916336
      vertex 44.2 -16.207407282861336 5.776476193621849
    endloop
  endfacet
  facet normal -1 0 0
    outer loop
      vertex 44.2 -18.852739745222223 7.502282587635241
      vertex 44.2 -16.207407282861336 5.776476193621849
      vertex 44.2 -16.174615775982385 5.672474820842914
    endloop
  endfacet
  facet normal -1 0 0
    outer loop
      vertex 44.2 -18.852739745222223 7.502282587635241
      vertex 44.2 -16.174615775982385 5.672474820842914
      vertex 44.2 -16.132884733795812 5.571727172824126
    endloop
  endfacet
  facet normal -1 0 0
    outer loop
      vertex 44.2 -18.852739745222223 7.502282587635241
      vertex 44.2 -19.03771178735005 6.811957528434414
      vertex 44.2 -18.96029588778518 7.161158084920334
    endloop
  endfacet
  facet normal -1 0 0
    outer loop
      vertex 44.2 -18.852739745222223 7.502282587635241
      vertex 44.2 -19.1 6.1
      vertex 44.2 -19.03771178735005 6.811957528434414
    endloop
  endfacet
  facet normal -1 0 0
    outer loop
      vertex 44.2 -19.03771178735005 6.811957528434414
      vertex 44.2 -19.1 6.1
      vertex 44.2 -19.08439826217616 6.457338545265398
    endloop
  endfacet
  facet normal -1 0 0
    outer loop
      vertex 44.2 -18.852739745222223 7.502282587635241
      vertex 44.2 -16.132884733795812 5.571727172824126
      vertex 44.2 -19.1 6.1
    endloop
  endfacet
  facet normal -5.857860497021996e-19 -0.9762960071199335 0.21643961393810193
    outer loop
      vertex 44.2 -18.96029588778518 7.161158084920334
      vertex 44.2 -19.03771178735005 6.811957528434414
      vertex 49.2 -19.03771178735005 6.811957528434414
    endloop
  endfacet
  facet normal 0 -0.9914448613738094 0.13052619222005993
    outer loop
      vertex 44.2 -19.03771178735005 6.811957528434414
      vertex 44.2 -19.08439826217616 6.457338545265398
      vertex 49.2 -19.03771178735005 6.811957528434414
    endloop
  endfacet
  facet normal 1.0302165411944912e-19 -0.9990482215818577 0.04361938736533541
    outer loop
      vertex 44.2 -19.08439826217616 6.457338545265398
      vertex 44.2 -19.1 6.1
      vertex 49.2 -19.1 6.1
    endloop
  endfacet
  facet normal 0 -0.8870108331782179 0.4617486132350413
    outer loop
      vertex 44.2 -18.715861926850266 7.832734873136867
      vertex 49.2 -18.715861926850266 7.832734873136867
      vertex 49.2 -18.550704155516197 8.149999999999999
    endloop
  endfacet
  facet normal 0 -0.9238795325112894 0.38268343236508356
    outer loop
      vertex 44.2 -18.715861926850266 7.832734873136867
      vertex 49.2 -18.852739745222223 7.502282587635241
      vertex 49.2 -18.715861926850266 7.832734873136867
    endloop
  endfacet
  facet normal 0 -0.9537169507482267 0.30070579950427373
    outer loop
      vertex 44.2 -18.96029588778518 7.161158084920334
      vertex 49.2 -18.96029588778518 7.161158084920334
      vertex 49.2 -18.852739745222223 7.502282587635241
    endloop
  endfacet
  facet normal 1 0 0
    outer loop
      vertex 49.2 -15.357338545265398 10.184398262176156
      vertex 49.2 -14.375 7.182531754730547
      vertex 49.2 -14.283029454561193 7.123940055361239
    endloop
  endfacet
  facet normal 1 0 0
    outer loop
      vertex 49.2 -15.357338545265398 10.184398262176156
      vertex 49.2 -14.283029454561193 7.123940055361239
      vertex 49.2 -14.196515487891826 7.057555553898722
    endloop
  endfacet
  facet normal 1 0 0
    outer loop
      vertex 49.2 -15.357338545265398 10.184398262176156
      vertex 49.2 -14.196515487891826 7.057555553898722
      vertex 49.2 -14.116116523516816 6.983883476483184
    endloop
  endfacet
  facet normal 1 0 0
    outer loop
      vertex 49.2 -15.357338545265398 10.184398262176156
      vertex 49.2 -15.716970545438807 7.123940055361239
      vertex 49.2 -15.625 7.182531754730547
    endloop
  endfacet
  facet normal 1 0 0
    outer loop
      vertex 49.2 -15.357338545265398 10.184398262176156
      vertex 49.2 -15.803484512108174 7.057555553898722
      vertex 49.2 -15.716970545438807 7.123940055361239
    endloop
  endfacet
  facet normal 1 0 0
    outer loop
      vertex 49.2 -15.357338545265398 10.184398262176156
      vertex 49.2 -15.883883476483184 6.983883476483184
      vertex 49.2 -15.803484512108174 7.057555553898722
    endloop
  endfacet
  facet normal 1 0 0
    outer loop
      vertex 49.2 -15.357338545265398 10.184398262176156
      vertex 49.2 -15.957555553898722 6.903484512108173
      vertex 49.2 -15.883883476483184 6.983883476483184
    endloop
  endfacet
  facet normal 1 0 0
    outer loop
      vertex 49.2 -15.357338545265398 10.184398262176156
      vertex 49.2 -16.02394005536124 6.816970545438807
      vertex 49.2 -15.957555553898722 6.903484512108173
    endloop
  endfacet
  facet normal 1 0 0
    outer loop
      vertex 49.2 -18.358523381584867 8.451663389039288
      vertex 49.2 -18.550704155516197 8.149999999999999
      vertex 49.2 -18.852739745222223 7.502282587635241
    endloop
  endfacet
  facet normal 1 0 0
    outer loop
      vertex 49.2 -18.550704155516197 8.149999999999999
      vertex 49.2 -18.715861926850266 7.832734873136867
      vertex 49.2 -18.852739745222223 7.502282587635241
    endloop
  endfacet
  facet normal 0 -0.9762960071199335 0.21643961393810193
    outer loop
      vertex 44.2 -18.96029588778518 7.161158084920334
      vertex 49.2 -19.03771178735005 6.811957528434414
      vertex 49.2 -18.96029588778518 7.161158084920334
    endloop
  endfacet
  facet normal 0 -0.9914448613738094 0.13052619222005993
    outer loop
      vertex 44.2 -19.08439826217616 6.457338545265398
      vertex 49.2 -19.08439826217616 6.457338545265398
      vertex 49.2 -19.03771178735005 6.811957528434414
    endloop
  endfacet
  facet normal 0 -0.9990482215818577 0.04361938736533541
    outer loop
      vertex 44.2 -19.08439826217616 6.457338545265398
      vertex 49.2 -19.1 6.1
      vertex 49.2 -19.08439826217616 6.457338545265398
    endloop
  endfacet
  facet normal 1 0 0
    outer loop
      vertex 49.2 -15.357338545265398 10.184398262176156
      vertex 49.2 -19.1 2
      vertex 49.2 -16.02394005536124 6.816970545438807
    endloop
  endfacet
  facet normal 1 0 0
    outer loop
      vertex 49.2 -18.852739745222223 7.502282587635241
      vertex 49.2 -18.96029588778518 7.161158084920334
      vertex 49.2 -19.03771178735005 6.811957528434414
    endloop
  endfacet
  facet normal 1 0 0
    outer loop
      vertex 49.2 -18.852739745222223 7.502282587635241
      vertex 49.2 -19.03771178735005 6.811957528434414
      vertex 49.2 -19.1 6.1
    endloop
  endfacet
  facet normal 1 0 0
    outer loop
      vertex 49.2 -15.357338545265398 10.184398262176156
      vertex 49.2 -18.852739745222223 7.502282587635241
      vertex 49.2 -19.1 2
    endloop
  endfacet
  facet normal 1 0 0
    outer loop
      vertex 49.2 -19.03771178735005 6.811957528434414
      vertex 49.2 -19.08439826217616 6.457338545265398
      vertex 49.2 -19.1 6.1
    endloop
  endfacet
  facet normal -1 0 0
    outer loop
      vertex 44.2 -12.100862197135156 8.999137802864844
      vertex 44.2 -10.915601737823843 6.457338545265398
      vertex 44.2 -10.9 2
    endloop
  endfacet
  facet normal -1 0 0
    outer loop
      vertex 44.2 -12.100862197135156 8.999137802864844
      vertex 44.2 -10.9 2
      vertex 44.2 -13.792592717138664 5.776476193621849
    endloop
  endfacet
  facet normal -1 0 0
    outer loop
      vertex 44.2 -10.915601737823843 6.457338545265398
      vertex 44.2 -10.9 6.1
      vertex 44.2 -10.9 2
    endloop
  endfacet
  facet normal -1 0 0
    outer loop
      vertex 44.2 -10.9 2
      vertex 44.2 -13.825384224017615 5.672474820842914
      vertex 44.2 -13.792592717138664 5.776476193621849
    endloop
  endfacet
  facet normal -1 0 0
    outer loop
      vertex 44.2 -10.9 2
      vertex 44.2 -13.867115266204188 5.571727172824126
      vertex 44.2 -13.825384224017615 5.672474820842914
    endloop
  endfacet
  facet normal -1 0 0
    outer loop
      vertex 44.2 -10.9 2
      vertex 44.2 -13.917468245269452 5.475
      vertex 44.2 -13.867115266204188 5.571727172824126
    endloop
  endfacet
  facet normal -1 0 0
    outer loop
      vertex 44.2 -10.9 2
      vertex 44.2 -13.97605994463876 5.383029454561192
      vertex 44.2 -13.917468245269452 5.475
    endloop
  endfacet
  facet normal -1 0 0
    outer loop
      vertex 44.2 -10.9 2
      vertex 44.2 -14.042444446101278 5.296515487891826
      vertex 44.2 -13.97605994463876 5.383029454561192
    endloop
  endfacet
  facet normal -1 0 0
    outer loop
      vertex 44.2 -10.9 2
      vertex 44.2 -14.116116523516816 5.216116523516815
      vertex 44.2 -14.042444446101278 5.296515487891826
    endloop
  endfacet
  facet normal 1 0 0
    outer loop
      vertex 49.2 -10.915601737823843 6.457338545265398
      vertex 49.2 -13.76899030873474 5.882939777916336
      vertex 49.2 -13.792592717138664 5.776476193621849
    endloop
  endfacet
  facet normal 1 0 0
    outer loop
      vertex 49.2 -10.915601737823843 6.457338545265398
      vertex 49.2 -13.792592717138664 5.776476193621849
      vertex 49.2 -13.825384224017615 5.672474820842914
    endloop
  endfacet
  facet normal 1 0 0
    outer loop
      vertex 49.2 -10.915601737823843 6.457338545265398
      vertex 49.2 -13.825384224017615 5.672474820842914
      vertex 49.2 -13.867115266204188 5.571727172824126
    endloop
  endfacet
  facet normal 1 0 0
    outer loop
      vertex 49.2 -10.915601737823843 6.457338545265398
      vertex 49.2 -13.867115266204188 5.571727172824126
      vertex 49.2 -13.917468245269452 5.475
    endloop
  endfacet
  facet normal 1 0 0
    outer loop
      vertex 49.2 -10.915601737823843 6.457338545265398
      vertex 49.2 -13.917468245269452 5.475
      vertex 49.2 -13.97605994463876 5.383029454561192
    endloop
  endfacet
  facet normal 1 0 0
    outer loop
      vertex 49.2 -10.915601737823843 6.457338545265398
      vertex 49.2 -13.97605994463876 5.383029454561192
      vertex 49.2 -14.042444446101278 5.296515487891826
    endloop
  endfacet
  facet normal 1 0 0
    outer loop
      vertex 49.2 -10.915601737823843 6.457338545265398
      vertex 49.2 -14.042444446101278 5.296515487891826
      vertex 49.2 -14.116116523516816 5.216116523516815
    endloop
  endfacet
  facet normal 1 0 0
    outer loop
      vertex 49.2 -10.915601737823843 6.457338545265398
      vertex 49.2 -14.116116523516816 5.216116523516815
      vertex 49.2 -14.196515487891826 5.142444446101277
    endloop
  endfacet
  facet normal 1 0 0
    outer loop
      vertex 49.2 -10.915601737823843 6.457338545265398
      vertex 49.2 -14.196515487891826 5.142444446101277
      vertex 49.2 -14.283029454561193 5.07605994463876
    endloop
  endfacet
  facet normal 0 1 0
    outer loop
      vertex 44.2 -10.9 6.1
      vertex 49.2 -10.9 6.1
      vertex 49.2 -10.9 2
    endloop
  endfacet
  facet normal 1 0 0
    outer loop
      vertex 49.2 -10.915601737823843 6.457338545265398
      vertex 49.2 -19.1 2
      vertex 49.2 -10.9 6.1
    endloop
  endfacet
  facet normal -1 0 0
    outer loop
      vertex 44.2 -10.9 2
      vertex 44.2 -14.196515487891826 5.142444446101277
      vertex 44.2 -14.116116523516816 5.216116523516815
    endloop
  endfacet
  facet normal -1 0 0
    outer loop
      vertex 44.2 -10.9 2
      vertex 44.2 -14.283029454561193 5.07605994463876
      vertex 44.2 -14.196515487891826 5.142444446101277
    endloop
  endfacet
  facet normal -1 0 0
    outer loop
      vertex 44.2 -10.9 2
      vertex 44.2 -14.375 5.017468245269452
      vertex 44.2 -14.283029454561193 5.07605994463876
    endloop
  endfacet
  facet normal -1 0 0
    outer loop
      vertex 44.2 -10.9 2
      vertex 44.2 -14.471727172824126 4.967115266204187
      vertex 44.2 -14.375 5.017468245269452
    endloop
  endfacet
  facet normal -1 0 0
    outer loop
      vertex 44.2 -10.9 2
      vertex 44.2 -14.572474820842913 4.925384224017614
      vertex 44.2 -14.471727172824126 4.967115266204187
    endloop
  endfacet
  facet normal -1 0 0
    outer loop
      vertex 44.2 -10.9 2
      vertex 44.2 -14.676476193621848 4.8925927171386645
      vertex 44.2 -14.572474820842913 4.925384224017614
    endloop
  endfacet
  facet normal -1 0 0
    outer loop
      vertex 44.2 -10.9 2
      vertex 44.2 -14.782939777916337 4.868990308734739
      vertex 44.2 -14.676476193621848 4.8925927171386645
    endloop
  endfacet
  facet normal -1 0 0
    outer loop
      vertex 44.2 -10.9 2
      vertex 44.2 -15.716970545438807 5.07605994463876
      vertex 44.2 -15.625 5.017468245269452
    endloop
  endfacet
  facet normal -1 0 0
    outer loop
      vertex 44.2 -10.9 2
      vertex 44.2 -15.427525179157087 4.925384224017614
      vertex 44.2 -15.323523806378152 4.8925927171386645
    endloop
  endfacet
  facet normal -1 0 0
    outer loop
      vertex 44.2 -10.9 2
      vertex 44.2 -14.891055321565426 4.854756627385318
      vertex 44.2 -14.782939777916337 4.868990308734739
    endloop
  endfacet
  facet normal -1 0 0
    outer loop
      vertex 44.2 -10.9 2
      vertex 44.2 -15 4.85
      vertex 44.2 -14.891055321565426 4.854756627385318
    endloop
  endfacet
  facet normal -1 0 0
    outer loop
      vertex 44.2 -10.9 2
      vertex 44.2 -15.108944678434574 4.854756627385318
      vertex 44.2 -15 4.85
    endloop
  endfacet
  facet normal -1 0 0
    outer loop
      vertex 44.2 -10.9 2
      vertex 44.2 -15.323523806378152 4.8925927171386645
      vertex 44.2 -15.217060222083663 4.868990308734739
    endloop
  endfacet
  facet normal -1 0 0
    outer loop
      vertex 44.2 -10.9 2
      vertex 44.2 -15.217060222083663 4.868990308734739
      vertex 44.2 -15.108944678434574 4.854756627385318
    endloop
  endfacet
  facet normal -1 0 0
    outer loop
      vertex 44.2 -10.9 2
      vertex 44.2 -15.625 5.017468245269452
      vertex 44.2 -15.528272827175874 4.967115266204187
    endloop
  endfacet
  facet normal -1 0 0
    outer loop
      vertex 44.2 -10.9 2
      vertex 44.2 -15.528272827175874 4.967115266204187
      vertex 44.2 -15.427525179157087 4.925384224017614
    endloop
  endfacet
  facet normal 0 1 0
    outer loop
      vertex 44.2 -10.9 6.1
      vertex 49.2 -10.9 2
      vertex 44.2 -10.9 2
    endloop
  endfacet
  facet normal 1 0 0
    outer loop
      vertex 49.2 -10.9 6.1
      vertex 49.2 -19.1 2
      vertex 49.2 -10.9 2
    endloop
  endfacet
  facet normal -1 0 0
    outer loop
      vertex 44.2 -19.1 6.1
      vertex 44.2 -16.132884733795812 5.571727172824126
      vertex 44.2 -16.08253175473055 5.475
    endloop
  endfacet
  facet normal -1 0 0
    outer loop
      vertex 44.2 -19.1 6.1
      vertex 44.2 -16.08253175473055 5.475
      vertex 44.2 -16.02394005536124 5.383029454561192
    endloop
  endfacet
  facet normal -1 0 0
    outer loop
      vertex 44.2 -19.1 6.1
      vertex 44.2 -16.02394005536124 5.383029454561192
      vertex 44.2 -15.957555553898722 5.296515487891826
    endloop
  endfacet
  facet normal -1 0 0
    outer loop
      vertex 44.2 -19.1 6.1
      vertex 44.2 -15.957555553898722 5.296515487891826
      vertex 44.2 -15.883883476483184 5.216116523516815
    endloop
  endfacet
  facet normal -1 0 0
    outer loop
      vertex 44.2 -19.1 6.1
      vertex 44.2 -15.883883476483184 5.216116523516815
      vertex 44.2 -15.803484512108174 5.142444446101277
    endloop
  endfacet
  facet normal -1 0 0
    outer loop
      vertex 44.2 -19.1 6.1
      vertex 44.2 -15.803484512108174 5.142444446101277
      vertex 44.2 -15.716970545438807 5.07605994463876
    endloop
  endfacet
  facet normal -1 0 0
    outer loop
      vertex 44.2 -19.1 6.1
      vertex 44.2 -15.716970545438807 5.07605994463876
      vertex 44.2 -10.9 2
    endloop
  endfacet
  facet normal 0 -1 0
    outer loop
      vertex 44.2 -19.1 6.1
      vertex 44.2 -19.1 2
      vertex 49.2 -19.1 6.1
    endloop
  endfacet
  facet normal 1 0 0
    outer loop
      vertex 49.2 -19.1 2
      vertex 49.2 -16.08253175473055 6.725
      vertex 49.2 -16.02394005536124 6.816970545438807
    endloop
  endfacet
  facet normal 1 0 0
    outer loop
      vertex 49.2 -18.852739745222223 7.502282587635241
      vertex 49.2 -19.1 6.1
      vertex 49.2 -19.1 2
    endloop
  endfacet
  facet normal 1 0 0
    outer loop
      vertex 49.2 -19.1 2
      vertex 49.2 -16.132884733795812 6.6282728271758735
      vertex 49.2 -16.08253175473055 6.725
    endloop
  endfacet
  facet normal 1 0 0
    outer loop
      vertex 49.2 -19.1 2
      vertex 49.2 -16.174615775982385 6.527525179157085
      vertex 49.2 -16.132884733795812 6.6282728271758735
    endloop
  endfacet
  facet normal 1 0 0
    outer loop
      vertex 49.2 -19.1 2
      vertex 49.2 -16.207407282861336 6.42352380637815
      vertex 49.2 -16.174615775982385 6.527525179157085
    endloop
  endfacet
  facet normal 1 0 0
    outer loop
      vertex 49.2 -19.1 2
      vertex 49.2 -16.23100969126526 6.317060222083662
      vertex 49.2 -16.207407282861336 6.42352380637815
    endloop
  endfacet
  facet normal 1 0 0
    outer loop
      vertex 49.2 -19.1 2
      vertex 49.2 -16.24524337261468 6.208944678434572
      vertex 49.2 -16.23100969126526 6.317060222083662
    endloop
  endfacet
  facet normal 1 0 0
    outer loop
      vertex 49.2 -19.1 2
      vertex 49.2 -16.25 6.1
      vertex 49.2 -16.24524337261468 6.208944678434572
    endloop
  endfacet
  facet normal 1 0 0
    outer loop
      vertex 49.2 -19.1 2
      vertex 49.2 -16.24524337261468 5.991055321565427
      vertex 49.2 -16.25 6.1
    endloop
  endfacet
  facet normal 1 0 0
    outer loop
      vertex 49.2 -10.915601737823843 6.457338545265398
      vertex 49.2 -14.283029454561193 5.07605994463876
      vertex 49.2 -19.1 2
    endloop
  endfacet
  facet normal 1 0 0
    outer loop
      vertex 49.2 -19.1 2
      vertex 49.2 -16.207407282861336 5.776476193621849
      vertex 49.2 -16.23100969126526 5.882939777916336
    endloop
  endfacet
  facet normal 1 0 0
    outer loop
      vertex 49.2 -19.1 2
      vertex 49.2 -16.23100969126526 5.882939777916336
      vertex 49.2 -16.24524337261468 5.991055321565427
    endloop
  endfacet
  facet normal 1 0 0
    outer loop
      vertex 49.2 -19.1 2
      vertex 49.2 -16.174615775982385 5.672474820842914
      vertex 49.2 -16.207407282861336 5.776476193621849
    endloop
  endfacet
  facet normal 1 0 0
    outer loop
      vertex 49.2 -19.1 2
      vertex 49.2 -16.132884733795812 5.571727172824126
      vertex 49.2 -16.174615775982385 5.672474820842914
    endloop
  endfacet
  facet normal 1 0 0
    outer loop
      vertex 49.2 -19.1 2
      vertex 49.2 -16.08253175473055 5.475
      vertex 49.2 -16.132884733795812 5.571727172824126
    endloop
  endfacet
  facet normal 1 0 0
    outer loop
      vertex 49.2 -19.1 2
      vertex 49.2 -16.02394005536124 5.383029454561192
      vertex 49.2 -16.08253175473055 5.475
    endloop
  endfacet
  facet normal 1 0 0
    outer loop
      vertex 49.2 -19.1 2
      vertex 49.2 -15.957555553898722 5.296515487891826
      vertex 49.2 -16.02394005536124 5.383029454561192
    endloop
  endfacet
  facet normal 1 0 0
    outer loop
      vertex 49.2 -19.1 2
      vertex 49.2 -15.883883476483184 5.216116523516815
      vertex 49.2 -15.957555553898722 5.296515487891826
    endloop
  endfacet
  facet normal -1 0 0
    outer loop
      vertex 44.2 -19.1 6.1
      vertex 44.2 -10.9 2
      vertex 44.2 -19.1 2
    endloop
  endfacet
  facet normal 0 -1 0
    outer loop
      vertex 49.2 -19.1 6.1
      vertex 44.2 -19.1 2
      vertex 49.2 -19.1 2
    endloop
  endfacet
  facet normal 1 0 0
    outer loop
      vertex 49.2 -19.1 2
      vertex 49.2 -14.283029454561193 5.07605994463876
      vertex 49.2 -14.375 5.017468245269452
    endloop
  endfacet
  facet normal 1 0 0
    outer loop
      vertex 49.2 -19.1 2
      vertex 49.2 -14.375 5.017468245269452
      vertex 49.2 -14.471727172824126 4.967115266204187
    endloop
  endfacet
  facet normal 1 0 0
    outer loop
      vertex 49.2 -19.1 2
      vertex 49.2 -14.471727172824126 4.967115266204187
      vertex 49.2 -14.572474820842913 4.925384224017614
    endloop
  endfacet
  facet normal 1 0 0
    outer loop
      vertex 49.2 -19.1 2
      vertex 49.2 -14.572474820842913 4.925384224017614
      vertex 49.2 -14.676476193621848 4.8925927171386645
    endloop
  endfacet
  facet normal 1 0 0
    outer loop
      vertex 49.2 -19.1 2
      vertex 49.2 -14.676476193621848 4.8925927171386645
      vertex 49.2 -14.782939777916337 4.868990308734739
    endloop
  endfacet
  facet normal 1 0 0
    outer loop
      vertex 49.2 -19.1 2
      vertex 49.2 -14.782939777916337 4.868990308734739
      vertex 49.2 -14.891055321565426 4.854756627385318
    endloop
  endfacet
  facet normal 1 0 0
    outer loop
      vertex 49.2 -19.1 2
      vertex 49.2 -14.891055321565426 4.854756627385318
      vertex 49.2 -15 4.85
    endloop
  endfacet
  facet normal 1 0 0
    outer loop
      vertex 49.2 -19.1 2
      vertex 49.2 -15.528272827175874 4.967115266204187
      vertex 49.2 -15.625 5.017468245269452
    endloop
  endfacet
  facet normal 1 0 0
    outer loop
      vertex 49.2 -19.1 2
      vertex 49.2 -15.323523806378152 4.8925927171386645
      vertex 49.2 -15.427525179157087 4.925384224017614
    endloop
  endfacet
  facet normal 1 0 0
    outer loop
      vertex 49.2 -19.1 2
      vertex 49.2 -15.427525179157087 4.925384224017614
      vertex 49.2 -15.528272827175874 4.967115266204187
    endloop
  endfacet
  facet normal 1 0 0
    outer loop
      vertex 49.2 -19.1 2
      vertex 49.2 -15.108944678434574 4.854756627385318
      vertex 49.2 -15.217060222083663 4.868990308734739
    endloop
  endfacet
  facet normal 1 0 0
    outer loop
      vertex 49.2 -19.1 2
      vertex 49.2 -15.217060222083663 4.868990308734739
      vertex 49.2 -15.323523806378152 4.8925927171386645
    endloop
  endfacet
  facet normal 1 0 0
    outer loop
      vertex 49.2 -19.1 2
      vertex 49.2 -15 4.85
      vertex 49.2 -15.108944678434574 4.854756627385318
    endloop
  endfacet
  facet normal 1 0 0
    outer loop
      vertex 49.2 -19.1 2
      vertex 49.2 -15.803484512108174 5.142444446101277
      vertex 49.2 -15.883883476483184 5.216116523516815
    endloop
  endfacet
  facet normal 1 0 0
    outer loop
      vertex 49.2 -19.1 2
      vertex 49.2 -15.716970545438807 5.07605994463876
      vertex 49.2 -15.803484512108174 5.142444446101277
    endloop
  endfacet
  facet normal 1 0 0
    outer loop
      vertex 49.2 -19.1 2
      vertex 49.2 -15.625 5.017468245269452
      vertex 49.2 -15.716970545438807 5.07605994463876
    endloop
  endfacet
  facet normal 0 0 1
    outer loop
      vertex 2.901923790574074 -4.1 0.010000000000000009
      vertex 2.7810766398906708 -4.332145212590694 0.010000000000000009
      vertex 3.615200302992016 -4.5999584938026965 0.010000000000000009
    endloop
  endfacet
  facet normal 0 0 1
    outer loop
      vertex 3.2018666714429855 -3.6716371685266496 0.010000000000000009
      vertex 3.0425438657402992 -3.8792706936597825 0.010000000000000009
      vertex 3.8316980413720017 -4.318562536556274 0.010000000000000009
    endloop
  endfacet
  facet normal 0 0 1
    outer loop
      vertex 2.901923790574074 -4.1 0.010000000000000009
      vertex 3.618386759012938 -4.5958058233931665 0.010000000000000009
      vertex 3.0425438657402992 -3.8792706936597825 0.010000000000000009
    endloop
  endfacet
  facet normal 0 0 1
    outer loop
      vertex 2.7810766398906708 -4.332145212590694 0.010000000000000009
      vertex 3.612387901414186 -4.604373079966754 0.010000000000000009
      vertex 3.615200302992016 -4.5999584938026965 0.010000000000000009
    endloop
  endfacet
  facet normal 0 0 1
    outer loop
      vertex 2.901923790574074 -4.1 0.010000000000000009
      vertex 3.615200302992016 -4.5999584938026965 0.010000000000000009
      vertex 3.618386759012938 -4.5958058233931665 0.010000000000000009
    endloop
  endfacet
  facet normal 0 0 1
    outer loop
      vertex 3.3786796554923058 -3.478679655492306 0.010000000000000009
      vertex 4.064501811061055 -4.064501811061055 0.010000000000000009
      vertex 3.5716371685266495 -3.3018666714429856 0.010000000000000009
    endloop
  endfacet
  facet normal 0 0 1
    outer loop
      vertex 3.5716371685266495 -3.3018666714429856 0.010000000000000009
      vertex 4.064501811061055 -4.064501811061055 0.010000000000000009
      vertex 3.7792706936597824 -3.1425438657402993 0.010000000000000009
    endloop
  endfacet
  facet normal 0 0 1
    outer loop
      vertex 3.2018666714429855 -3.6716371685266496 0.010000000000000009
      vertex 3.8316980413720017 -4.318562536556274 0.010000000000000009
      vertex 3.3786796554923058 -3.478679655492306 0.010000000000000009
    endloop
  endfacet
  facet normal 0 0 1
    outer loop
      vertex 3.0425438657402992 -3.8792706936597825 0.010000000000000009
      vertex 3.618386759012938 -4.5958058233931665 0.010000000000000009
      vertex 3.8281617816165094 -4.322421686872841 0.010000000000000009
    endloop
  endfacet
  facet normal 0 0 1
    outer loop
      vertex 3.0425438657402992 -3.8792706936597825 0.010000000000000009
      vertex 3.8281617816165094 -4.322421686872841 0.010000000000000009
      vertex 3.8316980413720017 -4.318562536556274 0.010000000000000009
    endloop
  endfacet
  facet normal 0 0 1
    outer loop
      vertex 3.3786796554923058 -3.478679655492306 0.010000000000000009
      vertex 3.8316980413720017 -4.318562536556274 0.010000000000000009
      vertex 4.064501811061055 -4.064501811061055 0.010000000000000009
    endloop
  endfacet
  facet normal 0 0 1
    outer loop
      vertex 2.511415906250477 -5.338532774150371 0.010000000000000009
      vertex 3.1318325929902495 -5.528499227166176 0.010000000000000009
      vertex 2.5455767437815666 -5.07905546426773 0.010000000000000009
    endloop
  endfacet
  facet normal 0 0 1
    outer loop
      vertex 2.6022225245833397 -4.823542861640453 0.010000000000000009
      vertex 3.2681227182596926 -5.200657863225787 0.010000000000000009
      vertex 2.6809221357107162 -4.573939567804336 0.010000000000000009
    endloop
  endfacet
  facet normal 0 0 1
    outer loop
      vertex 2.6022225245833397 -4.823542861640453 0.010000000000000009
      vertex 2.5455767437815666 -5.07905546426773 0.010000000000000009
      vertex 3.2681227182596926 -5.200657863225787 0.010000000000000009
    endloop
  endfacet
  facet normal 0 0 1
    outer loop
      vertex 2.511415906250477 -5.338532774150371 0.010000000000000009
      vertex 2.5 -5.6 0.010000000000000009
      vertex 3.1318325929902495 -5.528499227166176 0.010000000000000009
    endloop
  endfacet
  facet normal 0 0 1
    outer loop
      vertex 2.5 -5.6 0.010000000000000009
      vertex 3.0266374386474495 -5.862135627549142 0.010000000000000009
      vertex 3.0282114309817554 -5.857143561597914 0.010000000000000009
    endloop
  endfacet
  facet normal 0 0 1
    outer loop
      vertex 2.5 -5.6 0.010000000000000009
      vertex 3.0282114309817554 -5.857143561597914 0.010000000000000009
      vertex 3.1318325929902495 -5.528499227166176 0.010000000000000009
    endloop
  endfacet
  facet normal 0 0 1
    outer loop
      vertex 2.5 -5.6 0.010000000000000009
      vertex 2.9520538223534825 -6.1985605518892415 0.010000000000000009
      vertex 3.0266374386474495 -5.862135627549142 0.010000000000000009
    endloop
  endfacet
  facet normal 0 0 1
    outer loop
      vertex 2.5 -5.6 0.010000000000000009
      vertex 2.950237690061331 -6.208860349990428 0.010000000000000009
      vertex 2.9509209067188205 -6.203670803885907 0.010000000000000009
    endloop
  endfacet
  facet normal 0 0 1
    outer loop
      vertex 2.5 -5.6 0.010000000000000009
      vertex 2.905259261336178 -6.550505472216756 0.010000000000000009
      vertex 2.950237690061331 -6.208860349990428 0.010000000000000009
    endloop
  endfacet
  facet normal 0 0 1
    outer loop
      vertex 2.5 -5.6 0.010000000000000009
      vertex 2.9509209067188205 -6.203670803885907 0.010000000000000009
      vertex 2.9520538223534825 -6.1985605518892415 0.010000000000000009
    endloop
  endfacet
  facet normal 0 0 1
    outer loop
      vertex 2.5 -5.6 0.010000000000000009
      vertex 2.8902283181063835 -6.894770655371249 0.010000000000000009
      vertex 2.905259261336178 -6.550505472216756 0.010000000000000009
    endloop
  endfacet
  facet normal 0 0 1
    outer loop
      vertex 2.5 -5.6 0.010000000000000009
      vertex 2.8900000000000006 -6.8999999999627475 0.010000000000000009
      vertex 2.8902283181063835 -6.894770655371249 0.010000000000000009
    endloop
  endfacet
  facet normal 0 0 1
    outer loop
      vertex 2.7810766398906708 -4.332145212590694 0.010000000000000009
      vertex 2.6809221357107162 -4.573939567804336 0.010000000000000009
      vertex 3.427238133326173 -4.894999999981374 0.010000000000000009
    endloop
  endfacet
  facet normal 0 0 1
    outer loop
      vertex 2.6809221357107162 -4.573939567804336 0.010000000000000009
      vertex 3.2681227182596926 -5.200657863225787 0.010000000000000009
      vertex 3.427238133326173 -4.894999999981374 0.010000000000000009
    endloop
  endfacet
  facet normal 0 0 1
    outer loop
      vertex 2.5455767437815666 -5.07905546426773 0.010000000000000009
      vertex 3.2657057752460243 -5.205300767496229 0.010000000000000009
      vertex 3.2681227182596926 -5.200657863225787 0.010000000000000009
    endloop
  endfacet
  facet normal 0 0 1
    outer loop
      vertex 2.5455767437815666 -5.07905546426773 0.010000000000000009
      vertex 3.2637026852555575 -5.210136654563248 0.010000000000000009
      vertex 3.2657057752460243 -5.205300767496229 0.010000000000000009
    endloop
  endfacet
  facet normal 0 0 1
    outer loop
      vertex 2.5455767437815666 -5.07905546426773 0.010000000000000009
      vertex 3.1318325929902495 -5.528499227166176 0.010000000000000009
      vertex 3.2637026852555575 -5.210136654563248 0.010000000000000009
    endloop
  endfacet
  facet normal 0 0 1
    outer loop
      vertex 2.7810766398906708 -4.332145212590694 0.010000000000000009
      vertex 3.427238133326173 -4.894999999981374 0.010000000000000009
      vertex 3.612387901414186 -4.604373079966754 0.010000000000000009
    endloop
  endfacet
  facet normal 0 0 1
    outer loop
      vertex 3.7792706936597824 -3.1425438657402993 0.010000000000000009
      vertex 4.322421686872841 -3.8281617816165094 0.010000000000000009
      vertex 4 -3.001923790574074 0.010000000000000009
    endloop
  endfacet
  facet normal 0 0 1
    outer loop
      vertex 4.232145212590694 -2.881076639890671 0.010000000000000009
      vertex 4 -3.001923790574074 0.010000000000000009
      vertex 4.322421686872841 -3.8281617816165094 0.010000000000000009
    endloop
  endfacet
  facet normal 0 0 1
    outer loop
      vertex 3.7792706936597824 -3.1425438657402993 0.010000000000000009
      vertex 4.064501811061055 -4.064501811061055 0.010000000000000009
      vertex 4.318562536556274 -3.8316980413720017 0.010000000000000009
    endloop
  endfacet
  facet normal 0 0 1
    outer loop
      vertex 3.7792706936597824 -3.1425438657402993 0.010000000000000009
      vertex 4.318562536556274 -3.8316980413720017 0.010000000000000009
      vertex 4.322421686872841 -3.8281617816165094 0.010000000000000009
    endloop
  endfacet
  facet normal 0 0 1
    outer loop
      vertex 4.232145212590694 -2.881076639890671 0.010000000000000009
      vertex 4.604373079966754 -3.612387901414186 0.010000000000000009
      vertex 4.4739395678043365 -2.7809221357107163 0.010000000000000009
    endloop
  endfacet
  facet normal 0 0 1
    outer loop
      vertex 4.232145212590694 -2.881076639890671 0.010000000000000009
      vertex 4.322421686872841 -3.8281617816165094 0.010000000000000009
      vertex 4.5958058233931665 -3.618386759012938 0.010000000000000009
    endloop
  endfacet
  facet normal 0 0 1
    outer loop
      vertex 4.4739395678043365 -2.7809221357107163 0.010000000000000009
      vertex 4.604373079966754 -3.612387901414186 0.010000000000000009
      vertex 4.894999999981374 -3.427238133326173 0.010000000000000009
    endloop
  endfacet
  facet normal 0 0 1
    outer loop
      vertex 4.232145212590694 -2.881076639890671 0.010000000000000009
      vertex 4.5958058233931665 -3.618386759012938 0.010000000000000009
      vertex 4.5999584938026965 -3.6152003029920166 0.010000000000000009
    endloop
  endfacet
  facet normal 0 0 1
    outer loop
      vertex 4.232145212590694 -2.881076639890671 0.010000000000000009
      vertex 4.5999584938026965 -3.6152003029920166 0.010000000000000009
      vertex 4.604373079966754 -3.612387901414186 0.010000000000000009
    endloop
  endfacet
  facet normal 0 0 1
    outer loop
      vertex 4.723542861640453 -2.70222252458334 0.010000000000000009
      vertex 4.894999999981374 -3.427238133326173 0.010000000000000009
      vertex 4.979055464267731 -2.6455767437815667 0.010000000000000009
    endloop
  endfacet
  facet normal 0 0 1
    outer loop
      vertex 4.979055464267731 -2.6455767437815667 0.010000000000000009
      vertex 5.210136654563248 -3.2637026852555575 0.010000000000000009
      vertex 5.2385327741503716 -2.611415906250477 0.010000000000000009
    endloop
  endfacet
  facet normal 0 0 1
    outer loop
      vertex 5.2385327741503716 -2.611415906250477 0.010000000000000009
      vertex 5.210136654563248 -3.2637026852555575 0.010000000000000009
      vertex 5.5 -2.6 0.010000000000000009
    endloop
  endfacet
  facet normal 0 0 1
    outer loop
      vertex 4.4739395678043365 -2.7809221357107163 0.010000000000000009
      vertex 4.894999999981374 -3.427238133326173 0.010000000000000009
      vertex 4.723542861640453 -2.70222252458334 0.010000000000000009
    endloop
  endfacet
  facet normal 0 0 1
    outer loop
      vertex 4.979055464267731 -2.6455767437815667 0.010000000000000009
      vertex 4.894999999981374 -3.427238133326173 0.010000000000000009
      vertex 5.200657863225788 -3.2681227182596926 0.010000000000000009
    endloop
  endfacet
  facet normal 0 0 1
    outer loop
      vertex 4.979055464267731 -2.6455767437815667 0.010000000000000009
      vertex 5.200657863225788 -3.2681227182596926 0.010000000000000009
      vertex 5.205300767496229 -3.2657057752460243 0.010000000000000009
    endloop
  endfacet
  facet normal 0 0 1
    outer loop
      vertex 4.979055464267731 -2.6455767437815667 0.010000000000000009
      vertex 5.205300767496229 -3.2657057752460243 0.010000000000000009
      vertex 5.210136654563248 -3.2637026852555575 0.010000000000000009
    endloop
  endfacet
  facet normal 0 0 1
    outer loop
      vertex 5.5 -2.6 0.010000000000000009
      vertex 5.210136654563248 -3.2637026852555575 0.010000000000000009
      vertex 5.528499227166177 -3.1318325929902495 0.010000000000000009
    endloop
  endfacet
  facet normal -0.9238795285325985 0.38268344197049287 0
    outer loop
      vertex 2.7810766398906708 -4.332145212590694 0.010000000000000009
      vertex 2.6809221357107162 -4.573939567804336 -3.99
      vertex 2.6809221357107162 -4.573939567804336 0.010000000000000009
    endloop
  endfacet
  facet normal -0.8433914485690285 0.5372996040205463 0
    outer loop
      vertex 2.901923790574074 -4.1 0.010000000000000009
      vertex 3.0425438657402992 -3.8792706936597825 0.010000000000000009
      vertex 2.901923790574074 -4.1 -3.99
    endloop
  endfacet
  facet normal -0.8870108299460169 0.46174861944404144 0
    outer loop
      vertex 2.901923790574074 -4.1 0.010000000000000009
      vertex 2.7810766398906708 -4.332145212590694 -3.99
      vertex 2.7810766398906708 -4.332145212590694 0.010000000000000009
    endloop
  endfacet
  facet normal -0.7372773375807703 0.6755902067746475 0
    outer loop
      vertex 3.2018666714429855 -3.6716371685266496 0.010000000000000009
      vertex 3.3786796554923058 -3.478679655492306 0.010000000000000009
      vertex 3.2018666714429855 -3.6716371685266496 -3.99
    endloop
  endfacet
  facet normal -0.7933533435043424 0.6087614248213178 0
    outer loop
      vertex 3.2018666714429855 -3.6716371685266496 0.010000000000000009
      vertex 3.0425438657402992 -3.8792706936597825 -3.99
      vertex 3.0425438657402992 -3.8792706936597825 0.010000000000000009
    endloop
  endfacet
  facet normal -0.6755902067746475 0.7372773375807703 0
    outer loop
      vertex 3.3786796554923058 -3.478679655492306 0.010000000000000009
      vertex 3.5716371685266495 -3.3018666714429856 0.010000000000000009
      vertex 3.3786796554923058 -3.478679655492306 -3.99
    endloop
  endfacet
  facet normal -0.6087614248213178 0.7933533435043424 0
    outer loop
      vertex 3.5716371685266495 -3.3018666714429856 0.010000000000000009
      vertex 3.7792706936597824 -3.1425438657402993 0.010000000000000009
      vertex 3.5716371685266495 -3.3018666714429856 -3.99
    endloop
  endfacet
  facet normal -0.9914448605738744 0.13052619829616904 0
    outer loop
      vertex 2.511415906250477 -5.338532774150371 0.010000000000000009
      vertex 2.5455767437815666 -5.07905546426773 0.010000000000000009
      vertex 2.511415906250477 -5.338532774150371 -3.99
    endloop
  endfacet
  facet normal -0.9990482214769228 0.04361938976874022 0
    outer loop
      vertex 2.511415906250477 -5.338532774150371 0.010000000000000009
      vertex 2.5 -5.6 -3.99
      vertex 2.5 -5.6 0.010000000000000009
    endloop
  endfacet
  facet normal -0.9537169563580069 0.3007057817123236 0
    outer loop
      vertex 2.6022225245833397 -4.823542861640453 0.010000000000000009
      vertex 2.6809221357107162 -4.573939567804336 0.010000000000000009
      vertex 2.6022225245833397 -4.823542861640453 -3.99
    endloop
  endfacet
  facet normal -0.9762960066667415 0.21643961598231837 0
    outer loop
      vertex 2.6022225245833397 -4.823542861640453 0.010000000000000009
      vertex 2.5455767437815666 -5.07905546426773 -3.99
      vertex 2.5455767437815666 -5.07905546426773 0.010000000000000009
    endloop
  endfacet
  facet normal 0.9537169599452531 -0.3007057703350312 0
    outer loop
      vertex 3.762437768280506 -5.134421637654304 0
      vertex 3.762437768280506 -5.134421637654304 -3.99
      vertex 3.8096275478601456 -4.984754762053489 0
    endloop
  endfacet
  facet normal 0.9762960123435545 -0.21643959037586985 0
    outer loop
      vertex 3.762437768280506 -5.134421637654304 0
      vertex 3.7284719049930573 -5.287631763517856 0
      vertex 3.7284719049930573 -5.287631763517856 -3.99
    endloop
  endfacet
  facet normal 0.9914448574888831 -0.1305262217290014 0
    outer loop
      vertex 3.7284719049930573 -5.287631763517856 0
      vertex 3.7079884111881256 -5.443219310045242 0
      vertex 3.7079884111881256 -5.443219310045242 -3.99
    endloop
  endfacet
  facet normal 0.99904822252865 -0.043619365680223315 0
    outer loop
      vertex 3.7079884111881256 -5.443219310045242 0
      vertex 3.7000000029802322 -5.6261840298771855 0
      vertex 3.7000000029802322 -5.6261840298771855 -3.99
    endloop
  endfacet
  facet normal -0.38268344197049287 0.9238795285325985 0
    outer loop
      vertex 4.232145212590694 -2.881076639890671 0.010000000000000009
      vertex 4.4739395678043365 -2.7809221357107163 0.010000000000000009
      vertex 4.232145212590694 -2.881076639890671 -3.99
    endloop
  endfacet
  facet normal -0.3007057817123236 0.9537169563580069 0
    outer loop
      vertex 4.4739395678043365 -2.7809221357107163 0.010000000000000009
      vertex 4.723542861640453 -2.70222252458334 0.010000000000000009
      vertex 4.4739395678043365 -2.7809221357107163 -3.99
    endloop
  endfacet
  facet normal -0.5372996040205454 0.8433914485690289 0
    outer loop
      vertex 3.7792706936597824 -3.1425438657402993 0.010000000000000009
      vertex 4 -3.001923790574074 0.010000000000000009
      vertex 3.7792706936597824 -3.1425438657402993 -3.99
    endloop
  endfacet
  facet normal -0.46174861944404144 0.8870108299460169 0
    outer loop
      vertex 4.232145212590694 -2.881076639890671 0.010000000000000009
      vertex 4 -3.001923790574074 -3.99
      vertex 4 -3.001923790574074 0.010000000000000009
    endloop
  endfacet
  facet normal 0.7933533522982132 -0.6087614133609218 0
    outer loop
      vertex 4.121995754539967 -4.443717150390148 0
      vertex 4.026462823152542 -4.568218095600605 0
      vertex 4.026462823152542 -4.568218095600605 -3.99
    endloop
  endfacet
  facet normal 0.7372773488719141 -0.6755901944525259 0
    outer loop
      vertex 4.121995754539967 -4.443717150390148 0
      vertex 4.121995754539967 -4.443717150390148 -3.99
      vertex 4.228016167879105 -4.328016167879104 0
    endloop
  endfacet
  facet normal 0.6755901944525259 -0.7372773488719141 0
    outer loop
      vertex 4.228016167879105 -4.328016167879104 0
      vertex 4.228016167879105 -4.328016167879104 -3.99
      vertex 4.343717150390148 -4.221995754539966 0
    endloop
  endfacet
  facet normal 0.6087614133609218 -0.7933533522982132 0
    outer loop
      vertex 4.468218095600605 -4.126462823152542 0
      vertex 4.343717150390148 -4.221995754539966 0
      vertex 4.343717150390148 -4.221995754539966 -3.99
    endloop
  endfacet
  facet normal 0.537299636838157 -0.8433914276619041 0
    outer loop
      vertex 4.468218095600605 -4.126462823152542 0
      vertex 4.468218095600605 -4.126462823152542 -3.99
      vertex 4.600571624934673 -4.042144319415092 0
    endloop
  endfacet
  facet normal 0.4617486281309149 -0.8870108254239166 0
    outer loop
      vertex 4.600571624934673 -4.042144319415092 0
      vertex 4.600571624934673 -4.042144319415092 -3.99
      vertex 4.739770241081715 -3.969682103395462 0
    endloop
  endfacet
  facet normal -0.21643961598231837 0.9762960066667415 0
    outer loop
      vertex 4.723542861640453 -2.70222252458334 0.010000000000000009
      vertex 4.979055464267731 -2.6455767437815667 0.010000000000000009
      vertex 4.723542861640453 -2.70222252458334 -3.99
    endloop
  endfacet
  facet normal -0.13052619829616904 0.9914448605738744 0
    outer loop
      vertex 4.979055464267731 -2.6455767437815667 0.010000000000000009
      vertex 5.2385327741503716 -2.611415906250477 0.010000000000000009
      vertex 4.979055464267731 -2.6455767437815667 -3.99
    endloop
  endfacet
  facet normal -0.04361938976874022 0.9990482214769228 0
    outer loop
      vertex 5.2385327741503716 -2.611415906250477 0.010000000000000009
      vertex 5.5 -2.6 0.010000000000000009
      vertex 5.2385327741503716 -2.611415906250477 -3.99
    endloop
  endfacet
  facet normal 0.38268343570816227 -0.9238795311265409 0
    outer loop
      vertex 4.739770241081715 -3.969682103395462 0
      vertex 4.739770241081715 -3.969682103395462 -3.99
      vertex 4.88475476205349 -3.9096275478601457 0
    endloop
  endfacet
  facet normal 0.3007057703350312 -0.9537169599452531 0
    outer loop
      vertex 4.88475476205349 -3.9096275478601457 0
      vertex 4.88475476205349 -3.9096275478601457 -3.99
      vertex 5.0344216376543045 -3.8624377682805062 0
    endloop
  endfacet
  facet normal 0.21643959037586985 -0.9762960123435545 0
    outer loop
      vertex 5.0344216376543045 -3.8624377682805062 0
      vertex 5.0344216376543045 -3.8624377682805062 -3.99
      vertex 5.187631763517857 -3.8284719049930573 0
    endloop
  endfacet
  facet normal 0.1305262217290014 -0.9914448574888831 0
    outer loop
      vertex 5.187631763517857 -3.8284719049930573 0
      vertex 5.187631763517857 -3.8284719049930573 -3.99
      vertex 5.343219310045242 -3.8079884111881257 0
    endloop
  endfacet
  facet normal 0.043619365680223315 -0.99904822252865 0
    outer loop
      vertex 5.343219310045242 -3.8079884111881257 0
      vertex 5.343219310045242 -3.8079884111881257 -3.99
      vertex 5.526184029877186 -3.8000000029802323 0
    endloop
  endfacet
  facet normal 0.9238795311265409 -0.38268343570816227 0
    outer loop
      vertex 3.8096275478601456 -4.984754762053489 0
      vertex 3.8096275478601456 -4.984754762053489 -3.99
      vertex 3.869682103395462 -4.839770241081714 0
    endloop
  endfacet
  facet normal 0.8870108254239155 -0.46174862813091716 0
    outer loop
      vertex 3.869682103395462 -4.839770241081714 0
      vertex 3.869682103395462 -4.839770241081714 -3.99
      vertex 3.9421443194150925 -4.700571624934673 0
    endloop
  endfacet
  facet normal 0.8433914276619041 -0.537299636838157 0
    outer loop
      vertex 3.9421443194150925 -4.700571624934673 0
      vertex 3.9421443194150925 -4.700571624934673 -3.99
      vertex 4.026462823152542 -4.568218095600605 0
    endloop
  endfacet
  facet normal 0 0 1
    outer loop
      vertex 5.5 -2.6 0.010000000000000009
      vertex 5.528499227166177 -3.1318325929902495 0.010000000000000009
      vertex 5.857143561597914 -3.028211430981756 0.010000000000000009
    endloop
  endfacet
  facet normal 0 0 1
    outer loop
      vertex 5.5 -2.6 0.010000000000000009
      vertex 5.857143561597914 -3.028211430981756 0.010000000000000009
      vertex 5.862135627549142 -3.0266374386474495 0.010000000000000009
    endloop
  endfacet
  facet normal 0 0 1
    outer loop
      vertex 5.5 -2.6 0.010000000000000009
      vertex 5.862135627549142 -3.0266374386474495 0.010000000000000009
      vertex 6.1985605518892415 -2.9520538223534825 0.010000000000000009
    endloop
  endfacet
  facet normal 0 0 1
    outer loop
      vertex 5.5 -2.6 0.010000000000000009
      vertex 6.1985605518892415 -2.9520538223534825 0.010000000000000009
      vertex 6.203670803885907 -2.9509209067188205 0.010000000000000009
    endloop
  endfacet
  facet normal 0 0 1
    outer loop
      vertex 5.5 -2.6 0.010000000000000009
      vertex 6.203670803885907 -2.9509209067188205 0.010000000000000009
      vertex 6.208860349990428 -2.950237690061331 0.010000000000000009
    endloop
  endfacet
  facet normal 0 0 1
    outer loop
      vertex 5.5 -2.6 0.010000000000000009
      vertex 6.208860349990428 -2.950237690061331 0.010000000000000009
      vertex 6.550505472216756 -2.905259261336178 0.010000000000000009
    endloop
  endfacet
  facet normal 0 0 1
    outer loop
      vertex 5.5 -2.6 0.010000000000000009
      vertex 6.550505472216756 -2.905259261336178 0.010000000000000009
      vertex 6.894770655371249 -2.8902283181063835 0.010000000000000009
    endloop
  endfacet
  facet normal 0 0 1
    outer loop
      vertex 5.5 -2.6 0.010000000000000009
      vertex 6.894770655371249 -2.8902283181063835 0.010000000000000009
      vertex 6.8999999999627475 -2.8900000000000006 0.010000000000000009
    endloop
  endfacet
  facet normal -0.9238795285325985 0.38268344197049287 0
    outer loop
      vertex 2.7810766398906708 -4.332145212590694 0.010000000000000009
      vertex 2.7810766398906708 -4.332145212590694 -3.99
      vertex 2.6809221357107162 -4.573939567804336 -3.99
    endloop
  endfacet
  facet normal -0.8870108299460169 0.46174861944404144 0
    outer loop
      vertex 2.901923790574074 -4.1 0.010000000000000009
      vertex 2.901923790574074 -4.1 -3.99
      vertex 2.7810766398906708 -4.332145212590694 -3.99
    endloop
  endfacet
  facet normal -0.7933533435043424 0.6087614248213178 0
    outer loop
      vertex 3.2018666714429855 -3.6716371685266496 0.010000000000000009
      vertex 3.2018666714429855 -3.6716371685266496 -3.99
      vertex 3.0425438657402992 -3.8792706936597825 -3.99
    endloop
  endfacet
  facet normal -0.7372773375807703 0.6755902067746475 0
    outer loop
      vertex 3.3786796554923058 -3.478679655492306 0.010000000000000009
      vertex 3.3786796554923058 -3.478679655492306 -3.99
      vertex 3.2018666714429855 -3.6716371685266496 -3.99
    endloop
  endfacet
  facet normal -0.8433914485690285 0.5372996040205463 0
    outer loop
      vertex 3.0425438657402992 -3.8792706936597825 0.010000000000000009
      vertex 3.0425438657402992 -3.8792706936597825 -3.99
      vertex 2.901923790574074 -4.1 -3.99
    endloop
  endfacet
  facet normal -0.6755902067746475 0.7372773375807703 0
    outer loop
      vertex 3.5716371685266495 -3.3018666714429856 0.010000000000000009
      vertex 3.5716371685266495 -3.3018666714429856 -3.99
      vertex 3.3786796554923058 -3.478679655492306 -3.99
    endloop
  endfacet
  facet normal -0.6087614248213178 0.7933533435043424 0
    outer loop
      vertex 3.7792706936597824 -3.1425438657402993 0.010000000000000009
      vertex 3.7792706936597824 -3.1425438657402993 -3.99
      vertex 3.5716371685266495 -3.3018666714429856 -3.99
    endloop
  endfacet
  facet normal -0.9990482214769228 0.04361938976874022 0
    outer loop
      vertex 2.511415906250477 -5.338532774150371 0.010000000000000009
      vertex 2.511415906250477 -5.338532774150371 -3.99
      vertex 2.5 -5.6 -3.99
    endloop
  endfacet
  facet normal -0.9762960066667415 0.21643961598231837 0
    outer loop
      vertex 2.6022225245833397 -4.823542861640453 0.010000000000000009
      vertex 2.6022225245833397 -4.823542861640453 -3.99
      vertex 2.5455767437815666 -5.07905546426773 -3.99
    endloop
  endfacet
  facet normal -0.9537169563580069 0.3007057817123236 0
    outer loop
      vertex 2.6809221357107162 -4.573939567804336 0.010000000000000009
      vertex 2.6809221357107162 -4.573939567804336 -3.99
      vertex 2.6022225245833397 -4.823542861640453 -3.99
    endloop
  endfacet
  facet normal -0.9914448605738744 0.13052619829616904 0
    outer loop
      vertex 2.5455767437815666 -5.07905546426773 0.010000000000000009
      vertex 2.5455767437815666 -5.07905546426773 -3.99
      vertex 2.511415906250477 -5.338532774150371 -3.99
    endloop
  endfacet
  facet normal 0.9537169599452531 -0.3007057703350312 0
    outer loop
      vertex 3.8096275478601456 -4.984754762053489 0
      vertex 3.762437768280506 -5.134421637654304 -3.99
      vertex 3.8096275478601456 -4.984754762053489 -3.99
    endloop
  endfacet
  facet normal 0.9762960123435545 -0.21643959037586985 0
    outer loop
      vertex 3.762437768280506 -5.134421637654304 0
      vertex 3.7284719049930573 -5.287631763517856 -3.99
      vertex 3.762437768280506 -5.134421637654304 -3.99
    endloop
  endfacet
  facet normal 0.9914448574888831 -0.1305262217290014 0
    outer loop
      vertex 3.7284719049930573 -5.287631763517856 0
      vertex 3.7079884111881256 -5.443219310045242 -3.99
      vertex 3.7284719049930573 -5.287631763517856 -3.99
    endloop
  endfacet
  facet normal 0.99904822252865 -0.043619365680223315 0
    outer loop
      vertex 3.7079884111881256 -5.443219310045242 0
      vertex 3.7000000029802322 -5.6261840298771855 -3.99
      vertex 3.7079884111881256 -5.443219310045242 -3.99
    endloop
  endfacet
  facet normal -0.46174861944404144 0.8870108299460169 0
    outer loop
      vertex 4.232145212590694 -2.881076639890671 0.010000000000000009
      vertex 4.232145212590694 -2.881076639890671 -3.99
      vertex 4 -3.001923790574074 -3.99
    endloop
  endfacet
  facet normal -0.38268344197049287 0.9238795285325985 0
    outer loop
      vertex 4.4739395678043365 -2.7809221357107163 0.010000000000000009
      vertex 4.4739395678043365 -2.7809221357107163 -3.99
      vertex 4.232145212590694 -2.881076639890671 -3.99
    endloop
  endfacet
  facet normal -0.3007057817123236 0.9537169563580069 0
    outer loop
      vertex 4.723542861640453 -2.70222252458334 0.010000000000000009
      vertex 4.723542861640453 -2.70222252458334 -3.99
      vertex 4.4739395678043365 -2.7809221357107163 -3.99
    endloop
  endfacet
  facet normal -0.5372996040205454 0.8433914485690289 0
    outer loop
      vertex 4 -3.001923790574074 0.010000000000000009
      vertex 4 -3.001923790574074 -3.99
      vertex 3.7792706936597824 -3.1425438657402993 -3.99
    endloop
  endfacet
  facet normal 0.7933533522982132 -0.6087614133609218 0
    outer loop
      vertex 4.121995754539967 -4.443717150390148 0
      vertex 4.026462823152542 -4.568218095600605 -3.99
      vertex 4.121995754539967 -4.443717150390148 -3.99
    endloop
  endfacet
  facet normal 0.7372773488719141 -0.6755901944525259 0
    outer loop
      vertex 4.228016167879105 -4.328016167879104 0
      vertex 4.121995754539967 -4.443717150390148 -3.99
      vertex 4.228016167879105 -4.328016167879104 -3.99
    endloop
  endfacet
  facet normal 0.6755901944525259 -0.7372773488719141 0
    outer loop
      vertex 4.343717150390148 -4.221995754539966 0
      vertex 4.228016167879105 -4.328016167879104 -3.99
      vertex 4.343717150390148 -4.221995754539966 -3.99
    endloop
  endfacet
  facet normal 0.6087614133609218 -0.7933533522982132 0
    outer loop
      vertex 4.468218095600605 -4.126462823152542 0
      vertex 4.343717150390148 -4.221995754539966 -3.99
      vertex 4.468218095600605 -4.126462823152542 -3.99
    endloop
  endfacet
  facet normal 0.537299636838157 -0.8433914276619041 0
    outer loop
      vertex 4.600571624934673 -4.042144319415092 0
      vertex 4.468218095600605 -4.126462823152542 -3.99
      vertex 4.600571624934673 -4.042144319415092 -3.99
    endloop
  endfacet
  facet normal -0.21643961598231837 0.9762960066667415 0
    outer loop
      vertex 4.979055464267731 -2.6455767437815667 0.010000000000000009
      vertex 4.979055464267731 -2.6455767437815667 -3.99
      vertex 4.723542861640453 -2.70222252458334 -3.99
    endloop
  endfacet
  facet normal -0.13052619829616904 0.9914448605738744 0
    outer loop
      vertex 5.2385327741503716 -2.611415906250477 0.010000000000000009
      vertex 5.2385327741503716 -2.611415906250477 -3.99
      vertex 4.979055464267731 -2.6455767437815667 -3.99
    endloop
  endfacet
  facet normal -0.04361938976874022 0.9990482214769228 0
    outer loop
      vertex 5.5 -2.6 0.010000000000000009
      vertex 5.5 -2.6 -3.99
      vertex 5.2385327741503716 -2.611415906250477 -3.99
    endloop
  endfacet
  facet normal 0.4617486281309149 -0.8870108254239166 0
    outer loop
      vertex 4.739770241081715 -3.969682103395462 0
      vertex 4.600571624934673 -4.042144319415092 -3.99
      vertex 4.739770241081715 -3.969682103395462 -3.99
    endloop
  endfacet
  facet normal 0.38268343570816227 -0.9238795311265409 0
    outer loop
      vertex 4.88475476205349 -3.9096275478601457 0
      vertex 4.739770241081715 -3.969682103395462 -3.99
      vertex 4.88475476205349 -3.9096275478601457 -3.99
    endloop
  endfacet
  facet normal 0.3007057703350312 -0.9537169599452531 0
    outer loop
      vertex 5.0344216376543045 -3.8624377682805062 0
      vertex 4.88475476205349 -3.9096275478601457 -3.99
      vertex 5.0344216376543045 -3.8624377682805062 -3.99
    endloop
  endfacet
  facet normal 0.21643959037586985 -0.9762960123435545 0
    outer loop
      vertex 5.187631763517857 -3.8284719049930573 0
      vertex 5.0344216376543045 -3.8624377682805062 -3.99
      vertex 5.187631763517857 -3.8284719049930573 -3.99
    endloop
  endfacet
  facet normal 0.1305262217290014 -0.9914448574888831 0
    outer loop
      vertex 5.343219310045242 -3.8079884111881257 0
      vertex 5.187631763517857 -3.8284719049930573 -3.99
      vertex 5.343219310045242 -3.8079884111881257 -3.99
    endloop
  endfacet
  facet normal 0.043619365680223315 -0.99904822252865 0
    outer loop
      vertex 5.526184029877186 -3.8000000029802323 0
      vertex 5.343219310045242 -3.8079884111881257 -3.99
      vertex 5.526184029877186 -3.8000000029802323 -3.99
    endloop
  endfacet
  facet normal 0.8870108254239155 -0.46174862813091716 0
    outer loop
      vertex 3.9421443194150925 -4.700571624934673 0
      vertex 3.869682103395462 -4.839770241081714 -3.99
      vertex 3.9421443194150925 -4.700571624934673 -3.99
    endloop
  endfacet
  facet normal 0.9238795311265409 -0.38268343570816227 0
    outer loop
      vertex 3.869682103395462 -4.839770241081714 0
      vertex 3.8096275478601456 -4.984754762053489 -3.99
      vertex 3.869682103395462 -4.839770241081714 -3.99
    endloop
  endfacet
  facet normal 0.8433914276619041 -0.537299636838157 0
    outer loop
      vertex 4.026462823152542 -4.568218095600605 0
      vertex 3.9421443194150925 -4.700571624934673 -3.99
      vertex 4.026462823152542 -4.568218095600605 -3.99
    endloop
  endfacet
  facet normal 0 0 -1
    outer loop
      vertex 2.901923790574074 -4.1 -3.99
      vertex 3.9421443194150925 -4.700571624934673 -3.99
      vertex 2.7810766398906708 -4.332145212590694 -3.99
    endloop
  endfacet
  facet normal 0 0 -1
    outer loop
      vertex 2.901923790574074 -4.1 -3.99
      vertex 3.0425438657402992 -3.8792706936597825 -3.99
      vertex 4.026462823152542 -4.568218095600605 -3.99
    endloop
  endfacet
  facet normal 0 0 -1
    outer loop
      vertex 3.3786796554923058 -3.478679655492306 -3.99
      vertex 3.5716371685266495 -3.3018666714429856 -3.99
      vertex 4.343717150390148 -4.221995754539966 -3.99
    endloop
  endfacet
  facet normal 0 0 -1
    outer loop
      vertex 3.2018666714429855 -3.6716371685266496 -3.99
      vertex 4.121995754539967 -4.443717150390148 -3.99
      vertex 3.0425438657402992 -3.8792706936597825 -3.99
    endloop
  endfacet
  facet normal 0 0 -1
    outer loop
      vertex 3.2018666714429855 -3.6716371685266496 -3.99
      vertex 3.3786796554923058 -3.478679655492306 -3.99
      vertex 4.228016167879105 -4.328016167879104 -3.99
    endloop
  endfacet
  facet normal 0 0 -1
    outer loop
      vertex 2.901923790574074 -4.1 -3.99
      vertex 4.026462823152542 -4.568218095600605 -3.99
      vertex 3.9421443194150925 -4.700571624934673 -3.99
    endloop
  endfacet
  facet normal 0 0 -1
    outer loop
      vertex 3.0425438657402992 -3.8792706936597825 -3.99
      vertex 4.121995754539967 -4.443717150390148 -3.99
      vertex 4.026462823152542 -4.568218095600605 -3.99
    endloop
  endfacet
  facet normal 0 0 -1
    outer loop
      vertex 2.511415906250477 -5.338532774150371 -3.99
      vertex 2.5455767437815666 -5.07905546426773 -3.99
      vertex 3.7284719049930573 -5.287631763517856 -3.99
    endloop
  endfacet
  facet normal 0 0 -1
    outer loop
      vertex 2.511415906250477 -5.338532774150371 -3.99
      vertex 3.7079884111881256 -5.443219310045242 -3.99
      vertex 2.5 -5.6 -3.99
    endloop
  endfacet
  facet normal 0 0 -1
    outer loop
      vertex 2.6022225245833397 -4.823542861640453 -3.99
      vertex 2.6809221357107162 -4.573939567804336 -3.99
      vertex 3.8096275478601456 -4.984754762053489 -3.99
    endloop
  endfacet
  facet normal 0 0 -1
    outer loop
      vertex 2.7810766398906708 -4.332145212590694 -3.99
      vertex 3.869682103395462 -4.839770241081714 -3.99
      vertex 2.6809221357107162 -4.573939567804336 -3.99
    endloop
  endfacet
  facet normal 0 0 -1
    outer loop
      vertex 2.6022225245833397 -4.823542861640453 -3.99
      vertex 3.762437768280506 -5.134421637654304 -3.99
      vertex 2.5455767437815666 -5.07905546426773 -3.99
    endloop
  endfacet
  facet normal 0 0 -1
    outer loop
      vertex 2.6022225245833397 -4.823542861640453 -3.99
      vertex 3.8096275478601456 -4.984754762053489 -3.99
      vertex 3.762437768280506 -5.134421637654304 -3.99
    endloop
  endfacet
  facet normal 0 0 -1
    outer loop
      vertex 2.5455767437815666 -5.07905546426773 -3.99
      vertex 3.762437768280506 -5.134421637654304 -3.99
      vertex 3.7284719049930573 -5.287631763517856 -3.99
    endloop
  endfacet
  facet normal 0 0 -1
    outer loop
      vertex 2.511415906250477 -5.338532774150371 -3.99
      vertex 3.7284719049930573 -5.287631763517856 -3.99
      vertex 3.7079884111881256 -5.443219310045242 -3.99
    endloop
  endfacet
  facet normal 0 0 -1
    outer loop
      vertex 2.5 -5.6 -3.99
      vertex 3.7079884111881256 -5.443219310045242 -3.99
      vertex 3.7000000029802322 -5.6261840298771855 -3.99
    endloop
  endfacet
  facet normal 0 0 -1
    outer loop
      vertex 2.6809221357107162 -4.573939567804336 -3.99
      vertex 3.869682103395462 -4.839770241081714 -3.99
      vertex 3.8096275478601456 -4.984754762053489 -3.99
    endloop
  endfacet
  facet normal 0 0 -1
    outer loop
      vertex 2.7810766398906708 -4.332145212590694 -3.99
      vertex 3.9421443194150925 -4.700571624934673 -3.99
      vertex 3.869682103395462 -4.839770241081714 -3.99
    endloop
  endfacet
  facet normal 0 0 -1
    outer loop
      vertex 3.5716371685266495 -3.3018666714429856 -3.99
      vertex 3.7792706936597824 -3.1425438657402993 -3.99
      vertex 4.468218095600605 -4.126462823152542 -3.99
    endloop
  endfacet
  facet normal 0 0 -1
    outer loop
      vertex 3.7792706936597824 -3.1425438657402993 -3.99
      vertex 4 -3.001923790574074 -3.99
      vertex 4.600571624934673 -4.042144319415092 -3.99
    endloop
  endfacet
  facet normal 0 0 -1
    outer loop
      vertex 3.2018666714429855 -3.6716371685266496 -3.99
      vertex 4.228016167879105 -4.328016167879104 -3.99
      vertex 4.121995754539967 -4.443717150390148 -3.99
    endloop
  endfacet
  facet normal 0 0 -1
    outer loop
      vertex 3.3786796554923058 -3.478679655492306 -3.99
      vertex 4.343717150390148 -4.221995754539966 -3.99
      vertex 4.228016167879105 -4.328016167879104 -3.99
    endloop
  endfacet
  facet normal 0 0 -1
    outer loop
      vertex 3.5716371685266495 -3.3018666714429856 -3.99
      vertex 4.468218095600605 -4.126462823152542 -3.99
      vertex 4.343717150390148 -4.221995754539966 -3.99
    endloop
  endfacet
  facet normal 0 0 -1
    outer loop
      vertex 4.232145212590694 -2.881076639890671 -3.99
      vertex 4.739770241081715 -3.969682103395462 -3.99
      vertex 4 -3.001923790574074 -3.99
    endloop
  endfacet
  facet normal 0 0 -1
    outer loop
      vertex 4 -3.001923790574074 -3.99
      vertex 4.739770241081715 -3.969682103395462 -3.99
      vertex 4.600571624934673 -4.042144319415092 -3.99
    endloop
  endfacet
  facet normal 0 0 -1
    outer loop
      vertex 4.232145212590694 -2.881076639890671 -3.99
      vertex 4.4739395678043365 -2.7809221357107163 -3.99
      vertex 4.88475476205349 -3.9096275478601457 -3.99
    endloop
  endfacet
  facet normal 0 0 -1
    outer loop
      vertex 4.232145212590694 -2.881076639890671 -3.99
      vertex 4.88475476205349 -3.9096275478601457 -3.99
      vertex 4.739770241081715 -3.969682103395462 -3.99
    endloop
  endfacet
  facet normal 0 0 -1
    outer loop
      vertex 3.7792706936597824 -3.1425438657402993 -3.99
      vertex 4.600571624934673 -4.042144319415092 -3.99
      vertex 4.468218095600605 -4.126462823152542 -3.99
    endloop
  endfacet
  facet normal 0 0 -1
    outer loop
      vertex 4.4739395678043365 -2.7809221357107163 -3.99
      vertex 4.723542861640453 -2.70222252458334 -3.99
      vertex 5.0344216376543045 -3.8624377682805062 -3.99
    endloop
  endfacet
  facet normal 0 0 -1
    outer loop
      vertex 4.4739395678043365 -2.7809221357107163 -3.99
      vertex 5.0344216376543045 -3.8624377682805062 -3.99
      vertex 4.88475476205349 -3.9096275478601457 -3.99
    endloop
  endfacet
  facet normal 0 0 -1
    outer loop
      vertex 4.723542861640453 -2.70222252458334 -3.99
      vertex 4.979055464267731 -2.6455767437815667 -3.99
      vertex 5.187631763517857 -3.8284719049930573 -3.99
    endloop
  endfacet
  facet normal 0 0 -1
    outer loop
      vertex 4.723542861640453 -2.70222252458334 -3.99
      vertex 5.187631763517857 -3.8284719049930573 -3.99
      vertex 5.0344216376543045 -3.8624377682805062 -3.99
    endloop
  endfacet
  facet normal 0 0 -1
    outer loop
      vertex 4.979055464267731 -2.6455767437815667 -3.99
      vertex 5.2385327741503716 -2.611415906250477 -3.99
      vertex 5.343219310045242 -3.8079884111881257 -3.99
    endloop
  endfacet
  facet normal 0 0 -1
    outer loop
      vertex 4.979055464267731 -2.6455767437815667 -3.99
      vertex 5.343219310045242 -3.8079884111881257 -3.99
      vertex 5.187631763517857 -3.8284719049930573 -3.99
    endloop
  endfacet
  facet normal 0 0 -1
    outer loop
      vertex 5.2385327741503716 -2.611415906250477 -3.99
      vertex 5.5 -2.6 -3.99
      vertex 5.343219310045242 -3.8079884111881257 -3.99
    endloop
  endfacet
  facet normal 0 0 -1
    outer loop
      vertex 5.5 -2.6 -3.99
      vertex 5.526184029877186 -3.8000000029802323 -3.99
      vertex 5.343219310045242 -3.8079884111881257 -3.99
    endloop
  endfacet
  facet normal 0 1 0
    outer loop
      vertex 5.5 -2.6 0.010000000000000009
      vertex 21.822999999999997 -2.6 -3.5625
      vertex 5.5 -2.6 -3.99
    endloop
  endfacet
  facet normal 0 0 -1
    outer loop
      vertex 5.5 -2.6 -3.99
      vertex 22.433714285714284 -3.577142857142858 -3.99
      vertex 5.526184029877186 -3.8000000029802323 -3.99
    endloop
  endfacet
  facet normal 0 0 1
    outer loop
      vertex 2.5 -5.6 0.010000000000000009
      vertex 2.8900000000000006 -100.00000000154598 0.010000000000000009
      vertex 2.8900000000000006 -6.8999999999627475 0.010000000000000009
    endloop
  endfacet
  facet normal -1 0 0
    outer loop
      vertex 2.5 -5.6 0.010000000000000009
      vertex 2.5 -5.6 -3.99
      vertex 2.5 -101.30000000298023 -3.99
    endloop
  endfacet
  facet normal 1 0 0
    outer loop
      vertex 3.7000000029802322 -5.6261840298771855 0
      vertex 3.7000000029802322 -101.27381596565246 -3.99
      vertex 3.7000000029802322 -5.6261840298771855 -3.99
    endloop
  endfacet
  facet normal 0 0 -1
    outer loop
      vertex 2.5 -5.6 -3.99
      vertex 3.7000000029802322 -5.6261840298771855 -3.99
      vertex 2.5 -101.30000000298023 -3.99
    endloop
  endfacet
  facet normal 0 1 0
    outer loop
      vertex 5.5 -2.6 0.010000000000000009
      vertex 22.447999999999997 -2.6 -1.6
      vertex 21.822999999999997 -2.6 -2.1000000000000005
    endloop
  endfacet
  facet normal 0 1 0
    outer loop
      vertex 5.5 -2.6 0.010000000000000009
      vertex 21.822999999999997 -2.6 -2.1000000000000005
      vertex 21.822999999999997 -2.6 -3.5625
    endloop
  endfacet
  facet normal 0 0 1
    outer loop
      vertex 5.5 -2.6 0.010000000000000009
      vertex 6.8999999999627475 -2.8900000000000006 0.010000000000000009
      vertex 53.899999998509884 -2.6 0.010000000000000009
    endloop
  endfacet
  facet normal 0 -1 0
    outer loop
      vertex 5.526184029877186 -3.8000000029802323 0
      vertex 5.526184029877186 -3.8000000029802323 -3.99
      vertex 53.8738159686327 -3.8000000029802323 0
    endloop
  endfacet
  facet normal 0 1 0
    outer loop
      vertex 5.5 -2.6 0.010000000000000009
      vertex 53.899999998509884 -2.6 0.010000000000000009
      vertex 22.447999999999997 -2.6 -1.6
    endloop
  endfacet
  facet normal 0 1 0
    outer loop
      vertex 27.447999999999997 -2.6 -1.6
      vertex 31.326999999999998 -2.6 -2.1000000000000005
      vertex 28.072999999999997 -2.6 -2.1000000000000005
    endloop
  endfacet
  facet normal 0 1 0
    outer loop
      vertex 5.5 -2.6 -3.99
      vertex 21.822999999999997 -2.6 -3.5625
      vertex 22.433714285714284 -2.6 -3.99
    endloop
  endfacet
  facet normal 0 0 -1
    outer loop
      vertex 5.5 -2.6 -3.99
      vertex 22.433714285714284 -2.6 -3.99
      vertex 22.433714285714284 -3.577142857142858 -3.99
    endloop
  endfacet
  facet normal 0 0 -1
    outer loop
      vertex 5.526184029877186 -3.8000000029802323 -3.99
      vertex 22.433714285714284 -3.577142857142858 -3.99
      vertex 22.447999999999997 -3.6 -3.99
    endloop
  endfacet
  facet normal 0 0 -1
    outer loop
      vertex 5.526184029877186 -3.8000000029802323 -3.99
      vertex 22.447999999999997 -3.6 -3.99
      vertex 27.447999999999997 -3.6 -3.99
    endloop
  endfacet
  facet normal 0 0 -1
    outer loop
      vertex 5.526184029877186 -3.8000000029802323 -3.99
      vertex 27.447999999999997 -3.6 -3.99
      vertex 31.951999999999998 -3.6 -3.99
    endloop
  endfacet
  facet normal 0 1 0
    outer loop
      vertex 28.072999999999997 -2.6 -2.1000000000000005
      vertex 31.326999999999998 -2.6 -3.5625
      vertex 28.072999999999997 -2.6 -3.5625
    endloop
  endfacet
  facet normal 0 1 0
    outer loop
      vertex 28.072999999999997 -2.6 -3.5625
      vertex 31.937714285714286 -2.6 -3.99
      vertex 27.46228571428571 -2.6 -3.99
    endloop
  endfacet
  facet normal 0 0 -1
    outer loop
      vertex 5.526184029877186 -3.8000000029802323 -3.99
      vertex 31.951999999999998 -3.6 -3.99
      vertex 36.952 -3.6 -3.99
    endloop
  endfacet
  facet normal 0 0 -1
    outer loop
      vertex 27.46228571428571 -2.6 -3.99
      vertex 31.937714285714286 -3.577142857142858 -3.99
      vertex 27.46228571428571 -3.577142857142858 -3.99
    endloop
  endfacet
  facet normal 0 0 -1
    outer loop
      vertex 27.447999999999997 -3.6 -3.99
      vertex 27.46228571428571 -3.577142857142858 -3.99
      vertex 31.951999999999998 -3.6 -3.99
    endloop
  endfacet
  facet normal 0 0 1
    outer loop
      vertex 2.5 -5.6 0.010000000000000009
      vertex 2.5 -101.30000000298023 0.010000000000000009
      vertex 2.8900000000000006 -100.00000000154598 0.010000000000000009
    endloop
  endfacet
  facet normal -1 0 0
    outer loop
      vertex 2.5 -5.6 0.010000000000000009
      vertex 2.5 -101.30000000298023 -3.99
      vertex 2.5 -101.30000000298023 0.010000000000000009
    endloop
  endfacet
  facet normal 1 0 0
    outer loop
      vertex 3.7000000029802322 -5.6261840298771855 0
      vertex 3.7000000029802322 -101.27381596565246 0
      vertex 3.7000000029802322 -101.27381596565246 -3.99
    endloop
  endfacet
  facet normal 0 0 -1
    outer loop
      vertex 3.7000000029802322 -5.6261840298771855 -3.99
      vertex 3.7000000029802322 -101.27381596565246 -3.99
      vertex 2.5 -101.30000000298023 -3.99
    endloop
  endfacet
  facet normal 0 0 1
    outer loop
      vertex 2.8900000000000006 -100.00000000154598 0.010000000000000009
      vertex 2.5 -101.30000000298023 0.010000000000000009
      vertex 2.8902283181063835 -100.00522934613748 0.010000000000000009
    endloop
  endfacet
  facet normal 0 0 1
    outer loop
      vertex 2.8902283181063835 -100.00522934613748 0.010000000000000009
      vertex 2.5 -101.30000000298023 0.010000000000000009
      vertex 2.905259261336178 -100.34949452929197 0.010000000000000009
    endloop
  endfacet
  facet normal 0 0 1
    outer loop
      vertex 2.905259261336178 -100.34949452929197 0.010000000000000009
      vertex 2.5 -101.30000000298023 0.010000000000000009
      vertex 2.950237690061331 -100.69113965151831 0.010000000000000009
    endloop
  endfacet
  facet normal 0 0 1
    outer loop
      vertex 2.950237690061331 -100.69113965151831 0.010000000000000009
      vertex 2.5 -101.30000000298023 0.010000000000000009
      vertex 2.950920906718821 -100.69632919762283 0.010000000000000009
    endloop
  endfacet
  facet normal 0 0 1
    outer loop
      vertex 2.950920906718821 -100.69632919762283 0.010000000000000009
      vertex 2.5 -101.30000000298023 0.010000000000000009
      vertex 2.9520538223534825 -100.7014394496195 0.010000000000000009
    endloop
  endfacet
  facet normal 0 0 1
    outer loop
      vertex 2.9520538223534825 -100.7014394496195 0.010000000000000009
      vertex 2.5 -101.30000000298023 0.010000000000000009
      vertex 3.0266374386474495 -101.0378643739596 0.010000000000000009
    endloop
  endfacet
  facet normal 0 0 1
    outer loop
      vertex 2.5 -101.30000000298023 0.010000000000000009
      vertex 3.0282114309817554 -101.04285643991082 0.010000000000000009
      vertex 3.0266374386474495 -101.0378643739596 0.010000000000000009
    endloop
  endfacet
  facet normal 0 0 1
    outer loop
      vertex 2.5 -101.30000000298023 0.010000000000000009
      vertex 2.511415906250477 -101.56146722882986 0.010000000000000009
      vertex 3.2637026852555575 -101.68986334694549 0.010000000000000009
    endloop
  endfacet
  facet normal 0 0 1
    outer loop
      vertex 2.5 -101.30000000298023 0.010000000000000009
      vertex 3.1318325929902495 -101.37150077434255 0.010000000000000009
      vertex 3.0282114309817554 -101.04285643991082 0.010000000000000009
    endloop
  endfacet
  facet normal 0 0 1
    outer loop
      vertex 2.511415906250477 -101.56146722882986 0.010000000000000009
      vertex 2.5455767437815666 -101.8209445387125 0.010000000000000009
      vertex 3.2637026852555575 -101.68986334694549 0.010000000000000009
    endloop
  endfacet
  facet normal 0 0 1
    outer loop
      vertex 2.5455767437815666 -101.8209445387125 0.010000000000000009
      vertex 2.6022225245833397 -102.07645714133977 0.010000000000000009
      vertex 3.2657057752460243 -101.6946992340125 0.010000000000000009
    endloop
  endfacet
  facet normal 0 0 1
    outer loop
      vertex 2.6022225245833397 -102.07645714133977 0.010000000000000009
      vertex 2.6809221357107162 -102.32606043517589 0.010000000000000009
      vertex 3.427238133326173 -102.00500000152736 0.010000000000000009
    endloop
  endfacet
  facet normal 0 0 1
    outer loop
      vertex 2.5 -101.30000000298023 0.010000000000000009
      vertex 3.2637026852555575 -101.68986334694549 0.010000000000000009
      vertex 3.1318325929902495 -101.37150077434255 0.010000000000000009
    endloop
  endfacet
  facet normal 0 0 1
    outer loop
      vertex 2.6022225245833397 -102.07645714133977 0.010000000000000009
      vertex 3.2681227182596926 -101.69934213828294 0.010000000000000009
      vertex 3.2657057752460243 -101.6946992340125 0.010000000000000009
    endloop
  endfacet
  facet normal 0 0 1
    outer loop
      vertex 2.5455767437815666 -101.8209445387125 0.010000000000000009
      vertex 3.2657057752460243 -101.6946992340125 0.010000000000000009
      vertex 3.2637026852555575 -101.68986334694549 0.010000000000000009
    endloop
  endfacet
  facet normal 0 0 1
    outer loop
      vertex 2.6022225245833397 -102.07645714133977 0.010000000000000009
      vertex 3.427238133326173 -102.00500000152736 0.010000000000000009
      vertex 3.2681227182596926 -101.69934213828294 0.010000000000000009
    endloop
  endfacet
  facet normal 0 0 1
    outer loop
      vertex 2.6809221357107162 -102.32606043517589 0.010000000000000009
      vertex 3.612387901414186 -102.29562692154198 0.010000000000000009
      vertex 3.427238133326173 -102.00500000152736 0.010000000000000009
    endloop
  endfacet
  facet normal 0 0 1
    outer loop
      vertex 2.6809221357107162 -102.32606043517589 0.010000000000000009
      vertex 2.7810766398906708 -102.56785479038953 0.010000000000000009
      vertex 3.612387901414186 -102.29562692154198 0.010000000000000009
    endloop
  endfacet
  facet normal 0 0 1
    outer loop
      vertex 3.6183867590129375 -102.30419417811557 0.010000000000000009
      vertex 2.7810766398906708 -102.56785479038953 0.010000000000000009
      vertex 2.901923790574074 -102.80000000298023 0.010000000000000009
    endloop
  endfacet
  facet normal 0 0 1
    outer loop
      vertex 3.6152003029920166 -102.30004150770604 0.010000000000000009
      vertex 2.7810766398906708 -102.56785479038953 0.010000000000000009
      vertex 3.6183867590129375 -102.30419417811557 0.010000000000000009
    endloop
  endfacet
  facet normal 0 0 1
    outer loop
      vertex 3.612387901414186 -102.29562692154198 0.010000000000000009
      vertex 2.7810766398906708 -102.56785479038953 0.010000000000000009
      vertex 3.6152003029920166 -102.30004150770604 0.010000000000000009
    endloop
  endfacet
  facet normal 0 0 1
    outer loop
      vertex 2.901923790574074 -102.80000000298023 0.010000000000000009
      vertex 3.0425438657402992 -103.02072930932044 0.010000000000000009
      vertex 3.8281617816165094 -102.5775783146359 0.010000000000000009
    endloop
  endfacet
  facet normal 0 0 1
    outer loop
      vertex 3.6183867590129375 -102.30419417811557 0.010000000000000009
      vertex 2.901923790574074 -102.80000000298023 0.010000000000000009
      vertex 3.8281617816165094 -102.5775783146359 0.010000000000000009
    endloop
  endfacet
  facet normal 0 0 1
    outer loop
      vertex 3.0425438657402992 -103.02072930932044 0.010000000000000009
      vertex 3.8316980413720017 -102.58143746495246 0.010000000000000009
      vertex 3.8281617816165094 -102.5775783146359 0.010000000000000009
    endloop
  endfacet
  facet normal 0 0 1
    outer loop
      vertex 3.0425438657402992 -103.02072930932044 0.010000000000000009
      vertex 3.2018666714429855 -103.22836283445358 0.010000000000000009
      vertex 4.064501811061055 -102.83549819044768 0.010000000000000009
    endloop
  endfacet
  facet normal 0 0 1
    outer loop
      vertex 3.0425438657402992 -103.02072930932044 0.010000000000000009
      vertex 4.064501811061055 -102.83549819044768 0.010000000000000009
      vertex 3.8316980413720017 -102.58143746495246 0.010000000000000009
    endloop
  endfacet
  facet normal 0 0 1
    outer loop
      vertex 3.2018666714429855 -103.22836283445358 0.010000000000000009
      vertex 3.3786796554923058 -103.42132034748792 0.010000000000000009
      vertex 4.064501811061055 -102.83549819044768 0.010000000000000009
    endloop
  endfacet
  facet normal 0 0 1
    outer loop
      vertex 3.3786796554923058 -103.42132034748792 0.010000000000000009
      vertex 3.5716371685266495 -103.59813333153724 0.010000000000000009
      vertex 4.318562536556274 -103.06830196013674 0.010000000000000009
    endloop
  endfacet
  facet normal 0 0 1
    outer loop
      vertex 3.3786796554923058 -103.42132034748792 0.010000000000000009
      vertex 4.318562536556274 -103.06830196013674 0.010000000000000009
      vertex 4.064501811061055 -102.83549819044768 0.010000000000000009
    endloop
  endfacet
  facet normal 0 0 1
    outer loop
      vertex 3.5716371685266495 -103.59813333153724 0.010000000000000009
      vertex 3.7792706936597824 -103.75745613723993 0.010000000000000009
      vertex 4.318562536556274 -103.06830196013674 0.010000000000000009
    endloop
  endfacet
  facet normal 0 0 1
    outer loop
      vertex 3.7792706936597824 -103.75745613723993 0.010000000000000009
      vertex 4.322421686872841 -103.07183821989223 0.010000000000000009
      vertex 4.318562536556274 -103.06830196013674 0.010000000000000009
    endloop
  endfacet
  facet normal 0 0 1
    outer loop
      vertex 3.7792706936597824 -103.75745613723993 0.010000000000000009
      vertex 4.5958058233931665 -103.2816132424958 0.010000000000000009
      vertex 4.322421686872841 -103.07183821989223 0.010000000000000009
    endloop
  endfacet
  facet normal 0 0 1
    outer loop
      vertex 3.7792706936597824 -103.75745613723993 0.010000000000000009
      vertex 4 -103.89807621240615 0.010000000000000009
      vertex 4.5958058233931665 -103.2816132424958 0.010000000000000009
    endloop
  endfacet
  facet normal 0 0 1
    outer loop
      vertex 4 -103.89807621240615 0.010000000000000009
      vertex 4.232145212590694 -104.01892336308956 0.010000000000000009
      vertex 4.5958058233931665 -103.2816132424958 0.010000000000000009
    endloop
  endfacet
  facet normal 0 0 1
    outer loop
      vertex 4.5958058233931665 -103.2816132424958 0.010000000000000009
      vertex 4.232145212590694 -104.01892336308956 0.010000000000000009
      vertex 4.5999584938026965 -103.28479969851672 0.010000000000000009
    endloop
  endfacet
  facet normal 0 0 1
    outer loop
      vertex 4.5999584938026965 -103.28479969851672 0.010000000000000009
      vertex 4.232145212590694 -104.01892336308956 0.010000000000000009
      vertex 4.604373079966754 -103.28761210009455 0.010000000000000009
    endloop
  endfacet
  facet normal 0 0 1
    outer loop
      vertex 4.604373079966754 -103.28761210009455 0.010000000000000009
      vertex 4.232145212590694 -104.01892336308956 0.010000000000000009
      vertex 4.894999999981374 -103.47276186818256 0.010000000000000009
    endloop
  endfacet
  facet normal 0 0 1
    outer loop
      vertex 4.232145212590694 -104.01892336308956 0.010000000000000009
      vertex 4.4739395678043365 -104.11907786726951 0.010000000000000009
      vertex 4.894999999981374 -103.47276186818256 0.010000000000000009
    endloop
  endfacet
  facet normal 0 0 1
    outer loop
      vertex 4.4739395678043365 -104.11907786726951 0.010000000000000009
      vertex 5.200657863225788 -103.63187728324904 0.010000000000000009
      vertex 4.894999999981374 -103.47276186818256 0.010000000000000009
    endloop
  endfacet
  facet normal 0 0 1
    outer loop
      vertex 5.200657863225788 -103.63187728324904 0.010000000000000009
      vertex 4.979055464267731 -104.25442325919866 0.010000000000000009
      vertex 5.205300767496229 -103.63429422626271 0.010000000000000009
    endloop
  endfacet
  facet normal 0 0 1
    outer loop
      vertex 5.205300767496229 -103.63429422626271 0.010000000000000009
      vertex 4.979055464267731 -104.25442325919866 0.010000000000000009
      vertex 5.210136654563248 -103.63629731625318 0.010000000000000009
    endloop
  endfacet
  facet normal 0 0 1
    outer loop
      vertex 5.210136654563248 -103.63629731625318 0.010000000000000009
      vertex 4.979055464267731 -104.25442325919866 0.010000000000000009
      vertex 5.528499227166176 -103.76816740851848 0.010000000000000009
    endloop
  endfacet
  facet normal 0 0 1
    outer loop
      vertex 4.4739395678043365 -104.11907786726951 0.010000000000000009
      vertex 4.723542861640453 -104.19777747839689 0.010000000000000009
      vertex 5.200657863225788 -103.63187728324904 0.010000000000000009
    endloop
  endfacet
  facet normal 0 0 1
    outer loop
      vertex 5.200657863225788 -103.63187728324904 0.010000000000000009
      vertex 4.723542861640453 -104.19777747839689 0.010000000000000009
      vertex 4.979055464267731 -104.25442325919866 0.010000000000000009
    endloop
  endfacet
  facet normal 0 0 1
    outer loop
      vertex 5.528499227166176 -103.76816740851848 0.010000000000000009
      vertex 4.979055464267731 -104.25442325919866 0.010000000000000009
      vertex 5.2385327741503716 -104.28858409672975 0.010000000000000009
    endloop
  endfacet
  facet normal 0 0 1
    outer loop
      vertex 5.528499227166176 -103.76816740851848 0.010000000000000009
      vertex 5.2385327741503716 -104.28858409672975 0.010000000000000009
      vertex 5.5 -104.30000000298023 0.010000000000000009
    endloop
  endfacet
  facet normal -0.9990482214769228 -0.04361938976874022 0
    outer loop
      vertex 2.5 -101.30000000298023 0.010000000000000009
      vertex 2.511415906250477 -101.56146722882986 -3.99
      vertex 2.511415906250477 -101.56146722882986 0.010000000000000009
    endloop
  endfacet
  facet normal -0.9914448605738744 -0.13052619829616904 0
    outer loop
      vertex 2.511415906250477 -101.56146722882986 0.010000000000000009
      vertex 2.5455767437815666 -101.8209445387125 -3.99
      vertex 2.5455767437815666 -101.8209445387125 0.010000000000000009
    endloop
  endfacet
  facet normal -0.9762960066667415 -0.21643961598231837 0
    outer loop
      vertex 2.5455767437815666 -101.8209445387125 0.010000000000000009
      vertex 2.6022225245833397 -102.07645714133977 -3.99
      vertex 2.6022225245833397 -102.07645714133977 0.010000000000000009
    endloop
  endfacet
  facet normal -0.9537169563580069 -0.3007057817123236 0
    outer loop
      vertex 2.6022225245833397 -102.07645714133977 0.010000000000000009
      vertex 2.6809221357107162 -102.32606043517589 -3.99
      vertex 2.6809221357107162 -102.32606043517589 0.010000000000000009
    endloop
  endfacet
  facet normal 0.99904822252865 0.043619365680223315 0
    outer loop
      vertex 3.7000000029802322 -101.27381596565246 0
      vertex 3.7079884111881256 -101.4567806854844 0
      vertex 3.7079884111881256 -101.4567806854844 -3.99
    endloop
  endfacet
  facet normal 0.9914448574888831 0.1305262217290014 0
    outer loop
      vertex 3.7079884111881256 -101.4567806854844 0
      vertex 3.7284719049930573 -101.61236823201179 0
      vertex 3.7284719049930573 -101.61236823201179 -3.99
    endloop
  endfacet
  facet normal 0.9762960123435545 0.21643959037586985 0
    outer loop
      vertex 3.7284719049930573 -101.61236823201179 0
      vertex 3.762437768280506 -101.76557835787534 0
      vertex 3.762437768280506 -101.76557835787534 -3.99
    endloop
  endfacet
  facet normal 0.9537169599452531 0.3007057703350312 0
    outer loop
      vertex 3.762437768280506 -101.76557835787534 0
      vertex 3.8096275478601456 -101.91524523347616 0
      vertex 3.8096275478601456 -101.91524523347616 -3.99
    endloop
  endfacet
  facet normal -0.9238795285325985 -0.38268344197049287 0
    outer loop
      vertex 2.6809221357107162 -102.32606043517589 0.010000000000000009
      vertex 2.7810766398906708 -102.56785479038953 -3.99
      vertex 2.7810766398906708 -102.56785479038953 0.010000000000000009
    endloop
  endfacet
  facet normal -0.8870108299460169 -0.46174861944404144 0
    outer loop
      vertex 2.7810766398906708 -102.56785479038953 0.010000000000000009
      vertex 2.901923790574074 -102.80000000298023 -3.99
      vertex 2.901923790574074 -102.80000000298023 0.010000000000000009
    endloop
  endfacet
  facet normal -0.8433914485690289 -0.5372996040205454 0
    outer loop
      vertex 2.901923790574074 -102.80000000298023 0.010000000000000009
      vertex 3.0425438657402992 -103.02072930932044 -3.99
      vertex 3.0425438657402992 -103.02072930932044 0.010000000000000009
    endloop
  endfacet
  facet normal -0.7933533435043424 -0.6087614248213178 0
    outer loop
      vertex 3.0425438657402992 -103.02072930932044 0.010000000000000009
      vertex 3.2018666714429855 -103.22836283445358 -3.99
      vertex 3.2018666714429855 -103.22836283445358 0.010000000000000009
    endloop
  endfacet
  facet normal -0.7372773375807703 -0.6755902067746475 0
    outer loop
      vertex 3.2018666714429855 -103.22836283445358 0.010000000000000009
      vertex 3.3786796554923058 -103.42132034748792 -3.99
      vertex 3.3786796554923058 -103.42132034748792 0.010000000000000009
    endloop
  endfacet
  facet normal -0.6755902067746475 -0.7372773375807703 0
    outer loop
      vertex 3.3786796554923058 -103.42132034748792 0.010000000000000009
      vertex 3.5716371685266495 -103.59813333153724 -3.99
      vertex 3.5716371685266495 -103.59813333153724 0.010000000000000009
    endloop
  endfacet
  facet normal -0.6087614248213178 -0.7933533435043424 0
    outer loop
      vertex 3.5716371685266495 -103.59813333153724 0.010000000000000009
      vertex 3.7792706936597824 -103.75745613723993 -3.99
      vertex 3.7792706936597824 -103.75745613723993 0.010000000000000009
    endloop
  endfacet
  facet normal 0.9238795311265409 0.38268343570816227 0
    outer loop
      vertex 3.8096275478601456 -101.91524523347616 0
      vertex 3.869682103395462 -102.06022975444793 0
      vertex 3.869682103395462 -102.06022975444793 -3.99
    endloop
  endfacet
  facet normal 0.8870108254239155 0.46174862813091716 0
    outer loop
      vertex 3.869682103395462 -102.06022975444793 0
      vertex 3.9421443194150925 -102.19942837059497 0
      vertex 3.9421443194150925 -102.19942837059497 -3.99
    endloop
  endfacet
  facet normal 0.8433914276619041 0.537299636838157 0
    outer loop
      vertex 3.9421443194150925 -102.19942837059497 0
      vertex 4.026462823152542 -102.33178189992904 0
      vertex 4.026462823152542 -102.33178189992904 -3.99
    endloop
  endfacet
  facet normal 0.7933533522982132 0.6087614133609218 0
    outer loop
      vertex 4.026462823152542 -102.33178189992904 0
      vertex 4.121995754539967 -102.4562828451395 0
      vertex 4.121995754539967 -102.4562828451395 -3.99
    endloop
  endfacet
  facet normal 0.7372773488719141 0.6755901944525259 0
    outer loop
      vertex 4.121995754539967 -102.4562828451395 0
      vertex 4.228016167879105 -102.57198382765054 0
      vertex 4.228016167879105 -102.57198382765054 -3.99
    endloop
  endfacet
  facet normal -0.5372996040205454 -0.8433914485690289 0
    outer loop
      vertex 3.7792706936597824 -103.75745613723993 0.010000000000000009
      vertex 4 -103.89807621240615 -3.99
      vertex 4 -103.89807621240615 0.010000000000000009
    endloop
  endfacet
  facet normal 0.6755901944525259 0.7372773488719141 0
    outer loop
      vertex 4.228016167879105 -102.57198382765054 0
      vertex 4.343717150390148 -102.67800424098968 0
      vertex 4.343717150390148 -102.67800424098968 -3.99
    endloop
  endfacet
  facet normal 0.6087614133609218 0.7933533522982132 0
    outer loop
      vertex 4.343717150390148 -102.67800424098968 0
      vertex 4.468218095600605 -102.7735371723771 0
      vertex 4.468218095600605 -102.7735371723771 -3.99
    endloop
  endfacet
  facet normal 0.537299636838157 0.8433914276619041 0
    outer loop
      vertex 4.468218095600605 -102.7735371723771 0
      vertex 4.600571624934673 -102.85785567611455 0
      vertex 4.600571624934673 -102.85785567611455 -3.99
    endloop
  endfacet
  facet normal -0.46174861944404144 -0.8870108299460169 0
    outer loop
      vertex 4 -103.89807621240615 0.010000000000000009
      vertex 4.232145212590694 -104.01892336308956 -3.99
      vertex 4.232145212590694 -104.01892336308956 0.010000000000000009
    endloop
  endfacet
  facet normal -0.38268344197049287 -0.9238795285325985 0
    outer loop
      vertex 4.232145212590694 -104.01892336308956 0.010000000000000009
      vertex 4.4739395678043365 -104.11907786726951 -3.99
      vertex 4.4739395678043365 -104.11907786726951 0.010000000000000009
    endloop
  endfacet
  facet normal -0.3007057817123236 -0.9537169563580069 0
    outer loop
      vertex 4.4739395678043365 -104.11907786726951 0.010000000000000009
      vertex 4.723542861640453 -104.19777747839689 -3.99
      vertex 4.723542861640453 -104.19777747839689 0.010000000000000009
    endloop
  endfacet
  facet normal 0.46174862813091716 0.8870108254239155 0
    outer loop
      vertex 4.600571624934673 -102.85785567611455 0
      vertex 4.739770241081715 -102.93031789213418 0
      vertex 4.739770241081715 -102.93031789213418 -3.99
    endloop
  endfacet
  facet normal 0.38268343570816227 0.9238795311265409 0
    outer loop
      vertex 4.739770241081715 -102.93031789213418 0
      vertex 4.88475476205349 -102.9903724476695 0
      vertex 4.88475476205349 -102.9903724476695 -3.99
    endloop
  endfacet
  facet normal 0.3007057703350312 0.9537169599452531 0
    outer loop
      vertex 4.88475476205349 -102.9903724476695 0
      vertex 5.0344216376543045 -103.03756222724914 0
      vertex 5.0344216376543045 -103.03756222724914 -3.99
    endloop
  endfacet
  facet normal 0.21643959037586985 0.9762960123435545 0
    outer loop
      vertex 5.0344216376543045 -103.03756222724914 0
      vertex 5.187631763517857 -103.07152809053659 0
      vertex 5.187631763517857 -103.07152809053659 -3.99
    endloop
  endfacet
  facet normal 0.1305262217290014 0.9914448574888831 0
    outer loop
      vertex 5.187631763517857 -103.07152809053659 0
      vertex 5.343219310045242 -103.09201158434152 0
      vertex 5.343219310045242 -103.09201158434152 -3.99
    endloop
  endfacet
  facet normal 0.04361940628546645 0.9990482207557869 0
    outer loop
      vertex 5.343219310045242 -103.09201158434152 0
      vertex 5.526184029877186 -103.1 0
      vertex 5.526184029877186 -103.1 -3.99
    endloop
  endfacet
  facet normal -0.21643961598231837 -0.9762960066667415 0
    outer loop
      vertex 4.723542861640453 -104.19777747839689 0.010000000000000009
      vertex 4.979055464267731 -104.25442325919866 -3.99
      vertex 4.979055464267731 -104.25442325919866 0.010000000000000009
    endloop
  endfacet
  facet normal -0.13052619829616904 -0.9914448605738744 0
    outer loop
      vertex 4.979055464267731 -104.25442325919866 0.010000000000000009
      vertex 5.2385327741503716 -104.28858409672975 -3.99
      vertex 5.2385327741503716 -104.28858409672975 0.010000000000000009
    endloop
  endfacet
  facet normal -0.04361938976874022 -0.9990482214769228 0
    outer loop
      vertex 5.2385327741503716 -104.28858409672975 0.010000000000000009
      vertex 5.5 -104.30000000298023 -3.99
      vertex 5.5 -104.30000000298023 0.010000000000000009
    endloop
  endfacet
  facet normal 0 0 1
    outer loop
      vertex 5.528499227166176 -103.76816740851848 0.010000000000000009
      vertex 5.5 -104.30000000298023 0.010000000000000009
      vertex 5.857143561597914 -103.87178857052697 0.010000000000000009
    endloop
  endfacet
  facet normal 0 0 1
    outer loop
      vertex 5.5 -104.30000000298023 0.010000000000000009
      vertex 5.862135627549142 -103.87336256286129 0.010000000000000009
      vertex 5.857143561597914 -103.87178857052697 0.010000000000000009
    endloop
  endfacet
  facet normal 0 0 1
    outer loop
      vertex 5.5 -104.30000000298023 0.010000000000000009
      vertex 6.1985605518892415 -103.94794617915525 0.010000000000000009
      vertex 5.862135627549142 -103.87336256286129 0.010000000000000009
    endloop
  endfacet
  facet normal 0 0 1
    outer loop
      vertex 5.5 -104.30000000298023 0.010000000000000009
      vertex 6.203670803885907 -103.94907909478991 0.010000000000000009
      vertex 6.1985605518892415 -103.94794617915525 0.010000000000000009
    endloop
  endfacet
  facet normal 0 0 1
    outer loop
      vertex 5.5 -104.30000000298023 0.010000000000000009
      vertex 6.208860349990428 -103.9497623114474 0.010000000000000009
      vertex 6.203670803885907 -103.94907909478991 0.010000000000000009
    endloop
  endfacet
  facet normal 0 0 1
    outer loop
      vertex 5.5 -104.30000000298023 0.010000000000000009
      vertex 6.550505472216756 -103.99474074017256 0.010000000000000009
      vertex 6.208860349990428 -103.9497623114474 0.010000000000000009
    endloop
  endfacet
  facet normal 0 0 1
    outer loop
      vertex 5.5 -104.30000000298023 0.010000000000000009
      vertex 6.894770655371249 -104.00977168340235 0.010000000000000009
      vertex 6.550505472216756 -103.99474074017256 0.010000000000000009
    endloop
  endfacet
  facet normal 0 0 1
    outer loop
      vertex 5.5 -104.30000000298023 0.010000000000000009
      vertex 6.8999999999627475 -104.01000000150873 0.010000000000000009
      vertex 6.894770655371249 -104.00977168340235 0.010000000000000009
    endloop
  endfacet
  facet normal 0 1 0
    outer loop
      vertex 5.526184029877186 -103.1 0
      vertex 14.847266337263099 -103.1 0
      vertex 5.526184029877186 -103.1 -3.99
    endloop
  endfacet
  facet normal 0 -1 0
    outer loop
      vertex 5.5 -104.30000000298023 0.010000000000000009
      vertex 14.694999998137355 -104.30000000298023 -2.100000001490117
      vertex 15.319999997707516 -104.30000000298023 -1.6000000018339873
    endloop
  endfacet
  facet normal 0 -1 0
    outer loop
      vertex 5.5 -104.30000000298023 0.010000000000000009
      vertex 15.319999997707516 -104.30000000298023 -1.6000000018339873
      vertex 20.320000002292485 -104.30000000298023 -1.6000000018339873
    endloop
  endfacet
  facet normal -0.9990482214769228 -0.04361938976874022 0
    outer loop
      vertex 2.5 -101.30000000298023 0.010000000000000009
      vertex 2.5 -101.30000000298023 -3.99
      vertex 2.511415906250477 -101.56146722882986 -3.99
    endloop
  endfacet
  facet normal -0.9914448605738744 -0.13052619829616904 0
    outer loop
      vertex 2.511415906250477 -101.56146722882986 0.010000000000000009
      vertex 2.511415906250477 -101.56146722882986 -3.99
      vertex 2.5455767437815666 -101.8209445387125 -3.99
    endloop
  endfacet
  facet normal -0.9762960066667415 -0.21643961598231837 0
    outer loop
      vertex 2.5455767437815666 -101.8209445387125 0.010000000000000009
      vertex 2.5455767437815666 -101.8209445387125 -3.99
      vertex 2.6022225245833397 -102.07645714133977 -3.99
    endloop
  endfacet
  facet normal -0.9537169563580069 -0.3007057817123236 0
    outer loop
      vertex 2.6022225245833397 -102.07645714133977 0.010000000000000009
      vertex 2.6022225245833397 -102.07645714133977 -3.99
      vertex 2.6809221357107162 -102.32606043517589 -3.99
    endloop
  endfacet
  facet normal 0.99904822252865 0.043619365680223315 0
    outer loop
      vertex 3.7000000029802322 -101.27381596565246 0
      vertex 3.7079884111881256 -101.4567806854844 -3.99
      vertex 3.7000000029802322 -101.27381596565246 -3.99
    endloop
  endfacet
  facet normal 0.9914448574888831 0.1305262217290014 0
    outer loop
      vertex 3.7079884111881256 -101.4567806854844 0
      vertex 3.7284719049930573 -101.61236823201179 -3.99
      vertex 3.7079884111881256 -101.4567806854844 -3.99
    endloop
  endfacet
  facet normal 0.9762960123435545 0.21643959037586985 0
    outer loop
      vertex 3.7284719049930573 -101.61236823201179 0
      vertex 3.762437768280506 -101.76557835787534 -3.99
      vertex 3.7284719049930573 -101.61236823201179 -3.99
    endloop
  endfacet
  facet normal 0.9537169599452531 0.3007057703350312 0
    outer loop
      vertex 3.762437768280506 -101.76557835787534 0
      vertex 3.8096275478601456 -101.91524523347616 -3.99
      vertex 3.762437768280506 -101.76557835787534 -3.99
    endloop
  endfacet
  facet normal -0.9238795285325985 -0.38268344197049287 0
    outer loop
      vertex 2.6809221357107162 -102.32606043517589 0.010000000000000009
      vertex 2.6809221357107162 -102.32606043517589 -3.99
      vertex 2.7810766398906708 -102.56785479038953 -3.99
    endloop
  endfacet
  facet normal -0.8870108299460169 -0.46174861944404144 0
    outer loop
      vertex 2.7810766398906708 -102.56785479038953 0.010000000000000009
      vertex 2.7810766398906708 -102.56785479038953 -3.99
      vertex 2.901923790574074 -102.80000000298023 -3.99
    endloop
  endfacet
  facet normal -0.8433914485690289 -0.5372996040205454 0
    outer loop
      vertex 2.901923790574074 -102.80000000298023 0.010000000000000009
      vertex 2.901923790574074 -102.80000000298023 -3.99
      vertex 3.0425438657402992 -103.02072930932044 -3.99
    endloop
  endfacet
  facet normal -0.7933533435043424 -0.6087614248213178 0
    outer loop
      vertex 3.0425438657402992 -103.02072930932044 0.010000000000000009
      vertex 3.0425438657402992 -103.02072930932044 -3.99
      vertex 3.2018666714429855 -103.22836283445358 -3.99
    endloop
  endfacet
  facet normal -0.7372773375807703 -0.6755902067746475 0
    outer loop
      vertex 3.2018666714429855 -103.22836283445358 0.010000000000000009
      vertex 3.2018666714429855 -103.22836283445358 -3.99
      vertex 3.3786796554923058 -103.42132034748792 -3.99
    endloop
  endfacet
  facet normal -0.6755902067746475 -0.7372773375807703 0
    outer loop
      vertex 3.3786796554923058 -103.42132034748792 0.010000000000000009
      vertex 3.3786796554923058 -103.42132034748792 -3.99
      vertex 3.5716371685266495 -103.59813333153724 -3.99
    endloop
  endfacet
  facet normal -0.6087614248213178 -0.7933533435043424 0
    outer loop
      vertex 3.5716371685266495 -103.59813333153724 0.010000000000000009
      vertex 3.5716371685266495 -103.59813333153724 -3.99
      vertex 3.7792706936597824 -103.75745613723993 -3.99
    endloop
  endfacet
  facet normal 0.9238795311265409 0.38268343570816227 0
    outer loop
      vertex 3.8096275478601456 -101.91524523347616 0
      vertex 3.869682103395462 -102.06022975444793 -3.99
      vertex 3.8096275478601456 -101.91524523347616 -3.99
    endloop
  endfacet
  facet normal 0.8870108254239155 0.46174862813091716 0
    outer loop
      vertex 3.869682103395462 -102.06022975444793 0
      vertex 3.9421443194150925 -102.19942837059497 -3.99
      vertex 3.869682103395462 -102.06022975444793 -3.99
    endloop
  endfacet
  facet normal 0.8433914276619041 0.537299636838157 0
    outer loop
      vertex 3.9421443194150925 -102.19942837059497 0
      vertex 4.026462823152542 -102.33178189992904 -3.99
      vertex 3.9421443194150925 -102.19942837059497 -3.99
    endloop
  endfacet
  facet normal 0.7933533522982132 0.6087614133609218 0
    outer loop
      vertex 4.026462823152542 -102.33178189992904 0
      vertex 4.121995754539967 -102.4562828451395 -3.99
      vertex 4.026462823152542 -102.33178189992904 -3.99
    endloop
  endfacet
  facet normal 0.7372773488719141 0.6755901944525259 0
    outer loop
      vertex 4.121995754539967 -102.4562828451395 0
      vertex 4.228016167879105 -102.57198382765054 -3.99
      vertex 4.121995754539967 -102.4562828451395 -3.99
    endloop
  endfacet
  facet normal -0.5372996040205454 -0.8433914485690289 0
    outer loop
      vertex 3.7792706936597824 -103.75745613723993 0.010000000000000009
      vertex 3.7792706936597824 -103.75745613723993 -3.99
      vertex 4 -103.89807621240615 -3.99
    endloop
  endfacet
  facet normal -0.46174861944404144 -0.8870108299460169 0
    outer loop
      vertex 4 -103.89807621240615 0.010000000000000009
      vertex 4 -103.89807621240615 -3.99
      vertex 4.232145212590694 -104.01892336308956 -3.99
    endloop
  endfacet
  facet normal 0.6755901944525259 0.7372773488719141 0
    outer loop
      vertex 4.228016167879105 -102.57198382765054 0
      vertex 4.343717150390148 -102.67800424098968 -3.99
      vertex 4.228016167879105 -102.57198382765054 -3.99
    endloop
  endfacet
  facet normal 0.6087614133609218 0.7933533522982132 0
    outer loop
      vertex 4.343717150390148 -102.67800424098968 0
      vertex 4.468218095600605 -102.7735371723771 -3.99
      vertex 4.343717150390148 -102.67800424098968 -3.99
    endloop
  endfacet
  facet normal 0.537299636838157 0.8433914276619041 0
    outer loop
      vertex 4.468218095600605 -102.7735371723771 0
      vertex 4.600571624934673 -102.85785567611455 -3.99
      vertex 4.468218095600605 -102.7735371723771 -3.99
    endloop
  endfacet
  facet normal 0.46174862813091716 0.8870108254239155 0
    outer loop
      vertex 4.600571624934673 -102.85785567611455 0
      vertex 4.739770241081715 -102.93031789213418 -3.99
      vertex 4.600571624934673 -102.85785567611455 -3.99
    endloop
  endfacet
  facet normal -0.38268344197049287 -0.9238795285325985 0
    outer loop
      vertex 4.232145212590694 -104.01892336308956 0.010000000000000009
      vertex 4.232145212590694 -104.01892336308956 -3.99
      vertex 4.4739395678043365 -104.11907786726951 -3.99
    endloop
  endfacet
  facet normal -0.3007057817123236 -0.9537169563580069 0
    outer loop
      vertex 4.4739395678043365 -104.11907786726951 0.010000000000000009
      vertex 4.4739395678043365 -104.11907786726951 -3.99
      vertex 4.723542861640453 -104.19777747839689 -3.99
    endloop
  endfacet
  facet normal 0.38268343570816227 0.9238795311265409 0
    outer loop
      vertex 4.739770241081715 -102.93031789213418 0
      vertex 4.88475476205349 -102.9903724476695 -3.99
      vertex 4.739770241081715 -102.93031789213418 -3.99
    endloop
  endfacet
  facet normal 0.3007057703350312 0.9537169599452531 0
    outer loop
      vertex 4.88475476205349 -102.9903724476695 0
      vertex 5.0344216376543045 -103.03756222724914 -3.99
      vertex 4.88475476205349 -102.9903724476695 -3.99
    endloop
  endfacet
  facet normal 0.21643959037586985 0.9762960123435545 0
    outer loop
      vertex 5.0344216376543045 -103.03756222724914 0
      vertex 5.187631763517857 -103.07152809053659 -3.99
      vertex 5.0344216376543045 -103.03756222724914 -3.99
    endloop
  endfacet
  facet normal 0.1305262217290014 0.9914448574888831 0
    outer loop
      vertex 5.187631763517857 -103.07152809053659 0
      vertex 5.343219310045242 -103.09201158434152 -3.99
      vertex 5.187631763517857 -103.07152809053659 -3.99
    endloop
  endfacet
  facet normal 0.04361940628546645 0.9990482207557869 0
    outer loop
      vertex 5.343219310045242 -103.09201158434152 0
      vertex 5.526184029877186 -103.1 -3.99
      vertex 5.343219310045242 -103.09201158434152 -3.99
    endloop
  endfacet
  facet normal -0.21643961598231837 -0.9762960066667415 0
    outer loop
      vertex 4.723542861640453 -104.19777747839689 0.010000000000000009
      vertex 4.723542861640453 -104.19777747839689 -3.99
      vertex 4.979055464267731 -104.25442325919866 -3.99
    endloop
  endfacet
  facet normal -0.13052619829616904 -0.9914448605738744 0
    outer loop
      vertex 4.979055464267731 -104.25442325919866 0.010000000000000009
      vertex 4.979055464267731 -104.25442325919866 -3.99
      vertex 5.2385327741503716 -104.28858409672975 -3.99
    endloop
  endfacet
  facet normal -0.04361938976874022 -0.9990482214769228 0
    outer loop
      vertex 5.2385327741503716 -104.28858409672975 0.010000000000000009
      vertex 5.2385327741503716 -104.28858409672975 -3.99
      vertex 5.5 -104.30000000298023 -3.99
    endloop
  endfacet
  facet normal 0 -1 0
    outer loop
      vertex 5.5 -104.30000000298023 0.010000000000000009
      vertex 5.5 -104.30000000298023 -3.99
      vertex 14.694999998137355 -104.30000000298023 -2.100000001490117
    endloop
  endfacet
  facet normal 0 0 -1
    outer loop
      vertex 2.5 -101.30000000298023 -3.99
      vertex 3.7079884111881256 -101.4567806854844 -3.99
      vertex 2.511415906250477 -101.56146722882986 -3.99
    endloop
  endfacet
  facet normal 0 0 -1
    outer loop
      vertex 2.511415906250477 -101.56146722882986 -3.99
      vertex 3.7079884111881256 -101.4567806854844 -3.99
      vertex 2.5455767437815666 -101.8209445387125 -3.99
    endloop
  endfacet
  facet normal 0 0 -1
    outer loop
      vertex 2.5455767437815666 -101.8209445387125 -3.99
      vertex 3.7284719049930573 -101.61236823201179 -3.99
      vertex 2.6022225245833397 -102.07645714133977 -3.99
    endloop
  endfacet
  facet normal 0 0 -1
    outer loop
      vertex 2.5 -101.30000000298023 -3.99
      vertex 3.7000000029802322 -101.27381596565246 -3.99
      vertex 3.7079884111881256 -101.4567806854844 -3.99
    endloop
  endfacet
  facet normal 0 0 -1
    outer loop
      vertex 2.6022225245833397 -102.07645714133977 -3.99
      vertex 3.8096275478601456 -101.91524523347616 -3.99
      vertex 2.6809221357107162 -102.32606043517589 -3.99
    endloop
  endfacet
  facet normal 0 0 -1
    outer loop
      vertex 2.6809221357107162 -102.32606043517589 -3.99
      vertex 3.869682103395462 -102.06022975444793 -3.99
      vertex 2.7810766398906708 -102.56785479038953 -3.99
    endloop
  endfacet
  facet normal 0 0 -1
    outer loop
      vertex 2.5455767437815666 -101.8209445387125 -3.99
      vertex 3.7079884111881256 -101.4567806854844 -3.99
      vertex 3.7284719049930573 -101.61236823201179 -3.99
    endloop
  endfacet
  facet normal 0 0 -1
    outer loop
      vertex 2.6022225245833397 -102.07645714133977 -3.99
      vertex 3.7284719049930573 -101.61236823201179 -3.99
      vertex 3.762437768280506 -101.76557835787534 -3.99
    endloop
  endfacet
  facet normal 0 0 -1
    outer loop
      vertex 2.6022225245833397 -102.07645714133977 -3.99
      vertex 3.762437768280506 -101.76557835787534 -3.99
      vertex 3.8096275478601456 -101.91524523347616 -3.99
    endloop
  endfacet
  facet normal 0 0 -1
    outer loop
      vertex 2.6809221357107162 -102.32606043517589 -3.99
      vertex 3.8096275478601456 -101.91524523347616 -3.99
      vertex 3.869682103395462 -102.06022975444793 -3.99
    endloop
  endfacet
  facet normal 0 0 -1
    outer loop
      vertex 2.7810766398906708 -102.56785479038953 -3.99
      vertex 3.869682103395462 -102.06022975444793 -3.99
      vertex 3.9421443194150925 -102.19942837059497 -3.99
    endloop
  endfacet
  facet normal 0 0 -1
    outer loop
      vertex 2.7810766398906708 -102.56785479038953 -3.99
      vertex 3.9421443194150925 -102.19942837059497 -3.99
      vertex 2.901923790574074 -102.80000000298023 -3.99
    endloop
  endfacet
  facet normal 0 0 -1
    outer loop
      vertex 2.901923790574074 -102.80000000298023 -3.99
      vertex 4.026462823152542 -102.33178189992904 -3.99
      vertex 3.0425438657402992 -103.02072930932044 -3.99
    endloop
  endfacet
  facet normal 0 0 -1
    outer loop
      vertex 3.0425438657402992 -103.02072930932044 -3.99
      vertex 4.121995754539967 -102.4562828451395 -3.99
      vertex 3.2018666714429855 -103.22836283445358 -3.99
    endloop
  endfacet
  facet normal 0 0 -1
    outer loop
      vertex 3.2018666714429855 -103.22836283445358 -3.99
      vertex 4.228016167879105 -102.57198382765054 -3.99
      vertex 3.3786796554923058 -103.42132034748792 -3.99
    endloop
  endfacet
  facet normal 0 0 -1
    outer loop
      vertex 2.901923790574074 -102.80000000298023 -3.99
      vertex 3.9421443194150925 -102.19942837059497 -3.99
      vertex 4.026462823152542 -102.33178189992904 -3.99
    endloop
  endfacet
  facet normal 0 0 -1
    outer loop
      vertex 3.0425438657402992 -103.02072930932044 -3.99
      vertex 4.026462823152542 -102.33178189992904 -3.99
      vertex 4.121995754539967 -102.4562828451395 -3.99
    endloop
  endfacet
  facet normal 0 0 -1
    outer loop
      vertex 3.3786796554923058 -103.42132034748792 -3.99
      vertex 4.343717150390148 -102.67800424098968 -3.99
      vertex 3.5716371685266495 -103.59813333153724 -3.99
    endloop
  endfacet
  facet normal 0 0 -1
    outer loop
      vertex 3.2018666714429855 -103.22836283445358 -3.99
      vertex 4.121995754539967 -102.4562828451395 -3.99
      vertex 4.228016167879105 -102.57198382765054 -3.99
    endloop
  endfacet
  facet normal 0 0 -1
    outer loop
      vertex 3.3786796554923058 -103.42132034748792 -3.99
      vertex 4.228016167879105 -102.57198382765054 -3.99
      vertex 4.343717150390148 -102.67800424098968 -3.99
    endloop
  endfacet
  facet normal 0 0 -1
    outer loop
      vertex 3.5716371685266495 -103.59813333153724 -3.99
      vertex 4.343717150390148 -102.67800424098968 -3.99
      vertex 4.468218095600605 -102.7735371723771 -3.99
    endloop
  endfacet
  facet normal 0 0 -1
    outer loop
      vertex 3.5716371685266495 -103.59813333153724 -3.99
      vertex 4.468218095600605 -102.7735371723771 -3.99
      vertex 3.7792706936597824 -103.75745613723993 -3.99
    endloop
  endfacet
  facet normal 0 0 -1
    outer loop
      vertex 3.7792706936597824 -103.75745613723993 -3.99
      vertex 4.600571624934673 -102.85785567611455 -3.99
      vertex 4 -103.89807621240615 -3.99
    endloop
  endfacet
  facet normal 0 0 -1
    outer loop
      vertex 3.7792706936597824 -103.75745613723993 -3.99
      vertex 4.468218095600605 -102.7735371723771 -3.99
      vertex 4.600571624934673 -102.85785567611455 -3.99
    endloop
  endfacet
  facet normal 0 0 -1
    outer loop
      vertex 4 -103.89807621240615 -3.99
      vertex 4.600571624934673 -102.85785567611455 -3.99
      vertex 4.739770241081715 -102.93031789213418 -3.99
    endloop
  endfacet
  facet normal 0 0 -1
    outer loop
      vertex 4 -103.89807621240615 -3.99
      vertex 4.739770241081715 -102.93031789213418 -3.99
      vertex 4.232145212590694 -104.01892336308956 -3.99
    endloop
  endfacet
  facet normal 0 0 -1
    outer loop
      vertex 4.232145212590694 -104.01892336308956 -3.99
      vertex 4.739770241081715 -102.93031789213418 -3.99
      vertex 4.88475476205349 -102.9903724476695 -3.99
    endloop
  endfacet
  facet normal 0 0 -1
    outer loop
      vertex 4.232145212590694 -104.01892336308956 -3.99
      vertex 4.88475476205349 -102.9903724476695 -3.99
      vertex 4.4739395678043365 -104.11907786726951 -3.99
    endloop
  endfacet
  facet normal 0 0 -1
    outer loop
      vertex 4.4739395678043365 -104.11907786726951 -3.99
      vertex 4.88475476205349 -102.9903724476695 -3.99
      vertex 5.0344216376543045 -103.03756222724914 -3.99
    endloop
  endfacet
  facet normal 0 0 -1
    outer loop
      vertex 4.4739395678043365 -104.11907786726951 -3.99
      vertex 5.0344216376543045 -103.03756222724914 -3.99
      vertex 4.723542861640453 -104.19777747839689 -3.99
    endloop
  endfacet
  facet normal 0 0 -1
    outer loop
      vertex 5.0344216376543045 -103.03756222724914 -3.99
      vertex 5.187631763517857 -103.07152809053659 -3.99
      vertex 4.723542861640453 -104.19777747839689 -3.99
    endloop
  endfacet
  facet normal 0 0 -1
    outer loop
      vertex 5.187631763517857 -103.07152809053659 -3.99
      vertex 4.979055464267731 -104.25442325919866 -3.99
      vertex 4.723542861640453 -104.19777747839689 -3.99
    endloop
  endfacet
  facet normal 0 0 -1
    outer loop
      vertex 5.187631763517857 -103.07152809053659 -3.99
      vertex 5.343219310045242 -103.09201158434152 -3.99
      vertex 4.979055464267731 -104.25442325919866 -3.99
    endloop
  endfacet
  facet normal 0 0 -1
    outer loop
      vertex 5.343219310045242 -103.09201158434152 -3.99
      vertex 5.2385327741503716 -104.28858409672975 -3.99
      vertex 4.979055464267731 -104.25442325919866 -3.99
    endloop
  endfacet
  facet normal 0 0 -1
    outer loop
      vertex 5.343219310045242 -103.09201158434152 -3.99
      vertex 5.526184029877186 -103.1 -3.99
      vertex 5.5 -104.30000000298023 -3.99
    endloop
  endfacet
  facet normal 0 0 -1
    outer loop
      vertex 5.343219310045242 -103.09201158434152 -3.99
      vertex 5.5 -104.30000000298023 -3.99
      vertex 5.2385327741503716 -104.28858409672975 -3.99
    endloop
  endfacet
  facet normal 0 0 -1
    outer loop
      vertex 5.526184029877186 -103.1 -3.99
      vertex 15.305714285714286 -104.30000000298023 -3.99
      vertex 5.5 -104.30000000298023 -3.99
    endloop
  endfacet
  facet normal 0 1 0
    outer loop
      vertex 14.847266337263099 -103.1 0
      vertex 14.847266337263099 -103.1 -3
      vertex 5.526184029877186 -103.1 -3.99
    endloop
  endfacet
  facet normal 0 -1 0
    outer loop
      vertex 5.5 -104.30000000298023 -3.99
      vertex 14.694999998137355 -104.30000000298023 -3.562499998696148
      vertex 14.694999998137355 -104.30000000298023 -2.100000001490117
    endloop
  endfacet
  facet normal 0 -1 0
    outer loop
      vertex 5.5 -104.30000000298023 -3.99
      vertex 15.305714285714286 -104.30000000298023 -3.99
      vertex 14.694999998137355 -104.30000000298023 -3.562499998696148
    endloop
  endfacet
  facet normal 0 0 -1
    outer loop
      vertex 5.526184029877186 -103.1 -3.99
      vertex 15.32 -103.3 -3.99
      vertex 15.305714285714286 -103.32285714285715 -3.99
    endloop
  endfacet
  facet normal 0 0 -1
    outer loop
      vertex 5.526184029877186 -103.1 -3.99
      vertex 15.305714285714286 -103.32285714285715 -3.99
      vertex 15.305714285714286 -104.30000000298023 -3.99
    endloop
  endfacet
  facet normal 0 0 1
    outer loop
      vertex 5.5 -104.30000000298023 0.010000000000000009
      vertex 52.50000000154599 -104.01000000150873 0.010000000000000009
      vertex 6.8999999999627475 -104.01000000150873 0.010000000000000009
    endloop
  endfacet
  facet normal 0 -1 0
    outer loop
      vertex 5.5 -104.30000000298023 0.010000000000000009
      vertex 20.320000002292485 -104.30000000298023 -1.6000000018339873
      vertex 38.45499999813735 -104.30000000298023 -2.100000001490117
    endloop
  endfacet
  facet normal 0 1 0
    outer loop
      vertex 17.5527336627369 -103.1 0
      vertex 41.8472663372631 -103.1 0
      vertex 17.5527336627369 -103.1 -3
    endloop
  endfacet
  facet normal 0 -1 0
    outer loop
      vertex 5.5 -104.30000000298023 0.010000000000000009
      vertex 38.45499999813735 -104.30000000298023 -2.100000001490117
      vertex 39.07999999770752 -104.30000000298023 -1.6000000018339873
    endloop
  endfacet
  facet normal 0 -1 0
    outer loop
      vertex 20.320000002292485 -104.30000000298023 -1.6000000018339873
      vertex 20.945000001862645 -104.30000000298023 -2.100000001490117
      vertex 38.45499999813735 -104.30000000298023 -2.100000001490117
    endloop
  endfacet
  facet normal 0 -1 0
    outer loop
      vertex 5.5 -104.30000000298023 0.010000000000000009
      vertex 39.07999999770752 -104.30000000298023 -1.6000000018339873
      vertex 44.08000000229248 -104.30000000298023 -1.6000000018339873
    endloop
  endfacet
  facet normal 0 1 0
    outer loop
      vertex 5.526184029877186 -103.1 -3.99
      vertex 14.847266337263099 -103.1 -3
      vertex 53.8738159686327 -103.1 -3.99
    endloop
  endfacet
  facet normal 0 -1 0
    outer loop
      vertex 20.945000001862645 -104.30000000298023 -2.100000001490117
      vertex 20.945000001862645 -104.30000000298023 -3.562499998696148
      vertex 38.45499999813735 -104.30000000298023 -2.100000001490117
    endloop
  endfacet
  facet normal 0 -1 0
    outer loop
      vertex 20.945000001862645 -104.30000000298023 -3.562499998696148
      vertex 20.334285714285716 -104.30000000298023 -3.99
      vertex 38.45499999813735 -104.30000000298023 -3.562499998696148
    endloop
  endfacet
  facet normal 0 1 0
    outer loop
      vertex 14.847266337263099 -103.1 -3
      vertex 17.5527336627369 -103.1 -3
      vertex 53.8738159686327 -103.1 -3.99
    endloop
  endfacet
  facet normal 0 0 -1
    outer loop
      vertex 5.526184029877186 -103.1 -3.99
      vertex 53.8738159686327 -103.1 -3.99
      vertex 15.32 -103.3 -3.99
    endloop
  endfacet
  facet normal 0 0 -1
    outer loop
      vertex 20.32 -103.3 -3.99
      vertex 39.065714285714286 -103.32285714285713 -3.99
      vertex 20.334285714285713 -103.32285714285715 -3.99
    endloop
  endfacet
  facet normal 0 0 -1
    outer loop
      vertex 20.334285714285713 -103.32285714285715 -3.99
      vertex 39.065714285714286 -104.30000000298023 -3.99
      vertex 20.334285714285716 -104.30000000298023 -3.99
    endloop
  endfacet
  facet normal 0 1 0
    outer loop
      vertex 27.447999999999997 -2.6 -1.6
      vertex 31.951999999999998 -2.6 -1.6
      vertex 31.326999999999998 -2.6 -2.1000000000000005
    endloop
  endfacet
  facet normal 0 1 0
    outer loop
      vertex 22.447999999999997 -2.6 -1.6
      vertex 53.899999998509884 -2.6 0.010000000000000009
      vertex 27.447999999999997 -2.6 -1.6
    endloop
  endfacet
  facet normal 0 0 1
    outer loop
      vertex 6.8999999999627475 -2.8900000000000006 0.010000000000000009
      vertex 52.50000000154599 -2.8900000000000006 0.010000000000000009
      vertex 53.899999998509884 -2.6 0.010000000000000009
    endloop
  endfacet
  facet normal 0 1 0
    outer loop
      vertex 27.447999999999997 -2.6 -1.6
      vertex 53.899999998509884 -2.6 0.010000000000000009
      vertex 31.951999999999998 -2.6 -1.6
    endloop
  endfacet
  facet normal 0 1 0
    outer loop
      vertex 31.951999999999998 -2.6 -1.6
      vertex 53.899999998509884 -2.6 0.010000000000000009
      vertex 36.952 -2.6 -1.6
    endloop
  endfacet
  facet normal 0 1 0
    outer loop
      vertex 36.952 -2.6 -1.6
      vertex 53.899999998509884 -2.6 0.010000000000000009
      vertex 37.577 -2.6 -2.1000000000000005
    endloop
  endfacet
  facet normal 0 1 0
    outer loop
      vertex 28.072999999999997 -2.6 -2.1000000000000005
      vertex 31.326999999999998 -2.6 -2.1000000000000005
      vertex 31.326999999999998 -2.6 -3.5625
    endloop
  endfacet
  facet normal 0 1 0
    outer loop
      vertex 28.072999999999997 -2.6 -3.5625
      vertex 31.326999999999998 -2.6 -3.5625
      vertex 31.937714285714286 -2.6 -3.99
    endloop
  endfacet
  facet normal 0 0 -1
    outer loop
      vertex 27.46228571428571 -2.6 -3.99
      vertex 31.937714285714286 -2.6 -3.99
      vertex 31.937714285714286 -3.577142857142858 -3.99
    endloop
  endfacet
  facet normal 0 0 -1
    outer loop
      vertex 27.46228571428571 -3.577142857142858 -3.99
      vertex 31.937714285714286 -3.577142857142858 -3.99
      vertex 31.951999999999998 -3.6 -3.99
    endloop
  endfacet
  facet normal 0 0 -1
    outer loop
      vertex 5.526184029877186 -3.8000000029802323 -3.99
      vertex 36.952 -3.6 -3.99
      vertex 53.8738159686327 -3.8000000029802323 -3.99
    endloop
  endfacet
  facet normal 0 -1 0
    outer loop
      vertex 5.526184029877186 -3.8000000029802323 -3.99
      vertex 53.8738159686327 -3.8000000029802323 -3.99
      vertex 53.8738159686327 -3.8000000029802323 0
    endloop
  endfacet
  facet normal 0 1 0
    outer loop
      vertex 37.577 -2.6 -2.1000000000000005
      vertex 53.899999998509884 -2.6 -3.99
      vertex 37.577 -2.6 -3.5625
    endloop
  endfacet
  facet normal 0 1 0
    outer loop
      vertex 37.577 -2.6 -3.5625
      vertex 53.899999998509884 -2.6 -3.99
      vertex 36.96628571428571 -2.6 -3.99
    endloop
  endfacet
  facet normal 0 0 -1
    outer loop
      vertex 36.96628571428571 -2.6 -3.99
      vertex 53.8738159686327 -3.8000000029802323 -3.99
      vertex 36.96628571428571 -3.577142857142858 -3.99
    endloop
  endfacet
  facet normal 0 0 -1
    outer loop
      vertex 36.952 -3.6 -3.99
      vertex 36.96628571428571 -3.577142857142858 -3.99
      vertex 53.8738159686327 -3.8000000029802323 -3.99
    endloop
  endfacet
  facet normal 0 0 1
    outer loop
      vertex 52.50000000154599 -2.8900000000000006 0.010000000000000009
      vertex 52.50522934613749 -2.8902283181063835 0.010000000000000009
      vertex 53.899999998509884 -2.6 0.010000000000000009
    endloop
  endfacet
  facet normal 0 0 1
    outer loop
      vertex 52.50522934613749 -2.8902283181063835 0.010000000000000009
      vertex 52.84949452929199 -2.905259261336178 0.010000000000000009
      vertex 53.899999998509884 -2.6 0.010000000000000009
    endloop
  endfacet
  facet normal 0 0 1
    outer loop
      vertex 52.84949452929199 -2.905259261336178 0.010000000000000009
      vertex 53.19113965151831 -2.950237690061331 0.010000000000000009
      vertex 53.899999998509884 -2.6 0.010000000000000009
    endloop
  endfacet
  facet normal 0 0 1
    outer loop
      vertex 53.19632919762284 -2.950920906718821 0.010000000000000009
      vertex 53.2014394496195 -2.9520538223534825 0.010000000000000009
      vertex 53.899999998509884 -2.6 0.010000000000000009
    endloop
  endfacet
  facet normal 0 0 1
    outer loop
      vertex 53.19632919762284 -2.950920906718821 0.010000000000000009
      vertex 53.899999998509884 -2.6 0.010000000000000009
      vertex 53.19113965151831 -2.950237690061331 0.010000000000000009
    endloop
  endfacet
  facet normal 0 0 1
    outer loop
      vertex 53.2014394496195 -2.9520538223534825 0.010000000000000009
      vertex 53.5378643739596 -3.0266374386474495 0.010000000000000009
      vertex 53.899999998509884 -2.6 0.010000000000000009
    endloop
  endfacet
  facet normal 0 0 1
    outer loop
      vertex 53.54285643991083 -3.028211430981756 0.010000000000000009
      vertex 53.899999998509884 -2.6 0.010000000000000009
      vertex 53.5378643739596 -3.0266374386474495 0.010000000000000009
    endloop
  endfacet
  facet normal 0 0 1
    outer loop
      vertex 53.54285643991083 -3.028211430981756 0.010000000000000009
      vertex 53.871500774342564 -3.1318325929902495 0.010000000000000009
      vertex 53.899999998509884 -2.6 0.010000000000000009
    endloop
  endfacet
  facet normal 0 0 1
    outer loop
      vertex 53.899999998509884 -2.6 0.010000000000000009
      vertex 53.871500774342564 -3.1318325929902495 0.010000000000000009
      vertex 54.16146722435951 -2.611415906250477 0.010000000000000009
    endloop
  endfacet
  facet normal 0 0 1
    outer loop
      vertex 54.16146722435951 -2.611415906250477 0.010000000000000009
      vertex 53.871500774342564 -3.1318325929902495 0.010000000000000009
      vertex 54.42094453424215 -2.6455767437815667 0.010000000000000009
    endloop
  endfacet
  facet normal 0 0 1
    outer loop
      vertex 54.42094453424215 -2.6455767437815667 0.010000000000000009
      vertex 54.19934213828295 -3.2681227182596926 0.010000000000000009
      vertex 54.67645713686943 -2.70222252458334 0.010000000000000009
    endloop
  endfacet
  facet normal 0 0 1
    outer loop
      vertex 54.42094453424215 -2.6455767437815667 0.010000000000000009
      vertex 53.871500774342564 -3.1318325929902495 0.010000000000000009
      vertex 54.189863346945494 -3.2637026852555575 0.010000000000000009
    endloop
  endfacet
  facet normal 0 0 1
    outer loop
      vertex 54.42094453424215 -2.6455767437815667 0.010000000000000009
      vertex 54.19469923401251 -3.2657057752460243 0.010000000000000009
      vertex 54.19934213828295 -3.2681227182596926 0.010000000000000009
    endloop
  endfacet
  facet normal 0 0 1
    outer loop
      vertex 54.42094453424215 -2.6455767437815667 0.010000000000000009
      vertex 54.189863346945494 -3.2637026852555575 0.010000000000000009
      vertex 54.19469923401251 -3.2657057752460243 0.010000000000000009
    endloop
  endfacet
  facet normal 0 0 1
    outer loop
      vertex 54.67645713686943 -2.70222252458334 0.010000000000000009
      vertex 54.19934213828295 -3.2681227182596926 0.010000000000000009
      vertex 54.50500000152737 -3.427238133326173 0.010000000000000009
    endloop
  endfacet
  facet normal 0 0 1
    outer loop
      vertex 54.67645713686943 -2.70222252458334 0.010000000000000009
      vertex 54.50500000152737 -3.427238133326173 0.010000000000000009
      vertex 54.92606043070555 -2.7809221357107163 0.010000000000000009
    endloop
  endfacet
  facet normal 0 0 1
    outer loop
      vertex 54.50500000152737 -3.427238133326173 0.010000000000000009
      vertex 55.16785478591919 -2.881076639890671 0.010000000000000009
      vertex 54.92606043070555 -2.7809221357107163 0.010000000000000009
    endloop
  endfacet
  facet normal 0 0 1
    outer loop
      vertex 54.50500000152737 -3.427238133326173 0.010000000000000009
      vertex 54.79562692154199 -3.612387901414186 0.010000000000000009
      vertex 55.16785478591919 -2.881076639890671 0.010000000000000009
    endloop
  endfacet
  facet normal 0 0 1
    outer loop
      vertex 55.16785478591919 -2.881076639890671 0.010000000000000009
      vertex 54.80004150770605 -3.6152003029920166 0.010000000000000009
      vertex 54.80419417811557 -3.618386759012938 0.010000000000000009
    endloop
  endfacet
  facet normal 0 0 1
    outer loop
      vertex 55.16785478591919 -2.881076639890671 0.010000000000000009
      vertex 54.79562692154199 -3.612387901414186 0.010000000000000009
      vertex 54.80004150770605 -3.6152003029920166 0.010000000000000009
    endloop
  endfacet
  facet normal 0 0 1
    outer loop
      vertex 55.16785478591919 -2.881076639890671 0.010000000000000009
      vertex 54.80419417811557 -3.618386759012938 0.010000000000000009
      vertex 55.399999998509884 -3.001923790574074 0.010000000000000009
    endloop
  endfacet
  facet normal 0 0 1
    outer loop
      vertex 54.80419417811557 -3.618386759012938 0.010000000000000009
      vertex 55.6207293048501 -3.1425438657402993 0.010000000000000009
      vertex 55.399999998509884 -3.001923790574074 0.010000000000000009
    endloop
  endfacet
  facet normal 0 0 1
    outer loop
      vertex 54.80419417811557 -3.618386759012938 0.010000000000000009
      vertex 55.0775783146359 -3.8281617816165094 0.010000000000000009
      vertex 55.6207293048501 -3.1425438657402993 0.010000000000000009
    endloop
  endfacet
  facet normal 0 0 1
    outer loop
      vertex 55.081437464952465 -3.8316980413720017 0.010000000000000009
      vertex 55.6207293048501 -3.1425438657402993 0.010000000000000009
      vertex 55.0775783146359 -3.8281617816165094 0.010000000000000009
    endloop
  endfacet
  facet normal 0 0 1
    outer loop
      vertex 55.081437464952465 -3.8316980413720017 0.010000000000000009
      vertex 55.33549819044769 -4.064501811061055 0.010000000000000009
      vertex 55.828362829983234 -3.3018666714429856 0.010000000000000009
    endloop
  endfacet
  facet normal 0 0 1
    outer loop
      vertex 55.081437464952465 -3.8316980413720017 0.010000000000000009
      vertex 55.828362829983234 -3.3018666714429856 0.010000000000000009
      vertex 55.6207293048501 -3.1425438657402993 0.010000000000000009
    endloop
  endfacet
  facet normal 0 0 1
    outer loop
      vertex 55.33549819044769 -4.064501811061055 0.010000000000000009
      vertex 56.02132034301758 -3.478679655492306 0.010000000000000009
      vertex 55.828362829983234 -3.3018666714429856 0.010000000000000009
    endloop
  endfacet
  facet normal 0 0 1
    outer loop
      vertex 55.33549819044769 -4.064501811061055 0.010000000000000009
      vertex 56.1981333270669 -3.6716371685266496 0.010000000000000009
      vertex 56.02132034301758 -3.478679655492306 0.010000000000000009
    endloop
  endfacet
  facet normal 0 0 1
    outer loop
      vertex 55.33549819044769 -4.064501811061055 0.010000000000000009
      vertex 55.56830196013674 -4.318562536556274 0.010000000000000009
      vertex 56.1981333270669 -3.6716371685266496 0.010000000000000009
    endloop
  endfacet
  facet normal 0 0 1
    outer loop
      vertex 55.571838219892236 -4.322421686872841 0.010000000000000009
      vertex 56.1981333270669 -3.6716371685266496 0.010000000000000009
      vertex 55.56830196013674 -4.318562536556274 0.010000000000000009
    endloop
  endfacet
  facet normal 0 0 1
    outer loop
      vertex 55.571838219892236 -4.322421686872841 0.010000000000000009
      vertex 55.7816132424958 -4.5958058233931665 0.010000000000000009
      vertex 56.49807620793581 -4.1 0.010000000000000009
    endloop
  endfacet
  facet normal 0 0 1
    outer loop
      vertex 55.571838219892236 -4.322421686872841 0.010000000000000009
      vertex 56.357456132769585 -3.8792706936597825 0.010000000000000009
      vertex 56.1981333270669 -3.6716371685266496 0.010000000000000009
    endloop
  endfacet
  facet normal 0 0 1
    outer loop
      vertex 55.571838219892236 -4.322421686872841 0.010000000000000009
      vertex 56.49807620793581 -4.1 0.010000000000000009
      vertex 56.357456132769585 -3.8792706936597825 0.010000000000000009
    endloop
  endfacet
  facet normal 0 0 1
    outer loop
      vertex 56.49807620793581 -4.1 0.010000000000000009
      vertex 55.7816132424958 -4.5958058233931665 0.010000000000000009
      vertex 55.78479969851673 -4.5999584938026965 0.010000000000000009
    endloop
  endfacet
  facet normal 0 0 1
    outer loop
      vertex 56.49807620793581 -4.1 0.010000000000000009
      vertex 55.78479969851673 -4.5999584938026965 0.010000000000000009
      vertex 55.787612100094556 -4.604373079966754 0.010000000000000009
    endloop
  endfacet
  facet normal 0 0 1
    outer loop
      vertex 56.49807620793581 -4.1 0.010000000000000009
      vertex 55.787612100094556 -4.604373079966754 0.010000000000000009
      vertex 56.61892335861921 -4.332145212590694 0.010000000000000009
    endloop
  endfacet
  facet normal 0 0 1
    outer loop
      vertex 56.61892335861921 -4.332145212590694 0.010000000000000009
      vertex 55.787612100094556 -4.604373079966754 0.010000000000000009
      vertex 56.71907786279917 -4.573939567804336 0.010000000000000009
    endloop
  endfacet
  facet normal 0 0 1
    outer loop
      vertex 55.787612100094556 -4.604373079966754 0.010000000000000009
      vertex 55.972761868182566 -4.894999999981374 0.010000000000000009
      vertex 56.71907786279917 -4.573939567804336 0.010000000000000009
    endloop
  endfacet
  facet normal 0 0 1
    outer loop
      vertex 55.972761868182566 -4.894999999981374 0.010000000000000009
      vertex 56.131877283249054 -5.200657863225788 0.010000000000000009
      vertex 56.797777473926544 -4.823542861640453 0.010000000000000009
    endloop
  endfacet
  facet normal 0 0 1
    outer loop
      vertex 56.13429422626272 -5.205300767496229 0.010000000000000009
      vertex 56.136297316253184 -5.210136654563248 0.010000000000000009
      vertex 56.85442325472832 -5.07905546426773 0.010000000000000009
    endloop
  endfacet
  facet normal 0 0 1
    outer loop
      vertex 56.13429422626272 -5.205300767496229 0.010000000000000009
      vertex 56.797777473926544 -4.823542861640453 0.010000000000000009
      vertex 56.131877283249054 -5.200657863225788 0.010000000000000009
    endloop
  endfacet
  facet normal 0 0 1
    outer loop
      vertex 56.136297316253184 -5.210136654563248 0.010000000000000009
      vertex 56.268167408518494 -5.528499227166177 0.010000000000000009
      vertex 56.899999998509884 -5.6 0.010000000000000009
    endloop
  endfacet
  facet normal 0 0 1
    outer loop
      vertex 55.972761868182566 -4.894999999981374 0.010000000000000009
      vertex 56.797777473926544 -4.823542861640453 0.010000000000000009
      vertex 56.71907786279917 -4.573939567804336 0.010000000000000009
    endloop
  endfacet
  facet normal 0 0 1
    outer loop
      vertex 56.13429422626272 -5.205300767496229 0.010000000000000009
      vertex 56.85442325472832 -5.07905546426773 0.010000000000000009
      vertex 56.797777473926544 -4.823542861640453 0.010000000000000009
    endloop
  endfacet
  facet normal 0 0 1
    outer loop
      vertex 56.136297316253184 -5.210136654563248 0.010000000000000009
      vertex 56.88858409225941 -5.338532774150371 0.010000000000000009
      vertex 56.85442325472832 -5.07905546426773 0.010000000000000009
    endloop
  endfacet
  facet normal 0 0 1
    outer loop
      vertex 56.268167408518494 -5.528499227166177 0.010000000000000009
      vertex 56.37178857052699 -5.857143561597914 0.010000000000000009
      vertex 56.899999998509884 -5.6 0.010000000000000009
    endloop
  endfacet
  facet normal 0 0 1
    outer loop
      vertex 56.136297316253184 -5.210136654563248 0.010000000000000009
      vertex 56.899999998509884 -5.6 0.010000000000000009
      vertex 56.88858409225941 -5.338532774150371 0.010000000000000009
    endloop
  endfacet
  facet normal 0 0 1
    outer loop
      vertex 56.373362562861296 -5.862135627549142 0.010000000000000009
      vertex 56.899999998509884 -5.6 0.010000000000000009
      vertex 56.37178857052699 -5.857143561597914 0.010000000000000009
    endloop
  endfacet
  facet normal 0 0 1
    outer loop
      vertex 56.373362562861296 -5.862135627549142 0.010000000000000009
      vertex 56.44794617915526 -6.1985605518892415 0.010000000000000009
      vertex 56.899999998509884 -5.6 0.010000000000000009
    endloop
  endfacet
  facet normal 0 0 1
    outer loop
      vertex 56.899999998509884 -5.6 0.010000000000000009
      vertex 56.44794617915526 -6.1985605518892415 0.010000000000000009
      vertex 56.44907909478992 -6.203670803885907 0.010000000000000009
    endloop
  endfacet
  facet normal 0 0 1
    outer loop
      vertex 56.899999998509884 -5.6 0.010000000000000009
      vertex 56.44907909478992 -6.203670803885907 0.010000000000000009
      vertex 56.44976231144741 -6.208860349990428 0.010000000000000009
    endloop
  endfacet
  facet normal 0 0 1
    outer loop
      vertex 56.899999998509884 -5.6 0.010000000000000009
      vertex 56.44976231144741 -6.208860349990428 0.010000000000000009
      vertex 56.49474074017257 -6.550505472216756 0.010000000000000009
    endloop
  endfacet
  facet normal 0 0 1
    outer loop
      vertex 56.899999998509884 -5.6 0.010000000000000009
      vertex 56.49474074017257 -6.550505472216756 0.010000000000000009
      vertex 56.509771683402356 -6.894770655371249 0.010000000000000009
    endloop
  endfacet
  facet normal 0 0 1
    outer loop
      vertex 56.899999998509884 -5.6 0.010000000000000009
      vertex 56.509771683402356 -6.894770655371249 0.010000000000000009
      vertex 56.51000000150874 -6.8999999999627475 0.010000000000000009
    endloop
  endfacet
  facet normal 0.04361938976874022 0.9990482214769228 0
    outer loop
      vertex 53.899999998509884 -2.6 0.010000000000000009
      vertex 54.16146722435951 -2.611415906250477 0.010000000000000009
      vertex 53.899999998509884 -2.6 -3.99
    endloop
  endfacet
  facet normal 0.13052619829616904 0.9914448605738744 0
    outer loop
      vertex 54.16146722435951 -2.611415906250477 0.010000000000000009
      vertex 54.42094453424215 -2.6455767437815667 0.010000000000000009
      vertex 54.16146722435951 -2.611415906250477 -3.99
    endloop
  endfacet
  facet normal 0.21643961598231837 0.9762960066667415 0
    outer loop
      vertex 54.42094453424215 -2.6455767437815667 0.010000000000000009
      vertex 54.67645713686943 -2.70222252458334 0.010000000000000009
      vertex 54.42094453424215 -2.6455767437815667 -3.99
    endloop
  endfacet
  facet normal -0.04361936745308572 -0.9990482224512452 0
    outer loop
      vertex 53.8738159686327 -3.8000000029802323 0
      vertex 53.8738159686327 -3.8000000029802323 -3.99
      vertex 54.05678068101406 -3.8079884111881257 0
    endloop
  endfacet
  facet normal -0.1305262217290014 -0.9914448574888831 0
    outer loop
      vertex 54.05678068101406 -3.8079884111881257 0
      vertex 54.05678068101406 -3.8079884111881257 -3.99
      vertex 54.21236822754145 -3.8284719049930573 0
    endloop
  endfacet
  facet normal -0.21643959037586985 -0.9762960123435545 0
    outer loop
      vertex 54.21236822754145 -3.8284719049930573 0
      vertex 54.21236822754145 -3.8284719049930573 -3.99
      vertex 54.365578353405 -3.8624377682805062 0
    endloop
  endfacet
  facet normal -0.3007057703350312 -0.9537169599452531 0
    outer loop
      vertex 54.365578353405 -3.8624377682805062 0
      vertex 54.365578353405 -3.8624377682805062 -3.99
      vertex 54.515245229005814 -3.9096275478601457 0
    endloop
  endfacet
  facet normal -0.38268343570816227 -0.9238795311265409 0
    outer loop
      vertex 54.515245229005814 -3.9096275478601457 0
      vertex 54.515245229005814 -3.9096275478601457 -3.99
      vertex 54.66022974997759 -3.969682103395462 0
    endloop
  endfacet
  facet normal -0.4617486281309149 -0.8870108254239166 0
    outer loop
      vertex 54.66022974997759 -3.969682103395462 0
      vertex 54.66022974997759 -3.969682103395462 -3.99
      vertex 54.79942836612463 -4.042144319415092 0
    endloop
  endfacet
  facet normal 0.3007057817123236 0.9537169563580069 0
    outer loop
      vertex 54.67645713686943 -2.70222252458334 0.010000000000000009
      vertex 54.92606043070555 -2.7809221357107163 0.010000000000000009
      vertex 54.67645713686943 -2.70222252458334 -3.99
    endloop
  endfacet
  facet normal 0.38268344197049287 0.9238795285325985 0
    outer loop
      vertex 54.92606043070555 -2.7809221357107163 0.010000000000000009
      vertex 55.16785478591919 -2.881076639890671 0.010000000000000009
      vertex 54.92606043070555 -2.7809221357107163 -3.99
    endloop
  endfacet
  facet normal 0.46174861944404144 0.8870108299460169 0
    outer loop
      vertex 55.16785478591919 -2.881076639890671 0.010000000000000009
      vertex 55.399999998509884 -3.001923790574074 0.010000000000000009
      vertex 55.16785478591919 -2.881076639890671 -3.99
    endloop
  endfacet
  facet normal -0.537299636838157 -0.8433914276619041 0
    outer loop
      vertex 54.79942836612463 -4.042144319415092 0
      vertex 54.79942836612463 -4.042144319415092 -3.99
      vertex 54.9317818954587 -4.126462823152542 0
    endloop
  endfacet
  facet normal -0.6087614133609218 -0.7933533522982132 0
    outer loop
      vertex 54.9317818954587 -4.126462823152542 0
      vertex 54.9317818954587 -4.126462823152542 -3.99
      vertex 55.056282840669155 -4.221995754539966 0
    endloop
  endfacet
  facet normal -0.6755901944525259 -0.7372773488719141 0
    outer loop
      vertex 55.056282840669155 -4.221995754539966 0
      vertex 55.056282840669155 -4.221995754539966 -3.99
      vertex 55.1719838231802 -4.328016167879104 0
    endloop
  endfacet
  facet normal 0.5372996040205454 0.8433914485690289 0
    outer loop
      vertex 55.399999998509884 -3.001923790574074 0.010000000000000009
      vertex 55.6207293048501 -3.1425438657402993 0.010000000000000009
      vertex 55.399999998509884 -3.001923790574074 -3.99
    endloop
  endfacet
  facet normal -0.7372773488719141 -0.6755901944525259 0
    outer loop
      vertex 55.1719838231802 -4.328016167879104 0
      vertex 55.1719838231802 -4.328016167879104 -3.99
      vertex 55.27800423651934 -4.443717150390148 0
    endloop
  endfacet
  facet normal -0.7933533522982132 -0.6087614133609218 0
    outer loop
      vertex 55.27800423651934 -4.443717150390148 0
      vertex 55.27800423651934 -4.443717150390148 -3.99
      vertex 55.37353716790676 -4.568218095600605 0
    endloop
  endfacet
  facet normal -0.8433914276619041 -0.537299636838157 0
    outer loop
      vertex 55.37353716790676 -4.568218095600605 0
      vertex 55.37353716790676 -4.568218095600605 -3.99
      vertex 55.45785567164421 -4.700571624934673 0
    endloop
  endfacet
  facet normal -0.8870108254239155 -0.46174862813091716 0
    outer loop
      vertex 55.45785567164421 -4.700571624934673 0
      vertex 55.45785567164421 -4.700571624934673 -3.99
      vertex 55.53031788766384 -4.839770241081714 0
    endloop
  endfacet
  facet normal -0.9238795311265409 -0.38268343570816227 0
    outer loop
      vertex 55.53031788766384 -4.839770241081714 0
      vertex 55.53031788766384 -4.839770241081714 -3.99
      vertex 55.59037244319916 -4.984754762053489 0
    endloop
  endfacet
  facet normal 0.6087614248213178 0.7933533435043424 0
    outer loop
      vertex 55.6207293048501 -3.1425438657402993 0.010000000000000009
      vertex 55.828362829983234 -3.3018666714429856 0.010000000000000009
      vertex 55.6207293048501 -3.1425438657402993 -3.99
    endloop
  endfacet
  facet normal 0.6755902067746475 0.7372773375807703 0
    outer loop
      vertex 55.828362829983234 -3.3018666714429856 0.010000000000000009
      vertex 56.02132034301758 -3.478679655492306 0.010000000000000009
      vertex 55.828362829983234 -3.3018666714429856 -3.99
    endloop
  endfacet
  facet normal 0.7372773375807703 0.6755902067746475 0
    outer loop
      vertex 56.02132034301758 -3.478679655492306 0.010000000000000009
      vertex 56.1981333270669 -3.6716371685266496 0.010000000000000009
      vertex 56.02132034301758 -3.478679655492306 -3.99
    endloop
  endfacet
  facet normal 0.7933533435043424 0.6087614248213178 0
    outer loop
      vertex 56.1981333270669 -3.6716371685266496 0.010000000000000009
      vertex 56.357456132769585 -3.8792706936597825 0.010000000000000009
      vertex 56.1981333270669 -3.6716371685266496 -3.99
    endloop
  endfacet
  facet normal 0.8433914485690285 0.5372996040205463 0
    outer loop
      vertex 56.357456132769585 -3.8792706936597825 0.010000000000000009
      vertex 56.49807620793581 -4.1 0.010000000000000009
      vertex 56.357456132769585 -3.8792706936597825 -3.99
    endloop
  endfacet
  facet normal 0.8870108299460169 0.46174861944404144 0
    outer loop
      vertex 56.49807620793581 -4.1 0.010000000000000009
      vertex 56.61892335861921 -4.332145212590694 0.010000000000000009
      vertex 56.49807620793581 -4.1 -3.99
    endloop
  endfacet
  facet normal 0.9238795285325985 0.38268344197049287 0
    outer loop
      vertex 56.61892335861921 -4.332145212590694 0.010000000000000009
      vertex 56.71907786279917 -4.573939567804336 0.010000000000000009
      vertex 56.61892335861921 -4.332145212590694 -3.99
    endloop
  endfacet
  facet normal -0.9537169599452531 -0.3007057703350312 0
    outer loop
      vertex 55.59037244319916 -4.984754762053489 0
      vertex 55.59037244319916 -4.984754762053489 -3.99
      vertex 55.6375622227788 -5.134421637654304 0
    endloop
  endfacet
  facet normal -0.9762960123435545 -0.21643959037586985 0
    outer loop
      vertex 55.6375622227788 -5.134421637654304 0
      vertex 55.6375622227788 -5.134421637654304 -3.99
      vertex 55.671528086066246 -5.287631763517856 0
    endloop
  endfacet
  facet normal -0.9914448574888831 -0.1305262217290014 0
    outer loop
      vertex 55.671528086066246 -5.287631763517856 0
      vertex 55.671528086066246 -5.287631763517856 -3.99
      vertex 55.69201157987118 -5.443219310045242 0
    endloop
  endfacet
  facet normal -0.9990482207557869 -0.04361940628546645 0
    outer loop
      vertex 55.69201157987118 -5.443219310045242 0
      vertex 55.69201157987118 -5.443219310045242 -3.99
      vertex 55.69999999552965 -5.6261840298771855 0
    endloop
  endfacet
  facet normal 0.9537169563580069 0.3007057817123236 0
    outer loop
      vertex 56.71907786279917 -4.573939567804336 0.010000000000000009
      vertex 56.797777473926544 -4.823542861640453 0.010000000000000009
      vertex 56.71907786279917 -4.573939567804336 -3.99
    endloop
  endfacet
  facet normal 0.9762960066667415 0.21643961598231837 0
    outer loop
      vertex 56.797777473926544 -4.823542861640453 0.010000000000000009
      vertex 56.85442325472832 -5.07905546426773 0.010000000000000009
      vertex 56.797777473926544 -4.823542861640453 -3.99
    endloop
  endfacet
  facet normal 0.9914448605738744 0.13052619829616904 0
    outer loop
      vertex 56.85442325472832 -5.07905546426773 0.010000000000000009
      vertex 56.88858409225941 -5.338532774150371 0.010000000000000009
      vertex 56.85442325472832 -5.07905546426773 -3.99
    endloop
  endfacet
  facet normal 0.9990482214769228 0.04361938976874022 0
    outer loop
      vertex 56.88858409225941 -5.338532774150371 0.010000000000000009
      vertex 56.899999998509884 -5.6 0.010000000000000009
      vertex 56.88858409225941 -5.338532774150371 -3.99
    endloop
  endfacet
  facet normal 0 1 0
    outer loop
      vertex 37.577 -2.6 -2.1000000000000005
      vertex 53.899999998509884 -2.6 0.010000000000000009
      vertex 53.899999998509884 -2.6 -3.99
    endloop
  endfacet
  facet normal 0 0 -1
    outer loop
      vertex 36.96628571428571 -2.6 -3.99
      vertex 53.899999998509884 -2.6 -3.99
      vertex 53.8738159686327 -3.8000000029802323 -3.99
    endloop
  endfacet
  facet normal 0.04361938976874022 0.9990482214769228 0
    outer loop
      vertex 54.16146722435951 -2.611415906250477 0.010000000000000009
      vertex 54.16146722435951 -2.611415906250477 -3.99
      vertex 53.899999998509884 -2.6 -3.99
    endloop
  endfacet
  facet normal 0.13052619829616904 0.9914448605738744 0
    outer loop
      vertex 54.42094453424215 -2.6455767437815667 0.010000000000000009
      vertex 54.42094453424215 -2.6455767437815667 -3.99
      vertex 54.16146722435951 -2.611415906250477 -3.99
    endloop
  endfacet
  facet normal 0.21643961598231837 0.9762960066667415 0
    outer loop
      vertex 54.67645713686943 -2.70222252458334 0.010000000000000009
      vertex 54.67645713686943 -2.70222252458334 -3.99
      vertex 54.42094453424215 -2.6455767437815667 -3.99
    endloop
  endfacet
  facet normal -0.04361936745308572 -0.9990482224512452 0
    outer loop
      vertex 54.05678068101406 -3.8079884111881257 0
      vertex 53.8738159686327 -3.8000000029802323 -3.99
      vertex 54.05678068101406 -3.8079884111881257 -3.99
    endloop
  endfacet
  facet normal -0.1305262217290014 -0.9914448574888831 0
    outer loop
      vertex 54.21236822754145 -3.8284719049930573 0
      vertex 54.05678068101406 -3.8079884111881257 -3.99
      vertex 54.21236822754145 -3.8284719049930573 -3.99
    endloop
  endfacet
  facet normal -0.21643959037586985 -0.9762960123435545 0
    outer loop
      vertex 54.365578353405 -3.8624377682805062 0
      vertex 54.21236822754145 -3.8284719049930573 -3.99
      vertex 54.365578353405 -3.8624377682805062 -3.99
    endloop
  endfacet
  facet normal -0.3007057703350312 -0.9537169599452531 0
    outer loop
      vertex 54.515245229005814 -3.9096275478601457 0
      vertex 54.365578353405 -3.8624377682805062 -3.99
      vertex 54.515245229005814 -3.9096275478601457 -3.99
    endloop
  endfacet
  facet normal -0.38268343570816227 -0.9238795311265409 0
    outer loop
      vertex 54.66022974997759 -3.969682103395462 0
      vertex 54.515245229005814 -3.9096275478601457 -3.99
      vertex 54.66022974997759 -3.969682103395462 -3.99
    endloop
  endfacet
  facet normal 0.3007057817123236 0.9537169563580069 0
    outer loop
      vertex 54.92606043070555 -2.7809221357107163 0.010000000000000009
      vertex 54.92606043070555 -2.7809221357107163 -3.99
      vertex 54.67645713686943 -2.70222252458334 -3.99
    endloop
  endfacet
  facet normal 0.38268344197049287 0.9238795285325985 0
    outer loop
      vertex 55.16785478591919 -2.881076639890671 0.010000000000000009
      vertex 55.16785478591919 -2.881076639890671 -3.99
      vertex 54.92606043070555 -2.7809221357107163 -3.99
    endloop
  endfacet
  facet normal -0.4617486281309149 -0.8870108254239166 0
    outer loop
      vertex 54.79942836612463 -4.042144319415092 0
      vertex 54.66022974997759 -3.969682103395462 -3.99
      vertex 54.79942836612463 -4.042144319415092 -3.99
    endloop
  endfacet
  facet normal -0.537299636838157 -0.8433914276619041 0
    outer loop
      vertex 54.9317818954587 -4.126462823152542 0
      vertex 54.79942836612463 -4.042144319415092 -3.99
      vertex 54.9317818954587 -4.126462823152542 -3.99
    endloop
  endfacet
  facet normal -0.6087614133609218 -0.7933533522982132 0
    outer loop
      vertex 55.056282840669155 -4.221995754539966 0
      vertex 54.9317818954587 -4.126462823152542 -3.99
      vertex 55.056282840669155 -4.221995754539966 -3.99
    endloop
  endfacet
  facet normal -0.6755901944525259 -0.7372773488719141 0
    outer loop
      vertex 55.1719838231802 -4.328016167879104 0
      vertex 55.056282840669155 -4.221995754539966 -3.99
      vertex 55.1719838231802 -4.328016167879104 -3.99
    endloop
  endfacet
  facet normal 0.46174861944404144 0.8870108299460169 0
    outer loop
      vertex 55.399999998509884 -3.001923790574074 0.010000000000000009
      vertex 55.399999998509884 -3.001923790574074 -3.99
      vertex 55.16785478591919 -2.881076639890671 -3.99
    endloop
  endfacet
  facet normal 0.5372996040205454 0.8433914485690289 0
    outer loop
      vertex 55.6207293048501 -3.1425438657402993 0.010000000000000009
      vertex 55.6207293048501 -3.1425438657402993 -3.99
      vertex 55.399999998509884 -3.001923790574074 -3.99
    endloop
  endfacet
  facet normal -0.7372773488719141 -0.6755901944525259 0
    outer loop
      vertex 55.27800423651934 -4.443717150390148 0
      vertex 55.1719838231802 -4.328016167879104 -3.99
      vertex 55.27800423651934 -4.443717150390148 -3.99
    endloop
  endfacet
  facet normal -0.7933533522982132 -0.6087614133609218 0
    outer loop
      vertex 55.37353716790676 -4.568218095600605 0
      vertex 55.27800423651934 -4.443717150390148 -3.99
      vertex 55.37353716790676 -4.568218095600605 -3.99
    endloop
  endfacet
  facet normal -0.8433914276619041 -0.537299636838157 0
    outer loop
      vertex 55.45785567164421 -4.700571624934673 0
      vertex 55.37353716790676 -4.568218095600605 -3.99
      vertex 55.45785567164421 -4.700571624934673 -3.99
    endloop
  endfacet
  facet normal -0.8870108254239155 -0.46174862813091716 0
    outer loop
      vertex 55.53031788766384 -4.839770241081714 0
      vertex 55.45785567164421 -4.700571624934673 -3.99
      vertex 55.53031788766384 -4.839770241081714 -3.99
    endloop
  endfacet
  facet normal -0.9238795311265409 -0.38268343570816227 0
    outer loop
      vertex 55.59037244319916 -4.984754762053489 0
      vertex 55.53031788766384 -4.839770241081714 -3.99
      vertex 55.59037244319916 -4.984754762053489 -3.99
    endloop
  endfacet
  facet normal 0.6087614248213178 0.7933533435043424 0
    outer loop
      vertex 55.828362829983234 -3.3018666714429856 0.010000000000000009
      vertex 55.828362829983234 -3.3018666714429856 -3.99
      vertex 55.6207293048501 -3.1425438657402993 -3.99
    endloop
  endfacet
  facet normal 0.6755902067746475 0.7372773375807703 0
    outer loop
      vertex 56.02132034301758 -3.478679655492306 0.010000000000000009
      vertex 56.02132034301758 -3.478679655492306 -3.99
      vertex 55.828362829983234 -3.3018666714429856 -3.99
    endloop
  endfacet
  facet normal 0.7372773375807703 0.6755902067746475 0
    outer loop
      vertex 56.1981333270669 -3.6716371685266496 0.010000000000000009
      vertex 56.1981333270669 -3.6716371685266496 -3.99
      vertex 56.02132034301758 -3.478679655492306 -3.99
    endloop
  endfacet
  facet normal 0.7933533435043424 0.6087614248213178 0
    outer loop
      vertex 56.357456132769585 -3.8792706936597825 0.010000000000000009
      vertex 56.357456132769585 -3.8792706936597825 -3.99
      vertex 56.1981333270669 -3.6716371685266496 -3.99
    endloop
  endfacet
  facet normal 0.8433914485690285 0.5372996040205463 0
    outer loop
      vertex 56.49807620793581 -4.1 0.010000000000000009
      vertex 56.49807620793581 -4.1 -3.99
      vertex 56.357456132769585 -3.8792706936597825 -3.99
    endloop
  endfacet
  facet normal 0.8870108299460169 0.46174861944404144 0
    outer loop
      vertex 56.61892335861921 -4.332145212590694 0.010000000000000009
      vertex 56.61892335861921 -4.332145212590694 -3.99
      vertex 56.49807620793581 -4.1 -3.99
    endloop
  endfacet
  facet normal 0.9238795285325985 0.38268344197049287 0
    outer loop
      vertex 56.71907786279917 -4.573939567804336 0.010000000000000009
      vertex 56.71907786279917 -4.573939567804336 -3.99
      vertex 56.61892335861921 -4.332145212590694 -3.99
    endloop
  endfacet
  facet normal -0.9537169599452531 -0.3007057703350312 0
    outer loop
      vertex 55.6375622227788 -5.134421637654304 0
      vertex 55.59037244319916 -4.984754762053489 -3.99
      vertex 55.6375622227788 -5.134421637654304 -3.99
    endloop
  endfacet
  facet normal -0.9762960123435545 -0.21643959037586985 0
    outer loop
      vertex 55.671528086066246 -5.287631763517856 0
      vertex 55.6375622227788 -5.134421637654304 -3.99
      vertex 55.671528086066246 -5.287631763517856 -3.99
    endloop
  endfacet
  facet normal -0.9914448574888831 -0.1305262217290014 0
    outer loop
      vertex 55.69201157987118 -5.443219310045242 0
      vertex 55.671528086066246 -5.287631763517856 -3.99
      vertex 55.69201157987118 -5.443219310045242 -3.99
    endloop
  endfacet
  facet normal -0.9990482207557869 -0.04361940628546645 0
    outer loop
      vertex 55.69999999552965 -5.6261840298771855 0
      vertex 55.69201157987118 -5.443219310045242 -3.99
      vertex 55.69999999552965 -5.6261840298771855 -3.99
    endloop
  endfacet
  facet normal 0.9537169563580069 0.3007057817123236 0
    outer loop
      vertex 56.797777473926544 -4.823542861640453 0.010000000000000009
      vertex 56.797777473926544 -4.823542861640453 -3.99
      vertex 56.71907786279917 -4.573939567804336 -3.99
    endloop
  endfacet
  facet normal 0.9762960066667415 0.21643961598231837 0
    outer loop
      vertex 56.85442325472832 -5.07905546426773 0.010000000000000009
      vertex 56.85442325472832 -5.07905546426773 -3.99
      vertex 56.797777473926544 -4.823542861640453 -3.99
    endloop
  endfacet
  facet normal 0.9914448605738744 0.13052619829616904 0
    outer loop
      vertex 56.88858409225941 -5.338532774150371 0.010000000000000009
      vertex 56.88858409225941 -5.338532774150371 -3.99
      vertex 56.85442325472832 -5.07905546426773 -3.99
    endloop
  endfacet
  facet normal 0.9990482214769228 0.04361938976874022 0
    outer loop
      vertex 56.899999998509884 -5.6 0.010000000000000009
      vertex 56.899999998509884 -5.6 -3.99
      vertex 56.88858409225941 -5.338532774150371 -3.99
    endloop
  endfacet
  facet normal 0 0 -1
    outer loop
      vertex 53.899999998509884 -2.6 -3.99
      vertex 54.16146722435951 -2.611415906250477 -3.99
      vertex 54.05678068101406 -3.8079884111881257 -3.99
    endloop
  endfacet
  facet normal 0 0 -1
    outer loop
      vertex 53.899999998509884 -2.6 -3.99
      vertex 54.05678068101406 -3.8079884111881257 -3.99
      vertex 53.8738159686327 -3.8000000029802323 -3.99
    endloop
  endfacet
  facet normal 0 0 -1
    outer loop
      vertex 54.16146722435951 -2.611415906250477 -3.99
      vertex 54.42094453424215 -2.6455767437815667 -3.99
      vertex 54.21236822754145 -3.8284719049930573 -3.99
    endloop
  endfacet
  facet normal 0 0 -1
    outer loop
      vertex 54.16146722435951 -2.611415906250477 -3.99
      vertex 54.21236822754145 -3.8284719049930573 -3.99
      vertex 54.05678068101406 -3.8079884111881257 -3.99
    endloop
  endfacet
  facet normal 0 0 -1
    outer loop
      vertex 54.42094453424215 -2.6455767437815667 -3.99
      vertex 54.67645713686943 -2.70222252458334 -3.99
      vertex 54.365578353405 -3.8624377682805062 -3.99
    endloop
  endfacet
  facet normal 0 0 -1
    outer loop
      vertex 54.42094453424215 -2.6455767437815667 -3.99
      vertex 54.365578353405 -3.8624377682805062 -3.99
      vertex 54.21236822754145 -3.8284719049930573 -3.99
    endloop
  endfacet
  facet normal 0 0 -1
    outer loop
      vertex 54.67645713686943 -2.70222252458334 -3.99
      vertex 54.92606043070555 -2.7809221357107163 -3.99
      vertex 54.515245229005814 -3.9096275478601457 -3.99
    endloop
  endfacet
  facet normal 0 0 -1
    outer loop
      vertex 54.67645713686943 -2.70222252458334 -3.99
      vertex 54.515245229005814 -3.9096275478601457 -3.99
      vertex 54.365578353405 -3.8624377682805062 -3.99
    endloop
  endfacet
  facet normal 0 0 -1
    outer loop
      vertex 54.515245229005814 -3.9096275478601457 -3.99
      vertex 54.92606043070555 -2.7809221357107163 -3.99
      vertex 54.66022974997759 -3.969682103395462 -3.99
    endloop
  endfacet
  facet normal 0 0 -1
    outer loop
      vertex 54.66022974997759 -3.969682103395462 -3.99
      vertex 54.92606043070555 -2.7809221357107163 -3.99
      vertex 55.16785478591919 -2.881076639890671 -3.99
    endloop
  endfacet
  facet normal 0 0 -1
    outer loop
      vertex 54.66022974997759 -3.969682103395462 -3.99
      vertex 55.16785478591919 -2.881076639890671 -3.99
      vertex 54.79942836612463 -4.042144319415092 -3.99
    endloop
  endfacet
  facet normal 0 0 -1
    outer loop
      vertex 55.16785478591919 -2.881076639890671 -3.99
      vertex 55.399999998509884 -3.001923790574074 -3.99
      vertex 54.79942836612463 -4.042144319415092 -3.99
    endloop
  endfacet
  facet normal 0 0 -1
    outer loop
      vertex 54.79942836612463 -4.042144319415092 -3.99
      vertex 55.399999998509884 -3.001923790574074 -3.99
      vertex 54.9317818954587 -4.126462823152542 -3.99
    endloop
  endfacet
  facet normal 0 0 -1
    outer loop
      vertex 54.9317818954587 -4.126462823152542 -3.99
      vertex 55.399999998509884 -3.001923790574074 -3.99
      vertex 55.6207293048501 -3.1425438657402993 -3.99
    endloop
  endfacet
  facet normal 0 0 -1
    outer loop
      vertex 55.056282840669155 -4.221995754539966 -3.99
      vertex 55.6207293048501 -3.1425438657402993 -3.99
      vertex 55.828362829983234 -3.3018666714429856 -3.99
    endloop
  endfacet
  facet normal 0 0 -1
    outer loop
      vertex 54.9317818954587 -4.126462823152542 -3.99
      vertex 55.6207293048501 -3.1425438657402993 -3.99
      vertex 55.056282840669155 -4.221995754539966 -3.99
    endloop
  endfacet
  facet normal 0 0 -1
    outer loop
      vertex 55.056282840669155 -4.221995754539966 -3.99
      vertex 55.828362829983234 -3.3018666714429856 -3.99
      vertex 55.1719838231802 -4.328016167879104 -3.99
    endloop
  endfacet
  facet normal 0 0 -1
    outer loop
      vertex 55.1719838231802 -4.328016167879104 -3.99
      vertex 56.02132034301758 -3.478679655492306 -3.99
      vertex 55.27800423651934 -4.443717150390148 -3.99
    endloop
  endfacet
  facet normal 0 0 -1
    outer loop
      vertex 55.1719838231802 -4.328016167879104 -3.99
      vertex 55.828362829983234 -3.3018666714429856 -3.99
      vertex 56.02132034301758 -3.478679655492306 -3.99
    endloop
  endfacet
  facet normal 0 0 -1
    outer loop
      vertex 55.27800423651934 -4.443717150390148 -3.99
      vertex 56.1981333270669 -3.6716371685266496 -3.99
      vertex 55.37353716790676 -4.568218095600605 -3.99
    endloop
  endfacet
  facet normal 0 0 -1
    outer loop
      vertex 55.37353716790676 -4.568218095600605 -3.99
      vertex 56.357456132769585 -3.8792706936597825 -3.99
      vertex 55.45785567164421 -4.700571624934673 -3.99
    endloop
  endfacet
  facet normal 0 0 -1
    outer loop
      vertex 55.27800423651934 -4.443717150390148 -3.99
      vertex 56.02132034301758 -3.478679655492306 -3.99
      vertex 56.1981333270669 -3.6716371685266496 -3.99
    endloop
  endfacet
  facet normal 0 0 -1
    outer loop
      vertex 55.37353716790676 -4.568218095600605 -3.99
      vertex 56.1981333270669 -3.6716371685266496 -3.99
      vertex 56.357456132769585 -3.8792706936597825 -3.99
    endloop
  endfacet
  facet normal 0 0 -1
    outer loop
      vertex 55.45785567164421 -4.700571624934673 -3.99
      vertex 56.49807620793581 -4.1 -3.99
      vertex 55.53031788766384 -4.839770241081714 -3.99
    endloop
  endfacet
  facet normal 0 0 -1
    outer loop
      vertex 55.45785567164421 -4.700571624934673 -3.99
      vertex 56.357456132769585 -3.8792706936597825 -3.99
      vertex 56.49807620793581 -4.1 -3.99
    endloop
  endfacet
  facet normal 0 0 -1
    outer loop
      vertex 55.53031788766384 -4.839770241081714 -3.99
      vertex 56.49807620793581 -4.1 -3.99
      vertex 56.61892335861921 -4.332145212590694 -3.99
    endloop
  endfacet
  facet normal 0 0 -1
    outer loop
      vertex 55.53031788766384 -4.839770241081714 -3.99
      vertex 56.61892335861921 -4.332145212590694 -3.99
      vertex 55.59037244319916 -4.984754762053489 -3.99
    endloop
  endfacet
  facet normal 0 0 -1
    outer loop
      vertex 55.59037244319916 -4.984754762053489 -3.99
      vertex 56.71907786279917 -4.573939567804336 -3.99
      vertex 55.6375622227788 -5.134421637654304 -3.99
    endloop
  endfacet
  facet normal 0 0 -1
    outer loop
      vertex 55.6375622227788 -5.134421637654304 -3.99
      vertex 56.797777473926544 -4.823542861640453 -3.99
      vertex 55.671528086066246 -5.287631763517856 -3.99
    endloop
  endfacet
  facet normal 0 0 -1
    outer loop
      vertex 55.671528086066246 -5.287631763517856 -3.99
      vertex 56.85442325472832 -5.07905546426773 -3.99
      vertex 55.69201157987118 -5.443219310045242 -3.99
    endloop
  endfacet
  facet normal 0 0 -1
    outer loop
      vertex 56.61892335861921 -4.332145212590694 -3.99
      vertex 56.71907786279917 -4.573939567804336 -3.99
      vertex 55.59037244319916 -4.984754762053489 -3.99
    endloop
  endfacet
  facet normal 0 0 -1
    outer loop
      vertex 55.6375622227788 -5.134421637654304 -3.99
      vertex 56.71907786279917 -4.573939567804336 -3.99
      vertex 56.797777473926544 -4.823542861640453 -3.99
    endloop
  endfacet
  facet normal 0 0 -1
    outer loop
      vertex 55.69201157987118 -5.443219310045242 -3.99
      vertex 56.899999998509884 -5.6 -3.99
      vertex 55.69999999552965 -5.6261840298771855 -3.99
    endloop
  endfacet
  facet normal 0 0 -1
    outer loop
      vertex 55.671528086066246 -5.287631763517856 -3.99
      vertex 56.797777473926544 -4.823542861640453 -3.99
      vertex 56.85442325472832 -5.07905546426773 -3.99
    endloop
  endfacet
  facet normal 0 0 -1
    outer loop
      vertex 55.69201157987118 -5.443219310045242 -3.99
      vertex 56.85442325472832 -5.07905546426773 -3.99
      vertex 56.88858409225941 -5.338532774150371 -3.99
    endloop
  endfacet
  facet normal 0 0 -1
    outer loop
      vertex 55.69201157987118 -5.443219310045242 -3.99
      vertex 56.88858409225941 -5.338532774150371 -3.99
      vertex 56.899999998509884 -5.6 -3.99
    endloop
  endfacet
  facet normal 0 0 1
    outer loop
      vertex 56.899999998509884 -5.6 0.010000000000000009
      vertex 56.51000000150874 -6.8999999999627475 0.010000000000000009
      vertex 56.899999998509884 -101.30000000298023 0.010000000000000009
    endloop
  endfacet
  facet normal -1 0 0
    outer loop
      vertex 55.69999999552965 -5.6261840298771855 0
      vertex 55.69999999552965 -5.6261840298771855 -3.99
      vertex 55.69999999552965 -101.27381596565246 0
    endloop
  endfacet
  facet normal 1 0 0
    outer loop
      vertex 56.899999998509884 -5.6 0.010000000000000009
      vertex 56.899999998509884 -101.30000000298023 0.010000000000000009
      vertex 56.899999998509884 -5.6 -3.99
    endloop
  endfacet
  facet normal 0 0 -1
    outer loop
      vertex 55.69999999552965 -5.6261840298771855 -3.99
      vertex 56.899999998509884 -5.6 -3.99
      vertex 55.69999999552965 -101.27381596565246 -3.99
    endloop
  endfacet
  facet normal 0 -1 0
    outer loop
      vertex 5.5 -104.30000000298023 0.010000000000000009
      vertex 44.08000000229248 -104.30000000298023 -1.6000000018339873
      vertex 53.899999998509884 -104.30000000298023 0.010000000000000009
    endloop
  endfacet
  facet normal 0 0 1
    outer loop
      vertex 5.5 -104.30000000298023 0.010000000000000009
      vertex 53.899999998509884 -104.30000000298023 0.010000000000000009
      vertex 52.50000000154599 -104.01000000150873 0.010000000000000009
    endloop
  endfacet
  facet normal 0 -1 0
    outer loop
      vertex 20.945000001862645 -104.30000000298023 -3.562499998696148
      vertex 38.45499999813735 -104.30000000298023 -3.562499998696148
      vertex 38.45499999813735 -104.30000000298023 -2.100000001490117
    endloop
  endfacet
  facet normal 0 -1 0
    outer loop
      vertex 20.334285714285716 -104.30000000298023 -3.99
      vertex 39.065714285714286 -104.30000000298023 -3.99
      vertex 38.45499999813735 -104.30000000298023 -3.562499998696148
    endloop
  endfacet
  facet normal 0 1 0
    outer loop
      vertex 17.5527336627369 -103.1 -3
      vertex 41.8472663372631 -103.1 0
      vertex 41.8472663372631 -103.1 -3
    endloop
  endfacet
  facet normal 0 0 -1
    outer loop
      vertex 15.32 -103.3 -3.99
      vertex 53.8738159686327 -103.1 -3.99
      vertex 20.32 -103.3 -3.99
    endloop
  endfacet
  facet normal 0 0 -1
    outer loop
      vertex 20.32 -103.3 -3.99
      vertex 39.08 -103.3 -3.99
      vertex 39.065714285714286 -103.32285714285713 -3.99
    endloop
  endfacet
  facet normal 0 0 -1
    outer loop
      vertex 20.334285714285713 -103.32285714285715 -3.99
      vertex 39.065714285714286 -103.32285714285713 -3.99
      vertex 39.065714285714286 -104.30000000298023 -3.99
    endloop
  endfacet
  facet normal 0 1 0
    outer loop
      vertex 17.5527336627369 -103.1 -3
      vertex 41.8472663372631 -103.1 -3
      vertex 53.8738159686327 -103.1 -3.99
    endloop
  endfacet
  facet normal 0 0 -1
    outer loop
      vertex 20.32 -103.3 -3.99
      vertex 53.8738159686327 -103.1 -3.99
      vertex 39.08 -103.3 -3.99
    endloop
  endfacet
  facet normal 0 0 1
    outer loop
      vertex 56.51000000150874 -6.8999999999627475 0.010000000000000009
      vertex 56.51000000150874 -100.00000000154598 0.010000000000000009
      vertex 56.899999998509884 -101.30000000298023 0.010000000000000009
    endloop
  endfacet
  facet normal -1 0 0
    outer loop
      vertex 55.69999999552965 -5.6261840298771855 -3.99
      vertex 55.69999999552965 -101.27381596565246 -3.99
      vertex 55.69999999552965 -101.27381596565246 0
    endloop
  endfacet
  facet normal 1 0 0
    outer loop
      vertex 56.899999998509884 -5.6 -3.99
      vertex 56.899999998509884 -101.30000000298023 0.010000000000000009
      vertex 56.899999998509884 -101.30000000298023 -3.99
    endloop
  endfacet
  facet normal 0 0 -1
    outer loop
      vertex 56.899999998509884 -5.6 -3.99
      vertex 56.899999998509884 -101.30000000298023 -3.99
      vertex 55.69999999552965 -101.27381596565246 -3.99
    endloop
  endfacet
  facet normal 0 1 0
    outer loop
      vertex 44.552733662736905 -103.1 0
      vertex 53.8738159686327 -103.1 0
      vertex 44.552733662736905 -103.1 -3
    endloop
  endfacet
  facet normal 0 -1 0
    outer loop
      vertex 44.08000000229248 -104.30000000298023 -1.6000000018339873
      vertex 44.70500000186264 -104.30000000298023 -2.100000001490117
      vertex 53.899999998509884 -104.30000000298023 0.010000000000000009
    endloop
  endfacet
  facet normal 0 -1 0
    outer loop
      vertex 53.899999998509884 -104.30000000298023 0.010000000000000009
      vertex 44.70500000186264 -104.30000000298023 -2.100000001490117
      vertex 44.70500000186264 -104.30000000298023 -3.562499998696148
    endloop
  endfacet
  facet normal 0 0 1
    outer loop
      vertex 52.50000000154599 -104.01000000150873 0.010000000000000009
      vertex 53.899999998509884 -104.30000000298023 0.010000000000000009
      vertex 52.50522934613749 -104.00977168340235 0.010000000000000009
    endloop
  endfacet
  facet normal 0 0 1
    outer loop
      vertex 52.50522934613749 -104.00977168340235 0.010000000000000009
      vertex 53.899999998509884 -104.30000000298023 0.010000000000000009
      vertex 52.84949452929199 -103.99474074017256 0.010000000000000009
    endloop
  endfacet
  facet normal 0 0 1
    outer loop
      vertex 52.84949452929199 -103.99474074017256 0.010000000000000009
      vertex 53.899999998509884 -104.30000000298023 0.010000000000000009
      vertex 53.19113965151831 -103.9497623114474 0.010000000000000009
    endloop
  endfacet
  facet normal 0 0 1
    outer loop
      vertex 53.19632919762284 -103.94907909478991 0.010000000000000009
      vertex 53.899999998509884 -104.30000000298023 0.010000000000000009
      vertex 53.2014394496195 -103.94794617915525 0.010000000000000009
    endloop
  endfacet
  facet normal 0 0 1
    outer loop
      vertex 53.19113965151831 -103.9497623114474 0.010000000000000009
      vertex 53.899999998509884 -104.30000000298023 0.010000000000000009
      vertex 53.19632919762284 -103.94907909478991 0.010000000000000009
    endloop
  endfacet
  facet normal 0 0 1
    outer loop
      vertex 53.2014394496195 -103.94794617915525 0.010000000000000009
      vertex 53.899999998509884 -104.30000000298023 0.010000000000000009
      vertex 53.5378643739596 -103.87336256286129 0.010000000000000009
    endloop
  endfacet
  facet normal 0 0 1
    outer loop
      vertex 53.5378643739596 -103.87336256286129 0.010000000000000009
      vertex 53.899999998509884 -104.30000000298023 0.010000000000000009
      vertex 53.54285643991083 -103.87178857052697 0.010000000000000009
    endloop
  endfacet
  facet normal 0 0 1
    outer loop
      vertex 53.54285643991083 -103.87178857052697 0.010000000000000009
      vertex 53.899999998509884 -104.30000000298023 0.010000000000000009
      vertex 53.871500774342564 -103.76816740851848 0.010000000000000009
    endloop
  endfacet
  facet normal 0 0 1
    outer loop
      vertex 53.871500774342564 -103.76816740851848 0.010000000000000009
      vertex 53.899999998509884 -104.30000000298023 0.010000000000000009
      vertex 54.189863346945494 -103.63629731625318 0.010000000000000009
    endloop
  endfacet
  facet normal 0 0 1
    outer loop
      vertex 54.19469923401251 -103.63429422626271 0.010000000000000009
      vertex 54.42094453424215 -104.25442325919866 0.010000000000000009
      vertex 54.19934213828295 -103.63187728324904 0.010000000000000009
    endloop
  endfacet
  facet normal 0 0 1
    outer loop
      vertex 54.189863346945494 -103.63629731625318 0.010000000000000009
      vertex 54.42094453424215 -104.25442325919866 0.010000000000000009
      vertex 54.19469923401251 -103.63429422626271 0.010000000000000009
    endloop
  endfacet
  facet normal 0 0 1
    outer loop
      vertex 54.19934213828295 -103.63187728324904 0.010000000000000009
      vertex 54.42094453424215 -104.25442325919866 0.010000000000000009
      vertex 54.50500000152737 -103.47276186818256 0.010000000000000009
    endloop
  endfacet
  facet normal 0 0 1
    outer loop
      vertex 54.50500000152737 -103.47276186818256 0.010000000000000009
      vertex 54.67645713686943 -104.19777747839689 0.010000000000000009
      vertex 54.79562692154199 -103.28761210009455 0.010000000000000009
    endloop
  endfacet
  facet normal 0 0 1
    outer loop
      vertex 54.189863346945494 -103.63629731625318 0.010000000000000009
      vertex 53.899999998509884 -104.30000000298023 0.010000000000000009
      vertex 54.16146722435951 -104.28858409672975 0.010000000000000009
    endloop
  endfacet
  facet normal 0 0 1
    outer loop
      vertex 54.189863346945494 -103.63629731625318 0.010000000000000009
      vertex 54.16146722435951 -104.28858409672975 0.010000000000000009
      vertex 54.42094453424215 -104.25442325919866 0.010000000000000009
    endloop
  endfacet
  facet normal 0 0 1
    outer loop
      vertex 54.50500000152737 -103.47276186818256 0.010000000000000009
      vertex 54.42094453424215 -104.25442325919866 0.010000000000000009
      vertex 54.67645713686943 -104.19777747839689 0.010000000000000009
    endloop
  endfacet
  facet normal 0 0 1
    outer loop
      vertex 54.80004150770605 -103.28479969851672 0.010000000000000009
      vertex 55.16785478591919 -104.01892336308956 0.010000000000000009
      vertex 54.80419417811557 -103.2816132424958 0.010000000000000009
    endloop
  endfacet
  facet normal 0 0 1
    outer loop
      vertex 54.79562692154199 -103.28761210009455 0.010000000000000009
      vertex 55.16785478591919 -104.01892336308956 0.010000000000000009
      vertex 54.80004150770605 -103.28479969851672 0.010000000000000009
    endloop
  endfacet
  facet normal 0 0 1
    outer loop
      vertex 54.67645713686943 -104.19777747839689 0.010000000000000009
      vertex 54.92606043070555 -104.11907786726951 0.010000000000000009
      vertex 54.79562692154199 -103.28761210009455 0.010000000000000009
    endloop
  endfacet
  facet normal 0 0 1
    outer loop
      vertex 55.0775783146359 -103.07183821989223 0.010000000000000009
      vertex 54.80419417811557 -103.2816132424958 0.010000000000000009
      vertex 55.16785478591919 -104.01892336308956 0.010000000000000009
    endloop
  endfacet
  facet normal 0 0 1
    outer loop
      vertex 54.79562692154199 -103.28761210009455 0.010000000000000009
      vertex 54.92606043070555 -104.11907786726951 0.010000000000000009
      vertex 55.16785478591919 -104.01892336308956 0.010000000000000009
    endloop
  endfacet
  facet normal 0 0 1
    outer loop
      vertex 55.0775783146359 -103.07183821989223 0.010000000000000009
      vertex 55.6207293048501 -103.75745613723993 0.010000000000000009
      vertex 55.081437464952465 -103.06830196013674 0.010000000000000009
    endloop
  endfacet
  facet normal 0 0 1
    outer loop
      vertex 55.081437464952465 -103.06830196013674 0.010000000000000009
      vertex 55.6207293048501 -103.75745613723993 0.010000000000000009
      vertex 55.33549819044769 -102.83549819044768 0.010000000000000009
    endloop
  endfacet
  facet normal 0 0 1
    outer loop
      vertex 55.0775783146359 -103.07183821989223 0.010000000000000009
      vertex 55.16785478591919 -104.01892336308956 0.010000000000000009
      vertex 55.399999998509884 -103.89807621240615 0.010000000000000009
    endloop
  endfacet
  facet normal 0 0 1
    outer loop
      vertex 55.0775783146359 -103.07183821989223 0.010000000000000009
      vertex 55.399999998509884 -103.89807621240615 0.010000000000000009
      vertex 55.6207293048501 -103.75745613723993 0.010000000000000009
    endloop
  endfacet
  facet normal 0 0 1
    outer loop
      vertex 56.268167408518494 -101.37150077434255 0.010000000000000009
      vertex 56.136297316253184 -101.68986334694549 0.010000000000000009
      vertex 56.85442325472832 -101.8209445387125 0.010000000000000009
    endloop
  endfacet
  facet normal 0 0 1
    outer loop
      vertex 56.13429422626272 -101.6946992340125 0.010000000000000009
      vertex 56.797777473926544 -102.07645714133977 0.010000000000000009
      vertex 56.136297316253184 -101.68986334694549 0.010000000000000009
    endloop
  endfacet
  facet normal 0 0 1
    outer loop
      vertex 56.131877283249054 -101.69934213828294 0.010000000000000009
      vertex 56.797777473926544 -102.07645714133977 0.010000000000000009
      vertex 56.13429422626272 -101.6946992340125 0.010000000000000009
    endloop
  endfacet
  facet normal 0 0 1
    outer loop
      vertex 55.972761868182566 -102.00500000152736 0.010000000000000009
      vertex 56.71907786279917 -102.32606043517589 0.010000000000000009
      vertex 56.131877283249054 -101.69934213828294 0.010000000000000009
    endloop
  endfacet
  facet normal 0 0 1
    outer loop
      vertex 55.972761868182566 -102.00500000152736 0.010000000000000009
      vertex 56.61892335861921 -102.56785479038953 0.010000000000000009
      vertex 56.71907786279917 -102.32606043517589 0.010000000000000009
    endloop
  endfacet
  facet normal 0 0 1
    outer loop
      vertex 56.51000000150874 -100.00000000154598 0.010000000000000009
      vertex 56.509771683402356 -100.00522934613748 0.010000000000000009
      vertex 56.899999998509884 -101.30000000298023 0.010000000000000009
    endloop
  endfacet
  facet normal 0 0 1
    outer loop
      vertex 56.509771683402356 -100.00522934613748 0.010000000000000009
      vertex 56.49474074017257 -100.34949452929197 0.010000000000000009
      vertex 56.899999998509884 -101.30000000298023 0.010000000000000009
    endloop
  endfacet
  facet normal 0 0 1
    outer loop
      vertex 56.44907909478992 -100.69632919762283 0.010000000000000009
      vertex 56.44794617915526 -100.7014394496195 0.010000000000000009
      vertex 56.899999998509884 -101.30000000298023 0.010000000000000009
    endloop
  endfacet
  facet normal 0 0 1
    outer loop
      vertex 56.49474074017257 -100.34949452929197 0.010000000000000009
      vertex 56.44976231144741 -100.69113965151831 0.010000000000000009
      vertex 56.899999998509884 -101.30000000298023 0.010000000000000009
    endloop
  endfacet
  facet normal 0 0 1
    outer loop
      vertex 56.44907909478992 -100.69632919762283 0.010000000000000009
      vertex 56.899999998509884 -101.30000000298023 0.010000000000000009
      vertex 56.44976231144741 -100.69113965151831 0.010000000000000009
    endloop
  endfacet
  facet normal 0 0 1
    outer loop
      vertex 56.373362562861296 -101.0378643739596 0.010000000000000009
      vertex 56.899999998509884 -101.30000000298023 0.010000000000000009
      vertex 56.44794617915526 -100.7014394496195 0.010000000000000009
    endloop
  endfacet
  facet normal 0 0 1
    outer loop
      vertex 56.37178857052699 -101.04285643991082 0.010000000000000009
      vertex 56.268167408518494 -101.37150077434255 0.010000000000000009
      vertex 56.899999998509884 -101.30000000298023 0.010000000000000009
    endloop
  endfacet
  facet normal 0 0 1
    outer loop
      vertex 56.37178857052699 -101.04285643991082 0.010000000000000009
      vertex 56.899999998509884 -101.30000000298023 0.010000000000000009
      vertex 56.373362562861296 -101.0378643739596 0.010000000000000009
    endloop
  endfacet
  facet normal 0 0 1
    outer loop
      vertex 56.268167408518494 -101.37150077434255 0.010000000000000009
      vertex 56.88858409225941 -101.56146722882986 0.010000000000000009
      vertex 56.899999998509884 -101.30000000298023 0.010000000000000009
    endloop
  endfacet
  facet normal 0 0 1
    outer loop
      vertex 56.136297316253184 -101.68986334694549 0.010000000000000009
      vertex 56.797777473926544 -102.07645714133977 0.010000000000000009
      vertex 56.85442325472832 -101.8209445387125 0.010000000000000009
    endloop
  endfacet
  facet normal 0 0 1
    outer loop
      vertex 56.131877283249054 -101.69934213828294 0.010000000000000009
      vertex 56.71907786279917 -102.32606043517589 0.010000000000000009
      vertex 56.797777473926544 -102.07645714133977 0.010000000000000009
    endloop
  endfacet
  facet normal 0 0 1
    outer loop
      vertex 56.268167408518494 -101.37150077434255 0.010000000000000009
      vertex 56.85442325472832 -101.8209445387125 0.010000000000000009
      vertex 56.88858409225941 -101.56146722882986 0.010000000000000009
    endloop
  endfacet
  facet normal 0 0 1
    outer loop
      vertex 55.33549819044769 -102.83549819044768 0.010000000000000009
      vertex 55.828362829983234 -103.59813333153724 0.010000000000000009
      vertex 55.56830196013674 -102.58143746495246 0.010000000000000009
    endloop
  endfacet
  facet normal 0 0 1
    outer loop
      vertex 55.56830196013674 -102.58143746495246 0.010000000000000009
      vertex 56.1981333270669 -103.22836283445358 0.010000000000000009
      vertex 55.571838219892236 -102.5775783146359 0.010000000000000009
    endloop
  endfacet
  facet normal 0 0 1
    outer loop
      vertex 55.571838219892236 -102.5775783146359 0.010000000000000009
      vertex 56.1981333270669 -103.22836283445358 0.010000000000000009
      vertex 55.7816132424958 -102.30419417811557 0.010000000000000009
    endloop
  endfacet
  facet normal 0 0 1
    outer loop
      vertex 55.56830196013674 -102.58143746495246 0.010000000000000009
      vertex 56.02132034301758 -103.42132034748792 0.010000000000000009
      vertex 56.1981333270669 -103.22836283445358 0.010000000000000009
    endloop
  endfacet
  facet normal 0 0 1
    outer loop
      vertex 55.33549819044769 -102.83549819044768 0.010000000000000009
      vertex 55.6207293048501 -103.75745613723993 0.010000000000000009
      vertex 55.828362829983234 -103.59813333153724 0.010000000000000009
    endloop
  endfacet
  facet normal 0 0 1
    outer loop
      vertex 55.56830196013674 -102.58143746495246 0.010000000000000009
      vertex 55.828362829983234 -103.59813333153724 0.010000000000000009
      vertex 56.02132034301758 -103.42132034748792 0.010000000000000009
    endloop
  endfacet
  facet normal 0 0 1
    outer loop
      vertex 55.7816132424958 -102.30419417811557 0.010000000000000009
      vertex 56.49807620793581 -102.80000000298023 0.010000000000000009
      vertex 55.78479969851673 -102.30004150770604 0.010000000000000009
    endloop
  endfacet
  facet normal 0 0 1
    outer loop
      vertex 55.78479969851673 -102.30004150770604 0.010000000000000009
      vertex 56.49807620793581 -102.80000000298023 0.010000000000000009
      vertex 55.787612100094556 -102.29562692154198 0.010000000000000009
    endloop
  endfacet
  facet normal 0 0 1
    outer loop
      vertex 55.787612100094556 -102.29562692154198 0.010000000000000009
      vertex 56.49807620793581 -102.80000000298023 0.010000000000000009
      vertex 55.972761868182566 -102.00500000152736 0.010000000000000009
    endloop
  endfacet
  facet normal 0 0 1
    outer loop
      vertex 55.7816132424958 -102.30419417811557 0.010000000000000009
      vertex 56.357456132769585 -103.02072930932044 0.010000000000000009
      vertex 56.49807620793581 -102.80000000298023 0.010000000000000009
    endloop
  endfacet
  facet normal 0 0 1
    outer loop
      vertex 55.7816132424958 -102.30419417811557 0.010000000000000009
      vertex 56.1981333270669 -103.22836283445358 0.010000000000000009
      vertex 56.357456132769585 -103.02072930932044 0.010000000000000009
    endloop
  endfacet
  facet normal 0 0 1
    outer loop
      vertex 55.972761868182566 -102.00500000152736 0.010000000000000009
      vertex 56.49807620793581 -102.80000000298023 0.010000000000000009
      vertex 56.61892335861921 -102.56785479038953 0.010000000000000009
    endloop
  endfacet
  facet normal -0.8433914276619041 0.537299636838157 0
    outer loop
      vertex 55.37353716790676 -102.33178189992904 0
      vertex 55.45785567164421 -102.19942837059497 0
      vertex 55.45785567164421 -102.19942837059497 -3.99
    endloop
  endfacet
  facet normal -0.8870108254239155 0.46174862813091716 0
    outer loop
      vertex 55.45785567164421 -102.19942837059497 0
      vertex 55.53031788766384 -102.06022975444793 0
      vertex 55.53031788766384 -102.06022975444793 -3.99
    endloop
  endfacet
  facet normal -0.9238795311265409 0.38268343570816227 0
    outer loop
      vertex 55.53031788766384 -102.06022975444793 0
      vertex 55.59037244319916 -101.91524523347616 0
      vertex 55.59037244319916 -101.91524523347616 -3.99
    endloop
  endfacet
  facet normal -0.04361940805833049 0.999048220678382 0
    outer loop
      vertex 53.8738159686327 -103.1 0
      vertex 54.05678068101406 -103.09201158434152 0
      vertex 54.05678068101406 -103.09201158434152 -3.99
    endloop
  endfacet
  facet normal -0.1305262217290014 0.9914448574888831 0
    outer loop
      vertex 54.05678068101406 -103.09201158434152 0
      vertex 54.21236822754145 -103.07152809053659 0
      vertex 54.21236822754145 -103.07152809053659 -3.99
    endloop
  endfacet
  facet normal -0.21643959037586985 0.9762960123435545 0
    outer loop
      vertex 54.21236822754145 -103.07152809053659 0
      vertex 54.365578353405 -103.03756222724914 0
      vertex 54.365578353405 -103.03756222724914 -3.99
    endloop
  endfacet
  facet normal -0.3007057703350312 0.9537169599452531 0
    outer loop
      vertex 54.365578353405 -103.03756222724914 0
      vertex 54.515245229005814 -102.9903724476695 0
      vertex 54.515245229005814 -102.9903724476695 -3.99
    endloop
  endfacet
  facet normal -0.38268343570816227 0.9238795311265409 0
    outer loop
      vertex 54.515245229005814 -102.9903724476695 0
      vertex 54.66022974997759 -102.93031789213418 0
      vertex 54.66022974997759 -102.93031789213418 -3.99
    endloop
  endfacet
  facet normal 0.04361938976874022 -0.9990482214769228 0
    outer loop
      vertex 53.899999998509884 -104.30000000298023 0.010000000000000009
      vertex 54.16146722435951 -104.28858409672975 -3.99
      vertex 54.16146722435951 -104.28858409672975 0.010000000000000009
    endloop
  endfacet
  facet normal 0.13052619829616904 -0.9914448605738744 0
    outer loop
      vertex 54.16146722435951 -104.28858409672975 0.010000000000000009
      vertex 54.42094453424215 -104.25442325919866 -3.99
      vertex 54.42094453424215 -104.25442325919866 0.010000000000000009
    endloop
  endfacet
  facet normal 0.21643961598231837 -0.9762960066667415 0
    outer loop
      vertex 54.42094453424215 -104.25442325919866 0.010000000000000009
      vertex 54.67645713686943 -104.19777747839689 -3.99
      vertex 54.67645713686943 -104.19777747839689 0.010000000000000009
    endloop
  endfacet
  facet normal -0.46174862813091716 0.8870108254239155 0
    outer loop
      vertex 54.66022974997759 -102.93031789213418 0
      vertex 54.79942836612463 -102.85785567611455 0
      vertex 54.79942836612463 -102.85785567611455 -3.99
    endloop
  endfacet
  facet normal -0.537299636838157 0.8433914276619041 0
    outer loop
      vertex 54.79942836612463 -102.85785567611455 0
      vertex 54.9317818954587 -102.7735371723771 0
      vertex 54.9317818954587 -102.7735371723771 -3.99
    endloop
  endfacet
  facet normal -0.6087614133609218 0.7933533522982132 0
    outer loop
      vertex 55.056282840669155 -102.67800424098968 0
      vertex 55.056282840669155 -102.67800424098968 -3.99
      vertex 54.9317818954587 -102.7735371723771 0
    endloop
  endfacet
  facet normal -0.6755901944525259 0.7372773488719141 0
    outer loop
      vertex 55.056282840669155 -102.67800424098968 0
      vertex 55.1719838231802 -102.57198382765054 0
      vertex 55.1719838231802 -102.57198382765054 -3.99
    endloop
  endfacet
  facet normal -0.7372773488719141 0.6755901944525259 0
    outer loop
      vertex 55.1719838231802 -102.57198382765054 0
      vertex 55.27800423651934 -102.4562828451395 0
      vertex 55.27800423651934 -102.4562828451395 -3.99
    endloop
  endfacet
  facet normal -0.7933533522982132 0.6087614133609218 0
    outer loop
      vertex 55.37353716790676 -102.33178189992904 0
      vertex 55.37353716790676 -102.33178189992904 -3.99
      vertex 55.27800423651934 -102.4562828451395 0
    endloop
  endfacet
  facet normal 0.46174861944404144 -0.8870108299460169 0
    outer loop
      vertex 55.399999998509884 -103.89807621240615 0.010000000000000009
      vertex 55.16785478591919 -104.01892336308956 0.010000000000000009
      vertex 55.399999998509884 -103.89807621240615 -3.99
    endloop
  endfacet
  facet normal 0.5372996040205454 -0.8433914485690289 0
    outer loop
      vertex 55.399999998509884 -103.89807621240615 0.010000000000000009
      vertex 55.6207293048501 -103.75745613723993 -3.99
      vertex 55.6207293048501 -103.75745613723993 0.010000000000000009
    endloop
  endfacet
  facet normal 0.3007057817123236 -0.9537169563580069 0
    outer loop
      vertex 54.67645713686943 -104.19777747839689 0.010000000000000009
      vertex 54.92606043070555 -104.11907786726951 -3.99
      vertex 54.92606043070555 -104.11907786726951 0.010000000000000009
    endloop
  endfacet
  facet normal 0.38268344197049287 -0.9238795285325985 0
    outer loop
      vertex 54.92606043070555 -104.11907786726951 0.010000000000000009
      vertex 55.16785478591919 -104.01892336308956 -3.99
      vertex 55.16785478591919 -104.01892336308956 0.010000000000000009
    endloop
  endfacet
  facet normal -0.9990482207557869 0.04361940628546645 0
    outer loop
      vertex 55.69999999552965 -101.27381596565246 0
      vertex 55.69999999552965 -101.27381596565246 -3.99
      vertex 55.69201157987118 -101.4567806854844 0
    endloop
  endfacet
  facet normal -0.9914448574888831 0.1305262217290014 0
    outer loop
      vertex 55.69201157987118 -101.4567806854844 0
      vertex 55.69201157987118 -101.4567806854844 -3.99
      vertex 55.671528086066246 -101.61236823201179 0
    endloop
  endfacet
  facet normal -0.9762960123435545 0.21643959037586985 0
    outer loop
      vertex 55.671528086066246 -101.61236823201179 0
      vertex 55.671528086066246 -101.61236823201179 -3.99
      vertex 55.6375622227788 -101.76557835787534 0
    endloop
  endfacet
  facet normal -0.9537169599452531 0.3007057703350312 0
    outer loop
      vertex 55.59037244319916 -101.91524523347616 0
      vertex 55.6375622227788 -101.76557835787534 0
      vertex 55.6375622227788 -101.76557835787534 -3.99
    endloop
  endfacet
  facet normal 0.9762960066667415 -0.21643961598231837 0
    outer loop
      vertex 56.85442325472832 -101.8209445387125 0.010000000000000009
      vertex 56.797777473926544 -102.07645714133977 0.010000000000000009
      vertex 56.85442325472832 -101.8209445387125 -3.99
    endloop
  endfacet
  facet normal 0.9537169563580069 -0.3007057817123236 0
    outer loop
      vertex 56.71907786279917 -102.32606043517589 0.010000000000000009
      vertex 56.797777473926544 -102.07645714133977 -3.99
      vertex 56.797777473926544 -102.07645714133977 0.010000000000000009
    endloop
  endfacet
  facet normal 0.9990482214769228 -0.04361938976874022 0
    outer loop
      vertex 56.899999998509884 -101.30000000298023 0.010000000000000009
      vertex 56.88858409225941 -101.56146722882986 0.010000000000000009
      vertex 56.899999998509884 -101.30000000298023 -3.99
    endloop
  endfacet
  facet normal 0.9914448605738744 -0.13052619829616904 0
    outer loop
      vertex 56.85442325472832 -101.8209445387125 0.010000000000000009
      vertex 56.88858409225941 -101.56146722882986 -3.99
      vertex 56.88858409225941 -101.56146722882986 0.010000000000000009
    endloop
  endfacet
  facet normal 0.6087614248213178 -0.7933533435043424 0
    outer loop
      vertex 55.6207293048501 -103.75745613723993 0.010000000000000009
      vertex 55.828362829983234 -103.59813333153724 -3.99
      vertex 55.828362829983234 -103.59813333153724 0.010000000000000009
    endloop
  endfacet
  facet normal 0.6755902067746475 -0.7372773375807703 0
    outer loop
      vertex 55.828362829983234 -103.59813333153724 0.010000000000000009
      vertex 56.02132034301758 -103.42132034748792 -3.99
      vertex 56.02132034301758 -103.42132034748792 0.010000000000000009
    endloop
  endfacet
  facet normal 0.7933533435043424 -0.6087614248213178 0
    outer loop
      vertex 56.357456132769585 -103.02072930932044 0.010000000000000009
      vertex 56.1981333270669 -103.22836283445358 0.010000000000000009
      vertex 56.357456132769585 -103.02072930932044 -3.99
    endloop
  endfacet
  facet normal 0.7372773375807703 -0.6755902067746475 0
    outer loop
      vertex 56.02132034301758 -103.42132034748792 0.010000000000000009
      vertex 56.1981333270669 -103.22836283445358 -3.99
      vertex 56.1981333270669 -103.22836283445358 0.010000000000000009
    endloop
  endfacet
  facet normal 0.8870108299460169 -0.46174861944404144 0
    outer loop
      vertex 56.61892335861921 -102.56785479038953 0.010000000000000009
      vertex 56.49807620793581 -102.80000000298023 0.010000000000000009
      vertex 56.61892335861921 -102.56785479038953 -3.99
    endloop
  endfacet
  facet normal 0.8433914485690289 -0.5372996040205454 0
    outer loop
      vertex 56.357456132769585 -103.02072930932044 0.010000000000000009
      vertex 56.49807620793581 -102.80000000298023 -3.99
      vertex 56.49807620793581 -102.80000000298023 0.010000000000000009
    endloop
  endfacet
  facet normal 0.9238795285325985 -0.38268344197049287 0
    outer loop
      vertex 56.71907786279917 -102.32606043517589 0.010000000000000009
      vertex 56.61892335861921 -102.56785479038953 0.010000000000000009
      vertex 56.71907786279917 -102.32606043517589 -3.99
    endloop
  endfacet
  facet normal 0 1 0
    outer loop
      vertex 41.8472663372631 -103.1 -3
      vertex 44.552733662736905 -103.1 -3
      vertex 53.8738159686327 -103.1 -3.99
    endloop
  endfacet
  facet normal 0 -1 0
    outer loop
      vertex 44.70500000186264 -104.30000000298023 -3.562499998696148
      vertex 44.09428571428571 -104.30000000298023 -3.99
      vertex 53.899999998509884 -104.30000000298023 -3.99
    endloop
  endfacet
  facet normal 0 0 -1
    outer loop
      vertex 39.08 -103.3 -3.99
      vertex 53.8738159686327 -103.1 -3.99
      vertex 44.08 -103.3 -3.99
    endloop
  endfacet
  facet normal 0 0 -1
    outer loop
      vertex 44.08 -103.3 -3.99
      vertex 53.8738159686327 -103.1 -3.99
      vertex 44.09428571428571 -103.32285714285715 -3.99
    endloop
  endfacet
  facet normal 0 0 -1
    outer loop
      vertex 44.09428571428571 -103.32285714285715 -3.99
      vertex 53.899999998509884 -104.30000000298023 -3.99
      vertex 44.09428571428571 -104.30000000298023 -3.99
    endloop
  endfacet
  facet normal 0 1 0
    outer loop
      vertex 53.8738159686327 -103.1 0
      vertex 53.8738159686327 -103.1 -3.99
      vertex 44.552733662736905 -103.1 -3
    endloop
  endfacet
  facet normal 0 -1 0
    outer loop
      vertex 53.899999998509884 -104.30000000298023 0.010000000000000009
      vertex 44.70500000186264 -104.30000000298023 -3.562499998696148
      vertex 53.899999998509884 -104.30000000298023 -3.99
    endloop
  endfacet
  facet normal -0.8433914276619041 0.537299636838157 0
    outer loop
      vertex 55.37353716790676 -102.33178189992904 0
      vertex 55.45785567164421 -102.19942837059497 -3.99
      vertex 55.37353716790676 -102.33178189992904 -3.99
    endloop
  endfacet
  facet normal -0.9238795311265409 0.38268343570816227 0
    outer loop
      vertex 55.53031788766384 -102.06022975444793 0
      vertex 55.59037244319916 -101.91524523347616 -3.99
      vertex 55.53031788766384 -102.06022975444793 -3.99
    endloop
  endfacet
  facet normal -0.8870108254239155 0.46174862813091716 0
    outer loop
      vertex 55.45785567164421 -102.19942837059497 0
      vertex 55.53031788766384 -102.06022975444793 -3.99
      vertex 55.45785567164421 -102.19942837059497 -3.99
    endloop
  endfacet
  facet normal -0.04361940805833049 0.999048220678382 0
    outer loop
      vertex 53.8738159686327 -103.1 0
      vertex 54.05678068101406 -103.09201158434152 -3.99
      vertex 53.8738159686327 -103.1 -3.99
    endloop
  endfacet
  facet normal -0.1305262217290014 0.9914448574888831 0
    outer loop
      vertex 54.05678068101406 -103.09201158434152 0
      vertex 54.21236822754145 -103.07152809053659 -3.99
      vertex 54.05678068101406 -103.09201158434152 -3.99
    endloop
  endfacet
  facet normal -0.21643959037586985 0.9762960123435545 0
    outer loop
      vertex 54.21236822754145 -103.07152809053659 0
      vertex 54.365578353405 -103.03756222724914 -3.99
      vertex 54.21236822754145 -103.07152809053659 -3.99
    endloop
  endfacet
  facet normal -0.3007057703350312 0.9537169599452531 0
    outer loop
      vertex 54.365578353405 -103.03756222724914 0
      vertex 54.515245229005814 -102.9903724476695 -3.99
      vertex 54.365578353405 -103.03756222724914 -3.99
    endloop
  endfacet
  facet normal -0.38268343570816227 0.9238795311265409 0
    outer loop
      vertex 54.515245229005814 -102.9903724476695 0
      vertex 54.66022974997759 -102.93031789213418 -3.99
      vertex 54.515245229005814 -102.9903724476695 -3.99
    endloop
  endfacet
  facet normal -0.46174862813091716 0.8870108254239155 0
    outer loop
      vertex 54.66022974997759 -102.93031789213418 0
      vertex 54.79942836612463 -102.85785567611455 -3.99
      vertex 54.66022974997759 -102.93031789213418 -3.99
    endloop
  endfacet
  facet normal 0.04361938976874022 -0.9990482214769228 0
    outer loop
      vertex 53.899999998509884 -104.30000000298023 0.010000000000000009
      vertex 53.899999998509884 -104.30000000298023 -3.99
      vertex 54.16146722435951 -104.28858409672975 -3.99
    endloop
  endfacet
  facet normal 0.13052619829616904 -0.9914448605738744 0
    outer loop
      vertex 54.16146722435951 -104.28858409672975 0.010000000000000009
      vertex 54.16146722435951 -104.28858409672975 -3.99
      vertex 54.42094453424215 -104.25442325919866 -3.99
    endloop
  endfacet
  facet normal 0.21643961598231837 -0.9762960066667415 0
    outer loop
      vertex 54.42094453424215 -104.25442325919866 0.010000000000000009
      vertex 54.42094453424215 -104.25442325919866 -3.99
      vertex 54.67645713686943 -104.19777747839689 -3.99
    endloop
  endfacet
  facet normal -0.537299636838157 0.8433914276619041 0
    outer loop
      vertex 54.79942836612463 -102.85785567611455 0
      vertex 54.9317818954587 -102.7735371723771 -3.99
      vertex 54.79942836612463 -102.85785567611455 -3.99
    endloop
  endfacet
  facet normal -0.6087614133609218 0.7933533522982132 0
    outer loop
      vertex 54.9317818954587 -102.7735371723771 0
      vertex 55.056282840669155 -102.67800424098968 -3.99
      vertex 54.9317818954587 -102.7735371723771 -3.99
    endloop
  endfacet
  facet normal -0.6755901944525259 0.7372773488719141 0
    outer loop
      vertex 55.056282840669155 -102.67800424098968 0
      vertex 55.1719838231802 -102.57198382765054 -3.99
      vertex 55.056282840669155 -102.67800424098968 -3.99
    endloop
  endfacet
  facet normal -0.7372773488719141 0.6755901944525259 0
    outer loop
      vertex 55.1719838231802 -102.57198382765054 0
      vertex 55.27800423651934 -102.4562828451395 -3.99
      vertex 55.1719838231802 -102.57198382765054 -3.99
    endloop
  endfacet
  facet normal -0.7933533522982132 0.6087614133609218 0
    outer loop
      vertex 55.27800423651934 -102.4562828451395 0
      vertex 55.37353716790676 -102.33178189992904 -3.99
      vertex 55.27800423651934 -102.4562828451395 -3.99
    endloop
  endfacet
  facet normal 0.5372996040205454 -0.8433914485690289 0
    outer loop
      vertex 55.399999998509884 -103.89807621240615 0.010000000000000009
      vertex 55.399999998509884 -103.89807621240615 -3.99
      vertex 55.6207293048501 -103.75745613723993 -3.99
    endloop
  endfacet
  facet normal 0.3007057817123236 -0.9537169563580069 0
    outer loop
      vertex 54.67645713686943 -104.19777747839689 0.010000000000000009
      vertex 54.67645713686943 -104.19777747839689 -3.99
      vertex 54.92606043070555 -104.11907786726951 -3.99
    endloop
  endfacet
  facet normal 0.38268344197049287 -0.9238795285325985 0
    outer loop
      vertex 54.92606043070555 -104.11907786726951 0.010000000000000009
      vertex 54.92606043070555 -104.11907786726951 -3.99
      vertex 55.16785478591919 -104.01892336308956 -3.99
    endloop
  endfacet
  facet normal 0.46174861944404144 -0.8870108299460169 0
    outer loop
      vertex 55.16785478591919 -104.01892336308956 0.010000000000000009
      vertex 55.16785478591919 -104.01892336308956 -3.99
      vertex 55.399999998509884 -103.89807621240615 -3.99
    endloop
  endfacet
  facet normal -0.9990482207557869 0.04361940628546645 0
    outer loop
      vertex 55.69201157987118 -101.4567806854844 0
      vertex 55.69999999552965 -101.27381596565246 -3.99
      vertex 55.69201157987118 -101.4567806854844 -3.99
    endloop
  endfacet
  facet normal -0.9914448574888831 0.1305262217290014 0
    outer loop
      vertex 55.671528086066246 -101.61236823201179 0
      vertex 55.69201157987118 -101.4567806854844 -3.99
      vertex 55.671528086066246 -101.61236823201179 -3.99
    endloop
  endfacet
  facet normal -0.9762960123435545 0.21643959037586985 0
    outer loop
      vertex 55.6375622227788 -101.76557835787534 0
      vertex 55.671528086066246 -101.61236823201179 -3.99
      vertex 55.6375622227788 -101.76557835787534 -3.99
    endloop
  endfacet
  facet normal -0.9537169599452531 0.3007057703350312 0
    outer loop
      vertex 55.59037244319916 -101.91524523347616 0
      vertex 55.6375622227788 -101.76557835787534 -3.99
      vertex 55.59037244319916 -101.91524523347616 -3.99
    endloop
  endfacet
  facet normal 0.9914448605738744 -0.13052619829616904 0
    outer loop
      vertex 56.85442325472832 -101.8209445387125 0.010000000000000009
      vertex 56.85442325472832 -101.8209445387125 -3.99
      vertex 56.88858409225941 -101.56146722882986 -3.99
    endloop
  endfacet
  facet normal 0.9537169563580069 -0.3007057817123236 0
    outer loop
      vertex 56.71907786279917 -102.32606043517589 0.010000000000000009
      vertex 56.71907786279917 -102.32606043517589 -3.99
      vertex 56.797777473926544 -102.07645714133977 -3.99
    endloop
  endfacet
  facet normal 0.9762960066667415 -0.21643961598231837 0
    outer loop
      vertex 56.797777473926544 -102.07645714133977 0.010000000000000009
      vertex 56.797777473926544 -102.07645714133977 -3.99
      vertex 56.85442325472832 -101.8209445387125 -3.99
    endloop
  endfacet
  facet normal 0.9990482214769228 -0.04361938976874022 0
    outer loop
      vertex 56.88858409225941 -101.56146722882986 0.010000000000000009
      vertex 56.88858409225941 -101.56146722882986 -3.99
      vertex 56.899999998509884 -101.30000000298023 -3.99
    endloop
  endfacet
  facet normal 0.6087614248213178 -0.7933533435043424 0
    outer loop
      vertex 55.6207293048501 -103.75745613723993 0.010000000000000009
      vertex 55.6207293048501 -103.75745613723993 -3.99
      vertex 55.828362829983234 -103.59813333153724 -3.99
    endloop
  endfacet
  facet normal 0.6755902067746475 -0.7372773375807703 0
    outer loop
      vertex 55.828362829983234 -103.59813333153724 0.010000000000000009
      vertex 55.828362829983234 -103.59813333153724 -3.99
      vertex 56.02132034301758 -103.42132034748792 -3.99
    endloop
  endfacet
  facet normal 0.8433914485690289 -0.5372996040205454 0
    outer loop
      vertex 56.357456132769585 -103.02072930932044 0.010000000000000009
      vertex 56.357456132769585 -103.02072930932044 -3.99
      vertex 56.49807620793581 -102.80000000298023 -3.99
    endloop
  endfacet
  facet normal 0.7372773375807703 -0.6755902067746475 0
    outer loop
      vertex 56.02132034301758 -103.42132034748792 0.010000000000000009
      vertex 56.02132034301758 -103.42132034748792 -3.99
      vertex 56.1981333270669 -103.22836283445358 -3.99
    endloop
  endfacet
  facet normal 0.7933533435043424 -0.6087614248213178 0
    outer loop
      vertex 56.1981333270669 -103.22836283445358 0.010000000000000009
      vertex 56.1981333270669 -103.22836283445358 -3.99
      vertex 56.357456132769585 -103.02072930932044 -3.99
    endloop
  endfacet
  facet normal 0.8870108299460169 -0.46174861944404144 0
    outer loop
      vertex 56.49807620793581 -102.80000000298023 0.010000000000000009
      vertex 56.49807620793581 -102.80000000298023 -3.99
      vertex 56.61892335861921 -102.56785479038953 -3.99
    endloop
  endfacet
  facet normal 0.9238795285325985 -0.38268344197049287 0
    outer loop
      vertex 56.61892335861921 -102.56785479038953 0.010000000000000009
      vertex 56.61892335861921 -102.56785479038953 -3.99
      vertex 56.71907786279917 -102.32606043517589 -3.99
    endloop
  endfacet
  facet normal 0 0 -1
    outer loop
      vertex 44.09428571428571 -103.32285714285715 -3.99
      vertex 53.8738159686327 -103.1 -3.99
      vertex 53.899999998509884 -104.30000000298023 -3.99
    endloop
  endfacet
  facet normal 0 0 -1
    outer loop
      vertex 53.8738159686327 -103.1 -3.99
      vertex 54.05678068101406 -103.09201158434152 -3.99
      vertex 53.899999998509884 -104.30000000298023 -3.99
    endloop
  endfacet
  facet normal 0 0 -1
    outer loop
      vertex 54.05678068101406 -103.09201158434152 -3.99
      vertex 54.16146722435951 -104.28858409672975 -3.99
      vertex 53.899999998509884 -104.30000000298023 -3.99
    endloop
  endfacet
  facet normal 0 0 -1
    outer loop
      vertex 54.05678068101406 -103.09201158434152 -3.99
      vertex 54.21236822754145 -103.07152809053659 -3.99
      vertex 54.16146722435951 -104.28858409672975 -3.99
    endloop
  endfacet
  facet normal 0 0 -1
    outer loop
      vertex 54.21236822754145 -103.07152809053659 -3.99
      vertex 54.42094453424215 -104.25442325919866 -3.99
      vertex 54.16146722435951 -104.28858409672975 -3.99
    endloop
  endfacet
  facet normal 0 0 -1
    outer loop
      vertex 54.21236822754145 -103.07152809053659 -3.99
      vertex 54.365578353405 -103.03756222724914 -3.99
      vertex 54.42094453424215 -104.25442325919866 -3.99
    endloop
  endfacet
  facet normal 0 0 -1
    outer loop
      vertex 54.365578353405 -103.03756222724914 -3.99
      vertex 54.67645713686943 -104.19777747839689 -3.99
      vertex 54.42094453424215 -104.25442325919866 -3.99
    endloop
  endfacet
  facet normal 0 0 -1
    outer loop
      vertex 54.365578353405 -103.03756222724914 -3.99
      vertex 54.515245229005814 -102.9903724476695 -3.99
      vertex 54.67645713686943 -104.19777747839689 -3.99
    endloop
  endfacet
  facet normal 0 0 -1
    outer loop
      vertex 54.515245229005814 -102.9903724476695 -3.99
      vertex 54.66022974997759 -102.93031789213418 -3.99
      vertex 54.92606043070555 -104.11907786726951 -3.99
    endloop
  endfacet
  facet normal 0 0 -1
    outer loop
      vertex 54.515245229005814 -102.9903724476695 -3.99
      vertex 54.92606043070555 -104.11907786726951 -3.99
      vertex 54.67645713686943 -104.19777747839689 -3.99
    endloop
  endfacet
  facet normal 0 0 -1
    outer loop
      vertex 54.66022974997759 -102.93031789213418 -3.99
      vertex 54.79942836612463 -102.85785567611455 -3.99
      vertex 55.16785478591919 -104.01892336308956 -3.99
    endloop
  endfacet
  facet normal 0 0 -1
    outer loop
      vertex 54.66022974997759 -102.93031789213418 -3.99
      vertex 55.16785478591919 -104.01892336308956 -3.99
      vertex 54.92606043070555 -104.11907786726951 -3.99
    endloop
  endfacet
  facet normal 0 0 -1
    outer loop
      vertex 54.79942836612463 -102.85785567611455 -3.99
      vertex 54.9317818954587 -102.7735371723771 -3.99
      vertex 55.399999998509884 -103.89807621240615 -3.99
    endloop
  endfacet
  facet normal 0 0 -1
    outer loop
      vertex 54.79942836612463 -102.85785567611455 -3.99
      vertex 55.399999998509884 -103.89807621240615 -3.99
      vertex 55.16785478591919 -104.01892336308956 -3.99
    endloop
  endfacet
  facet normal 0 0 -1
    outer loop
      vertex 55.056282840669155 -102.67800424098968 -3.99
      vertex 55.6207293048501 -103.75745613723993 -3.99
      vertex 54.9317818954587 -102.7735371723771 -3.99
    endloop
  endfacet
  facet normal 0 0 -1
    outer loop
      vertex 55.056282840669155 -102.67800424098968 -3.99
      vertex 55.1719838231802 -102.57198382765054 -3.99
      vertex 55.828362829983234 -103.59813333153724 -3.99
    endloop
  endfacet
  facet normal 0 0 -1
    outer loop
      vertex 55.1719838231802 -102.57198382765054 -3.99
      vertex 55.27800423651934 -102.4562828451395 -3.99
      vertex 56.02132034301758 -103.42132034748792 -3.99
    endloop
  endfacet
  facet normal 0 0 -1
    outer loop
      vertex 54.9317818954587 -102.7735371723771 -3.99
      vertex 55.6207293048501 -103.75745613723993 -3.99
      vertex 55.399999998509884 -103.89807621240615 -3.99
    endloop
  endfacet
  facet normal 0 0 -1
    outer loop
      vertex 55.056282840669155 -102.67800424098968 -3.99
      vertex 55.828362829983234 -103.59813333153724 -3.99
      vertex 55.6207293048501 -103.75745613723993 -3.99
    endloop
  endfacet
  facet normal 0 0 -1
    outer loop
      vertex 55.59037244319916 -101.91524523347616 -3.99
      vertex 55.6375622227788 -101.76557835787534 -3.99
      vertex 56.71907786279917 -102.32606043517589 -3.99
    endloop
  endfacet
  facet normal 0 0 -1
    outer loop
      vertex 55.53031788766384 -102.06022975444793 -3.99
      vertex 55.59037244319916 -101.91524523347616 -3.99
      vertex 56.61892335861921 -102.56785479038953 -3.99
    endloop
  endfacet
  facet normal 0 0 -1
    outer loop
      vertex 55.69999999552965 -101.27381596565246 -3.99
      vertex 56.899999998509884 -101.30000000298023 -3.99
      vertex 55.69201157987118 -101.4567806854844 -3.99
    endloop
  endfacet
  facet normal 0 0 -1
    outer loop
      vertex 55.69201157987118 -101.4567806854844 -3.99
      vertex 56.85442325472832 -101.8209445387125 -3.99
      vertex 55.671528086066246 -101.61236823201179 -3.99
    endloop
  endfacet
  facet normal 0 0 -1
    outer loop
      vertex 55.671528086066246 -101.61236823201179 -3.99
      vertex 56.797777473926544 -102.07645714133977 -3.99
      vertex 55.6375622227788 -101.76557835787534 -3.99
    endloop
  endfacet
  facet normal 0 0 -1
    outer loop
      vertex 55.59037244319916 -101.91524523347616 -3.99
      vertex 56.71907786279917 -102.32606043517589 -3.99
      vertex 56.61892335861921 -102.56785479038953 -3.99
    endloop
  endfacet
  facet normal 0 0 -1
    outer loop
      vertex 55.6375622227788 -101.76557835787534 -3.99
      vertex 56.797777473926544 -102.07645714133977 -3.99
      vertex 56.71907786279917 -102.32606043517589 -3.99
    endloop
  endfacet
  facet normal 0 0 -1
    outer loop
      vertex 55.69201157987118 -101.4567806854844 -3.99
      vertex 56.899999998509884 -101.30000000298023 -3.99
      vertex 56.88858409225941 -101.56146722882986 -3.99
    endloop
  endfacet
  facet normal 0 0 -1
    outer loop
      vertex 55.69201157987118 -101.4567806854844 -3.99
      vertex 56.88858409225941 -101.56146722882986 -3.99
      vertex 56.85442325472832 -101.8209445387125 -3.99
    endloop
  endfacet
  facet normal 0 0 -1
    outer loop
      vertex 55.671528086066246 -101.61236823201179 -3.99
      vertex 56.85442325472832 -101.8209445387125 -3.99
      vertex 56.797777473926544 -102.07645714133977 -3.99
    endloop
  endfacet
  facet normal 0 0 -1
    outer loop
      vertex 55.37353716790676 -102.33178189992904 -3.99
      vertex 56.1981333270669 -103.22836283445358 -3.99
      vertex 55.27800423651934 -102.4562828451395 -3.99
    endloop
  endfacet
  facet normal 0 0 -1
    outer loop
      vertex 55.37353716790676 -102.33178189992904 -3.99
      vertex 55.45785567164421 -102.19942837059497 -3.99
      vertex 56.357456132769585 -103.02072930932044 -3.99
    endloop
  endfacet
  facet normal 0 0 -1
    outer loop
      vertex 55.45785567164421 -102.19942837059497 -3.99
      vertex 55.53031788766384 -102.06022975444793 -3.99
      vertex 56.49807620793581 -102.80000000298023 -3.99
    endloop
  endfacet
  facet normal 0 0 -1
    outer loop
      vertex 55.27800423651934 -102.4562828451395 -3.99
      vertex 56.1981333270669 -103.22836283445358 -3.99
      vertex 56.02132034301758 -103.42132034748792 -3.99
    endloop
  endfacet
  facet normal 0 0 -1
    outer loop
      vertex 55.37353716790676 -102.33178189992904 -3.99
      vertex 56.357456132769585 -103.02072930932044 -3.99
      vertex 56.1981333270669 -103.22836283445358 -3.99
    endloop
  endfacet
  facet normal 0 0 -1
    outer loop
      vertex 55.1719838231802 -102.57198382765054 -3.99
      vertex 56.02132034301758 -103.42132034748792 -3.99
      vertex 55.828362829983234 -103.59813333153724 -3.99
    endloop
  endfacet
  facet normal 0 0 -1
    outer loop
      vertex 55.45785567164421 -102.19942837059497 -3.99
      vertex 56.49807620793581 -102.80000000298023 -3.99
      vertex 56.357456132769585 -103.02072930932044 -3.99
    endloop
  endfacet
  facet normal 0 0 -1
    outer loop
      vertex 55.53031788766384 -102.06022975444793 -3.99
      vertex 56.61892335861921 -102.56785479038953 -3.99
      vertex 56.49807620793581 -102.80000000298023 -3.99
    endloop
  endfacet
  facet normal 0.8433914458128837 -0.5372996083468269 0
    outer loop
      vertex 14.294744111674234 -99.10000000000001 1.2
      vertex 14.294744111674234 -99.10000000000001 -3
      vertex 14.397865502564217 -98.93813184002771 1.2
    endloop
  endfacet
  facet normal 0.7933533402912404 -0.6087614290087138 0
    outer loop
      vertex 14.397865502564217 -98.93813184002771 1.2
      vertex 14.397865502564217 -98.93813184002771 -3
      vertex 14.514702225138247 -98.78586725868962 1.2
    endloop
  endfacet
  facet normal 0.7372773368101442 -0.6755902076156383 4.998209940232352e-19
    outer loop
      vertex 14.644365081389594 -98.6443650813896 1.2
      vertex 14.514702225138247 -98.78586725868962 1.2
      vertex 14.514702225138247 -98.78586725868962 -3
    endloop
  endfacet
  facet normal 0.6755902076156467 -0.7372773368101365 0
    outer loop
      vertex 14.644365081389594 -98.6443650813896 1.2
      vertex 14.644365081389594 -98.6443650813896 -3
      vertex 14.785867258689613 -98.51470222513825 1.2
    endloop
  endfacet
  facet normal 0.6087614290087402 -0.7933533402912201 0
    outer loop
      vertex 14.785867258689613 -98.51470222513825 1.2
      vertex 14.785867258689613 -98.51470222513825 -3
      vertex 14.938131840027697 -98.39786550256422 1.2
    endloop
  endfacet
  facet normal 0.5372996083468162 -0.8433914458128906 0
    outer loop
      vertex 14.938131840027697 -98.39786550256422 1.2
      vertex 14.938131840027697 -98.39786550256422 -3
      vertex 15.1 -98.29474411167423 1.2
    endloop
  endfacet
  facet normal 0.46174861323502153 -0.8870108331782282 0
    outer loop
      vertex 15.1 -98.29474411167423 1.2
      vertex 15.1 -98.29474411167423 -3
      vertex 15.27023982417046 -98.20612286851937 1.2
    endloop
  endfacet
  facet normal 0.38268343236509356 -0.9238795325112852 0
    outer loop
      vertex 15.27023982417046 -98.20612286851937 1.2
      vertex 15.27023982417046 -98.20612286851937 -3
      vertex 15.447555684683529 -98.132676234271 1.2
    endloop
  endfacet
  facet normal 0.30070579950425663 -0.9537169507482322 0
    outer loop
      vertex 15.447555684683529 -98.132676234271 1.2
      vertex 15.447555684683529 -98.132676234271 -3
      vertex 15.630598100774453 -98.07496318216405 1.2
    endloop
  endfacet
  facet normal 0.21643961393814093 -0.976296007119925 0
    outer loop
      vertex 15.630598100774453 -98.07496318216405 1.2
      vertex 15.630598100774453 -98.07496318216405 -3
      vertex 15.817974009132753 -98.03342294337314 1.2
    endloop
  endfacet
  facet normal 0.13052619222000844 -0.991444861373816 0
    outer loop
      vertex 15.817974009132753 -98.03342294337314 1.2
      vertex 15.817974009132753 -98.03342294337314 -3
      vertex 16.008257365955153 -98.00837166419817 1.2
    endloop
  endfacet
  facet normal 0.8433914458128837 -0.5372996083468269 0
    outer loop
      vertex 14.397865502564217 -98.93813184002771 1.2
      vertex 14.294744111674234 -99.10000000000001 -3
      vertex 14.397865502564217 -98.93813184002771 -3
    endloop
  endfacet
  facet normal 0.7933533402912404 -0.6087614290087138 0
    outer loop
      vertex 14.514702225138247 -98.78586725868962 1.2
      vertex 14.397865502564217 -98.93813184002771 -3
      vertex 14.514702225138247 -98.78586725868962 -3
    endloop
  endfacet
  facet normal 0.7372773368101442 -0.6755902076156383 0
    outer loop
      vertex 14.644365081389594 -98.6443650813896 1.2
      vertex 14.514702225138247 -98.78586725868962 -3
      vertex 14.644365081389594 -98.6443650813896 -3
    endloop
  endfacet
  facet normal 0.6755902076156467 -0.7372773368101365 0
    outer loop
      vertex 14.785867258689613 -98.51470222513825 1.2
      vertex 14.644365081389594 -98.6443650813896 -3
      vertex 14.785867258689613 -98.51470222513825 -3
    endloop
  endfacet
  facet normal 0.6087614290087402 -0.7933533402912201 0
    outer loop
      vertex 14.938131840027697 -98.39786550256422 1.2
      vertex 14.785867258689613 -98.51470222513825 -3
      vertex 14.938131840027697 -98.39786550256422 -3
    endloop
  endfacet
  facet normal 0.46174861323502153 -0.8870108331782282 0
    outer loop
      vertex 15.27023982417046 -98.20612286851937 1.2
      vertex 15.1 -98.29474411167423 -3
      vertex 15.27023982417046 -98.20612286851937 -3
    endloop
  endfacet
  facet normal 0.38268343236509356 -0.9238795325112852 0
    outer loop
      vertex 15.447555684683529 -98.132676234271 1.2
      vertex 15.27023982417046 -98.20612286851937 -3
      vertex 15.447555684683529 -98.132676234271 -3
    endloop
  endfacet
  facet normal 0.5372996083468162 -0.8433914458128906 0
    outer loop
      vertex 15.1 -98.29474411167423 1.2
      vertex 14.938131840027697 -98.39786550256422 -3
      vertex 15.1 -98.29474411167423 -3
    endloop
  endfacet
  facet normal 0.30070579950425663 -0.9537169507482322 0
    outer loop
      vertex 15.630598100774453 -98.07496318216405 1.2
      vertex 15.447555684683529 -98.132676234271 -3
      vertex 15.630598100774453 -98.07496318216405 -3
    endloop
  endfacet
  facet normal 0.21643961393814093 -0.976296007119925 0
    outer loop
      vertex 15.817974009132753 -98.03342294337314 1.2
      vertex 15.630598100774453 -98.07496318216405 -3
      vertex 15.817974009132753 -98.03342294337314 -3
    endloop
  endfacet
  facet normal 0.9238795325112938 -0.38268343236507263 0
    outer loop
      vertex 14.132676234271 -99.44755568468354 1.2
      vertex 14.132676234271 -99.44755568468354 -3
      vertex 14.206122868519369 -99.27023982417046 1.2
    endloop
  endfacet
  facet normal 0.9762960071199325 -0.2164396139381066 -2.344598515649668e-19
    outer loop
      vertex 14.074963182164048 -99.63059810077446 1.2
      vertex 14.033422943373141 -99.81797400913275 1.2
      vertex 14.033422943373141 -99.81797400913275 -3
    endloop
  endfacet
  facet normal 0.9537169507482258 -0.3007057995042765 0
    outer loop
      vertex 14.074963182164048 -99.63059810077446 1.2
      vertex 14.074963182164048 -99.63059810077446 -3
      vertex 14.132676234271 -99.44755568468354 1.2
    endloop
  endfacet
  facet normal 0.9914448613738106 -0.13052619222005035 -3.49096222001983e-19
    outer loop
      vertex 14.033422943373141 -99.81797400913275 1.2
      vertex 14.008371664198158 -100.00825736595516 1.2
      vertex 14.008371664198158 -100.00825736595516 -3
    endloop
  endfacet
  facet normal 0.999048221581858 -0.04361938736532846 0
    outer loop
      vertex 14 -100.2 1.2
      vertex 14 -100.2 -3
      vertex 14.008371664198158 -100.00825736595516 1.2
    endloop
  endfacet
  facet normal 0.999048221581858 0.04361938736532846 -5.655346278995357e-20
    outer loop
      vertex 14 -100.2 1.2
      vertex 14.008371664198158 -100.39174263404485 1.2
      vertex 14.008371664198158 -100.39174263404485 -3
    endloop
  endfacet
  facet normal 0.9914448613738106 0.13052619222005035 3.49096222001983e-19
    outer loop
      vertex 14.008371664198158 -100.39174263404485 1.2
      vertex 14.033422943373141 -100.58202599086725 1.2
      vertex 14.033422943373141 -100.58202599086725 -3
    endloop
  endfacet
  facet normal 0.9762960071199325 0.2164396139381066 2.344598515649668e-19
    outer loop
      vertex 14.033422943373141 -100.58202599086725 1.2
      vertex 14.074963182164048 -100.76940189922554 1.2
      vertex 14.074963182164048 -100.76940189922554 -3
    endloop
  endfacet
  facet normal 0.9537169507482258 0.3007057995042765 -5.020124047401839e-19
    outer loop
      vertex 14.074963182164048 -100.76940189922554 1.2
      vertex 14.132676234271 -100.95244431531647 1.2
      vertex 14.132676234271 -100.95244431531647 -3
    endloop
  endfacet
  facet normal 0.8870108331782107 -0.46174861323505506 0
    outer loop
      vertex 14.206122868519369 -99.27023982417046 1.2
      vertex 14.206122868519369 -99.27023982417046 -3
      vertex 14.294744111674234 -99.10000000000001 1.2
    endloop
  endfacet
  facet normal 0.9238795325112938 0.38268343236507263 5.0827112122960143e-20
    outer loop
      vertex 14.132676234271 -100.95244431531647 1.2
      vertex 14.206122868519369 -101.12976017582955 1.2
      vertex 14.206122868519369 -101.12976017582955 -3
    endloop
  endfacet
  facet normal 0.8870108331782107 0.46174861323505506 3.15769941749686e-19
    outer loop
      vertex 14.206122868519369 -101.12976017582955 1.2
      vertex 14.294744111674234 -101.3 1.2
      vertex 14.294744111674234 -101.3 -3
    endloop
  endfacet
  facet normal 0.8433914458128837 0.5372996083468269 -1.9472835365870714e-18
    outer loop
      vertex 14.294744111674234 -101.3 1.2
      vertex 14.397865502564217 -101.4618681599723 1.2
      vertex 14.397865502564217 -101.4618681599723 -3
    endloop
  endfacet
  facet normal 0.7933533402912404 0.6087614290087138 7.017813907860919e-19
    outer loop
      vertex 14.397865502564217 -101.4618681599723 1.2
      vertex 14.514702225138247 -101.61413274131039 1.2
      vertex 14.514702225138247 -101.61413274131039 -3
    endloop
  endfacet
  facet normal 0.7372773368101442 0.6755902076156383 -4.998209940232352e-19
    outer loop
      vertex 14.514702225138247 -101.61413274131039 1.2
      vertex 14.644365081389594 -101.75563491861041 1.2
      vertex 14.644365081389594 -101.75563491861041 -3
    endloop
  endfacet
  facet normal 0.6755902076156467 0.7372773368101365 1.427363089453374e-18
    outer loop
      vertex 14.644365081389594 -101.75563491861041 1.2
      vertex 14.785867258689613 -101.88529777486175 1.2
      vertex 14.785867258689613 -101.88529777486175 -3
    endloop
  endfacet
  facet normal 0.6087614290087402 0.7933533402912201 -3.208341768654765e-19
    outer loop
      vertex 14.785867258689613 -101.88529777486175 1.2
      vertex 14.938131840027697 -102.00213449743579 1.2
      vertex 14.938131840027697 -102.00213449743579 -3
    endloop
  endfacet
  facet normal 0.5372996083468162 0.8433914458128906 -1.6100783258273698e-18
    outer loop
      vertex 14.938131840027697 -102.00213449743579 1.2
      vertex 15.1 -102.10525588832577 1.2
      vertex 15.1 -102.10525588832577 -3
    endloop
  endfacet
  facet normal 0.46174861323502153 0.8870108331782282 1.2293700180586153e-19
    outer loop
      vertex 15.1 -102.10525588832577 1.2
      vertex 15.27023982417046 -102.19387713148063 1.2
      vertex 15.27023982417046 -102.19387713148063 -3
    endloop
  endfacet
  facet normal 0.38268343236509356 0.9238795325112852 6.232089111918132e-19
    outer loop
      vertex 15.27023982417046 -102.19387713148063 1.2
      vertex 15.447555684683529 -102.267323765729 1.2
      vertex 15.447555684683529 -102.267323765729 -3
    endloop
  endfacet
  facet normal 0.30070579950425663 0.9537169507482322 5.796697862244187e-19
    outer loop
      vertex 15.447555684683529 -102.267323765729 1.2
      vertex 15.630598100774453 -102.32503681783595 1.2
      vertex 15.630598100774453 -102.32503681783595 -3
    endloop
  endfacet
  facet normal 0.21643961393814093 0.976296007119925 1.2540906412326784e-19
    outer loop
      vertex 15.630598100774453 -102.32503681783595 1.2
      vertex 15.817974009132753 -102.36657705662687 1.2
      vertex 15.817974009132753 -102.36657705662687 -3
    endloop
  endfacet
  facet normal 0.9762960071199325 -0.2164396139381066 0
    outer loop
      vertex 14.074963182164048 -99.63059810077446 1.2
      vertex 14.033422943373141 -99.81797400913275 -3
      vertex 14.074963182164048 -99.63059810077446 -3
    endloop
  endfacet
  facet normal 0.9914448613738106 -0.13052619222005035 0
    outer loop
      vertex 14.033422943373141 -99.81797400913275 1.2
      vertex 14.008371664198158 -100.00825736595516 -3
      vertex 14.033422943373141 -99.81797400913275 -3
    endloop
  endfacet
  facet normal 0.9537169507482258 -0.3007057995042765 0
    outer loop
      vertex 14.132676234271 -99.44755568468354 1.2
      vertex 14.074963182164048 -99.63059810077446 -3
      vertex 14.132676234271 -99.44755568468354 -3
    endloop
  endfacet
  facet normal 0.999048221581858 -0.04361938736532846 0
    outer loop
      vertex 14.008371664198158 -100.00825736595516 1.2
      vertex 14 -100.2 -3
      vertex 14.008371664198158 -100.00825736595516 -3
    endloop
  endfacet
  facet normal 0.999048221581858 0.04361938736532846 0
    outer loop
      vertex 14 -100.2 1.2
      vertex 14.008371664198158 -100.39174263404485 -3
      vertex 14 -100.2 -3
    endloop
  endfacet
  facet normal 0.9914448613738106 0.13052619222005035 0
    outer loop
      vertex 14.008371664198158 -100.39174263404485 1.2
      vertex 14.033422943373141 -100.58202599086725 -3
      vertex 14.008371664198158 -100.39174263404485 -3
    endloop
  endfacet
  facet normal 0.9762960071199325 0.2164396139381066 0
    outer loop
      vertex 14.033422943373141 -100.58202599086725 1.2
      vertex 14.074963182164048 -100.76940189922554 -3
      vertex 14.033422943373141 -100.58202599086725 -3
    endloop
  endfacet
  facet normal 0.9537169507482258 0.3007057995042765 0
    outer loop
      vertex 14.074963182164048 -100.76940189922554 1.2
      vertex 14.132676234271 -100.95244431531647 -3
      vertex 14.074963182164048 -100.76940189922554 -3
    endloop
  endfacet
  facet normal 0.9238795325112938 0.38268343236507263 0
    outer loop
      vertex 14.132676234271 -100.95244431531647 1.2
      vertex 14.206122868519369 -101.12976017582955 -3
      vertex 14.132676234271 -100.95244431531647 -3
    endloop
  endfacet
  facet normal 0.8870108331782107 -0.46174861323505506 0
    outer loop
      vertex 14.294744111674234 -99.10000000000001 1.2
      vertex 14.206122868519369 -99.27023982417046 -3
      vertex 14.294744111674234 -99.10000000000001 -3
    endloop
  endfacet
  facet normal 0.9238795325112938 -0.38268343236507263 0
    outer loop
      vertex 14.206122868519369 -99.27023982417046 1.2
      vertex 14.132676234271 -99.44755568468354 -3
      vertex 14.206122868519369 -99.27023982417046 -3
    endloop
  endfacet
  facet normal 0.8870108331782107 0.46174861323505506 0
    outer loop
      vertex 14.206122868519369 -101.12976017582955 1.2
      vertex 14.294744111674234 -101.3 -3
      vertex 14.206122868519369 -101.12976017582955 -3
    endloop
  endfacet
  facet normal 0.8433914458128837 0.5372996083468269 0
    outer loop
      vertex 14.294744111674234 -101.3 1.2
      vertex 14.397865502564217 -101.4618681599723 -3
      vertex 14.294744111674234 -101.3 -3
    endloop
  endfacet
  facet normal 0.7933533402912404 0.6087614290087138 0
    outer loop
      vertex 14.397865502564217 -101.4618681599723 1.2
      vertex 14.514702225138247 -101.61413274131039 -3
      vertex 14.397865502564217 -101.4618681599723 -3
    endloop
  endfacet
  facet normal 0.7372773368101442 0.6755902076156383 0
    outer loop
      vertex 14.514702225138247 -101.61413274131039 1.2
      vertex 14.644365081389594 -101.75563491861041 -3
      vertex 14.514702225138247 -101.61413274131039 -3
    endloop
  endfacet
  facet normal 0.6755902076156467 0.7372773368101365 0
    outer loop
      vertex 14.644365081389594 -101.75563491861041 1.2
      vertex 14.785867258689613 -101.88529777486175 -3
      vertex 14.644365081389594 -101.75563491861041 -3
    endloop
  endfacet
  facet normal 0.6087614290087402 0.7933533402912201 0
    outer loop
      vertex 14.785867258689613 -101.88529777486175 1.2
      vertex 14.938131840027697 -102.00213449743579 -3
      vertex 14.785867258689613 -101.88529777486175 -3
    endloop
  endfacet
  facet normal 0.5372996083468162 0.8433914458128906 0
    outer loop
      vertex 14.938131840027697 -102.00213449743579 1.2
      vertex 15.1 -102.10525588832577 -3
      vertex 14.938131840027697 -102.00213449743579 -3
    endloop
  endfacet
  facet normal 0.46174861323502153 0.8870108331782282 0
    outer loop
      vertex 15.1 -102.10525588832577 1.2
      vertex 15.27023982417046 -102.19387713148063 -3
      vertex 15.1 -102.10525588832577 -3
    endloop
  endfacet
  facet normal 0.38268343236509356 0.9238795325112852 0
    outer loop
      vertex 15.27023982417046 -102.19387713148063 1.2
      vertex 15.447555684683529 -102.267323765729 -3
      vertex 15.27023982417046 -102.19387713148063 -3
    endloop
  endfacet
  facet normal 0.30070579950425663 0.9537169507482322 0
    outer loop
      vertex 15.447555684683529 -102.267323765729 1.2
      vertex 15.630598100774453 -102.32503681783595 -3
      vertex 15.447555684683529 -102.267323765729 -3
    endloop
  endfacet
  facet normal 0.21643961393814093 0.976296007119925 0
    outer loop
      vertex 15.630598100774453 -102.32503681783595 1.2
      vertex 15.817974009132753 -102.36657705662687 -3
      vertex 15.630598100774453 -102.32503681783595 -3
    endloop
  endfacet
  facet normal 0.13052619222000844 0.991444861373816 0
    outer loop
      vertex 15.817974009132753 -102.36657705662687 1.2
      vertex 16.008257365955153 -102.39162833580184 -3
      vertex 15.817974009132753 -102.36657705662687 -3
    endloop
  endfacet
  facet normal -0.9914448613738094 0.13052619222005943 9.881484620095684e-17
    outer loop
      vertex 18.39162833580184 -100.39174263404485 1.2
      vertex 18.370238632145732 -100.5542135635607 0
      vertex 18.366577056626856 -100.58202599086725 1.2
    endloop
  endfacet
  facet normal -0.9762960071199346 0.21643961393809777 1.3649480002446242e-19
    outer loop
      vertex 18.32503681783595 -100.76940189922554 1.2
      vertex 18.366577056626856 -100.58202599086725 1.2
      vertex 18.366577056626856 -100.58202599086725 0
    endloop
  endfacet
  facet normal -0.6755902076156467 0.7372773368101365 0
    outer loop
      vertex 17.755634918610404 -101.75563491861041 1.2
      vertex 17.755634918610404 -101.75563491861041 0
      vertex 17.614132741310385 -101.88529777486175 1.2
    endloop
  endfacet
  facet normal -0.7372773368101442 0.6755902076156383 -4.053995674667781e-15
    outer loop
      vertex 17.755634918610404 -101.75563491861041 1.2
      vertex 17.88529777486175 -101.61413274131039 1.2
      vertex 17.774586858622783 -101.73495250536315 0
    endloop
  endfacet
  facet normal -0.9238795325112906 0.38268343236508046 1.7969508838892606e-15
    outer loop
      vertex 18.267323765729 -100.95244431531647 1.2
      vertex 18.20461232771669 -101.10384311948171 0
      vertex 18.19387713148063 -101.12976017582955 1.2
    endloop
  endfacet
  facet normal -0.8870108331782107 0.4617486132350551 -1.1051947961239011e-18
    outer loop
      vertex 18.105255888325765 -101.3 1.2
      vertex 18.19387713148063 -101.12976017582955 1.2
      vertex 18.19387713148063 -101.12976017582955 0
    endloop
  endfacet
  facet normal -0.9914448613738098 0.1305261922200552 0
    outer loop
      vertex 18.366577056626856 -100.58202599086725 1.2
      vertex 18.370238632145732 -100.5542135635607 0
      vertex 18.366577056626856 -100.58202599086725 0
    endloop
  endfacet
  facet normal -0.7372773368100269 0.6755902076157662 0
    outer loop
      vertex 17.755634918610404 -101.75563491861041 1.2
      vertex 17.774586858622783 -101.73495250536315 0
      vertex 17.755634918610404 -101.75563491861041 0
    endloop
  endfacet
  facet normal -0.9238795325113202 0.3826834323650095 0
    outer loop
      vertex 18.19387713148063 -101.12976017582955 1.2
      vertex 18.20461232771669 -101.10384311948171 0
      vertex 18.19387713148063 -101.12976017582955 0
    endloop
  endfacet
  facet normal 0.043619387365364595 -0.9990482215818566 0
    outer loop
      vertex 16.008257365955153 -98.00837166419817 1.2
      vertex 16.008257365955153 -98.00837166419817 -3
      vertex 16.2 -98 1.2
    endloop
  endfacet
  facet normal -0.043619387365364595 -0.9990482215818566 0
    outer loop
      vertex 16.2 -98 1.2
      vertex 16.2 -98 -3
      vertex 16.391742634044846 -98.00837166419817 1.2
    endloop
  endfacet
  facet normal -0.13052619222000725 -0.9914448613738163 0
    outer loop
      vertex 16.391742634044846 -98.00837166419817 1.2
      vertex 16.391742634044846 -98.00837166419817 -3
      vertex 16.582025990867248 -98.03342294337314 1.2
    endloop
  endfacet
  facet normal -0.21643961393814287 -0.9762960071199245 0
    outer loop
      vertex 16.582025990867248 -98.03342294337314 1.2
      vertex 16.582025990867248 -98.03342294337314 -3
      vertex 16.769401899225546 -98.07496318216405 1.2
    endloop
  endfacet
  facet normal -0.30070579950425663 -0.9537169507482322 0
    outer loop
      vertex 16.769401899225546 -98.07496318216405 1.2
      vertex 16.769401899225546 -98.07496318216405 -3
      vertex 16.95244431531647 -98.132676234271 1.2
    endloop
  endfacet
  facet normal -0.38268343236509356 -0.9238795325112852 0
    outer loop
      vertex 16.95244431531647 -98.132676234271 1.2
      vertex 16.95244431531647 -98.132676234271 -3
      vertex 17.12976017582954 -98.20612286851937 1.2
    endloop
  endfacet
  facet normal -0.4617486132350178 -0.8870108331782302 0
    outer loop
      vertex 17.12976017582954 -98.20612286851937 1.2
      vertex 17.12976017582954 -98.20612286851937 -3
      vertex 17.3 -98.29474411167423 1.2
    endloop
  endfacet
  facet normal -0.5372996083468203 -0.8433914458128878 0
    outer loop
      vertex 17.3 -98.29474411167423 1.2
      vertex 17.3 -98.29474411167423 -3
      vertex 17.4618681599723 -98.39786550256422 1.2
    endloop
  endfacet
  facet normal -0.6087614290087402 -0.7933533402912201 0
    outer loop
      vertex 17.4618681599723 -98.39786550256422 1.2
      vertex 17.4618681599723 -98.39786550256422 -3
      vertex 17.614132741310385 -98.51470222513825 1.2
    endloop
  endfacet
  facet normal -0.6755902076156467 -0.7372773368101365 0
    outer loop
      vertex 17.614132741310385 -98.51470222513825 1.2
      vertex 17.614132741310385 -98.51470222513825 -3
      vertex 17.755634918610404 -98.6443650813896 1.2
    endloop
  endfacet
  facet normal -0.7372773368101442 -0.6755902076156383 0
    outer loop
      vertex 17.755634918610404 -98.6443650813896 1.2
      vertex 17.755634918610404 -98.6443650813896 -3
      vertex 17.88529777486175 -98.78586725868962 1.2
    endloop
  endfacet
  facet normal -0.7933533402912359 -0.6087614290087195 0
    outer loop
      vertex 17.88529777486175 -98.78586725868962 1.2
      vertex 17.88529777486175 -98.78586725868962 -3
      vertex 18.002134497435783 -98.93813184002771 1.2
    endloop
  endfacet
  facet normal -0.8433914458128878 -0.5372996083468203 0
    outer loop
      vertex 18.002134497435783 -98.93813184002771 1.2
      vertex 18.002134497435783 -98.93813184002771 -3
      vertex 18.105255888325765 -99.10000000000001 1.2
    endloop
  endfacet
  facet normal 0.13052619222000844 -0.991444861373816 0
    outer loop
      vertex 16.008257365955153 -98.00837166419817 1.2
      vertex 15.817974009132753 -98.03342294337314 -3
      vertex 16.008257365955153 -98.00837166419817 -3
    endloop
  endfacet
  facet normal 0.043619387365364595 -0.9990482215818566 0
    outer loop
      vertex 16.2 -98 1.2
      vertex 16.008257365955153 -98.00837166419817 -3
      vertex 16.2 -98 -3
    endloop
  endfacet
  facet normal -0.043619387365364595 -0.9990482215818566 0
    outer loop
      vertex 16.391742634044846 -98.00837166419817 1.2
      vertex 16.2 -98 -3
      vertex 16.391742634044846 -98.00837166419817 -3
    endloop
  endfacet
  facet normal -0.13052619222000725 -0.9914448613738163 0
    outer loop
      vertex 16.582025990867248 -98.03342294337314 1.2
      vertex 16.391742634044846 -98.00837166419817 -3
      vertex 16.582025990867248 -98.03342294337314 -3
    endloop
  endfacet
  facet normal -0.21643961393814287 -0.9762960071199245 0
    outer loop
      vertex 16.769401899225546 -98.07496318216405 1.2
      vertex 16.582025990867248 -98.03342294337314 -3
      vertex 16.769401899225546 -98.07496318216405 -3
    endloop
  endfacet
  facet normal -0.30070579950425663 -0.9537169507482322 0
    outer loop
      vertex 16.95244431531647 -98.132676234271 1.2
      vertex 16.769401899225546 -98.07496318216405 -3
      vertex 16.95244431531647 -98.132676234271 -3
    endloop
  endfacet
  facet normal -0.38268343236509356 -0.9238795325112852 0
    outer loop
      vertex 17.12976017582954 -98.20612286851937 1.2
      vertex 16.95244431531647 -98.132676234271 -3
      vertex 17.12976017582954 -98.20612286851937 -3
    endloop
  endfacet
  facet normal -0.4617486132350178 -0.8870108331782302 0
    outer loop
      vertex 17.3 -98.29474411167423 1.2
      vertex 17.12976017582954 -98.20612286851937 -3
      vertex 17.3 -98.29474411167423 -3
    endloop
  endfacet
  facet normal -0.5372996083468203 -0.8433914458128878 0
    outer loop
      vertex 17.4618681599723 -98.39786550256422 1.2
      vertex 17.3 -98.29474411167423 -3
      vertex 17.4618681599723 -98.39786550256422 -3
    endloop
  endfacet
  facet normal -0.6087614290087402 -0.7933533402912201 0
    outer loop
      vertex 17.614132741310385 -98.51470222513825 1.2
      vertex 17.4618681599723 -98.39786550256422 -3
      vertex 17.614132741310385 -98.51470222513825 -3
    endloop
  endfacet
  facet normal -0.6755902076156467 -0.7372773368101365 0
    outer loop
      vertex 17.755634918610404 -98.6443650813896 1.2
      vertex 17.614132741310385 -98.51470222513825 -3
      vertex 17.755634918610404 -98.6443650813896 -3
    endloop
  endfacet
  facet normal -0.7372773368101442 -0.6755902076156383 0
    outer loop
      vertex 17.88529777486175 -98.78586725868962 1.2
      vertex 17.755634918610404 -98.6443650813896 -3
      vertex 17.88529777486175 -98.78586725868962 -3
    endloop
  endfacet
  facet normal -0.7933533402912359 -0.6087614290087195 0
    outer loop
      vertex 18.002134497435783 -98.93813184002771 1.2
      vertex 17.88529777486175 -98.78586725868962 -3
      vertex 18.002134497435783 -98.93813184002771 -3
    endloop
  endfacet
  facet normal -0.8433914458128878 -0.5372996083468203 0
    outer loop
      vertex 18.105255888325765 -99.10000000000001 1.2
      vertex 18.002134497435783 -98.93813184002771 -3
      vertex 18.105255888325765 -99.10000000000001 -3
    endloop
  endfacet
  facet normal -0.21643961393814287 0.9762960071199245 -2.0547438624615264e-19
    outer loop
      vertex 16.582025990867248 -102.36657705662687 1.2
      vertex 16.769401899225546 -102.32503681783595 1.2
      vertex 16.769401899225546 -102.32503681783595 -3
    endloop
  endfacet
  facet normal -0.30070579950425663 0.9537169507482322 -5.796697862244187e-19
    outer loop
      vertex 16.769401899225546 -102.32503681783595 1.2
      vertex 16.95244431531647 -102.267323765729 1.2
      vertex 16.95244431531647 -102.267323765729 -3
    endloop
  endfacet
  facet normal -0.38268343236509356 0.9238795325112852 -6.232089111918132e-19
    outer loop
      vertex 16.95244431531647 -102.267323765729 1.2
      vertex 17.12976017582954 -102.19387713148063 1.2
      vertex 17.12976017582954 -102.19387713148063 -3
    endloop
  endfacet
  facet normal -0.4617486132350178 0.8870108331782302 -6.649198282664832e-19
    outer loop
      vertex 17.12976017582954 -102.19387713148063 1.2
      vertex 17.3 -102.10525588832577 1.2
      vertex 17.3 -102.10525588832577 -3
    endloop
  endfacet
  facet normal -0.5372996083468203 0.8433914458128878 -1.8252195673599073e-18
    outer loop
      vertex 17.3 -102.10525588832577 1.2
      vertex 17.4618681599723 -102.00213449743579 1.2
      vertex 17.4618681599723 -102.00213449743579 -3
    endloop
  endfacet
  facet normal -0.6087614290087402 0.7933533402912201 3.208341768654765e-19
    outer loop
      vertex 17.4618681599723 -102.00213449743579 1.2
      vertex 17.614132741310385 -101.88529777486175 1.2
      vertex 17.614132741310385 -101.88529777486175 -3
    endloop
  endfacet
  facet normal 0.13052619222000844 0.991444861373816 -2.786158864154311e-19
    outer loop
      vertex 15.817974009132753 -102.36657705662687 1.2
      vertex 16.008257365955153 -102.39162833580184 1.2
      vertex 16.008257365955153 -102.39162833580184 -3
    endloop
  endfacet
  facet normal 0.043619387365364595 0.9990482215818566 -1.0604444350275536e-19
    outer loop
      vertex 16.008257365955153 -102.39162833580184 1.2
      vertex 16.2 -102.4 1.2
      vertex 16.2 -102.4 -3
    endloop
  endfacet
  facet normal -0.043619387365364595 0.9990482215818566 1.0604444350275536e-19
    outer loop
      vertex 16.2 -102.4 1.2
      vertex 16.391742634044846 -102.39162833580184 1.2
      vertex 16.391742634044846 -102.39162833580184 -3
    endloop
  endfacet
  facet normal -0.13052619222000725 0.9914448613738163 -4.691939861452435e-19
    outer loop
      vertex 16.391742634044846 -102.39162833580184 1.2
      vertex 16.582025990867248 -102.36657705662687 1.2
      vertex 16.582025990867248 -102.36657705662687 -3
    endloop
  endfacet
  facet normal -0.8870108331782107 -0.46174861323505506 0
    outer loop
      vertex 18.105255888325765 -99.10000000000001 1.2
      vertex 18.105255888325765 -99.10000000000001 -3
      vertex 18.19387713148063 -99.27023982417046 1.2
    endloop
  endfacet
  facet normal -0.9238795325112906 -0.3826834323650805 0
    outer loop
      vertex 18.19387713148063 -99.27023982417046 1.2
      vertex 18.19387713148063 -99.27023982417046 -3
      vertex 18.267323765729 -99.44755568468354 1.2
    endloop
  endfacet
  facet normal -0.9537169507482285 -0.30070579950426807 0
    outer loop
      vertex 18.267323765729 -99.44755568468354 1.2
      vertex 18.267323765729 -99.44755568468354 -3
      vertex 18.32503681783595 -99.63059810077446 1.2
    endloop
  endfacet
  facet normal -0.9762960071199345 -0.21643961393809777 0
    outer loop
      vertex 18.32503681783595 -99.63059810077446 1.2
      vertex 18.32503681783595 -99.63059810077446 -3
      vertex 18.366577056626856 -99.81797400913275 1.2
    endloop
  endfacet
  facet normal -0.9914448613738095 -0.13052619222005946 0
    outer loop
      vertex 18.366577056626856 -99.81797400913275 1.2
      vertex 18.366577056626856 -99.81797400913275 -3
      vertex 18.39162833580184 -100.00825736595516 1.2
    endloop
  endfacet
  facet normal -0.999048221581858 -0.04361938736532846 0
    outer loop
      vertex 18.39162833580184 -100.00825736595516 1.2
      vertex 18.39162833580184 -100.00825736595516 -3
      vertex 18.4 -100.2 1.2
    endloop
  endfacet
  facet normal -0.999048221581858 0.04361938736532846 0
    outer loop
      vertex 18.4 -100.2 1.2
      vertex 18.4 -100.2 -3
      vertex 18.39162833580184 -100.39174263404485 1.2
    endloop
  endfacet
  facet normal -0.7933533402912359 0.6087614290087195 -8.762438494622452e-19
    outer loop
      vertex 17.88529777486175 -101.61413274131039 1.2
      vertex 18.002134497435783 -101.4618681599723 1.2
      vertex 18.002134497435783 -101.4618681599723 -3
    endloop
  endfacet
  facet normal -0.8433914458128878 0.5372996083468203 -1.8252195673599073e-18
    outer loop
      vertex 18.002134497435783 -101.4618681599723 1.2
      vertex 18.105255888325765 -101.3 1.2
      vertex 18.105255888325765 -101.3 -3
    endloop
  endfacet
  facet normal -0.9537169507482285 0.30070579950426807 0
    outer loop
      vertex 18.32503681783595 -100.76940189922554 1.2
      vertex 18.32503681783595 -100.76940189922554 -3
      vertex 18.267323765729 -100.95244431531647 1.2
    endloop
  endfacet
  facet normal -0.9762960071199346 0.21643961393809777 5.459792000978496e-20
    outer loop
      vertex 18.32503681783595 -100.76940189922554 1.2
      vertex 18.366577056626856 -100.58202599086725 0
      vertex 18.366577056626856 -100.58202599086725 -3
    endloop
  endfacet
  facet normal -0.9914448613738093 0.13052619222006015 0
    outer loop
      vertex 18.39162833580184 -100.39174263404485 1.2
      vertex 18.39162833580184 -100.39174263404485 -3
      vertex 18.370238632145732 -100.5542135635607 0
    endloop
  endfacet
  facet normal -0.6755902076156467 0.7372773368101365 -1.9983083252347236e-18
    outer loop
      vertex 17.614132741310385 -101.88529777486175 1.2
      vertex 17.755634918610404 -101.75563491861041 0
      vertex 17.755634918610404 -101.75563491861041 -3
    endloop
  endfacet
  facet normal -0.7372773368101642 0.6755902076156164 0
    outer loop
      vertex 17.88529777486175 -101.61413274131039 1.2
      vertex 17.88529777486175 -101.61413274131039 -3
      vertex 17.774586858622783 -101.73495250536315 0
    endloop
  endfacet
  facet normal -0.9238795325112855 0.38268343236509267 0
    outer loop
      vertex 18.267323765729 -100.95244431531647 1.2
      vertex 18.267323765729 -100.95244431531647 -3
      vertex 18.20461232771669 -101.10384311948171 0
    endloop
  endfacet
  facet normal -0.8870108331782107 0.4617486132350551 -4.420779184495605e-19
    outer loop
      vertex 18.105255888325765 -101.3 1.2
      vertex 18.19387713148063 -101.12976017582955 0
      vertex 18.19387713148063 -101.12976017582955 -3
    endloop
  endfacet
  facet normal -0.30070579950425663 0.9537169507482322 0
    outer loop
      vertex 16.769401899225546 -102.32503681783595 1.2
      vertex 16.95244431531647 -102.267323765729 -3
      vertex 16.769401899225546 -102.32503681783595 -3
    endloop
  endfacet
  facet normal -0.38268343236509356 0.9238795325112852 0
    outer loop
      vertex 16.95244431531647 -102.267323765729 1.2
      vertex 17.12976017582954 -102.19387713148063 -3
      vertex 16.95244431531647 -102.267323765729 -3
    endloop
  endfacet
  facet normal -0.4617486132350178 0.8870108331782302 0
    outer loop
      vertex 17.12976017582954 -102.19387713148063 1.2
      vertex 17.3 -102.10525588832577 -3
      vertex 17.12976017582954 -102.19387713148063 -3
    endloop
  endfacet
  facet normal -0.5372996083468203 0.8433914458128878 0
    outer loop
      vertex 17.3 -102.10525588832577 1.2
      vertex 17.4618681599723 -102.00213449743579 -3
      vertex 17.3 -102.10525588832577 -3
    endloop
  endfacet
  facet normal -0.6087614290087402 0.7933533402912201 0
    outer loop
      vertex 17.4618681599723 -102.00213449743579 1.2
      vertex 17.614132741310385 -101.88529777486175 -3
      vertex 17.4618681599723 -102.00213449743579 -3
    endloop
  endfacet
  facet normal 0.043619387365364595 0.9990482215818566 0
    outer loop
      vertex 16.008257365955153 -102.39162833580184 1.2
      vertex 16.2 -102.4 -3
      vertex 16.008257365955153 -102.39162833580184 -3
    endloop
  endfacet
  facet normal -0.043619387365364595 0.9990482215818566 0
    outer loop
      vertex 16.2 -102.4 1.2
      vertex 16.391742634044846 -102.39162833580184 -3
      vertex 16.2 -102.4 -3
    endloop
  endfacet
  facet normal -0.13052619222000725 0.9914448613738163 0
    outer loop
      vertex 16.391742634044846 -102.39162833580184 1.2
      vertex 16.582025990867248 -102.36657705662687 -3
      vertex 16.391742634044846 -102.39162833580184 -3
    endloop
  endfacet
  facet normal -0.21643961393814287 0.9762960071199245 0
    outer loop
      vertex 16.582025990867248 -102.36657705662687 1.2
      vertex 16.769401899225546 -102.32503681783595 -3
      vertex 16.582025990867248 -102.36657705662687 -3
    endloop
  endfacet
  facet normal -0.8870108331782107 -0.46174861323505506 0
    outer loop
      vertex 18.19387713148063 -99.27023982417046 1.2
      vertex 18.105255888325765 -99.10000000000001 -3
      vertex 18.19387713148063 -99.27023982417046 -3
    endloop
  endfacet
  facet normal -0.9238795325112906 -0.3826834323650805 0
    outer loop
      vertex 18.267323765729 -99.44755568468354 1.2
      vertex 18.19387713148063 -99.27023982417046 -3
      vertex 18.267323765729 -99.44755568468354 -3
    endloop
  endfacet
  facet normal -0.9537169507482285 -0.30070579950426807 0
    outer loop
      vertex 18.32503681783595 -99.63059810077446 1.2
      vertex 18.267323765729 -99.44755568468354 -3
      vertex 18.32503681783595 -99.63059810077446 -3
    endloop
  endfacet
  facet normal -0.9762960071199345 -0.21643961393809777 0
    outer loop
      vertex 18.366577056626856 -99.81797400913275 1.2
      vertex 18.32503681783595 -99.63059810077446 -3
      vertex 18.366577056626856 -99.81797400913275 -3
    endloop
  endfacet
  facet normal -0.9914448613738095 -0.13052619222005946 0
    outer loop
      vertex 18.39162833580184 -100.00825736595516 1.2
      vertex 18.366577056626856 -99.81797400913275 -3
      vertex 18.39162833580184 -100.00825736595516 -3
    endloop
  endfacet
  facet normal -0.999048221581858 -0.04361938736532846 0
    outer loop
      vertex 18.4 -100.2 1.2
      vertex 18.39162833580184 -100.00825736595516 -3
      vertex 18.4 -100.2 -3
    endloop
  endfacet
  facet normal -0.9914448613738078 0.13052619222007192 6.477917869514038e-16
    outer loop
      vertex 18.375962906094735 -100.51073338617019 -1.8760035682426404
      vertex 18.370238632145732 -100.5542135635607 0
      vertex 18.39162833580184 -100.39174263404485 -3
    endloop
  endfacet
  facet normal -0.9762960071199345 0.21643961393809777 0
    outer loop
      vertex 18.32503681783595 -100.76940189922554 1.2
      vertex 18.366577056626856 -100.58202599086725 -3
      vertex 18.32503681783595 -100.76940189922554 -3
    endloop
  endfacet
  facet normal -0.999048221581858 0.04361938736532846 0
    outer loop
      vertex 18.39162833580184 -100.39174263404485 1.2
      vertex 18.4 -100.2 -3
      vertex 18.39162833580184 -100.39174263404485 -3
    endloop
  endfacet
  facet normal -0.8433914458128878 0.5372996083468203 0
    outer loop
      vertex 18.002134497435783 -101.4618681599723 1.2
      vertex 18.105255888325765 -101.3 -3
      vertex 18.002134497435783 -101.4618681599723 -3
    endloop
  endfacet
  facet normal -0.6755902076156467 0.7372773368101365 0
    outer loop
      vertex 17.614132741310385 -101.88529777486175 1.2
      vertex 17.755634918610404 -101.75563491861041 -3
      vertex 17.614132741310385 -101.88529777486175 -3
    endloop
  endfacet
  facet normal -0.7372773368101198 0.675590207615665 3.602207820371336e-15
    outer loop
      vertex 17.804215114529732 -101.70261893782003 -1.8760035682426404
      vertex 17.774586858622783 -101.73495250536315 0
      vertex 17.88529777486175 -101.61413274131039 -3
    endloop
  endfacet
  facet normal -0.7933533402912359 0.6087614290087195 0
    outer loop
      vertex 17.88529777486175 -101.61413274131039 1.2
      vertex 18.002134497435783 -101.4618681599723 -3
      vertex 17.88529777486175 -101.61413274131039 -3
    endloop
  endfacet
  facet normal -0.9238795325113026 0.38268343236505176 -2.4178227921119335e-15
    outer loop
      vertex 18.22139504975388 -101.06332604432599 -1.8760035682426404
      vertex 18.20461232771669 -101.10384311948171 0
      vertex 18.267323765729 -100.95244431531647 -3
    endloop
  endfacet
  facet normal -0.8870108331782107 0.46174861323505506 0
    outer loop
      vertex 18.105255888325765 -101.3 1.2
      vertex 18.19387713148063 -101.12976017582955 -3
      vertex 18.105255888325765 -101.3 -3
    endloop
  endfacet
  facet normal -0.9537169507482285 0.30070579950426807 0
    outer loop
      vertex 18.267323765729 -100.95244431531647 1.2
      vertex 18.32503681783595 -100.76940189922554 -3
      vertex 18.267323765729 -100.95244431531647 -3
    endloop
  endfacet
  facet normal -0.9914448613738094 0.13052619222005943 -6.958906871771232e-16
    outer loop
      vertex 18.366577056626856 -100.58202599086725 -3
      vertex 18.375962906094735 -100.51073338617019 -1.8760035682426404
      vertex 18.39162833580184 -100.39174263404485 -3
    endloop
  endfacet
  facet normal -0.7372773368101442 0.6755902076156383 -2.70646922445655e-16
    outer loop
      vertex 17.755634918610404 -101.75563491861041 -3
      vertex 17.804215114529732 -101.70261893782003 -1.8760035682426404
      vertex 17.88529777486175 -101.61413274131039 -3
    endloop
  endfacet
  facet normal -0.9238795325112906 0.38268343236508046 9.033759375641571e-16
    outer loop
      vertex 18.19387713148063 -101.12976017582955 -3
      vertex 18.22139504975388 -101.06332604432599 -1.8760035682426404
      vertex 18.267323765729 -100.95244431531647 -3
    endloop
  endfacet
  facet normal 0.631391593135692 -0.3286816593818257 0.7023624583529376
    outer loop
      vertex 14.206122868519369 -99.27023982417046 1.2
      vertex 13.61047712596801 -98.70493827160495 2
      vertex 13.490027826910165 -98.93631922230126 2
    endloop
  endfacet
  facet normal 0.600342463350526 -0.38246032970053095 0.7023624583529386
    outer loop
      vertex 14.294744111674234 -99.10000000000001 1.2
      vertex 13.750634257693903 -98.48493564340465 2
      vertex 13.61047712596801 -98.70493827160495 2
    endloop
  endfacet
  facet normal 0.5647243649225734 -0.4333282459743553 0.7023624583529396
    outer loop
      vertex 14.397865502564217 -98.93813184002771 1.2
      vertex 13.909432541686215 -98.27798569054222 2
      vertex 13.750634257693903 -98.48493564340465 2
    endloop
  endfacet
  facet normal 0.5248083730876469 -0.48089827264558904 0.7023624583529405
    outer loop
      vertex 14.514702225138247 -98.78586725868962 1.2
      vertex 14.085663427118742 -98.08566342711875 2
      vertex 13.909432541686215 -98.27798569054222 2
    endloop
  endfacet
  facet normal 0.6313915931356875 -0.32868165938183214 0.7023624583529389
    outer loop
      vertex 14.206122868519369 -99.27023982417046 1.2
      vertex 14.294744111674234 -99.10000000000001 1.2
      vertex 13.61047712596801 -98.70493827160495 2
    endloop
  endfacet
  facet normal 0.6003424633505234 -0.382460329700534 0.7023624583529392
    outer loop
      vertex 14.294744111674234 -99.10000000000001 1.2
      vertex 14.397865502564217 -98.93813184002771 1.2
      vertex 13.750634257693903 -98.48493564340465 2
    endloop
  endfacet
  facet normal 0.48089827264557117 -0.5248083730876689 0.7023624583529361
    outer loop
      vertex 14.644365081389594 -98.6443650813896 1.2
      vertex 14.277985690542224 -97.90943254168623 2
      vertex 14.085663427118742 -98.08566342711875 2
    endloop
  endfacet
  facet normal 0.433328245974387 -0.5647243649225545 0.7023624583529352
    outer loop
      vertex 14.785867258689613 -98.51470222513825 1.2
      vertex 14.48493564340465 -97.7506342576939 2
      vertex 14.277985690542224 -97.90943254168623 2
    endloop
  endfacet
  facet normal 0.3824603297005228 -0.6003424633505338 0.7023624583529363
    outer loop
      vertex 14.938131840027697 -98.39786550256422 1.2
      vertex 14.704938271604938 -97.61047712596802 2
      vertex 14.48493564340465 -97.7506342576939 2
    endloop
  endfacet
  facet normal 0.32868165938180377 -0.6313915931357066 0.702362458352935
    outer loop
      vertex 15.1 -98.29474411167423 1.2
      vertex 14.936319222301265 -97.49002782691018 2
      vertex 14.704938271604938 -97.61047712596802 2
    endloop
  endfacet
  facet normal 0.27240152317181904 -0.6576354516524302 0.7023624583529341
    outer loop
      vertex 15.27023982417046 -98.20612286851937 1.2
      vertex 15.177317546747197 -97.39020305241547 2
      vertex 14.936319222301265 -97.49002782691018 2
    endloop
  endfacet
  facet normal 0.21404824688991037 -0.6788743072909551 0.7023624583529373
    outer loop
      vertex 15.447555684683529 -98.132676234271 1.2
      vertex 15.42609910217493 -97.31176252929367 2
      vertex 15.177317546747197 -97.39020305241547 2
    endloop
  endfacet
  facet normal 0.15406593420329223 -0.6949465195354826 0.7023624583529405
    outer loop
      vertex 15.630598100774453 -98.07496318216405 1.2
      vertex 15.680770510729253 -97.25530323728943 2
      vertex 15.42609910217493 -97.31176252929367 2
    endloop
  endfacet
  facet normal 0.09291108672987788 -0.705729769146161 0.7023624583529358
    outer loop
      vertex 15.817974009132753 -98.03342294337314 1.2
      vertex 15.93939356921626 -97.22125486570592 2
      vertex 15.680770510729253 -97.25530323728943 2
    endloop
  endfacet
  facet normal 0.5647243649225697 -0.4333282459743589 0.7023624583529403
    outer loop
      vertex 14.397865502564217 -98.93813184002771 1.2
      vertex 14.514702225138247 -98.78586725868962 1.2
      vertex 13.909432541686215 -98.27798569054222 2
    endloop
  endfacet
  facet normal 0.52480837308767 -0.48089827264556984 0.7023624583529361
    outer loop
      vertex 14.644365081389594 -98.6443650813896 1.2
      vertex 14.085663427118742 -98.08566342711875 2
      vertex 14.514702225138247 -98.78586725868962 1.2
    endloop
  endfacet
  facet normal 0.4808982726455765 -0.5248083730876653 0.7023624583529352
    outer loop
      vertex 14.644365081389594 -98.6443650813896 1.2
      vertex 14.785867258689613 -98.51470222513825 1.2
      vertex 14.277985690542224 -97.90943254168623 2
    endloop
  endfacet
  facet normal 0.43332824597438013 -0.5647243649225584 0.7023624583529363
    outer loop
      vertex 14.785867258689613 -98.51470222513825 1.2
      vertex 14.938131840027697 -98.39786550256422 1.2
      vertex 14.48493564340465 -97.7506342576939 2
    endloop
  endfacet
  facet normal 0.38246032970052823 -0.6003424633505312 0.7023624583529356
    outer loop
      vertex 14.938131840027697 -98.39786550256422 1.2
      vertex 15.1 -98.29474411167423 1.2
      vertex 14.704938271604938 -97.61047712596802 2
    endloop
  endfacet
  facet normal 0.32868165938181054 -0.6313915931357043 0.702362458352934
    outer loop
      vertex 15.1 -98.29474411167423 1.2
      vertex 15.27023982417046 -98.20612286851937 1.2
      vertex 14.936319222301265 -97.49002782691018 2
    endloop
  endfacet
  facet normal 0.2724015231717979 -0.6576354516524358 0.7023624583529372
    outer loop
      vertex 15.27023982417046 -98.20612286851937 1.2
      vertex 15.447555684683529 -98.132676234271 1.2
      vertex 15.177317546747197 -97.39020305241547 2
    endloop
  endfacet
  facet normal 0.21404824688988547 -0.6788743072909593 0.7023624583529411
    outer loop
      vertex 15.447555684683529 -98.132676234271 1.2
      vertex 15.630598100774453 -98.07496318216405 1.2
      vertex 15.42609910217493 -97.31176252929367 2
    endloop
  endfacet
  facet normal 0.15406593420333176 -0.6949465195354794 0.702362458352935
    outer loop
      vertex 15.630598100774453 -98.07496318216405 1.2
      vertex 15.817974009132753 -98.03342294337314 1.2
      vertex 15.680770510729253 -97.25530323728943 2
    endloop
  endfacet
  facet normal 0.70572976914616 -0.09291108672986917 0.7023624583529379
    outer loop
      vertex 14.008371664198158 -100.00825736595516 1.2
      vertex 13.255303237289422 -99.68077051072926 2
      vertex 13.221254865705916 -99.93939356921626 2
    endloop
  endfacet
  facet normal 0.6788743072909548 -0.21404824688990667 0.7023624583529389
    outer loop
      vertex 14.074963182164048 -99.63059810077446 1.2
      vertex 13.390203052415469 -99.1773175467472 2
      vertex 13.311762529293674 -99.42609910217493 2
    endloop
  endfacet
  facet normal 0.6576354516524396 -0.2724015231717858 0.7023624583529381
    outer loop
      vertex 14.132676234271 -99.44755568468354 1.2
      vertex 13.490027826910165 -98.93631922230126 2
      vertex 13.390203052415469 -99.1773175467472 2
    endloop
  endfacet
  facet normal 0.6949465195354843 -0.154065934203298 0.7023624583529375
    outer loop
      vertex 14.033422943373141 -99.81797400913275 1.2
      vertex 13.311762529293674 -99.42609910217493 2
      vertex 13.255303237289422 -99.68077051072926 2
    endloop
  endfacet
  facet normal 0.7111419890823499 -0.031049129785168456 0.7023624583529381
    outer loop
      vertex 14 -100.2 1.2
      vertex 13.221254865705916 -99.93939356921626 2
      vertex 13.209876543209877 -100.2 2
    endloop
  endfacet
  facet normal 0.7111419890823503 0.031049129785168696 0.7023624583529376
    outer loop
      vertex 14.008371664198158 -100.39174263404485 1.2
      vertex 13.209876543209877 -100.2 2
      vertex 13.221254865705916 -100.46060643078374 2
    endloop
  endfacet
  facet normal 0.7057297691461604 0.09291108672986935 0.7023624583529376
    outer loop
      vertex 14.033422943373141 -100.58202599086725 1.2
      vertex 13.221254865705916 -100.46060643078374 2
      vertex 13.255303237289422 -100.71922948927075 2
    endloop
  endfacet
  facet normal 0.6949465195354831 0.15406593420329767 0.7023624583529384
    outer loop
      vertex 14.074963182164048 -100.76940189922554 1.2
      vertex 13.255303237289422 -100.71922948927075 2
      vertex 13.311762529293674 -100.97390089782508 2
    endloop
  endfacet
  facet normal 0.6788743072909554 0.21404824688990687 0.702362458352938
    outer loop
      vertex 14.132676234271 -100.95244431531647 1.2
      vertex 13.311762529293674 -100.97390089782508 2
      vertex 13.390203052415469 -101.2226824532528 2
    endloop
  endfacet
  facet normal 0.6576354516524399 0.27240152317178606 0.7023624583529378
    outer loop
      vertex 14.206122868519369 -101.12976017582955 1.2
      vertex 13.390203052415469 -101.2226824532528 2
      vertex 13.490027826910165 -101.46368077769874 2
    endloop
  endfacet
  facet normal 0.6313915931356912 0.32868165938182536 0.7023624583529388
    outer loop
      vertex 14.294744111674234 -101.3 1.2
      vertex 13.490027826910165 -101.46368077769874 2
      vertex 13.61047712596801 -101.69506172839506 2
    endloop
  endfacet
  facet normal 0.6003424633505257 0.3824603297005308 0.7023624583529391
    outer loop
      vertex 14.397865502564217 -101.4618681599723 1.2
      vertex 13.61047712596801 -101.69506172839506 2
      vertex 13.750634257693903 -101.91506435659535 2
    endloop
  endfacet
  facet normal 0.5647243649225728 0.43332824597435476 0.7023624583529402
    outer loop
      vertex 14.514702225138247 -101.61413274131039 1.2
      vertex 13.750634257693903 -101.91506435659535 2
      vertex 13.909432541686215 -102.12201430945778 2
    endloop
  endfacet
  facet normal 0.7111419890823507 -0.031049129785164838 0.7023624583529376
    outer loop
      vertex 14 -100.2 1.2
      vertex 14.008371664198158 -100.00825736595516 1.2
      vertex 13.221254865705916 -99.93939356921626 2
    endloop
  endfacet
  facet normal 0.71114198908235 0.03104912978516481 0.7023624583529383
    outer loop
      vertex 14 -100.2 1.2
      vertex 13.209876543209877 -100.2 2
      vertex 14.008371664198158 -100.39174263404485 1.2
    endloop
  endfacet
  facet normal 0.6576354516524414 -0.27240152317178273 0.7023624583529378
    outer loop
      vertex 14.132676234271 -99.44755568468354 1.2
      vertex 14.206122868519369 -99.27023982417046 1.2
      vertex 13.490027826910165 -98.93631922230126 2
    endloop
  endfacet
  facet normal 0.6788743072909578 -0.21404824688990054 0.702362458352938
    outer loop
      vertex 14.074963182164048 -99.63059810077446 1.2
      vertex 14.132676234271 -99.44755568468354 1.2
      vertex 13.390203052415469 -99.1773175467472 2
    endloop
  endfacet
  facet normal 0.6949465195354811 -0.1540659342033065 0.7023624583529388
    outer loop
      vertex 14.074963182164048 -99.63059810077446 1.2
      vertex 13.311762529293674 -99.42609910217493 2
      vertex 14.033422943373141 -99.81797400913275 1.2
    endloop
  endfacet
  facet normal 0.7057297691461606 -0.09291108672986743 0.7023624583529375
    outer loop
      vertex 14.033422943373141 -99.81797400913275 1.2
      vertex 13.255303237289422 -99.68077051072926 2
      vertex 14.008371664198158 -100.00825736595516 1.2
    endloop
  endfacet
  facet normal 0.7057297691461604 0.0929110867298674 0.702362458352938
    outer loop
      vertex 14.008371664198158 -100.39174263404485 1.2
      vertex 13.221254865705916 -100.46060643078374 2
      vertex 14.033422943373141 -100.58202599086725 1.2
    endloop
  endfacet
  facet normal 0.6949465195354825 0.15406593420330683 0.7023624583529374
    outer loop
      vertex 14.033422943373141 -100.58202599086725 1.2
      vertex 13.255303237289422 -100.71922948927075 2
      vertex 14.074963182164048 -100.76940189922554 1.2
    endloop
  endfacet
  facet normal 0.6788743072909568 0.2140482468899002 0.7023624583529391
    outer loop
      vertex 14.074963182164048 -100.76940189922554 1.2
      vertex 13.311762529293674 -100.97390089782508 2
      vertex 14.132676234271 -100.95244431531647 1.2
    endloop
  endfacet
  facet normal 0.6576354516524409 0.2724015231717825 0.7023624583529382
    outer loop
      vertex 14.132676234271 -100.95244431531647 1.2
      vertex 13.390203052415469 -101.2226824532528 2
      vertex 14.206122868519369 -101.12976017582955 1.2
    endloop
  endfacet
  facet normal 0.6313915931356886 0.32868165938183275 0.7023624583529376
    outer loop
      vertex 14.206122868519369 -101.12976017582955 1.2
      vertex 13.490027826910165 -101.46368077769874 2
      vertex 14.294744111674234 -101.3 1.2
    endloop
  endfacet
  facet normal 0.600342463350524 0.38246032970053434 0.7023624583529385
    outer loop
      vertex 14.294744111674234 -101.3 1.2
      vertex 13.61047712596801 -101.69506172839506 2
      vertex 14.397865502564217 -101.4618681599723 1.2
    endloop
  endfacet
  facet normal 0.5248083730876495 0.4808982726455912 0.7023624583529369
    outer loop
      vertex 14.644365081389594 -101.75563491861041 1.2
      vertex 13.909432541686215 -102.12201430945778 2
      vertex 14.085663427118742 -102.31433657288126 2
    endloop
  endfacet
  facet normal 0.4808982726455717 0.5248083730876695 0.7023624583529353
    outer loop
      vertex 14.785867258689613 -101.88529777486175 1.2
      vertex 14.085663427118742 -102.31433657288126 2
      vertex 14.277985690542224 -102.49056745831378 2
    endloop
  endfacet
  facet normal 0.5647243649225704 0.4333282459743595 0.7023624583529395
    outer loop
      vertex 14.397865502564217 -101.4618681599723 1.2
      vertex 13.750634257693903 -101.91506435659535 2
      vertex 14.514702225138247 -101.61413274131039 1.2
    endloop
  endfacet
  facet normal 0.5248083730876665 0.48089827264556656 0.7023624583529411
    outer loop
      vertex 14.514702225138247 -101.61413274131039 1.2
      vertex 13.909432541686215 -102.12201430945778 2
      vertex 14.644365081389594 -101.75563491861041 1.2
    endloop
  endfacet
  facet normal 0.48089827264557583 0.5248083730876645 0.7023624583529363
    outer loop
      vertex 14.644365081389594 -101.75563491861041 1.2
      vertex 14.085663427118742 -102.31433657288126 2
      vertex 14.785867258689613 -101.88529777486175 1.2
    endloop
  endfacet
  facet normal 0.4333282459743809 0.5647243649225594 0.702362458352935
    outer loop
      vertex 14.785867258689613 -101.88529777486175 1.2
      vertex 14.277985690542224 -102.49056745831378 2
      vertex 14.938131840027697 -102.00213449743579 1.2
    endloop
  endfacet
  facet normal 0.3824603297005277 0.6003424633505304 0.7023624583529365
    outer loop
      vertex 14.938131840027697 -102.00213449743579 1.2
      vertex 14.48493564340465 -102.6493657423061 2
      vertex 15.1 -102.10525588832577 1.2
    endloop
  endfacet
  facet normal 0.43332824597438635 0.5647243649225537 0.7023624583529363
    outer loop
      vertex 14.938131840027697 -102.00213449743579 1.2
      vertex 14.277985690542224 -102.49056745831378 2
      vertex 14.48493564340465 -102.6493657423061 2
    endloop
  endfacet
  facet normal 0.3824603297005231 0.6003424633505344 0.7023624583529358
    outer loop
      vertex 15.1 -102.10525588832577 1.2
      vertex 14.48493564340465 -102.6493657423061 2
      vertex 14.704938271604938 -102.78952287403199 2
    endloop
  endfacet
  facet normal 0.3286816593818042 0.6313915931357073 0.7023624583529341
    outer loop
      vertex 15.27023982417046 -102.19387713148063 1.2
      vertex 14.704938271604938 -102.78952287403199 2
      vertex 14.936319222301265 -102.90997217308983 2
    endloop
  endfacet
  facet normal 0.272401523171818 0.6576354516524278 0.7023624583529366
    outer loop
      vertex 15.447555684683529 -102.267323765729 1.2
      vertex 14.936319222301265 -102.90997217308983 2
      vertex 15.177317546747197 -103.00979694758453 2
    endloop
  endfacet
  facet normal 0.21404824688990928 0.6788743072909523 0.7023624583529405
    outer loop
      vertex 15.630598100774453 -102.32503681783595 1.2
      vertex 15.177317546747197 -103.00979694758453 2
      vertex 15.42609910217493 -103.08823747070633 2
    endloop
  endfacet
  facet normal 0.1540659342032932 0.6949465195354871 0.7023624583529356
    outer loop
      vertex 15.817974009132753 -102.36657705662687 1.2
      vertex 15.42609910217493 -103.08823747070633 2
      vertex 15.680770510729253 -103.14469676271058 2
    endloop
  endfacet
  facet normal 0.09291108672987747 0.7057297691461561 0.7023624583529406
    outer loop
      vertex 16.008257365955153 -102.39162833580184 1.2
      vertex 15.680770510729253 -103.14469676271058 2
      vertex 15.93939356921626 -103.17874513429409 2
    endloop
  endfacet
  facet normal 0.32868165938181 0.6313915931357031 0.7023624583529351
    outer loop
      vertex 15.1 -102.10525588832577 1.2
      vertex 14.704938271604938 -102.78952287403199 2
      vertex 15.27023982417046 -102.19387713148063 1.2
    endloop
  endfacet
  facet normal 0.2724015231717992 0.6576354516524391 0.7023624583529336
    outer loop
      vertex 15.27023982417046 -102.19387713148063 1.2
      vertex 14.936319222301265 -102.90997217308983 2
      vertex 15.447555684683529 -102.267323765729 1.2
    endloop
  endfacet
  facet normal 0.21404824688988666 0.6788743072909632 0.702362458352937
    outer loop
      vertex 15.447555684683529 -102.267323765729 1.2
      vertex 15.177317546747197 -103.00979694758453 2
      vertex 15.630598100774453 -102.32503681783595 1.2
    endloop
  endfacet
  facet normal 0.1540659342033304 0.6949465195354732 0.7023624583529415
    outer loop
      vertex 15.630598100774453 -102.32503681783595 1.2
      vertex 15.42609910217493 -103.08823747070633 2
      vertex 15.817974009132753 -102.36657705662687 1.2
    endloop
  endfacet
  facet normal 0.09291108672983796 0.7057297691461671 0.7023624583529349
    outer loop
      vertex 15.817974009132753 -102.36657705662687 1.2
      vertex 15.680770510729253 -103.14469676271058 2
      vertex 16.008257365955153 -102.39162833580184 1.2
    endloop
  endfacet
  facet normal 0.03104912978517793 -0.7111419890823466 0.7023624583529409
    outer loop
      vertex 16.008257365955153 -98.00837166419817 1.2
      vertex 16.2 -97.20987654320987 2
      vertex 15.93939356921626 -97.22125486570592 2
    endloop
  endfacet
  facet normal -0.031049129785178285 -0.711141989082348 0.7023624583529394
    outer loop
      vertex 16.2 -98 1.2
      vertex 16.460606430783738 -97.22125486570592 2
      vertex 16.2 -97.20987654320987 2
    endloop
  endfacet
  facet normal -0.09291108672987747 -0.7057297691461561 0.7023624583529406
    outer loop
      vertex 16.391742634044846 -98.00837166419817 1.2
      vertex 16.719229489270745 -97.25530323728943 2
      vertex 16.460606430783738 -97.22125486570592 2
    endloop
  endfacet
  facet normal -0.15406593420329326 -0.6949465195354873 0.7023624583529355
    outer loop
      vertex 16.582025990867248 -98.03342294337314 1.2
      vertex 16.973900897825068 -97.31176252929367 2
      vertex 16.719229489270745 -97.25530323728943 2
    endloop
  endfacet
  facet normal -0.21404824688990928 -0.6788743072909523 0.7023624583529405
    outer loop
      vertex 16.769401899225546 -98.07496318216405 1.2
      vertex 17.2226824532528 -97.39020305241547 2
      vertex 16.973900897825068 -97.31176252929367 2
    endloop
  endfacet
  facet normal -0.272401523171818 -0.6576354516524278 0.7023624583529366
    outer loop
      vertex 16.95244431531647 -98.132676234271 1.2
      vertex 17.463680777698734 -97.49002782691018 2
      vertex 17.2226824532528 -97.39020305241547 2
    endloop
  endfacet
  facet normal -0.3286816593818042 -0.6313915931357073 0.7023624583529341
    outer loop
      vertex 17.12976017582954 -98.20612286851937 1.2
      vertex 17.69506172839506 -97.61047712596802 2
      vertex 17.463680777698734 -97.49002782691018 2
    endloop
  endfacet
  facet normal 0.0929110867298371 -0.7057297691461606 0.7023624583529414
    outer loop
      vertex 15.817974009132753 -98.03342294337314 1.2
      vertex 16.008257365955153 -98.00837166419817 1.2
      vertex 15.93939356921626 -97.22125486570592 2
    endloop
  endfacet
  facet normal 0.03104912978519049 -0.7111419890823478 0.7023624583529391
    outer loop
      vertex 16.008257365955153 -98.00837166419817 1.2
      vertex 16.2 -98 1.2
      vertex 16.2 -97.20987654320987 2
    endloop
  endfacet
  facet normal -0.0310491297851904 -0.7111419890823458 0.7023624583529412
    outer loop
      vertex 16.2 -98 1.2
      vertex 16.391742634044846 -98.00837166419817 1.2
      vertex 16.460606430783738 -97.22125486570592 2
    endloop
  endfacet
  facet normal -0.09291108672983711 -0.7057297691461674 0.7023624583529348
    outer loop
      vertex 16.391742634044846 -98.00837166419817 1.2
      vertex 16.582025990867248 -98.03342294337314 1.2
      vertex 16.719229489270745 -97.25530323728943 2
    endloop
  endfacet
  facet normal -0.15406593420333176 -0.6949465195354728 0.7023624583529414
    outer loop
      vertex 16.582025990867248 -98.03342294337314 1.2
      vertex 16.769401899225546 -98.07496318216405 1.2
      vertex 16.973900897825068 -97.31176252929367 2
    endloop
  endfacet
  facet normal -0.21404824688988666 -0.6788743072909632 0.702362458352937
    outer loop
      vertex 16.769401899225546 -98.07496318216405 1.2
      vertex 16.95244431531647 -98.132676234271 1.2
      vertex 17.2226824532528 -97.39020305241547 2
    endloop
  endfacet
  facet normal -0.2724015231717992 -0.6576354516524391 0.7023624583529336
    outer loop
      vertex 16.95244431531647 -98.132676234271 1.2
      vertex 17.12976017582954 -98.20612286851937 1.2
      vertex 17.463680777698734 -97.49002782691018 2
    endloop
  endfacet
  facet normal -0.3286816593818075 -0.6313915931357049 0.7023624583529346
    outer loop
      vertex 17.12976017582954 -98.20612286851937 1.2
      vertex 17.3 -98.29474411167423 1.2
      vertex 17.69506172839506 -97.61047712596802 2
    endloop
  endfacet
  facet normal -0.3824603297005307 -0.6003424633505285 0.7023624583529366
    outer loop
      vertex 17.3 -98.29474411167423 1.2
      vertex 17.4618681599723 -98.39786550256422 1.2
      vertex 17.915064356595348 -97.7506342576939 2
    endloop
  endfacet
  facet normal -0.38246032970052335 -0.6003424633505346 0.7023624583529353
    outer loop
      vertex 17.3 -98.29474411167423 1.2
      vertex 17.915064356595348 -97.7506342576939 2
      vertex 17.69506172839506 -97.61047712596802 2
    endloop
  endfacet
  facet normal -0.43332824597438635 -0.5647243649225537 0.7023624583529363
    outer loop
      vertex 17.4618681599723 -98.39786550256422 1.2
      vertex 18.122014309457775 -97.90943254168623 2
      vertex 17.915064356595348 -97.7506342576939 2
    endloop
  endfacet
  facet normal -0.4808982726455717 -0.5248083730876695 0.7023624583529353
    outer loop
      vertex 17.614132741310385 -98.51470222513825 1.2
      vertex 18.314336572881256 -98.08566342711875 2
      vertex 18.122014309457775 -97.90943254168623 2
    endloop
  endfacet
  facet normal -0.5248083730876545 -0.4808982726455863 0.7023624583529368
    outer loop
      vertex 17.755634918610404 -98.6443650813896 1.2
      vertex 18.49056745831378 -98.27798569054222 2
      vertex 18.314336572881256 -98.08566342711875 2
    endloop
  endfacet
  facet normal -0.564724364922569 -0.4333282459743616 0.7023624583529392
    outer loop
      vertex 17.88529777486175 -98.78586725868962 1.2
      vertex 18.649365742306095 -98.48493564340465 2
      vertex 18.49056745831378 -98.27798569054222 2
    endloop
  endfacet
  facet normal -0.6003424633505262 -0.382460329700531 0.7023624583529384
    outer loop
      vertex 18.002134497435783 -98.93813184002771 1.2
      vertex 18.789522874031988 -98.70493827160495 2
      vertex 18.649365742306095 -98.48493564340465 2
    endloop
  endfacet
  facet normal -0.6313915931356912 -0.32868165938182536 0.7023624583529388
    outer loop
      vertex 18.105255888325765 -99.10000000000001 1.2
      vertex 18.909972173089834 -98.93631922230126 2
      vertex 18.789522874031988 -98.70493827160495 2
    endloop
  endfacet
  facet normal -0.4333282459743809 -0.5647243649225594 0.7023624583529351
    outer loop
      vertex 17.4618681599723 -98.39786550256422 1.2
      vertex 17.614132741310385 -98.51470222513825 1.2
      vertex 18.122014309457775 -97.90943254168623 2
    endloop
  endfacet
  facet normal -0.48089827264557583 -0.5248083730876645 0.7023624583529363
    outer loop
      vertex 17.614132741310385 -98.51470222513825 1.2
      vertex 17.755634918610404 -98.6443650813896 1.2
      vertex 18.314336572881256 -98.08566342711875 2
    endloop
  endfacet
  facet normal -0.5248083730876674 -0.48089827264556734 0.70236245835294
    outer loop
      vertex 17.755634918610404 -98.6443650813896 1.2
      vertex 17.88529777486175 -98.78586725868962 1.2
      vertex 18.49056745831378 -98.27798569054222 2
    endloop
  endfacet
  facet normal -0.5647243649225678 -0.43332824597436403 0.7023624583529386
    outer loop
      vertex 17.88529777486175 -98.78586725868962 1.2
      vertex 18.002134497435783 -98.93813184002771 1.2
      vertex 18.649365742306095 -98.48493564340465 2
    endloop
  endfacet
  facet normal -0.6003424633505269 -0.3824603297005296 0.7023624583529386
    outer loop
      vertex 18.002134497435783 -98.93813184002771 1.2
      vertex 18.105255888325765 -99.10000000000001 1.2
      vertex 18.789522874031988 -98.70493827160495 2
    endloop
  endfacet
  facet normal -0.3824603297005315 0.6003424633505299 0.7023624583529351
    outer loop
      vertex 17.3 -102.10525588832577 1.2
      vertex 17.69506172839506 -102.78952287403199 2
      vertex 17.4618681599723 -102.00213449743579 1.2
    endloop
  endfacet
  facet normal 0.031049129785178285 0.711141989082348 0.7023624583529394
    outer loop
      vertex 16.2 -102.4 1.2
      vertex 15.93939356921626 -103.17874513429409 2
      vertex 16.2 -103.19012345679013 2
    endloop
  endfacet
  facet normal -0.03104912978517793 0.7111419890823466 0.7023624583529409
    outer loop
      vertex 16.391742634044846 -102.39162833580184 1.2
      vertex 16.2 -103.19012345679013 2
      vertex 16.460606430783738 -103.17874513429409 2
    endloop
  endfacet
  facet normal -0.0929110867298779 0.7057297691461611 0.7023624583529356
    outer loop
      vertex 16.582025990867248 -102.36657705662687 1.2
      vertex 16.460606430783738 -103.17874513429409 2
      vertex 16.719229489270745 -103.14469676271058 2
    endloop
  endfacet
  facet normal -0.15406593420329223 0.6949465195354826 0.7023624583529405
    outer loop
      vertex 16.769401899225546 -102.32503681783595 1.2
      vertex 16.719229489270745 -103.14469676271058 2
      vertex 16.973900897825068 -103.08823747070633 2
    endloop
  endfacet
  facet normal -0.21404824688991037 0.6788743072909551 0.7023624583529373
    outer loop
      vertex 16.95244431531647 -102.267323765729 1.2
      vertex 16.973900897825068 -103.08823747070633 2
      vertex 17.2226824532528 -103.00979694758453 2
    endloop
  endfacet
  facet normal -0.27240152317181904 0.6576354516524302 0.7023624583529341
    outer loop
      vertex 17.12976017582954 -102.19387713148063 1.2
      vertex 17.2226824532528 -103.00979694758453 2
      vertex 17.463680777698734 -102.90997217308983 2
    endloop
  endfacet
  facet normal -0.3286816593818039 0.6313915931357069 0.7023624583529345
    outer loop
      vertex 17.3 -102.10525588832577 1.2
      vertex 17.463680777698734 -102.90997217308983 2
      vertex 17.69506172839506 -102.78952287403199 2
    endloop
  endfacet
  facet normal 0.0310491297851904 0.7111419890823458 0.7023624583529412
    outer loop
      vertex 16.008257365955153 -102.39162833580184 1.2
      vertex 15.93939356921626 -103.17874513429409 2
      vertex 16.2 -102.4 1.2
    endloop
  endfacet
  facet normal -0.03104912978519049 0.7111419890823478 0.7023624583529391
    outer loop
      vertex 16.2 -102.4 1.2
      vertex 16.2 -103.19012345679013 2
      vertex 16.391742634044846 -102.39162833580184 1.2
    endloop
  endfacet
  facet normal -0.09291108672983624 0.7057297691461606 0.7023624583529415
    outer loop
      vertex 16.391742634044846 -102.39162833580184 1.2
      vertex 16.460606430783738 -103.17874513429409 2
      vertex 16.582025990867248 -102.36657705662687 1.2
    endloop
  endfacet
  facet normal -0.1540659342033332 0.6949465195354793 0.7023624583529348
    outer loop
      vertex 16.582025990867248 -102.36657705662687 1.2
      vertex 16.719229489270745 -103.14469676271058 2
      vertex 16.769401899225546 -102.32503681783595 1.2
    endloop
  endfacet
  facet normal -0.21404824688988547 0.6788743072909593 0.7023624583529411
    outer loop
      vertex 16.769401899225546 -102.32503681783595 1.2
      vertex 16.973900897825068 -103.08823747070633 2
      vertex 16.95244431531647 -102.267323765729 1.2
    endloop
  endfacet
  facet normal -0.2724015231717979 0.6576354516524358 0.7023624583529372
    outer loop
      vertex 16.95244431531647 -102.267323765729 1.2
      vertex 17.2226824532528 -103.00979694758453 2
      vertex 17.12976017582954 -102.19387713148063 1.2
    endloop
  endfacet
  facet normal -0.32868165938180777 0.6313915931357055 0.702362458352934
    outer loop
      vertex 17.12976017582954 -102.19387713148063 1.2
      vertex 17.463680777698734 -102.90997217308983 2
      vertex 17.3 -102.10525588832577 1.2
    endloop
  endfacet
  facet normal -0.48089827264557117 0.5248083730876689 0.7023624583529361
    outer loop
      vertex 17.755634918610404 -101.75563491861041 1.2
      vertex 18.122014309457775 -102.49056745831378 2
      vertex 18.314336572881256 -102.31433657288126 2
    endloop
  endfacet
  facet normal -0.5248083730876526 0.4808982726455844 0.7023624583529394
    outer loop
      vertex 17.88529777486175 -101.61413274131039 1.2
      vertex 18.314336572881256 -102.31433657288126 2
      vertex 18.49056745831378 -102.12201430945778 2
    endloop
  endfacet
  facet normal -0.5647243649225693 0.43332824597436176 0.7023624583529389
    outer loop
      vertex 18.002134497435783 -101.4618681599723 1.2
      vertex 18.49056745831378 -102.12201430945778 2
      vertex 18.649365742306095 -101.91506435659535 2
    endloop
  endfacet
  facet normal -0.6576354516524363 -0.2724015231717944 0.7023624583529379
    outer loop
      vertex 18.19387713148063 -99.27023982417046 1.2
      vertex 19.009796947584533 -99.1773175467472 2
      vertex 18.909972173089834 -98.93631922230126 2
    endloop
  endfacet
  facet normal -0.6788743072909578 -0.2140482468898978 0.7023624583529386
    outer loop
      vertex 18.267323765729 -99.44755568468354 1.2
      vertex 19.088237470706325 -99.42609910217493 2
      vertex 19.009796947584533 -99.1773175467472 2
    endloop
  endfacet
  facet normal -0.6949465195354831 -0.15406593420329767 0.7023624583529384
    outer loop
      vertex 18.32503681783595 -99.63059810077446 1.2
      vertex 19.144696762710577 -99.68077051072926 2
      vertex 19.088237470706325 -99.42609910217493 2
    endloop
  endfacet
  facet normal -0.7057297691461595 -0.09291108672986932 0.7023624583529384
    outer loop
      vertex 18.366577056626856 -99.81797400913275 1.2
      vertex 19.178745134294083 -99.93939356921626 2
      vertex 19.144696762710577 -99.68077051072926 2
    endloop
  endfacet
  facet normal -0.70572976914616 0.09291108672986917 0.7023624583529379
    outer loop
      vertex 18.39162833580184 -100.39174263404485 1.2
      vertex 19.144696762710577 -100.71922948927075 2
      vertex 19.178745134294083 -100.46060643078374 2
    endloop
  endfacet
  facet normal -0.7111419890823503 -0.031049129785168696 0.7023624583529376
    outer loop
      vertex 18.39162833580184 -100.00825736595516 1.2
      vertex 19.190123456790122 -100.2 2
      vertex 19.178745134294083 -99.93939356921626 2
    endloop
  endfacet
  facet normal -0.7111419890823499 0.031049129785168456 0.7023624583529381
    outer loop
      vertex 18.4 -100.2 1.2
      vertex 19.178745134294083 -100.46060643078374 2
      vertex 19.190123456790122 -100.2 2
    endloop
  endfacet
  facet normal -0.631391593135692 0.3286816593818257 0.7023624583529376
    outer loop
      vertex 18.19387713148063 -101.12976017582955 1.2
      vertex 18.789522874031988 -101.69506172839506 2
      vertex 18.909972173089834 -101.46368077769874 2
    endloop
  endfacet
  facet normal -0.6788743072909574 0.21404824688989768 0.7023624583529391
    outer loop
      vertex 18.32503681783595 -100.76940189922554 1.2
      vertex 19.009796947584533 -101.2226824532528 2
      vertex 19.088237470706325 -100.97390089782508 2
    endloop
  endfacet
  facet normal -0.6949465195354836 0.15406593420329778 0.7023624583529382
    outer loop
      vertex 18.366577056626856 -100.58202599086725 1.2
      vertex 19.088237470706325 -100.97390089782508 2
      vertex 19.144696762710577 -100.71922948927075 2
    endloop
  endfacet
  facet normal -0.6576354516524356 0.27240152317179395 0.7023624583529388
    outer loop
      vertex 18.267323765729 -100.95244431531647 1.2
      vertex 18.909972173089834 -101.46368077769874 2
      vertex 19.009796947584533 -101.2226824532528 2
    endloop
  endfacet
  facet normal -0.600342463350526 0.38246032970053095 0.7023624583529386
    outer loop
      vertex 18.105255888325765 -101.3 1.2
      vertex 18.649365742306095 -101.91506435659535 2
      vertex 18.789522874031988 -101.69506172839506 2
    endloop
  endfacet
  facet normal -0.6313915931356886 -0.32868165938183275 0.7023624583529376
    outer loop
      vertex 18.105255888325765 -99.10000000000001 1.2
      vertex 18.19387713148063 -99.27023982417046 1.2
      vertex 18.909972173089834 -98.93631922230126 2
    endloop
  endfacet
  facet normal -0.43332824597438013 0.5647243649225584 0.7023624583529363
    outer loop
      vertex 17.4618681599723 -102.00213449743579 1.2
      vertex 17.915064356595348 -102.6493657423061 2
      vertex 17.614132741310385 -101.88529777486175 1.2
    endloop
  endfacet
  facet normal -0.4808982726455765 0.5248083730876653 0.7023624583529352
    outer loop
      vertex 17.755634918610404 -101.75563491861041 1.2
      vertex 17.614132741310385 -101.88529777486175 1.2
      vertex 18.122014309457775 -102.49056745831378 2
    endloop
  endfacet
  facet normal -0.52480837308767 0.48089827264556984 0.7023624583529361
    outer loop
      vertex 17.755634918610404 -101.75563491861041 1.2
      vertex 18.314336572881256 -102.31433657288126 2
      vertex 17.88529777486175 -101.61413274131039 1.2
    endloop
  endfacet
  facet normal -0.6313915931356875 0.32868165938183214 0.7023624583529389
    outer loop
      vertex 18.105255888325765 -101.3 1.2
      vertex 18.789522874031988 -101.69506172839506 2
      vertex 18.19387713148063 -101.12976017582955 1.2
    endloop
  endfacet
  facet normal -0.657635451652439 0.27240152317178834 0.7023624583529378
    outer loop
      vertex 18.267323765729 -100.95244431531647 1.2
      vertex 18.19387713148063 -101.12976017582955 1.2
      vertex 18.909972173089834 -101.46368077769874 2
    endloop
  endfacet
  facet normal -0.5647243649225674 0.43332824597436376 0.7023624583529392
    outer loop
      vertex 17.88529777486175 -101.61413274131039 1.2
      vertex 18.49056745831378 -102.12201430945778 2
      vertex 18.002134497435783 -101.4618681599723 1.2
    endloop
  endfacet
  facet normal -0.6003424633505271 0.38246032970052973 0.7023624583529384
    outer loop
      vertex 18.002134497435783 -101.4618681599723 1.2
      vertex 18.649365742306095 -101.91506435659535 2
      vertex 18.105255888325765 -101.3 1.2
    endloop
  endfacet
  facet normal -0.6576354516524381 -0.27240152317178795 0.7023624583529389
    outer loop
      vertex 18.19387713148063 -99.27023982417046 1.2
      vertex 18.267323765729 -99.44755568468354 1.2
      vertex 19.009796947584533 -99.1773175467472 2
    endloop
  endfacet
  facet normal -0.6788743072909584 -0.21404824688989416 0.7023624583529392
    outer loop
      vertex 18.267323765729 -99.44755568468354 1.2
      vertex 18.32503681783595 -99.63059810077446 1.2
      vertex 19.088237470706325 -99.42609910217493 2
    endloop
  endfacet
  facet normal -0.6949465195354829 -0.15406593420330034 0.7023624583529382
    outer loop
      vertex 18.32503681783595 -99.63059810077446 1.2
      vertex 18.366577056626856 -99.81797400913275 1.2
      vertex 19.144696762710577 -99.68077051072926 2
    endloop
  endfacet
  facet normal -0.7057297691461596 -0.0929110867298739 0.7023624583529379
    outer loop
      vertex 18.366577056626856 -99.81797400913275 1.2
      vertex 18.39162833580184 -100.00825736595516 1.2
      vertex 19.178745134294083 -99.93939356921626 2
    endloop
  endfacet
  facet normal -0.71114198908235 -0.03104912978516481 0.7023624583529381
    outer loop
      vertex 18.39162833580184 -100.00825736595516 1.2
      vertex 18.4 -100.2 1.2
      vertex 19.190123456790122 -100.2 2
    endloop
  endfacet
  facet normal -0.7111419890823507 0.031049129785164838 0.7023624583529376
    outer loop
      vertex 18.4 -100.2 1.2
      vertex 18.39162833580184 -100.39174263404485 1.2
      vertex 19.178745134294083 -100.46060643078374 2
    endloop
  endfacet
  facet normal -0.7057297691461588 0.09291108672987379 0.7023624583529385
    outer loop
      vertex 18.39162833580184 -100.39174263404485 1.2
      vertex 18.366577056626856 -100.58202599086725 1.2
      vertex 19.144696762710577 -100.71922948927075 2
    endloop
  endfacet
  facet normal -0.6949465195354826 0.15406593420330025 0.7023624583529386
    outer loop
      vertex 18.32503681783595 -100.76940189922554 1.2
      vertex 19.088237470706325 -100.97390089782508 2
      vertex 18.366577056626856 -100.58202599086725 1.2
    endloop
  endfacet
  facet normal -0.6788743072909591 0.21404824688989435 0.7023624583529385
    outer loop
      vertex 18.32503681783595 -100.76940189922554 1.2
      vertex 18.267323765729 -100.95244431531647 1.2
      vertex 19.009796947584533 -101.2226824532528 2
    endloop
  endfacet
  facet normal -0.3824603297005228 0.6003424633505338 0.7023624583529363
    outer loop
      vertex 17.4618681599723 -102.00213449743579 1.2
      vertex 17.69506172839506 -102.78952287403199 2
      vertex 17.915064356595348 -102.6493657423061 2
    endloop
  endfacet
  facet normal -0.433328245974387 0.5647243649225545 0.7023624583529352
    outer loop
      vertex 17.614132741310385 -101.88529777486175 1.2
      vertex 17.915064356595348 -102.6493657423061 2
      vertex 18.122014309457775 -102.49056745831378 2
    endloop
  endfacet
  facet normal 0.675590207615665 -0.7372773368101195 0
    outer loop
      vertex 41.6443650813896 -98.6443650813896 1.2
      vertex 41.6443650813896 -98.6443650813896 0
      vertex 41.78586725868961 -98.51470222513825 1.2
    endloop
  endfacet
  facet normal 0.7372773368101349 -0.6755902076156483 -3.738807773291551e-15
    outer loop
      vertex 41.51470222513825 -98.78586725868962 1.2
      vertex 41.62541314137722 -98.66504749463685 0
      vertex 41.6443650813896 -98.6443650813896 1.2
    endloop
  endfacet
  facet normal 0.7372773368100269 -0.6755902076157662 0
    outer loop
      vertex 41.6443650813896 -98.6443650813896 1.2
      vertex 41.62541314137722 -98.66504749463685 0
      vertex 41.6443650813896 -98.6443650813896 0
    endloop
  endfacet
  facet normal 0.8870108331782032 -0.46174861323506966 0
    outer loop
      vertex 41.20612286851937 -99.27023982417046 1.2
      vertex 41.20612286851937 -99.27023982417046 0
      vertex 41.29474411167424 -99.10000000000001 1.2
    endloop
  endfacet
  facet normal 0.9238795325112906 -0.38268343236508046 -9.377673638970119e-16
    outer loop
      vertex 41.20612286851937 -99.27023982417046 1.2
      vertex 41.132676234271 -99.44755568468354 1.2
      vertex 41.19538767228331 -99.2961568805183 0
    endloop
  endfacet
  facet normal 0.9238795325112752 -0.38268343236511754 0
    outer loop
      vertex 41.20612286851937 -99.27023982417046 1.2
      vertex 41.19538767228331 -99.2961568805183 0
      vertex 41.20612286851937 -99.27023982417046 0
    endloop
  endfacet
  facet normal 0.8433914458128878 -0.5372996083468203 -1.8252195673599073e-18
    outer loop
      vertex 41.39786550256422 -98.93813184002771 1.2
      vertex 41.29474411167424 -99.10000000000001 1.2
      vertex 41.29474411167424 -99.10000000000001 -3
    endloop
  endfacet
  facet normal 0.7933533402912449 -0.608761429008708 0
    outer loop
      vertex 41.39786550256422 -98.93813184002771 1.2
      vertex 41.39786550256422 -98.93813184002771 -3
      vertex 41.51470222513825 -98.78586725868962 1.2
    endloop
  endfacet
  facet normal 0.7372773368101534 -0.6755902076156282 0
    outer loop
      vertex 41.51470222513825 -98.78586725868962 1.2
      vertex 41.51470222513825 -98.78586725868962 -3
      vertex 41.62541314137722 -98.66504749463685 0
    endloop
  endfacet
  facet normal 0.6755902076156651 -0.7372773368101195 7.160864780029973e-19
    outer loop
      vertex 41.78586725868961 -98.51470222513825 1.2
      vertex 41.6443650813896 -98.6443650813896 0
      vertex 41.6443650813896 -98.6443650813896 -3
    endloop
  endfacet
  facet normal 0.4617486132350102 -0.8870108331782341 0
    outer loop
      vertex 42.1 -98.29474411167423 1.2
      vertex 42.1 -98.29474411167423 -3
      vertex 42.27023982417047 -98.20612286851937 1.2
    endloop
  endfacet
  facet normal 0.6087614290087312 -0.793353340291227 0
    outer loop
      vertex 41.78586725868961 -98.51470222513825 1.2
      vertex 41.78586725868961 -98.51470222513825 -3
      vertex 41.9381318400277 -98.39786550256422 1.2
    endloop
  endfacet
  facet normal 0.5372996083468203 -0.8433914458128878 -1.8252195673599073e-18
    outer loop
      vertex 42.1 -98.29474411167423 1.2
      vertex 41.9381318400277 -98.39786550256422 1.2
      vertex 41.9381318400277 -98.39786550256422 -3
    endloop
  endfacet
  facet normal 0.3826834323651067 -0.9238795325112799 0
    outer loop
      vertex 42.27023982417047 -98.20612286851937 1.2
      vertex 42.27023982417047 -98.20612286851937 -3
      vertex 42.44755568468353 -98.132676234271 1.2
    endloop
  endfacet
  facet normal 0.3007057995042513 -0.9537169507482338 0
    outer loop
      vertex 42.44755568468353 -98.132676234271 1.2
      vertex 42.44755568468353 -98.132676234271 -3
      vertex 42.630598100774456 -98.07496318216405 1.2
    endloop
  endfacet
  facet normal 0.21643961393814287 -0.9762960071199245 0
    outer loop
      vertex 42.630598100774456 -98.07496318216405 1.2
      vertex 42.630598100774456 -98.07496318216405 -3
      vertex 42.817974009132755 -98.03342294337314 1.2
    endloop
  endfacet
  facet normal 0.13052619222000966 -0.991444861373816 0
    outer loop
      vertex 42.817974009132755 -98.03342294337314 1.2
      vertex 42.817974009132755 -98.03342294337314 -3
      vertex 43.00825736595515 -98.00837166419817 1.2
    endloop
  endfacet
  facet normal 0.04361938736536379 -0.9990482215818566 0
    outer loop
      vertex 43.00825736595515 -98.00837166419817 1.2
      vertex 43.00825736595515 -98.00837166419817 -3
      vertex 43.2 -98 1.2
    endloop
  endfacet
  facet normal -0.04361938736536379 -0.9990482215818566 0
    outer loop
      vertex 43.2 -98 1.2
      vertex 43.2 -98 -3
      vertex 43.39174263404485 -98.00837166419817 1.2
    endloop
  endfacet
  facet normal -0.13052619222000966 -0.991444861373816 0
    outer loop
      vertex 43.39174263404485 -98.00837166419817 1.2
      vertex 43.39174263404485 -98.00837166419817 -3
      vertex 43.58202599086725 -98.03342294337314 1.2
    endloop
  endfacet
  facet normal 0.8433914458128878 -0.5372996083468203 0
    outer loop
      vertex 41.39786550256422 -98.93813184002771 1.2
      vertex 41.29474411167424 -99.10000000000001 -3
      vertex 41.39786550256422 -98.93813184002771 -3
    endloop
  endfacet
  facet normal 0.7933533402912449 -0.608761429008708 0
    outer loop
      vertex 41.51470222513825 -98.78586725868962 1.2
      vertex 41.39786550256422 -98.93813184002771 -3
      vertex 41.51470222513825 -98.78586725868962 -3
    endloop
  endfacet
  facet normal 0.6755902076156652 -0.7372773368101196 0
    outer loop
      vertex 41.78586725868961 -98.51470222513825 1.2
      vertex 41.6443650813896 -98.6443650813896 -3
      vertex 41.78586725868961 -98.51470222513825 -3
    endloop
  endfacet
  facet normal 0.7372773368101008 -0.6755902076156857 4.255712985895934e-15
    outer loop
      vertex 41.59578488547027 -98.69738106217997 -1.8760035682426404
      vertex 41.62541314137722 -98.66504749463685 0
      vertex 41.51470222513825 -98.78586725868962 -3
    endloop
  endfacet
  facet normal 0.6087614290087312 -0.793353340291227 0
    outer loop
      vertex 41.9381318400277 -98.39786550256422 1.2
      vertex 41.78586725868961 -98.51470222513825 -3
      vertex 41.9381318400277 -98.39786550256422 -3
    endloop
  endfacet
  facet normal 0.5372996083468203 -0.8433914458128878 0
    outer loop
      vertex 42.1 -98.29474411167423 1.2
      vertex 41.9381318400277 -98.39786550256422 -3
      vertex 42.1 -98.29474411167423 -3
    endloop
  endfacet
  facet normal 0.4617486132350102 -0.8870108331782341 0
    outer loop
      vertex 42.27023982417047 -98.20612286851937 1.2
      vertex 42.1 -98.29474411167423 -3
      vertex 42.27023982417047 -98.20612286851937 -3
    endloop
  endfacet
  facet normal 0.3826834323651067 -0.9238795325112799 0
    outer loop
      vertex 42.44755568468353 -98.132676234271 1.2
      vertex 42.27023982417047 -98.20612286851937 -3
      vertex 42.44755568468353 -98.132676234271 -3
    endloop
  endfacet
  facet normal 0.3007057995042513 -0.9537169507482338 0
    outer loop
      vertex 42.630598100774456 -98.07496318216405 1.2
      vertex 42.44755568468353 -98.132676234271 -3
      vertex 42.630598100774456 -98.07496318216405 -3
    endloop
  endfacet
  facet normal 0.21643961393814287 -0.9762960071199245 0
    outer loop
      vertex 42.817974009132755 -98.03342294337314 1.2
      vertex 42.630598100774456 -98.07496318216405 -3
      vertex 42.817974009132755 -98.03342294337314 -3
    endloop
  endfacet
  facet normal 0.13052619222000966 -0.991444861373816 0
    outer loop
      vertex 43.00825736595515 -98.00837166419817 1.2
      vertex 42.817974009132755 -98.03342294337314 -3
      vertex 43.00825736595515 -98.00837166419817 -3
    endloop
  endfacet
  facet normal 0.04361938736536379 -0.9990482215818566 0
    outer loop
      vertex 43.2 -98 1.2
      vertex 43.00825736595515 -98.00837166419817 -3
      vertex 43.2 -98 -3
    endloop
  endfacet
  facet normal -0.04361938736536379 -0.9990482215818566 0
    outer loop
      vertex 43.39174263404485 -98.00837166419817 1.2
      vertex 43.2 -98 -3
      vertex 43.39174263404485 -98.00837166419817 -3
    endloop
  endfacet
  facet normal 0.9537169507482338 -0.3007057995042513 -1.5715980249770052e-19
    outer loop
      vertex 41.132676234271 -99.44755568468354 1.2
      vertex 41.074963182164055 -99.63059810077446 1.2
      vertex 41.074963182164055 -99.63059810077446 -3
    endloop
  endfacet
  facet normal 0.9762960071199306 -0.21643961393811542 -5.07918217422636e-19
    outer loop
      vertex 41.074963182164055 -99.63059810077446 1.2
      vertex 41.03342294337315 -99.81797400913275 1.2
      vertex 41.03342294337315 -99.81797400913275 -3
    endloop
  endfacet
  facet normal 0.9914448613738118 -0.13052619222004125 -2.663012018557918e-20
    outer loop
      vertex 41.03342294337315 -99.81797400913275 1.2
      vertex 41.008371664198165 -100.00825736595516 1.2
      vertex 41.008371664198165 -100.00825736595516 -3
    endloop
  endfacet
  facet normal 0.9990482215818566 -0.04361938736536541 6.264166395421423e-20
    outer loop
      vertex 41.008371664198165 -100.00825736595516 1.2
      vertex 41 -100.2 1.2
      vertex 41 -100.2 -3
    endloop
  endfacet
  facet normal 0.9990482215818566 0.04361938736536541 -6.264166395421423e-20
    outer loop
      vertex 41 -100.2 1.2
      vertex 41.008371664198165 -100.39174263404485 1.2
      vertex 41.008371664198165 -100.39174263404485 -3
    endloop
  endfacet
  facet normal 0.9914448613738118 0.13052619222004125 2.663012018557918e-20
    outer loop
      vertex 41.008371664198165 -100.39174263404485 1.2
      vertex 41.03342294337315 -100.58202599086725 1.2
      vertex 41.03342294337315 -100.58202599086725 -3
    endloop
  endfacet
  facet normal 0.9762960071199306 0.21643961393811542 5.07918217422636e-19
    outer loop
      vertex 41.03342294337315 -100.58202599086725 1.2
      vertex 41.074963182164055 -100.76940189922554 1.2
      vertex 41.074963182164055 -100.76940189922554 -3
    endloop
  endfacet
  facet normal 0.9537169507482338 0.3007057995042513 1.5715980249770052e-19
    outer loop
      vertex 41.074963182164055 -100.76940189922554 1.2
      vertex 41.132676234271 -100.95244431531647 1.2
      vertex 41.132676234271 -100.95244431531647 -3
    endloop
  endfacet
  facet normal 0.9238795325112906 0.3826834323650805 9.730994433284432e-19
    outer loop
      vertex 41.132676234271 -100.95244431531647 1.2
      vertex 41.20612286851937 -101.12976017582955 1.2
      vertex 41.20612286851937 -101.12976017582955 -3
    endloop
  endfacet
  facet normal 0.8870108331782031 0.4617486132350696 1.0664850017654993e-18
    outer loop
      vertex 41.20612286851937 -101.12976017582955 1.2
      vertex 41.29474411167424 -101.3 1.2
      vertex 41.29474411167424 -101.3 -3
    endloop
  endfacet
  facet normal 0.8433914458128878 0.5372996083468203 1.8252195673599073e-18
    outer loop
      vertex 41.29474411167424 -101.3 1.2
      vertex 41.39786550256422 -101.4618681599723 1.2
      vertex 41.39786550256422 -101.4618681599723 -3
    endloop
  endfacet
  facet normal 0.7933533402912449 0.608761429008708 5.273189321099367e-19
    outer loop
      vertex 41.39786550256422 -101.4618681599723 1.2
      vertex 41.51470222513825 -101.61413274131039 1.2
      vertex 41.51470222513825 -101.61413274131039 -3
    endloop
  endfacet
  facet normal 0.737277336810135 0.6755902076156484 -6.179448392166425e-20
    outer loop
      vertex 41.51470222513825 -101.61413274131039 1.2
      vertex 41.6443650813896 -101.75563491861041 1.2
      vertex 41.6443650813896 -101.75563491861041 -3
    endloop
  endfacet
  facet normal 0.6755902076156652 0.7372773368101196 -5.114903414307125e-19
    outer loop
      vertex 41.6443650813896 -101.75563491861041 1.2
      vertex 41.78586725868961 -101.88529777486175 1.2
      vertex 41.78586725868961 -101.88529777486175 -3
    endloop
  endfacet
  facet normal 0.8870108331782032 -0.4617486132350697 -1.4930790024716994e-18
    outer loop
      vertex 41.29474411167424 -99.10000000000001 1.2
      vertex 41.20612286851937 -99.27023982417046 0
      vertex 41.20612286851937 -99.27023982417046 -3
    endloop
  endfacet
  facet normal 0.9238795325112932 -0.3826834323650741 0
    outer loop
      vertex 41.132676234271 -99.44755568468354 1.2
      vertex 41.132676234271 -99.44755568468354 -3
      vertex 41.19538767228331 -99.2961568805183 0
    endloop
  endfacet
  facet normal 0.6087614290087312 0.793353340291227 1.2251687668145456e-18
    outer loop
      vertex 41.78586725868961 -101.88529777486175 1.2
      vertex 41.9381318400277 -102.00213449743579 1.2
      vertex 41.9381318400277 -102.00213449743579 -3
    endloop
  endfacet
  facet normal 0.5372996083468203 0.8433914458128878 1.8252195673599073e-18
    outer loop
      vertex 41.9381318400277 -102.00213449743579 1.2
      vertex 42.1 -102.10525588832577 1.2
      vertex 42.1 -102.10525588832577 -3
    endloop
  endfacet
  facet normal 0.4617486132350102 0.8870108331782341 -4.031465310433989e-19
    outer loop
      vertex 42.1 -102.10525588832577 1.2
      vertex 42.27023982417047 -102.19387713148063 1.2
      vertex 42.27023982417047 -102.19387713148063 -3
    endloop
  endfacet
  facet normal 0.3826834323651067 0.9238795325112799 2.7331837905515933e-19
    outer loop
      vertex 42.27023982417047 -102.19387713148063 1.2
      vertex 42.44755568468353 -102.267323765729 1.2
      vertex 42.44755568468353 -102.267323765729 -3
    endloop
  endfacet
  facet normal 0.3007057995042513 0.9537169507482338 1.5715980249770052e-19
    outer loop
      vertex 42.44755568468353 -102.267323765729 1.2
      vertex 42.630598100774456 -102.32503681783595 1.2
      vertex 42.630598100774456 -102.32503681783595 -3
    endloop
  endfacet
  facet normal 0.21643961393814287 0.9762960071199245 2.0547438624615264e-19
    outer loop
      vertex 42.630598100774456 -102.32503681783595 1.2
      vertex 42.817974009132755 -102.36657705662687 1.2
      vertex 42.817974009132755 -102.36657705662687 -3
    endloop
  endfacet
  facet normal 0.13052619222000966 0.991444861373816 4.9590247139451766e-20
    outer loop
      vertex 42.817974009132755 -102.36657705662687 1.2
      vertex 43.00825736595515 -102.39162833580184 1.2
      vertex 43.00825736595515 -102.39162833580184 -3
    endloop
  endfacet
  facet normal 0.04361938736536379 0.9990482215818566 1.1955677847759248e-19
    outer loop
      vertex 43.00825736595515 -102.39162833580184 1.2
      vertex 43.2 -102.4 1.2
      vertex 43.2 -102.4 -3
    endloop
  endfacet
  facet normal -0.04361938736536379 0.9990482215818566 -1.1955677847759248e-19
    outer loop
      vertex 43.2 -102.4 1.2
      vertex 43.39174263404485 -102.39162833580184 1.2
      vertex 43.39174263404485 -102.39162833580184 -3
    endloop
  endfacet
  facet normal 0.9537169507482338 -0.3007057995042513 0
    outer loop
      vertex 41.132676234271 -99.44755568468354 1.2
      vertex 41.074963182164055 -99.63059810077446 -3
      vertex 41.132676234271 -99.44755568468354 -3
    endloop
  endfacet
  facet normal 0.9762960071199306 -0.21643961393811542 0
    outer loop
      vertex 41.074963182164055 -99.63059810077446 1.2
      vertex 41.03342294337315 -99.81797400913275 -3
      vertex 41.074963182164055 -99.63059810077446 -3
    endloop
  endfacet
  facet normal 0.9914448613738118 -0.13052619222004125 0
    outer loop
      vertex 41.03342294337315 -99.81797400913275 1.2
      vertex 41.008371664198165 -100.00825736595516 -3
      vertex 41.03342294337315 -99.81797400913275 -3
    endloop
  endfacet
  facet normal 0.9238795325113158 -0.3826834323650194 -3.2365537919390057e-15
    outer loop
      vertex 41.17860495024612 -99.33667395567402 -1.8760035682426404
      vertex 41.19538767228331 -99.2961568805183 0
      vertex 41.132676234271 -99.44755568468354 -3
    endloop
  endfacet
  facet normal 0.8870108331782031 -0.4617486132350696 0
    outer loop
      vertex 41.29474411167424 -99.10000000000001 1.2
      vertex 41.20612286851937 -99.27023982417046 -3
      vertex 41.29474411167424 -99.10000000000001 -3
    endloop
  endfacet
  facet normal 0.9990482215818566 -0.04361938736536541 0
    outer loop
      vertex 41.008371664198165 -100.00825736595516 1.2
      vertex 41 -100.2 -3
      vertex 41.008371664198165 -100.00825736595516 -3
    endloop
  endfacet
  facet normal 0.9990482215818566 0.04361938736536541 0
    outer loop
      vertex 41 -100.2 1.2
      vertex 41.008371664198165 -100.39174263404485 -3
      vertex 41 -100.2 -3
    endloop
  endfacet
  facet normal 0.9914448613738118 0.13052619222004125 0
    outer loop
      vertex 41.008371664198165 -100.39174263404485 1.2
      vertex 41.03342294337315 -100.58202599086725 -3
      vertex 41.008371664198165 -100.39174263404485 -3
    endloop
  endfacet
  facet normal 0.9762960071199306 0.21643961393811542 0
    outer loop
      vertex 41.03342294337315 -100.58202599086725 1.2
      vertex 41.074963182164055 -100.76940189922554 -3
      vertex 41.03342294337315 -100.58202599086725 -3
    endloop
  endfacet
  facet normal 0.9537169507482338 0.3007057995042513 0
    outer loop
      vertex 41.074963182164055 -100.76940189922554 1.2
      vertex 41.132676234271 -100.95244431531647 -3
      vertex 41.074963182164055 -100.76940189922554 -3
    endloop
  endfacet
  facet normal 0.9238795325112906 0.3826834323650805 0
    outer loop
      vertex 41.132676234271 -100.95244431531647 1.2
      vertex 41.20612286851937 -101.12976017582955 -3
      vertex 41.132676234271 -100.95244431531647 -3
    endloop
  endfacet
  facet normal 0.8870108331782031 0.4617486132350696 0
    outer loop
      vertex 41.20612286851937 -101.12976017582955 1.2
      vertex 41.29474411167424 -101.3 -3
      vertex 41.20612286851937 -101.12976017582955 -3
    endloop
  endfacet
  facet normal 0.8433914458128878 0.5372996083468203 0
    outer loop
      vertex 41.29474411167424 -101.3 1.2
      vertex 41.39786550256422 -101.4618681599723 -3
      vertex 41.29474411167424 -101.3 -3
    endloop
  endfacet
  facet normal 0.7933533402912449 0.608761429008708 0
    outer loop
      vertex 41.39786550256422 -101.4618681599723 1.2
      vertex 41.51470222513825 -101.61413274131039 -3
      vertex 41.39786550256422 -101.4618681599723 -3
    endloop
  endfacet
  facet normal 0.737277336810135 0.6755902076156484 0
    outer loop
      vertex 41.51470222513825 -101.61413274131039 1.2
      vertex 41.6443650813896 -101.75563491861041 -3
      vertex 41.51470222513825 -101.61413274131039 -3
    endloop
  endfacet
  facet normal 0.6755902076156652 0.7372773368101196 0
    outer loop
      vertex 41.6443650813896 -101.75563491861041 1.2
      vertex 41.78586725868961 -101.88529777486175 -3
      vertex 41.6443650813896 -101.75563491861041 -3
    endloop
  endfacet
  facet normal 0.6087614290087312 0.793353340291227 0
    outer loop
      vertex 41.78586725868961 -101.88529777486175 1.2
      vertex 41.9381318400277 -102.00213449743579 -3
      vertex 41.78586725868961 -101.88529777486175 -3
    endloop
  endfacet
  facet normal 0.5372996083468203 0.8433914458128878 0
    outer loop
      vertex 41.9381318400277 -102.00213449743579 1.2
      vertex 42.1 -102.10525588832577 -3
      vertex 41.9381318400277 -102.00213449743579 -3
    endloop
  endfacet
  facet normal 0.4617486132350102 0.8870108331782341 0
    outer loop
      vertex 42.1 -102.10525588832577 1.2
      vertex 42.27023982417047 -102.19387713148063 -3
      vertex 42.1 -102.10525588832577 -3
    endloop
  endfacet
  facet normal 0.3826834323651067 0.9238795325112799 0
    outer loop
      vertex 42.27023982417047 -102.19387713148063 1.2
      vertex 42.44755568468353 -102.267323765729 -3
      vertex 42.27023982417047 -102.19387713148063 -3
    endloop
  endfacet
  facet normal 0.3007057995042513 0.9537169507482338 0
    outer loop
      vertex 42.44755568468353 -102.267323765729 1.2
      vertex 42.630598100774456 -102.32503681783595 -3
      vertex 42.44755568468353 -102.267323765729 -3
    endloop
  endfacet
  facet normal 0.21643961393814287 0.9762960071199245 0
    outer loop
      vertex 42.630598100774456 -102.32503681783595 1.2
      vertex 42.817974009132755 -102.36657705662687 -3
      vertex 42.630598100774456 -102.32503681783595 -3
    endloop
  endfacet
  facet normal 0.13052619222000966 0.991444861373816 0
    outer loop
      vertex 42.817974009132755 -102.36657705662687 1.2
      vertex 43.00825736595515 -102.39162833580184 -3
      vertex 42.817974009132755 -102.36657705662687 -3
    endloop
  endfacet
  facet normal 0.04361938736536379 0.9990482215818566 0
    outer loop
      vertex 43.00825736595515 -102.39162833580184 1.2
      vertex 43.2 -102.4 -3
      vertex 43.00825736595515 -102.39162833580184 -3
    endloop
  endfacet
  facet normal -0.04361938736536379 0.9990482215818566 0
    outer loop
      vertex 43.2 -102.4 1.2
      vertex 43.39174263404485 -102.39162833580184 -3
      vertex 43.2 -102.4 -3
    endloop
  endfacet
  facet normal -0.13052619222000966 0.991444861373816 0
    outer loop
      vertex 43.39174263404485 -102.39162833580184 1.2
      vertex 43.58202599086725 -102.36657705662687 -3
      vertex 43.39174263404485 -102.39162833580184 -3
    endloop
  endfacet
  facet normal 0.737277336810135 -0.6755902076156484 -1.1431416744444585e-15
    outer loop
      vertex 41.6443650813896 -98.6443650813896 -3
      vertex 41.59578488547027 -98.69738106217997 -1.8760035682426404
      vertex 41.51470222513825 -98.78586725868962 -3
    endloop
  endfacet
  facet normal 0.9238795325112906 -0.38268343236508046 3.823562657004944e-15
    outer loop
      vertex 41.20612286851937 -99.27023982417046 -3
      vertex 41.17860495024612 -99.33667395567402 -1.8760035682426404
      vertex 41.132676234271 -99.44755568468354 -3
    endloop
  endfacet
  facet normal -0.675590207615665 0.7372773368101195 0
    outer loop
      vertex 44.755634918610404 -101.75563491861041 1.2
      vertex 44.755634918610404 -101.75563491861041 0
      vertex 44.61413274131039 -101.88529777486175 1.2
    endloop
  endfacet
  facet normal -0.7933533402912448 0.608761429008708 -1.8456162623847786e-18
    outer loop
      vertex 44.885297774861755 -101.61413274131039 1.2
      vertex 45.00213449743578 -101.4618681599723 1.2
      vertex 45.00213449743578 -101.4618681599723 0
    endloop
  endfacet
  facet normal -0.9238795325112906 0.38268343236508046 -9.382819933746345e-16
    outer loop
      vertex 45.267323765729 -100.95244431531647 1.2
      vertex 45.204612327716696 -101.10384311948171 0
      vertex 45.19387713148063 -101.12976017582955 1.2
    endloop
  endfacet
  facet normal -0.8433914458128879 0.5372996083468203 1.5908291989643158e-15
    outer loop
      vertex 45.00213449743578 -101.4618681599723 1.2
      vertex 45.105255888325765 -101.3 1.2
      vertex 45.01720705152445 -101.43820898920899 0
    endloop
  endfacet
  facet normal -0.8870108331782032 0.46174861323506966 -3.732697506179248e-18
    outer loop
      vertex 45.105255888325765 -101.3 1.2
      vertex 45.19387713148063 -101.12976017582955 1.2
      vertex 45.19387713148063 -101.12976017582955 0
    endloop
  endfacet
  facet normal -0.7372773368101349 0.6755902076156483 -3.73495361869279e-15
    outer loop
      vertex 44.755634918610404 -101.75563491861041 1.2
      vertex 44.885297774861755 -101.61413274131039 1.2
      vertex 44.77458685862278 -101.73495250536315 0
    endloop
  endfacet
  facet normal -0.7372773368100269 0.6755902076157662 0
    outer loop
      vertex 44.755634918610404 -101.75563491861041 1.2
      vertex 44.77458685862278 -101.73495250536315 0
      vertex 44.755634918610404 -101.75563491861041 0
    endloop
  endfacet
  facet normal -0.8433914458129246 0.5372996083467629 0
    outer loop
      vertex 45.00213449743578 -101.4618681599723 1.2
      vertex 45.01720705152445 -101.43820898920899 0
      vertex 45.00213449743578 -101.4618681599723 0
    endloop
  endfacet
  facet normal -0.9238795325112752 0.38268343236511754 0
    outer loop
      vertex 45.19387713148063 -101.12976017582955 1.2
      vertex 45.204612327716696 -101.10384311948171 0
      vertex 45.19387713148063 -101.12976017582955 0
    endloop
  endfacet
  facet normal -0.21643961393814287 -0.9762960071199245 0
    outer loop
      vertex 43.58202599086725 -98.03342294337314 1.2
      vertex 43.58202599086725 -98.03342294337314 -3
      vertex 43.76940189922555 -98.07496318216405 1.2
    endloop
  endfacet
  facet normal -0.3007057995042513 -0.9537169507482338 0
    outer loop
      vertex 43.76940189922555 -98.07496318216405 1.2
      vertex 43.76940189922555 -98.07496318216405 -3
      vertex 43.95244431531648 -98.132676234271 1.2
    endloop
  endfacet
  facet normal -0.3826834323651067 -0.9238795325112799 0
    outer loop
      vertex 43.95244431531648 -98.132676234271 1.2
      vertex 43.95244431531648 -98.132676234271 -3
      vertex 44.12976017582954 -98.20612286851937 1.2
    endloop
  endfacet
  facet normal -0.4617486132350102 -0.8870108331782341 0
    outer loop
      vertex 44.12976017582954 -98.20612286851937 1.2
      vertex 44.12976017582954 -98.20612286851937 -3
      vertex 44.300000000000004 -98.29474411167423 1.2
    endloop
  endfacet
  facet normal -0.5372996083468203 -0.8433914458128878 0
    outer loop
      vertex 44.300000000000004 -98.29474411167423 1.2
      vertex 44.300000000000004 -98.29474411167423 -3
      vertex 44.461868159972305 -98.39786550256422 1.2
    endloop
  endfacet
  facet normal -0.6087614290087312 -0.793353340291227 0
    outer loop
      vertex 44.461868159972305 -98.39786550256422 1.2
      vertex 44.461868159972305 -98.39786550256422 -3
      vertex 44.61413274131039 -98.51470222513825 1.2
    endloop
  endfacet
  facet normal -0.6755902076156652 -0.7372773368101196 0
    outer loop
      vertex 44.61413274131039 -98.51470222513825 1.2
      vertex 44.61413274131039 -98.51470222513825 -3
      vertex 44.755634918610404 -98.6443650813896 1.2
    endloop
  endfacet
  facet normal -0.737277336810135 -0.6755902076156484 0
    outer loop
      vertex 44.755634918610404 -98.6443650813896 1.2
      vertex 44.755634918610404 -98.6443650813896 -3
      vertex 44.885297774861755 -98.78586725868962 1.2
    endloop
  endfacet
  facet normal -0.7933533402912449 -0.608761429008708 0
    outer loop
      vertex 44.885297774861755 -98.78586725868962 1.2
      vertex 44.885297774861755 -98.78586725868962 -3
      vertex 45.00213449743578 -98.93813184002771 1.2
    endloop
  endfacet
  facet normal -0.8433914458128878 -0.5372996083468203 0
    outer loop
      vertex 45.00213449743578 -98.93813184002771 1.2
      vertex 45.00213449743578 -98.93813184002771 -3
      vertex 45.105255888325765 -99.10000000000001 1.2
    endloop
  endfacet
  facet normal -0.13052619222000966 -0.991444861373816 0
    outer loop
      vertex 43.58202599086725 -98.03342294337314 1.2
      vertex 43.39174263404485 -98.00837166419817 -3
      vertex 43.58202599086725 -98.03342294337314 -3
    endloop
  endfacet
  facet normal -0.21643961393814287 -0.9762960071199245 0
    outer loop
      vertex 43.76940189922555 -98.07496318216405 1.2
      vertex 43.58202599086725 -98.03342294337314 -3
      vertex 43.76940189922555 -98.07496318216405 -3
    endloop
  endfacet
  facet normal -0.3007057995042513 -0.9537169507482338 0
    outer loop
      vertex 43.95244431531648 -98.132676234271 1.2
      vertex 43.76940189922555 -98.07496318216405 -3
      vertex 43.95244431531648 -98.132676234271 -3
    endloop
  endfacet
  facet normal -0.3826834323651067 -0.9238795325112799 0
    outer loop
      vertex 44.12976017582954 -98.20612286851937 1.2
      vertex 43.95244431531648 -98.132676234271 -3
      vertex 44.12976017582954 -98.20612286851937 -3
    endloop
  endfacet
  facet normal -0.4617486132350102 -0.8870108331782341 0
    outer loop
      vertex 44.300000000000004 -98.29474411167423 1.2
      vertex 44.12976017582954 -98.20612286851937 -3
      vertex 44.300000000000004 -98.29474411167423 -3
    endloop
  endfacet
  facet normal -0.5372996083468203 -0.8433914458128878 0
    outer loop
      vertex 44.461868159972305 -98.39786550256422 1.2
      vertex 44.300000000000004 -98.29474411167423 -3
      vertex 44.461868159972305 -98.39786550256422 -3
    endloop
  endfacet
  facet normal -0.6087614290087312 -0.793353340291227 0
    outer loop
      vertex 44.61413274131039 -98.51470222513825 1.2
      vertex 44.461868159972305 -98.39786550256422 -3
      vertex 44.61413274131039 -98.51470222513825 -3
    endloop
  endfacet
  facet normal -0.6755902076156652 -0.7372773368101196 0
    outer loop
      vertex 44.755634918610404 -98.6443650813896 1.2
      vertex 44.61413274131039 -98.51470222513825 -3
      vertex 44.755634918610404 -98.6443650813896 -3
    endloop
  endfacet
  facet normal -0.737277336810135 -0.6755902076156484 0
    outer loop
      vertex 44.885297774861755 -98.78586725868962 1.2
      vertex 44.755634918610404 -98.6443650813896 -3
      vertex 44.885297774861755 -98.78586725868962 -3
    endloop
  endfacet
  facet normal -0.7933533402912449 -0.608761429008708 0
    outer loop
      vertex 45.00213449743578 -98.93813184002771 1.2
      vertex 44.885297774861755 -98.78586725868962 -3
      vertex 45.00213449743578 -98.93813184002771 -3
    endloop
  endfacet
  facet normal -0.8433914458128878 -0.5372996083468203 0
    outer loop
      vertex 45.105255888325765 -99.10000000000001 1.2
      vertex 45.00213449743578 -98.93813184002771 -3
      vertex 45.105255888325765 -99.10000000000001 -3
    endloop
  endfacet
  facet normal -0.21643961393814287 0.9762960071199245 -2.0547438624615264e-19
    outer loop
      vertex 43.58202599086725 -102.36657705662687 1.2
      vertex 43.76940189922555 -102.32503681783595 1.2
      vertex 43.76940189922555 -102.32503681783595 -3
    endloop
  endfacet
  facet normal -0.3007057995042513 0.9537169507482338 -1.5715980249770052e-19
    outer loop
      vertex 43.76940189922555 -102.32503681783595 1.2
      vertex 43.95244431531648 -102.267323765729 1.2
      vertex 43.95244431531648 -102.267323765729 -3
    endloop
  endfacet
  facet normal -0.3826834323651067 0.9238795325112799 -2.7331837905515933e-19
    outer loop
      vertex 43.95244431531648 -102.267323765729 1.2
      vertex 44.12976017582954 -102.19387713148063 1.2
      vertex 44.12976017582954 -102.19387713148063 -3
    endloop
  endfacet
  facet normal -0.4617486132350102 0.8870108331782341 4.031465310433989e-19
    outer loop
      vertex 44.12976017582954 -102.19387713148063 1.2
      vertex 44.300000000000004 -102.10525588832577 1.2
      vertex 44.300000000000004 -102.10525588832577 -3
    endloop
  endfacet
  facet normal -0.8870108331782031 -0.4617486132350696 0
    outer loop
      vertex 45.105255888325765 -99.10000000000001 1.2
      vertex 45.105255888325765 -99.10000000000001 -3
      vertex 45.19387713148063 -99.27023982417046 1.2
    endloop
  endfacet
  facet normal -0.9238795325112906 -0.3826834323650805 0
    outer loop
      vertex 45.19387713148063 -99.27023982417046 1.2
      vertex 45.19387713148063 -99.27023982417046 -3
      vertex 45.267323765729 -99.44755568468354 1.2
    endloop
  endfacet
  facet normal -0.6087614290087312 0.793353340291227 -1.2251687668145456e-18
    outer loop
      vertex 44.461868159972305 -102.00213449743579 1.2
      vertex 44.61413274131039 -101.88529777486175 1.2
      vertex 44.61413274131039 -101.88529777486175 -3
    endloop
  endfacet
  facet normal -0.5372996083468203 0.8433914458128878 -1.8252195673599073e-18
    outer loop
      vertex 44.300000000000004 -102.10525588832577 1.2
      vertex 44.461868159972305 -102.00213449743579 1.2
      vertex 44.461868159972305 -102.00213449743579 -3
    endloop
  endfacet
  facet normal -0.6755902076156651 0.7372773368101195 7.160864780029973e-19
    outer loop
      vertex 44.61413274131039 -101.88529777486175 1.2
      vertex 44.755634918610404 -101.75563491861041 0
      vertex 44.755634918610404 -101.75563491861041 -3
    endloop
  endfacet
  facet normal -0.7933533402912449 0.608761429008708 -7.382465049539114e-19
    outer loop
      vertex 44.885297774861755 -101.61413274131039 1.2
      vertex 45.00213449743578 -101.4618681599723 0
      vertex 45.00213449743578 -101.4618681599723 -3
    endloop
  endfacet
  facet normal -0.8433914458128817 0.5372996083468302 0
    outer loop
      vertex 45.105255888325765 -101.3 1.2
      vertex 45.105255888325765 -101.3 -3
      vertex 45.01720705152445 -101.43820898920899 0
    endloop
  endfacet
  facet normal -0.8870108331782032 0.4617486132350697 -1.4930790024716994e-18
    outer loop
      vertex 45.105255888325765 -101.3 1.2
      vertex 45.19387713148063 -101.12976017582955 0
      vertex 45.19387713148063 -101.12976017582955 -3
    endloop
  endfacet
  facet normal -0.7372773368101534 0.6755902076156282 0
    outer loop
      vertex 44.885297774861755 -101.61413274131039 1.2
      vertex 44.885297774861755 -101.61413274131039 -3
      vertex 44.77458685862278 -101.73495250536315 0
    endloop
  endfacet
  facet normal -0.13052619222000966 0.991444861373816 -4.9590247139451766e-20
    outer loop
      vertex 43.39174263404485 -102.39162833580184 1.2
      vertex 43.58202599086725 -102.36657705662687 1.2
      vertex 43.58202599086725 -102.36657705662687 -3
    endloop
  endfacet
  facet normal -0.9537169507482338 -0.3007057995042513 0
    outer loop
      vertex 45.267323765729 -99.44755568468354 1.2
      vertex 45.267323765729 -99.44755568468354 -3
      vertex 45.32503681783595 -99.63059810077446 1.2
    endloop
  endfacet
  facet normal -0.9762960071199306 -0.21643961393811542 0
    outer loop
      vertex 45.32503681783595 -99.63059810077446 1.2
      vertex 45.32503681783595 -99.63059810077446 -3
      vertex 45.36657705662686 -99.81797400913275 1.2
    endloop
  endfacet
  facet normal -0.9914448613738118 -0.13052619222004125 0
    outer loop
      vertex 45.36657705662686 -99.81797400913275 1.2
      vertex 45.36657705662686 -99.81797400913275 -3
      vertex 45.39162833580184 -100.00825736595516 1.2
    endloop
  endfacet
  facet normal -0.9990482215818566 -0.04361938736536541 0
    outer loop
      vertex 45.39162833580184 -100.00825736595516 1.2
      vertex 45.39162833580184 -100.00825736595516 -3
      vertex 45.400000000000006 -100.2 1.2
    endloop
  endfacet
  facet normal -0.9990482215818566 0.04361938736536541 6.264166395421423e-20
    outer loop
      vertex 45.39162833580184 -100.39174263404485 1.2
      vertex 45.400000000000006 -100.2 1.2
      vertex 45.400000000000006 -100.2 -3
    endloop
  endfacet
  facet normal -0.9914448613738118 0.13052619222004125 0
    outer loop
      vertex 45.39162833580184 -100.39174263404485 1.2
      vertex 45.39162833580184 -100.39174263404485 -3
      vertex 45.36657705662686 -100.58202599086725 1.2
    endloop
  endfacet
  facet normal -0.9762960071199306 0.21643961393811542 0
    outer loop
      vertex 45.36657705662686 -100.58202599086725 1.2
      vertex 45.36657705662686 -100.58202599086725 -3
      vertex 45.32503681783595 -100.76940189922554 1.2
    endloop
  endfacet
  facet normal -0.9537169507482338 0.3007057995042513 -1.5715980249770052e-19
    outer loop
      vertex 45.267323765729 -100.95244431531647 1.2
      vertex 45.32503681783595 -100.76940189922554 1.2
      vertex 45.32503681783595 -100.76940189922554 -3
    endloop
  endfacet
  facet normal -0.9238795325112932 0.3826834323650741 0
    outer loop
      vertex 45.267323765729 -100.95244431531647 1.2
      vertex 45.267323765729 -100.95244431531647 -3
      vertex 45.204612327716696 -101.10384311948171 0
    endloop
  endfacet
  facet normal -0.3007057995042513 0.9537169507482338 0
    outer loop
      vertex 43.76940189922555 -102.32503681783595 1.2
      vertex 43.95244431531648 -102.267323765729 -3
      vertex 43.76940189922555 -102.32503681783595 -3
    endloop
  endfacet
  facet normal -0.3826834323651067 0.9238795325112799 0
    outer loop
      vertex 43.95244431531648 -102.267323765729 1.2
      vertex 44.12976017582954 -102.19387713148063 -3
      vertex 43.95244431531648 -102.267323765729 -3
    endloop
  endfacet
  facet normal -0.4617486132350102 0.8870108331782341 0
    outer loop
      vertex 44.12976017582954 -102.19387713148063 1.2
      vertex 44.300000000000004 -102.10525588832577 -3
      vertex 44.12976017582954 -102.19387713148063 -3
    endloop
  endfacet
  facet normal -0.5372996083468203 0.8433914458128878 0
    outer loop
      vertex 44.300000000000004 -102.10525588832577 1.2
      vertex 44.461868159972305 -102.00213449743579 -3
      vertex 44.300000000000004 -102.10525588832577 -3
    endloop
  endfacet
  facet normal -0.8870108331782031 -0.4617486132350696 0
    outer loop
      vertex 45.19387713148063 -99.27023982417046 1.2
      vertex 45.105255888325765 -99.10000000000001 -3
      vertex 45.19387713148063 -99.27023982417046 -3
    endloop
  endfacet
  facet normal -0.6087614290087312 0.793353340291227 0
    outer loop
      vertex 44.461868159972305 -102.00213449743579 1.2
      vertex 44.61413274131039 -101.88529777486175 -3
      vertex 44.461868159972305 -102.00213449743579 -3
    endloop
  endfacet
  facet normal -0.6755902076156652 0.7372773368101196 0
    outer loop
      vertex 44.61413274131039 -101.88529777486175 1.2
      vertex 44.755634918610404 -101.75563491861041 -3
      vertex 44.61413274131039 -101.88529777486175 -3
    endloop
  endfacet
  facet normal -0.8433914458128812 0.5372996083468308 4.3329719661083046e-17
    outer loop
      vertex 45.040770522568515 -101.4012217485643 -1.8760035682426404
      vertex 45.01720705152445 -101.43820898920899 0
      vertex 45.105255888325765 -101.3 -3
    endloop
  endfacet
  facet normal -0.8870108331782031 0.4617486132350696 0
    outer loop
      vertex 45.105255888325765 -101.3 1.2
      vertex 45.19387713148063 -101.12976017582955 -3
      vertex 45.105255888325765 -101.3 -3
    endloop
  endfacet
  facet normal -0.7372773368101008 0.6755902076156857 4.255712985895934e-15
    outer loop
      vertex 44.80421511452973 -101.70261893782003 -1.8760035682426404
      vertex 44.77458685862278 -101.73495250536315 0
      vertex 44.885297774861755 -101.61413274131039 -3
    endloop
  endfacet
  facet normal -0.7933533402912449 0.608761429008708 0
    outer loop
      vertex 44.885297774861755 -101.61413274131039 1.2
      vertex 45.00213449743578 -101.4618681599723 -3
      vertex 44.885297774861755 -101.61413274131039 -3
    endloop
  endfacet
  facet normal -0.21643961393814287 0.9762960071199245 0
    outer loop
      vertex 43.58202599086725 -102.36657705662687 1.2
      vertex 43.76940189922555 -102.32503681783595 -3
      vertex 43.58202599086725 -102.36657705662687 -3
    endloop
  endfacet
  facet normal -0.9238795325112906 -0.3826834323650805 0
    outer loop
      vertex 45.267323765729 -99.44755568468354 1.2
      vertex 45.19387713148063 -99.27023982417046 -3
      vertex 45.267323765729 -99.44755568468354 -3
    endloop
  endfacet
  facet normal -0.9537169507482338 -0.3007057995042513 0
    outer loop
      vertex 45.32503681783595 -99.63059810077446 1.2
      vertex 45.267323765729 -99.44755568468354 -3
      vertex 45.32503681783595 -99.63059810077446 -3
    endloop
  endfacet
  facet normal -0.9762960071199306 -0.21643961393811542 0
    outer loop
      vertex 45.36657705662686 -99.81797400913275 1.2
      vertex 45.32503681783595 -99.63059810077446 -3
      vertex 45.36657705662686 -99.81797400913275 -3
    endloop
  endfacet
  facet normal -0.9914448613738118 -0.13052619222004125 0
    outer loop
      vertex 45.39162833580184 -100.00825736595516 1.2
      vertex 45.36657705662686 -99.81797400913275 -3
      vertex 45.39162833580184 -100.00825736595516 -3
    endloop
  endfacet
  facet normal -0.9990482215818566 -0.04361938736536541 0
    outer loop
      vertex 45.400000000000006 -100.2 1.2
      vertex 45.39162833580184 -100.00825736595516 -3
      vertex 45.400000000000006 -100.2 -3
    endloop
  endfacet
  facet normal -0.9990482215818566 0.04361938736536541 0
    outer loop
      vertex 45.39162833580184 -100.39174263404485 1.2
      vertex 45.400000000000006 -100.2 -3
      vertex 45.39162833580184 -100.39174263404485 -3
    endloop
  endfacet
  facet normal -0.9914448613738118 0.13052619222004125 0
    outer loop
      vertex 45.36657705662686 -100.58202599086725 1.2
      vertex 45.39162833580184 -100.39174263404485 -3
      vertex 45.36657705662686 -100.58202599086725 -3
    endloop
  endfacet
  facet normal -0.9762960071199306 0.21643961393811542 0
    outer loop
      vertex 45.32503681783595 -100.76940189922554 1.2
      vertex 45.36657705662686 -100.58202599086725 -3
      vertex 45.32503681783595 -100.76940189922554 -3
    endloop
  endfacet
  facet normal -0.9537169507482338 0.3007057995042513 0
    outer loop
      vertex 45.267323765729 -100.95244431531647 1.2
      vertex 45.32503681783595 -100.76940189922554 -3
      vertex 45.267323765729 -100.95244431531647 -3
    endloop
  endfacet
  facet normal -0.9238795325113158 0.3826834323650194 -3.2365537919390057e-15
    outer loop
      vertex 45.22139504975389 -101.06332604432599 -1.8760035682426404
      vertex 45.204612327716696 -101.10384311948171 0
      vertex 45.267323765729 -100.95244431531647 -3
    endloop
  endfacet
  facet normal -0.8433914458128879 0.5372996083468203 -1.2841537281829089e-15
    outer loop
      vertex 45.00213449743578 -101.4618681599723 -3
      vertex 45.040770522568515 -101.4012217485643 -1.8760035682426404
      vertex 45.105255888325765 -101.3 -3
    endloop
  endfacet
  facet normal -0.737277336810135 0.6755902076156484 -1.1431416744444585e-15
    outer loop
      vertex 44.755634918610404 -101.75563491861041 -3
      vertex 44.80421511452973 -101.70261893782003 -1.8760035682426404
      vertex 44.885297774861755 -101.61413274131039 -3
    endloop
  endfacet
  facet normal -0.9238795325112906 0.38268343236508046 3.823562657004944e-15
    outer loop
      vertex 45.19387713148063 -101.12976017582955 -3
      vertex 45.22139504975389 -101.06332604432599 -1.8760035682426404
      vertex 45.267323765729 -100.95244431531647 -3
    endloop
  endfacet
  facet normal 0.6313915931356832 -0.32868165938184046 0.7023624583529386
    outer loop
      vertex 41.20612286851937 -99.27023982417046 1.2
      vertex 40.61047712596802 -98.70493827160495 2
      vertex 40.490027826910165 -98.93631922230126 2
    endloop
  endfacet
  facet normal 0.600342463350526 -0.38246032970053095 0.7023624583529386
    outer loop
      vertex 41.29474411167424 -99.10000000000001 1.2
      vertex 40.75063425769391 -98.48493564340465 2
      vertex 40.61047712596802 -98.70493827160495 2
    endloop
  endfacet
  facet normal 0.4808982726455657 -0.5248083730876726 0.702362458352937
    outer loop
      vertex 41.6443650813896 -98.6443650813896 1.2
      vertex 41.27798569054223 -97.90943254168623 2
      vertex 41.085663427118746 -98.08566342711875 2
    endloop
  endfacet
  facet normal 0.5647243649225829 -0.4333282459743432 0.7023624583529393
    outer loop
      vertex 41.39786550256422 -98.93813184002771 1.2
      vertex 40.909432541686215 -98.27798569054222 2
      vertex 40.75063425769391 -98.48493564340465 2
    endloop
  endfacet
  facet normal 0.5248083730876413 -0.4808982726455935 0.7023624583529414
    outer loop
      vertex 41.51470222513825 -98.78586725868962 1.2
      vertex 41.085663427118746 -98.08566342711875 2
      vertex 40.909432541686215 -98.27798569054222 2
    endloop
  endfacet
  facet normal 0.433328245974402 -0.564724364922545 0.7023624583529335
    outer loop
      vertex 41.78586725868961 -98.51470222513825 1.2
      vertex 41.48493564340465 -97.7506342576939 2
      vertex 41.27798569054223 -97.90943254168623 2
    endloop
  endfacet
  facet normal 0.3824603297005176 -0.6003424633505353 0.7023624583529381
    outer loop
      vertex 41.9381318400277 -98.39786550256422 1.2
      vertex 41.70493827160494 -97.61047712596802 2
      vertex 41.48493564340465 -97.7506342576939 2
    endloop
  endfacet
  facet normal 0.6313915931356817 -0.32868165938184235 0.7023624583529392
    outer loop
      vertex 41.20612286851937 -99.27023982417046 1.2
      vertex 41.29474411167424 -99.10000000000001 1.2
      vertex 40.61047712596802 -98.70493827160495 2
    endloop
  endfacet
  facet normal 0.564724364922572 -0.43332824597435415 0.7023624583529415
    outer loop
      vertex 41.39786550256422 -98.93813184002771 1.2
      vertex 41.51470222513825 -98.78586725868962 1.2
      vertex 40.909432541686215 -98.27798569054222 2
    endloop
  endfacet
  facet normal 0.6003424633505271 -0.38246032970052973 0.7023624583529384
    outer loop
      vertex 41.39786550256422 -98.93813184002771 1.2
      vertex 40.75063425769391 -98.48493564340465 2
      vertex 41.29474411167424 -99.10000000000001 1.2
    endloop
  endfacet
  facet normal 0.4333282459743725 -0.5647243649225616 0.7023624583529384
    outer loop
      vertex 41.78586725868961 -98.51470222513825 1.2
      vertex 41.9381318400277 -98.39786550256422 1.2
      vertex 41.48493564340465 -97.7506342576939 2
    endloop
  endfacet
  facet normal 0.5248083730876625 -0.4808982726455761 0.7023624583529376
    outer loop
      vertex 41.51470222513825 -98.78586725868962 1.2
      vertex 41.6443650813896 -98.6443650813896 1.2
      vertex 41.085663427118746 -98.08566342711875 2
    endloop
  endfacet
  facet normal 0.4808982726455914 -0.5248083730876552 0.7023624583529327
    outer loop
      vertex 41.6443650813896 -98.6443650813896 1.2
      vertex 41.78586725868961 -98.51470222513825 1.2
      vertex 41.27798569054223 -97.90943254168623 2
    endloop
  endfacet
  facet normal 0.3286816593817957 -0.6313915931357106 0.7023624583529351
    outer loop
      vertex 42.1 -98.29474411167423 1.2
      vertex 41.93631922230127 -97.49002782691018 2
      vertex 41.70493827160494 -97.61047712596802 2
    endloop
  endfacet
  facet normal 0.27240152317182587 -0.6576354516524272 0.7023624583529342
    outer loop
      vertex 42.27023982417047 -98.20612286851937 1.2
      vertex 42.1773175467472 -97.39020305241547 2
      vertex 41.93631922230127 -97.49002782691018 2
    endloop
  endfacet
  facet normal 0.21404824688990487 -0.678874307290957 0.7023624583529372
    outer loop
      vertex 42.44755568468353 -98.132676234271 1.2
      vertex 42.42609910217494 -97.31176252929367 2
      vertex 42.1773175467472 -97.39020305241547 2
    endloop
  endfacet
  facet normal 0.1540659342032964 -0.6949465195354818 0.7023624583529403
    outer loop
      vertex 42.630598100774456 -98.07496318216405 1.2
      vertex 42.68077051072925 -97.25530323728943 2
      vertex 42.42609910217494 -97.31176252929367 2
    endloop
  endfacet
  facet normal 0.09291108672987661 -0.7057297691461611 0.7023624583529358
    outer loop
      vertex 42.817974009132755 -98.03342294337314 1.2
      vertex 42.939393569216264 -97.22125486570592 2
      vertex 42.68077051072925 -97.25530323728943 2
    endloop
  endfacet
  facet normal 0.031049129785177938 -0.7111419890823467 0.7023624583529409
    outer loop
      vertex 43.00825736595515 -98.00837166419817 1.2
      vertex 43.2 -97.20987654320987 2
      vertex 42.939393569216264 -97.22125486570592 2
    endloop
  endfacet
  facet normal -0.031049129785178285 -0.711141989082348 0.7023624583529394
    outer loop
      vertex 43.2 -98 1.2
      vertex 43.46060643078374 -97.22125486570592 2
      vertex 43.2 -97.20987654320987 2
    endloop
  endfacet
  facet normal 0.38246032970053107 -0.6003424633505292 0.702362458352936
    outer loop
      vertex 42.1 -98.29474411167423 1.2
      vertex 41.70493827160494 -97.61047712596802 2
      vertex 41.9381318400277 -98.39786550256422 1.2
    endloop
  endfacet
  facet normal 0.3286816593818024 -0.6313915931357083 0.7023624583529341
    outer loop
      vertex 42.1 -98.29474411167423 1.2
      vertex 42.27023982417047 -98.20612286851937 1.2
      vertex 41.93631922230127 -97.49002782691018 2
    endloop
  endfacet
  facet normal 0.27240152317180727 -0.657635451652432 0.7023624583529369
    outer loop
      vertex 42.27023982417047 -98.20612286851937 1.2
      vertex 42.44755568468353 -98.132676234271 1.2
      vertex 42.1773175467472 -97.39020305241547 2
    endloop
  endfacet
  facet normal 0.21404824688988178 -0.6788743072909609 0.7023624583529405
    outer loop
      vertex 42.44755568468353 -98.132676234271 1.2
      vertex 42.630598100774456 -98.07496318216405 1.2
      vertex 42.42609910217494 -97.31176252929367 2
    endloop
  endfacet
  facet normal 0.15406593420333312 -0.6949465195354789 0.7023624583529351
    outer loop
      vertex 42.630598100774456 -98.07496318216405 1.2
      vertex 42.817974009132755 -98.03342294337314 1.2
      vertex 42.68077051072925 -97.25530323728943 2
    endloop
  endfacet
  facet normal 0.09291108672983799 -0.7057297691461607 0.7023624583529413
    outer loop
      vertex 42.817974009132755 -98.03342294337314 1.2
      vertex 43.00825736595515 -98.00837166419817 1.2
      vertex 42.939393569216264 -97.22125486570592 2
    endloop
  endfacet
  facet normal 0.031049129785189918 -0.7111419890823478 0.7023624583529393
    outer loop
      vertex 43.00825736595515 -98.00837166419817 1.2
      vertex 43.2 -98 1.2
      vertex 43.2 -97.20987654320987 2
    endloop
  endfacet
  facet normal -0.031049129785189835 -0.7111419890823459 0.7023624583529411
    outer loop
      vertex 43.2 -98 1.2
      vertex 43.39174263404485 -98.00837166419817 1.2
      vertex 43.46060643078374 -97.22125486570592 2
    endloop
  endfacet
  facet normal 0.7111419890823516 -0.031049129785158842 0.7023624583529368
    outer loop
      vertex 41 -100.2 1.2
      vertex 40.221254865705916 -99.93939356921626 2
      vertex 40.20987654320988 -100.2 2
    endloop
  endfacet
  facet normal 0.7111419890823477 0.03104912978515866 0.7023624583529405
    outer loop
      vertex 41.008371664198165 -100.39174263404485 1.2
      vertex 40.20987654320988 -100.2 2
      vertex 40.221254865705916 -100.46060643078374 2
    endloop
  endfacet
  facet normal 0.6576354516524435 -0.272401523171778 0.7023624583529375
    outer loop
      vertex 41.132676234271 -99.44755568468354 1.2
      vertex 40.490027826910165 -98.93631922230126 2
      vertex 40.39020305241547 -99.1773175467472 2
    endloop
  endfacet
  facet normal 0.6788743072909574 -0.21404824688989768 0.7023624583529391
    outer loop
      vertex 41.074963182164055 -99.63059810077446 1.2
      vertex 40.39020305241547 -99.1773175467472 2
      vertex 40.31176252929368 -99.42609910217493 2
    endloop
  endfacet
  facet normal 0.6949465195354816 -0.1540659342033072 0.702362458352938
    outer loop
      vertex 41.03342294337315 -99.81797400913275 1.2
      vertex 40.31176252929368 -99.42609910217493 2
      vertex 40.255303237289425 -99.68077051072926 2
    endloop
  endfacet
  facet normal 0.7057297691461559 -0.09291108672987855 0.7023624583529409
    outer loop
      vertex 41.008371664198165 -100.00825736595516 1.2
      vertex 40.255303237289425 -99.68077051072926 2
      vertex 40.221254865705916 -99.93939356921626 2
    endloop
  endfacet
  facet normal 0.705729769146158 0.09291108672987897 0.7023624583529386
    outer loop
      vertex 41.03342294337315 -100.58202599086725 1.2
      vertex 40.221254865705916 -100.46060643078374 2
      vertex 40.255303237289425 -100.71922948927075 2
    endloop
  endfacet
  facet normal 0.6949465195354809 0.15406593420330703 0.7023624583529386
    outer loop
      vertex 41.074963182164055 -100.76940189922554 1.2
      vertex 40.255303237289425 -100.71922948927075 2
      vertex 40.31176252929368 -100.97390089782508 2
    endloop
  endfacet
  facet normal 0.6788743072909592 0.2140482468898981 0.7023624583529372
    outer loop
      vertex 41.132676234271 -100.95244431531647 1.2
      vertex 40.31176252929368 -100.97390089782508 2
      vertex 40.39020305241547 -101.2226824532528 2
    endloop
  endfacet
  facet normal 0.6576354516524422 0.2724015231717773 0.702362458352939
    outer loop
      vertex 41.20612286851937 -101.12976017582955 1.2
      vertex 40.39020305241547 -101.2226824532528 2
      vertex 40.490027826910165 -101.46368077769874 2
    endloop
  endfacet
  facet normal 0.6313915931356829 0.32868165938184035 0.7023624583529391
    outer loop
      vertex 41.29474411167424 -101.3 1.2
      vertex 40.490027826910165 -101.46368077769874 2
      vertex 40.61047712596802 -101.69506172839506 2
    endloop
  endfacet
  facet normal 0.6003424633505262 0.382460329700531 0.7023624583529384
    outer loop
      vertex 41.39786550256422 -101.4618681599723 1.2
      vertex 40.61047712596802 -101.69506172839506 2
      vertex 40.75063425769391 -101.91506435659535 2
    endloop
  endfacet
  facet normal 0.5647243649225815 0.4333282459743423 0.7023624583529412
    outer loop
      vertex 41.51470222513825 -101.61413274131039 1.2
      vertex 40.75063425769391 -101.91506435659535 2
      vertex 40.909432541686215 -102.12201430945778 2
    endloop
  endfacet
  facet normal 0.5248083730876436 0.48089827264559587 0.7023624583529381
    outer loop
      vertex 41.6443650813896 -101.75563491861041 1.2
      vertex 40.909432541686215 -102.12201430945778 2
      vertex 41.085663427118746 -102.31433657288126 2
    endloop
  endfacet
  facet normal 0.4808982726455682 0.5248083730876753 0.7023624583529334
    outer loop
      vertex 41.78586725868961 -101.88529777486175 1.2
      vertex 41.085663427118746 -102.31433657288126 2
      vertex 41.27798569054223 -102.49056745831378 2
    endloop
  endfacet
  facet normal 0.6788743072909645 -0.2140482468898829 0.7023624583529368
    outer loop
      vertex 41.132676234271 -99.44755568468354 1.2
      vertex 40.39020305241547 -99.1773175467472 2
      vertex 41.074963182164055 -99.63059810077446 1.2
    endloop
  endfacet
  facet normal 0.7057297691461608 -0.09291108672986087 0.7023624583529383
    outer loop
      vertex 41.03342294337315 -99.81797400913275 1.2
      vertex 40.255303237289425 -99.68077051072926 2
      vertex 41.008371664198165 -100.00825736595516 1.2
    endloop
  endfacet
  facet normal 0.6949465195354795 -0.15406593420331274 0.702362458352939
    outer loop
      vertex 41.074963182164055 -99.63059810077446 1.2
      vertex 40.31176252929368 -99.42609910217493 2
      vertex 41.03342294337315 -99.81797400913275 1.2
    endloop
  endfacet
  facet normal 0.7111419890823457 -0.031049129785190976 0.7023624583529413
    outer loop
      vertex 41.008371664198165 -100.00825736595516 1.2
      vertex 40.221254865705916 -99.93939356921626 2
      vertex 41 -100.2 1.2
    endloop
  endfacet
  facet normal 0.711141989082351 0.03104912978519121 0.702362458352936
    outer loop
      vertex 41 -100.2 1.2
      vertex 40.20987654320988 -100.2 2
      vertex 41.008371664198165 -100.39174263404485 1.2
    endloop
  endfacet
  facet normal 0.7057297691461578 0.09291108672986048 0.7023624583529413
    outer loop
      vertex 41.008371664198165 -100.39174263404485 1.2
      vertex 40.221254865705916 -100.46060643078374 2
      vertex 41.03342294337315 -100.58202599086725 1.2
    endloop
  endfacet
  facet normal 0.6949465195354805 0.15406593420331297 0.7023624583529379
    outer loop
      vertex 41.03342294337315 -100.58202599086725 1.2
      vertex 40.255303237289425 -100.71922948927075 2
      vertex 41.074963182164055 -100.76940189922554 1.2
    endloop
  endfacet
  facet normal 0.678874307290962 0.2140482468898821 0.7023624583529394
    outer loop
      vertex 41.074963182164055 -100.76940189922554 1.2
      vertex 40.31176252929368 -100.97390089782508 2
      vertex 41.132676234271 -100.95244431531647 1.2
    endloop
  endfacet
  facet normal 0.6576354516524393 0.2724015231717885 0.7023624583529374
    outer loop
      vertex 41.132676234271 -100.95244431531647 1.2
      vertex 40.39020305241547 -101.2226824532528 2
      vertex 41.20612286851937 -101.12976017582955 1.2
    endloop
  endfacet
  facet normal 0.6576354516524376 -0.2724015231717878 0.7023624583529393
    outer loop
      vertex 41.20612286851937 -99.27023982417046 1.2
      vertex 40.490027826910165 -98.93631922230126 2
      vertex 41.132676234271 -99.44755568468354 1.2
    endloop
  endfacet
  facet normal 0.6313915931356822 0.3286816593818426 0.7023624583529388
    outer loop
      vertex 41.20612286851937 -101.12976017582955 1.2
      vertex 40.490027826910165 -101.46368077769874 2
      vertex 41.29474411167424 -101.3 1.2
    endloop
  endfacet
  facet normal 0.6003424633505269 0.3824603297005296 0.7023624583529386
    outer loop
      vertex 41.29474411167424 -101.3 1.2
      vertex 40.61047712596802 -101.69506172839506 2
      vertex 41.39786550256422 -101.4618681599723 1.2
    endloop
  endfacet
  facet normal 0.5647243649225739 0.43332824597435565 0.7023624583529389
    outer loop
      vertex 41.39786550256422 -101.4618681599723 1.2
      vertex 40.75063425769391 -101.91506435659535 2
      vertex 41.51470222513825 -101.61413274131039 1.2
    endloop
  endfacet
  facet normal 0.5248083730876592 0.48089827264557305 0.7023624583529421
    outer loop
      vertex 41.51470222513825 -101.61413274131039 1.2
      vertex 40.909432541686215 -102.12201430945778 2
      vertex 41.6443650813896 -101.75563491861041 1.2
    endloop
  endfacet
  facet normal 0.480898272645588 0.5248083730876515 0.7023624583529378
    outer loop
      vertex 41.6443650813896 -101.75563491861041 1.2
      vertex 41.085663427118746 -102.31433657288126 2
      vertex 41.78586725868961 -101.88529777486175 1.2
    endloop
  endfacet
  facet normal 0.43332824597437575 0.564724364922566 0.7023624583529329
    outer loop
      vertex 41.78586725868961 -101.88529777486175 1.2
      vertex 41.27798569054223 -102.49056745831378 2
      vertex 41.9381318400277 -102.00213449743579 1.2
    endloop
  endfacet
  facet normal 0.43332824597439945 0.5647243649225416 0.7023624583529379
    outer loop
      vertex 41.9381318400277 -102.00213449743579 1.2
      vertex 41.27798569054223 -102.49056745831378 2
      vertex 41.48493564340465 -102.6493657423061 2
    endloop
  endfacet
  facet normal 0.3824603297005184 0.6003424633505368 0.7023624583529362
    outer loop
      vertex 42.1 -102.10525588832577 1.2
      vertex 41.48493564340465 -102.6493657423061 2
      vertex 41.70493827160494 -102.78952287403199 2
    endloop
  endfacet
  facet normal 0.38246032970052973 0.6003424633505271 0.7023624583529384
    outer loop
      vertex 41.9381318400277 -102.00213449743579 1.2
      vertex 41.48493564340465 -102.6493657423061 2
      vertex 42.1 -102.10525588832577 1.2
    endloop
  endfacet
  facet normal 0.32868165938179617 0.6313915931357111 0.7023624583529342
    outer loop
      vertex 42.27023982417047 -102.19387713148063 1.2
      vertex 41.70493827160494 -102.78952287403199 2
      vertex 41.93631922230127 -102.90997217308983 2
    endloop
  endfacet
  facet normal 0.2724015231718249 0.6576354516524251 0.7023624583529365
    outer loop
      vertex 42.44755568468353 -102.267323765729 1.2
      vertex 41.93631922230127 -102.90997217308983 2
      vertex 42.1773175467472 -103.00979694758453 2
    endloop
  endfacet
  facet normal 0.21404824688990381 0.6788743072909545 0.7023624583529401
    outer loop
      vertex 42.630598100774456 -102.32503681783595 1.2
      vertex 42.1773175467472 -103.00979694758453 2
      vertex 42.42609910217494 -103.08823747070633 2
    endloop
  endfacet
  facet normal 0.1540659342032973 0.6949465195354861 0.7023624583529359
    outer loop
      vertex 42.817974009132755 -102.36657705662687 1.2
      vertex 42.42609910217494 -103.08823747070633 2
      vertex 42.68077051072925 -103.14469676271058 2
    endloop
  endfacet
  facet normal 0.09291108672987626 0.7057297691461566 0.7023624583529405
    outer loop
      vertex 43.00825736595515 -102.39162833580184 1.2
      vertex 42.68077051072925 -103.14469676271058 2
      vertex 42.939393569216264 -103.17874513429409 2
    endloop
  endfacet
  facet normal 0.031049129785178285 0.711141989082348 0.7023624583529394
    outer loop
      vertex 43.2 -102.4 1.2
      vertex 42.939393569216264 -103.17874513429409 2
      vertex 43.2 -103.19012345679013 2
    endloop
  endfacet
  facet normal -0.031049129785177938 0.7111419890823467 0.7023624583529409
    outer loop
      vertex 43.39174263404485 -102.39162833580184 1.2
      vertex 43.2 -103.19012345679013 2
      vertex 43.46060643078374 -103.17874513429409 2
    endloop
  endfacet
  facet normal 0.3286816593818019 0.6313915931357073 0.7023624583529353
    outer loop
      vertex 42.1 -102.10525588832577 1.2
      vertex 41.70493827160494 -102.78952287403199 2
      vertex 42.27023982417047 -102.19387713148063 1.2
    endloop
  endfacet
  facet normal 0.27240152317180844 0.6576354516524349 0.7023624583529339
    outer loop
      vertex 42.27023982417047 -102.19387713148063 1.2
      vertex 41.93631922230127 -102.90997217308983 2
      vertex 42.44755568468353 -102.267323765729 1.2
    endloop
  endfacet
  facet normal 0.2140482468898829 0.6788743072909645 0.7023624583529368
    outer loop
      vertex 42.44755568468353 -102.267323765729 1.2
      vertex 42.1773175467472 -103.00979694758453 2
      vertex 42.630598100774456 -102.32503681783595 1.2
    endloop
  endfacet
  facet normal 0.15406593420333184 0.6949465195354732 0.7023624583529411
    outer loop
      vertex 42.630598100774456 -102.32503681783595 1.2
      vertex 42.42609910217494 -103.08823747070633 2
      vertex 42.817974009132755 -102.36657705662687 1.2
    endloop
  endfacet
  facet normal 0.0929110867298388 0.7057297691461669 0.702362458352935
    outer loop
      vertex 42.817974009132755 -102.36657705662687 1.2
      vertex 42.68077051072925 -103.14469676271058 2
      vertex 43.00825736595515 -102.39162833580184 1.2
    endloop
  endfacet
  facet normal 0.031049129785189835 0.7111419890823459 0.7023624583529411
    outer loop
      vertex 43.00825736595515 -102.39162833580184 1.2
      vertex 42.939393569216264 -103.17874513429409 2
      vertex 43.2 -102.4 1.2
    endloop
  endfacet
  facet normal -0.031049129785189918 0.7111419890823478 0.7023624583529393
    outer loop
      vertex 43.2 -102.4 1.2
      vertex 43.2 -103.19012345679013 2
      vertex 43.39174263404485 -102.39162833580184 1.2
    endloop
  endfacet
  facet normal -0.09291108672983799 0.7057297691461607 0.7023624583529413
    outer loop
      vertex 43.39174263404485 -102.39162833580184 1.2
      vertex 43.46060643078374 -103.17874513429409 2
      vertex 43.58202599086725 -102.36657705662687 1.2
    endloop
  endfacet
  facet normal -0.09291108672987626 -0.7057297691461566 0.7023624583529405
    outer loop
      vertex 43.39174263404485 -98.00837166419817 1.2
      vertex 43.71922948927075 -97.25530323728943 2
      vertex 43.46060643078374 -97.22125486570592 2
    endloop
  endfacet
  facet normal -0.1540659342032973 -0.6949465195354861 0.7023624583529359
    outer loop
      vertex 43.58202599086725 -98.03342294337314 1.2
      vertex 43.97390089782507 -97.31176252929367 2
      vertex 43.71922948927075 -97.25530323728943 2
    endloop
  endfacet
  facet normal -0.21404824688990381 -0.6788743072909545 0.7023624583529401
    outer loop
      vertex 43.76940189922555 -98.07496318216405 1.2
      vertex 44.22268245325281 -97.39020305241547 2
      vertex 43.97390089782507 -97.31176252929367 2
    endloop
  endfacet
  facet normal -0.2724015231718249 -0.6576354516524251 0.7023624583529365
    outer loop
      vertex 43.95244431531648 -98.132676234271 1.2
      vertex 44.463680777698734 -97.49002782691018 2
      vertex 44.22268245325281 -97.39020305241547 2
    endloop
  endfacet
  facet normal -0.32868165938179617 -0.6313915931357111 0.7023624583529342
    outer loop
      vertex 44.12976017582954 -98.20612286851937 1.2
      vertex 44.69506172839507 -97.61047712596802 2
      vertex 44.463680777698734 -97.49002782691018 2
    endloop
  endfacet
  facet normal -0.3824603297005184 -0.6003424633505368 0.7023624583529362
    outer loop
      vertex 44.300000000000004 -98.29474411167423 1.2
      vertex 44.91506435659536 -97.7506342576939 2
      vertex 44.69506172839507 -97.61047712596802 2
    endloop
  endfacet
  facet normal -0.43332824597439945 -0.5647243649225416 0.7023624583529379
    outer loop
      vertex 44.461868159972305 -98.39786550256422 1.2
      vertex 45.122014309457775 -97.90943254168623 2
      vertex 44.91506435659536 -97.7506342576939 2
    endloop
  endfacet
  facet normal -0.4808982726455682 -0.5248083730876753 0.7023624583529334
    outer loop
      vertex 44.61413274131039 -98.51470222513825 1.2
      vertex 45.31433657288126 -98.08566342711875 2
      vertex 45.122014309457775 -97.90943254168623 2
    endloop
  endfacet
  facet normal -0.5248083730876436 -0.48089827264559587 0.7023624583529381
    outer loop
      vertex 44.755634918610404 -98.6443650813896 1.2
      vertex 45.49056745831379 -98.27798569054222 2
      vertex 45.31433657288126 -98.08566342711875 2
    endloop
  endfacet
  facet normal -0.0929110867298388 -0.7057297691461669 0.702362458352935
    outer loop
      vertex 43.39174263404485 -98.00837166419817 1.2
      vertex 43.58202599086725 -98.03342294337314 1.2
      vertex 43.71922948927075 -97.25530323728943 2
    endloop
  endfacet
  facet normal -0.15406593420333184 -0.6949465195354732 0.7023624583529411
    outer loop
      vertex 43.58202599086725 -98.03342294337314 1.2
      vertex 43.76940189922555 -98.07496318216405 1.2
      vertex 43.97390089782507 -97.31176252929367 2
    endloop
  endfacet
  facet normal -0.2140482468898829 -0.6788743072909645 0.7023624583529368
    outer loop
      vertex 43.76940189922555 -98.07496318216405 1.2
      vertex 43.95244431531648 -98.132676234271 1.2
      vertex 44.22268245325281 -97.39020305241547 2
    endloop
  endfacet
  facet normal -0.2724015231718085 -0.657635451652435 0.7023624583529338
    outer loop
      vertex 43.95244431531648 -98.132676234271 1.2
      vertex 44.12976017582954 -98.20612286851937 1.2
      vertex 44.463680777698734 -97.49002782691018 2
    endloop
  endfacet
  facet normal -0.3286816593818019 -0.6313915931357073 0.7023624583529353
    outer loop
      vertex 44.12976017582954 -98.20612286851937 1.2
      vertex 44.300000000000004 -98.29474411167423 1.2
      vertex 44.69506172839507 -97.61047712596802 2
    endloop
  endfacet
  facet normal -0.38246032970052973 -0.6003424633505271 0.7023624583529384
    outer loop
      vertex 44.300000000000004 -98.29474411167423 1.2
      vertex 44.461868159972305 -98.39786550256422 1.2
      vertex 44.91506435659536 -97.7506342576939 2
    endloop
  endfacet
  facet normal -0.43332824597437575 -0.564724364922566 0.7023624583529329
    outer loop
      vertex 44.461868159972305 -98.39786550256422 1.2
      vertex 44.61413274131039 -98.51470222513825 1.2
      vertex 45.122014309457775 -97.90943254168623 2
    endloop
  endfacet
  facet normal -0.480898272645588 -0.5248083730876515 0.7023624583529378
    outer loop
      vertex 44.61413274131039 -98.51470222513825 1.2
      vertex 44.755634918610404 -98.6443650813896 1.2
      vertex 45.31433657288126 -98.08566342711875 2
    endloop
  endfacet
  facet normal -0.5248083730876592 -0.48089827264557305 0.7023624583529421
    outer loop
      vertex 44.755634918610404 -98.6443650813896 1.2
      vertex 44.885297774861755 -98.78586725868962 1.2
      vertex 45.49056745831379 -98.27798569054222 2
    endloop
  endfacet
  facet normal -0.5647243649225739 -0.43332824597435565 0.7023624583529389
    outer loop
      vertex 44.885297774861755 -98.78586725868962 1.2
      vertex 45.00213449743578 -98.93813184002771 1.2
      vertex 45.649365742306095 -98.48493564340465 2
    endloop
  endfacet
  facet normal -0.5647243649225815 -0.4333282459743423 0.7023624583529412
    outer loop
      vertex 44.885297774861755 -98.78586725868962 1.2
      vertex 45.649365742306095 -98.48493564340465 2
      vertex 45.49056745831379 -98.27798569054222 2
    endloop
  endfacet
  facet normal -0.6003424633505262 -0.382460329700531 0.7023624583529384
    outer loop
      vertex 45.00213449743578 -98.93813184002771 1.2
      vertex 45.78952287403199 -98.70493827160495 2
      vertex 45.649365742306095 -98.48493564340465 2
    endloop
  endfacet
  facet normal -0.6313915931356829 -0.32868165938184035 0.7023624583529391
    outer loop
      vertex 45.105255888325765 -99.10000000000001 1.2
      vertex 45.90997217308984 -98.93631922230126 2
      vertex 45.78952287403199 -98.70493827160495 2
    endloop
  endfacet
  facet normal -0.6003424633505269 -0.3824603297005296 0.7023624583529386
    outer loop
      vertex 45.00213449743578 -98.93813184002771 1.2
      vertex 45.105255888325765 -99.10000000000001 1.2
      vertex 45.78952287403199 -98.70493827160495 2
    endloop
  endfacet
  facet normal -0.4808982726455657 0.5248083730876726 0.702362458352937
    outer loop
      vertex 44.755634918610404 -101.75563491861041 1.2
      vertex 45.122014309457775 -102.49056745831378 2
      vertex 45.31433657288126 -102.31433657288126 2
    endloop
  endfacet
  facet normal -0.38246032970053107 0.6003424633505292 0.702362458352936
    outer loop
      vertex 44.300000000000004 -102.10525588832577 1.2
      vertex 44.69506172839507 -102.78952287403199 2
      vertex 44.461868159972305 -102.00213449743579 1.2
    endloop
  endfacet
  facet normal -0.4333282459743725 0.5647243649225616 0.7023624583529384
    outer loop
      vertex 44.461868159972305 -102.00213449743579 1.2
      vertex 44.91506435659536 -102.6493657423061 2
      vertex 44.61413274131039 -101.88529777486175 1.2
    endloop
  endfacet
  facet normal -0.5248083730876625 0.4808982726455761 0.7023624583529376
    outer loop
      vertex 44.755634918610404 -101.75563491861041 1.2
      vertex 45.31433657288126 -102.31433657288126 2
      vertex 44.885297774861755 -101.61413274131039 1.2
    endloop
  endfacet
  facet normal -0.4808982726455914 0.5248083730876552 0.7023624583529327
    outer loop
      vertex 44.755634918610404 -101.75563491861041 1.2
      vertex 44.61413274131039 -101.88529777486175 1.2
      vertex 45.122014309457775 -102.49056745831378 2
    endloop
  endfacet
  facet normal -0.564724364922572 0.43332824597435415 0.7023624583529415
    outer loop
      vertex 44.885297774861755 -101.61413274131039 1.2
      vertex 45.49056745831379 -102.12201430945778 2
      vertex 45.00213449743578 -101.4618681599723 1.2
    endloop
  endfacet
  facet normal -0.09291108672987661 0.7057297691461611 0.7023624583529358
    outer loop
      vertex 43.58202599086725 -102.36657705662687 1.2
      vertex 43.46060643078374 -103.17874513429409 2
      vertex 43.71922948927075 -103.14469676271058 2
    endloop
  endfacet
  facet normal -0.1540659342032964 0.6949465195354818 0.7023624583529403
    outer loop
      vertex 43.76940189922555 -102.32503681783595 1.2
      vertex 43.71922948927075 -103.14469676271058 2
      vertex 43.97390089782507 -103.08823747070633 2
    endloop
  endfacet
  facet normal -0.21404824688990487 0.678874307290957 0.7023624583529372
    outer loop
      vertex 43.95244431531648 -102.267323765729 1.2
      vertex 43.97390089782507 -103.08823747070633 2
      vertex 44.22268245325281 -103.00979694758453 2
    endloop
  endfacet
  facet normal -0.27240152317182587 0.6576354516524272 0.7023624583529342
    outer loop
      vertex 44.12976017582954 -102.19387713148063 1.2
      vertex 44.22268245325281 -103.00979694758453 2
      vertex 44.463680777698734 -102.90997217308983 2
    endloop
  endfacet
  facet normal -0.3286816593817957 0.6313915931357106 0.7023624583529351
    outer loop
      vertex 44.300000000000004 -102.10525588832577 1.2
      vertex 44.463680777698734 -102.90997217308983 2
      vertex 44.69506172839507 -102.78952287403199 2
    endloop
  endfacet
  facet normal -0.3824603297005176 0.6003424633505353 0.7023624583529381
    outer loop
      vertex 44.461868159972305 -102.00213449743579 1.2
      vertex 44.69506172839507 -102.78952287403199 2
      vertex 44.91506435659536 -102.6493657423061 2
    endloop
  endfacet
  facet normal -0.433328245974402 0.564724364922545 0.7023624583529335
    outer loop
      vertex 44.61413274131039 -101.88529777486175 1.2
      vertex 44.91506435659536 -102.6493657423061 2
      vertex 45.122014309457775 -102.49056745831378 2
    endloop
  endfacet
  facet normal -0.15406593420333312 0.6949465195354789 0.7023624583529351
    outer loop
      vertex 43.58202599086725 -102.36657705662687 1.2
      vertex 43.71922948927075 -103.14469676271058 2
      vertex 43.76940189922555 -102.32503681783595 1.2
    endloop
  endfacet
  facet normal -0.21404824688988178 0.6788743072909609 0.7023624583529405
    outer loop
      vertex 43.76940189922555 -102.32503681783595 1.2
      vertex 43.97390089782507 -103.08823747070633 2
      vertex 43.95244431531648 -102.267323765729 1.2
    endloop
  endfacet
  facet normal -0.27240152317180727 0.657635451652432 0.7023624583529369
    outer loop
      vertex 43.95244431531648 -102.267323765729 1.2
      vertex 44.22268245325281 -103.00979694758453 2
      vertex 44.12976017582954 -102.19387713148063 1.2
    endloop
  endfacet
  facet normal -0.3286816593818023 0.6313915931357081 0.7023624583529342
    outer loop
      vertex 44.12976017582954 -102.19387713148063 1.2
      vertex 44.463680777698734 -102.90997217308983 2
      vertex 44.300000000000004 -102.10525588832577 1.2
    endloop
  endfacet
  facet normal -0.6576354516524422 -0.2724015231717773 0.702362458352939
    outer loop
      vertex 45.19387713148063 -99.27023982417046 1.2
      vertex 46.00979694758453 -99.1773175467472 2
      vertex 45.90997217308984 -98.93631922230126 2
    endloop
  endfacet
  facet normal -0.6788743072909592 -0.2140482468898981 0.7023624583529372
    outer loop
      vertex 45.267323765729 -99.44755568468354 1.2
      vertex 46.088237470706325 -99.42609910217493 2
      vertex 46.00979694758453 -99.1773175467472 2
    endloop
  endfacet
  facet normal -0.6949465195354809 -0.15406593420330703 0.7023624583529386
    outer loop
      vertex 45.32503681783595 -99.63059810077446 1.2
      vertex 46.14469676271058 -99.68077051072926 2
      vertex 46.088237470706325 -99.42609910217493 2
    endloop
  endfacet
  facet normal -0.705729769146158 -0.09291108672987897 0.7023624583529386
    outer loop
      vertex 45.36657705662686 -99.81797400913275 1.2
      vertex 46.17874513429409 -99.93939356921626 2
      vertex 46.14469676271058 -99.68077051072926 2
    endloop
  endfacet
  facet normal -0.7111419890823477 -0.03104912978515866 0.7023624583529405
    outer loop
      vertex 45.39162833580184 -100.00825736595516 1.2
      vertex 46.190123456790126 -100.2 2
      vertex 46.17874513429409 -99.93939356921626 2
    endloop
  endfacet
  facet normal -0.7111419890823516 0.031049129785158842 0.7023624583529368
    outer loop
      vertex 45.400000000000006 -100.2 1.2
      vertex 46.17874513429409 -100.46060643078374 2
      vertex 46.190123456790126 -100.2 2
    endloop
  endfacet
  facet normal -0.7057297691461559 0.09291108672987855 0.7023624583529409
    outer loop
      vertex 45.39162833580184 -100.39174263404485 1.2
      vertex 46.14469676271058 -100.71922948927075 2
      vertex 46.17874513429409 -100.46060643078374 2
    endloop
  endfacet
  facet normal -0.6313915931356832 0.32868165938184046 0.7023624583529386
    outer loop
      vertex 45.19387713148063 -101.12976017582955 1.2
      vertex 45.78952287403199 -101.69506172839506 2
      vertex 45.90997217308984 -101.46368077769874 2
    endloop
  endfacet
  facet normal -0.5647243649225829 0.4333282459743432 0.7023624583529393
    outer loop
      vertex 45.00213449743578 -101.4618681599723 1.2
      vertex 45.49056745831379 -102.12201430945778 2
      vertex 45.649365742306095 -101.91506435659535 2
    endloop
  endfacet
  facet normal -0.5248083730876413 0.4808982726455935 0.7023624583529414
    outer loop
      vertex 44.885297774861755 -101.61413274131039 1.2
      vertex 45.31433657288126 -102.31433657288126 2
      vertex 45.49056745831379 -102.12201430945778 2
    endloop
  endfacet
  facet normal -0.600342463350526 0.38246032970053095 0.7023624583529386
    outer loop
      vertex 45.105255888325765 -101.3 1.2
      vertex 45.649365742306095 -101.91506435659535 2
      vertex 45.78952287403199 -101.69506172839506 2
    endloop
  endfacet
  facet normal -0.6949465195354816 0.1540659342033072 0.702362458352938
    outer loop
      vertex 45.36657705662686 -100.58202599086725 1.2
      vertex 46.088237470706325 -100.97390089782508 2
      vertex 46.14469676271058 -100.71922948927075 2
    endloop
  endfacet
  facet normal -0.6788743072909574 0.21404824688989768 0.7023624583529391
    outer loop
      vertex 45.32503681783595 -100.76940189922554 1.2
      vertex 46.00979694758453 -101.2226824532528 2
      vertex 46.088237470706325 -100.97390089782508 2
    endloop
  endfacet
  facet normal -0.6576354516524435 0.272401523171778 0.7023624583529375
    outer loop
      vertex 45.267323765729 -100.95244431531647 1.2
      vertex 45.90997217308984 -101.46368077769874 2
      vertex 46.00979694758453 -101.2226824532528 2
    endloop
  endfacet
  facet normal -0.6313915931356822 -0.3286816593818426 0.7023624583529388
    outer loop
      vertex 45.105255888325765 -99.10000000000001 1.2
      vertex 45.19387713148063 -99.27023982417046 1.2
      vertex 45.90997217308984 -98.93631922230126 2
    endloop
  endfacet
  facet normal -0.6576354516524393 -0.2724015231717885 0.7023624583529374
    outer loop
      vertex 45.19387713148063 -99.27023982417046 1.2
      vertex 45.267323765729 -99.44755568468354 1.2
      vertex 46.00979694758453 -99.1773175467472 2
    endloop
  endfacet
  facet normal -0.678874307290962 -0.2140482468898821 0.7023624583529394
    outer loop
      vertex 45.267323765729 -99.44755568468354 1.2
      vertex 45.32503681783595 -99.63059810077446 1.2
      vertex 46.088237470706325 -99.42609910217493 2
    endloop
  endfacet
  facet normal -0.6949465195354805 -0.15406593420331297 0.7023624583529379
    outer loop
      vertex 45.32503681783595 -99.63059810077446 1.2
      vertex 45.36657705662686 -99.81797400913275 1.2
      vertex 46.14469676271058 -99.68077051072926 2
    endloop
  endfacet
  facet normal -0.7057297691461578 -0.09291108672986048 0.7023624583529413
    outer loop
      vertex 45.36657705662686 -99.81797400913275 1.2
      vertex 45.39162833580184 -100.00825736595516 1.2
      vertex 46.17874513429409 -99.93939356921626 2
    endloop
  endfacet
  facet normal -0.7057297691461608 0.09291108672986087 0.7023624583529383
    outer loop
      vertex 45.39162833580184 -100.39174263404485 1.2
      vertex 45.36657705662686 -100.58202599086725 1.2
      vertex 46.14469676271058 -100.71922948927075 2
    endloop
  endfacet
  facet normal -0.711141989082351 -0.03104912978519121 0.702362458352936
    outer loop
      vertex 45.39162833580184 -100.00825736595516 1.2
      vertex 45.400000000000006 -100.2 1.2
      vertex 46.190123456790126 -100.2 2
    endloop
  endfacet
  facet normal -0.7111419890823457 0.031049129785190976 0.7023624583529413
    outer loop
      vertex 45.39162833580184 -100.39174263404485 1.2
      vertex 46.17874513429409 -100.46060643078374 2
      vertex 45.400000000000006 -100.2 1.2
    endloop
  endfacet
  facet normal -0.6313915931356818 0.3286816593818424 0.7023624583529391
    outer loop
      vertex 45.105255888325765 -101.3 1.2
      vertex 45.78952287403199 -101.69506172839506 2
      vertex 45.19387713148063 -101.12976017582955 1.2
    endloop
  endfacet
  facet normal -0.6788743072909645 0.2140482468898829 0.7023624583529368
    outer loop
      vertex 45.267323765729 -100.95244431531647 1.2
      vertex 46.00979694758453 -101.2226824532528 2
      vertex 45.32503681783595 -100.76940189922554 1.2
    endloop
  endfacet
  facet normal -0.6949465195354795 0.15406593420331274 0.7023624583529389
    outer loop
      vertex 45.36657705662686 -100.58202599086725 1.2
      vertex 45.32503681783595 -100.76940189922554 1.2
      vertex 46.088237470706325 -100.97390089782508 2
    endloop
  endfacet
  facet normal -0.6576354516524376 0.2724015231717878 0.7023624583529393
    outer loop
      vertex 45.267323765729 -100.95244431531647 1.2
      vertex 45.19387713148063 -101.12976017582955 1.2
      vertex 45.90997217308984 -101.46368077769874 2
    endloop
  endfacet
  facet normal -0.6003424633505271 0.38246032970052973 0.7023624583529384
    outer loop
      vertex 45.00213449743578 -101.4618681599723 1.2
      vertex 45.649365742306095 -101.91506435659535 2
      vertex 45.105255888325765 -101.3 1.2
    endloop
  endfacet
  facet normal 0 -0.5372996083468237 -0.8433914458128858
    outer loop
      vertex 10.2 -14.283029454561193 7.123940055361239
      vertex 15.2 -14.283029454561193 7.123940055361239
      vertex 10.2 -14.375 7.182531754730547
    endloop
  endfacet
  facet normal 0 -0.6087614290087185 -0.7933533402912366
    outer loop
      vertex 10.2 -14.196515487891826 7.057555553898722
      vertex 15.2 -14.196515487891826 7.057555553898722
      vertex 10.2 -14.283029454561193 7.123940055361239
    endloop
  endfacet
  facet normal 0 -0.6755902076156582 -0.7372773368101259
    outer loop
      vertex 10.2 -14.116116523516816 6.983883476483184
      vertex 15.2 -14.116116523516816 6.983883476483184
      vertex 10.2 -14.196515487891826 7.057555553898722
    endloop
  endfacet
  facet normal -6.188402267395456e-19 -0.73727733681013 -0.6755902076156539
    outer loop
      vertex 10.2 -14.116116523516816 6.983883476483184
      vertex 10.2 -14.042444446101278 6.903484512108173
      vertex 15.2 -14.042444446101278 6.903484512108173
    endloop
  endfacet
  facet normal 3.2204684006093435e-19 -0.793353340291226 -0.6087614290087328
    outer loop
      vertex 10.2 -14.042444446101278 6.903484512108173
      vertex 10.2 -13.97605994463876 6.816970545438807
      vertex 15.2 -13.97605994463876 6.816970545438807
    endloop
  endfacet
  facet normal 7.134622398064605e-19 -0.8870108331782207 -0.4617486132350355
    outer loop
      vertex 10.2 -13.917468245269452 6.725
      vertex 10.2 -13.867115266204188 6.6282728271758735
      vertex 15.2 -13.867115266204188 6.6282728271758735
    endloop
  endfacet
  facet normal 2.242856271425363e-20 -0.8433914458128918 -0.5372996083468142
    outer loop
      vertex 10.2 -13.97605994463876 6.816970545438807
      vertex 10.2 -13.917468245269452 6.725
      vertex 15.2 -13.917468245269452 6.725
    endloop
  endfacet
  facet normal -5.3090909409448e-19 -0.923879532511287 -0.3826834323650894
    outer loop
      vertex 10.2 -13.867115266204188 6.6282728271758735
      vertex 10.2 -13.825384224017615 6.527525179157085
      vertex 15.2 -13.825384224017615 6.527525179157085
    endloop
  endfacet
  facet normal 1.0792652911106958e-19 -0.9537169507482246 -0.3007057995042808
    outer loop
      vertex 10.2 -13.825384224017615 6.527525179157085
      vertex 10.2 -13.792592717138664 6.42352380637815
      vertex 15.2 -13.792592717138664 6.42352380637815
    endloop
  endfacet
  facet normal 2.1041127524430505e-20 -0.9762960071199341 -0.2164396139380996
    outer loop
      vertex 10.2 -13.792592717138664 6.42352380637815
      vertex 10.2 -13.76899030873474 6.317060222083662
      vertex 15.2 -13.76899030873474 6.317060222083662
    endloop
  endfacet
  facet normal 1.937767468454221e-19 -0.99144486137381 -0.13052619222005477
    outer loop
      vertex 10.2 -13.76899030873474 6.317060222083662
      vertex 10.2 -13.754756627385317 6.208944678434572
      vertex 15.2 -13.754756627385317 6.208944678434572
    endloop
  endfacet
  facet normal 0 -0.6087614290087185 -0.7933533402912366
    outer loop
      vertex 10.2 -14.283029454561193 7.123940055361239
      vertex 15.2 -14.196515487891826 7.057555553898722
      vertex 15.2 -14.283029454561193 7.123940055361239
    endloop
  endfacet
  facet normal 0 -0.6755902076156582 -0.7372773368101259
    outer loop
      vertex 10.2 -14.196515487891826 7.057555553898722
      vertex 15.2 -14.116116523516816 6.983883476483184
      vertex 15.2 -14.196515487891826 7.057555553898722
    endloop
  endfacet
  facet normal 0 -0.73727733681013 -0.6755902076156539
    outer loop
      vertex 10.2 -14.116116523516816 6.983883476483184
      vertex 15.2 -14.042444446101278 6.903484512108173
      vertex 15.2 -14.116116523516816 6.983883476483184
    endloop
  endfacet
  facet normal 0 -0.793353340291226 -0.6087614290087328
    outer loop
      vertex 10.2 -14.042444446101278 6.903484512108173
      vertex 15.2 -13.97605994463876 6.816970545438807
      vertex 15.2 -14.042444446101278 6.903484512108173
    endloop
  endfacet
  facet normal 0 -0.8433914458128918 -0.5372996083468142
    outer loop
      vertex 10.2 -13.97605994463876 6.816970545438807
      vertex 15.2 -13.917468245269452 6.725
      vertex 15.2 -13.97605994463876 6.816970545438807
    endloop
  endfacet
  facet normal 0 -0.8870108331782207 -0.4617486132350355
    outer loop
      vertex 10.2 -13.917468245269452 6.725
      vertex 15.2 -13.867115266204188 6.6282728271758735
      vertex 15.2 -13.917468245269452 6.725
    endloop
  endfacet
  facet normal 0 -0.923879532511287 -0.3826834323650894
    outer loop
      vertex 10.2 -13.867115266204188 6.6282728271758735
      vertex 15.2 -13.825384224017615 6.527525179157085
      vertex 15.2 -13.867115266204188 6.6282728271758735
    endloop
  endfacet
  facet normal 0 -0.9537169507482246 -0.3007057995042808
    outer loop
      vertex 10.2 -13.825384224017615 6.527525179157085
      vertex 15.2 -13.792592717138664 6.42352380637815
      vertex 15.2 -13.825384224017615 6.527525179157085
    endloop
  endfacet
  facet normal 0 -0.9762960071199341 -0.2164396139380996
    outer loop
      vertex 10.2 -13.792592717138664 6.42352380637815
      vertex 15.2 -13.76899030873474 6.317060222083662
      vertex 15.2 -13.792592717138664 6.42352380637815
    endloop
  endfacet
  facet normal 0 -0.99144486137381 -0.13052619222005477
    outer loop
      vertex 10.2 -13.76899030873474 6.317060222083662
      vertex 15.2 -13.754756627385317 6.208944678434572
      vertex 15.2 -13.76899030873474 6.317060222083662
    endloop
  endfacet
  facet normal 0 -0.999048221581858 -0.04361938736533028
    outer loop
      vertex 10.2 -13.754756627385317 6.208944678434572
      vertex 15.2 -13.75 6.1
      vertex 15.2 -13.754756627385317 6.208944678434572
    endloop
  endfacet
  facet normal 0 -0.21643961393810734 -0.9762960071199324
    outer loop
      vertex 10.2 -14.676476193621848 7.307407282861335
      vertex 15.2 -14.676476193621848 7.307407282861335
      vertex 10.2 -14.782939777916337 7.33100969126526
    endloop
  endfacet
  facet normal 0 -0.13052619222004677 -0.991444861373811
    outer loop
      vertex 10.2 -14.782939777916337 7.33100969126526
      vertex 15.2 -14.782939777916337 7.33100969126526
      vertex 10.2 -14.891055321565426 7.345243372614681
    endloop
  endfacet
  facet normal 0 -0.043619387365338054 -0.9990482215818576
    outer loop
      vertex 10.2 -14.891055321565426 7.345243372614681
      vertex 15.2 -14.891055321565426 7.345243372614681
      vertex 10.2 -15 7.35
    endloop
  endfacet
  facet normal 0 0.043619387365338054 -0.9990482215818576
    outer loop
      vertex 10.2 -15 7.35
      vertex 15.2 -15 7.35
      vertex 10.2 -15.108944678434574 7.345243372614681
    endloop
  endfacet
  facet normal 0 0.13052619222004677 -0.991444861373811
    outer loop
      vertex 10.2 -15.108944678434574 7.345243372614681
      vertex 15.2 -15.108944678434574 7.345243372614681
      vertex 10.2 -15.217060222083663 7.33100969126526
    endloop
  endfacet
  facet normal 0 -0.3826834323650923 -0.9238795325112857
    outer loop
      vertex 10.2 -14.471727172824126 7.232884733795812
      vertex 15.2 -14.471727172824126 7.232884733795812
      vertex 10.2 -14.572474820842913 7.274615775982385
    endloop
  endfacet
  facet normal 0 -0.3007057995042734 -0.9537169507482269
    outer loop
      vertex 10.2 -14.572474820842913 7.274615775982385
      vertex 15.2 -14.572474820842913 7.274615775982385
      vertex 10.2 -14.676476193621848 7.307407282861335
    endloop
  endfacet
  facet normal 0 -0.4617486132350355 -0.8870108331782207
    outer loop
      vertex 10.2 -14.375 7.182531754730547
      vertex 15.2 -14.375 7.182531754730547
      vertex 10.2 -14.471727172824126 7.232884733795812
    endloop
  endfacet
  facet normal 0 0.21643961393810734 -0.9762960071199324
    outer loop
      vertex 10.2 -15.217060222083663 7.33100969126526
      vertex 15.2 -15.217060222083663 7.33100969126526
      vertex 10.2 -15.323523806378152 7.307407282861335
    endloop
  endfacet
  facet normal 0 0.3007057995042734 -0.9537169507482269
    outer loop
      vertex 10.2 -15.323523806378152 7.307407282861335
      vertex 15.2 -15.323523806378152 7.307407282861335
      vertex 10.2 -15.427525179157087 7.274615775982385
    endloop
  endfacet
  facet normal 0 0.3826834323650923 -0.9238795325112857
    outer loop
      vertex 10.2 -15.427525179157087 7.274615775982385
      vertex 15.2 -15.427525179157087 7.274615775982385
      vertex 10.2 -15.528272827175874 7.232884733795812
    endloop
  endfacet
  facet normal 0 0.4617486132350355 -0.8870108331782207
    outer loop
      vertex 10.2 -15.528272827175874 7.232884733795812
      vertex 15.2 -15.528272827175874 7.232884733795812
      vertex 10.2 -15.625 7.182531754730547
    endloop
  endfacet
  facet normal 0 0.5372996083468237 -0.8433914458128858
    outer loop
      vertex 10.2 -15.625 7.182531754730547
      vertex 15.2 -15.625 7.182531754730547
      vertex 10.2 -15.716970545438807 7.123940055361239
    endloop
  endfacet
  facet normal 0 0.6087614290087185 -0.7933533402912366
    outer loop
      vertex 10.2 -15.716970545438807 7.123940055361239
      vertex 15.2 -15.716970545438807 7.123940055361239
      vertex 10.2 -15.803484512108174 7.057555553898722
    endloop
  endfacet
  facet normal 0 0.6755902076156582 -0.7372773368101259
    outer loop
      vertex 10.2 -15.803484512108174 7.057555553898722
      vertex 15.2 -15.803484512108174 7.057555553898722
      vertex 10.2 -15.883883476483184 6.983883476483184
    endloop
  endfacet
  facet normal 0 0.73727733681013 -0.6755902076156539
    outer loop
      vertex 10.2 -15.883883476483184 6.983883476483184
      vertex 15.2 -15.883883476483184 6.983883476483184
      vertex 10.2 -15.957555553898722 6.903484512108173
    endloop
  endfacet
  facet normal -3.2204684006093435e-19 0.793353340291226 -0.6087614290087328
    outer loop
      vertex 10.2 -16.02394005536124 6.816970545438807
      vertex 10.2 -15.957555553898722 6.903484512108173
      vertex 15.2 -15.957555553898722 6.903484512108173
    endloop
  endfacet
  facet normal 5.43376122608786e-19 0.8433914458128845 -0.5372996083468258
    outer loop
      vertex 10.2 -16.08253175473055 6.725
      vertex 10.2 -16.02394005536124 6.816970545438807
      vertex 15.2 -16.02394005536124 6.816970545438807
    endloop
  endfacet
  facet normal 7.226163573506724e-19 0.8870108331782276 -0.4617486132350228
    outer loop
      vertex 10.2 -16.132884733795812 6.6282728271758735
      vertex 10.2 -16.08253175473055 6.725
      vertex 15.2 -16.08253175473055 6.725
    endloop
  endfacet
  facet normal 5.3090909409448e-19 0.923879532511287 -0.3826834323650894
    outer loop
      vertex 10.2 -16.174615775982385 6.527525179157085
      vertex 10.2 -16.132884733795812 6.6282728271758735
      vertex 15.2 -16.132884733795812 6.6282728271758735
    endloop
  endfacet
  facet normal -1.0792652911106958e-19 0.9537169507482246 -0.3007057995042808
    outer loop
      vertex 10.2 -16.207407282861336 6.42352380637815
      vertex 10.2 -16.174615775982385 6.527525179157085
      vertex 15.2 -16.174615775982385 6.527525179157085
    endloop
  endfacet
  facet normal -2.1041127524430505e-20 0.9762960071199341 -0.2164396139380996
    outer loop
      vertex 10.2 -16.23100969126526 6.317060222083662
      vertex 10.2 -16.207407282861336 6.42352380637815
      vertex 15.2 -16.207407282861336 6.42352380637815
    endloop
  endfacet
  facet normal -6.75217725284122e-20 0.991444861373812 -0.13052619222003875
    outer loop
      vertex 10.2 -16.24524337261468 6.208944678434572
      vertex 10.2 -16.23100969126526 6.317060222083662
      vertex 15.2 -16.23100969126526 6.317060222083662
    endloop
  endfacet
  facet normal -5.362953510462822e-20 0.9990482215818574 -0.04361938736534655
    outer loop
      vertex 10.2 -16.25 6.1
      vertex 10.2 -16.24524337261468 6.208944678434572
      vertex 15.2 -16.24524337261468 6.208944678434572
    endloop
  endfacet
  facet normal 0 -0.3007057995042734 -0.9537169507482269
    outer loop
      vertex 10.2 -14.676476193621848 7.307407282861335
      vertex 15.2 -14.572474820842913 7.274615775982385
      vertex 15.2 -14.676476193621848 7.307407282861335
    endloop
  endfacet
  facet normal 0 -0.21643961393810734 -0.9762960071199324
    outer loop
      vertex 10.2 -14.782939777916337 7.33100969126526
      vertex 15.2 -14.676476193621848 7.307407282861335
      vertex 15.2 -14.782939777916337 7.33100969126526
    endloop
  endfacet
  facet normal 0 -0.13052619222004677 -0.991444861373811
    outer loop
      vertex 10.2 -14.891055321565426 7.345243372614681
      vertex 15.2 -14.782939777916337 7.33100969126526
      vertex 15.2 -14.891055321565426 7.345243372614681
    endloop
  endfacet
  facet normal 0 -0.043619387365338054 -0.9990482215818576
    outer loop
      vertex 10.2 -15 7.35
      vertex 15.2 -14.891055321565426 7.345243372614681
      vertex 15.2 -15 7.35
    endloop
  endfacet
  facet normal 0 0.043619387365338054 -0.9990482215818576
    outer loop
      vertex 10.2 -15.108944678434574 7.345243372614681
      vertex 15.2 -15 7.35
      vertex 15.2 -15.108944678434574 7.345243372614681
    endloop
  endfacet
  facet normal 0 -0.3826834323650923 -0.9238795325112857
    outer loop
      vertex 10.2 -14.572474820842913 7.274615775982385
      vertex 15.2 -14.471727172824126 7.232884733795812
      vertex 15.2 -14.572474820842913 7.274615775982385
    endloop
  endfacet
  facet normal 0 -0.4617486132350355 -0.8870108331782207
    outer loop
      vertex 10.2 -14.471727172824126 7.232884733795812
      vertex 15.2 -14.375 7.182531754730547
      vertex 15.2 -14.471727172824126 7.232884733795812
    endloop
  endfacet
  facet normal 0 -0.5372996083468237 -0.8433914458128858
    outer loop
      vertex 10.2 -14.375 7.182531754730547
      vertex 15.2 -14.283029454561193 7.123940055361239
      vertex 15.2 -14.375 7.182531754730547
    endloop
  endfacet
  facet normal 0 0.13052619222004677 -0.991444861373811
    outer loop
      vertex 10.2 -15.217060222083663 7.33100969126526
      vertex 15.2 -15.108944678434574 7.345243372614681
      vertex 15.2 -15.217060222083663 7.33100969126526
    endloop
  endfacet
  facet normal 0 0.21643961393810734 -0.9762960071199324
    outer loop
      vertex 10.2 -15.323523806378152 7.307407282861335
      vertex 15.2 -15.217060222083663 7.33100969126526
      vertex 15.2 -15.323523806378152 7.307407282861335
    endloop
  endfacet
  facet normal 0 0.3007057995042734 -0.9537169507482269
    outer loop
      vertex 10.2 -15.427525179157087 7.274615775982385
      vertex 15.2 -15.323523806378152 7.307407282861335
      vertex 15.2 -15.427525179157087 7.274615775982385
    endloop
  endfacet
  facet normal 0 0.3826834323650923 -0.9238795325112857
    outer loop
      vertex 10.2 -15.528272827175874 7.232884733795812
      vertex 15.2 -15.427525179157087 7.274615775982385
      vertex 15.2 -15.528272827175874 7.232884733795812
    endloop
  endfacet
  facet normal 0 0.4617486132350355 -0.8870108331782207
    outer loop
      vertex 10.2 -15.625 7.182531754730547
      vertex 15.2 -15.528272827175874 7.232884733795812
      vertex 15.2 -15.625 7.182531754730547
    endloop
  endfacet
  facet normal 0 0.5372996083468237 -0.8433914458128858
    outer loop
      vertex 10.2 -15.716970545438807 7.123940055361239
      vertex 15.2 -15.625 7.182531754730547
      vertex 15.2 -15.716970545438807 7.123940055361239
    endloop
  endfacet
  facet normal 0 0.6087614290087185 -0.7933533402912366
    outer loop
      vertex 10.2 -15.803484512108174 7.057555553898722
      vertex 15.2 -15.716970545438807 7.123940055361239
      vertex 15.2 -15.803484512108174 7.057555553898722
    endloop
  endfacet
  facet normal 0 0.6755902076156582 -0.7372773368101259
    outer loop
      vertex 10.2 -15.883883476483184 6.983883476483184
      vertex 15.2 -15.803484512108174 7.057555553898722
      vertex 15.2 -15.883883476483184 6.983883476483184
    endloop
  endfacet
  facet normal 0 0.73727733681013 -0.6755902076156539
    outer loop
      vertex 10.2 -15.957555553898722 6.903484512108173
      vertex 15.2 -15.883883476483184 6.983883476483184
      vertex 15.2 -15.957555553898722 6.903484512108173
    endloop
  endfacet
  facet normal 0 0.793353340291226 -0.6087614290087328
    outer loop
      vertex 10.2 -16.02394005536124 6.816970545438807
      vertex 15.2 -15.957555553898722 6.903484512108173
      vertex 15.2 -16.02394005536124 6.816970545438807
    endloop
  endfacet
  facet normal 0 0.8433914458128845 -0.5372996083468258
    outer loop
      vertex 10.2 -16.08253175473055 6.725
      vertex 15.2 -16.02394005536124 6.816970545438807
      vertex 15.2 -16.08253175473055 6.725
    endloop
  endfacet
  facet normal 0 0.8870108331782276 -0.4617486132350228
    outer loop
      vertex 10.2 -16.132884733795812 6.6282728271758735
      vertex 15.2 -16.08253175473055 6.725
      vertex 15.2 -16.132884733795812 6.6282728271758735
    endloop
  endfacet
  facet normal 0 0.923879532511287 -0.3826834323650894
    outer loop
      vertex 10.2 -16.174615775982385 6.527525179157085
      vertex 15.2 -16.132884733795812 6.6282728271758735
      vertex 15.2 -16.174615775982385 6.527525179157085
    endloop
  endfacet
  facet normal 0 0.9537169507482246 -0.3007057995042808
    outer loop
      vertex 10.2 -16.207407282861336 6.42352380637815
      vertex 15.2 -16.174615775982385 6.527525179157085
      vertex 15.2 -16.207407282861336 6.42352380637815
    endloop
  endfacet
  facet normal 0 0.9762960071199341 -0.2164396139380996
    outer loop
      vertex 10.2 -16.23100969126526 6.317060222083662
      vertex 15.2 -16.207407282861336 6.42352380637815
      vertex 15.2 -16.23100969126526 6.317060222083662
    endloop
  endfacet
  facet normal 0 0.991444861373812 -0.13052619222003875
    outer loop
      vertex 10.2 -16.24524337261468 6.208944678434572
      vertex 15.2 -16.23100969126526 6.317060222083662
      vertex 15.2 -16.24524337261468 6.208944678434572
    endloop
  endfacet
  facet normal 4.360988929411652e-20 -0.999048221581858 -0.04361938736533028
    outer loop
      vertex 10.2 -13.754756627385317 6.208944678434572
      vertex 10.2 -13.75 6.1
      vertex 15.2 -13.75 6.1
    endloop
  endfacet
  facet normal -4.360988929411652e-20 -0.999048221581858 0.04361938736533028
    outer loop
      vertex 10.2 -13.75 6.1
      vertex 10.2 -13.754756627385317 5.991055321565427
      vertex 15.2 -13.754756627385317 5.991055321565427
    endloop
  endfacet
  facet normal -7.400723964695719e-20 -0.99144486137381 0.1305261922200537
    outer loop
      vertex 10.2 -13.754756627385317 5.991055321565427
      vertex 10.2 -13.76899030873474 5.882939777916336
      vertex 15.2 -13.76899030873474 5.882939777916336
    endloop
  endfacet
  facet normal -2.896704585437913e-19 -0.9762960071199338 0.21643961393810132
    outer loop
      vertex 10.2 -13.76899030873474 5.882939777916336
      vertex 10.2 -13.792592717138664 5.776476193621849
      vertex 15.2 -13.792592717138664 5.776476193621849
    endloop
  endfacet
  facet normal -1.0792652911106958e-19 -0.9537169507482246 0.3007057995042808
    outer loop
      vertex 10.2 -13.792592717138664 5.776476193621849
      vertex 10.2 -13.825384224017615 5.672474820842914
      vertex 15.2 -13.825384224017615 5.672474820842914
    endloop
  endfacet
  facet normal 5.3090909409448e-19 -0.923879532511287 0.3826834323650894
    outer loop
      vertex 10.2 -13.825384224017615 5.672474820842914
      vertex 10.2 -13.867115266204188 5.571727172824126
      vertex 15.2 -13.867115266204188 5.571727172824126
    endloop
  endfacet
  facet normal -7.134622398064605e-19 -0.8870108331782207 0.4617486132350355
    outer loop
      vertex 10.2 -13.867115266204188 5.571727172824126
      vertex 10.2 -13.917468245269452 5.475
      vertex 15.2 -13.917468245269452 5.475
    endloop
  endfacet
  facet normal -2.242856271425363e-20 -0.8433914458128918 0.5372996083468142
    outer loop
      vertex 10.2 -13.917468245269452 5.475
      vertex 10.2 -13.97605994463876 5.383029454561192
      vertex 15.2 -13.97605994463876 5.383029454561192
    endloop
  endfacet
  facet normal -3.2204684006093435e-19 -0.793353340291226 0.6087614290087328
    outer loop
      vertex 10.2 -13.97605994463876 5.383029454561192
      vertex 10.2 -14.042444446101278 5.296515487891826
      vertex 15.2 -14.042444446101278 5.296515487891826
    endloop
  endfacet
  facet normal 6.188402267395456e-19 -0.73727733681013 0.6755902076156539
    outer loop
      vertex 10.2 -14.042444446101278 5.296515487891826
      vertex 10.2 -14.116116523516816 5.216116523516815
      vertex 15.2 -14.116116523516816 5.216116523516815
    endloop
  endfacet
  facet normal 0 -0.6755902076156582 0.7372773368101259
    outer loop
      vertex 10.2 -14.196515487891826 5.142444446101277
      vertex 15.2 -14.196515487891826 5.142444446101277
      vertex 10.2 -14.116116523516816 5.216116523516815
    endloop
  endfacet
  facet normal 0 -0.6087614290087185 0.7933533402912366
    outer loop
      vertex 10.2 -14.283029454561193 5.07605994463876
      vertex 15.2 -14.283029454561193 5.07605994463876
      vertex 10.2 -14.196515487891826 5.142444446101277
    endloop
  endfacet
  facet normal 0 -0.999048221581858 0.04361938736533028
    outer loop
      vertex 10.2 -13.75 6.1
      vertex 15.2 -13.754756627385317 5.991055321565427
      vertex 15.2 -13.75 6.1
    endloop
  endfacet
  facet normal -7.400723964695719e-20 -0.99144486137381 0.1305261922200537
    outer loop
      vertex 15.2 -13.76899030873474 5.882939777916336
      vertex 15.2 -13.754756627385317 5.991055321565427
      vertex 10.2 -13.754756627385317 5.991055321565427
    endloop
  endfacet
  facet normal 0 -0.9762960071199338 0.21643961393810132
    outer loop
      vertex 10.2 -13.76899030873474 5.882939777916336
      vertex 15.2 -13.792592717138664 5.776476193621849
      vertex 15.2 -13.76899030873474 5.882939777916336
    endloop
  endfacet
  facet normal 0 -0.9537169507482246 0.3007057995042808
    outer loop
      vertex 10.2 -13.792592717138664 5.776476193621849
      vertex 15.2 -13.825384224017615 5.672474820842914
      vertex 15.2 -13.792592717138664 5.776476193621849
    endloop
  endfacet
  facet normal 0 -0.923879532511287 0.3826834323650894
    outer loop
      vertex 10.2 -13.825384224017615 5.672474820842914
      vertex 15.2 -13.867115266204188 5.571727172824126
      vertex 15.2 -13.825384224017615 5.672474820842914
    endloop
  endfacet
  facet normal 0 -0.8870108331782207 0.4617486132350355
    outer loop
      vertex 10.2 -13.867115266204188 5.571727172824126
      vertex 15.2 -13.917468245269452 5.475
      vertex 15.2 -13.867115266204188 5.571727172824126
    endloop
  endfacet
  facet normal 0 -0.8433914458128918 0.5372996083468142
    outer loop
      vertex 10.2 -13.917468245269452 5.475
      vertex 15.2 -13.97605994463876 5.383029454561192
      vertex 15.2 -13.917468245269452 5.475
    endloop
  endfacet
  facet normal 0 -0.793353340291226 0.6087614290087328
    outer loop
      vertex 10.2 -13.97605994463876 5.383029454561192
      vertex 15.2 -14.042444446101278 5.296515487891826
      vertex 15.2 -13.97605994463876 5.383029454561192
    endloop
  endfacet
  facet normal 0 -0.73727733681013 0.6755902076156539
    outer loop
      vertex 10.2 -14.042444446101278 5.296515487891826
      vertex 15.2 -14.116116523516816 5.216116523516815
      vertex 15.2 -14.042444446101278 5.296515487891826
    endloop
  endfacet
  facet normal 0 -0.6755902076156582 0.7372773368101259
    outer loop
      vertex 10.2 -14.116116523516816 5.216116523516815
      vertex 15.2 -14.196515487891826 5.142444446101277
      vertex 15.2 -14.116116523516816 5.216116523516815
    endloop
  endfacet
  facet normal 0 -0.6087614290087185 0.7933533402912366
    outer loop
      vertex 10.2 -14.196515487891826 5.142444446101277
      vertex 15.2 -14.283029454561193 5.07605994463876
      vertex 15.2 -14.196515487891826 5.142444446101277
    endloop
  endfacet
  facet normal 0 -0.5372996083468237 0.8433914458128858
    outer loop
      vertex 10.2 -14.283029454561193 5.07605994463876
      vertex 15.2 -14.375 5.017468245269452
      vertex 15.2 -14.283029454561193 5.07605994463876
    endloop
  endfacet
  facet normal 5.362953510462822e-20 0.9990482215818574 0.04361938736534655
    outer loop
      vertex 10.2 -16.24524337261468 5.991055321565427
      vertex 10.2 -16.25 6.1
      vertex 15.2 -16.25 6.1
    endloop
  endfacet
  facet normal -5.2247734667158336e-20 0.9914448613738123 0.13052619222003772
    outer loop
      vertex 10.2 -16.23100969126526 5.882939777916336
      vertex 10.2 -16.24524337261468 5.991055321565427
      vertex 15.2 -16.24524337261468 5.991055321565427
    endloop
  endfacet
  facet normal 2.896704585437913e-19 0.9762960071199338 0.21643961393810132
    outer loop
      vertex 10.2 -16.207407282861336 5.776476193621849
      vertex 10.2 -16.23100969126526 5.882939777916336
      vertex 15.2 -16.23100969126526 5.882939777916336
    endloop
  endfacet
  facet normal 1.0792652911106958e-19 0.9537169507482246 0.3007057995042808
    outer loop
      vertex 10.2 -16.174615775982385 5.672474820842914
      vertex 10.2 -16.207407282861336 5.776476193621849
      vertex 15.2 -16.207407282861336 5.776476193621849
    endloop
  endfacet
  facet normal 0 0.73727733681013 0.6755902076156539
    outer loop
      vertex 15.2 -15.957555553898722 5.296515487891826
      vertex 10.2 -15.883883476483184 5.216116523516815
      vertex 10.2 -15.957555553898722 5.296515487891826
    endloop
  endfacet
  facet normal 0 0.6755902076156582 0.7372773368101259
    outer loop
      vertex 15.2 -15.883883476483184 5.216116523516815
      vertex 10.2 -15.803484512108174 5.142444446101277
      vertex 10.2 -15.883883476483184 5.216116523516815
    endloop
  endfacet
  facet normal -5.3090909409448e-19 0.923879532511287 0.3826834323650894
    outer loop
      vertex 10.2 -16.132884733795812 5.571727172824126
      vertex 10.2 -16.174615775982385 5.672474820842914
      vertex 15.2 -16.174615775982385 5.672474820842914
    endloop
  endfacet
  facet normal 0 0.8870108331782276 0.4617486132350228
    outer loop
      vertex 10.2 -16.132884733795812 5.571727172824126
      vertex 15.2 -16.132884733795812 5.571727172824126
      vertex 10.2 -16.08253175473055 5.475
    endloop
  endfacet
  facet normal 0 0.8433914458128845 0.5372996083468258
    outer loop
      vertex 15.2 -16.08253175473055 5.475
      vertex 10.2 -16.02394005536124 5.383029454561192
      vertex 10.2 -16.08253175473055 5.475
    endloop
  endfacet
  facet normal 0 0.793353340291226 0.6087614290087328
    outer loop
      vertex 15.2 -16.02394005536124 5.383029454561192
      vertex 10.2 -15.957555553898722 5.296515487891826
      vertex 10.2 -16.02394005536124 5.383029454561192
    endloop
  endfacet
  facet normal 0 -0.5372996083468237 0.8433914458128858
    outer loop
      vertex 10.2 -14.375 5.017468245269452
      vertex 15.2 -14.375 5.017468245269452
      vertex 10.2 -14.283029454561193 5.07605994463876
    endloop
  endfacet
  facet normal 0 -0.4617486132350355 0.8870108331782207
    outer loop
      vertex 10.2 -14.471727172824126 4.967115266204187
      vertex 15.2 -14.471727172824126 4.967115266204187
      vertex 10.2 -14.375 5.017468245269452
    endloop
  endfacet
  facet normal 0 -0.3826834323650923 0.9238795325112857
    outer loop
      vertex 10.2 -14.572474820842913 4.925384224017614
      vertex 15.2 -14.572474820842913 4.925384224017614
      vertex 10.2 -14.471727172824126 4.967115266204187
    endloop
  endfacet
  facet normal 0 -0.3007057995042734 0.9537169507482269
    outer loop
      vertex 10.2 -14.676476193621848 4.8925927171386645
      vertex 15.2 -14.676476193621848 4.8925927171386645
      vertex 10.2 -14.572474820842913 4.925384224017614
    endloop
  endfacet
  facet normal 0 0.6087614290087185 0.7933533402912366
    outer loop
      vertex 15.2 -15.803484512108174 5.142444446101277
      vertex 10.2 -15.716970545438807 5.07605994463876
      vertex 10.2 -15.803484512108174 5.142444446101277
    endloop
  endfacet
  facet normal 0 0.5372996083468237 0.8433914458128858
    outer loop
      vertex 15.2 -15.716970545438807 5.07605994463876
      vertex 10.2 -15.625 5.017468245269452
      vertex 10.2 -15.716970545438807 5.07605994463876
    endloop
  endfacet
  facet normal 0 0.3826834323650923 0.9238795325112857
    outer loop
      vertex 15.2 -15.528272827175874 4.967115266204187
      vertex 10.2 -15.427525179157087 4.925384224017614
      vertex 10.2 -15.528272827175874 4.967115266204187
    endloop
  endfacet
  facet normal 0 0.21643961393810734 0.9762960071199324
    outer loop
      vertex 15.2 -15.323523806378152 4.8925927171386645
      vertex 10.2 -15.217060222083663 4.868990308734739
      vertex 10.2 -15.323523806378152 4.8925927171386645
    endloop
  endfacet
  facet normal 0 0.3007057995042734 0.9537169507482269
    outer loop
      vertex 15.2 -15.427525179157087 4.925384224017614
      vertex 10.2 -15.323523806378152 4.8925927171386645
      vertex 10.2 -15.427525179157087 4.925384224017614
    endloop
  endfacet
  facet normal 0 0.4617486132350355 0.8870108331782207
    outer loop
      vertex 15.2 -15.625 5.017468245269452
      vertex 10.2 -15.528272827175874 4.967115266204187
      vertex 10.2 -15.625 5.017468245269452
    endloop
  endfacet
  facet normal 0 -0.21643961393810734 0.9762960071199324
    outer loop
      vertex 10.2 -14.782939777916337 4.868990308734739
      vertex 15.2 -14.782939777916337 4.868990308734739
      vertex 10.2 -14.676476193621848 4.8925927171386645
    endloop
  endfacet
  facet normal 0 -0.13052619222004677 0.991444861373811
    outer loop
      vertex 10.2 -14.891055321565426 4.854756627385318
      vertex 15.2 -14.891055321565426 4.854756627385318
      vertex 10.2 -14.782939777916337 4.868990308734739
    endloop
  endfacet
  facet normal 0 0.043619387365338054 0.9990482215818576
    outer loop
      vertex 15.2 -15.108944678434574 4.854756627385318
      vertex 10.2 -15 4.85
      vertex 10.2 -15.108944678434574 4.854756627385318
    endloop
  endfacet
  facet normal 0 -0.043619387365338054 0.9990482215818576
    outer loop
      vertex 10.2 -15 4.85
      vertex 15.2 -15 4.85
      vertex 10.2 -14.891055321565426 4.854756627385318
    endloop
  endfacet
  facet normal 0 0.13052619222004677 0.991444861373811
    outer loop
      vertex 15.2 -15.217060222083663 4.868990308734739
      vertex 10.2 -15.108944678434574 4.854756627385318
      vertex 10.2 -15.217060222083663 4.868990308734739
    endloop
  endfacet
  facet normal 0 0.9990482215818574 -0.04361938736534655
    outer loop
      vertex 10.2 -16.25 6.1
      vertex 15.2 -16.24524337261468 6.208944678434572
      vertex 15.2 -16.25 6.1
    endloop
  endfacet
  facet normal 0 0.9990482215818574 0.04361938736534655
    outer loop
      vertex 10.2 -16.24524337261468 5.991055321565427
      vertex 15.2 -16.25 6.1
      vertex 15.2 -16.24524337261468 5.991055321565427
    endloop
  endfacet
  facet normal 0 0.9914448613738123 0.13052619222003772
    outer loop
      vertex 10.2 -16.23100969126526 5.882939777916336
      vertex 15.2 -16.24524337261468 5.991055321565427
      vertex 15.2 -16.23100969126526 5.882939777916336
    endloop
  endfacet
  facet normal 0 0.9762960071199338 0.21643961393810132
    outer loop
      vertex 10.2 -16.207407282861336 5.776476193621849
      vertex 15.2 -16.23100969126526 5.882939777916336
      vertex 15.2 -16.207407282861336 5.776476193621849
    endloop
  endfacet
  facet normal 0 0.9537169507482246 0.3007057995042808
    outer loop
      vertex 10.2 -16.174615775982385 5.672474820842914
      vertex 15.2 -16.207407282861336 5.776476193621849
      vertex 15.2 -16.174615775982385 5.672474820842914
    endloop
  endfacet
  facet normal -6.188402267395456e-19 0.73727733681013 0.6755902076156539
    outer loop
      vertex 15.2 -15.957555553898722 5.296515487891826
      vertex 15.2 -15.883883476483184 5.216116523516815
      vertex 10.2 -15.883883476483184 5.216116523516815
    endloop
  endfacet
  facet normal 0 0.6755902076156582 0.7372773368101259
    outer loop
      vertex 15.2 -15.803484512108174 5.142444446101277
      vertex 10.2 -15.803484512108174 5.142444446101277
      vertex 15.2 -15.883883476483184 5.216116523516815
    endloop
  endfacet
  facet normal -5.3090909409448e-19 0.923879532511287 0.3826834323650894
    outer loop
      vertex 15.2 -16.174615775982385 5.672474820842914
      vertex 15.2 -16.132884733795812 5.571727172824126
      vertex 10.2 -16.132884733795812 5.571727172824126
    endloop
  endfacet
  facet normal -7.226163573506724e-19 0.8870108331782276 0.4617486132350228
    outer loop
      vertex 15.2 -16.132884733795812 5.571727172824126
      vertex 15.2 -16.08253175473055 5.475
      vertex 10.2 -16.08253175473055 5.475
    endloop
  endfacet
  facet normal -5.43376122608786e-19 0.8433914458128845 0.5372996083468258
    outer loop
      vertex 15.2 -16.08253175473055 5.475
      vertex 15.2 -16.02394005536124 5.383029454561192
      vertex 10.2 -16.02394005536124 5.383029454561192
    endloop
  endfacet
  facet normal 3.2204684006093435e-19 0.793353340291226 0.6087614290087328
    outer loop
      vertex 15.2 -16.02394005536124 5.383029454561192
      vertex 15.2 -15.957555553898722 5.296515487891826
      vertex 10.2 -15.957555553898722 5.296515487891826
    endloop
  endfacet
  facet normal 0 -0.4617486132350355 0.8870108331782207
    outer loop
      vertex 10.2 -14.375 5.017468245269452
      vertex 15.2 -14.471727172824126 4.967115266204187
      vertex 15.2 -14.375 5.017468245269452
    endloop
  endfacet
  facet normal 0 -0.3826834323650923 0.9238795325112857
    outer loop
      vertex 10.2 -14.471727172824126 4.967115266204187
      vertex 15.2 -14.572474820842913 4.925384224017614
      vertex 15.2 -14.471727172824126 4.967115266204187
    endloop
  endfacet
  facet normal 0 -0.3007057995042734 0.9537169507482269
    outer loop
      vertex 10.2 -14.572474820842913 4.925384224017614
      vertex 15.2 -14.676476193621848 4.8925927171386645
      vertex 15.2 -14.572474820842913 4.925384224017614
    endloop
  endfacet
  facet normal 0 -0.21643961393810734 0.9762960071199324
    outer loop
      vertex 10.2 -14.676476193621848 4.8925927171386645
      vertex 15.2 -14.782939777916337 4.868990308734739
      vertex 15.2 -14.676476193621848 4.8925927171386645
    endloop
  endfacet
  facet normal 0 0.6087614290087185 0.7933533402912366
    outer loop
      vertex 15.2 -15.716970545438807 5.07605994463876
      vertex 10.2 -15.716970545438807 5.07605994463876
      vertex 15.2 -15.803484512108174 5.142444446101277
    endloop
  endfacet
  facet normal 0 0.5372996083468237 0.8433914458128858
    outer loop
      vertex 15.2 -15.625 5.017468245269452
      vertex 10.2 -15.625 5.017468245269452
      vertex 15.2 -15.716970545438807 5.07605994463876
    endloop
  endfacet
  facet normal 0 0.3826834323650923 0.9238795325112857
    outer loop
      vertex 15.2 -15.427525179157087 4.925384224017614
      vertex 10.2 -15.427525179157087 4.925384224017614
      vertex 15.2 -15.528272827175874 4.967115266204187
    endloop
  endfacet
  facet normal 0 0.3007057995042734 0.9537169507482269
    outer loop
      vertex 15.2 -15.323523806378152 4.8925927171386645
      vertex 10.2 -15.323523806378152 4.8925927171386645
      vertex 15.2 -15.427525179157087 4.925384224017614
    endloop
  endfacet
  facet normal 0 0.4617486132350355 0.8870108331782207
    outer loop
      vertex 15.2 -15.528272827175874 4.967115266204187
      vertex 10.2 -15.528272827175874 4.967115266204187
      vertex 15.2 -15.625 5.017468245269452
    endloop
  endfacet
  facet normal 0 -0.13052619222004677 0.991444861373811
    outer loop
      vertex 10.2 -14.782939777916337 4.868990308734739
      vertex 15.2 -14.891055321565426 4.854756627385318
      vertex 15.2 -14.782939777916337 4.868990308734739
    endloop
  endfacet
  facet normal 0 -0.043619387365338054 0.9990482215818576
    outer loop
      vertex 10.2 -14.891055321565426 4.854756627385318
      vertex 15.2 -15 4.85
      vertex 15.2 -14.891055321565426 4.854756627385318
    endloop
  endfacet
  facet normal 0 0.13052619222004677 0.991444861373811
    outer loop
      vertex 15.2 -15.108944678434574 4.854756627385318
      vertex 10.2 -15.108944678434574 4.854756627385318
      vertex 15.2 -15.217060222083663 4.868990308734739
    endloop
  endfacet
  facet normal 0 0.043619387365338054 0.9990482215818576
    outer loop
      vertex 10.2 -15 4.85
      vertex 15.2 -15.108944678434574 4.854756627385318
      vertex 15.2 -15 4.85
    endloop
  endfacet
  facet normal 0 0.21643961393810734 0.9762960071199324
    outer loop
      vertex 15.2 -15.217060222083663 4.868990308734739
      vertex 10.2 -15.217060222083663 4.868990308734739
      vertex 15.2 -15.323523806378152 4.8925927171386645
    endloop
  endfacet
  facet normal 0 -0.5372996083468237 -0.8433914458128858
    outer loop
      vertex 44.2 -14.283029454561193 7.123940055361239
      vertex 49.2 -14.283029454561193 7.123940055361239
      vertex 44.2 -14.375 7.182531754730547
    endloop
  endfacet
  facet normal 0 -0.6087614290087185 -0.7933533402912366
    outer loop
      vertex 44.2 -14.196515487891826 7.057555553898722
      vertex 49.2 -14.196515487891826 7.057555553898722
      vertex 44.2 -14.283029454561193 7.123940055361239
    endloop
  endfacet
  facet normal 0 -0.6755902076156582 -0.7372773368101259
    outer loop
      vertex 44.2 -14.116116523516816 6.983883476483184
      vertex 49.2 -14.116116523516816 6.983883476483184
      vertex 44.2 -14.196515487891826 7.057555553898722
    endloop
  endfacet
  facet normal -6.188402267395456e-19 -0.73727733681013 -0.6755902076156539
    outer loop
      vertex 44.2 -14.116116523516816 6.983883476483184
      vertex 44.2 -14.042444446101278 6.903484512108173
      vertex 49.2 -14.042444446101278 6.903484512108173
    endloop
  endfacet
  facet normal 3.2204684006093435e-19 -0.793353340291226 -0.6087614290087328
    outer loop
      vertex 44.2 -14.042444446101278 6.903484512108173
      vertex 44.2 -13.97605994463876 6.816970545438807
      vertex 49.2 -13.97605994463876 6.816970545438807
    endloop
  endfacet
  facet normal 7.134622398064605e-19 -0.8870108331782207 -0.4617486132350355
    outer loop
      vertex 44.2 -13.917468245269452 6.725
      vertex 44.2 -13.867115266204188 6.6282728271758735
      vertex 49.2 -13.867115266204188 6.6282728271758735
    endloop
  endfacet
  facet normal 2.242856271425363e-20 -0.8433914458128918 -0.5372996083468142
    outer loop
      vertex 44.2 -13.97605994463876 6.816970545438807
      vertex 44.2 -13.917468245269452 6.725
      vertex 49.2 -13.917468245269452 6.725
    endloop
  endfacet
  facet normal -5.3090909409448e-19 -0.923879532511287 -0.3826834323650894
    outer loop
      vertex 44.2 -13.867115266204188 6.6282728271758735
      vertex 44.2 -13.825384224017615 6.527525179157085
      vertex 49.2 -13.825384224017615 6.527525179157085
    endloop
  endfacet
  facet normal 1.0792652911106958e-19 -0.9537169507482246 -0.3007057995042808
    outer loop
      vertex 44.2 -13.825384224017615 6.527525179157085
      vertex 44.2 -13.792592717138664 6.42352380637815
      vertex 49.2 -13.792592717138664 6.42352380637815
    endloop
  endfacet
  facet normal 2.1041127524430505e-20 -0.9762960071199341 -0.2164396139380996
    outer loop
      vertex 44.2 -13.792592717138664 6.42352380637815
      vertex 44.2 -13.76899030873474 6.317060222083662
      vertex 49.2 -13.76899030873474 6.317060222083662
    endloop
  endfacet
  facet normal 1.937767468454221e-19 -0.99144486137381 -0.13052619222005477
    outer loop
      vertex 44.2 -13.76899030873474 6.317060222083662
      vertex 44.2 -13.754756627385317 6.208944678434572
      vertex 49.2 -13.754756627385317 6.208944678434572
    endloop
  endfacet
  facet normal 0 -0.6087614290087185 -0.7933533402912366
    outer loop
      vertex 44.2 -14.283029454561193 7.123940055361239
      vertex 49.2 -14.196515487891826 7.057555553898722
      vertex 49.2 -14.283029454561193 7.123940055361239
    endloop
  endfacet
  facet normal 0 -0.6755902076156582 -0.7372773368101259
    outer loop
      vertex 44.2 -14.196515487891826 7.057555553898722
      vertex 49.2 -14.116116523516816 6.983883476483184
      vertex 49.2 -14.196515487891826 7.057555553898722
    endloop
  endfacet
  facet normal 0 -0.73727733681013 -0.6755902076156539
    outer loop
      vertex 44.2 -14.116116523516816 6.983883476483184
      vertex 49.2 -14.042444446101278 6.903484512108173
      vertex 49.2 -14.116116523516816 6.983883476483184
    endloop
  endfacet
  facet normal 0 -0.793353340291226 -0.6087614290087328
    outer loop
      vertex 44.2 -14.042444446101278 6.903484512108173
      vertex 49.2 -13.97605994463876 6.816970545438807
      vertex 49.2 -14.042444446101278 6.903484512108173
    endloop
  endfacet
  facet normal 0 -0.8433914458128918 -0.5372996083468142
    outer loop
      vertex 44.2 -13.97605994463876 6.816970545438807
      vertex 49.2 -13.917468245269452 6.725
      vertex 49.2 -13.97605994463876 6.816970545438807
    endloop
  endfacet
  facet normal 0 -0.8870108331782207 -0.4617486132350355
    outer loop
      vertex 44.2 -13.917468245269452 6.725
      vertex 49.2 -13.867115266204188 6.6282728271758735
      vertex 49.2 -13.917468245269452 6.725
    endloop
  endfacet
  facet normal 0 -0.923879532511287 -0.3826834323650894
    outer loop
      vertex 44.2 -13.867115266204188 6.6282728271758735
      vertex 49.2 -13.825384224017615 6.527525179157085
      vertex 49.2 -13.867115266204188 6.6282728271758735
    endloop
  endfacet
  facet normal 0 -0.9537169507482246 -0.3007057995042808
    outer loop
      vertex 44.2 -13.825384224017615 6.527525179157085
      vertex 49.2 -13.792592717138664 6.42352380637815
      vertex 49.2 -13.825384224017615 6.527525179157085
    endloop
  endfacet
  facet normal 0 -0.9762960071199341 -0.2164396139380996
    outer loop
      vertex 44.2 -13.792592717138664 6.42352380637815
      vertex 49.2 -13.76899030873474 6.317060222083662
      vertex 49.2 -13.792592717138664 6.42352380637815
    endloop
  endfacet
  facet normal 0 -0.99144486137381 -0.13052619222005477
    outer loop
      vertex 44.2 -13.76899030873474 6.317060222083662
      vertex 49.2 -13.754756627385317 6.208944678434572
      vertex 49.2 -13.76899030873474 6.317060222083662
    endloop
  endfacet
  facet normal 0 -0.999048221581858 -0.04361938736533028
    outer loop
      vertex 44.2 -13.754756627385317 6.208944678434572
      vertex 49.2 -13.75 6.1
      vertex 49.2 -13.754756627385317 6.208944678434572
    endloop
  endfacet
  facet normal 0 -0.21643961393810734 -0.9762960071199324
    outer loop
      vertex 44.2 -14.676476193621848 7.307407282861335
      vertex 49.2 -14.676476193621848 7.307407282861335
      vertex 44.2 -14.782939777916337 7.33100969126526
    endloop
  endfacet
  facet normal 0 -0.13052619222004677 -0.991444861373811
    outer loop
      vertex 44.2 -14.782939777916337 7.33100969126526
      vertex 49.2 -14.782939777916337 7.33100969126526
      vertex 44.2 -14.891055321565426 7.345243372614681
    endloop
  endfacet
  facet normal 0 -0.043619387365338054 -0.9990482215818576
    outer loop
      vertex 44.2 -14.891055321565426 7.345243372614681
      vertex 49.2 -14.891055321565426 7.345243372614681
      vertex 44.2 -15 7.35
    endloop
  endfacet
  facet normal 0 0.043619387365338054 -0.9990482215818576
    outer loop
      vertex 44.2 -15 7.35
      vertex 49.2 -15 7.35
      vertex 44.2 -15.108944678434574 7.345243372614681
    endloop
  endfacet
  facet normal 0 0.13052619222004677 -0.991444861373811
    outer loop
      vertex 44.2 -15.108944678434574 7.345243372614681
      vertex 49.2 -15.108944678434574 7.345243372614681
      vertex 44.2 -15.217060222083663 7.33100969126526
    endloop
  endfacet
  facet normal 0 -0.3826834323650923 -0.9238795325112857
    outer loop
      vertex 44.2 -14.471727172824126 7.232884733795812
      vertex 49.2 -14.471727172824126 7.232884733795812
      vertex 44.2 -14.572474820842913 7.274615775982385
    endloop
  endfacet
  facet normal 0 -0.3007057995042734 -0.9537169507482269
    outer loop
      vertex 44.2 -14.572474820842913 7.274615775982385
      vertex 49.2 -14.572474820842913 7.274615775982385
      vertex 44.2 -14.676476193621848 7.307407282861335
    endloop
  endfacet
  facet normal 0 -0.4617486132350355 -0.8870108331782207
    outer loop
      vertex 44.2 -14.375 7.182531754730547
      vertex 49.2 -14.375 7.182531754730547
      vertex 44.2 -14.471727172824126 7.232884733795812
    endloop
  endfacet
  facet normal 0 0.21643961393810734 -0.9762960071199324
    outer loop
      vertex 44.2 -15.217060222083663 7.33100969126526
      vertex 49.2 -15.217060222083663 7.33100969126526
      vertex 44.2 -15.323523806378152 7.307407282861335
    endloop
  endfacet
  facet normal 0 0.3007057995042734 -0.9537169507482269
    outer loop
      vertex 44.2 -15.323523806378152 7.307407282861335
      vertex 49.2 -15.323523806378152 7.307407282861335
      vertex 44.2 -15.427525179157087 7.274615775982385
    endloop
  endfacet
  facet normal 0 0.3826834323650923 -0.9238795325112857
    outer loop
      vertex 44.2 -15.427525179157087 7.274615775982385
      vertex 49.2 -15.427525179157087 7.274615775982385
      vertex 44.2 -15.528272827175874 7.232884733795812
    endloop
  endfacet
  facet normal 0 0.4617486132350355 -0.8870108331782207
    outer loop
      vertex 44.2 -15.528272827175874 7.232884733795812
      vertex 49.2 -15.528272827175874 7.232884733795812
      vertex 44.2 -15.625 7.182531754730547
    endloop
  endfacet
  facet normal 0 0.5372996083468237 -0.8433914458128858
    outer loop
      vertex 44.2 -15.625 7.182531754730547
      vertex 49.2 -15.625 7.182531754730547
      vertex 44.2 -15.716970545438807 7.123940055361239
    endloop
  endfacet
  facet normal 0 0.6087614290087185 -0.7933533402912366
    outer loop
      vertex 44.2 -15.716970545438807 7.123940055361239
      vertex 49.2 -15.716970545438807 7.123940055361239
      vertex 44.2 -15.803484512108174 7.057555553898722
    endloop
  endfacet
  facet normal 0 0.6755902076156582 -0.7372773368101259
    outer loop
      vertex 44.2 -15.803484512108174 7.057555553898722
      vertex 49.2 -15.803484512108174 7.057555553898722
      vertex 44.2 -15.883883476483184 6.983883476483184
    endloop
  endfacet
  facet normal 0 0.73727733681013 -0.6755902076156539
    outer loop
      vertex 44.2 -15.883883476483184 6.983883476483184
      vertex 49.2 -15.883883476483184 6.983883476483184
      vertex 44.2 -15.957555553898722 6.903484512108173
    endloop
  endfacet
  facet normal -3.2204684006093435e-19 0.793353340291226 -0.6087614290087328
    outer loop
      vertex 44.2 -16.02394005536124 6.816970545438807
      vertex 44.2 -15.957555553898722 6.903484512108173
      vertex 49.2 -15.957555553898722 6.903484512108173
    endloop
  endfacet
  facet normal 5.43376122608786e-19 0.8433914458128845 -0.5372996083468258
    outer loop
      vertex 44.2 -16.08253175473055 6.725
      vertex 44.2 -16.02394005536124 6.816970545438807
      vertex 49.2 -16.02394005536124 6.816970545438807
    endloop
  endfacet
  facet normal 7.226163573506724e-19 0.8870108331782276 -0.4617486132350228
    outer loop
      vertex 44.2 -16.132884733795812 6.6282728271758735
      vertex 44.2 -16.08253175473055 6.725
      vertex 49.2 -16.08253175473055 6.725
    endloop
  endfacet
  facet normal 5.3090909409448e-19 0.923879532511287 -0.3826834323650894
    outer loop
      vertex 44.2 -16.174615775982385 6.527525179157085
      vertex 44.2 -16.132884733795812 6.6282728271758735
      vertex 49.2 -16.132884733795812 6.6282728271758735
    endloop
  endfacet
  facet normal -1.0792652911106958e-19 0.9537169507482246 -0.3007057995042808
    outer loop
      vertex 44.2 -16.207407282861336 6.42352380637815
      vertex 44.2 -16.174615775982385 6.527525179157085
      vertex 49.2 -16.174615775982385 6.527525179157085
    endloop
  endfacet
  facet normal -2.1041127524430505e-20 0.9762960071199341 -0.2164396139380996
    outer loop
      vertex 44.2 -16.23100969126526 6.317060222083662
      vertex 44.2 -16.207407282861336 6.42352380637815
      vertex 49.2 -16.207407282861336 6.42352380637815
    endloop
  endfacet
  facet normal -6.75217725284122e-20 0.991444861373812 -0.13052619222003875
    outer loop
      vertex 44.2 -16.24524337261468 6.208944678434572
      vertex 44.2 -16.23100969126526 6.317060222083662
      vertex 49.2 -16.23100969126526 6.317060222083662
    endloop
  endfacet
  facet normal -5.362953510462822e-20 0.9990482215818574 -0.04361938736534655
    outer loop
      vertex 44.2 -16.25 6.1
      vertex 44.2 -16.24524337261468 6.208944678434572
      vertex 49.2 -16.24524337261468 6.208944678434572
    endloop
  endfacet
  facet normal 0 -0.3007057995042734 -0.9537169507482269
    outer loop
      vertex 44.2 -14.676476193621848 7.307407282861335
      vertex 49.2 -14.572474820842913 7.274615775982385
      vertex 49.2 -14.676476193621848 7.307407282861335
    endloop
  endfacet
  facet normal 0 -0.21643961393810734 -0.9762960071199324
    outer loop
      vertex 44.2 -14.782939777916337 7.33100969126526
      vertex 49.2 -14.676476193621848 7.307407282861335
      vertex 49.2 -14.782939777916337 7.33100969126526
    endloop
  endfacet
  facet normal 0 -0.13052619222004677 -0.991444861373811
    outer loop
      vertex 44.2 -14.891055321565426 7.345243372614681
      vertex 49.2 -14.782939777916337 7.33100969126526
      vertex 49.2 -14.891055321565426 7.345243372614681
    endloop
  endfacet
  facet normal 0 -0.043619387365338054 -0.9990482215818576
    outer loop
      vertex 44.2 -15 7.35
      vertex 49.2 -14.891055321565426 7.345243372614681
      vertex 49.2 -15 7.35
    endloop
  endfacet
  facet normal 0 0.043619387365338054 -0.9990482215818576
    outer loop
      vertex 44.2 -15.108944678434574 7.345243372614681
      vertex 49.2 -15 7.35
      vertex 49.2 -15.108944678434574 7.345243372614681
    endloop
  endfacet
  facet normal 0 -0.3826834323650923 -0.9238795325112857
    outer loop
      vertex 44.2 -14.572474820842913 7.274615775982385
      vertex 49.2 -14.471727172824126 7.232884733795812
      vertex 49.2 -14.572474820842913 7.274615775982385
    endloop
  endfacet
  facet normal 0 -0.4617486132350355 -0.8870108331782207
    outer loop
      vertex 44.2 -14.471727172824126 7.232884733795812
      vertex 49.2 -14.375 7.182531754730547
      vertex 49.2 -14.471727172824126 7.232884733795812
    endloop
  endfacet
  facet normal 0 -0.5372996083468237 -0.8433914458128858
    outer loop
      vertex 44.2 -14.375 7.182531754730547
      vertex 49.2 -14.283029454561193 7.123940055361239
      vertex 49.2 -14.375 7.182531754730547
    endloop
  endfacet
  facet normal 0 0.13052619222004677 -0.991444861373811
    outer loop
      vertex 44.2 -15.217060222083663 7.33100969126526
      vertex 49.2 -15.108944678434574 7.345243372614681
      vertex 49.2 -15.217060222083663 7.33100969126526
    endloop
  endfacet
  facet normal 0 0.21643961393810734 -0.9762960071199324
    outer loop
      vertex 44.2 -15.323523806378152 7.307407282861335
      vertex 49.2 -15.217060222083663 7.33100969126526
      vertex 49.2 -15.323523806378152 7.307407282861335
    endloop
  endfacet
  facet normal 0 0.3007057995042734 -0.9537169507482269
    outer loop
      vertex 44.2 -15.427525179157087 7.274615775982385
      vertex 49.2 -15.323523806378152 7.307407282861335
      vertex 49.2 -15.427525179157087 7.274615775982385
    endloop
  endfacet
  facet normal 0 0.3826834323650923 -0.9238795325112857
    outer loop
      vertex 44.2 -15.528272827175874 7.232884733795812
      vertex 49.2 -15.427525179157087 7.274615775982385
      vertex 49.2 -15.528272827175874 7.232884733795812
    endloop
  endfacet
  facet normal 0 0.4617486132350355 -0.8870108331782207
    outer loop
      vertex 44.2 -15.625 7.182531754730547
      vertex 49.2 -15.528272827175874 7.232884733795812
      vertex 49.2 -15.625 7.182531754730547
    endloop
  endfacet
  facet normal 0 0.5372996083468237 -0.8433914458128858
    outer loop
      vertex 44.2 -15.716970545438807 7.123940055361239
      vertex 49.2 -15.625 7.182531754730547
      vertex 49.2 -15.716970545438807 7.123940055361239
    endloop
  endfacet
  facet normal 0 0.6087614290087185 -0.7933533402912366
    outer loop
      vertex 44.2 -15.803484512108174 7.057555553898722
      vertex 49.2 -15.716970545438807 7.123940055361239
      vertex 49.2 -15.803484512108174 7.057555553898722
    endloop
  endfacet
  facet normal 0 0.6755902076156582 -0.7372773368101259
    outer loop
      vertex 44.2 -15.883883476483184 6.983883476483184
      vertex 49.2 -15.803484512108174 7.057555553898722
      vertex 49.2 -15.883883476483184 6.983883476483184
    endloop
  endfacet
  facet normal 0 0.73727733681013 -0.6755902076156539
    outer loop
      vertex 44.2 -15.957555553898722 6.903484512108173
      vertex 49.2 -15.883883476483184 6.983883476483184
      vertex 49.2 -15.957555553898722 6.903484512108173
    endloop
  endfacet
  facet normal 0 0.793353340291226 -0.6087614290087328
    outer loop
      vertex 44.2 -16.02394005536124 6.816970545438807
      vertex 49.2 -15.957555553898722 6.903484512108173
      vertex 49.2 -16.02394005536124 6.816970545438807
    endloop
  endfacet
  facet normal 0 0.8433914458128845 -0.5372996083468258
    outer loop
      vertex 44.2 -16.08253175473055 6.725
      vertex 49.2 -16.02394005536124 6.816970545438807
      vertex 49.2 -16.08253175473055 6.725
    endloop
  endfacet
  facet normal 0 0.8870108331782276 -0.4617486132350228
    outer loop
      vertex 44.2 -16.132884733795812 6.6282728271758735
      vertex 49.2 -16.08253175473055 6.725
      vertex 49.2 -16.132884733795812 6.6282728271758735
    endloop
  endfacet
  facet normal 0 0.923879532511287 -0.3826834323650894
    outer loop
      vertex 44.2 -16.174615775982385 6.527525179157085
      vertex 49.2 -16.132884733795812 6.6282728271758735
      vertex 49.2 -16.174615775982385 6.527525179157085
    endloop
  endfacet
  facet normal 0 0.9537169507482246 -0.3007057995042808
    outer loop
      vertex 44.2 -16.207407282861336 6.42352380637815
      vertex 49.2 -16.174615775982385 6.527525179157085
      vertex 49.2 -16.207407282861336 6.42352380637815
    endloop
  endfacet
  facet normal 0 0.9762960071199341 -0.2164396139380996
    outer loop
      vertex 44.2 -16.23100969126526 6.317060222083662
      vertex 49.2 -16.207407282861336 6.42352380637815
      vertex 49.2 -16.23100969126526 6.317060222083662
    endloop
  endfacet
  facet normal 0 0.991444861373812 -0.13052619222003875
    outer loop
      vertex 44.2 -16.24524337261468 6.208944678434572
      vertex 49.2 -16.23100969126526 6.317060222083662
      vertex 49.2 -16.24524337261468 6.208944678434572
    endloop
  endfacet
  facet normal 4.360988929411652e-20 -0.999048221581858 -0.04361938736533028
    outer loop
      vertex 44.2 -13.754756627385317 6.208944678434572
      vertex 44.2 -13.75 6.1
      vertex 49.2 -13.75 6.1
    endloop
  endfacet
  facet normal -4.360988929411652e-20 -0.999048221581858 0.04361938736533028
    outer loop
      vertex 44.2 -13.75 6.1
      vertex 44.2 -13.754756627385317 5.991055321565427
      vertex 49.2 -13.754756627385317 5.991055321565427
    endloop
  endfacet
  facet normal -7.400723964695719e-20 -0.99144486137381 0.1305261922200537
    outer loop
      vertex 44.2 -13.754756627385317 5.991055321565427
      vertex 44.2 -13.76899030873474 5.882939777916336
      vertex 49.2 -13.76899030873474 5.882939777916336
    endloop
  endfacet
  facet normal -2.896704585437913e-19 -0.9762960071199338 0.21643961393810132
    outer loop
      vertex 44.2 -13.76899030873474 5.882939777916336
      vertex 44.2 -13.792592717138664 5.776476193621849
      vertex 49.2 -13.792592717138664 5.776476193621849
    endloop
  endfacet
  facet normal -1.0792652911106958e-19 -0.9537169507482246 0.3007057995042808
    outer loop
      vertex 44.2 -13.792592717138664 5.776476193621849
      vertex 44.2 -13.825384224017615 5.672474820842914
      vertex 49.2 -13.825384224017615 5.672474820842914
    endloop
  endfacet
  facet normal 5.3090909409448e-19 -0.923879532511287 0.3826834323650894
    outer loop
      vertex 44.2 -13.825384224017615 5.672474820842914
      vertex 44.2 -13.867115266204188 5.571727172824126
      vertex 49.2 -13.867115266204188 5.571727172824126
    endloop
  endfacet
  facet normal -7.134622398064605e-19 -0.8870108331782207 0.4617486132350355
    outer loop
      vertex 44.2 -13.867115266204188 5.571727172824126
      vertex 44.2 -13.917468245269452 5.475
      vertex 49.2 -13.917468245269452 5.475
    endloop
  endfacet
  facet normal -2.242856271425363e-20 -0.8433914458128918 0.5372996083468142
    outer loop
      vertex 44.2 -13.917468245269452 5.475
      vertex 44.2 -13.97605994463876 5.383029454561192
      vertex 49.2 -13.97605994463876 5.383029454561192
    endloop
  endfacet
  facet normal -3.2204684006093435e-19 -0.793353340291226 0.6087614290087328
    outer loop
      vertex 44.2 -13.97605994463876 5.383029454561192
      vertex 44.2 -14.042444446101278 5.296515487891826
      vertex 49.2 -14.042444446101278 5.296515487891826
    endloop
  endfacet
  facet normal 6.188402267395456e-19 -0.73727733681013 0.6755902076156539
    outer loop
      vertex 44.2 -14.042444446101278 5.296515487891826
      vertex 44.2 -14.116116523516816 5.216116523516815
      vertex 49.2 -14.116116523516816 5.216116523516815
    endloop
  endfacet
  facet normal 0 -0.6755902076156582 0.7372773368101259
    outer loop
      vertex 44.2 -14.196515487891826 5.142444446101277
      vertex 49.2 -14.196515487891826 5.142444446101277
      vertex 44.2 -14.116116523516816 5.216116523516815
    endloop
  endfacet
  facet normal 0 -0.6087614290087185 0.7933533402912366
    outer loop
      vertex 44.2 -14.283029454561193 5.07605994463876
      vertex 49.2 -14.283029454561193 5.07605994463876
      vertex 44.2 -14.196515487891826 5.142444446101277
    endloop
  endfacet
  facet normal 0 -0.999048221581858 0.04361938736533028
    outer loop
      vertex 44.2 -13.75 6.1
      vertex 49.2 -13.754756627385317 5.991055321565427
      vertex 49.2 -13.75 6.1
    endloop
  endfacet
  facet normal -7.400723964695719e-20 -0.99144486137381 0.1305261922200537
    outer loop
      vertex 49.2 -13.76899030873474 5.882939777916336
      vertex 49.2 -13.754756627385317 5.991055321565427
      vertex 44.2 -13.754756627385317 5.991055321565427
    endloop
  endfacet
  facet normal 0 -0.9762960071199338 0.21643961393810132
    outer loop
      vertex 44.2 -13.76899030873474 5.882939777916336
      vertex 49.2 -13.792592717138664 5.776476193621849
      vertex 49.2 -13.76899030873474 5.882939777916336
    endloop
  endfacet
  facet normal 0 -0.9537169507482246 0.3007057995042808
    outer loop
      vertex 44.2 -13.792592717138664 5.776476193621849
      vertex 49.2 -13.825384224017615 5.672474820842914
      vertex 49.2 -13.792592717138664 5.776476193621849
    endloop
  endfacet
  facet normal 0 -0.923879532511287 0.3826834323650894
    outer loop
      vertex 44.2 -13.825384224017615 5.672474820842914
      vertex 49.2 -13.867115266204188 5.571727172824126
      vertex 49.2 -13.825384224017615 5.672474820842914
    endloop
  endfacet
  facet normal 0 -0.8870108331782207 0.4617486132350355
    outer loop
      vertex 44.2 -13.867115266204188 5.571727172824126
      vertex 49.2 -13.917468245269452 5.475
      vertex 49.2 -13.867115266204188 5.571727172824126
    endloop
  endfacet
  facet normal 0 -0.8433914458128918 0.5372996083468142
    outer loop
      vertex 44.2 -13.917468245269452 5.475
      vertex 49.2 -13.97605994463876 5.383029454561192
      vertex 49.2 -13.917468245269452 5.475
    endloop
  endfacet
  facet normal 0 -0.793353340291226 0.6087614290087328
    outer loop
      vertex 44.2 -13.97605994463876 5.383029454561192
      vertex 49.2 -14.042444446101278 5.296515487891826
      vertex 49.2 -13.97605994463876 5.383029454561192
    endloop
  endfacet
  facet normal 0 -0.73727733681013 0.6755902076156539
    outer loop
      vertex 44.2 -14.042444446101278 5.296515487891826
      vertex 49.2 -14.116116523516816 5.216116523516815
      vertex 49.2 -14.042444446101278 5.296515487891826
    endloop
  endfacet
  facet normal 0 -0.6755902076156582 0.7372773368101259
    outer loop
      vertex 44.2 -14.116116523516816 5.216116523516815
      vertex 49.2 -14.196515487891826 5.142444446101277
      vertex 49.2 -14.116116523516816 5.216116523516815
    endloop
  endfacet
  facet normal 0 -0.6087614290087185 0.7933533402912366
    outer loop
      vertex 44.2 -14.196515487891826 5.142444446101277
      vertex 49.2 -14.283029454561193 5.07605994463876
      vertex 49.2 -14.196515487891826 5.142444446101277
    endloop
  endfacet
  facet normal 0 -0.5372996083468237 0.8433914458128858
    outer loop
      vertex 44.2 -14.283029454561193 5.07605994463876
      vertex 49.2 -14.375 5.017468245269452
      vertex 49.2 -14.283029454561193 5.07605994463876
    endloop
  endfacet
  facet normal 5.362953510462822e-20 0.9990482215818574 0.04361938736534655
    outer loop
      vertex 44.2 -16.24524337261468 5.991055321565427
      vertex 44.2 -16.25 6.1
      vertex 49.2 -16.25 6.1
    endloop
  endfacet
  facet normal -5.2247734667158336e-20 0.9914448613738123 0.13052619222003772
    outer loop
      vertex 44.2 -16.23100969126526 5.882939777916336
      vertex 44.2 -16.24524337261468 5.991055321565427
      vertex 49.2 -16.24524337261468 5.991055321565427
    endloop
  endfacet
  facet normal 2.896704585437913e-19 0.9762960071199338 0.21643961393810132
    outer loop
      vertex 44.2 -16.207407282861336 5.776476193621849
      vertex 44.2 -16.23100969126526 5.882939777916336
      vertex 49.2 -16.23100969126526 5.882939777916336
    endloop
  endfacet
  facet normal 1.0792652911106958e-19 0.9537169507482246 0.3007057995042808
    outer loop
      vertex 44.2 -16.174615775982385 5.672474820842914
      vertex 44.2 -16.207407282861336 5.776476193621849
      vertex 49.2 -16.207407282861336 5.776476193621849
    endloop
  endfacet
  facet normal 0 0.73727733681013 0.6755902076156539
    outer loop
      vertex 49.2 -15.957555553898722 5.296515487891826
      vertex 44.2 -15.883883476483184 5.216116523516815
      vertex 44.2 -15.957555553898722 5.296515487891826
    endloop
  endfacet
  facet normal 0 0.6755902076156582 0.7372773368101259
    outer loop
      vertex 49.2 -15.883883476483184 5.216116523516815
      vertex 44.2 -15.803484512108174 5.142444446101277
      vertex 44.2 -15.883883476483184 5.216116523516815
    endloop
  endfacet
  facet normal -5.3090909409448e-19 0.923879532511287 0.3826834323650894
    outer loop
      vertex 44.2 -16.132884733795812 5.571727172824126
      vertex 44.2 -16.174615775982385 5.672474820842914
      vertex 49.2 -16.174615775982385 5.672474820842914
    endloop
  endfacet
  facet normal 0 0.8870108331782276 0.4617486132350228
    outer loop
      vertex 44.2 -16.132884733795812 5.571727172824126
      vertex 49.2 -16.132884733795812 5.571727172824126
      vertex 44.2 -16.08253175473055 5.475
    endloop
  endfacet
  facet normal 0 0.8433914458128845 0.5372996083468258
    outer loop
      vertex 49.2 -16.08253175473055 5.475
      vertex 44.2 -16.02394005536124 5.383029454561192
      vertex 44.2 -16.08253175473055 5.475
    endloop
  endfacet
  facet normal 0 0.793353340291226 0.6087614290087328
    outer loop
      vertex 49.2 -16.02394005536124 5.383029454561192
      vertex 44.2 -15.957555553898722 5.296515487891826
      vertex 44.2 -16.02394005536124 5.383029454561192
    endloop
  endfacet
  facet normal 0 -0.5372996083468237 0.8433914458128858
    outer loop
      vertex 44.2 -14.375 5.017468245269452
      vertex 49.2 -14.375 5.017468245269452
      vertex 44.2 -14.283029454561193 5.07605994463876
    endloop
  endfacet
  facet normal 0 -0.4617486132350355 0.8870108331782207
    outer loop
      vertex 44.2 -14.471727172824126 4.967115266204187
      vertex 49.2 -14.471727172824126 4.967115266204187
      vertex 44.2 -14.375 5.017468245269452
    endloop
  endfacet
  facet normal 0 -0.3826834323650923 0.9238795325112857
    outer loop
      vertex 44.2 -14.572474820842913 4.925384224017614
      vertex 49.2 -14.572474820842913 4.925384224017614
      vertex 44.2 -14.471727172824126 4.967115266204187
    endloop
  endfacet
  facet normal 0 -0.3007057995042734 0.9537169507482269
    outer loop
      vertex 44.2 -14.676476193621848 4.8925927171386645
      vertex 49.2 -14.676476193621848 4.8925927171386645
      vertex 44.2 -14.572474820842913 4.925384224017614
    endloop
  endfacet
  facet normal 0 0.6087614290087185 0.7933533402912366
    outer loop
      vertex 49.2 -15.803484512108174 5.142444446101277
      vertex 44.2 -15.716970545438807 5.07605994463876
      vertex 44.2 -15.803484512108174 5.142444446101277
    endloop
  endfacet
  facet normal 0 0.5372996083468237 0.8433914458128858
    outer loop
      vertex 49.2 -15.716970545438807 5.07605994463876
      vertex 44.2 -15.625 5.017468245269452
      vertex 44.2 -15.716970545438807 5.07605994463876
    endloop
  endfacet
  facet normal 0 0.3826834323650923 0.9238795325112857
    outer loop
      vertex 49.2 -15.528272827175874 4.967115266204187
      vertex 44.2 -15.427525179157087 4.925384224017614
      vertex 44.2 -15.528272827175874 4.967115266204187
    endloop
  endfacet
  facet normal 0 0.21643961393810734 0.9762960071199324
    outer loop
      vertex 49.2 -15.323523806378152 4.8925927171386645
      vertex 44.2 -15.217060222083663 4.868990308734739
      vertex 44.2 -15.323523806378152 4.8925927171386645
    endloop
  endfacet
  facet normal 0 0.3007057995042734 0.9537169507482269
    outer loop
      vertex 49.2 -15.427525179157087 4.925384224017614
      vertex 44.2 -15.323523806378152 4.8925927171386645
      vertex 44.2 -15.427525179157087 4.925384224017614
    endloop
  endfacet
  facet normal 0 0.4617486132350355 0.8870108331782207
    outer loop
      vertex 49.2 -15.625 5.017468245269452
      vertex 44.2 -15.528272827175874 4.967115266204187
      vertex 44.2 -15.625 5.017468245269452
    endloop
  endfacet
  facet normal 0 -0.21643961393810734 0.9762960071199324
    outer loop
      vertex 44.2 -14.782939777916337 4.868990308734739
      vertex 49.2 -14.782939777916337 4.868990308734739
      vertex 44.2 -14.676476193621848 4.8925927171386645
    endloop
  endfacet
  facet normal 0 -0.13052619222004677 0.991444861373811
    outer loop
      vertex 44.2 -14.891055321565426 4.854756627385318
      vertex 49.2 -14.891055321565426 4.854756627385318
      vertex 44.2 -14.782939777916337 4.868990308734739
    endloop
  endfacet
  facet normal 0 0.043619387365338054 0.9990482215818576
    outer loop
      vertex 49.2 -15.108944678434574 4.854756627385318
      vertex 44.2 -15 4.85
      vertex 44.2 -15.108944678434574 4.854756627385318
    endloop
  endfacet
  facet normal 0 -0.043619387365338054 0.9990482215818576
    outer loop
      vertex 44.2 -15 4.85
      vertex 49.2 -15 4.85
      vertex 44.2 -14.891055321565426 4.854756627385318
    endloop
  endfacet
  facet normal 0 0.13052619222004677 0.991444861373811
    outer loop
      vertex 49.2 -15.217060222083663 4.868990308734739
      vertex 44.2 -15.108944678434574 4.854756627385318
      vertex 44.2 -15.217060222083663 4.868990308734739
    endloop
  endfacet
  facet normal 0 0.9990482215818574 -0.04361938736534655
    outer loop
      vertex 44.2 -16.25 6.1
      vertex 49.2 -16.24524337261468 6.208944678434572
      vertex 49.2 -16.25 6.1
    endloop
  endfacet
  facet normal 0 0.9990482215818574 0.04361938736534655
    outer loop
      vertex 44.2 -16.24524337261468 5.991055321565427
      vertex 49.2 -16.25 6.1
      vertex 49.2 -16.24524337261468 5.991055321565427
    endloop
  endfacet
  facet normal 0 0.9914448613738123 0.13052619222003772
    outer loop
      vertex 44.2 -16.23100969126526 5.882939777916336
      vertex 49.2 -16.24524337261468 5.991055321565427
      vertex 49.2 -16.23100969126526 5.882939777916336
    endloop
  endfacet
  facet normal 0 0.9762960071199338 0.21643961393810132
    outer loop
      vertex 44.2 -16.207407282861336 5.776476193621849
      vertex 49.2 -16.23100969126526 5.882939777916336
      vertex 49.2 -16.207407282861336 5.776476193621849
    endloop
  endfacet
  facet normal 0 0.9537169507482246 0.3007057995042808
    outer loop
      vertex 44.2 -16.174615775982385 5.672474820842914
      vertex 49.2 -16.207407282861336 5.776476193621849
      vertex 49.2 -16.174615775982385 5.672474820842914
    endloop
  endfacet
  facet normal -6.188402267395456e-19 0.73727733681013 0.6755902076156539
    outer loop
      vertex 49.2 -15.957555553898722 5.296515487891826
      vertex 49.2 -15.883883476483184 5.216116523516815
      vertex 44.2 -15.883883476483184 5.216116523516815
    endloop
  endfacet
  facet normal 0 0.6755902076156582 0.7372773368101259
    outer loop
      vertex 49.2 -15.803484512108174 5.142444446101277
      vertex 44.2 -15.803484512108174 5.142444446101277
      vertex 49.2 -15.883883476483184 5.216116523516815
    endloop
  endfacet
  facet normal -5.3090909409448e-19 0.923879532511287 0.3826834323650894
    outer loop
      vertex 49.2 -16.174615775982385 5.672474820842914
      vertex 49.2 -16.132884733795812 5.571727172824126
      vertex 44.2 -16.132884733795812 5.571727172824126
    endloop
  endfacet
  facet normal -7.226163573506724e-19 0.8870108331782276 0.4617486132350228
    outer loop
      vertex 49.2 -16.132884733795812 5.571727172824126
      vertex 49.2 -16.08253175473055 5.475
      vertex 44.2 -16.08253175473055 5.475
    endloop
  endfacet
  facet normal -5.43376122608786e-19 0.8433914458128845 0.5372996083468258
    outer loop
      vertex 49.2 -16.08253175473055 5.475
      vertex 49.2 -16.02394005536124 5.383029454561192
      vertex 44.2 -16.02394005536124 5.383029454561192
    endloop
  endfacet
  facet normal 3.2204684006093435e-19 0.793353340291226 0.6087614290087328
    outer loop
      vertex 49.2 -16.02394005536124 5.383029454561192
      vertex 49.2 -15.957555553898722 5.296515487891826
      vertex 44.2 -15.957555553898722 5.296515487891826
    endloop
  endfacet
  facet normal 0 -0.4617486132350355 0.8870108331782207
    outer loop
      vertex 44.2 -14.375 5.017468245269452
      vertex 49.2 -14.471727172824126 4.967115266204187
      vertex 49.2 -14.375 5.017468245269452
    endloop
  endfacet
  facet normal 0 -0.3826834323650923 0.9238795325112857
    outer loop
      vertex 44.2 -14.471727172824126 4.967115266204187
      vertex 49.2 -14.572474820842913 4.925384224017614
      vertex 49.2 -14.471727172824126 4.967115266204187
    endloop
  endfacet
  facet normal 0 -0.3007057995042734 0.9537169507482269
    outer loop
      vertex 44.2 -14.572474820842913 4.925384224017614
      vertex 49.2 -14.676476193621848 4.8925927171386645
      vertex 49.2 -14.572474820842913 4.925384224017614
    endloop
  endfacet
  facet normal 0 -0.21643961393810734 0.9762960071199324
    outer loop
      vertex 44.2 -14.676476193621848 4.8925927171386645
      vertex 49.2 -14.782939777916337 4.868990308734739
      vertex 49.2 -14.676476193621848 4.8925927171386645
    endloop
  endfacet
  facet normal 0 0.6087614290087185 0.7933533402912366
    outer loop
      vertex 49.2 -15.716970545438807 5.07605994463876
      vertex 44.2 -15.716970545438807 5.07605994463876
      vertex 49.2 -15.803484512108174 5.142444446101277
    endloop
  endfacet
  facet normal 0 0.5372996083468237 0.8433914458128858
    outer loop
      vertex 49.2 -15.625 5.017468245269452
      vertex 44.2 -15.625 5.017468245269452
      vertex 49.2 -15.716970545438807 5.07605994463876
    endloop
  endfacet
  facet normal 0 0.3826834323650923 0.9238795325112857
    outer loop
      vertex 49.2 -15.427525179157087 4.925384224017614
      vertex 44.2 -15.427525179157087 4.925384224017614
      vertex 49.2 -15.528272827175874 4.967115266204187
    endloop
  endfacet
  facet normal 0 0.3007057995042734 0.9537169507482269
    outer loop
      vertex 49.2 -15.323523806378152 4.8925927171386645
      vertex 44.2 -15.323523806378152 4.8925927171386645
      vertex 49.2 -15.427525179157087 4.925384224017614
    endloop
  endfacet
  facet normal 0 0.4617486132350355 0.8870108331782207
    outer loop
      vertex 49.2 -15.528272827175874 4.967115266204187
      vertex 44.2 -15.528272827175874 4.967115266204187
      vertex 49.2 -15.625 5.017468245269452
    endloop
  endfacet
  facet normal 0 -0.13052619222004677 0.991444861373811
    outer loop
      vertex 44.2 -14.782939777916337 4.868990308734739
      vertex 49.2 -14.891055321565426 4.854756627385318
      vertex 49.2 -14.782939777916337 4.868990308734739
    endloop
  endfacet
  facet normal 0 -0.043619387365338054 0.9990482215818576
    outer loop
      vertex 44.2 -14.891055321565426 4.854756627385318
      vertex 49.2 -15 4.85
      vertex 49.2 -14.891055321565426 4.854756627385318
    endloop
  endfacet
  facet normal 0 0.13052619222004677 0.991444861373811
    outer loop
      vertex 49.2 -15.108944678434574 4.854756627385318
      vertex 44.2 -15.108944678434574 4.854756627385318
      vertex 49.2 -15.217060222083663 4.868990308734739
    endloop
  endfacet
  facet normal 0 0.043619387365338054 0.9990482215818576
    outer loop
      vertex 44.2 -15 4.85
      vertex 49.2 -15.108944678434574 4.854756627385318
      vertex 49.2 -15 4.85
    endloop
  endfacet
  facet normal 0 0.21643961393810734 0.9762960071199324
    outer loop
      vertex 49.2 -15.217060222083663 4.868990308734739
      vertex 44.2 -15.217060222083663 4.868990308734739
      vertex 49.2 -15.323523806378152 4.8925927171386645
    endloop
  endfacet
endsolid OpenSCAD_Model
