solid OpenSCAD_Model
  facet normal 0 0 -1
    outer loop
      vertex -2.5 -3.482872261029298 2
      vertex -2.4045868888497353 -3.495433636009693 2
      vertex -2.5 -3.5 2
    endloop
  endfacet
  facet normal 0 0 -1
    outer loop
      vertex -2.5 -3.5 2
      vertex -2.4045868888497353 -3.495433636009693 2
      vertex -2.2999999970197678 -3.5 2
    endloop
  endfacet
  facet normal -1 0 0
    outer loop
      vertex -2.5 -3.482872261029298 4
      vertex -2.5 -3.482872261029298 2
      vertex -2.5 -3.5 2
    endloop
  endfacet
  facet normal 0 -1 0
    outer loop
      vertex -2.5 -3.5 7.5
      vertex -2.5 -3.5 2
      vertex -2.2999999970197678 -3.5 2
    endloop
  endfacet
  facet normal -1 0 0
    outer loop
      vertex -2.5 -3.5 7.5
      vertex -2.5 -3.482872261029298 4
      vertex -2.5 -3.5 2
    endloop
  endfacet
  facet normal 0 -1 0
    outer loop
      vertex -2.5 -3.5 7.5
      vertex -2.2999999970197678 -3.5 2
      vertex 2.2999999970197678 -3.5 2
    endloop
  endfacet
  facet normal 0 -1 0
    outer loop
      vertex -2.5 -3.5 7.5
      vertex 2.2999999970197678 -3.5 2
      vertex 2.5 -3.5 2
    endloop
  endfacet
  facet normal 0 0 -1
    outer loop
      vertex 2.2999999970197678 -3.5 2
      vertex 2.4045868888497353 -3.495433636009693 2
      vertex 2.5 -3.5 2
    endloop
  endfacet
  facet normal 0 0 -1
    outer loop
      vertex 2.4045868888497353 -3.495433636009693 2
      vertex 2.5 -3.482872261029298 2
      vertex 2.5 -3.5 2
    endloop
  endfacet
  facet normal 1 0 0
    outer loop
      vertex 2.5 -3.482872261029298 4
      vertex 2.5 -3.5 2
      vertex 2.5 -3.482872261029298 2
    endloop
  endfacet
  facet normal 1 0 0
    outer loop
      vertex 2.5 -3.5 7.5
      vertex 2.5 -3.5 2
      vertex 2.5 -3.482872261029298 4
    endloop
  endfacet
  facet normal 1 0 0
    outer loop
      vertex 2.5 3.5 4
      vertex 2.5 -3.5 7.5
      vertex 2.5 -3.482872261029298 4
    endloop
  endfacet
  facet normal -1 0 0
    outer loop
      vertex -2.5 -3.2889241727506793 8.69707050163984
      vertex -2.5 -3.482872261029298 4
      vertex -2.5 -3.5 7.5
    endloop
  endfacet
  facet normal -1 0 0
    outer loop
      vertex -2.5 -3.2889241727506793 8.69707050163984
      vertex -2.5 -0.9516231763884825 7.056250825172265
      vertex -2.5 -3.482872261029298 4
    endloop
  endfacet
  facet normal -1 0 0
    outer loop
      vertex -2.5 -3.446827135542728 8.107768621834257
      vertex -2.5 -3.5 7.5
      vertex -2.5 -3.4866814433211095 7.8050450996168035
    endloop
  endfacet
  facet normal -1 0 0
    outer loop
      vertex -2.5 -3.2889241727506793 8.69707050163984
      vertex -2.5 -3.5 7.5
      vertex -2.5 -3.446827135542728 8.107768621834257
    endloop
  endfacet
  facet normal -1 0 0
    outer loop
      vertex -2.5 -3.482872261029298 4
      vertex -2.5 -0.742462120245875 6.757537879754125
      vertex -2.5 -0.6749269901708662 6.695653334725073
    endloop
  endfacet
  facet normal -1 0 0
    outer loop
      vertex -2.5 -3.482872261029298 4
      vertex -2.5 -0.6022552581685984 6.6398903534965585
      vertex -2.5 -0.525 6.590673326026339
    endloop
  endfacet
  facet normal -1 0 0
    outer loop
      vertex -2.5 -3.482872261029298 4
      vertex -2.5 -0.6749269901708662 6.695653334725073
      vertex -2.5 -0.6022552581685984 6.6398903534965585
    endloop
  endfacet
  facet normal -1 0 0
    outer loop
      vertex -2.5 -3.482872261029298 4
      vertex -2.5 -0.9516231763884825 7.056250825172265
      vertex -2.5 -0.9093266739736605 6.975
    endloop
  endfacet
  facet normal -1 0 0
    outer loop
      vertex -2.5 -3.482872261029298 4
      vertex -2.5 -0.9093266739736605 6.975
      vertex -2.5 -0.8601096465034415 6.897744741831401
    endloop
  endfacet
  facet normal -1 0 0
    outer loop
      vertex -2.5 -3.482872261029298 4
      vertex -2.5 -0.8601096465034415 6.897744741831401
      vertex -2.5 -0.8043466652749269 6.825073009829134
    endloop
  endfacet
  facet normal -1 0 0
    outer loop
      vertex -2.5 -3.482872261029298 4
      vertex -2.5 -0.8043466652749269 6.825073009829134
      vertex -2.5 -0.742462120245875 6.757537879754125
    endloop
  endfacet
  facet normal -1 0 0
    outer loop
      vertex -2.5 -3.482872261029298 4
      vertex -2.5 -0.525 6.590673326026339
      vertex -2.5 -0.4437491748277344 6.548376823611518
    endloop
  endfacet
  facet normal -1 0 0
    outer loop
      vertex -2.5 -3.482872261029298 4
      vertex -2.5 -0.4437491748277344 6.548376823611518
      vertex -2.5 -0.35912115049195215 6.5133227481747955
    endloop
  endfacet
  facet normal -1 0 0
    outer loop
      vertex -2.5 -3.482872261029298 4
      vertex -2.5 -0.35912115049195215 6.5133227481747955
      vertex -2.5 -0.2717599973576468 6.485777882396478
    endloop
  endfacet
  facet normal -1 0 0
    outer loop
      vertex -2.5 -3.482872261029298 4
      vertex -2.5 -0.2717599973576468 6.485777882396478
      vertex -2.5 -0.18233058655027687 6.465951859337181
    endloop
  endfacet
  facet normal -1 0 0
    outer loop
      vertex -2.5 -3.482872261029298 4
      vertex -2.5 -0.18233058655027687 6.465951859337181
      vertex -2.5 -0.09151352988504108 6.453995567003667
    endloop
  endfacet
  facet normal -1 0 0
    outer loop
      vertex -2.5 -3.2889241727506793 8.69707050163984
      vertex -2.5 -0.9866772518252039 7.140878849508048
      vertex -2.5 -0.9516231763884825 7.056250825172265
    endloop
  endfacet
  facet normal -1 0 0
    outer loop
      vertex -2.5 -3.2889241727506793 8.69707050163984
      vertex -2.5 -1.0142221176035218 7.2282400026423534
      vertex -2.5 -0.9866772518252039 7.140878849508048
    endloop
  endfacet
  facet normal -1 0 0
    outer loop
      vertex -2.5 -3.2889241727506793 8.69707050163984
      vertex -2.5 -1.0340481406628184 7.317669413449723
      vertex -2.5 -1.0142221176035218 7.2282400026423534
    endloop
  endfacet
  facet normal -1 0 0
    outer loop
      vertex -2.5 -3.2889241727506793 8.69707050163984
      vertex -2.5 -1.046004432996333 7.408486470114958
      vertex -2.5 -1.0340481406628184 7.317669413449723
    endloop
  endfacet
  facet normal -1 0 0
    outer loop
      vertex -2.5 -3.2889241727506793 8.69707050163984
      vertex -2.5 -1.05 7.5
      vertex -2.5 -1.046004432996333 7.408486470114958
    endloop
  endfacet
  facet normal -1 0 0
    outer loop
      vertex -2.5 -3.2889241727506793 8.69707050163984
      vertex -2.5 -1.046004432996333 7.591513529885042
      vertex -2.5 -1.05 7.5
    endloop
  endfacet
  facet normal -1 0 0
    outer loop
      vertex -2.5 -3.2889241727506793 8.69707050163984
      vertex -2.5 -1.0340481406628184 7.682330586550277
      vertex -2.5 -1.046004432996333 7.591513529885042
    endloop
  endfacet
  facet normal -1 0 0
    outer loop
      vertex -2.5 -3.2889241727506793 8.69707050163984
      vertex -2.5 -1.0142221176035218 7.7717599973576466
      vertex -2.5 -1.0340481406628184 7.682330586550277
    endloop
  endfacet
  facet normal -1 0 0
    outer loop
      vertex -2.5 -3.2889241727506793 8.69707050163984
      vertex -2.5 -0.9866772518252039 7.859121150491952
      vertex -2.5 -1.0142221176035218 7.7717599973576466
    endloop
  endfacet
  facet normal -1 0 0
    outer loop
      vertex -2.5 -3.2889241727506793 8.69707050163984
      vertex -2.5 -0.9516231763884825 7.943749174827735
      vertex -2.5 -0.9866772518252039 7.859121150491952
    endloop
  endfacet
  facet normal -1 0 0
    outer loop
      vertex -2.5 -3.2889241727506793 8.69707050163984
      vertex -2.5 -0.9093266739736605 8.025
      vertex -2.5 -0.9516231763884825 7.943749174827735
    endloop
  endfacet
  facet normal 0 -1 0
    outer loop
      vertex -2.5 -3.5 7.5
      vertex 2.5 -3.5 2
      vertex 2.5 -3.5 7.5
    endloop
  endfacet
  facet normal 2.3866947858322593e-21 -0.9990482215818577 0.04361938736533551
    outer loop
      vertex -2.5 -3.4866814433211095 7.8050450996168035
      vertex -2.5 -3.5 7.5
      vertex 2.5 -3.5 7.5
    endloop
  endfacet
  facet normal 0 -0.9914448613738104 0.1305261922200523
    outer loop
      vertex -2.5 -3.446827135542728 8.107768621834257
      vertex -2.5 -3.4866814433211095 7.8050450996168035
      vertex 2.5 -3.446827135542728 8.107768621834257
    endloop
  endfacet
  facet normal -1.1076219901833327e-18 -0.9762960071199333 0.21643961393810285
    outer loop
      vertex -2.5 -3.380740392011739 8.405866657858823
      vertex -2.5 -3.446827135542728 8.107768621834257
      vertex 2.5 -3.446827135542728 8.107768621834257
    endloop
  endfacet
  facet normal 0 -0.9990482215818577 0.04361938736533551
    outer loop
      vertex -2.5 -3.4866814433211095 7.8050450996168035
      vertex 2.5 -3.5 7.5
      vertex 2.5 -3.4866814433211095 7.8050450996168035
    endloop
  endfacet
  facet normal 0 -0.9914448613738104 0.1305261922200523
    outer loop
      vertex -2.5 -3.4866814433211095 7.8050450996168035
      vertex 2.5 -3.4866814433211095 7.8050450996168035
      vertex 2.5 -3.446827135542728 8.107768621834257
    endloop
  endfacet
  facet normal -1 0 0
    outer loop
      vertex -2.5 -3.2889241727506793 8.69707050163984
      vertex -2.5 -3.446827135542728 8.107768621834257
      vertex -2.5 -3.380740392011739 8.405866657858823
    endloop
  endfacet
  facet normal -1 0 0
    outer loop
      vertex -2.5 -3.031088913245535 9.25
      vertex -2.5 -3.2889241727506793 8.69707050163984
      vertex -2.5 -3.1720772546282747 8.979163916092448
    endloop
  endfacet
  facet normal -1 0 0
    outer loop
      vertex -2.5 -2.8670321550114712 9.50751752722866
      vertex -2.5 -3.2889241727506793 8.69707050163984
      vertex -2.5 -3.031088913245535 9.25
    endloop
  endfacet
  facet normal -1 0 0
    outer loop
      vertex -2.5 -2.249756633902887 10.181155550916422
      vertex -2.5 -3.2889241727506793 8.69707050163984
      vertex -2.5 -2.8670321550114712 9.50751752722866
    endloop
  endfacet
  facet normal -1 0 0
    outer loop
      vertex -2.5 -2.4748737341529163 9.974873734152917
      vertex -2.5 -2.8670321550114712 9.50751752722866
      vertex -2.5 -2.681155550916423 9.749756633902887
    endloop
  endfacet
  facet normal -1 0 0
    outer loop
      vertex -2.5 -2.249756633902887 10.181155550916422
      vertex -2.5 -2.8670321550114712 9.50751752722866
      vertex -2.5 -2.4748737341529163 9.974873734152917
    endloop
  endfacet
  facet normal -1 0 0
    outer loop
      vertex -2.5 -3.2889241727506793 8.69707050163984
      vertex -2.5 -0.8601096465034415 8.102255258168597
      vertex -2.5 -0.9093266739736605 8.025
    endloop
  endfacet
  facet normal -1 0 0
    outer loop
      vertex -2.5 -3.2889241727506793 8.69707050163984
      vertex -2.5 -0.8043466652749269 8.174926990170867
      vertex -2.5 -0.8601096465034415 8.102255258168597
    endloop
  endfacet
  facet normal -1 0 0
    outer loop
      vertex -2.5 -3.2889241727506793 8.69707050163984
      vertex -2.5 -0.742462120245875 8.242462120245875
      vertex -2.5 -0.8043466652749269 8.174926990170867
    endloop
  endfacet
  facet normal -1 0 0
    outer loop
      vertex -2.5 -3.2889241727506793 8.69707050163984
      vertex -2.5 -0.6749269901708662 8.304346665274927
      vertex -2.5 -0.742462120245875 8.242462120245875
    endloop
  endfacet
  facet normal -1 0 0
    outer loop
      vertex -2.5 -3.2889241727506793 8.69707050163984
      vertex -2.5 -0.6022552581685984 8.360109646503442
      vertex -2.5 -0.6749269901708662 8.304346665274927
    endloop
  endfacet
  facet normal -1 0 0
    outer loop
      vertex -2.5 -3.2889241727506793 8.69707050163984
      vertex -2.5 -0.525 8.409326673973661
      vertex -2.5 -0.6022552581685984 8.360109646503442
    endloop
  endfacet
  facet normal -1 0 0
    outer loop
      vertex -2.5 -3.2889241727506793 8.69707050163984
      vertex -2.5 -0.4437491748277344 8.451623176388482
      vertex -2.5 -0.525 8.409326673973661
    endloop
  endfacet
  facet normal -1 0 0
    outer loop
      vertex -2.5 -3.2889241727506793 8.69707050163984
      vertex -2.5 -0.35912115049195215 8.486677251825203
      vertex -2.5 -0.4437491748277344 8.451623176388482
    endloop
  endfacet
  facet normal -1 0 0
    outer loop
      vertex -2.5 -3.2889241727506793 8.69707050163984
      vertex -2.5 -0.2717599973576468 8.514222117603522
      vertex -2.5 -0.35912115049195215 8.486677251825203
    endloop
  endfacet
  facet normal -1 0 0
    outer loop
      vertex -2.5 -0.6077686218342562 10.946827135542728
      vertex -2.5 -3.2889241727506793 8.69707050163984
      vertex -2.5 -2.249756633902887 10.181155550916422
    endloop
  endfacet
  facet normal -1 0 0
    outer loop
      vertex -2.5 -1.75 10.531088913245535
      vertex -2.5 -2.249756633902887 10.181155550916422
      vertex -2.5 -2.007517527228661 10.367032155011472
    endloop
  endfacet
  facet normal -1 0 0
    outer loop
      vertex -2.5 -1.4791639160924481 10.672077254628274
      vertex -2.5 -2.249756633902887 10.181155550916422
      vertex -2.5 -1.75 10.531088913245535
    endloop
  endfacet
  facet normal -1 0 0
    outer loop
      vertex -2.5 -0.6077686218342562 10.946827135542728
      vertex -2.5 -2.249756633902887 10.181155550916422
      vertex -2.5 -1.4791639160924481 10.672077254628274
    endloop
  endfacet
  facet normal 0 -0.9537169507482267 0.3007057995042731
    outer loop
      vertex -2.5 -3.2889241727506793 8.69707050163984
      vertex -2.5 -3.380740392011739 8.405866657858823
      vertex 2.5 -3.2889241727506793 8.69707050163984
    endloop
  endfacet
  facet normal 4.290682591197767e-19 -0.9238795325112865 0.3826834323650905
    outer loop
      vertex -2.5 -3.1720772546282747 8.979163916092448
      vertex -2.5 -3.2889241727506793 8.69707050163984
      vertex 2.5 -3.2889241727506793 8.69707050163984
    endloop
  endfacet
  facet normal 0 -0.8870108331782219 0.4617486132350336
    outer loop
      vertex -2.5 -3.031088913245535 9.25
      vertex -2.5 -3.1720772546282747 8.979163916092448
      vertex 2.5 -3.031088913245535 9.25
    endloop
  endfacet
  facet normal 1.7485504836178908e-18 -0.8433914458128853 0.5372996083468247
    outer loop
      vertex -2.5 -2.8670321550114712 9.50751752722866
      vertex -2.5 -3.031088913245535 9.25
      vertex 2.5 -3.031088913245535 9.25
    endloop
  endfacet
  facet normal 0 -0.9762960071199333 0.21643961393810285
    outer loop
      vertex -2.5 -3.380740392011739 8.405866657858823
      vertex 2.5 -3.446827135542728 8.107768621834257
      vertex 2.5 -3.380740392011739 8.405866657858823
    endloop
  endfacet
  facet normal 0 -0.9537169507482267 0.3007057995042731
    outer loop
      vertex -2.5 -3.380740392011739 8.405866657858823
      vertex 2.5 -3.380740392011739 8.405866657858823
      vertex 2.5 -3.2889241727506793 8.69707050163984
    endloop
  endfacet
  facet normal 0 -0.9238795325112865 0.3826834323650905
    outer loop
      vertex -2.5 -3.1720772546282747 8.979163916092448
      vertex 2.5 -3.2889241727506793 8.69707050163984
      vertex 2.5 -3.1720772546282747 8.979163916092448
    endloop
  endfacet
  facet normal 0 -0.8870108331782219 0.4617486132350336
    outer loop
      vertex -2.5 -3.1720772546282747 8.979163916092448
      vertex 2.5 -3.1720772546282747 8.979163916092448
      vertex 2.5 -3.031088913245535 9.25
    endloop
  endfacet
  facet normal 0 -0.8433914458128853 0.5372996083468247
    outer loop
      vertex -2.5 -2.8670321550114712 9.50751752722866
      vertex 2.5 -3.031088913245535 9.25
      vertex 2.5 -2.8670321550114712 9.50751752722866
    endloop
  endfacet
  facet normal 0 -0.7933533402912353 0.6087614290087204
    outer loop
      vertex -2.5 -2.8670321550114712 9.50751752722866
      vertex 2.5 -2.8670321550114712 9.50751752722866
      vertex 2.5 -2.681155550916423 9.749756633902887
    endloop
  endfacet
  facet normal 0 -0.7933533402912353 0.6087614290087204
    outer loop
      vertex -2.5 -2.681155550916423 9.749756633902887
      vertex -2.5 -2.8670321550114712 9.50751752722866
      vertex 2.5 -2.681155550916423 9.749756633902887
    endloop
  endfacet
  facet normal 0 -0.7372773368101255 0.6755902076156588
    outer loop
      vertex -2.5 -2.4748737341529163 9.974873734152917
      vertex -2.5 -2.681155550916423 9.749756633902887
      vertex 2.5 -2.4748737341529163 9.974873734152917
    endloop
  endfacet
  facet normal 8.888259663225508e-19 -0.675590207615657 0.737277336810127
    outer loop
      vertex -2.5 -2.249756633902887 10.181155550916422
      vertex -2.5 -2.4748737341529163 9.974873734152917
      vertex 2.5 -2.4748737341529163 9.974873734152917
    endloop
  endfacet
  facet normal 0 -0.7372773368101255 0.6755902076156588
    outer loop
      vertex -2.5 -2.681155550916423 9.749756633902887
      vertex 2.5 -2.681155550916423 9.749756633902887
      vertex 2.5 -2.4748737341529163 9.974873734152917
    endloop
  endfacet
  facet normal 0 -0.6087614290087248 0.7933533402912321
    outer loop
      vertex -2.5 -2.007517527228661 10.367032155011472
      vertex -2.5 -2.249756633902887 10.181155550916422
      vertex 2.5 -2.007517527228661 10.367032155011472
    endloop
  endfacet
  facet normal 2.0042905125613583e-18 -0.5372996083468209 0.8433914458128875
    outer loop
      vertex -2.5 -1.75 10.531088913245535
      vertex -2.5 -2.007517527228661 10.367032155011472
      vertex 2.5 -2.007517527228661 10.367032155011472
    endloop
  endfacet
  facet normal 0 -0.4617486132350327 0.8870108331782224
    outer loop
      vertex -2.5 -1.4791639160924481 10.672077254628274
      vertex -2.5 -1.75 10.531088913245535
      vertex 2.5 -1.4791639160924481 10.672077254628274
    endloop
  endfacet
  facet normal 0 -0.3826834323650921 0.9238795325112856
    outer loop
      vertex -2.5 -1.1970705016398404 10.78892417275068
      vertex -2.5 -1.4791639160924481 10.672077254628274
      vertex 2.5 -1.1970705016398404 10.78892417275068
    endloop
  endfacet
  facet normal 0 -0.675590207615657 0.737277336810127
    outer loop
      vertex -2.5 -2.249756633902887 10.181155550916422
      vertex 2.5 -2.4748737341529163 9.974873734152917
      vertex 2.5 -2.249756633902887 10.181155550916422
    endloop
  endfacet
  facet normal 0 -0.6087614290087248 0.7933533402912321
    outer loop
      vertex -2.5 -2.249756633902887 10.181155550916422
      vertex 2.5 -2.249756633902887 10.181155550916422
      vertex 2.5 -2.007517527228661 10.367032155011472
    endloop
  endfacet
  facet normal 0 -0.5372996083468209 0.8433914458128875
    outer loop
      vertex -2.5 -1.75 10.531088913245535
      vertex 2.5 -2.007517527228661 10.367032155011472
      vertex 2.5 -1.75 10.531088913245535
    endloop
  endfacet
  facet normal 0 -0.4617486132350327 0.8870108331782224
    outer loop
      vertex -2.5 -1.75 10.531088913245535
      vertex 2.5 -1.75 10.531088913245535
      vertex 2.5 -1.4791639160924481 10.672077254628274
    endloop
  endfacet
  facet normal 0 -0.3826834323650921 0.9238795325112856
    outer loop
      vertex -2.5 -1.4791639160924481 10.672077254628274
      vertex 2.5 -1.4791639160924481 10.672077254628274
      vertex 2.5 -1.1970705016398404 10.78892417275068
    endloop
  endfacet
  facet normal -1 0 0
    outer loop
      vertex -2.5 -3.482872261029298 4
      vertex -2.5 -0.09151352988504108 6.453995567003667
      vertex -2.5 0 6.45
    endloop
  endfacet
  facet normal -1 0 0
    outer loop
      vertex -2.5 -3.482872261029298 4
      vertex -2.5 0 6.45
      vertex -2.5 0.09151352988504108 6.453995567003667
    endloop
  endfacet
  facet normal -1 0 0
    outer loop
      vertex -2.5 -3.482872261029298 4
      vertex -2.5 0.09151352988504108 6.453995567003667
      vertex -2.5 0.18233058655027687 6.465951859337181
    endloop
  endfacet
  facet normal -1 0 0
    outer loop
      vertex -2.5 -3.482872261029298 4
      vertex -2.5 0.18233058655027687 6.465951859337181
      vertex -2.5 0.2717599973576468 6.485777882396478
    endloop
  endfacet
  facet normal -1 0 0
    outer loop
      vertex -2.5 -3.482872261029298 4
      vertex -2.5 0.2717599973576468 6.485777882396478
      vertex -2.5 0.35912115049195215 6.5133227481747955
    endloop
  endfacet
  facet normal -1 0 0
    outer loop
      vertex -2.5 3.4866814433211095 7.8050450996168035
      vertex -2.5 -3.482872261029298 4
      vertex -2.5 0.35912115049195215 6.5133227481747955
    endloop
  endfacet
  facet normal -1 0 0
    outer loop
      vertex -2.5 -3.2889241727506793 8.69707050163984
      vertex -2.5 -0.18233058655027687 8.534048140662819
      vertex -2.5 -0.2717599973576468 8.514222117603522
    endloop
  endfacet
  facet normal -1 0 0
    outer loop
      vertex -2.5 -3.2889241727506793 8.69707050163984
      vertex -2.5 -0.09151352988504108 8.546004432996334
      vertex -2.5 -0.18233058655027687 8.534048140662819
    endloop
  endfacet
  facet normal -1 0 0
    outer loop
      vertex -2.5 -3.2889241727506793 8.69707050163984
      vertex -2.5 0 8.55
      vertex -2.5 -0.09151352988504108 8.546004432996334
    endloop
  endfacet
  facet normal -1 0 0
    outer loop
      vertex -2.5 -3.2889241727506793 8.69707050163984
      vertex -2.5 0.09151352988504108 8.546004432996334
      vertex -2.5 0 8.55
    endloop
  endfacet
  facet normal -1 0 0
    outer loop
      vertex -2.5 2.4748737341529163 9.974873734152917
      vertex -2.5 0.09151352988504108 8.546004432996334
      vertex -2.5 -3.2889241727506793 8.69707050163984
    endloop
  endfacet
  facet normal -1 0 0
    outer loop
      vertex -2.5 -0.9058666578588226 10.880740392011738
      vertex -2.5 -1.4791639160924481 10.672077254628274
      vertex -2.5 -1.1970705016398404 10.78892417275068
    endloop
  endfacet
  facet normal -1 0 0
    outer loop
      vertex -2.5 -0.6077686218342562 10.946827135542728
      vertex -2.5 -1.4791639160924481 10.672077254628274
      vertex -2.5 -0.9058666578588226 10.880740392011738
    endloop
  endfacet
  facet normal -1 0 0
    outer loop
      vertex -2.5 2.4748737341529163 9.974873734152917
      vertex -2.5 -3.2889241727506793 8.69707050163984
      vertex -2.5 -0.6077686218342562 10.946827135542728
    endloop
  endfacet
  facet normal -1 0 0
    outer loop
      vertex -2.5 0.3050450996168036 10.98668144332111
      vertex -2.5 -0.6077686218342562 10.946827135542728
      vertex -2.5 -0.3050450996168036 10.98668144332111
    endloop
  endfacet
  facet normal -1 0 0
    outer loop
      vertex -2.5 2.4748737341529163 9.974873734152917
      vertex -2.5 0.18233058655027687 8.534048140662819
      vertex -2.5 0.09151352988504108 8.546004432996334
    endloop
  endfacet
  facet normal -1 0 0
    outer loop
      vertex -2.5 2.4748737341529163 9.974873734152917
      vertex -2.5 0.2717599973576468 8.514222117603522
      vertex -2.5 0.18233058655027687 8.534048140662819
    endloop
  endfacet
  facet normal -1 0 0
    outer loop
      vertex -2.5 0.3050450996168036 10.98668144332111
      vertex -2.5 -0.3050450996168036 10.98668144332111
      vertex -2.5 0 11
    endloop
  endfacet
  facet normal -1 0 0
    outer loop
      vertex -2.5 1.1970705016398404 10.78892417275068
      vertex -2.5 -0.6077686218342562 10.946827135542728
      vertex -2.5 0.3050450996168036 10.98668144332111
    endloop
  endfacet
  facet normal -1 0 0
    outer loop
      vertex -2.5 1.1970705016398404 10.78892417275068
      vertex -2.5 0.3050450996168036 10.98668144332111
      vertex -2.5 0.6077686218342562 10.946827135542728
    endloop
  endfacet
  facet normal -1 0 0
    outer loop
      vertex -2.5 1.1970705016398404 10.78892417275068
      vertex -2.5 0.6077686218342562 10.946827135542728
      vertex -2.5 0.9058666578588226 10.880740392011738
    endloop
  endfacet
  facet normal 0 -0.3007057995042705 0.9537169507482277
    outer loop
      vertex -2.5 -0.9058666578588226 10.880740392011738
      vertex -2.5 -1.1970705016398404 10.78892417275068
      vertex 2.5 -0.9058666578588226 10.880740392011738
    endloop
  endfacet
  facet normal 6.472387763367792e-19 -0.21643961393810535 0.9762960071199329
    outer loop
      vertex -2.5 -0.6077686218342562 10.946827135542728
      vertex -2.5 -0.9058666578588226 10.880740392011738
      vertex 2.5 -0.9058666578588226 10.880740392011738
    endloop
  endfacet
  facet normal 0 -0.13052619222005557 0.9914448613738098
    outer loop
      vertex -2.5 -0.3050450996168036 10.98668144332111
      vertex -2.5 -0.6077686218342562 10.946827135542728
      vertex 2.5 -0.3050450996168036 10.98668144332111
    endloop
  endfacet
  facet normal 1.9475386071190732e-19 -0.043619387365332586 0.9990482215818579
    outer loop
      vertex -2.5 0 11
      vertex -2.5 -0.3050450996168036 10.98668144332111
      vertex 2.5 -0.3050450996168036 10.98668144332111
    endloop
  endfacet
  facet normal 0 -0.3007057995042705 0.9537169507482277
    outer loop
      vertex -2.5 -1.1970705016398404 10.78892417275068
      vertex 2.5 -1.1970705016398404 10.78892417275068
      vertex 2.5 -0.9058666578588226 10.880740392011738
    endloop
  endfacet
  facet normal 0 -0.21643961393810535 0.9762960071199329
    outer loop
      vertex -2.5 -0.6077686218342562 10.946827135542728
      vertex 2.5 -0.9058666578588226 10.880740392011738
      vertex 2.5 -0.6077686218342562 10.946827135542728
    endloop
  endfacet
  facet normal 0 -0.13052619222005557 0.9914448613738098
    outer loop
      vertex -2.5 -0.6077686218342562 10.946827135542728
      vertex 2.5 -0.6077686218342562 10.946827135542728
      vertex 2.5 -0.3050450996168036 10.98668144332111
    endloop
  endfacet
  facet normal 0 0.043619387365332586 0.9990482215818579
    outer loop
      vertex -2.5 0.3050450996168036 10.98668144332111
      vertex -2.5 0 11
      vertex 2.5 0.3050450996168036 10.98668144332111
    endloop
  endfacet
  facet normal -3.9773192105934295e-20 0.13052619222005557 0.9914448613738098
    outer loop
      vertex -2.5 0.6077686218342562 10.946827135542728
      vertex -2.5 0.3050450996168036 10.98668144332111
      vertex 2.5 0.3050450996168036 10.98668144332111
    endloop
  endfacet
  facet normal 0 0.21643961393810535 0.9762960071199329
    outer loop
      vertex -2.5 0.9058666578588226 10.880740392011738
      vertex -2.5 0.6077686218342562 10.946827135542728
      vertex 2.5 0.9058666578588226 10.880740392011738
    endloop
  endfacet
  facet normal 0 -0.043619387365332586 0.9990482215818579
    outer loop
      vertex -2.5 0 11
      vertex 2.5 -0.3050450996168036 10.98668144332111
      vertex 2.5 0 11
    endloop
  endfacet
  facet normal 0 0.043619387365332586 0.9990482215818579
    outer loop
      vertex -2.5 0 11
      vertex 2.5 0 11
      vertex 2.5 0.3050450996168036 10.98668144332111
    endloop
  endfacet
  facet normal 0 0.13052619222005557 0.9914448613738098
    outer loop
      vertex -2.5 0.6077686218342562 10.946827135542728
      vertex 2.5 0.3050450996168036 10.98668144332111
      vertex 2.5 0.6077686218342562 10.946827135542728
    endloop
  endfacet
  facet normal 0 0.21643961393810535 0.9762960071199329
    outer loop
      vertex -2.5 0.6077686218342562 10.946827135542728
      vertex 2.5 0.6077686218342562 10.946827135542728
      vertex 2.5 0.9058666578588226 10.880740392011738
    endloop
  endfacet
  facet normal 1 0 0
    outer loop
      vertex 2.5 -3.446827135542728 8.107768621834257
      vertex 2.5 -3.4866814433211095 7.8050450996168035
      vertex 2.5 -3.5 7.5
    endloop
  endfacet
  facet normal 1 0 0
    outer loop
      vertex 2.5 -3.2889241727506793 8.69707050163984
      vertex 2.5 -3.446827135542728 8.107768621834257
      vertex 2.5 -3.5 7.5
    endloop
  endfacet
  facet normal 1 0 0
    outer loop
      vertex 2.5 -3.2889241727506793 8.69707050163984
      vertex 2.5 -3.5 7.5
      vertex 2.5 -0.9866772518252039 7.140878849508048
    endloop
  endfacet
  facet normal 1 0 0
    outer loop
      vertex 2.5 -3.5 7.5
      vertex 2.5 -0.35912115049195215 6.5133227481747955
      vertex 2.5 -0.4437491748277344 6.548376823611518
    endloop
  endfacet
  facet normal 1 0 0
    outer loop
      vertex 2.5 -3.5 7.5
      vertex 2.5 -0.2717599973576468 6.485777882396478
      vertex 2.5 -0.35912115049195215 6.5133227481747955
    endloop
  endfacet
  facet normal 1 0 0
    outer loop
      vertex 2.5 -3.5 7.5
      vertex 2.5 -0.9516231763884825 7.056250825172265
      vertex 2.5 -0.9866772518252039 7.140878849508048
    endloop
  endfacet
  facet normal 1 0 0
    outer loop
      vertex 2.5 -3.5 7.5
      vertex 2.5 -0.742462120245875 6.757537879754125
      vertex 2.5 -0.8043466652749269 6.825073009829134
    endloop
  endfacet
  facet normal 1 0 0
    outer loop
      vertex 2.5 -3.5 7.5
      vertex 2.5 -0.8601096465034415 6.897744741831401
      vertex 2.5 -0.9093266739736605 6.975
    endloop
  endfacet
  facet normal 1 0 0
    outer loop
      vertex 2.5 -3.5 7.5
      vertex 2.5 -0.9093266739736605 6.975
      vertex 2.5 -0.9516231763884825 7.056250825172265
    endloop
  endfacet
  facet normal 1 0 0
    outer loop
      vertex 2.5 -3.5 7.5
      vertex 2.5 -0.8043466652749269 6.825073009829134
      vertex 2.5 -0.8601096465034415 6.897744741831401
    endloop
  endfacet
  facet normal 1 0 0
    outer loop
      vertex 2.5 -3.5 7.5
      vertex 2.5 -0.6749269901708662 6.695653334725073
      vertex 2.5 -0.742462120245875 6.757537879754125
    endloop
  endfacet
  facet normal 1 0 0
    outer loop
      vertex 2.5 -3.5 7.5
      vertex 2.5 -0.6022552581685984 6.6398903534965585
      vertex 2.5 -0.6749269901708662 6.695653334725073
    endloop
  endfacet
  facet normal 1 0 0
    outer loop
      vertex 2.5 -3.5 7.5
      vertex 2.5 -0.525 6.590673326026339
      vertex 2.5 -0.6022552581685984 6.6398903534965585
    endloop
  endfacet
  facet normal 1 0 0
    outer loop
      vertex 2.5 -3.5 7.5
      vertex 2.5 -0.4437491748277344 6.548376823611518
      vertex 2.5 -0.525 6.590673326026339
    endloop
  endfacet
  facet normal 1 0 0
    outer loop
      vertex 2.5 -3.2889241727506793 8.69707050163984
      vertex 2.5 -0.9866772518252039 7.140878849508048
      vertex 2.5 -1.0142221176035218 7.2282400026423534
    endloop
  endfacet
  facet normal 1 0 0
    outer loop
      vertex 2.5 -3.2889241727506793 8.69707050163984
      vertex 2.5 -1.0142221176035218 7.2282400026423534
      vertex 2.5 -1.0340481406628184 7.317669413449723
    endloop
  endfacet
  facet normal 1 0 0
    outer loop
      vertex 2.5 -3.2889241727506793 8.69707050163984
      vertex 2.5 -1.0340481406628184 7.317669413449723
      vertex 2.5 -1.046004432996333 7.408486470114958
    endloop
  endfacet
  facet normal 1 0 0
    outer loop
      vertex 2.5 -3.2889241727506793 8.69707050163984
      vertex 2.5 -1.046004432996333 7.408486470114958
      vertex 2.5 -1.05 7.5
    endloop
  endfacet
  facet normal 1 0 0
    outer loop
      vertex 2.5 -3.2889241727506793 8.69707050163984
      vertex 2.5 -1.05 7.5
      vertex 2.5 -1.046004432996333 7.591513529885042
    endloop
  endfacet
  facet normal 1 0 0
    outer loop
      vertex 2.5 -3.2889241727506793 8.69707050163984
      vertex 2.5 -1.046004432996333 7.591513529885042
      vertex 2.5 -1.0340481406628184 7.682330586550277
    endloop
  endfacet
  facet normal 1 0 0
    outer loop
      vertex 2.5 -3.2889241727506793 8.69707050163984
      vertex 2.5 -1.0340481406628184 7.682330586550277
      vertex 2.5 -1.0142221176035218 7.7717599973576466
    endloop
  endfacet
  facet normal 1 0 0
    outer loop
      vertex 2.5 -3.2889241727506793 8.69707050163984
      vertex 2.5 -1.0142221176035218 7.7717599973576466
      vertex 2.5 -0.9866772518252039 7.859121150491952
    endloop
  endfacet
  facet normal 1 0 0
    outer loop
      vertex 2.5 -3.2889241727506793 8.69707050163984
      vertex 2.5 -0.9866772518252039 7.859121150491952
      vertex 2.5 -0.9516231763884825 7.943749174827735
    endloop
  endfacet
  facet normal 1 0 0
    outer loop
      vertex 2.5 -3.2889241727506793 8.69707050163984
      vertex 2.5 -0.9516231763884825 7.943749174827735
      vertex 2.5 -0.9093266739736605 8.025
    endloop
  endfacet
  facet normal 1 0 0
    outer loop
      vertex 2.5 -3.2889241727506793 8.69707050163984
      vertex 2.5 -3.380740392011739 8.405866657858823
      vertex 2.5 -3.446827135542728 8.107768621834257
    endloop
  endfacet
  facet normal 1 0 0
    outer loop
      vertex 2.5 -3.031088913245535 9.25
      vertex 2.5 -3.1720772546282747 8.979163916092448
      vertex 2.5 -3.2889241727506793 8.69707050163984
    endloop
  endfacet
  facet normal 1 0 0
    outer loop
      vertex 2.5 -2.681155550916423 9.749756633902887
      vertex 2.5 -3.031088913245535 9.25
      vertex 2.5 -3.2889241727506793 8.69707050163984
    endloop
  endfacet
  facet normal 1 0 0
    outer loop
      vertex 2.5 -2.681155550916423 9.749756633902887
      vertex 2.5 -2.8670321550114712 9.50751752722866
      vertex 2.5 -3.031088913245535 9.25
    endloop
  endfacet
  facet normal 1 0 0
    outer loop
      vertex 2.5 -2.007517527228661 10.367032155011472
      vertex 2.5 -2.681155550916423 9.749756633902887
      vertex 2.5 -3.2889241727506793 8.69707050163984
    endloop
  endfacet
  facet normal 1 0 0
    outer loop
      vertex 2.5 -2.007517527228661 10.367032155011472
      vertex 2.5 -2.4748737341529163 9.974873734152917
      vertex 2.5 -2.681155550916423 9.749756633902887
    endloop
  endfacet
  facet normal 1 0 0
    outer loop
      vertex 2.5 -3.2889241727506793 8.69707050163984
      vertex 2.5 -0.9093266739736605 8.025
      vertex 2.5 -0.8601096465034415 8.102255258168597
    endloop
  endfacet
  facet normal 1 0 0
    outer loop
      vertex 2.5 -3.2889241727506793 8.69707050163984
      vertex 2.5 -0.8601096465034415 8.102255258168597
      vertex 2.5 -0.8043466652749269 8.174926990170867
    endloop
  endfacet
  facet normal 1 0 0
    outer loop
      vertex 2.5 -0.3050450996168036 10.98668144332111
      vertex 2.5 -3.2889241727506793 8.69707050163984
      vertex 2.5 -0.8043466652749269 8.174926990170867
    endloop
  endfacet
  facet normal 1 0 0
    outer loop
      vertex 2.5 -2.007517527228661 10.367032155011472
      vertex 2.5 -2.249756633902887 10.181155550916422
      vertex 2.5 -2.4748737341529163 9.974873734152917
    endloop
  endfacet
  facet normal 1 0 0
    outer loop
      vertex 2.5 -0.3050450996168036 10.98668144332111
      vertex 2.5 -2.007517527228661 10.367032155011472
      vertex 2.5 -3.2889241727506793 8.69707050163984
    endloop
  endfacet
  facet normal 1 0 0
    outer loop
      vertex 2.5 -1.4791639160924481 10.672077254628274
      vertex 2.5 -1.75 10.531088913245535
      vertex 2.5 -2.007517527228661 10.367032155011472
    endloop
  endfacet
  facet normal 1 0 0
    outer loop
      vertex 2.5 -1.1970705016398404 10.78892417275068
      vertex 2.5 -1.4791639160924481 10.672077254628274
      vertex 2.5 -2.007517527228661 10.367032155011472
    endloop
  endfacet
  facet normal 1 0 0
    outer loop
      vertex 2.5 3.5 4
      vertex 2.5 -0.2717599973576468 6.485777882396478
      vertex 2.5 -3.5 7.5
    endloop
  endfacet
  facet normal 1 0 0
    outer loop
      vertex 2.5 -0.3050450996168036 10.98668144332111
      vertex 2.5 -0.8043466652749269 8.174926990170867
      vertex 2.5 -0.742462120245875 8.242462120245875
    endloop
  endfacet
  facet normal 1 0 0
    outer loop
      vertex 2.5 -0.3050450996168036 10.98668144332111
      vertex 2.5 -0.742462120245875 8.242462120245875
      vertex 2.5 -0.6749269901708662 8.304346665274927
    endloop
  endfacet
  facet normal 1 0 0
    outer loop
      vertex 2.5 -0.3050450996168036 10.98668144332111
      vertex 2.5 -0.6749269901708662 8.304346665274927
      vertex 2.5 -0.6022552581685984 8.360109646503442
    endloop
  endfacet
  facet normal 1 0 0
    outer loop
      vertex 2.5 -0.3050450996168036 10.98668144332111
      vertex 2.5 -0.6022552581685984 8.360109646503442
      vertex 2.5 -0.525 8.409326673973661
    endloop
  endfacet
  facet normal 1 0 0
    outer loop
      vertex 2.5 -0.3050450996168036 10.98668144332111
      vertex 2.5 -0.525 8.409326673973661
      vertex 2.5 -0.4437491748277344 8.451623176388482
    endloop
  endfacet
  facet normal 1 0 0
    outer loop
      vertex 2.5 -0.3050450996168036 10.98668144332111
      vertex 2.5 -0.4437491748277344 8.451623176388482
      vertex 2.5 -0.35912115049195215 8.486677251825203
    endloop
  endfacet
  facet normal 1 0 0
    outer loop
      vertex 2.5 -0.3050450996168036 10.98668144332111
      vertex 2.5 -0.35912115049195215 8.486677251825203
      vertex 2.5 -0.2717599973576468 8.514222117603522
    endloop
  endfacet
  facet normal 1 0 0
    outer loop
      vertex 2.5 -0.3050450996168036 10.98668144332111
      vertex 2.5 -0.2717599973576468 8.514222117603522
      vertex 2.5 -0.18233058655027687 8.534048140662819
    endloop
  endfacet
  facet normal 1 0 0
    outer loop
      vertex 2.5 -0.3050450996168036 10.98668144332111
      vertex 2.5 -0.18233058655027687 8.534048140662819
      vertex 2.5 -0.09151352988504108 8.546004432996334
    endloop
  endfacet
  facet normal 1 0 0
    outer loop
      vertex 2.5 -0.3050450996168036 10.98668144332111
      vertex 2.5 -0.09151352988504108 8.546004432996334
      vertex 2.5 0 8.55
    endloop
  endfacet
  facet normal 1 0 0
    outer loop
      vertex 2.5 -0.3050450996168036 10.98668144332111
      vertex 2.5 -1.1970705016398404 10.78892417275068
      vertex 2.5 -2.007517527228661 10.367032155011472
    endloop
  endfacet
  facet normal 1 0 0
    outer loop
      vertex 2.5 -0.3050450996168036 10.98668144332111
      vertex 2.5 -0.9058666578588226 10.880740392011738
      vertex 2.5 -1.1970705016398404 10.78892417275068
    endloop
  endfacet
  facet normal 1 0 0
    outer loop
      vertex 2.5 -0.3050450996168036 10.98668144332111
      vertex 2.5 -0.6077686218342562 10.946827135542728
      vertex 2.5 -0.9058666578588226 10.880740392011738
    endloop
  endfacet
  facet normal 1 0 0
    outer loop
      vertex 2.5 -0.3050450996168036 10.98668144332111
      vertex 2.5 0 8.55
      vertex 2.5 0.09151352988504108 8.546004432996334
    endloop
  endfacet
  facet normal 1 0 0
    outer loop
      vertex 2.5 -0.3050450996168036 10.98668144332111
      vertex 2.5 0.09151352988504108 8.546004432996334
      vertex 2.5 0.18233058655027687 8.534048140662819
    endloop
  endfacet
  facet normal 1 0 0
    outer loop
      vertex 2.5 -0.3050450996168036 10.98668144332111
      vertex 2.5 0.18233058655027687 8.534048140662819
      vertex 2.5 0.2717599973576468 8.514222117603522
    endloop
  endfacet
  facet normal 1 0 0
    outer loop
      vertex 2.5 -0.3050450996168036 10.98668144332111
      vertex 2.5 0.2717599973576468 8.514222117603522
      vertex 2.5 0.35912115049195215 8.486677251825203
    endloop
  endfacet
  facet normal 1 0 0
    outer loop
      vertex 2.5 -0.3050450996168036 10.98668144332111
      vertex 2.5 0.525 8.409326673973661
      vertex 2.5 0.6022552581685984 8.360109646503442
    endloop
  endfacet
  facet normal 1 0 0
    outer loop
      vertex 2.5 -0.3050450996168036 10.98668144332111
      vertex 2.5 0.6022552581685984 8.360109646503442
      vertex 2.5 0.6749269901708662 8.304346665274927
    endloop
  endfacet
  facet normal 1 0 0
    outer loop
      vertex 2.5 -0.3050450996168036 10.98668144332111
      vertex 2.5 0.6749269901708662 8.304346665274927
      vertex 2.5 0.742462120245875 8.242462120245875
    endloop
  endfacet
  facet normal 1 0 0
    outer loop
      vertex 2.5 -0.3050450996168036 10.98668144332111
      vertex 2.5 0.742462120245875 8.242462120245875
      vertex 2.5 0.8043466652749269 8.174926990170867
    endloop
  endfacet
  facet normal 1 0 0
    outer loop
      vertex 2.5 -0.3050450996168036 10.98668144332111
      vertex 2.5 0.35912115049195215 8.486677251825203
      vertex 2.5 0.4437491748277344 8.451623176388482
    endloop
  endfacet
  facet normal 1 0 0
    outer loop
      vertex 2.5 -0.3050450996168036 10.98668144332111
      vertex 2.5 0.4437491748277344 8.451623176388482
      vertex 2.5 0.525 8.409326673973661
    endloop
  endfacet
  facet normal 1 0 0
    outer loop
      vertex 2.5 -0.3050450996168036 10.98668144332111
      vertex 2.5 0.9516231763884825 7.943749174827735
      vertex 2.5 0.9866772518252039 7.859121150491952
    endloop
  endfacet
  facet normal 1 0 0
    outer loop
      vertex 2.5 -0.3050450996168036 10.98668144332111
      vertex 2.5 0.8043466652749269 8.174926990170867
      vertex 2.5 0.8601096465034415 8.102255258168597
    endloop
  endfacet
  facet normal 1 0 0
    outer loop
      vertex 2.5 -0.3050450996168036 10.98668144332111
      vertex 2.5 0.8601096465034415 8.102255258168597
      vertex 2.5 0.9093266739736605 8.025
    endloop
  endfacet
  facet normal 1 0 0
    outer loop
      vertex 2.5 -0.3050450996168036 10.98668144332111
      vertex 2.5 0.9093266739736605 8.025
      vertex 2.5 0.9516231763884825 7.943749174827735
    endloop
  endfacet
  facet normal 1 0 0
    outer loop
      vertex 2.5 0.3050450996168036 10.98668144332111
      vertex 2.5 0 11
      vertex 2.5 -0.3050450996168036 10.98668144332111
    endloop
  endfacet
  facet normal 1 0 0
    outer loop
      vertex 2.5 0.9058666578588226 10.880740392011738
      vertex 2.5 0.3050450996168036 10.98668144332111
      vertex 2.5 -0.3050450996168036 10.98668144332111
    endloop
  endfacet
  facet normal 1 0 0
    outer loop
      vertex 2.5 0.9058666578588226 10.880740392011738
      vertex 2.5 0.6077686218342562 10.946827135542728
      vertex 2.5 0.3050450996168036 10.98668144332111
    endloop
  endfacet
  facet normal 1 0 0
    outer loop
      vertex 2.5 1.75 10.531088913245535
      vertex 2.5 0.9058666578588226 10.880740392011738
      vertex 2.5 -0.3050450996168036 10.98668144332111
    endloop
  endfacet
  facet normal -1 0 0
    outer loop
      vertex -2.5 3.5 7.5
      vertex -2.5 3.5 4
      vertex -2.5 -3.482872261029298 4
    endloop
  endfacet
  facet normal 0 1 0
    outer loop
      vertex -2.5 3.5 4
      vertex 2.5 3.5 7.5
      vertex 2.5 3.5 4
    endloop
  endfacet
  facet normal -1 0 0
    outer loop
      vertex -2.5 3.4866814433211095 7.8050450996168035
      vertex -2.5 3.5 7.5
      vertex -2.5 -3.482872261029298 4
    endloop
  endfacet
  facet normal -1 0 0
    outer loop
      vertex -2.5 3.4866814433211095 7.8050450996168035
      vertex -2.5 0.35912115049195215 6.5133227481747955
      vertex -2.5 0.4437491748277344 6.548376823611518
    endloop
  endfacet
  facet normal -1 0 0
    outer loop
      vertex -2.5 3.4866814433211095 7.8050450996168035
      vertex -2.5 0.4437491748277344 6.548376823611518
      vertex -2.5 0.525 6.590673326026339
    endloop
  endfacet
  facet normal -1 0 0
    outer loop
      vertex -2.5 3.4866814433211095 7.8050450996168035
      vertex -2.5 0.525 6.590673326026339
      vertex -2.5 0.6022552581685984 6.6398903534965585
    endloop
  endfacet
  facet normal -1 0 0
    outer loop
      vertex -2.5 3.4866814433211095 7.8050450996168035
      vertex -2.5 0.6022552581685984 6.6398903534965585
      vertex -2.5 0.6749269901708662 6.695653334725073
    endloop
  endfacet
  facet normal -1 0 0
    outer loop
      vertex -2.5 3.4866814433211095 7.8050450996168035
      vertex -2.5 0.6749269901708662 6.695653334725073
      vertex -2.5 0.742462120245875 6.757537879754125
    endloop
  endfacet
  facet normal -1 0 0
    outer loop
      vertex -2.5 3.4866814433211095 7.8050450996168035
      vertex -2.5 0.742462120245875 6.757537879754125
      vertex -2.5 0.8043466652749269 6.825073009829134
    endloop
  endfacet
  facet normal -1 0 0
    outer loop
      vertex -2.5 3.4866814433211095 7.8050450996168035
      vertex -2.5 0.8043466652749269 6.825073009829134
      vertex -2.5 0.8601096465034415 6.897744741831401
    endloop
  endfacet
  facet normal -1 0 0
    outer loop
      vertex -2.5 3.4866814433211095 7.8050450996168035
      vertex -2.5 0.8601096465034415 6.897744741831401
      vertex -2.5 0.9093266739736605 6.975
    endloop
  endfacet
  facet normal -1 0 0
    outer loop
      vertex -2.5 3.4866814433211095 7.8050450996168035
      vertex -2.5 0.9093266739736605 6.975
      vertex -2.5 0.9516231763884825 7.056250825172265
    endloop
  endfacet
  facet normal -1 0 0
    outer loop
      vertex -2.5 3.4866814433211095 7.8050450996168035
      vertex -2.5 0.9516231763884825 7.056250825172265
      vertex -2.5 0.9866772518252039 7.140878849508048
    endloop
  endfacet
  facet normal -1 0 0
    outer loop
      vertex -2.5 3.4866814433211095 7.8050450996168035
      vertex -2.5 0.9866772518252039 7.140878849508048
      vertex -2.5 1.0142221176035218 7.2282400026423534
    endloop
  endfacet
  facet normal -1 0 0
    outer loop
      vertex -2.5 3.4866814433211095 7.8050450996168035
      vertex -2.5 1.0142221176035218 7.2282400026423534
      vertex -2.5 1.0340481406628184 7.317669413449723
    endloop
  endfacet
  facet normal -1 0 0
    outer loop
      vertex -2.5 3.4866814433211095 7.8050450996168035
      vertex -2.5 1.0340481406628184 7.317669413449723
      vertex -2.5 1.046004432996333 7.408486470114958
    endloop
  endfacet
  facet normal -1 0 0
    outer loop
      vertex -2.5 3.4866814433211095 7.8050450996168035
      vertex -2.5 1.0142221176035218 7.7717599973576466
      vertex -2.5 0.9866772518252039 7.859121150491952
    endloop
  endfacet
  facet normal -1 0 0
    outer loop
      vertex -2.5 3.4866814433211095 7.8050450996168035
      vertex -2.5 0.9866772518252039 7.859121150491952
      vertex -2.5 0.9516231763884825 7.943749174827735
    endloop
  endfacet
  facet normal -1 0 0
    outer loop
      vertex -2.5 3.4866814433211095 7.8050450996168035
      vertex -2.5 0.9093266739736605 8.025
      vertex -2.5 0.8601096465034415 8.102255258168597
    endloop
  endfacet
  facet normal -1 0 0
    outer loop
      vertex -2.5 3.4866814433211095 7.8050450996168035
      vertex -2.5 0.9516231763884825 7.943749174827735
      vertex -2.5 0.9093266739736605 8.025
    endloop
  endfacet
  facet normal -1 0 0
    outer loop
      vertex -2.5 3.4866814433211095 7.8050450996168035
      vertex -2.5 1.046004432996333 7.408486470114958
      vertex -2.5 1.05 7.5
    endloop
  endfacet
  facet normal -1 0 0
    outer loop
      vertex -2.5 3.4866814433211095 7.8050450996168035
      vertex -2.5 1.05 7.5
      vertex -2.5 1.046004432996333 7.591513529885042
    endloop
  endfacet
  facet normal -1 0 0
    outer loop
      vertex -2.5 3.4866814433211095 7.8050450996168035
      vertex -2.5 1.046004432996333 7.591513529885042
      vertex -2.5 1.0340481406628184 7.682330586550277
    endloop
  endfacet
  facet normal -1 0 0
    outer loop
      vertex -2.5 3.4866814433211095 7.8050450996168035
      vertex -2.5 1.0340481406628184 7.682330586550277
      vertex -2.5 1.0142221176035218 7.7717599973576466
    endloop
  endfacet
  facet normal -1 0 0
    outer loop
      vertex -2.5 2.4748737341529163 9.974873734152917
      vertex -2.5 0.6022552581685984 8.360109646503442
      vertex -2.5 0.525 8.409326673973661
    endloop
  endfacet
  facet normal -1 0 0
    outer loop
      vertex -2.5 2.4748737341529163 9.974873734152917
      vertex -2.5 0.6749269901708662 8.304346665274927
      vertex -2.5 0.6022552581685984 8.360109646503442
    endloop
  endfacet
  facet normal -1 0 0
    outer loop
      vertex -2.5 2.4748737341529163 9.974873734152917
      vertex -2.5 0.8601096465034415 8.102255258168597
      vertex -2.5 0.8043466652749269 8.174926990170867
    endloop
  endfacet
  facet normal -1 0 0
    outer loop
      vertex -2.5 2.4748737341529163 9.974873734152917
      vertex -2.5 0.742462120245875 8.242462120245875
      vertex -2.5 0.6749269901708662 8.304346665274927
    endloop
  endfacet
  facet normal -1 0 0
    outer loop
      vertex -2.5 2.4748737341529163 9.974873734152917
      vertex -2.5 0.8043466652749269 8.174926990170867
      vertex -2.5 0.742462120245875 8.242462120245875
    endloop
  endfacet
  facet normal -1 0 0
    outer loop
      vertex -2.5 2.4748737341529163 9.974873734152917
      vertex -2.5 0.35912115049195215 8.486677251825203
      vertex -2.5 0.2717599973576468 8.514222117603522
    endloop
  endfacet
  facet normal -1 0 0
    outer loop
      vertex -2.5 2.4748737341529163 9.974873734152917
      vertex -2.5 0.4437491748277344 8.451623176388482
      vertex -2.5 0.35912115049195215 8.486677251825203
    endloop
  endfacet
  facet normal -1 0 0
    outer loop
      vertex -2.5 2.4748737341529163 9.974873734152917
      vertex -2.5 0.525 8.409326673973661
      vertex -2.5 0.4437491748277344 8.451623176388482
    endloop
  endfacet
  facet normal -1 0 0
    outer loop
      vertex -2.5 2.4748737341529163 9.974873734152917
      vertex -2.5 -0.6077686218342562 10.946827135542728
      vertex -2.5 1.1970705016398404 10.78892417275068
    endloop
  endfacet
  facet normal -1 0 0
    outer loop
      vertex -2.5 1.75 10.531088913245535
      vertex -2.5 1.1970705016398404 10.78892417275068
      vertex -2.5 1.4791639160924481 10.672077254628274
    endloop
  endfacet
  facet normal -1 0 0
    outer loop
      vertex -2.5 2.4748737341529163 9.974873734152917
      vertex -2.5 1.1970705016398404 10.78892417275068
      vertex -2.5 1.75 10.531088913245535
    endloop
  endfacet
  facet normal -1 0 0
    outer loop
      vertex -2.5 2.249756633902887 10.181155550916422
      vertex -2.5 1.75 10.531088913245535
      vertex -2.5 2.007517527228661 10.367032155011472
    endloop
  endfacet
  facet normal -1 0 0
    outer loop
      vertex -2.5 3.4866814433211095 7.8050450996168035
      vertex -2.5 0.8601096465034415 8.102255258168597
      vertex -2.5 2.4748737341529163 9.974873734152917
    endloop
  endfacet
  facet normal -1 0 0
    outer loop
      vertex -2.5 3.4866814433211095 7.8050450996168035
      vertex -2.5 2.4748737341529163 9.974873734152917
      vertex -2.5 3.1720772546282747 8.979163916092448
    endloop
  endfacet
  facet normal -1 0 0
    outer loop
      vertex -2.5 2.4748737341529163 9.974873734152917
      vertex -2.5 2.8670321550114712 9.50751752722866
      vertex -2.5 3.1720772546282747 8.979163916092448
    endloop
  endfacet
  facet normal -1 0 0
    outer loop
      vertex -2.5 3.1720772546282747 8.979163916092448
      vertex -2.5 2.8670321550114712 9.50751752722866
      vertex -2.5 3.031088913245535 9.25
    endloop
  endfacet
  facet normal -1 0 0
    outer loop
      vertex -2.5 2.4748737341529163 9.974873734152917
      vertex -2.5 1.75 10.531088913245535
      vertex -2.5 2.249756633902887 10.181155550916422
    endloop
  endfacet
  facet normal -1 0 0
    outer loop
      vertex -2.5 2.4748737341529163 9.974873734152917
      vertex -2.5 2.681155550916423 9.749756633902887
      vertex -2.5 2.8670321550114712 9.50751752722866
    endloop
  endfacet
  facet normal 0 0.3007057995042705 0.9537169507482277
    outer loop
      vertex -2.5 1.1970705016398404 10.78892417275068
      vertex -2.5 0.9058666578588226 10.880740392011738
      vertex 2.5 1.1970705016398404 10.78892417275068
    endloop
  endfacet
  facet normal 0 0.3826834323650921 0.9238795325112856
    outer loop
      vertex -2.5 1.4791639160924481 10.672077254628274
      vertex -2.5 1.1970705016398404 10.78892417275068
      vertex 2.5 1.4791639160924481 10.672077254628274
    endloop
  endfacet
  facet normal 1.3236524949670255e-18 0.6087614290087248 0.7933533402912321
    outer loop
      vertex -2.5 2.249756633902887 10.181155550916422
      vertex -2.5 2.007517527228661 10.367032155011472
      vertex 2.5 2.007517527228661 10.367032155011472
    endloop
  endfacet
  facet normal 0 0.4617486132350327 0.8870108331782224
    outer loop
      vertex -2.5 1.75 10.531088913245535
      vertex -2.5 1.4791639160924481 10.672077254628274
      vertex 2.5 1.75 10.531088913245535
    endloop
  endfacet
  facet normal 0 0.5372996083468209 0.8433914458128875
    outer loop
      vertex -2.5 2.007517527228661 10.367032155011472
      vertex -2.5 1.75 10.531088913245535
      vertex 2.5 2.007517527228661 10.367032155011472
    endloop
  endfacet
  facet normal 0 0.3007057995042705 0.9537169507482277
    outer loop
      vertex -2.5 0.9058666578588226 10.880740392011738
      vertex 2.5 0.9058666578588226 10.880740392011738
      vertex 2.5 1.1970705016398404 10.78892417275068
    endloop
  endfacet
  facet normal 0 0.3826834323650921 0.9238795325112856
    outer loop
      vertex -2.5 1.1970705016398404 10.78892417275068
      vertex 2.5 1.1970705016398404 10.78892417275068
      vertex 2.5 1.4791639160924481 10.672077254628274
    endloop
  endfacet
  facet normal 0 0.4617486132350327 0.8870108331782224
    outer loop
      vertex -2.5 1.4791639160924481 10.672077254628274
      vertex 2.5 1.4791639160924481 10.672077254628274
      vertex 2.5 1.75 10.531088913245535
    endloop
  endfacet
  facet normal 0 0.5372996083468209 0.8433914458128875
    outer loop
      vertex -2.5 1.75 10.531088913245535
      vertex 2.5 1.75 10.531088913245535
      vertex 2.5 2.007517527228661 10.367032155011472
    endloop
  endfacet
  facet normal 0 0.9238795325112865 0.3826834323650905
    outer loop
      vertex -2.5 3.2889241727506793 8.69707050163984
      vertex -2.5 3.1720772546282747 8.979163916092448
      vertex 2.5 3.2889241727506793 8.69707050163984
    endloop
  endfacet
  facet normal -1.0969496412549793e-19 0.8870108331782219 0.4617486132350336
    outer loop
      vertex -2.5 3.1720772546282747 8.979163916092448
      vertex -2.5 3.031088913245535 9.25
      vertex 2.5 3.031088913245535 9.25
    endloop
  endfacet
  facet normal 0 0.8433914458128853 0.5372996083468247
    outer loop
      vertex -2.5 3.031088913245535 9.25
      vertex -2.5 2.8670321550114712 9.50751752722866
      vertex 2.5 3.031088913245535 9.25
    endloop
  endfacet
  facet normal 0 0.9238795325112865 0.3826834323650905
    outer loop
      vertex -2.5 3.1720772546282747 8.979163916092448
      vertex 2.5 3.1720772546282747 8.979163916092448
      vertex 2.5 3.2889241727506793 8.69707050163984
    endloop
  endfacet
  facet normal 0 0.7933533402912353 0.6087614290087204
    outer loop
      vertex -2.5 2.8670321550114712 9.50751752722866
      vertex 2.5 2.681155550916423 9.749756633902887
      vertex 2.5 2.8670321550114712 9.50751752722866
    endloop
  endfacet
  facet normal 0 0.8433914458128853 0.5372996083468247
    outer loop
      vertex -2.5 2.8670321550114712 9.50751752722866
      vertex 2.5 2.8670321550114712 9.50751752722866
      vertex 2.5 3.031088913245535 9.25
    endloop
  endfacet
  facet normal 0 0.8870108331782219 0.4617486132350336
    outer loop
      vertex -2.5 3.1720772546282747 8.979163916092448
      vertex 2.5 3.031088913245535 9.25
      vertex 2.5 3.1720772546282747 8.979163916092448
    endloop
  endfacet
  facet normal -8.888259663225508e-19 0.675590207615657 0.737277336810127
    outer loop
      vertex -2.5 2.4748737341529163 9.974873734152917
      vertex -2.5 2.249756633902887 10.181155550916422
      vertex 2.5 2.249756633902887 10.181155550916422
    endloop
  endfacet
  facet normal 0 0.7372773368101255 0.6755902076156588
    outer loop
      vertex -2.5 2.4748737341529163 9.974873734152917
      vertex 2.5 2.4748737341529163 9.974873734152917
      vertex -2.5 2.681155550916423 9.749756633902887
    endloop
  endfacet
  facet normal 0 0.7933533402912353 0.6087614290087204
    outer loop
      vertex -2.5 2.681155550916423 9.749756633902887
      vertex 2.5 2.681155550916423 9.749756633902887
      vertex -2.5 2.8670321550114712 9.50751752722866
    endloop
  endfacet
  facet normal 0 0.6087614290087248 0.7933533402912321
    outer loop
      vertex -2.5 2.249756633902887 10.181155550916422
      vertex 2.5 2.007517527228661 10.367032155011472
      vertex 2.5 2.249756633902887 10.181155550916422
    endloop
  endfacet
  facet normal 0 0.675590207615657 0.737277336810127
    outer loop
      vertex -2.5 2.4748737341529163 9.974873734152917
      vertex 2.5 2.249756633902887 10.181155550916422
      vertex 2.5 2.4748737341529163 9.974873734152917
    endloop
  endfacet
  facet normal 0 0.7372773368101255 0.6755902076156588
    outer loop
      vertex -2.5 2.681155550916423 9.749756633902887
      vertex 2.5 2.4748737341529163 9.974873734152917
      vertex 2.5 2.681155550916423 9.749756633902887
    endloop
  endfacet
  facet normal -1 0 0
    outer loop
      vertex -2.5 3.380740392011739 8.405866657858823
      vertex -2.5 3.446827135542728 8.107768621834257
      vertex -2.5 3.4866814433211095 7.8050450996168035
    endloop
  endfacet
  facet normal 0 1 0
    outer loop
      vertex -2.5 3.5 7.5
      vertex 2.5 3.5 7.5
      vertex -2.5 3.5 4
    endloop
  endfacet
  facet normal 0 0.9990482215818577 0.04361938736533551
    outer loop
      vertex -2.5 3.4866814433211095 7.8050450996168035
      vertex 2.5 3.4866814433211095 7.8050450996168035
      vertex -2.5 3.5 7.5
    endloop
  endfacet
  facet normal 0 0.9914448613738104 0.1305261922200523
    outer loop
      vertex -2.5 3.446827135542728 8.107768621834257
      vertex 2.5 3.446827135542728 8.107768621834257
      vertex -2.5 3.4866814433211095 7.8050450996168035
    endloop
  endfacet
  facet normal 1.1076219901833327e-18 0.9762960071199333 0.21643961393810285
    outer loop
      vertex -2.5 3.380740392011739 8.405866657858823
      vertex 2.5 3.446827135542728 8.107768621834257
      vertex -2.5 3.446827135542728 8.107768621834257
    endloop
  endfacet
  facet normal 0 0.9990482215818577 0.04361938736533551
    outer loop
      vertex -2.5 3.5 7.5
      vertex 2.5 3.4866814433211095 7.8050450996168035
      vertex 2.5 3.5 7.5
    endloop
  endfacet
  facet normal 0 0.9914448613738104 0.1305261922200523
    outer loop
      vertex -2.5 3.4866814433211095 7.8050450996168035
      vertex 2.5 3.446827135542728 8.107768621834257
      vertex 2.5 3.4866814433211095 7.8050450996168035
    endloop
  endfacet
  facet normal -1 0 0
    outer loop
      vertex -2.5 3.380740392011739 8.405866657858823
      vertex -2.5 3.4866814433211095 7.8050450996168035
      vertex -2.5 3.1720772546282747 8.979163916092448
    endloop
  endfacet
  facet normal -1 0 0
    outer loop
      vertex -2.5 3.2889241727506793 8.69707050163984
      vertex -2.5 3.380740392011739 8.405866657858823
      vertex -2.5 3.1720772546282747 8.979163916092448
    endloop
  endfacet
  facet normal 0 0.9537169507482267 0.3007057995042731
    outer loop
      vertex -2.5 3.2889241727506793 8.69707050163984
      vertex 2.5 3.2889241727506793 8.69707050163984
      vertex -2.5 3.380740392011739 8.405866657858823
    endloop
  endfacet
  facet normal 0 0.9537169507482267 0.3007057995042731
    outer loop
      vertex -2.5 3.380740392011739 8.405866657858823
      vertex 2.5 3.2889241727506793 8.69707050163984
      vertex 2.5 3.380740392011739 8.405866657858823
    endloop
  endfacet
  facet normal 0 0.9762960071199333 0.21643961393810285
    outer loop
      vertex -2.5 3.380740392011739 8.405866657858823
      vertex 2.5 3.380740392011739 8.405866657858823
      vertex 2.5 3.446827135542728 8.107768621834257
    endloop
  endfacet
  facet normal 1 0 0
    outer loop
      vertex 2.5 3.5 4
      vertex 2.5 -0.18233058655027687 6.465951859337181
      vertex 2.5 -0.2717599973576468 6.485777882396478
    endloop
  endfacet
  facet normal 1 0 0
    outer loop
      vertex 2.5 3.5 4
      vertex 2.5 -0.09151352988504108 6.453995567003667
      vertex 2.5 -0.18233058655027687 6.465951859337181
    endloop
  endfacet
  facet normal 1 0 0
    outer loop
      vertex 2.5 3.5 4
      vertex 2.5 0 6.45
      vertex 2.5 -0.09151352988504108 6.453995567003667
    endloop
  endfacet
  facet normal 1 0 0
    outer loop
      vertex 2.5 3.5 4
      vertex 2.5 0.09151352988504108 6.453995567003667
      vertex 2.5 0 6.45
    endloop
  endfacet
  facet normal 1 0 0
    outer loop
      vertex 2.5 3.5 4
      vertex 2.5 0.18233058655027687 6.465951859337181
      vertex 2.5 0.09151352988504108 6.453995567003667
    endloop
  endfacet
  facet normal 1 0 0
    outer loop
      vertex 2.5 3.5 4
      vertex 2.5 0.2717599973576468 6.485777882396478
      vertex 2.5 0.18233058655027687 6.465951859337181
    endloop
  endfacet
  facet normal 1 0 0
    outer loop
      vertex 2.5 3.5 4
      vertex 2.5 0.35912115049195215 6.5133227481747955
      vertex 2.5 0.2717599973576468 6.485777882396478
    endloop
  endfacet
  facet normal 1 0 0
    outer loop
      vertex 2.5 3.5 4
      vertex 2.5 0.4437491748277344 6.548376823611518
      vertex 2.5 0.35912115049195215 6.5133227481747955
    endloop
  endfacet
  facet normal 1 0 0
    outer loop
      vertex 2.5 3.5 4
      vertex 2.5 0.525 6.590673326026339
      vertex 2.5 0.4437491748277344 6.548376823611518
    endloop
  endfacet
  facet normal 1 0 0
    outer loop
      vertex 2.5 3.5 4
      vertex 2.5 0.6022552581685984 6.6398903534965585
      vertex 2.5 0.525 6.590673326026339
    endloop
  endfacet
  facet normal 1 0 0
    outer loop
      vertex 2.5 3.5 4
      vertex 2.5 0.6749269901708662 6.695653334725073
      vertex 2.5 0.6022552581685984 6.6398903534965585
    endloop
  endfacet
  facet normal 1 0 0
    outer loop
      vertex 2.5 3.5 4
      vertex 2.5 0.742462120245875 6.757537879754125
      vertex 2.5 0.6749269901708662 6.695653334725073
    endloop
  endfacet
  facet normal 1 0 0
    outer loop
      vertex 2.5 3.5 4
      vertex 2.5 0.8043466652749269 6.825073009829134
      vertex 2.5 0.742462120245875 6.757537879754125
    endloop
  endfacet
  facet normal 1 0 0
    outer loop
      vertex 2.5 3.5 4
      vertex 2.5 0.8601096465034415 6.897744741831401
      vertex 2.5 0.8043466652749269 6.825073009829134
    endloop
  endfacet
  facet normal 1 0 0
    outer loop
      vertex 2.5 3.5 4
      vertex 2.5 0.9093266739736605 6.975
      vertex 2.5 0.8601096465034415 6.897744741831401
    endloop
  endfacet
  facet normal 1 0 0
    outer loop
      vertex 2.5 3.5 4
      vertex 2.5 0.9516231763884825 7.056250825172265
      vertex 2.5 0.9093266739736605 6.975
    endloop
  endfacet
  facet normal 1 0 0
    outer loop
      vertex 2.5 3.5 4
      vertex 2.5 0.9866772518252039 7.140878849508048
      vertex 2.5 0.9516231763884825 7.056250825172265
    endloop
  endfacet
  facet normal 1 0 0
    outer loop
      vertex 2.5 3.5 4
      vertex 2.5 1.0142221176035218 7.2282400026423534
      vertex 2.5 0.9866772518252039 7.140878849508048
    endloop
  endfacet
  facet normal 1 0 0
    outer loop
      vertex 2.5 3.5 4
      vertex 2.5 1.0340481406628184 7.317669413449723
      vertex 2.5 1.0142221176035218 7.2282400026423534
    endloop
  endfacet
  facet normal 1 0 0
    outer loop
      vertex 2.5 3.5 4
      vertex 2.5 0.9866772518252039 7.859121150491952
      vertex 2.5 1.0142221176035218 7.7717599973576466
    endloop
  endfacet
  facet normal 1 0 0
    outer loop
      vertex 2.5 3.5 4
      vertex 2.5 1.046004432996333 7.408486470114958
      vertex 2.5 1.0340481406628184 7.317669413449723
    endloop
  endfacet
  facet normal 1 0 0
    outer loop
      vertex 2.5 3.5 4
      vertex 2.5 1.05 7.5
      vertex 2.5 1.046004432996333 7.408486470114958
    endloop
  endfacet
  facet normal 1 0 0
    outer loop
      vertex 2.5 3.5 4
      vertex 2.5 1.046004432996333 7.591513529885042
      vertex 2.5 1.05 7.5
    endloop
  endfacet
  facet normal 1 0 0
    outer loop
      vertex 2.5 3.5 4
      vertex 2.5 1.0340481406628184 7.682330586550277
      vertex 2.5 1.046004432996333 7.591513529885042
    endloop
  endfacet
  facet normal 1 0 0
    outer loop
      vertex 2.5 3.5 4
      vertex 2.5 1.0142221176035218 7.7717599973576466
      vertex 2.5 1.0340481406628184 7.682330586550277
    endloop
  endfacet
  facet normal 1 0 0
    outer loop
      vertex 2.5 3.5 4
      vertex 2.5 -0.3050450996168036 10.98668144332111
      vertex 2.5 0.9866772518252039 7.859121150491952
    endloop
  endfacet
  facet normal 1 0 0
    outer loop
      vertex 2.5 3.1720772546282747 8.979163916092448
      vertex 2.5 -0.3050450996168036 10.98668144332111
      vertex 2.5 3.5 4
    endloop
  endfacet
  facet normal 1 0 0
    outer loop
      vertex 2.5 3.1720772546282747 8.979163916092448
      vertex 2.5 1.75 10.531088913245535
      vertex 2.5 -0.3050450996168036 10.98668144332111
    endloop
  endfacet
  facet normal 1 0 0
    outer loop
      vertex 2.5 1.4791639160924481 10.672077254628274
      vertex 2.5 1.1970705016398404 10.78892417275068
      vertex 2.5 0.9058666578588226 10.880740392011738
    endloop
  endfacet
  facet normal 1 0 0
    outer loop
      vertex 2.5 1.75 10.531088913245535
      vertex 2.5 1.4791639160924481 10.672077254628274
      vertex 2.5 0.9058666578588226 10.880740392011738
    endloop
  endfacet
  facet normal 1 0 0
    outer loop
      vertex 2.5 2.249756633902887 10.181155550916422
      vertex 2.5 2.007517527228661 10.367032155011472
      vertex 2.5 1.75 10.531088913245535
    endloop
  endfacet
  facet normal 1 0 0
    outer loop
      vertex 2.5 2.681155550916423 9.749756633902887
      vertex 2.5 3.1720772546282747 8.979163916092448
      vertex 2.5 3.031088913245535 9.25
    endloop
  endfacet
  facet normal 1 0 0
    outer loop
      vertex 2.5 2.681155550916423 9.749756633902887
      vertex 2.5 3.031088913245535 9.25
      vertex 2.5 2.8670321550114712 9.50751752722866
    endloop
  endfacet
  facet normal 1 0 0
    outer loop
      vertex 2.5 2.681155550916423 9.749756633902887
      vertex 2.5 2.249756633902887 10.181155550916422
      vertex 2.5 1.75 10.531088913245535
    endloop
  endfacet
  facet normal 1 0 0
    outer loop
      vertex 2.5 2.681155550916423 9.749756633902887
      vertex 2.5 1.75 10.531088913245535
      vertex 2.5 3.1720772546282747 8.979163916092448
    endloop
  endfacet
  facet normal 1 0 0
    outer loop
      vertex 2.5 2.4748737341529163 9.974873734152917
      vertex 2.5 2.249756633902887 10.181155550916422
      vertex 2.5 2.681155550916423 9.749756633902887
    endloop
  endfacet
  facet normal 1 0 0
    outer loop
      vertex 2.5 3.4866814433211095 7.8050450996168035
      vertex 2.5 3.5 4
      vertex 2.5 3.5 7.5
    endloop
  endfacet
  facet normal 1 0 0
    outer loop
      vertex 2.5 3.4866814433211095 7.8050450996168035
      vertex 2.5 3.1720772546282747 8.979163916092448
      vertex 2.5 3.5 4
    endloop
  endfacet
  facet normal 1 0 0
    outer loop
      vertex 2.5 3.380740392011739 8.405866657858823
      vertex 2.5 3.4866814433211095 7.8050450996168035
      vertex 2.5 3.446827135542728 8.107768621834257
    endloop
  endfacet
  facet normal 1 0 0
    outer loop
      vertex 2.5 3.380740392011739 8.405866657858823
      vertex 2.5 3.1720772546282747 8.979163916092448
      vertex 2.5 3.4866814433211095 7.8050450996168035
    endloop
  endfacet
  facet normal 1 0 0
    outer loop
      vertex 2.5 3.2889241727506793 8.69707050163984
      vertex 2.5 3.1720772546282747 8.979163916092448
      vertex 2.5 3.380740392011739 8.405866657858823
    endloop
  endfacet
  facet normal 0 0 -1
    outer loop
      vertex 10.5 -3.482872261029298 2
      vertex 10.595413111150265 -3.495433636009693 2
      vertex 10.5 -3.5 2
    endloop
  endfacet
  facet normal 0 0 -1
    outer loop
      vertex 10.5 -3.5 2
      vertex 10.595413111150265 -3.495433636009693 2
      vertex 10.700000002980232 -3.5 2
    endloop
  endfacet
  facet normal -1 0 0
    outer loop
      vertex 10.5 -3.482872261029298 4
      vertex 10.5 -3.482872261029298 2
      vertex 10.5 -3.5 2
    endloop
  endfacet
  facet normal 0 -1 0
    outer loop
      vertex 10.5 -3.5 7.5
      vertex 10.5 -3.5 2
      vertex 10.700000002980232 -3.5 2
    endloop
  endfacet
  facet normal -1 0 0
    outer loop
      vertex 10.5 -3.5 7.5
      vertex 10.5 -3.482872261029298 4
      vertex 10.5 -3.5 2
    endloop
  endfacet
  facet normal 0 0 -1
    outer loop
      vertex 15.299999997019768 -3.5 2
      vertex 15.404586888849735 -3.495433636009693 2
      vertex 15.5 -3.5 2
    endloop
  endfacet
  facet normal 0 0 -1
    outer loop
      vertex 15.404586888849735 -3.495433636009693 2
      vertex 15.5 -3.482872261029298 2
      vertex 15.5 -3.5 2
    endloop
  endfacet
  facet normal 1 0 0
    outer loop
      vertex 15.5 -3.482872261029298 4
      vertex 15.5 -3.5 2
      vertex 15.5 -3.482872261029298 2
    endloop
  endfacet
  facet normal 0 -1 0
    outer loop
      vertex 10.5 -3.5 7.5
      vertex 10.700000002980232 -3.5 2
      vertex 15.299999997019768 -3.5 2
    endloop
  endfacet
  facet normal 0 -1 0
    outer loop
      vertex 10.5 -3.5 7.5
      vertex 15.299999997019768 -3.5 2
      vertex 15.5 -3.5 2
    endloop
  endfacet
  facet normal 1 0 0
    outer loop
      vertex 15.5 -3.5 7.5
      vertex 15.5 -3.5 2
      vertex 15.5 -3.482872261029298 4
    endloop
  endfacet
  facet normal 1 0 0
    outer loop
      vertex 15.5 3.5 4
      vertex 15.5 -3.5 7.5
      vertex 15.5 -3.482872261029298 4
    endloop
  endfacet
  facet normal -1 0 0
    outer loop
      vertex 10.5 -3.2889241727506793 8.69707050163984
      vertex 10.5 -3.482872261029298 4
      vertex 10.5 -3.5 7.5
    endloop
  endfacet
  facet normal -1 0 0
    outer loop
      vertex 10.5 -3.2889241727506793 8.69707050163984
      vertex 10.5 -0.9516231763884825 7.056250825172265
      vertex 10.5 -3.482872261029298 4
    endloop
  endfacet
  facet normal -1 0 0
    outer loop
      vertex 10.5 -3.446827135542728 8.107768621834257
      vertex 10.5 -3.5 7.5
      vertex 10.5 -3.4866814433211095 7.8050450996168035
    endloop
  endfacet
  facet normal -1 0 0
    outer loop
      vertex 10.5 -3.2889241727506793 8.69707050163984
      vertex 10.5 -3.5 7.5
      vertex 10.5 -3.446827135542728 8.107768621834257
    endloop
  endfacet
  facet normal -1 0 0
    outer loop
      vertex 10.5 -3.482872261029298 4
      vertex 10.5 -0.742462120245875 6.757537879754125
      vertex 10.5 -0.6749269901708662 6.695653334725073
    endloop
  endfacet
  facet normal -1 0 0
    outer loop
      vertex 10.5 -3.482872261029298 4
      vertex 10.5 -0.6022552581685984 6.6398903534965585
      vertex 10.5 -0.525 6.590673326026339
    endloop
  endfacet
  facet normal -1 0 0
    outer loop
      vertex 10.5 -3.482872261029298 4
      vertex 10.5 -0.6749269901708662 6.695653334725073
      vertex 10.5 -0.6022552581685984 6.6398903534965585
    endloop
  endfacet
  facet normal -1 0 0
    outer loop
      vertex 10.5 -3.482872261029298 4
      vertex 10.5 -0.9516231763884825 7.056250825172265
      vertex 10.5 -0.9093266739736605 6.975
    endloop
  endfacet
  facet normal -1 0 0
    outer loop
      vertex 10.5 -3.482872261029298 4
      vertex 10.5 -0.9093266739736605 6.975
      vertex 10.5 -0.8601096465034415 6.897744741831401
    endloop
  endfacet
  facet normal -1 0 0
    outer loop
      vertex 10.5 -3.482872261029298 4
      vertex 10.5 -0.8601096465034415 6.897744741831401
      vertex 10.5 -0.8043466652749269 6.825073009829134
    endloop
  endfacet
  facet normal -1 0 0
    outer loop
      vertex 10.5 -3.482872261029298 4
      vertex 10.5 -0.8043466652749269 6.825073009829134
      vertex 10.5 -0.742462120245875 6.757537879754125
    endloop
  endfacet
  facet normal -1 0 0
    outer loop
      vertex 10.5 -3.482872261029298 4
      vertex 10.5 -0.525 6.590673326026339
      vertex 10.5 -0.4437491748277344 6.548376823611518
    endloop
  endfacet
  facet normal -1 0 0
    outer loop
      vertex 10.5 -3.482872261029298 4
      vertex 10.5 -0.4437491748277344 6.548376823611518
      vertex 10.5 -0.35912115049195215 6.5133227481747955
    endloop
  endfacet
  facet normal -1 0 0
    outer loop
      vertex 10.5 -3.482872261029298 4
      vertex 10.5 -0.35912115049195215 6.5133227481747955
      vertex 10.5 -0.2717599973576468 6.485777882396478
    endloop
  endfacet
  facet normal -1 0 0
    outer loop
      vertex 10.5 -3.482872261029298 4
      vertex 10.5 -0.2717599973576468 6.485777882396478
      vertex 10.5 -0.18233058655027687 6.465951859337181
    endloop
  endfacet
  facet normal -1 0 0
    outer loop
      vertex 10.5 -3.482872261029298 4
      vertex 10.5 -0.18233058655027687 6.465951859337181
      vertex 10.5 -0.09151352988504108 6.453995567003667
    endloop
  endfacet
  facet normal -1 0 0
    outer loop
      vertex 10.5 -3.2889241727506793 8.69707050163984
      vertex 10.5 -0.9866772518252039 7.140878849508048
      vertex 10.5 -0.9516231763884825 7.056250825172265
    endloop
  endfacet
  facet normal -1 0 0
    outer loop
      vertex 10.5 -3.2889241727506793 8.69707050163984
      vertex 10.5 -1.0142221176035218 7.2282400026423534
      vertex 10.5 -0.9866772518252039 7.140878849508048
    endloop
  endfacet
  facet normal -1 0 0
    outer loop
      vertex 10.5 -3.2889241727506793 8.69707050163984
      vertex 10.5 -1.0340481406628184 7.317669413449723
      vertex 10.5 -1.0142221176035218 7.2282400026423534
    endloop
  endfacet
  facet normal -1 0 0
    outer loop
      vertex 10.5 -3.2889241727506793 8.69707050163984
      vertex 10.5 -1.046004432996333 7.408486470114958
      vertex 10.5 -1.0340481406628184 7.317669413449723
    endloop
  endfacet
  facet normal -1 0 0
    outer loop
      vertex 10.5 -3.2889241727506793 8.69707050163984
      vertex 10.5 -1.05 7.5
      vertex 10.5 -1.046004432996333 7.408486470114958
    endloop
  endfacet
  facet normal -1 0 0
    outer loop
      vertex 10.5 -3.2889241727506793 8.69707050163984
      vertex 10.5 -1.046004432996333 7.591513529885042
      vertex 10.5 -1.05 7.5
    endloop
  endfacet
  facet normal -1 0 0
    outer loop
      vertex 10.5 -3.2889241727506793 8.69707050163984
      vertex 10.5 -1.0340481406628184 7.682330586550277
      vertex 10.5 -1.046004432996333 7.591513529885042
    endloop
  endfacet
  facet normal -1 0 0
    outer loop
      vertex 10.5 -3.2889241727506793 8.69707050163984
      vertex 10.5 -1.0142221176035218 7.7717599973576466
      vertex 10.5 -1.0340481406628184 7.682330586550277
    endloop
  endfacet
  facet normal -1 0 0
    outer loop
      vertex 10.5 -3.2889241727506793 8.69707050163984
      vertex 10.5 -0.9866772518252039 7.859121150491952
      vertex 10.5 -1.0142221176035218 7.7717599973576466
    endloop
  endfacet
  facet normal -1 0 0
    outer loop
      vertex 10.5 -3.2889241727506793 8.69707050163984
      vertex 10.5 -0.9516231763884825 7.943749174827735
      vertex 10.5 -0.9866772518252039 7.859121150491952
    endloop
  endfacet
  facet normal -1 0 0
    outer loop
      vertex 10.5 -3.2889241727506793 8.69707050163984
      vertex 10.5 -0.9093266739736605 8.025
      vertex 10.5 -0.9516231763884825 7.943749174827735
    endloop
  endfacet
  facet normal -1 0 0
    outer loop
      vertex 10.5 -3.2889241727506793 8.69707050163984
      vertex 10.5 -3.446827135542728 8.107768621834257
      vertex 10.5 -3.380740392011739 8.405866657858823
    endloop
  endfacet
  facet normal -1 0 0
    outer loop
      vertex 10.5 -3.031088913245535 9.25
      vertex 10.5 -3.2889241727506793 8.69707050163984
      vertex 10.5 -3.1720772546282747 8.979163916092448
    endloop
  endfacet
  facet normal -1 0 0
    outer loop
      vertex 10.5 -2.8670321550114712 9.50751752722866
      vertex 10.5 -3.2889241727506793 8.69707050163984
      vertex 10.5 -3.031088913245535 9.25
    endloop
  endfacet
  facet normal -1 0 0
    outer loop
      vertex 10.5 -2.249756633902887 10.181155550916422
      vertex 10.5 -3.2889241727506793 8.69707050163984
      vertex 10.5 -2.8670321550114712 9.50751752722866
    endloop
  endfacet
  facet normal -1 0 0
    outer loop
      vertex 10.5 -2.4748737341529163 9.974873734152917
      vertex 10.5 -2.8670321550114712 9.50751752722866
      vertex 10.5 -2.681155550916423 9.749756633902887
    endloop
  endfacet
  facet normal -1 0 0
    outer loop
      vertex 10.5 -2.249756633902887 10.181155550916422
      vertex 10.5 -2.8670321550114712 9.50751752722866
      vertex 10.5 -2.4748737341529163 9.974873734152917
    endloop
  endfacet
  facet normal -1 0 0
    outer loop
      vertex 10.5 -3.2889241727506793 8.69707050163984
      vertex 10.5 -0.8601096465034415 8.102255258168597
      vertex 10.5 -0.9093266739736605 8.025
    endloop
  endfacet
  facet normal -1 0 0
    outer loop
      vertex 10.5 -3.2889241727506793 8.69707050163984
      vertex 10.5 -0.8043466652749269 8.174926990170867
      vertex 10.5 -0.8601096465034415 8.102255258168597
    endloop
  endfacet
  facet normal -1 0 0
    outer loop
      vertex 10.5 -3.2889241727506793 8.69707050163984
      vertex 10.5 -0.742462120245875 8.242462120245875
      vertex 10.5 -0.8043466652749269 8.174926990170867
    endloop
  endfacet
  facet normal -1 0 0
    outer loop
      vertex 10.5 -3.2889241727506793 8.69707050163984
      vertex 10.5 -0.6749269901708662 8.304346665274927
      vertex 10.5 -0.742462120245875 8.242462120245875
    endloop
  endfacet
  facet normal -1 0 0
    outer loop
      vertex 10.5 -3.2889241727506793 8.69707050163984
      vertex 10.5 -0.6022552581685984 8.360109646503442
      vertex 10.5 -0.6749269901708662 8.304346665274927
    endloop
  endfacet
  facet normal -1 0 0
    outer loop
      vertex 10.5 -3.2889241727506793 8.69707050163984
      vertex 10.5 -0.525 8.409326673973661
      vertex 10.5 -0.6022552581685984 8.360109646503442
    endloop
  endfacet
  facet normal -1 0 0
    outer loop
      vertex 10.5 -3.2889241727506793 8.69707050163984
      vertex 10.5 -0.4437491748277344 8.451623176388482
      vertex 10.5 -0.525 8.409326673973661
    endloop
  endfacet
  facet normal -1 0 0
    outer loop
      vertex 10.5 -3.2889241727506793 8.69707050163984
      vertex 10.5 -0.35912115049195215 8.486677251825203
      vertex 10.5 -0.4437491748277344 8.451623176388482
    endloop
  endfacet
  facet normal -1 0 0
    outer loop
      vertex 10.5 -3.2889241727506793 8.69707050163984
      vertex 10.5 -0.2717599973576468 8.514222117603522
      vertex 10.5 -0.35912115049195215 8.486677251825203
    endloop
  endfacet
  facet normal -1 0 0
    outer loop
      vertex 10.5 -0.6077686218342562 10.946827135542728
      vertex 10.5 -3.2889241727506793 8.69707050163984
      vertex 10.5 -2.249756633902887 10.181155550916422
    endloop
  endfacet
  facet normal -1 0 0
    outer loop
      vertex 10.5 -1.75 10.531088913245535
      vertex 10.5 -2.249756633902887 10.181155550916422
      vertex 10.5 -2.007517527228661 10.367032155011472
    endloop
  endfacet
  facet normal -1 0 0
    outer loop
      vertex 10.5 -1.4791639160924481 10.672077254628274
      vertex 10.5 -2.249756633902887 10.181155550916422
      vertex 10.5 -1.75 10.531088913245535
    endloop
  endfacet
  facet normal -1 0 0
    outer loop
      vertex 10.5 -0.6077686218342562 10.946827135542728
      vertex 10.5 -2.249756633902887 10.181155550916422
      vertex 10.5 -1.4791639160924481 10.672077254628274
    endloop
  endfacet
  facet normal -1 0 0
    outer loop
      vertex 10.5 -3.482872261029298 4
      vertex 10.5 -0.09151352988504108 6.453995567003667
      vertex 10.5 0 6.45
    endloop
  endfacet
  facet normal -1 0 0
    outer loop
      vertex 10.5 -3.482872261029298 4
      vertex 10.5 0 6.45
      vertex 10.5 0.09151352988504108 6.453995567003667
    endloop
  endfacet
  facet normal -1 0 0
    outer loop
      vertex 10.5 -3.482872261029298 4
      vertex 10.5 0.09151352988504108 6.453995567003667
      vertex 10.5 0.18233058655027687 6.465951859337181
    endloop
  endfacet
  facet normal -1 0 0
    outer loop
      vertex 10.5 -3.482872261029298 4
      vertex 10.5 0.18233058655027687 6.465951859337181
      vertex 10.5 0.2717599973576468 6.485777882396478
    endloop
  endfacet
  facet normal -1 0 0
    outer loop
      vertex 10.5 -3.482872261029298 4
      vertex 10.5 0.2717599973576468 6.485777882396478
      vertex 10.5 0.35912115049195215 6.5133227481747955
    endloop
  endfacet
  facet normal -1 0 0
    outer loop
      vertex 10.5 3.4866814433211095 7.8050450996168035
      vertex 10.5 -3.482872261029298 4
      vertex 10.5 0.35912115049195215 6.5133227481747955
    endloop
  endfacet
  facet normal -1 0 0
    outer loop
      vertex 10.5 -3.2889241727506793 8.69707050163984
      vertex 10.5 -0.18233058655027687 8.534048140662819
      vertex 10.5 -0.2717599973576468 8.514222117603522
    endloop
  endfacet
  facet normal -1 0 0
    outer loop
      vertex 10.5 -3.2889241727506793 8.69707050163984
      vertex 10.5 -0.09151352988504108 8.546004432996334
      vertex 10.5 -0.18233058655027687 8.534048140662819
    endloop
  endfacet
  facet normal -1 0 0
    outer loop
      vertex 10.5 -3.2889241727506793 8.69707050163984
      vertex 10.5 0 8.55
      vertex 10.5 -0.09151352988504108 8.546004432996334
    endloop
  endfacet
  facet normal -1 0 0
    outer loop
      vertex 10.5 -3.2889241727506793 8.69707050163984
      vertex 10.5 0.09151352988504108 8.546004432996334
      vertex 10.5 0 8.55
    endloop
  endfacet
  facet normal -1 0 0
    outer loop
      vertex 10.5 2.4748737341529163 9.974873734152917
      vertex 10.5 0.09151352988504108 8.546004432996334
      vertex 10.5 -3.2889241727506793 8.69707050163984
    endloop
  endfacet
  facet normal -1 0 0
    outer loop
      vertex 10.5 -0.9058666578588226 10.880740392011738
      vertex 10.5 -1.4791639160924481 10.672077254628274
      vertex 10.5 -1.1970705016398404 10.78892417275068
    endloop
  endfacet
  facet normal -1 0 0
    outer loop
      vertex 10.5 -0.6077686218342562 10.946827135542728
      vertex 10.5 -1.4791639160924481 10.672077254628274
      vertex 10.5 -0.9058666578588226 10.880740392011738
    endloop
  endfacet
  facet normal -1 0 0
    outer loop
      vertex 10.5 2.4748737341529163 9.974873734152917
      vertex 10.5 -3.2889241727506793 8.69707050163984
      vertex 10.5 -0.6077686218342562 10.946827135542728
    endloop
  endfacet
  facet normal -1 0 0
    outer loop
      vertex 10.5 0.3050450996168036 10.98668144332111
      vertex 10.5 -0.6077686218342562 10.946827135542728
      vertex 10.5 -0.3050450996168036 10.98668144332111
    endloop
  endfacet
  facet normal -1 0 0
    outer loop
      vertex 10.5 2.4748737341529163 9.974873734152917
      vertex 10.5 0.18233058655027687 8.534048140662819
      vertex 10.5 0.09151352988504108 8.546004432996334
    endloop
  endfacet
  facet normal -1 0 0
    outer loop
      vertex 10.5 2.4748737341529163 9.974873734152917
      vertex 10.5 0.2717599973576468 8.514222117603522
      vertex 10.5 0.18233058655027687 8.534048140662819
    endloop
  endfacet
  facet normal -1 0 0
    outer loop
      vertex 10.5 0.3050450996168036 10.98668144332111
      vertex 10.5 -0.3050450996168036 10.98668144332111
      vertex 10.5 0 11
    endloop
  endfacet
  facet normal -1 0 0
    outer loop
      vertex 10.5 1.1970705016398404 10.78892417275068
      vertex 10.5 -0.6077686218342562 10.946827135542728
      vertex 10.5 0.3050450996168036 10.98668144332111
    endloop
  endfacet
  facet normal -1 0 0
    outer loop
      vertex 10.5 1.1970705016398404 10.78892417275068
      vertex 10.5 0.3050450996168036 10.98668144332111
      vertex 10.5 0.6077686218342562 10.946827135542728
    endloop
  endfacet
  facet normal -1 0 0
    outer loop
      vertex 10.5 1.1970705016398404 10.78892417275068
      vertex 10.5 0.6077686218342562 10.946827135542728
      vertex 10.5 0.9058666578588226 10.880740392011738
    endloop
  endfacet
  facet normal 0 -1 0
    outer loop
      vertex 10.5 -3.5 7.5
      vertex 15.5 -3.5 2
      vertex 15.5 -3.5 7.5
    endloop
  endfacet
  facet normal 2.3866947858322593e-21 -0.9990482215818577 0.04361938736533551
    outer loop
      vertex 10.5 -3.4866814433211095 7.8050450996168035
      vertex 10.5 -3.5 7.5
      vertex 15.5 -3.5 7.5
    endloop
  endfacet
  facet normal 0 -0.9914448613738104 0.1305261922200523
    outer loop
      vertex 10.5 -3.446827135542728 8.107768621834257
      vertex 10.5 -3.4866814433211095 7.8050450996168035
      vertex 15.5 -3.446827135542728 8.107768621834257
    endloop
  endfacet
  facet normal -1.1076219901833327e-18 -0.9762960071199333 0.21643961393810285
    outer loop
      vertex 10.5 -3.380740392011739 8.405866657858823
      vertex 10.5 -3.446827135542728 8.107768621834257
      vertex 15.5 -3.446827135542728 8.107768621834257
    endloop
  endfacet
  facet normal 0 -0.9990482215818577 0.04361938736533551
    outer loop
      vertex 10.5 -3.4866814433211095 7.8050450996168035
      vertex 15.5 -3.5 7.5
      vertex 15.5 -3.4866814433211095 7.8050450996168035
    endloop
  endfacet
  facet normal 0 -0.9914448613738104 0.1305261922200523
    outer loop
      vertex 10.5 -3.4866814433211095 7.8050450996168035
      vertex 15.5 -3.4866814433211095 7.8050450996168035
      vertex 15.5 -3.446827135542728 8.107768621834257
    endloop
  endfacet
  facet normal 1 0 0
    outer loop
      vertex 15.5 -3.446827135542728 8.107768621834257
      vertex 15.5 -3.4866814433211095 7.8050450996168035
      vertex 15.5 -3.5 7.5
    endloop
  endfacet
  facet normal 1 0 0
    outer loop
      vertex 15.5 -3.2889241727506793 8.69707050163984
      vertex 15.5 -3.446827135542728 8.107768621834257
      vertex 15.5 -3.5 7.5
    endloop
  endfacet
  facet normal 1 0 0
    outer loop
      vertex 15.5 -3.2889241727506793 8.69707050163984
      vertex 15.5 -3.5 7.5
      vertex 15.5 -0.9866772518252039 7.140878849508048
    endloop
  endfacet
  facet normal 1 0 0
    outer loop
      vertex 15.5 -3.5 7.5
      vertex 15.5 -0.35912115049195215 6.5133227481747955
      vertex 15.5 -0.4437491748277344 6.548376823611518
    endloop
  endfacet
  facet normal 1 0 0
    outer loop
      vertex 15.5 -3.5 7.5
      vertex 15.5 -0.2717599973576468 6.485777882396478
      vertex 15.5 -0.35912115049195215 6.5133227481747955
    endloop
  endfacet
  facet normal 1 0 0
    outer loop
      vertex 15.5 -3.5 7.5
      vertex 15.5 -0.9516231763884825 7.056250825172265
      vertex 15.5 -0.9866772518252039 7.140878849508048
    endloop
  endfacet
  facet normal 1 0 0
    outer loop
      vertex 15.5 -3.5 7.5
      vertex 15.5 -0.742462120245875 6.757537879754125
      vertex 15.5 -0.8043466652749269 6.825073009829134
    endloop
  endfacet
  facet normal 1 0 0
    outer loop
      vertex 15.5 -3.5 7.5
      vertex 15.5 -0.8601096465034415 6.897744741831401
      vertex 15.5 -0.9093266739736605 6.975
    endloop
  endfacet
  facet normal 1 0 0
    outer loop
      vertex 15.5 -3.5 7.5
      vertex 15.5 -0.9093266739736605 6.975
      vertex 15.5 -0.9516231763884825 7.056250825172265
    endloop
  endfacet
  facet normal 1 0 0
    outer loop
      vertex 15.5 -3.5 7.5
      vertex 15.5 -0.8043466652749269 6.825073009829134
      vertex 15.5 -0.8601096465034415 6.897744741831401
    endloop
  endfacet
  facet normal 1 0 0
    outer loop
      vertex 15.5 -3.5 7.5
      vertex 15.5 -0.6749269901708662 6.695653334725073
      vertex 15.5 -0.742462120245875 6.757537879754125
    endloop
  endfacet
  facet normal 1 0 0
    outer loop
      vertex 15.5 -3.5 7.5
      vertex 15.5 -0.6022552581685984 6.6398903534965585
      vertex 15.5 -0.6749269901708662 6.695653334725073
    endloop
  endfacet
  facet normal 1 0 0
    outer loop
      vertex 15.5 -3.5 7.5
      vertex 15.5 -0.525 6.590673326026339
      vertex 15.5 -0.6022552581685984 6.6398903534965585
    endloop
  endfacet
  facet normal 1 0 0
    outer loop
      vertex 15.5 -3.5 7.5
      vertex 15.5 -0.4437491748277344 6.548376823611518
      vertex 15.5 -0.525 6.590673326026339
    endloop
  endfacet
  facet normal 1 0 0
    outer loop
      vertex 15.5 -3.2889241727506793 8.69707050163984
      vertex 15.5 -0.9866772518252039 7.140878849508048
      vertex 15.5 -1.0142221176035218 7.2282400026423534
    endloop
  endfacet
  facet normal 1 0 0
    outer loop
      vertex 15.5 -3.2889241727506793 8.69707050163984
      vertex 15.5 -1.0142221176035218 7.2282400026423534
      vertex 15.5 -1.0340481406628184 7.317669413449723
    endloop
  endfacet
  facet normal 1 0 0
    outer loop
      vertex 15.5 -3.2889241727506793 8.69707050163984
      vertex 15.5 -1.0340481406628184 7.317669413449723
      vertex 15.5 -1.046004432996333 7.408486470114958
    endloop
  endfacet
  facet normal 1 0 0
    outer loop
      vertex 15.5 -3.2889241727506793 8.69707050163984
      vertex 15.5 -1.046004432996333 7.408486470114958
      vertex 15.5 -1.05 7.5
    endloop
  endfacet
  facet normal 1 0 0
    outer loop
      vertex 15.5 -3.2889241727506793 8.69707050163984
      vertex 15.5 -1.05 7.5
      vertex 15.5 -1.046004432996333 7.591513529885042
    endloop
  endfacet
  facet normal 1 0 0
    outer loop
      vertex 15.5 -3.2889241727506793 8.69707050163984
      vertex 15.5 -1.046004432996333 7.591513529885042
      vertex 15.5 -1.0340481406628184 7.682330586550277
    endloop
  endfacet
  facet normal 1 0 0
    outer loop
      vertex 15.5 -3.2889241727506793 8.69707050163984
      vertex 15.5 -1.0340481406628184 7.682330586550277
      vertex 15.5 -1.0142221176035218 7.7717599973576466
    endloop
  endfacet
  facet normal 1 0 0
    outer loop
      vertex 15.5 -3.2889241727506793 8.69707050163984
      vertex 15.5 -1.0142221176035218 7.7717599973576466
      vertex 15.5 -0.9866772518252039 7.859121150491952
    endloop
  endfacet
  facet normal 1 0 0
    outer loop
      vertex 15.5 -3.2889241727506793 8.69707050163984
      vertex 15.5 -0.9866772518252039 7.859121150491952
      vertex 15.5 -0.9516231763884825 7.943749174827735
    endloop
  endfacet
  facet normal 1 0 0
    outer loop
      vertex 15.5 -3.2889241727506793 8.69707050163984
      vertex 15.5 -0.9516231763884825 7.943749174827735
      vertex 15.5 -0.9093266739736605 8.025
    endloop
  endfacet
  facet normal 0 -0.9537169507482267 0.3007057995042731
    outer loop
      vertex 10.5 -3.2889241727506793 8.69707050163984
      vertex 10.5 -3.380740392011739 8.405866657858823
      vertex 15.5 -3.2889241727506793 8.69707050163984
    endloop
  endfacet
  facet normal 4.290682591197767e-19 -0.9238795325112865 0.3826834323650905
    outer loop
      vertex 10.5 -3.1720772546282747 8.979163916092448
      vertex 10.5 -3.2889241727506793 8.69707050163984
      vertex 15.5 -3.2889241727506793 8.69707050163984
    endloop
  endfacet
  facet normal 0 -0.8870108331782219 0.4617486132350336
    outer loop
      vertex 10.5 -3.031088913245535 9.25
      vertex 10.5 -3.1720772546282747 8.979163916092448
      vertex 15.5 -3.031088913245535 9.25
    endloop
  endfacet
  facet normal 1.7485504836178908e-18 -0.8433914458128853 0.5372996083468247
    outer loop
      vertex 10.5 -2.8670321550114712 9.50751752722866
      vertex 10.5 -3.031088913245535 9.25
      vertex 15.5 -3.031088913245535 9.25
    endloop
  endfacet
  facet normal 0 -0.9762960071199333 0.21643961393810285
    outer loop
      vertex 10.5 -3.380740392011739 8.405866657858823
      vertex 15.5 -3.446827135542728 8.107768621834257
      vertex 15.5 -3.380740392011739 8.405866657858823
    endloop
  endfacet
  facet normal 0 -0.9537169507482267 0.3007057995042731
    outer loop
      vertex 10.5 -3.380740392011739 8.405866657858823
      vertex 15.5 -3.380740392011739 8.405866657858823
      vertex 15.5 -3.2889241727506793 8.69707050163984
    endloop
  endfacet
  facet normal 0 -0.9238795325112865 0.3826834323650905
    outer loop
      vertex 10.5 -3.1720772546282747 8.979163916092448
      vertex 15.5 -3.2889241727506793 8.69707050163984
      vertex 15.5 -3.1720772546282747 8.979163916092448
    endloop
  endfacet
  facet normal 0 -0.8870108331782219 0.4617486132350336
    outer loop
      vertex 10.5 -3.1720772546282747 8.979163916092448
      vertex 15.5 -3.1720772546282747 8.979163916092448
      vertex 15.5 -3.031088913245535 9.25
    endloop
  endfacet
  facet normal 0 -0.8433914458128853 0.5372996083468247
    outer loop
      vertex 10.5 -2.8670321550114712 9.50751752722866
      vertex 15.5 -3.031088913245535 9.25
      vertex 15.5 -2.8670321550114712 9.50751752722866
    endloop
  endfacet
  facet normal 0 -0.7933533402912353 0.6087614290087204
    outer loop
      vertex 10.5 -2.8670321550114712 9.50751752722866
      vertex 15.5 -2.8670321550114712 9.50751752722866
      vertex 15.5 -2.681155550916423 9.749756633902887
    endloop
  endfacet
  facet normal 0 -0.7933533402912353 0.6087614290087204
    outer loop
      vertex 10.5 -2.681155550916423 9.749756633902887
      vertex 10.5 -2.8670321550114712 9.50751752722866
      vertex 15.5 -2.681155550916423 9.749756633902887
    endloop
  endfacet
  facet normal 0 -0.7372773368101255 0.6755902076156588
    outer loop
      vertex 10.5 -2.4748737341529163 9.974873734152917
      vertex 10.5 -2.681155550916423 9.749756633902887
      vertex 15.5 -2.4748737341529163 9.974873734152917
    endloop
  endfacet
  facet normal 8.888259663225508e-19 -0.675590207615657 0.737277336810127
    outer loop
      vertex 10.5 -2.249756633902887 10.181155550916422
      vertex 10.5 -2.4748737341529163 9.974873734152917
      vertex 15.5 -2.4748737341529163 9.974873734152917
    endloop
  endfacet
  facet normal 0 -0.7372773368101255 0.6755902076156588
    outer loop
      vertex 10.5 -2.681155550916423 9.749756633902887
      vertex 15.5 -2.681155550916423 9.749756633902887
      vertex 15.5 -2.4748737341529163 9.974873734152917
    endloop
  endfacet
  facet normal 0 -0.6087614290087248 0.7933533402912321
    outer loop
      vertex 10.5 -2.007517527228661 10.367032155011472
      vertex 10.5 -2.249756633902887 10.181155550916422
      vertex 15.5 -2.007517527228661 10.367032155011472
    endloop
  endfacet
  facet normal 2.0042905125613583e-18 -0.5372996083468209 0.8433914458128875
    outer loop
      vertex 10.5 -1.75 10.531088913245535
      vertex 10.5 -2.007517527228661 10.367032155011472
      vertex 15.5 -2.007517527228661 10.367032155011472
    endloop
  endfacet
  facet normal 0 -0.4617486132350327 0.8870108331782224
    outer loop
      vertex 10.5 -1.4791639160924481 10.672077254628274
      vertex 10.5 -1.75 10.531088913245535
      vertex 15.5 -1.4791639160924481 10.672077254628274
    endloop
  endfacet
  facet normal 0 -0.3826834323650921 0.9238795325112856
    outer loop
      vertex 10.5 -1.1970705016398404 10.78892417275068
      vertex 10.5 -1.4791639160924481 10.672077254628274
      vertex 15.5 -1.1970705016398404 10.78892417275068
    endloop
  endfacet
  facet normal 0 -0.675590207615657 0.737277336810127
    outer loop
      vertex 10.5 -2.249756633902887 10.181155550916422
      vertex 15.5 -2.4748737341529163 9.974873734152917
      vertex 15.5 -2.249756633902887 10.181155550916422
    endloop
  endfacet
  facet normal 0 -0.6087614290087248 0.7933533402912321
    outer loop
      vertex 10.5 -2.249756633902887 10.181155550916422
      vertex 15.5 -2.249756633902887 10.181155550916422
      vertex 15.5 -2.007517527228661 10.367032155011472
    endloop
  endfacet
  facet normal 0 -0.5372996083468209 0.8433914458128875
    outer loop
      vertex 10.5 -1.75 10.531088913245535
      vertex 15.5 -2.007517527228661 10.367032155011472
      vertex 15.5 -1.75 10.531088913245535
    endloop
  endfacet
  facet normal 0 -0.4617486132350327 0.8870108331782224
    outer loop
      vertex 10.5 -1.75 10.531088913245535
      vertex 15.5 -1.75 10.531088913245535
      vertex 15.5 -1.4791639160924481 10.672077254628274
    endloop
  endfacet
  facet normal 0 -0.3826834323650921 0.9238795325112856
    outer loop
      vertex 10.5 -1.4791639160924481 10.672077254628274
      vertex 15.5 -1.4791639160924481 10.672077254628274
      vertex 15.5 -1.1970705016398404 10.78892417275068
    endloop
  endfacet
  facet normal 1 0 0
    outer loop
      vertex 15.5 -3.2889241727506793 8.69707050163984
      vertex 15.5 -3.380740392011739 8.405866657858823
      vertex 15.5 -3.446827135542728 8.107768621834257
    endloop
  endfacet
  facet normal 1 0 0
    outer loop
      vertex 15.5 -3.031088913245535 9.25
      vertex 15.5 -3.1720772546282747 8.979163916092448
      vertex 15.5 -3.2889241727506793 8.69707050163984
    endloop
  endfacet
  facet normal 1 0 0
    outer loop
      vertex 15.5 -2.681155550916423 9.749756633902887
      vertex 15.5 -3.031088913245535 9.25
      vertex 15.5 -3.2889241727506793 8.69707050163984
    endloop
  endfacet
  facet normal 1 0 0
    outer loop
      vertex 15.5 -2.681155550916423 9.749756633902887
      vertex 15.5 -2.8670321550114712 9.50751752722866
      vertex 15.5 -3.031088913245535 9.25
    endloop
  endfacet
  facet normal 1 0 0
    outer loop
      vertex 15.5 -2.007517527228661 10.367032155011472
      vertex 15.5 -2.681155550916423 9.749756633902887
      vertex 15.5 -3.2889241727506793 8.69707050163984
    endloop
  endfacet
  facet normal 1 0 0
    outer loop
      vertex 15.5 -2.007517527228661 10.367032155011472
      vertex 15.5 -2.4748737341529163 9.974873734152917
      vertex 15.5 -2.681155550916423 9.749756633902887
    endloop
  endfacet
  facet normal 1 0 0
    outer loop
      vertex 15.5 -3.2889241727506793 8.69707050163984
      vertex 15.5 -0.9093266739736605 8.025
      vertex 15.5 -0.8601096465034415 8.102255258168597
    endloop
  endfacet
  facet normal 1 0 0
    outer loop
      vertex 15.5 -3.2889241727506793 8.69707050163984
      vertex 15.5 -0.8601096465034415 8.102255258168597
      vertex 15.5 -0.8043466652749269 8.174926990170867
    endloop
  endfacet
  facet normal 1 0 0
    outer loop
      vertex 15.5 -0.3050450996168036 10.98668144332111
      vertex 15.5 -3.2889241727506793 8.69707050163984
      vertex 15.5 -0.8043466652749269 8.174926990170867
    endloop
  endfacet
  facet normal 1 0 0
    outer loop
      vertex 15.5 -2.007517527228661 10.367032155011472
      vertex 15.5 -2.249756633902887 10.181155550916422
      vertex 15.5 -2.4748737341529163 9.974873734152917
    endloop
  endfacet
  facet normal 1 0 0
    outer loop
      vertex 15.5 -0.3050450996168036 10.98668144332111
      vertex 15.5 -2.007517527228661 10.367032155011472
      vertex 15.5 -3.2889241727506793 8.69707050163984
    endloop
  endfacet
  facet normal 1 0 0
    outer loop
      vertex 15.5 -1.4791639160924481 10.672077254628274
      vertex 15.5 -1.75 10.531088913245535
      vertex 15.5 -2.007517527228661 10.367032155011472
    endloop
  endfacet
  facet normal 1 0 0
    outer loop
      vertex 15.5 -1.1970705016398404 10.78892417275068
      vertex 15.5 -1.4791639160924481 10.672077254628274
      vertex 15.5 -2.007517527228661 10.367032155011472
    endloop
  endfacet
  facet normal 1 0 0
    outer loop
      vertex 15.5 3.5 4
      vertex 15.5 -0.2717599973576468 6.485777882396478
      vertex 15.5 -3.5 7.5
    endloop
  endfacet
  facet normal 0 -0.3007057995042705 0.9537169507482277
    outer loop
      vertex 10.5 -0.9058666578588226 10.880740392011738
      vertex 10.5 -1.1970705016398404 10.78892417275068
      vertex 15.5 -0.9058666578588226 10.880740392011738
    endloop
  endfacet
  facet normal 6.472387763367792e-19 -0.21643961393810535 0.9762960071199329
    outer loop
      vertex 10.5 -0.6077686218342562 10.946827135542728
      vertex 10.5 -0.9058666578588226 10.880740392011738
      vertex 15.5 -0.9058666578588226 10.880740392011738
    endloop
  endfacet
  facet normal 0 -0.13052619222005557 0.9914448613738098
    outer loop
      vertex 10.5 -0.3050450996168036 10.98668144332111
      vertex 10.5 -0.6077686218342562 10.946827135542728
      vertex 15.5 -0.3050450996168036 10.98668144332111
    endloop
  endfacet
  facet normal 1.9475386071190732e-19 -0.043619387365332586 0.9990482215818579
    outer loop
      vertex 10.5 0 11
      vertex 10.5 -0.3050450996168036 10.98668144332111
      vertex 15.5 -0.3050450996168036 10.98668144332111
    endloop
  endfacet
  facet normal 0 -0.3007057995042705 0.9537169507482277
    outer loop
      vertex 10.5 -1.1970705016398404 10.78892417275068
      vertex 15.5 -1.1970705016398404 10.78892417275068
      vertex 15.5 -0.9058666578588226 10.880740392011738
    endloop
  endfacet
  facet normal 0 -0.21643961393810535 0.9762960071199329
    outer loop
      vertex 10.5 -0.6077686218342562 10.946827135542728
      vertex 15.5 -0.9058666578588226 10.880740392011738
      vertex 15.5 -0.6077686218342562 10.946827135542728
    endloop
  endfacet
  facet normal 0 -0.13052619222005557 0.9914448613738098
    outer loop
      vertex 10.5 -0.6077686218342562 10.946827135542728
      vertex 15.5 -0.6077686218342562 10.946827135542728
      vertex 15.5 -0.3050450996168036 10.98668144332111
    endloop
  endfacet
  facet normal 0 0.043619387365332586 0.9990482215818579
    outer loop
      vertex 10.5 0.3050450996168036 10.98668144332111
      vertex 10.5 0 11
      vertex 15.5 0.3050450996168036 10.98668144332111
    endloop
  endfacet
  facet normal -3.9773192105934295e-20 0.13052619222005557 0.9914448613738098
    outer loop
      vertex 10.5 0.6077686218342562 10.946827135542728
      vertex 10.5 0.3050450996168036 10.98668144332111
      vertex 15.5 0.3050450996168036 10.98668144332111
    endloop
  endfacet
  facet normal 0 0.21643961393810535 0.9762960071199329
    outer loop
      vertex 10.5 0.9058666578588226 10.880740392011738
      vertex 10.5 0.6077686218342562 10.946827135542728
      vertex 15.5 0.9058666578588226 10.880740392011738
    endloop
  endfacet
  facet normal 0 -0.043619387365332586 0.9990482215818579
    outer loop
      vertex 10.5 0 11
      vertex 15.5 -0.3050450996168036 10.98668144332111
      vertex 15.5 0 11
    endloop
  endfacet
  facet normal 0 0.043619387365332586 0.9990482215818579
    outer loop
      vertex 10.5 0 11
      vertex 15.5 0 11
      vertex 15.5 0.3050450996168036 10.98668144332111
    endloop
  endfacet
  facet normal 0 0.13052619222005557 0.9914448613738098
    outer loop
      vertex 10.5 0.6077686218342562 10.946827135542728
      vertex 15.5 0.3050450996168036 10.98668144332111
      vertex 15.5 0.6077686218342562 10.946827135542728
    endloop
  endfacet
  facet normal 0 0.21643961393810535 0.9762960071199329
    outer loop
      vertex 10.5 0.6077686218342562 10.946827135542728
      vertex 15.5 0.6077686218342562 10.946827135542728
      vertex 15.5 0.9058666578588226 10.880740392011738
    endloop
  endfacet
  facet normal 1 0 0
    outer loop
      vertex 15.5 -0.3050450996168036 10.98668144332111
      vertex 15.5 -0.8043466652749269 8.174926990170867
      vertex 15.5 -0.742462120245875 8.242462120245875
    endloop
  endfacet
  facet normal 1 0 0
    outer loop
      vertex 15.5 -0.3050450996168036 10.98668144332111
      vertex 15.5 -0.742462120245875 8.242462120245875
      vertex 15.5 -0.6749269901708662 8.304346665274927
    endloop
  endfacet
  facet normal 1 0 0
    outer loop
      vertex 15.5 -0.3050450996168036 10.98668144332111
      vertex 15.5 -0.6749269901708662 8.304346665274927
      vertex 15.5 -0.6022552581685984 8.360109646503442
    endloop
  endfacet
  facet normal 1 0 0
    outer loop
      vertex 15.5 -0.3050450996168036 10.98668144332111
      vertex 15.5 -0.6022552581685984 8.360109646503442
      vertex 15.5 -0.525 8.409326673973661
    endloop
  endfacet
  facet normal 1 0 0
    outer loop
      vertex 15.5 -0.3050450996168036 10.98668144332111
      vertex 15.5 -0.525 8.409326673973661
      vertex 15.5 -0.4437491748277344 8.451623176388482
    endloop
  endfacet
  facet normal 1 0 0
    outer loop
      vertex 15.5 -0.3050450996168036 10.98668144332111
      vertex 15.5 -0.4437491748277344 8.451623176388482
      vertex 15.5 -0.35912115049195215 8.486677251825203
    endloop
  endfacet
  facet normal 1 0 0
    outer loop
      vertex 15.5 -0.3050450996168036 10.98668144332111
      vertex 15.5 -0.35912115049195215 8.486677251825203
      vertex 15.5 -0.2717599973576468 8.514222117603522
    endloop
  endfacet
  facet normal 1 0 0
    outer loop
      vertex 15.5 -0.3050450996168036 10.98668144332111
      vertex 15.5 -0.2717599973576468 8.514222117603522
      vertex 15.5 -0.18233058655027687 8.534048140662819
    endloop
  endfacet
  facet normal 1 0 0
    outer loop
      vertex 15.5 -0.3050450996168036 10.98668144332111
      vertex 15.5 -0.18233058655027687 8.534048140662819
      vertex 15.5 -0.09151352988504108 8.546004432996334
    endloop
  endfacet
  facet normal 1 0 0
    outer loop
      vertex 15.5 -0.3050450996168036 10.98668144332111
      vertex 15.5 -0.09151352988504108 8.546004432996334
      vertex 15.5 0 8.55
    endloop
  endfacet
  facet normal 1 0 0
    outer loop
      vertex 15.5 -0.3050450996168036 10.98668144332111
      vertex 15.5 -1.1970705016398404 10.78892417275068
      vertex 15.5 -2.007517527228661 10.367032155011472
    endloop
  endfacet
  facet normal 1 0 0
    outer loop
      vertex 15.5 -0.3050450996168036 10.98668144332111
      vertex 15.5 -0.9058666578588226 10.880740392011738
      vertex 15.5 -1.1970705016398404 10.78892417275068
    endloop
  endfacet
  facet normal 1 0 0
    outer loop
      vertex 15.5 -0.3050450996168036 10.98668144332111
      vertex 15.5 -0.6077686218342562 10.946827135542728
      vertex 15.5 -0.9058666578588226 10.880740392011738
    endloop
  endfacet
  facet normal 1 0 0
    outer loop
      vertex 15.5 -0.3050450996168036 10.98668144332111
      vertex 15.5 0 8.55
      vertex 15.5 0.09151352988504108 8.546004432996334
    endloop
  endfacet
  facet normal 1 0 0
    outer loop
      vertex 15.5 -0.3050450996168036 10.98668144332111
      vertex 15.5 0.09151352988504108 8.546004432996334
      vertex 15.5 0.18233058655027687 8.534048140662819
    endloop
  endfacet
  facet normal 1 0 0
    outer loop
      vertex 15.5 -0.3050450996168036 10.98668144332111
      vertex 15.5 0.18233058655027687 8.534048140662819
      vertex 15.5 0.2717599973576468 8.514222117603522
    endloop
  endfacet
  facet normal 1 0 0
    outer loop
      vertex 15.5 -0.3050450996168036 10.98668144332111
      vertex 15.5 0.2717599973576468 8.514222117603522
      vertex 15.5 0.35912115049195215 8.486677251825203
    endloop
  endfacet
  facet normal 1 0 0
    outer loop
      vertex 15.5 -0.3050450996168036 10.98668144332111
      vertex 15.5 0.525 8.409326673973661
      vertex 15.5 0.6022552581685984 8.360109646503442
    endloop
  endfacet
  facet normal 1 0 0
    outer loop
      vertex 15.5 -0.3050450996168036 10.98668144332111
      vertex 15.5 0.6022552581685984 8.360109646503442
      vertex 15.5 0.6749269901708662 8.304346665274927
    endloop
  endfacet
  facet normal 1 0 0
    outer loop
      vertex 15.5 -0.3050450996168036 10.98668144332111
      vertex 15.5 0.6749269901708662 8.304346665274927
      vertex 15.5 0.742462120245875 8.242462120245875
    endloop
  endfacet
  facet normal 1 0 0
    outer loop
      vertex 15.5 -0.3050450996168036 10.98668144332111
      vertex 15.5 0.742462120245875 8.242462120245875
      vertex 15.5 0.8043466652749269 8.174926990170867
    endloop
  endfacet
  facet normal 1 0 0
    outer loop
      vertex 15.5 -0.3050450996168036 10.98668144332111
      vertex 15.5 0.35912115049195215 8.486677251825203
      vertex 15.5 0.4437491748277344 8.451623176388482
    endloop
  endfacet
  facet normal 1 0 0
    outer loop
      vertex 15.5 -0.3050450996168036 10.98668144332111
      vertex 15.5 0.4437491748277344 8.451623176388482
      vertex 15.5 0.525 8.409326673973661
    endloop
  endfacet
  facet normal 1 0 0
    outer loop
      vertex 15.5 -0.3050450996168036 10.98668144332111
      vertex 15.5 0.9516231763884825 7.943749174827735
      vertex 15.5 0.9866772518252039 7.859121150491952
    endloop
  endfacet
  facet normal 1 0 0
    outer loop
      vertex 15.5 -0.3050450996168036 10.98668144332111
      vertex 15.5 0.8043466652749269 8.174926990170867
      vertex 15.5 0.8601096465034415 8.102255258168597
    endloop
  endfacet
  facet normal 1 0 0
    outer loop
      vertex 15.5 -0.3050450996168036 10.98668144332111
      vertex 15.5 0.8601096465034415 8.102255258168597
      vertex 15.5 0.9093266739736605 8.025
    endloop
  endfacet
  facet normal 1 0 0
    outer loop
      vertex 15.5 -0.3050450996168036 10.98668144332111
      vertex 15.5 0.9093266739736605 8.025
      vertex 15.5 0.9516231763884825 7.943749174827735
    endloop
  endfacet
  facet normal 1 0 0
    outer loop
      vertex 15.5 0.3050450996168036 10.98668144332111
      vertex 15.5 0 11
      vertex 15.5 -0.3050450996168036 10.98668144332111
    endloop
  endfacet
  facet normal 1 0 0
    outer loop
      vertex 15.5 0.9058666578588226 10.880740392011738
      vertex 15.5 0.3050450996168036 10.98668144332111
      vertex 15.5 -0.3050450996168036 10.98668144332111
    endloop
  endfacet
  facet normal 1 0 0
    outer loop
      vertex 15.5 0.9058666578588226 10.880740392011738
      vertex 15.5 0.6077686218342562 10.946827135542728
      vertex 15.5 0.3050450996168036 10.98668144332111
    endloop
  endfacet
  facet normal 1 0 0
    outer loop
      vertex 15.5 1.75 10.531088913245535
      vertex 15.5 0.9058666578588226 10.880740392011738
      vertex 15.5 -0.3050450996168036 10.98668144332111
    endloop
  endfacet
  facet normal -1 0 0
    outer loop
      vertex 10.5 3.5 7.5
      vertex 10.5 3.5 4
      vertex 10.5 -3.482872261029298 4
    endloop
  endfacet
  facet normal 0 1 0
    outer loop
      vertex 10.5 3.5 4
      vertex 15.5 3.5 7.5
      vertex 15.5 3.5 4
    endloop
  endfacet
  facet normal -1 0 0
    outer loop
      vertex 10.5 3.4866814433211095 7.8050450996168035
      vertex 10.5 3.5 7.5
      vertex 10.5 -3.482872261029298 4
    endloop
  endfacet
  facet normal -1 0 0
    outer loop
      vertex 10.5 3.4866814433211095 7.8050450996168035
      vertex 10.5 0.35912115049195215 6.5133227481747955
      vertex 10.5 0.4437491748277344 6.548376823611518
    endloop
  endfacet
  facet normal -1 0 0
    outer loop
      vertex 10.5 3.4866814433211095 7.8050450996168035
      vertex 10.5 0.4437491748277344 6.548376823611518
      vertex 10.5 0.525 6.590673326026339
    endloop
  endfacet
  facet normal -1 0 0
    outer loop
      vertex 10.5 3.4866814433211095 7.8050450996168035
      vertex 10.5 0.525 6.590673326026339
      vertex 10.5 0.6022552581685984 6.6398903534965585
    endloop
  endfacet
  facet normal -1 0 0
    outer loop
      vertex 10.5 3.4866814433211095 7.8050450996168035
      vertex 10.5 0.6022552581685984 6.6398903534965585
      vertex 10.5 0.6749269901708662 6.695653334725073
    endloop
  endfacet
  facet normal -1 0 0
    outer loop
      vertex 10.5 3.4866814433211095 7.8050450996168035
      vertex 10.5 0.6749269901708662 6.695653334725073
      vertex 10.5 0.742462120245875 6.757537879754125
    endloop
  endfacet
  facet normal -1 0 0
    outer loop
      vertex 10.5 3.4866814433211095 7.8050450996168035
      vertex 10.5 0.742462120245875 6.757537879754125
      vertex 10.5 0.8043466652749269 6.825073009829134
    endloop
  endfacet
  facet normal -1 0 0
    outer loop
      vertex 10.5 3.4866814433211095 7.8050450996168035
      vertex 10.5 0.8043466652749269 6.825073009829134
      vertex 10.5 0.8601096465034415 6.897744741831401
    endloop
  endfacet
  facet normal -1 0 0
    outer loop
      vertex 10.5 3.4866814433211095 7.8050450996168035
      vertex 10.5 0.8601096465034415 6.897744741831401
      vertex 10.5 0.9093266739736605 6.975
    endloop
  endfacet
  facet normal -1 0 0
    outer loop
      vertex 10.5 3.4866814433211095 7.8050450996168035
      vertex 10.5 0.9093266739736605 6.975
      vertex 10.5 0.9516231763884825 7.056250825172265
    endloop
  endfacet
  facet normal -1 0 0
    outer loop
      vertex 10.5 3.4866814433211095 7.8050450996168035
      vertex 10.5 0.9516231763884825 7.056250825172265
      vertex 10.5 0.9866772518252039 7.140878849508048
    endloop
  endfacet
  facet normal -1 0 0
    outer loop
      vertex 10.5 3.4866814433211095 7.8050450996168035
      vertex 10.5 0.9866772518252039 7.140878849508048
      vertex 10.5 1.0142221176035218 7.2282400026423534
    endloop
  endfacet
  facet normal -1 0 0
    outer loop
      vertex 10.5 3.4866814433211095 7.8050450996168035
      vertex 10.5 1.0142221176035218 7.2282400026423534
      vertex 10.5 1.0340481406628184 7.317669413449723
    endloop
  endfacet
  facet normal -1 0 0
    outer loop
      vertex 10.5 3.4866814433211095 7.8050450996168035
      vertex 10.5 1.0340481406628184 7.317669413449723
      vertex 10.5 1.046004432996333 7.408486470114958
    endloop
  endfacet
  facet normal -1 0 0
    outer loop
      vertex 10.5 3.4866814433211095 7.8050450996168035
      vertex 10.5 1.0142221176035218 7.7717599973576466
      vertex 10.5 0.9866772518252039 7.859121150491952
    endloop
  endfacet
  facet normal -1 0 0
    outer loop
      vertex 10.5 3.4866814433211095 7.8050450996168035
      vertex 10.5 0.9866772518252039 7.859121150491952
      vertex 10.5 0.9516231763884825 7.943749174827735
    endloop
  endfacet
  facet normal -1 0 0
    outer loop
      vertex 10.5 3.4866814433211095 7.8050450996168035
      vertex 10.5 0.9093266739736605 8.025
      vertex 10.5 0.8601096465034415 8.102255258168597
    endloop
  endfacet
  facet normal -1 0 0
    outer loop
      vertex 10.5 3.4866814433211095 7.8050450996168035
      vertex 10.5 0.9516231763884825 7.943749174827735
      vertex 10.5 0.9093266739736605 8.025
    endloop
  endfacet
  facet normal -1 0 0
    outer loop
      vertex 10.5 3.4866814433211095 7.8050450996168035
      vertex 10.5 1.046004432996333 7.408486470114958
      vertex 10.5 1.05 7.5
    endloop
  endfacet
  facet normal -1 0 0
    outer loop
      vertex 10.5 3.4866814433211095 7.8050450996168035
      vertex 10.5 1.05 7.5
      vertex 10.5 1.046004432996333 7.591513529885042
    endloop
  endfacet
  facet normal -1 0 0
    outer loop
      vertex 10.5 3.4866814433211095 7.8050450996168035
      vertex 10.5 1.046004432996333 7.591513529885042
      vertex 10.5 1.0340481406628184 7.682330586550277
    endloop
  endfacet
  facet normal -1 0 0
    outer loop
      vertex 10.5 3.4866814433211095 7.8050450996168035
      vertex 10.5 1.0340481406628184 7.682330586550277
      vertex 10.5 1.0142221176035218 7.7717599973576466
    endloop
  endfacet
  facet normal -1 0 0
    outer loop
      vertex 10.5 2.4748737341529163 9.974873734152917
      vertex 10.5 0.6022552581685984 8.360109646503442
      vertex 10.5 0.525 8.409326673973661
    endloop
  endfacet
  facet normal -1 0 0
    outer loop
      vertex 10.5 2.4748737341529163 9.974873734152917
      vertex 10.5 0.6749269901708662 8.304346665274927
      vertex 10.5 0.6022552581685984 8.360109646503442
    endloop
  endfacet
  facet normal -1 0 0
    outer loop
      vertex 10.5 2.4748737341529163 9.974873734152917
      vertex 10.5 0.8601096465034415 8.102255258168597
      vertex 10.5 0.8043466652749269 8.174926990170867
    endloop
  endfacet
  facet normal -1 0 0
    outer loop
      vertex 10.5 2.4748737341529163 9.974873734152917
      vertex 10.5 0.742462120245875 8.242462120245875
      vertex 10.5 0.6749269901708662 8.304346665274927
    endloop
  endfacet
  facet normal -1 0 0
    outer loop
      vertex 10.5 2.4748737341529163 9.974873734152917
      vertex 10.5 0.8043466652749269 8.174926990170867
      vertex 10.5 0.742462120245875 8.242462120245875
    endloop
  endfacet
  facet normal -1 0 0
    outer loop
      vertex 10.5 2.4748737341529163 9.974873734152917
      vertex 10.5 0.35912115049195215 8.486677251825203
      vertex 10.5 0.2717599973576468 8.514222117603522
    endloop
  endfacet
  facet normal -1 0 0
    outer loop
      vertex 10.5 2.4748737341529163 9.974873734152917
      vertex 10.5 0.4437491748277344 8.451623176388482
      vertex 10.5 0.35912115049195215 8.486677251825203
    endloop
  endfacet
  facet normal -1 0 0
    outer loop
      vertex 10.5 2.4748737341529163 9.974873734152917
      vertex 10.5 0.525 8.409326673973661
      vertex 10.5 0.4437491748277344 8.451623176388482
    endloop
  endfacet
  facet normal -1 0 0
    outer loop
      vertex 10.5 2.4748737341529163 9.974873734152917
      vertex 10.5 -0.6077686218342562 10.946827135542728
      vertex 10.5 1.1970705016398404 10.78892417275068
    endloop
  endfacet
  facet normal -1 0 0
    outer loop
      vertex 10.5 1.75 10.531088913245535
      vertex 10.5 1.1970705016398404 10.78892417275068
      vertex 10.5 1.4791639160924481 10.672077254628274
    endloop
  endfacet
  facet normal -1 0 0
    outer loop
      vertex 10.5 2.4748737341529163 9.974873734152917
      vertex 10.5 1.1970705016398404 10.78892417275068
      vertex 10.5 1.75 10.531088913245535
    endloop
  endfacet
  facet normal -1 0 0
    outer loop
      vertex 10.5 2.249756633902887 10.181155550916422
      vertex 10.5 1.75 10.531088913245535
      vertex 10.5 2.007517527228661 10.367032155011472
    endloop
  endfacet
  facet normal -1 0 0
    outer loop
      vertex 10.5 3.4866814433211095 7.8050450996168035
      vertex 10.5 0.8601096465034415 8.102255258168597
      vertex 10.5 2.4748737341529163 9.974873734152917
    endloop
  endfacet
  facet normal -1 0 0
    outer loop
      vertex 10.5 3.4866814433211095 7.8050450996168035
      vertex 10.5 2.4748737341529163 9.974873734152917
      vertex 10.5 3.1720772546282747 8.979163916092448
    endloop
  endfacet
  facet normal -1 0 0
    outer loop
      vertex 10.5 2.4748737341529163 9.974873734152917
      vertex 10.5 2.8670321550114712 9.50751752722866
      vertex 10.5 3.1720772546282747 8.979163916092448
    endloop
  endfacet
  facet normal -1 0 0
    outer loop
      vertex 10.5 3.1720772546282747 8.979163916092448
      vertex 10.5 2.8670321550114712 9.50751752722866
      vertex 10.5 3.031088913245535 9.25
    endloop
  endfacet
  facet normal -1 0 0
    outer loop
      vertex 10.5 2.4748737341529163 9.974873734152917
      vertex 10.5 1.75 10.531088913245535
      vertex 10.5 2.249756633902887 10.181155550916422
    endloop
  endfacet
  facet normal -1 0 0
    outer loop
      vertex 10.5 2.4748737341529163 9.974873734152917
      vertex 10.5 2.681155550916423 9.749756633902887
      vertex 10.5 2.8670321550114712 9.50751752722866
    endloop
  endfacet
  facet normal -1 0 0
    outer loop
      vertex 10.5 3.380740392011739 8.405866657858823
      vertex 10.5 3.446827135542728 8.107768621834257
      vertex 10.5 3.4866814433211095 7.8050450996168035
    endloop
  endfacet
  facet normal -1 0 0
    outer loop
      vertex 10.5 3.380740392011739 8.405866657858823
      vertex 10.5 3.4866814433211095 7.8050450996168035
      vertex 10.5 3.1720772546282747 8.979163916092448
    endloop
  endfacet
  facet normal -1 0 0
    outer loop
      vertex 10.5 3.2889241727506793 8.69707050163984
      vertex 10.5 3.380740392011739 8.405866657858823
      vertex 10.5 3.1720772546282747 8.979163916092448
    endloop
  endfacet
  facet normal 1 0 0
    outer loop
      vertex 15.5 3.5 4
      vertex 15.5 -0.18233058655027687 6.465951859337181
      vertex 15.5 -0.2717599973576468 6.485777882396478
    endloop
  endfacet
  facet normal 1 0 0
    outer loop
      vertex 15.5 3.5 4
      vertex 15.5 -0.09151352988504108 6.453995567003667
      vertex 15.5 -0.18233058655027687 6.465951859337181
    endloop
  endfacet
  facet normal 1 0 0
    outer loop
      vertex 15.5 3.5 4
      vertex 15.5 0 6.45
      vertex 15.5 -0.09151352988504108 6.453995567003667
    endloop
  endfacet
  facet normal 1 0 0
    outer loop
      vertex 15.5 3.5 4
      vertex 15.5 0.09151352988504108 6.453995567003667
      vertex 15.5 0 6.45
    endloop
  endfacet
  facet normal 1 0 0
    outer loop
      vertex 15.5 3.5 4
      vertex 15.5 0.18233058655027687 6.465951859337181
      vertex 15.5 0.09151352988504108 6.453995567003667
    endloop
  endfacet
  facet normal 1 0 0
    outer loop
      vertex 15.5 3.5 4
      vertex 15.5 0.2717599973576468 6.485777882396478
      vertex 15.5 0.18233058655027687 6.465951859337181
    endloop
  endfacet
  facet normal 1 0 0
    outer loop
      vertex 15.5 3.5 4
      vertex 15.5 0.35912115049195215 6.5133227481747955
      vertex 15.5 0.2717599973576468 6.485777882396478
    endloop
  endfacet
  facet normal 1 0 0
    outer loop
      vertex 15.5 3.5 4
      vertex 15.5 0.4437491748277344 6.548376823611518
      vertex 15.5 0.35912115049195215 6.5133227481747955
    endloop
  endfacet
  facet normal 1 0 0
    outer loop
      vertex 15.5 3.5 4
      vertex 15.5 0.525 6.590673326026339
      vertex 15.5 0.4437491748277344 6.548376823611518
    endloop
  endfacet
  facet normal 1 0 0
    outer loop
      vertex 15.5 3.5 4
      vertex 15.5 0.6022552581685984 6.6398903534965585
      vertex 15.5 0.525 6.590673326026339
    endloop
  endfacet
  facet normal 1 0 0
    outer loop
      vertex 15.5 3.5 4
      vertex 15.5 0.6749269901708662 6.695653334725073
      vertex 15.5 0.6022552581685984 6.6398903534965585
    endloop
  endfacet
  facet normal 1 0 0
    outer loop
      vertex 15.5 3.5 4
      vertex 15.5 0.742462120245875 6.757537879754125
      vertex 15.5 0.6749269901708662 6.695653334725073
    endloop
  endfacet
  facet normal 1 0 0
    outer loop
      vertex 15.5 3.5 4
      vertex 15.5 0.8043466652749269 6.825073009829134
      vertex 15.5 0.742462120245875 6.757537879754125
    endloop
  endfacet
  facet normal 1 0 0
    outer loop
      vertex 15.5 3.5 4
      vertex 15.5 0.8601096465034415 6.897744741831401
      vertex 15.5 0.8043466652749269 6.825073009829134
    endloop
  endfacet
  facet normal 1 0 0
    outer loop
      vertex 15.5 3.5 4
      vertex 15.5 0.9093266739736605 6.975
      vertex 15.5 0.8601096465034415 6.897744741831401
    endloop
  endfacet
  facet normal 1 0 0
    outer loop
      vertex 15.5 3.5 4
      vertex 15.5 0.9516231763884825 7.056250825172265
      vertex 15.5 0.9093266739736605 6.975
    endloop
  endfacet
  facet normal 1 0 0
    outer loop
      vertex 15.5 3.5 4
      vertex 15.5 0.9866772518252039 7.140878849508048
      vertex 15.5 0.9516231763884825 7.056250825172265
    endloop
  endfacet
  facet normal 1 0 0
    outer loop
      vertex 15.5 3.5 4
      vertex 15.5 1.0142221176035218 7.2282400026423534
      vertex 15.5 0.9866772518252039 7.140878849508048
    endloop
  endfacet
  facet normal 1 0 0
    outer loop
      vertex 15.5 3.5 4
      vertex 15.5 1.0340481406628184 7.317669413449723
      vertex 15.5 1.0142221176035218 7.2282400026423534
    endloop
  endfacet
  facet normal 1 0 0
    outer loop
      vertex 15.5 3.5 4
      vertex 15.5 0.9866772518252039 7.859121150491952
      vertex 15.5 1.0142221176035218 7.7717599973576466
    endloop
  endfacet
  facet normal 1 0 0
    outer loop
      vertex 15.5 3.5 4
      vertex 15.5 1.046004432996333 7.408486470114958
      vertex 15.5 1.0340481406628184 7.317669413449723
    endloop
  endfacet
  facet normal 1 0 0
    outer loop
      vertex 15.5 3.5 4
      vertex 15.5 1.05 7.5
      vertex 15.5 1.046004432996333 7.408486470114958
    endloop
  endfacet
  facet normal 1 0 0
    outer loop
      vertex 15.5 3.5 4
      vertex 15.5 1.046004432996333 7.591513529885042
      vertex 15.5 1.05 7.5
    endloop
  endfacet
  facet normal 1 0 0
    outer loop
      vertex 15.5 3.5 4
      vertex 15.5 1.0340481406628184 7.682330586550277
      vertex 15.5 1.046004432996333 7.591513529885042
    endloop
  endfacet
  facet normal 1 0 0
    outer loop
      vertex 15.5 3.5 4
      vertex 15.5 1.0142221176035218 7.7717599973576466
      vertex 15.5 1.0340481406628184 7.682330586550277
    endloop
  endfacet
  facet normal 1 0 0
    outer loop
      vertex 15.5 3.5 4
      vertex 15.5 -0.3050450996168036 10.98668144332111
      vertex 15.5 0.9866772518252039 7.859121150491952
    endloop
  endfacet
  facet normal 1 0 0
    outer loop
      vertex 15.5 3.1720772546282747 8.979163916092448
      vertex 15.5 -0.3050450996168036 10.98668144332111
      vertex 15.5 3.5 4
    endloop
  endfacet
  facet normal 0 0.3007057995042705 0.9537169507482277
    outer loop
      vertex 10.5 1.1970705016398404 10.78892417275068
      vertex 10.5 0.9058666578588226 10.880740392011738
      vertex 15.5 1.1970705016398404 10.78892417275068
    endloop
  endfacet
  facet normal 0 0.3826834323650921 0.9238795325112856
    outer loop
      vertex 10.5 1.4791639160924481 10.672077254628274
      vertex 10.5 1.1970705016398404 10.78892417275068
      vertex 15.5 1.4791639160924481 10.672077254628274
    endloop
  endfacet
  facet normal 1.3236524949670255e-18 0.6087614290087248 0.7933533402912321
    outer loop
      vertex 10.5 2.249756633902887 10.181155550916422
      vertex 10.5 2.007517527228661 10.367032155011472
      vertex 15.5 2.007517527228661 10.367032155011472
    endloop
  endfacet
  facet normal 0 0.4617486132350327 0.8870108331782224
    outer loop
      vertex 10.5 1.75 10.531088913245535
      vertex 10.5 1.4791639160924481 10.672077254628274
      vertex 15.5 1.75 10.531088913245535
    endloop
  endfacet
  facet normal 0 0.5372996083468209 0.8433914458128875
    outer loop
      vertex 10.5 2.007517527228661 10.367032155011472
      vertex 10.5 1.75 10.531088913245535
      vertex 15.5 2.007517527228661 10.367032155011472
    endloop
  endfacet
  facet normal 0 0.3007057995042705 0.9537169507482277
    outer loop
      vertex 10.5 0.9058666578588226 10.880740392011738
      vertex 15.5 0.9058666578588226 10.880740392011738
      vertex 15.5 1.1970705016398404 10.78892417275068
    endloop
  endfacet
  facet normal 0 0.3826834323650921 0.9238795325112856
    outer loop
      vertex 10.5 1.1970705016398404 10.78892417275068
      vertex 15.5 1.1970705016398404 10.78892417275068
      vertex 15.5 1.4791639160924481 10.672077254628274
    endloop
  endfacet
  facet normal 0 0.4617486132350327 0.8870108331782224
    outer loop
      vertex 10.5 1.4791639160924481 10.672077254628274
      vertex 15.5 1.4791639160924481 10.672077254628274
      vertex 15.5 1.75 10.531088913245535
    endloop
  endfacet
  facet normal 0 0.5372996083468209 0.8433914458128875
    outer loop
      vertex 10.5 1.75 10.531088913245535
      vertex 15.5 1.75 10.531088913245535
      vertex 15.5 2.007517527228661 10.367032155011472
    endloop
  endfacet
  facet normal 0 0.9238795325112865 0.3826834323650905
    outer loop
      vertex 10.5 3.2889241727506793 8.69707050163984
      vertex 10.5 3.1720772546282747 8.979163916092448
      vertex 15.5 3.2889241727506793 8.69707050163984
    endloop
  endfacet
  facet normal -1.0969496412549793e-19 0.8870108331782219 0.4617486132350336
    outer loop
      vertex 10.5 3.1720772546282747 8.979163916092448
      vertex 10.5 3.031088913245535 9.25
      vertex 15.5 3.031088913245535 9.25
    endloop
  endfacet
  facet normal 0 0.8433914458128853 0.5372996083468247
    outer loop
      vertex 10.5 3.031088913245535 9.25
      vertex 10.5 2.8670321550114712 9.50751752722866
      vertex 15.5 3.031088913245535 9.25
    endloop
  endfacet
  facet normal 0 0.9238795325112865 0.3826834323650905
    outer loop
      vertex 10.5 3.1720772546282747 8.979163916092448
      vertex 15.5 3.1720772546282747 8.979163916092448
      vertex 15.5 3.2889241727506793 8.69707050163984
    endloop
  endfacet
  facet normal 0 0.7933533402912353 0.6087614290087204
    outer loop
      vertex 10.5 2.8670321550114712 9.50751752722866
      vertex 15.5 2.681155550916423 9.749756633902887
      vertex 15.5 2.8670321550114712 9.50751752722866
    endloop
  endfacet
  facet normal 0 0.8433914458128853 0.5372996083468247
    outer loop
      vertex 10.5 2.8670321550114712 9.50751752722866
      vertex 15.5 2.8670321550114712 9.50751752722866
      vertex 15.5 3.031088913245535 9.25
    endloop
  endfacet
  facet normal 0 0.8870108331782219 0.4617486132350336
    outer loop
      vertex 10.5 3.1720772546282747 8.979163916092448
      vertex 15.5 3.031088913245535 9.25
      vertex 15.5 3.1720772546282747 8.979163916092448
    endloop
  endfacet
  facet normal -8.888259663225508e-19 0.675590207615657 0.737277336810127
    outer loop
      vertex 10.5 2.4748737341529163 9.974873734152917
      vertex 10.5 2.249756633902887 10.181155550916422
      vertex 15.5 2.249756633902887 10.181155550916422
    endloop
  endfacet
  facet normal 0 0.7372773368101255 0.6755902076156588
    outer loop
      vertex 10.5 2.4748737341529163 9.974873734152917
      vertex 15.5 2.4748737341529163 9.974873734152917
      vertex 10.5 2.681155550916423 9.749756633902887
    endloop
  endfacet
  facet normal 0 0.7933533402912353 0.6087614290087204
    outer loop
      vertex 10.5 2.681155550916423 9.749756633902887
      vertex 15.5 2.681155550916423 9.749756633902887
      vertex 10.5 2.8670321550114712 9.50751752722866
    endloop
  endfacet
  facet normal 0 0.6087614290087248 0.7933533402912321
    outer loop
      vertex 10.5 2.249756633902887 10.181155550916422
      vertex 15.5 2.007517527228661 10.367032155011472
      vertex 15.5 2.249756633902887 10.181155550916422
    endloop
  endfacet
  facet normal 0 0.675590207615657 0.737277336810127
    outer loop
      vertex 10.5 2.4748737341529163 9.974873734152917
      vertex 15.5 2.249756633902887 10.181155550916422
      vertex 15.5 2.4748737341529163 9.974873734152917
    endloop
  endfacet
  facet normal 0 0.7372773368101255 0.6755902076156588
    outer loop
      vertex 10.5 2.681155550916423 9.749756633902887
      vertex 15.5 2.4748737341529163 9.974873734152917
      vertex 15.5 2.681155550916423 9.749756633902887
    endloop
  endfacet
  facet normal 1 0 0
    outer loop
      vertex 15.5 3.1720772546282747 8.979163916092448
      vertex 15.5 1.75 10.531088913245535
      vertex 15.5 -0.3050450996168036 10.98668144332111
    endloop
  endfacet
  facet normal 1 0 0
    outer loop
      vertex 15.5 1.4791639160924481 10.672077254628274
      vertex 15.5 1.1970705016398404 10.78892417275068
      vertex 15.5 0.9058666578588226 10.880740392011738
    endloop
  endfacet
  facet normal 1 0 0
    outer loop
      vertex 15.5 1.75 10.531088913245535
      vertex 15.5 1.4791639160924481 10.672077254628274
      vertex 15.5 0.9058666578588226 10.880740392011738
    endloop
  endfacet
  facet normal 1 0 0
    outer loop
      vertex 15.5 2.249756633902887 10.181155550916422
      vertex 15.5 2.007517527228661 10.367032155011472
      vertex 15.5 1.75 10.531088913245535
    endloop
  endfacet
  facet normal 1 0 0
    outer loop
      vertex 15.5 2.681155550916423 9.749756633902887
      vertex 15.5 3.1720772546282747 8.979163916092448
      vertex 15.5 3.031088913245535 9.25
    endloop
  endfacet
  facet normal 1 0 0
    outer loop
      vertex 15.5 2.681155550916423 9.749756633902887
      vertex 15.5 3.031088913245535 9.25
      vertex 15.5 2.8670321550114712 9.50751752722866
    endloop
  endfacet
  facet normal 1 0 0
    outer loop
      vertex 15.5 2.681155550916423 9.749756633902887
      vertex 15.5 2.249756633902887 10.181155550916422
      vertex 15.5 1.75 10.531088913245535
    endloop
  endfacet
  facet normal 1 0 0
    outer loop
      vertex 15.5 2.681155550916423 9.749756633902887
      vertex 15.5 1.75 10.531088913245535
      vertex 15.5 3.1720772546282747 8.979163916092448
    endloop
  endfacet
  facet normal 1 0 0
    outer loop
      vertex 15.5 2.4748737341529163 9.974873734152917
      vertex 15.5 2.249756633902887 10.181155550916422
      vertex 15.5 2.681155550916423 9.749756633902887
    endloop
  endfacet
  facet normal 0 1 0
    outer loop
      vertex 10.5 3.5 7.5
      vertex 15.5 3.5 7.5
      vertex 10.5 3.5 4
    endloop
  endfacet
  facet normal 0 0.9990482215818577 0.04361938736533551
    outer loop
      vertex 10.5 3.4866814433211095 7.8050450996168035
      vertex 15.5 3.4866814433211095 7.8050450996168035
      vertex 10.5 3.5 7.5
    endloop
  endfacet
  facet normal 0 0.9914448613738104 0.1305261922200523
    outer loop
      vertex 10.5 3.446827135542728 8.107768621834257
      vertex 15.5 3.446827135542728 8.107768621834257
      vertex 10.5 3.4866814433211095 7.8050450996168035
    endloop
  endfacet
  facet normal 1.1076219901833327e-18 0.9762960071199333 0.21643961393810285
    outer loop
      vertex 10.5 3.380740392011739 8.405866657858823
      vertex 15.5 3.446827135542728 8.107768621834257
      vertex 10.5 3.446827135542728 8.107768621834257
    endloop
  endfacet
  facet normal 0 0.9990482215818577 0.04361938736533551
    outer loop
      vertex 10.5 3.5 7.5
      vertex 15.5 3.4866814433211095 7.8050450996168035
      vertex 15.5 3.5 7.5
    endloop
  endfacet
  facet normal 0 0.9914448613738104 0.1305261922200523
    outer loop
      vertex 10.5 3.4866814433211095 7.8050450996168035
      vertex 15.5 3.446827135542728 8.107768621834257
      vertex 15.5 3.4866814433211095 7.8050450996168035
    endloop
  endfacet
  facet normal 1 0 0
    outer loop
      vertex 15.5 3.4866814433211095 7.8050450996168035
      vertex 15.5 3.5 4
      vertex 15.5 3.5 7.5
    endloop
  endfacet
  facet normal 1 0 0
    outer loop
      vertex 15.5 3.4866814433211095 7.8050450996168035
      vertex 15.5 3.1720772546282747 8.979163916092448
      vertex 15.5 3.5 4
    endloop
  endfacet
  facet normal 1 0 0
    outer loop
      vertex 15.5 3.380740392011739 8.405866657858823
      vertex 15.5 3.4866814433211095 7.8050450996168035
      vertex 15.5 3.446827135542728 8.107768621834257
    endloop
  endfacet
  facet normal 0 0.9537169507482267 0.3007057995042731
    outer loop
      vertex 10.5 3.2889241727506793 8.69707050163984
      vertex 15.5 3.2889241727506793 8.69707050163984
      vertex 10.5 3.380740392011739 8.405866657858823
    endloop
  endfacet
  facet normal 0 0.9537169507482267 0.3007057995042731
    outer loop
      vertex 10.5 3.380740392011739 8.405866657858823
      vertex 15.5 3.2889241727506793 8.69707050163984
      vertex 15.5 3.380740392011739 8.405866657858823
    endloop
  endfacet
  facet normal 0 0.9762960071199333 0.21643961393810285
    outer loop
      vertex 10.5 3.380740392011739 8.405866657858823
      vertex 15.5 3.380740392011739 8.405866657858823
      vertex 15.5 3.446827135542728 8.107768621834257
    endloop
  endfacet
  facet normal 1 0 0
    outer loop
      vertex 15.5 3.380740392011739 8.405866657858823
      vertex 15.5 3.1720772546282747 8.979163916092448
      vertex 15.5 3.4866814433211095 7.8050450996168035
    endloop
  endfacet
  facet normal 1 0 0
    outer loop
      vertex 15.5 3.2889241727506793 8.69707050163984
      vertex 15.5 3.1720772546282747 8.979163916092448
      vertex 15.5 3.380740392011739 8.405866657858823
    endloop
  endfacet
  facet normal -0.38010906085522295 -0.596651681364075 -0.7067700283551805
    outer loop
      vertex -2.9882917180657387 -3.2829824537038803 0.3999999999999999
      vertex -2.75886115282774 -2.9553216412663463 0
      vertex -2.899999998509884 -3.3392304852604866 0.3999999999999999
    endloop
  endfacet
  facet normal -0.43066423678668553 -0.5612525666894033 -0.7067700273338553
    outer loop
      vertex -3.071345128118992 -3.219253331422806 0.3999999999999999
      vertex -2.814230090379715 -2.912835562229157 0
      vertex -2.9882917180657387 -3.2829824537038803 0.3999999999999999
    endloop
  endfacet
  facet normal -0.4779418110808454 -0.521581971793798 -0.7067700276047755
    outer loop
      vertex -3.1485281363129616 -3.1485281363129616 0.3999999999999999
      vertex -2.814230090379715 -2.912835562229157 0
      vertex -3.071345128118992 -3.219253331422806 0.3999999999999999
    endloop
  endfacet
  facet normal -0.5215819178955223 -0.4779418581775639 -0.7067700355322134
    outer loop
      vertex -3.1485281363129616 -3.1485281363129616 0.3999999999999999
      vertex -2.9128355592489243 -2.8142300933599476 0
      vertex -2.865685424208641 -2.8656854271888736 0
    endloop
  endfacet
  facet normal -0.47794185828739555 -0.521581918015383 -0.7067700353694865
    outer loop
      vertex -3.1485281363129616 -3.1485281363129616 0.3999999999999999
      vertex -2.865685424208641 -2.8656854271888736 0
      vertex -2.814230090379715 -2.912835562229157 0
    endloop
  endfacet
  facet normal -0.5215819716739372 -0.4779418109710132 -0.7067700277675026
    outer loop
      vertex -3.219253331422806 -3.071345128118992 0.3999999999999999
      vertex -2.9128355592489243 -2.8142300933599476 0
      vertex -3.1485281363129616 -3.1485281363129616 0.3999999999999999
    endloop
  endfacet
  facet normal -0.5612525663034532 -0.4306642364905357 -0.7067700278207981
    outer loop
      vertex -3.2829824537038803 -2.9882917180657387 0.3999999999999999
      vertex -2.9128355592489243 -2.8142300933599476 0
      vertex -3.219253331422806 -3.071345128118992 0.3999999999999999
    endloop
  endfacet
  facet normal -0.32666094754550984 -0.6275099680886084 -0.7067700229198345
    outer loop
      vertex -2.899999998509884 -3.3392304852604866 0.3999999999999999
      vertex -2.638094609975815 -3.025046238303185 0
      vertex -2.8071419075131416 -3.387569338083267 0.3999999999999999
    endloop
  endfacet
  facet normal -0.21273234724325749 -0.674700733020522 -0.7067700257494968
    outer loop
      vertex -2.710424169898033 -3.427631139755249 0.3999999999999999
      vertex -2.5736161157488824 -3.051754103600979 0
      vertex -2.6105828508734703 -3.459110990166664 0.3999999999999999
    endloop
  endfacet
  facet normal -0.27072687833745435 -0.6535924519518498 -0.7067700220702814
    outer loop
      vertex -2.638094609975815 -3.025046238303185 0
      vertex -2.710424169898033 -3.427631139755249 0.3999999999999999
      vertex -2.8071419075131416 -3.387569338083267 0.3999999999999999
    endloop
  endfacet
  facet normal -0.030858257755334326 -0.7067700412777488 -0.706770030972278
    outer loop
      vertex -2.369724600017071 -3.096955762803555 0
      vertex -2.2999999970197678 -3.5 0.3999999999999999
      vertex -2.4045868888497353 -3.495433636009693 0.3999999999999999
    endloop
  endfacet
  facet normal -0.09233990028437883 -0.7013910937883518 -0.7067700307524722
    outer loop
      vertex -2.4389185443520547 -3.0878462061285976 0
      vertex -2.369724600017071 -3.096955762803555 0
      vertex -2.5083778128027916 -3.4817693009972572 0.3999999999999999
    endloop
  endfacet
  facet normal -0.03085823140681836 -0.7067700395630494 -0.7067700338373782
    outer loop
      vertex -2.369724600017071 -3.096955762803555 0
      vertex -2.3000000029802323 -3.1000000029802326 0
      vertex -2.2999999970197678 -3.5 0.3999999999999999
    endloop
  endfacet
  facet normal -0.15311876679756659 -0.6906741419025287 -0.7067700283413254
    outer loop
      vertex -2.507055236399174 -3.0727406680583957 0
      vertex -2.5083778128027916 -3.4817693009972572 0.3999999999999999
      vertex -2.6105828508734703 -3.459110990166664 0.3999999999999999
    endloop
  endfacet
  facet normal -0.09233989386227776 -0.7013910953566731 -0.7067700300351378
    outer loop
      vertex -2.5083778128027916 -3.4817693009972572 0.3999999999999999
      vertex -2.369724600017071 -3.096955762803555 0
      vertex -2.4045868888497353 -3.495433636009693 0.3999999999999999
    endloop
  endfacet
  facet normal -0.3266609946363117 -0.6275099366551274 -0.70677002906341
    outer loop
      vertex -2.899999998509884 -3.3392304852604866 0.3999999999999999
      vertex -2.700000001490116 -2.9928203314542774 0
      vertex -2.638094609975815 -3.025046238303185 0
    endloop
  endfacet
  facet normal -0.3801090556051914 -0.5966516839561322 -0.7067700289905066
    outer loop
      vertex -2.899999998509884 -3.3392304852604866 0.3999999999999999
      vertex -2.75886115282774 -2.9553216412663463 0
      vertex -2.700000001490116 -2.9928203314542774 0
    endloop
  endfacet
  facet normal -0.27072684657651325 -0.6535924612253065 -0.706770025660528
    outer loop
      vertex -2.638094609975815 -3.025046238303185 0
      vertex -2.5736161157488824 -3.051754103600979 0
      vertex -2.710424169898033 -3.427631139755249 0.3999999999999999
    endloop
  endfacet
  facet normal -0.21273232355782604 -0.6747007377432698 -0.7067700283701736
    outer loop
      vertex -2.5736161157488824 -3.051754103600979 0
      vertex -2.507055236399174 -3.0727406680583957 0
      vertex -2.6105828508734703 -3.459110990166664 0.3999999999999999
    endloop
  endfacet
  facet normal -0.4306642327914745 -0.5612525691162931 -0.7067700278410874
    outer loop
      vertex -2.814230090379715 -2.912835562229157 0
      vertex -2.75886115282774 -2.9553216412663463 0
      vertex -2.9882917180657387 -3.2829824537038803 0.3999999999999999
    endloop
  endfacet
  facet normal 0 0 -1
    outer loop
      vertex -2.814230090379715 -2.912835562229157 0
      vertex -2.700000001490116 -2.9928203314542774 0
      vertex -2.75886115282774 -2.9553216412663463 0
    endloop
  endfacet
  facet normal 0 0 -1
    outer loop
      vertex -2.638094609975815 -3.025046238303185 0
      vertex -2.507055236399174 -3.0727406680583957 0
      vertex -2.5736161157488824 -3.051754103600979 0
    endloop
  endfacet
  facet normal 0 0 -1
    outer loop
      vertex -2.814230090379715 -2.912835562229157 0
      vertex -2.369724600017071 -3.096955762803555 0
      vertex -2.638094609975815 -3.025046238303185 0
    endloop
  endfacet
  facet normal 0 0 -1
    outer loop
      vertex -2.814230090379715 -2.912835562229157 0
      vertex -2.638094609975815 -3.025046238303185 0
      vertex -2.700000001490116 -2.9928203314542774 0
    endloop
  endfacet
  facet normal -0.15311874222229052 -0.6906741446054957 -0.7067700310240457
    outer loop
      vertex -2.507055236399174 -3.0727406680583957 0
      vertex -2.4389185443520547 -3.0878462061285976 0
      vertex -2.5083778128027916 -3.4817693009972572 0.3999999999999999
    endloop
  endfacet
  facet normal 0 0 -1
    outer loop
      vertex -2.507055236399174 -3.0727406680583957 0
      vertex -2.369724600017071 -3.096955762803555 0
      vertex -2.4389185443520547 -3.0878462061285976 0
    endloop
  endfacet
  facet normal 0 0 -1
    outer loop
      vertex -2.638094609975815 -3.025046238303185 0
      vertex -2.369724600017071 -3.096955762803555 0
      vertex -2.507055236399174 -3.0727406680583957 0
    endloop
  endfacet
  facet normal -0.13052619829616904 -0.9914448605738744 0
    outer loop
      vertex -2.4045868888497353 -3.495433636009693 2
      vertex -2.5083778128027916 -3.4817693009972572 0.3999999999999999
      vertex -2.4045868888497353 -3.495433636009693 0.3999999999999999
    endloop
  endfacet
  facet normal -0.0436194033554438 -0.9990482208837145 0
    outer loop
      vertex -2.2999999970197678 -3.5 2
      vertex -2.4045868888497353 -3.495433636009693 0.3999999999999999
      vertex -2.2999999970197678 -3.5 0.3999999999999999
    endloop
  endfacet
  facet normal -0.5966516806837247 -0.38010906042179204 -0.706770029162633
    outer loop
      vertex -3.3392304852604866 -2.899999998509884 0.3999999999999999
      vertex -2.955321638286114 -2.7588611558079723 0
      vertex -3.2829824537038803 -2.9882917180657387 0.3999999999999999
    endloop
  endfacet
  facet normal -0.6275099670944914 -0.32666094702800536 -0.7067700240416518
    outer loop
      vertex -3.387569338083267 -2.8071419075131416 0.3999999999999999
      vertex -3.0250462353229524 -2.6380946129560474 0
      vertex -3.3392304852604866 -2.899999998509884 0.3999999999999999
    endloop
  endfacet
  facet normal -0.6535924506341345 -0.27072687779163873 -0.706770023497925
    outer loop
      vertex -3.427631139755249 -2.710424169898033 0.3999999999999999
      vertex -3.0250462353229524 -2.6380946129560474 0
      vertex -3.387569338083267 -2.8071419075131416 0.3999999999999999
    endloop
  endfacet
  facet normal -0.5612525687303431 -0.43066423249532465 -0.7067700283280299
    outer loop
      vertex -3.2829824537038803 -2.9882917180657387 0.3999999999999999
      vertex -2.955321638286114 -2.7588611558079723 0
      vertex -2.9128355592489243 -2.8142300933599476 0
    endloop
  endfacet
  facet normal 0 0 -1
    outer loop
      vertex -2.992820328474045 -2.7000000044703487 0
      vertex -2.814230090379715 -2.912835562229157 0
      vertex -2.9128355592489243 -2.8142300933599476 0
    endloop
  endfacet
  facet normal -0.6275099356610105 -0.3266609941188072 -0.7067700301852272
    outer loop
      vertex -3.3392304852604866 -2.899999998509884 0.3999999999999999
      vertex -3.0250462353229524 -2.6380946129560474 0
      vertex -2.992820328474045 -2.7000000044703487 0
    endloop
  endfacet
  facet normal -0.596651683275782 -0.3801090551717604 -0.7067700297979588
    outer loop
      vertex -3.3392304852604866 -2.899999998509884 0.3999999999999999
      vertex -2.992820328474045 -2.7000000044703487 0
      vertex -2.955321638286114 -2.7588611558079723 0
    endloop
  endfacet
  facet normal 0 0 -1
    outer loop
      vertex -2.992820328474045 -2.7000000044703487 0
      vertex -2.9128355592489243 -2.8142300933599476 0
      vertex -2.955321638286114 -2.7588611558079723 0
    endloop
  endfacet
  facet normal 0 0 -1
    outer loop
      vertex -3.087846203148365 -2.438918547332287 0
      vertex -2.814230090379715 -2.912835562229157 0
      vertex -2.992820328474045 -2.7000000044703487 0
    endloop
  endfacet
  facet normal -0.6747007361019556 -0.2127323230403215 -0.706770030092779
    outer loop
      vertex -3.459110990166664 -2.6105828508734703 0.3999999999999999
      vertex -3.0727406650781632 -2.5070552393794063 0
      vertex -3.0517541006207467 -2.573616118729115 0
    endloop
  endfacet
  facet normal -0.6747007313792079 -0.21273234672575309 -0.7067700274721022
    outer loop
      vertex -3.459110990166664 -2.6105828508734703 0.3999999999999999
      vertex -3.0517541006207467 -2.573616118729115 0
      vertex -3.427631139755249 -2.710424169898033 0.3999999999999999
    endloop
  endfacet
  facet normal -0.6906741399474481 -0.15311876636413568 -0.7067700303457825
    outer loop
      vertex -3.4817693009972572 -2.5083778128027916 0.3999999999999999
      vertex -3.0727406650781632 -2.5070552393794063 0
      vertex -3.459110990166664 -2.6105828508734703 0.3999999999999999
    endloop
  endfacet
  facet normal -0.6906741426504149 -0.15311874178885973 -0.7067700330285028
    outer loop
      vertex -3.4817693009972572 -2.5083778128027916 0.3999999999999999
      vertex -3.087846203148365 -2.438918547332287 0
      vertex -3.0727406650781632 -2.5070552393794063 0
    endloop
  endfacet
  facet normal -0.7013910915388709 -0.092339899988229 -0.7067700330235254
    outer loop
      vertex -3.0969557598233224 -2.3697246029973034 0
      vertex -3.087846203148365 -2.438918547332287 0
      vertex -3.4817693009972572 -2.5083778128027916 0.3999999999999999
    endloop
  endfacet
  facet normal -0.701391093107192 -0.09233989356612775 -0.7067700323061912
    outer loop
      vertex -3.0969557598233224 -2.3697246029973034 0
      vertex -3.4817693009972572 -2.5083778128027916 0.3999999999999999
      vertex -3.495433636009693 -2.4045868888497353 0.3999999999999999
    endloop
  endfacet
  facet normal -0.6535924599075907 -0.2707268460306974 -0.7067700270881718
    outer loop
      vertex -3.427631139755249 -2.710424169898033 0.3999999999999999
      vertex -3.0517541006207467 -2.573616118729115 0
      vertex -3.0250462353229524 -2.6380946129560474 0
    endloop
  endfacet
  facet normal 0 0 -1
    outer loop
      vertex -3.087846203148365 -2.438918547332287 0
      vertex -2.992820328474045 -2.7000000044703487 0
      vertex -3.0517541006207467 -2.573616118729115 0
    endloop
  endfacet
  facet normal 0 0 -1
    outer loop
      vertex -3.0517541006207467 -2.573616118729115 0
      vertex -2.992820328474045 -2.7000000044703487 0
      vertex -3.0250462353229524 -2.6380946129560474 0
    endloop
  endfacet
  facet normal 0 0 -1
    outer loop
      vertex -3.087846203148365 -2.438918547332287 0
      vertex -3.0517541006207467 -2.573616118729115 0
      vertex -3.0727406650781632 -2.5070552393794063 0
    endloop
  endfacet
  facet normal 0 0 -1
    outer loop
      vertex -2.9128355592489243 -2.8142300933599476 0
      vertex -2.814230090379715 -2.912835562229157 0
      vertex -2.865685424208641 -2.8656854271888736 0
    endloop
  endfacet
  facet normal 0 0 -1
    outer loop
      vertex -3.087846203148365 -2.438918547332287 0
      vertex -2.369724600017071 -3.096955762803555 0
      vertex -2.814230090379715 -2.912835562229157 0
    endloop
  endfacet
  facet normal -0.5372996270458298 -0.8433914339003048 0
    outer loop
      vertex -2.9882917180657387 -3.2829824537038803 4
      vertex -2.9882917180657387 -3.2829824537038803 0.3999999999999999
      vertex -2.899999998509884 -3.3392304852604866 0.3999999999999999
    endloop
  endfacet
  facet normal -0.6087614248213178 -0.7933533435043424 0
    outer loop
      vertex -2.9882917180657387 -3.2829824537038803 4
      vertex -3.071345128118992 -3.219253331422806 0.3999999999999999
      vertex -2.9882917180657387 -3.2829824537038803 0.3999999999999999
    endloop
  endfacet
  facet normal -0.7933533435043424 -0.6087614248213178 0
    outer loop
      vertex -3.2829824537038803 -2.9882917180657387 4
      vertex -3.2829824537038803 -2.9882917180657387 0.3999999999999999
      vertex -3.219253331422806 -3.071345128118992 0.3999999999999999
    endloop
  endfacet
  facet normal -0.6755902003320648 -0.7372773434843095 0
    outer loop
      vertex -3.071345128118992 -3.219253331422806 4
      vertex -3.1485281363129616 -3.1485281363129616 0.3999999999999999
      vertex -3.071345128118992 -3.219253331422806 0.3999999999999999
    endloop
  endfacet
  facet normal -0.7372773434843095 -0.6755902003320648 0
    outer loop
      vertex -3.1485281363129616 -3.1485281363129616 4
      vertex -3.219253331422806 -3.071345128118992 0.3999999999999999
      vertex -3.1485281363129616 -3.1485281363129616 0.3999999999999999
    endloop
  endfacet
  facet normal -0.4617485401282741 -0.8870108712351883 0
    outer loop
      vertex -2.8071419075131416 -3.387569338083267 4
      vertex -2.899999998509884 -3.3392304852604866 0.3999999999999999
      vertex -2.8071419075131416 -3.387569338083267 0.3999999999999999
    endloop
  endfacet
  facet normal -0.38268345706801216 -0.9238795222790008 0
    outer loop
      vertex -2.8071419075131416 -3.387569338083267 4
      vertex -2.8071419075131416 -3.387569338083267 0.3999999999999999
      vertex -2.710424169898033 -3.427631139755249 0.3999999999999999
    endloop
  endfacet
  facet normal -0.3007058294180578 -0.9537169413164462 0
    outer loop
      vertex -2.6105828508734703 -3.459110990166664 4
      vertex -2.710424169898033 -3.427631139755249 0.3999999999999999
      vertex -2.6105828508734703 -3.459110990166664 0.3999999999999999
    endloop
  endfacet
  facet normal -0.21643960843063323 -0.9762960083409099 0
    outer loop
      vertex -2.6105828508734703 -3.459110990166664 4
      vertex -2.6105828508734703 -3.459110990166664 0.3999999999999999
      vertex -2.5083778128027916 -3.4817693009972572 0.3999999999999999
    endloop
  endfacet
  facet normal -0.13052619829616907 -0.9914448605738743 1.323933498517907e-18
    outer loop
      vertex -2.5 -3.482872261029298 2
      vertex -2.5083778128027916 -3.4817693009972572 0.3999999999999999
      vertex -2.4045868888497353 -3.495433636009693 2
    endloop
  endfacet
  facet normal -0.0436194033554438 -0.9990482208837145 0
    outer loop
      vertex -2.4045868888497353 -3.495433636009693 2
      vertex -2.4045868888497353 -3.495433636009693 0.3999999999999999
      vertex -2.2999999970197678 -3.5 2
    endloop
  endfacet
  facet normal -0.13052619829616882 -0.9914448605738744 0
    outer loop
      vertex -2.5083778128027916 -3.4817693009972572 4
      vertex -2.5083778128027916 -3.4817693009972572 0.3999999999999999
      vertex -2.5 -3.482872261029298 2
    endloop
  endfacet
  facet normal -0.8870108712351883 -0.4617485401282741 0
    outer loop
      vertex -3.3392304852604866 -2.899999998509884 4
      vertex -3.387569338083267 -2.8071419075131416 0.3999999999999999
      vertex -3.3392304852604866 -2.899999998509884 0.3999999999999999
    endloop
  endfacet
  facet normal -0.8433914339003048 -0.5372996270458298 0
    outer loop
      vertex -3.3392304852604866 -2.899999998509884 4
      vertex -3.3392304852604866 -2.899999998509884 0.3999999999999999
      vertex -3.2829824537038803 -2.9882917180657387 0.3999999999999999
    endloop
  endfacet
  facet normal -0.9238795222790008 -0.38268345706801216 0
    outer loop
      vertex -3.387569338083267 -2.8071419075131416 4
      vertex -3.427631139755249 -2.710424169898033 0.3999999999999999
      vertex -3.387569338083267 -2.8071419075131416 0.3999999999999999
    endloop
  endfacet
  facet normal -0.9537169413164462 -0.3007058294180578 0
    outer loop
      vertex -3.459110990166664 -2.6105828508734703 4
      vertex -3.459110990166664 -2.6105828508734703 0.3999999999999999
      vertex -3.427631139755249 -2.710424169898033 0.3999999999999999
    endloop
  endfacet
  facet normal -0.9762960083409099 -0.21643960843063323 0
    outer loop
      vertex -3.4817693009972572 -2.5083778128027916 4
      vertex -3.4817693009972572 -2.5083778128027916 0.3999999999999999
      vertex -3.459110990166664 -2.6105828508734703 0.3999999999999999
    endloop
  endfacet
  facet normal -0.9914448605738744 -0.13052619829616904 0
    outer loop
      vertex -3.4817693009972572 -2.5083778128027916 4
      vertex -3.495433636009693 -2.4045868888497353 0.3999999999999999
      vertex -3.4817693009972572 -2.5083778128027916 0.3999999999999999
    endloop
  endfacet
  facet normal -0.7067700370474792 -0.030858231296986473 -0.7067700363577439
    outer loop
      vertex -3.5 -2.2999999970197678 0.3999999999999999
      vertex -3.1 -2.300000005960465 0
      vertex -3.0969557598233224 -2.3697246029973034 0
    endloop
  endfacet
  facet normal -0.7067700387621786 -0.03085825764550206 -0.7067700334926434
    outer loop
      vertex -3.5 -2.2999999970197678 0.3999999999999999
      vertex -3.0969557598233224 -2.3697246029973034 0
      vertex -3.495433636009693 -2.4045868888497353 0.3999999999999999
    endloop
  endfacet
  facet normal 0 0 -1
    outer loop
      vertex -3.1 -2.300000005960465 0
      vertex -3.087846203148365 -2.438918547332287 0
      vertex -3.0969557598233224 -2.3697246029973034 0
    endloop
  endfacet
  facet normal 0 0 -1
    outer loop
      vertex -3.087846203148365 -2.438918547332287 0
      vertex -0.742462120245875 -0.742462120245875 0
      vertex -0.525 -0.9093266739736605 0
    endloop
  endfacet
  facet normal 0 0 -1
    outer loop
      vertex -3.087846203148365 -2.438918547332287 0
      vertex -0.525 -0.9093266739736605 0
      vertex -0.2717599973576468 -1.0142221176035218 0
    endloop
  endfacet
  facet normal 0 0 -1
    outer loop
      vertex -3.087846203148365 -2.438918547332287 0
      vertex -0.2717599973576468 -1.0142221176035218 0
      vertex 0 -1.05 0
    endloop
  endfacet
  facet normal -0.9990482208837145 -0.0436194033554438 0
    outer loop
      vertex -3.5 -2.2999999970197678 4
      vertex -3.5 -2.2999999970197678 0.3999999999999999
      vertex -3.495433636009693 -2.4045868888497353 0.3999999999999999
    endloop
  endfacet
  facet normal 5.119866637083718e-18 -0.7071067838207258 -0.7071067785523691
    outer loop
      vertex -2.3000000029802323 -3.1000000029802326 0
      vertex 2.2999999970197678 -3.5 0.3999999999999999
      vertex -2.2999999970197678 -3.5 0.3999999999999999
    endloop
  endfacet
  facet normal 0 0 -1
    outer loop
      vertex -2.369724600017071 -3.096955762803555 0
      vertex 2.507055239379406 -3.0727406680583957 0
      vertex -2.3000000029802323 -3.1000000029802326 0
    endloop
  endfacet
  facet normal 0 0 -1
    outer loop
      vertex -3.087846203148365 -2.438918547332287 0
      vertex 2.507055239379406 -3.0727406680583957 0
      vertex -2.369724600017071 -3.096955762803555 0
    endloop
  endfacet
  facet normal 0 -0.7071067838207258 -0.7071067785523693
    outer loop
      vertex -2.3000000029802323 -3.1000000029802326 0
      vertex 2.3000000059604644 -3.1000000029802326 0
      vertex 2.2999999970197678 -3.5 0.3999999999999999
    endloop
  endfacet
  facet normal 0 0 -1
    outer loop
      vertex -2.3000000029802323 -3.1000000029802326 0
      vertex 2.507055239379406 -3.0727406680583957 0
      vertex 2.3000000059604644 -3.1000000029802326 0
    endloop
  endfacet
  facet normal 0 -1 0
    outer loop
      vertex -2.2999999970197678 -3.5 0.3999999999999999
      vertex 2.2999999970197678 -3.5 0.3999999999999999
      vertex 2.2999999970197678 -3.5 2
    endloop
  endfacet
  facet normal 0 0 -1
    outer loop
      vertex -3.087846203148365 -2.438918547332287 0
      vertex 2.955321641266346 -2.7588611558079723 0
      vertex 2.507055239379406 -3.0727406680583957 0
    endloop
  endfacet
  facet normal 0 -1 0
    outer loop
      vertex -2.2999999970197678 -3.5 2
      vertex -2.2999999970197678 -3.5 0.3999999999999999
      vertex 2.2999999970197678 -3.5 2
    endloop
  endfacet
  facet normal 0 0 -1
    outer loop
      vertex -3.087846203148365 -2.438918547332287 0
      vertex 0.2717599973576468 -1.0142221176035218 0
      vertex 2.955321641266346 -2.7588611558079723 0
    endloop
  endfacet
  facet normal 0 0 -1
    outer loop
      vertex -3.087846203148365 -2.438918547332287 0
      vertex 0 -1.05 0
      vertex 0.2717599973576468 -1.0142221176035218 0
    endloop
  endfacet
  facet normal 0 0 -1
    outer loop
      vertex 2.955321641266346 -2.7588611558079723 0
      vertex 0.2717599973576468 -1.0142221176035218 0
      vertex 0.525 -0.9093266739736605 0
    endloop
  endfacet
  facet normal 0 0 -1
    outer loop
      vertex 2.955321641266346 -2.7588611558079723 0
      vertex 0.525 -0.9093266739736605 0
      vertex 0.742462120245875 -0.742462120245875 0
    endloop
  endfacet
  facet normal -0.6087614248213178 -0.7933533435043424 0
    outer loop
      vertex -3.071345128118992 -3.219253331422806 4
      vertex -3.071345128118992 -3.219253331422806 0.3999999999999999
      vertex -2.9882917180657387 -3.2829824537038803 4
    endloop
  endfacet
  facet normal -0.5372996270458298 -0.8433914339003048 0
    outer loop
      vertex -2.9882917180657387 -3.2829824537038803 4
      vertex -2.899999998509884 -3.3392304852604866 0.3999999999999999
      vertex -2.899999998509884 -3.3392304852604866 4
    endloop
  endfacet
  facet normal -0.7372773434843095 -0.6755902003320648 0
    outer loop
      vertex -3.219253331422806 -3.071345128118992 4
      vertex -3.219253331422806 -3.071345128118992 0.3999999999999999
      vertex -3.1485281363129616 -3.1485281363129616 4
    endloop
  endfacet
  facet normal -0.7933533435043424 -0.6087614248213178 0
    outer loop
      vertex -3.2829824537038803 -2.9882917180657387 4
      vertex -3.219253331422806 -3.071345128118992 0.3999999999999999
      vertex -3.219253331422806 -3.071345128118992 4
    endloop
  endfacet
  facet normal -0.8433914339003048 -0.5372996270458298 0
    outer loop
      vertex -3.3392304852604866 -2.899999998509884 4
      vertex -3.2829824537038803 -2.9882917180657387 0.3999999999999999
      vertex -3.2829824537038803 -2.9882917180657387 4
    endloop
  endfacet
  facet normal -0.6755902003320648 -0.7372773434843095 0
    outer loop
      vertex -3.1485281363129616 -3.1485281363129616 4
      vertex -3.1485281363129616 -3.1485281363129616 0.3999999999999999
      vertex -3.071345128118992 -3.219253331422806 4
    endloop
  endfacet
  facet normal -0.38268345706801216 -0.9238795222790008 0
    outer loop
      vertex -2.8071419075131416 -3.387569338083267 4
      vertex -2.710424169898033 -3.427631139755249 0.3999999999999999
      vertex -2.710424169898033 -3.427631139755249 4
    endloop
  endfacet
  facet normal -0.3007058294180578 -0.9537169413164462 0
    outer loop
      vertex -2.710424169898033 -3.427631139755249 4
      vertex -2.710424169898033 -3.427631139755249 0.3999999999999999
      vertex -2.6105828508734703 -3.459110990166664 4
    endloop
  endfacet
  facet normal -0.4617485401282741 -0.8870108712351883 0
    outer loop
      vertex -2.899999998509884 -3.3392304852604866 4
      vertex -2.899999998509884 -3.3392304852604866 0.3999999999999999
      vertex -2.8071419075131416 -3.387569338083267 4
    endloop
  endfacet
  facet normal -0.21643960843063323 -0.9762960083409099 0
    outer loop
      vertex -2.6105828508734703 -3.459110990166664 4
      vertex -2.5083778128027916 -3.4817693009972572 0.3999999999999999
      vertex -2.5083778128027916 -3.4817693009972572 4
    endloop
  endfacet
  facet normal -0.13052619829616882 -0.9914448605738743 3.3674154736689756e-20
    outer loop
      vertex -2.5083778128027916 -3.4817693009972572 4
      vertex -2.5 -3.482872261029298 2
      vertex -2.5 -3.482872261029298 4
    endloop
  endfacet
  facet normal 0 0 1
    outer loop
      vertex -2.9882917180657387 -3.2829824537038803 4
      vertex -2.899999998509884 -3.3392304852604866 4
      vertex -2.8071419075131416 -3.387569338083267 4
    endloop
  endfacet
  facet normal 0 0 1
    outer loop
      vertex -3.1485281363129616 -3.1485281363129616 4
      vertex -2.9882917180657387 -3.2829824537038803 4
      vertex -2.8071419075131416 -3.387569338083267 4
    endloop
  endfacet
  facet normal 0 0 1
    outer loop
      vertex -3.2829824537038803 -2.9882917180657387 4
      vertex -3.219253331422806 -3.071345128118992 4
      vertex -3.1485281363129616 -3.1485281363129616 4
    endloop
  endfacet
  facet normal 0 0 1
    outer loop
      vertex -3.387569338083267 -2.8071419075131416 4
      vertex -3.2829824537038803 -2.9882917180657387 4
      vertex -3.1485281363129616 -3.1485281363129616 4
    endloop
  endfacet
  facet normal 0 0 1
    outer loop
      vertex -3.1485281363129616 -3.1485281363129616 4
      vertex -3.071345128118992 -3.219253331422806 4
      vertex -2.9882917180657387 -3.2829824537038803 4
    endloop
  endfacet
  facet normal 0 0 1
    outer loop
      vertex -3.5 -2.2999999970197678 4
      vertex -3.1485281363129616 -3.1485281363129616 4
      vertex -2.5 -3.482872261029298 4
    endloop
  endfacet
  facet normal 0 0 1
    outer loop
      vertex -2.8071419075131416 -3.387569338083267 4
      vertex -2.6105828508734703 -3.459110990166664 4
      vertex -2.5 -3.482872261029298 4
    endloop
  endfacet
  facet normal 0 0 1
    outer loop
      vertex -2.8071419075131416 -3.387569338083267 4
      vertex -2.710424169898033 -3.427631139755249 4
      vertex -2.6105828508734703 -3.459110990166664 4
    endloop
  endfacet
  facet normal 0 0 1
    outer loop
      vertex -3.1485281363129616 -3.1485281363129616 4
      vertex -2.8071419075131416 -3.387569338083267 4
      vertex -2.5 -3.482872261029298 4
    endloop
  endfacet
  facet normal 0 0 1
    outer loop
      vertex -2.6105828508734703 -3.459110990166664 4
      vertex -2.5083778128027916 -3.4817693009972572 4
      vertex -2.5 -3.482872261029298 4
    endloop
  endfacet
  facet normal -0.8870108712351883 -0.4617485401282741 0
    outer loop
      vertex -3.387569338083267 -2.8071419075131416 4
      vertex -3.387569338083267 -2.8071419075131416 0.3999999999999999
      vertex -3.3392304852604866 -2.899999998509884 4
    endloop
  endfacet
  facet normal -0.9238795222790008 -0.38268345706801216 0
    outer loop
      vertex -3.427631139755249 -2.710424169898033 4
      vertex -3.427631139755249 -2.710424169898033 0.3999999999999999
      vertex -3.387569338083267 -2.8071419075131416 4
    endloop
  endfacet
  facet normal -0.9537169413164462 -0.3007058294180578 0
    outer loop
      vertex -3.459110990166664 -2.6105828508734703 4
      vertex -3.427631139755249 -2.710424169898033 0.3999999999999999
      vertex -3.427631139755249 -2.710424169898033 4
    endloop
  endfacet
  facet normal -0.9762960083409099 -0.21643960843063323 0
    outer loop
      vertex -3.4817693009972572 -2.5083778128027916 4
      vertex -3.459110990166664 -2.6105828508734703 0.3999999999999999
      vertex -3.459110990166664 -2.6105828508734703 4
    endloop
  endfacet
  facet normal -0.9914448605738744 -0.13052619829616904 0
    outer loop
      vertex -3.495433636009693 -2.4045868888497353 4
      vertex -3.495433636009693 -2.4045868888497353 0.3999999999999999
      vertex -3.4817693009972572 -2.5083778128027916 4
    endloop
  endfacet
  facet normal 0 0 1
    outer loop
      vertex -3.387569338083267 -2.8071419075131416 4
      vertex -3.3392304852604866 -2.899999998509884 4
      vertex -3.2829824537038803 -2.9882917180657387 4
    endloop
  endfacet
  facet normal 0 0 1
    outer loop
      vertex -3.5 -2.2999999970197678 4
      vertex -3.387569338083267 -2.8071419075131416 4
      vertex -3.1485281363129616 -3.1485281363129616 4
    endloop
  endfacet
  facet normal 0 0 1
    outer loop
      vertex -3.459110990166664 -2.6105828508734703 4
      vertex -3.427631139755249 -2.710424169898033 4
      vertex -3.387569338083267 -2.8071419075131416 4
    endloop
  endfacet
  facet normal 0 0 1
    outer loop
      vertex -3.5 -2.2999999970197678 4
      vertex -3.459110990166664 -2.6105828508734703 4
      vertex -3.387569338083267 -2.8071419075131416 4
    endloop
  endfacet
  facet normal 0 0 1
    outer loop
      vertex -3.495433636009693 -2.4045868888497353 4
      vertex -3.4817693009972572 -2.5083778128027916 4
      vertex -3.459110990166664 -2.6105828508734703 4
    endloop
  endfacet
  facet normal 0 0 1
    outer loop
      vertex -3.5 -2.2999999970197678 4
      vertex -3.495433636009693 -2.4045868888497353 4
      vertex -3.459110990166664 -2.6105828508734703 4
    endloop
  endfacet
  facet normal -0.9990482208837145 -0.0436194033554438 0
    outer loop
      vertex -3.5 -2.2999999970197678 4
      vertex -3.495433636009693 -2.4045868888497353 0.3999999999999999
      vertex -3.495433636009693 -2.4045868888497353 4
    endloop
  endfacet
  facet normal 0 0 -1
    outer loop
      vertex -3.1 4.300000002980232 0
      vertex -3.087846203148365 -2.438918547332287 0
      vertex -3.1 -2.300000005960465 0
    endloop
  endfacet
  facet normal 0 0 -1
    outer loop
      vertex -3.087846203148365 -2.438918547332287 0
      vertex -1.0142221176035218 -0.2717599973576468 0
      vertex -0.9093266739736605 -0.525 0
    endloop
  endfacet
  facet normal 0 0 -1
    outer loop
      vertex -3.087846203148365 -2.438918547332287 0
      vertex -1.05 0 0
      vertex -1.0142221176035218 -0.2717599973576468 0
    endloop
  endfacet
  facet normal 0 0 -1
    outer loop
      vertex -3.087846203148365 -2.438918547332287 0
      vertex -1.0142221176035218 0.2717599973576468 0
      vertex -1.05 0 0
    endloop
  endfacet
  facet normal 0 0 -1
    outer loop
      vertex -3.087846203148365 -2.438918547332287 0
      vertex -0.9093266739736605 -0.525 0
      vertex -0.742462120245875 -0.742462120245875 0
    endloop
  endfacet
  facet normal 0 0 -1
    outer loop
      vertex -3.087846203148365 -2.438918547332287 0
      vertex -0.9093266739736605 0.525 0
      vertex -1.0142221176035218 0.2717599973576468 0
    endloop
  endfacet
  facet normal -0.7071067811865476 0 -0.7071067811865476
    outer loop
      vertex -3.5 4.299999997019768 0.3999999999999999
      vertex -3.1 -2.300000005960465 0
      vertex -3.5 -2.2999999970197678 0.3999999999999999
    endloop
  endfacet
  facet normal -1 0 0
    outer loop
      vertex -3.5 4.299999997019768 0.3999999999999999
      vertex -3.5 -2.2999999970197678 0.3999999999999999
      vertex -3.5 -2.2999999970197678 4
    endloop
  endfacet
  facet normal 0 0 1
    outer loop
      vertex -2.5 3.5 4
      vertex -3.5 -2.2999999970197678 4
      vertex -2.5 -3.482872261029298 4
    endloop
  endfacet
  facet normal 0.030858257760348617 -0.7067700413925952 -0.7067700308572125
    outer loop
      vertex 2.369724602997303 -3.096955762803555 0
      vertex 2.4045868888497353 -3.495433636009693 0.3999999999999999
      vertex 2.2999999970197678 -3.5 0.3999999999999999
    endloop
  endfacet
  facet normal 0.03085823141183266 -0.7067700396778959 -0.706770033722313
    outer loop
      vertex 2.3000000059604644 -3.1000000029802326 0
      vertex 2.369724602997303 -3.096955762803555 0
      vertex 2.2999999970197678 -3.5 0.3999999999999999
    endloop
  endfacet
  facet normal 0.09233989390717776 -0.7013910956977228 -0.7067700296908174
    outer loop
      vertex 2.369724602997303 -3.096955762803555 0
      vertex 2.5083778128027916 -3.4817693009972572 0.3999999999999999
      vertex 2.4045868888497353 -3.495433636009693 0.3999999999999999
    endloop
  endfacet
  facet normal 0.0923399003292789 -0.7013910941294017 -0.7067700304081518
    outer loop
      vertex 2.369724602997303 -3.096955762803555 0
      vertex 2.4389185473322867 -3.0878462061285976 0
      vertex 2.5083778128027916 -3.4817693009972572 0.3999999999999999
    endloop
  endfacet
  facet normal 0.1531187669210264 -0.6906741424594193 -0.7067700277703705
    outer loop
      vertex 2.507055239379406 -3.0727406680583957 0
      vertex 2.6105828508734703 -3.459110990166664 0.3999999999999999
      vertex 2.5083778128027916 -3.4817693009972572 0.3999999999999999
    endloop
  endfacet
  facet normal 0.21273234748156342 -0.6747007337763327 -0.7067700249562524
    outer loop
      vertex 2.5736161187291144 -3.051754103600979 0
      vertex 2.710424169898033 -3.427631139755249 0.3999999999999999
      vertex 2.6105828508734703 -3.459110990166664 0.3999999999999999
    endloop
  endfacet
  facet normal 0.2707268787234045 -0.6535924528836153 -0.7067700210607847
    outer loop
      vertex 2.638094612956047 -3.025046238303185 0
      vertex 2.8071419075131416 -3.387569338083267 0.3999999999999999
      vertex 2.710424169898033 -3.427631139755249 0.3999999999999999
    endloop
  endfacet
  facet normal 0 0 -1
    outer loop
      vertex 2.3000000059604644 -3.1000000029802326 0
      vertex 2.507055239379406 -3.0727406680583957 0
      vertex 2.369724602997303 -3.096955762803555 0
    endloop
  endfacet
  facet normal 0.15311874234575015 -0.6906741451623861 -0.706770030453091
    outer loop
      vertex 2.507055239379406 -3.0727406680583957 0
      vertex 2.5083778128027916 -3.4817693009972572 0.3999999999999999
      vertex 2.4389185473322867 -3.0878462061285976 0
    endloop
  endfacet
  facet normal 0.21273232379613213 -0.6747007384990802 -0.7067700275769293
    outer loop
      vertex 2.507055239379406 -3.0727406680583957 0
      vertex 2.5736161187291144 -3.051754103600979 0
      vertex 2.6105828508734703 -3.459110990166664 0.3999999999999999
    endloop
  endfacet
  facet normal 0 0 -1
    outer loop
      vertex 2.369724602997303 -3.096955762803555 0
      vertex 2.507055239379406 -3.0727406680583957 0
      vertex 2.4389185473322867 -3.0878462061285976 0
    endloop
  endfacet
  facet normal 0.270726846962463 -0.6535924621570718 -0.7067700246510316
    outer loop
      vertex 2.5736161187291144 -3.051754103600979 0
      vertex 2.638094612956047 -3.025046238303185 0
      vertex 2.710424169898033 -3.427631139755249 0.3999999999999999
    endloop
  endfacet
  facet normal 0.3266609951982167 -0.6275099377345366 -0.7067700278453443
    outer loop
      vertex 2.638094612956047 -3.025046238303185 0
      vertex 2.7000000044703483 -2.9928203314542774 0
      vertex 2.899999998509884 -3.3392304852604866 0.3999999999999999
    endloop
  endfacet
  facet normal 0 0 -1
    outer loop
      vertex 2.507055239379406 -3.0727406680583957 0
      vertex 2.638094612956047 -3.025046238303185 0
      vertex 2.5736161187291144 -3.051754103600979 0
    endloop
  endfacet
  facet normal 0 0 -1
    outer loop
      vertex 2.507055239379406 -3.0727406680583957 0
      vertex 2.758861155807972 -2.9553216412663463 0
      vertex 2.638094612956047 -3.025046238303185 0
    endloop
  endfacet
  facet normal 0 0 -1
    outer loop
      vertex 2.638094612956047 -3.025046238303185 0
      vertex 2.758861155807972 -2.9553216412663463 0
      vertex 2.7000000044703483 -2.9928203314542774 0
    endloop
  endfacet
  facet normal 0.0436194033554438 -0.9990482208837145 0
    outer loop
      vertex 2.4045868888497353 -3.495433636009693 2
      vertex 2.2999999970197678 -3.5 0.3999999999999999
      vertex 2.4045868888497353 -3.495433636009693 0.3999999999999999
    endloop
  endfacet
  facet normal 0.13052619829616904 -0.9914448605738744 1.2385600970105405e-18
    outer loop
      vertex 2.5 -3.482872261029298 2
      vertex 2.4045868888497353 -3.495433636009693 0.3999999999999999
      vertex 2.5083778128027916 -3.4817693009972572 0.3999999999999999
    endloop
  endfacet
  facet normal 0 0 -1
    outer loop
      vertex 2.507055239379406 -3.0727406680583957 0
      vertex 2.955321641266346 -2.7588611558079723 0
      vertex 2.758861155807972 -2.9553216412663463 0
    endloop
  endfacet
  facet normal 0.3266609481074145 -0.6275099691680175 -0.7067700217017688
    outer loop
      vertex 2.638094612956047 -3.025046238303185 0
      vertex 2.899999998509884 -3.3392304852604866 0.3999999999999999
      vertex 2.8071419075131416 -3.387569338083267 0.3999999999999999
    endloop
  endfacet
  facet normal 0.38010905636601633 -0.5966516851503878 -0.7067700275731416
    outer loop
      vertex 2.7000000044703483 -2.9928203314542774 0
      vertex 2.758861155807972 -2.9553216412663463 0
      vertex 2.899999998509884 -3.3392304852604866 0.3999999999999999
    endloop
  endfacet
  facet normal 0.3801090616160476 -0.5966516825583307 -0.7067700269378157
    outer loop
      vertex 2.758861155807972 -2.9553216412663463 0
      vertex 2.9882917180657387 -3.2829824537038803 0.3999999999999999
      vertex 2.899999998509884 -3.3392304852604866 0.3999999999999999
    endloop
  endfacet
  facet normal 0.4306642377633509 -0.5612525679622186 -0.7067700257279784
    outer loop
      vertex 2.814230093359947 -2.912835562229157 0
      vertex 3.071345128118992 -3.219253331422806 0.3999999999999999
      vertex 2.9882917180657387 -3.2829824537038803 0.3999999999999999
    endloop
  endfacet
  facet normal 0.4779418122837141 -0.5215819731064988 -0.7067700258226083
    outer loop
      vertex 2.814230093359947 -2.912835562229157 0
      vertex 3.1485281363129616 -3.1485281363129616 0.3999999999999999
      vertex 3.071345128118992 -3.219253331422806 0.3999999999999999
    endloop
  endfacet
  facet normal 0.43066423376813984 -0.5612525703891083 -0.7067700262352103
    outer loop
      vertex 2.814230093359947 -2.912835562229157 0
      vertex 2.9882917180657387 -3.2829824537038803 0.3999999999999999
      vertex 2.758861155807972 -2.9553216412663463 0
    endloop
  endfacet
  facet normal 0.4779418594902648 -0.521581919328084 -0.7067700335873192
    outer loop
      vertex 2.814230093359947 -2.912835562229157 0
      vertex 2.865685427188873 -2.8656854271888736 0
      vertex 3.1485281363129616 -3.1485281363129616 0.3999999999999999
    endloop
  endfacet
  facet normal 0.521581919328084 -0.4779418594902648 -0.7067700335873193
    outer loop
      vertex 2.865685427188873 -2.8656854271888736 0
      vertex 2.9128355622291564 -2.8142300933599476 0
      vertex 3.1485281363129616 -3.1485281363129616 0.3999999999999999
    endloop
  endfacet
  facet normal 0.521581973106499 -0.47794181228371413 -0.7067700258226082
    outer loop
      vertex 2.9128355622291564 -2.8142300933599476 0
      vertex 3.219253331422806 -3.071345128118992 0.3999999999999999
      vertex 3.1485281363129616 -3.1485281363129616 0.3999999999999999
    endloop
  endfacet
  facet normal 0.5612525679622183 -0.43066423776335105 -0.7067700257279784
    outer loop
      vertex 2.9128355622291564 -2.8142300933599476 0
      vertex 3.2829824537038803 -2.9882917180657387 0.3999999999999999
      vertex 3.219253331422806 -3.071345128118992 0.3999999999999999
    endloop
  endfacet
  facet normal 0 0 -1
    outer loop
      vertex 2.814230093359947 -2.912835562229157 0
      vertex 2.758861155807972 -2.9553216412663463 0
      vertex 2.865685427188873 -2.8656854271888736 0
    endloop
  endfacet
  facet normal 0 0 -1
    outer loop
      vertex 2.865685427188873 -2.8656854271888736 0
      vertex 2.758861155807972 -2.9553216412663463 0
      vertex 2.955321641266346 -2.7588611558079723 0
    endloop
  endfacet
  facet normal 0 0 -1
    outer loop
      vertex 2.865685427188873 -2.8656854271888736 0
      vertex 2.955321641266346 -2.7588611558079723 0
      vertex 2.9128355622291564 -2.8142300933599476 0
    endloop
  endfacet
  facet normal 0.5612525703891083 -0.43066423376813984 -0.7067700262352106
    outer loop
      vertex 2.9128355622291564 -2.8142300933599476 0
      vertex 2.955321641266346 -2.7588611558079723 0
      vertex 3.2829824537038803 -2.9882917180657387 0.3999999999999999
    endloop
  endfacet
  facet normal 0 0 -1
    outer loop
      vertex 3.0517541036009788 -2.573616118729115 0
      vertex 2.992820331454277 -2.7000000044703487 0
      vertex 2.955321641266346 -2.7588611558079723 0
    endloop
  endfacet
  facet normal 0.5966516825583306 -0.3801090616160478 -0.7067700269378157
    outer loop
      vertex 2.955321641266346 -2.7588611558079723 0
      vertex 3.3392304852604866 -2.899999998509884 0.3999999999999999
      vertex 3.2829824537038803 -2.9882917180657387 0.3999999999999999
    endloop
  endfacet
  facet normal 0.5966516851503878 -0.3801090563660163 -0.7067700275731417
    outer loop
      vertex 2.992820331454277 -2.7000000044703487 0
      vertex 3.3392304852604866 -2.899999998509884 0.3999999999999999
      vertex 2.955321641266346 -2.7588611558079723 0
    endloop
  endfacet
  facet normal 0.6275099377345364 -0.3266609951982166 -0.7067700278453445
    outer loop
      vertex 3.0250462383031844 -2.6380946129560474 0
      vertex 3.3392304852604866 -2.899999998509884 0.3999999999999999
      vertex 2.992820331454277 -2.7000000044703487 0
    endloop
  endfacet
  facet normal 0.6275099691680174 -0.3266609481074142 -0.7067700217017692
    outer loop
      vertex 3.0250462383031844 -2.6380946129560474 0
      vertex 3.387569338083267 -2.8071419075131416 0.3999999999999999
      vertex 3.3392304852604866 -2.899999998509884 0.3999999999999999
    endloop
  endfacet
  facet normal 0.6535924528836151 -0.27072687872340423 -0.7067700210607849
    outer loop
      vertex 3.0250462383031844 -2.6380946129560474 0
      vertex 3.427631139755249 -2.710424169898033 0.3999999999999999
      vertex 3.387569338083267 -2.8071419075131416 0.3999999999999999
    endloop
  endfacet
  facet normal 0 0 -1
    outer loop
      vertex 3.0517541036009788 -2.573616118729115 0
      vertex 3.0250462383031844 -2.6380946129560474 0
      vertex 2.992820331454277 -2.7000000044703487 0
    endloop
  endfacet
  facet normal 0 0 -1
    outer loop
      vertex 3.0969557628035544 -2.3697246029973034 0
      vertex 3.0517541036009788 -2.573616118729115 0
      vertex 2.955321641266346 -2.7588611558079723 0
    endloop
  endfacet
  facet normal 0.6535924621570716 -0.27072684696246296 -0.7067700246510318
    outer loop
      vertex 3.0517541036009788 -2.573616118729115 0
      vertex 3.427631139755249 -2.710424169898033 0.3999999999999999
      vertex 3.0250462383031844 -2.6380946129560474 0
    endloop
  endfacet
  facet normal 0.67470073849908 -0.21273232379613205 -0.7067700275769295
    outer loop
      vertex 3.0517541036009788 -2.573616118729115 0
      vertex 3.0727406680583953 -2.5070552393794063 0
      vertex 3.459110990166664 -2.6105828508734703 0.3999999999999999
    endloop
  endfacet
  facet normal 0.6747007337763323 -0.21273234748156367 -0.7067700249562527
    outer loop
      vertex 3.0517541036009788 -2.573616118729115 0
      vertex 3.459110990166664 -2.6105828508734703 0.3999999999999999
      vertex 3.427631139755249 -2.710424169898033 0.3999999999999999
    endloop
  endfacet
  facet normal 0.690674142459419 -0.15311876692102613 -0.7067700277703707
    outer loop
      vertex 3.0727406680583953 -2.5070552393794063 0
      vertex 3.4817693009972572 -2.5083778128027916 0.3999999999999999
      vertex 3.459110990166664 -2.6105828508734703 0.3999999999999999
    endloop
  endfacet
  facet normal 0 0 -1
    outer loop
      vertex 3.0969557628035544 -2.3697246029973034 0
      vertex 3.0727406680583953 -2.5070552393794063 0
      vertex 3.0517541036009788 -2.573616118729115 0
    endloop
  endfacet
  facet normal 0.6906741451623858 -0.15311874234575007 -0.7067700304530912
    outer loop
      vertex 3.087846206128597 -2.438918547332287 0
      vertex 3.4817693009972572 -2.5083778128027916 0.3999999999999999
      vertex 3.0727406680583953 -2.5070552393794063 0
    endloop
  endfacet
  facet normal 0 0 -1
    outer loop
      vertex 3.0969557628035544 -2.3697246029973034 0
      vertex 3.087846206128597 -2.438918547332287 0
      vertex 3.0727406680583953 -2.5070552393794063 0
    endloop
  endfacet
  facet normal 0.7013910941294014 -0.09233990032927884 -0.706770030408152
    outer loop
      vertex 3.0969557628035544 -2.3697246029973034 0
      vertex 3.4817693009972572 -2.5083778128027916 0.3999999999999999
      vertex 3.087846206128597 -2.438918547332287 0
    endloop
  endfacet
  facet normal 0.7013910956977225 -0.09233989390717799 -0.7067700296908177
    outer loop
      vertex 3.0969557628035544 -2.3697246029973034 0
      vertex 3.495433636009693 -2.4045868888497353 0.3999999999999999
      vertex 3.4817693009972572 -2.5083778128027916 0.3999999999999999
    endloop
  endfacet
  facet normal 0.0436194033554438 -0.9990482208837145 0
    outer loop
      vertex 2.2999999970197678 -3.5 2
      vertex 2.2999999970197678 -3.5 0.3999999999999999
      vertex 2.4045868888497353 -3.495433636009693 2
    endloop
  endfacet
  facet normal 0.13052619829616907 -0.9914448605738743 0
    outer loop
      vertex 2.4045868888497353 -3.495433636009693 2
      vertex 2.4045868888497353 -3.495433636009693 0.3999999999999999
      vertex 2.5 -3.482872261029298 2
    endloop
  endfacet
  facet normal 0.21643960843063323 -0.9762960083409099 0
    outer loop
      vertex 2.6105828508734703 -3.459110990166664 4
      vertex 2.5083778128027916 -3.4817693009972572 0.3999999999999999
      vertex 2.6105828508734703 -3.459110990166664 0.3999999999999999
    endloop
  endfacet
  facet normal 0.3007058294180578 -0.9537169413164462 0
    outer loop
      vertex 2.6105828508734703 -3.459110990166664 4
      vertex 2.6105828508734703 -3.459110990166664 0.3999999999999999
      vertex 2.710424169898033 -3.427631139755249 0.3999999999999999
    endloop
  endfacet
  facet normal 0.38268345706801216 -0.9238795222790008 0
    outer loop
      vertex 2.710424169898033 -3.427631139755249 4
      vertex 2.710424169898033 -3.427631139755249 0.3999999999999999
      vertex 2.8071419075131416 -3.387569338083267 0.3999999999999999
    endloop
  endfacet
  facet normal 0.13052619829616882 -0.9914448605738744 0
    outer loop
      vertex 2.5083778128027916 -3.4817693009972572 4
      vertex 2.5 -3.482872261029298 2
      vertex 2.5083778128027916 -3.4817693009972572 0.3999999999999999
    endloop
  endfacet
  facet normal 0.4617485401282741 -0.8870108712351883 0
    outer loop
      vertex 2.899999998509884 -3.3392304852604866 4
      vertex 2.8071419075131416 -3.387569338083267 0.3999999999999999
      vertex 2.899999998509884 -3.3392304852604866 0.3999999999999999
    endloop
  endfacet
  facet normal 0.5372996270458298 -0.8433914339003048 0
    outer loop
      vertex 2.899999998509884 -3.3392304852604866 4
      vertex 2.899999998509884 -3.3392304852604866 0.3999999999999999
      vertex 2.9882917180657387 -3.2829824537038803 0.3999999999999999
    endloop
  endfacet
  facet normal 0.6087614248213178 -0.7933533435043424 0
    outer loop
      vertex 2.9882917180657387 -3.2829824537038803 4
      vertex 2.9882917180657387 -3.2829824537038803 0.3999999999999999
      vertex 3.071345128118992 -3.219253331422806 0.3999999999999999
    endloop
  endfacet
  facet normal 0.6755902003320648 -0.7372773434843095 0
    outer loop
      vertex 3.1485281363129616 -3.1485281363129616 4
      vertex 3.071345128118992 -3.219253331422806 0.3999999999999999
      vertex 3.1485281363129616 -3.1485281363129616 0.3999999999999999
    endloop
  endfacet
  facet normal 0.7372773434843095 -0.6755902003320648 0
    outer loop
      vertex 3.219253331422806 -3.071345128118992 4
      vertex 3.1485281363129616 -3.1485281363129616 0.3999999999999999
      vertex 3.219253331422806 -3.071345128118992 0.3999999999999999
    endloop
  endfacet
  facet normal 0.7933533435043424 -0.6087614248213178 0
    outer loop
      vertex 3.219253331422806 -3.071345128118992 4
      vertex 3.219253331422806 -3.071345128118992 0.3999999999999999
      vertex 3.2829824537038803 -2.9882917180657387 0.3999999999999999
    endloop
  endfacet
  facet normal 0.8433914339003048 -0.5372996270458298 0
    outer loop
      vertex 3.2829824537038803 -2.9882917180657387 4
      vertex 3.2829824537038803 -2.9882917180657387 0.3999999999999999
      vertex 3.3392304852604866 -2.899999998509884 0.3999999999999999
    endloop
  endfacet
  facet normal 0.8870108712351883 -0.4617485401282741 0
    outer loop
      vertex 3.3392304852604866 -2.899999998509884 4
      vertex 3.3392304852604866 -2.899999998509884 0.3999999999999999
      vertex 3.387569338083267 -2.8071419075131416 0.3999999999999999
    endloop
  endfacet
  facet normal 0.9238795222790008 -0.38268345706801216 0
    outer loop
      vertex 3.427631139755249 -2.710424169898033 4
      vertex 3.387569338083267 -2.8071419075131416 0.3999999999999999
      vertex 3.427631139755249 -2.710424169898033 0.3999999999999999
    endloop
  endfacet
  facet normal 0.9537169413164462 -0.3007058294180578 0
    outer loop
      vertex 3.427631139755249 -2.710424169898033 4
      vertex 3.427631139755249 -2.710424169898033 0.3999999999999999
      vertex 3.459110990166664 -2.6105828508734703 0.3999999999999999
    endloop
  endfacet
  facet normal 0.9762960083409099 -0.21643960843063323 0
    outer loop
      vertex 3.4817693009972572 -2.5083778128027916 4
      vertex 3.459110990166664 -2.6105828508734703 0.3999999999999999
      vertex 3.4817693009972572 -2.5083778128027916 0.3999999999999999
    endloop
  endfacet
  facet normal 0.9914448605738744 -0.13052619829616904 0
    outer loop
      vertex 3.4817693009972572 -2.5083778128027916 4
      vertex 3.4817693009972572 -2.5083778128027916 0.3999999999999999
      vertex 3.495433636009693 -2.4045868888497353 0.3999999999999999
    endloop
  endfacet
  facet normal 0 0 -1
    outer loop
      vertex 2.955321641266346 -2.7588611558079723 0
      vertex 0.742462120245875 -0.742462120245875 0
      vertex 0.9093266739736605 -0.525 0
    endloop
  endfacet
  facet normal 0.7067700396778954 -0.030858231411832644 -0.7067700337223134
    outer loop
      vertex 3.100000002980232 -2.300000005960465 0
      vertex 3.5 -2.2999999970197678 0.3999999999999999
      vertex 3.0969557628035544 -2.3697246029973034 0
    endloop
  endfacet
  facet normal 0.7067700413925949 -0.030858257760348413 -0.7067700308572129
    outer loop
      vertex 3.0969557628035544 -2.3697246029973034 0
      vertex 3.5 -2.2999999970197678 0.3999999999999999
      vertex 3.495433636009693 -2.4045868888497353 0.3999999999999999
    endloop
  endfacet
  facet normal 0.9990482208837145 -0.0436194033554438 0
    outer loop
      vertex 3.5 -2.2999999970197678 4
      vertex 3.495433636009693 -2.4045868888497353 0.3999999999999999
      vertex 3.5 -2.2999999970197678 0.3999999999999999
    endloop
  endfacet
  facet normal 0.21643960843063323 -0.9762960083409099 0
    outer loop
      vertex 2.5083778128027916 -3.4817693009972572 4
      vertex 2.5083778128027916 -3.4817693009972572 0.3999999999999999
      vertex 2.6105828508734703 -3.459110990166664 4
    endloop
  endfacet
  facet normal 0.3007058294180578 -0.9537169413164462 0
    outer loop
      vertex 2.6105828508734703 -3.459110990166664 4
      vertex 2.710424169898033 -3.427631139755249 0.3999999999999999
      vertex 2.710424169898033 -3.427631139755249 4
    endloop
  endfacet
  facet normal 0.13052619829616882 -0.9914448605738743 0
    outer loop
      vertex 2.5 -3.482872261029298 4
      vertex 2.5 -3.482872261029298 2
      vertex 2.5083778128027916 -3.4817693009972572 4
    endloop
  endfacet
  facet normal 0 0 1
    outer loop
      vertex 2.6105828508734703 -3.459110990166664 4
      vertex 2.710424169898033 -3.427631139755249 4
      vertex 2.8071419075131416 -3.387569338083267 4
    endloop
  endfacet
  facet normal 0.38268345706801216 -0.9238795222790008 0
    outer loop
      vertex 2.710424169898033 -3.427631139755249 4
      vertex 2.8071419075131416 -3.387569338083267 0.3999999999999999
      vertex 2.8071419075131416 -3.387569338083267 4
    endloop
  endfacet
  facet normal 0.4617485401282741 -0.8870108712351883 0
    outer loop
      vertex 2.8071419075131416 -3.387569338083267 4
      vertex 2.8071419075131416 -3.387569338083267 0.3999999999999999
      vertex 2.899999998509884 -3.3392304852604866 4
    endloop
  endfacet
  facet normal 0.5372996270458298 -0.8433914339003048 0
    outer loop
      vertex 2.899999998509884 -3.3392304852604866 4
      vertex 2.9882917180657387 -3.2829824537038803 0.3999999999999999
      vertex 2.9882917180657387 -3.2829824537038803 4
    endloop
  endfacet
  facet normal 0.6087614248213178 -0.7933533435043424 0
    outer loop
      vertex 2.9882917180657387 -3.2829824537038803 4
      vertex 3.071345128118992 -3.219253331422806 0.3999999999999999
      vertex 3.071345128118992 -3.219253331422806 4
    endloop
  endfacet
  facet normal 0.6755902003320648 -0.7372773434843095 0
    outer loop
      vertex 3.1485281363129616 -3.1485281363129616 4
      vertex 3.071345128118992 -3.219253331422806 4
      vertex 3.071345128118992 -3.219253331422806 0.3999999999999999
    endloop
  endfacet
  facet normal 0.7372773434843095 -0.6755902003320648 0
    outer loop
      vertex 3.1485281363129616 -3.1485281363129616 4
      vertex 3.1485281363129616 -3.1485281363129616 0.3999999999999999
      vertex 3.219253331422806 -3.071345128118992 4
    endloop
  endfacet
  facet normal 0.7933533435043424 -0.6087614248213178 0
    outer loop
      vertex 3.219253331422806 -3.071345128118992 4
      vertex 3.2829824537038803 -2.9882917180657387 0.3999999999999999
      vertex 3.2829824537038803 -2.9882917180657387 4
    endloop
  endfacet
  facet normal 0 0 1
    outer loop
      vertex 2.8071419075131416 -3.387569338083267 4
      vertex 2.899999998509884 -3.3392304852604866 4
      vertex 2.9882917180657387 -3.2829824537038803 4
    endloop
  endfacet
  facet normal 0 0 1
    outer loop
      vertex 2.8071419075131416 -3.387569338083267 4
      vertex 2.9882917180657387 -3.2829824537038803 4
      vertex 3.1485281363129616 -3.1485281363129616 4
    endloop
  endfacet
  facet normal 0 0 1
    outer loop
      vertex 2.9882917180657387 -3.2829824537038803 4
      vertex 3.071345128118992 -3.219253331422806 4
      vertex 3.1485281363129616 -3.1485281363129616 4
    endloop
  endfacet
  facet normal 0 0 1
    outer loop
      vertex 3.3392304852604866 -2.899999998509884 4
      vertex 3.1485281363129616 -3.1485281363129616 4
      vertex 3.219253331422806 -3.071345128118992 4
    endloop
  endfacet
  facet normal 0 0 1
    outer loop
      vertex 3.3392304852604866 -2.899999998509884 4
      vertex 3.219253331422806 -3.071345128118992 4
      vertex 3.2829824537038803 -2.9882917180657387 4
    endloop
  endfacet
  facet normal 0.8433914339003048 -0.5372996270458298 0
    outer loop
      vertex 3.3392304852604866 -2.899999998509884 4
      vertex 3.2829824537038803 -2.9882917180657387 4
      vertex 3.3392304852604866 -2.899999998509884 0.3999999999999999
    endloop
  endfacet
  facet normal 0.8870108712351883 -0.4617485401282741 0
    outer loop
      vertex 3.387569338083267 -2.8071419075131416 4
      vertex 3.3392304852604866 -2.899999998509884 4
      vertex 3.387569338083267 -2.8071419075131416 0.3999999999999999
    endloop
  endfacet
  facet normal 0.9238795222790008 -0.38268345706801216 0
    outer loop
      vertex 3.387569338083267 -2.8071419075131416 4
      vertex 3.387569338083267 -2.8071419075131416 0.3999999999999999
      vertex 3.427631139755249 -2.710424169898033 4
    endloop
  endfacet
  facet normal 0.9537169413164462 -0.3007058294180578 0
    outer loop
      vertex 3.459110990166664 -2.6105828508734703 4
      vertex 3.427631139755249 -2.710424169898033 4
      vertex 3.459110990166664 -2.6105828508734703 0.3999999999999999
    endloop
  endfacet
  facet normal 0.9762960083409099 -0.21643960843063323 0
    outer loop
      vertex 3.4817693009972572 -2.5083778128027916 4
      vertex 3.459110990166664 -2.6105828508734703 4
      vertex 3.459110990166664 -2.6105828508734703 0.3999999999999999
    endloop
  endfacet
  facet normal 0.9914448605738744 -0.13052619829616904 0
    outer loop
      vertex 3.495433636009693 -2.4045868888497353 4
      vertex 3.4817693009972572 -2.5083778128027916 4
      vertex 3.495433636009693 -2.4045868888497353 0.3999999999999999
    endloop
  endfacet
  facet normal 0 0 1
    outer loop
      vertex 3.4817693009972572 -2.5083778128027916 4
      vertex 3.1485281363129616 -3.1485281363129616 4
      vertex 3.3392304852604866 -2.899999998509884 4
    endloop
  endfacet
  facet normal 0 0 1
    outer loop
      vertex 3.387569338083267 -2.8071419075131416 4
      vertex 3.427631139755249 -2.710424169898033 4
      vertex 3.3392304852604866 -2.899999998509884 4
    endloop
  endfacet
  facet normal 0 0 1
    outer loop
      vertex 3.4817693009972572 -2.5083778128027916 4
      vertex 3.3392304852604866 -2.899999998509884 4
      vertex 3.427631139755249 -2.710424169898033 4
    endloop
  endfacet
  facet normal 0 0 1
    outer loop
      vertex 3.4817693009972572 -2.5083778128027916 4
      vertex 3.427631139755249 -2.710424169898033 4
      vertex 3.459110990166664 -2.6105828508734703 4
    endloop
  endfacet
  facet normal 0 0 1
    outer loop
      vertex 3.5 -2.2999999970197678 4
      vertex 3.4817693009972572 -2.5083778128027916 4
      vertex 3.495433636009693 -2.4045868888497353 4
    endloop
  endfacet
  facet normal 0.9990482208837145 -0.0436194033554438 0
    outer loop
      vertex 3.5 -2.2999999970197678 4
      vertex 3.495433636009693 -2.4045868888497353 4
      vertex 3.495433636009693 -2.4045868888497353 0.3999999999999999
    endloop
  endfacet
  facet normal 0 0 -1
    outer loop
      vertex 2.955321641266346 -2.7588611558079723 0
      vertex 0.9093266739736605 -0.525 0
      vertex 1.0142221176035218 -0.2717599973576468 0
    endloop
  endfacet
  facet normal 0 0 -1
    outer loop
      vertex 2.955321641266346 -2.7588611558079723 0
      vertex 1.0142221176035218 -0.2717599973576468 0
      vertex 1.05 0 0
    endloop
  endfacet
  facet normal 0 0 -1
    outer loop
      vertex 3.0969557628035544 4.36972460001707 0
      vertex 3.0969557628035544 -2.3697246029973034 0
      vertex 2.955321641266346 -2.7588611558079723 0
    endloop
  endfacet
  facet normal 0 0 -1
    outer loop
      vertex 2.369724602997303 5.096955759823322 0
      vertex 2.955321641266346 -2.7588611558079723 0
      vertex 1.05 0 0
    endloop
  endfacet
  facet normal 0 0 -1
    outer loop
      vertex 3.0969557628035544 4.36972460001707 0
      vertex 3.100000002980232 -2.300000005960465 0
      vertex 3.0969557628035544 -2.3697246029973034 0
    endloop
  endfacet
  facet normal 0.7071067838207253 0 -0.7071067785523697
    outer loop
      vertex 3.5 4.299999997019768 0.3999999999999999
      vertex 3.5 -2.2999999970197678 0.3999999999999999
      vertex 3.100000002980232 -2.300000005960465 0
    endloop
  endfacet
  facet normal 0 0 1
    outer loop
      vertex 2.5 3.5 4
      vertex 2.5 -3.482872261029298 4
      vertex 2.5083778128027916 -3.4817693009972572 4
    endloop
  endfacet
  facet normal 0 0 1
    outer loop
      vertex 2.5 3.5 4
      vertex 2.5083778128027916 -3.4817693009972572 4
      vertex 2.6105828508734703 -3.459110990166664 4
    endloop
  endfacet
  facet normal 0 0 1
    outer loop
      vertex 2.5 3.5 4
      vertex 2.6105828508734703 -3.459110990166664 4
      vertex 2.8071419075131416 -3.387569338083267 4
    endloop
  endfacet
  facet normal 0 0 1
    outer loop
      vertex 2.5 3.5 4
      vertex 2.8071419075131416 -3.387569338083267 4
      vertex 3.1485281363129616 -3.1485281363129616 4
    endloop
  endfacet
  facet normal 0 0 1
    outer loop
      vertex 3.4817693009972572 4.508377812802792 4
      vertex 3.1485281363129616 -3.1485281363129616 4
      vertex 3.4817693009972572 -2.5083778128027916 4
    endloop
  endfacet
  facet normal 0 0 1
    outer loop
      vertex 3.5 4.299999997019768 4
      vertex 3.4817693009972572 -2.5083778128027916 4
      vertex 3.5 -2.2999999970197678 4
    endloop
  endfacet
  facet normal 1 0 0
    outer loop
      vertex 3.5 4.299999997019768 4
      vertex 3.5 -2.2999999970197678 4
      vertex 3.5 -2.2999999970197678 0.3999999999999999
    endloop
  endfacet
  facet normal -0.7071067811865475 -2.3789279644800747e-18 -0.7071067811865475
    outer loop
      vertex -3.5 4.299999997019768 0.3999999999999999
      vertex -3.1 4.300000002980232 0
      vertex -3.1 -2.300000005960465 0
    endloop
  endfacet
  facet normal 0 0 -1
    outer loop
      vertex -2.955321638286114 4.758861152827739 0
      vertex -3.087846203148365 -2.438918547332287 0
      vertex -3.1 4.300000002980232 0
    endloop
  endfacet
  facet normal 0 0 -1
    outer loop
      vertex -2.955321638286114 4.758861152827739 0
      vertex 2.369724602997303 5.096955759823322 0
      vertex -3.087846203148365 -2.438918547332287 0
    endloop
  endfacet
  facet normal 0 0 -1
    outer loop
      vertex -3.087846203148365 -2.438918547332287 0
      vertex 2.369724602997303 5.096955759823322 0
      vertex -0.9093266739736605 0.525 0
    endloop
  endfacet
  facet normal 0 0 -1
    outer loop
      vertex 2.369724602997303 5.096955759823322 0
      vertex -0.742462120245875 0.742462120245875 0
      vertex -0.9093266739736605 0.525 0
    endloop
  endfacet
  facet normal 0 0 -1
    outer loop
      vertex 2.369724602997303 5.096955759823322 0
      vertex 1.05 0 0
      vertex 1.0142221176035218 0.2717599973576468 0
    endloop
  endfacet
  facet normal 0 0 -1
    outer loop
      vertex 2.369724602997303 5.096955759823322 0
      vertex 1.0142221176035218 0.2717599973576468 0
      vertex 0.9093266739736605 0.525 0
    endloop
  endfacet
  facet normal 0 0 -1
    outer loop
      vertex 2.369724602997303 5.096955759823322 0
      vertex 0.9093266739736605 0.525 0
      vertex 0.742462120245875 0.742462120245875 0
    endloop
  endfacet
  facet normal 0 0 -1
    outer loop
      vertex 2.369724602997303 5.096955759823322 0
      vertex -0.525 0.9093266739736605 0
      vertex -0.742462120245875 0.742462120245875 0
    endloop
  endfacet
  facet normal 0 0 -1
    outer loop
      vertex 2.369724602997303 5.096955759823322 0
      vertex -0.2717599973576468 1.0142221176035218 0
      vertex -0.525 0.9093266739736605 0
    endloop
  endfacet
  facet normal 0 0 -1
    outer loop
      vertex 2.369724602997303 5.096955759823322 0
      vertex 0 1.05 0
      vertex -0.2717599973576468 1.0142221176035218 0
    endloop
  endfacet
  facet normal 0 0 -1
    outer loop
      vertex 2.369724602997303 5.096955759823322 0
      vertex 0.2717599973576468 1.0142221176035218 0
      vertex 0 1.05 0
    endloop
  endfacet
  facet normal 0 0 -1
    outer loop
      vertex 2.369724602997303 5.096955759823322 0
      vertex 0.525 0.9093266739736605 0
      vertex 0.2717599973576468 1.0142221176035218 0
    endloop
  endfacet
  facet normal 0 0 -1
    outer loop
      vertex 2.369724602997303 5.096955759823322 0
      vertex 0.742462120245875 0.742462120245875 0
      vertex 0.525 0.9093266739736605 0
    endloop
  endfacet
  facet normal -1 0 0
    outer loop
      vertex -3.5 4.299999997019768 4
      vertex -3.5 4.299999997019768 0.3999999999999999
      vertex -3.5 -2.2999999970197678 4
    endloop
  endfacet
  facet normal 0 0 1
    outer loop
      vertex -3.1485281363129616 5.148528136312962 4
      vertex -3.5 -2.2999999970197678 4
      vertex -2.5 3.5 4
    endloop
  endfacet
  facet normal 0 0 1
    outer loop
      vertex -3.495433636009693 4.404586888849735 4
      vertex -3.5 4.299999997019768 4
      vertex -3.5 -2.2999999970197678 4
    endloop
  endfacet
  facet normal 0 0 1
    outer loop
      vertex -3.1485281363129616 5.148528136312962 4
      vertex -3.495433636009693 4.404586888849735 4
      vertex -3.5 -2.2999999970197678 4
    endloop
  endfacet
  facet normal -0.7067700369326327 0.030858231291972148 -0.7067700364728092
    outer loop
      vertex -3.5 4.299999997019768 0.3999999999999999
      vertex -3.0969557598233224 4.36972460001707 0
      vertex -3.1 4.300000002980232 0
    endloop
  endfacet
  facet normal -0.7067700386473321 0.030858257640487757 -0.706770033607709
    outer loop
      vertex -3.495433636009693 4.404586888849735 0.3999999999999999
      vertex -3.0969557598233224 4.36972460001707 0
      vertex -3.5 4.299999997019768 0.3999999999999999
    endloop
  endfacet
  facet normal -0.9990482208837145 0.0436194033554438 0
    outer loop
      vertex -3.495433636009693 4.404586888849735 4
      vertex -3.495433636009693 4.404586888849735 0.3999999999999999
      vertex -3.5 4.299999997019768 0.3999999999999999
    endloop
  endfacet
  facet normal -0.701391091197821 0.09233989994332882 -0.706770033367846
    outer loop
      vertex -3.4817693009972572 4.508377812802792 0.3999999999999999
      vertex -3.087846203148365 4.438918544352054 0
      vertex -3.0969557598233224 4.36972460001707 0
    endloop
  endfacet
  facet normal -0.6906741420935243 0.15311874166539965 -0.7067700335994579
    outer loop
      vertex -3.4817693009972572 4.508377812802792 0.3999999999999999
      vertex -3.0727406650781632 4.507055236399173 0
      vertex -3.087846203148365 4.438918544352054 0
    endloop
  endfacet
  facet normal -0.7013910927661421 0.09233989352122786 -0.7067700326505117
    outer loop
      vertex -3.4817693009972572 4.508377812802792 0.3999999999999999
      vertex -3.0969557598233224 4.36972460001707 0
      vertex -3.495433636009693 4.404586888849735 0.3999999999999999
    endloop
  endfacet
  facet normal -0.6747007353461448 0.2127323228020152 -0.7067700308860234
    outer loop
      vertex -3.459110990166664 4.61058285087347 0.3999999999999999
      vertex -3.0517541006207467 4.573616115748882 0
      vertex -3.0727406650781632 4.507055236399173 0
    endloop
  endfacet
  facet normal -0.6906741393905574 0.153118766240676 -0.7067700309167376
    outer loop
      vertex -3.459110990166664 4.61058285087347 0.3999999999999999
      vertex -3.0727406650781632 4.507055236399173 0
      vertex -3.4817693009972572 4.508377812802792 0.3999999999999999
    endloop
  endfacet
  facet normal -0.6747007306233972 0.21273234648744682 -0.7067700282653466
    outer loop
      vertex -3.427631139755249 4.710424169898033 0.3999999999999999
      vertex -3.0517541006207467 4.573616115748882 0
      vertex -3.459110990166664 4.61058285087347 0.3999999999999999
    endloop
  endfacet
  facet normal 0 0 -1
    outer loop
      vertex -3.0727406650781632 4.507055236399173 0
      vertex -3.1 4.300000002980232 0
      vertex -3.0969557598233224 4.36972460001707 0
    endloop
  endfacet
  facet normal 0 0 -1
    outer loop
      vertex -3.0727406650781632 4.507055236399173 0
      vertex -3.0969557598233224 4.36972460001707 0
      vertex -3.087846203148365 4.438918544352054 0
    endloop
  endfacet
  facet normal 0 0 -1
    outer loop
      vertex -3.0727406650781632 4.507055236399173 0
      vertex -2.955321638286114 4.758861152827739 0
      vertex -3.1 4.300000002980232 0
    endloop
  endfacet
  facet normal 0 0 -1
    outer loop
      vertex -3.0727406650781632 4.507055236399173 0
      vertex -3.0517541006207467 4.573616115748882 0
      vertex -3.0250462353229524 4.6380946099758145 0
    endloop
  endfacet
  facet normal -0.6535924589758252 0.2707268456447474 -0.7067700280976688
    outer loop
      vertex -3.427631139755249 4.710424169898033 0.3999999999999999
      vertex -3.0250462353229524 4.6380946099758145 0
      vertex -3.0517541006207467 4.573616115748882 0
    endloop
  endfacet
  facet normal 0 0 -1
    outer loop
      vertex -3.0727406650781632 4.507055236399173 0
      vertex -3.0250462353229524 4.6380946099758145 0
      vertex -2.955321638286114 4.758861152827739 0
    endloop
  endfacet
  facet normal -0.6535924497023687 0.27072687740568874 -0.7067700245074219
    outer loop
      vertex -3.427631139755249 4.710424169898033 0.3999999999999999
      vertex -3.387569338083267 4.807141907513142 0.3999999999999999
      vertex -3.0250462353229524 4.6380946099758145 0
    endloop
  endfacet
  facet normal -0.627509966015082 0.3266609464661005 -0.7067700252597178
    outer loop
      vertex -3.3392304852604866 4.899999998509884 0.3999999999999999
      vertex -3.0250462353229524 4.6380946099758145 0
      vertex -3.387569338083267 4.807141907513142 0.3999999999999999
    endloop
  endfacet
  facet normal -0.5966516794894686 0.38010905966096703 -0.7067700305799983
    outer loop
      vertex -3.2829824537038803 4.988291718065739 0.3999999999999999
      vertex -2.955321638286114 4.758861152827739 0
      vertex -3.3392304852604866 4.899999998509884 0.3999999999999999
    endloop
  endfacet
  facet normal -0.6275099345816011 0.32666099355690265 -0.7067700314032932
    outer loop
      vertex -3.3392304852604866 4.899999998509884 0.3999999999999999
      vertex -2.992820328474045 4.700000001490116 0
      vertex -3.0250462353229524 4.6380946099758145 0
    endloop
  endfacet
  facet normal -0.596651682081526 0.38010905441093545 -0.706770031215324
    outer loop
      vertex -3.3392304852604866 4.899999998509884 0.3999999999999999
      vertex -2.955321638286114 4.758861152827739 0
      vertex -2.992820328474045 4.700000001490116 0
    endloop
  endfacet
  facet normal 0 0 -1
    outer loop
      vertex -2.955321638286114 4.758861152827739 0
      vertex -3.0250462353229524 4.6380946099758145 0
      vertex -2.992820328474045 4.700000001490116 0
    endloop
  endfacet
  facet normal -0.5612525674575275 0.4306642315186589 -0.7067700299339076
    outer loop
      vertex -3.2829824537038803 4.988291718065739 0.3999999999999999
      vertex -2.9128355592489243 4.814230090379715 0
      vertex -2.955321638286114 4.758861152827739 0
    endloop
  endfacet
  facet normal 0 0 -1
    outer loop
      vertex -2.955321638286114 4.758861152827739 0
      vertex -2.9128355592489243 4.814230090379715 0
      vertex -2.814230090379715 4.912835559248924 0
    endloop
  endfacet
  facet normal 0 0 -1
    outer loop
      vertex -2.9128355592489243 4.814230090379715 0
      vertex -2.865685424208641 4.865685424208641 0
      vertex -2.814230090379715 4.912835559248924 0
    endloop
  endfacet
  facet normal 0 0 -1
    outer loop
      vertex -2.700000001490116 4.9928203284740444 0
      vertex -2.955321638286114 4.758861152827739 0
      vertex -2.814230090379715 4.912835559248924 0
    endloop
  endfacet
  facet normal -0.521581916582821 0.47794185697469427 -0.7067700373143815
    outer loop
      vertex -3.1485281363129616 5.148528136312962 0.3999999999999999
      vertex -2.865685424208641 4.865685424208641 0
      vertex -2.9128355592489243 4.814230090379715 0
    endloop
  endfacet
  facet normal -0.4779418569746941 0.521581916582821 -0.7067700373143814
    outer loop
      vertex -3.1485281363129616 5.148528136312962 0.3999999999999999
      vertex -2.814230090379715 4.912835559248924 0
      vertex -2.865685424208641 4.865685424208641 0
    endloop
  endfacet
  facet normal -0.5612525650306376 0.4306642355138699 -0.7067700294266756
    outer loop
      vertex -3.2829824537038803 4.988291718065739 0.3999999999999999
      vertex -3.219253331422806 5.071345128118992 0.3999999999999999
      vertex -2.9128355592489243 4.814230090379715 0
    endloop
  endfacet
  facet normal -0.5215819703612358 0.477941809768144 -0.7067700295496705
    outer loop
      vertex -3.219253331422806 5.071345128118992 0.3999999999999999
      vertex -3.1485281363129616 5.148528136312962 0.3999999999999999
      vertex -2.9128355592489243 4.814230090379715 0
    endloop
  endfacet
  facet normal -0.477941809768144 0.5215819703612358 -0.7067700295496705
    outer loop
      vertex -3.071345128118992 5.219253331422806 0.3999999999999999
      vertex -2.814230090379715 4.912835559248924 0
      vertex -3.1485281363129616 5.148528136312962 0.3999999999999999
    endloop
  endfacet
  facet normal -0.43066423551386984 0.5612525650306376 -0.7067700294266756
    outer loop
      vertex -3.071345128118992 5.219253331422806 0.3999999999999999
      vertex -2.9882917180657387 5.28298245370388 0.3999999999999999
      vertex -2.814230090379715 4.912835559248924 0
    endloop
  endfacet
  facet normal -0.380109059660967 0.5966516794894686 -0.7067700305799984
    outer loop
      vertex -2.9882917180657387 5.28298245370388 0.3999999999999999
      vertex -2.899999998509884 5.339230485260487 0.3999999999999999
      vertex -2.75886115282774 4.955321638286113 0
    endloop
  endfacet
  facet normal 0 0 -1
    outer loop
      vertex -2.75886115282774 4.955321638286113 0
      vertex -2.700000001490116 4.9928203284740444 0
      vertex -2.814230090379715 4.912835559248924 0
    endloop
  endfacet
  facet normal -0.4306642315186587 0.5612525674575275 -0.7067700299339076
    outer loop
      vertex -2.9882917180657387 5.28298245370388 0.3999999999999999
      vertex -2.75886115282774 4.955321638286113 0
      vertex -2.814230090379715 4.912835559248924 0
    endloop
  endfacet
  facet normal 0 0 -1
    outer loop
      vertex -2.700000001490116 4.9928203284740444 0
      vertex -2.369724600017071 5.096955759823322 0
      vertex -2.955321638286114 4.758861152827739 0
    endloop
  endfacet
  facet normal 0 0 -1
    outer loop
      vertex -2.700000001490116 4.9928203284740444 0
      vertex -2.638094609975815 5.025046235322952 0
      vertex -2.507055236399174 5.072740665078163 0
    endloop
  endfacet
  facet normal 0 0 -1
    outer loop
      vertex -2.638094609975815 5.025046235322952 0
      vertex -2.5736161157488824 5.051754100620746 0
      vertex -2.507055236399174 5.072740665078163 0
    endloop
  endfacet
  facet normal -0.3801090544109358 0.5966516820815257 -0.7067700312153241
    outer loop
      vertex -2.899999998509884 5.339230485260487 0.3999999999999999
      vertex -2.700000001490116 4.9928203284740444 0
      vertex -2.75886115282774 4.955321638286113 0
    endloop
  endfacet
  facet normal -0.32666099355690226 0.6275099345816011 -0.7067700314032933
    outer loop
      vertex -2.899999998509884 5.339230485260487 0.3999999999999999
      vertex -2.638094609975815 5.025046235322952 0
      vertex -2.700000001490116 4.9928203284740444 0
    endloop
  endfacet
  facet normal -0.27072684564474775 0.6535924589758251 -0.7067700280976689
    outer loop
      vertex -2.710424169898033 5.427631139755249 0.3999999999999999
      vertex -2.5736161157488824 5.051754100620746 0
      vertex -2.638094609975815 5.025046235322952 0
    endloop
  endfacet
  facet normal -0.21273232280201554 0.6747007353461445 -0.7067700308860236
    outer loop
      vertex -2.6105828508734703 5.459110990166664 0.3999999999999999
      vertex -2.507055236399174 5.072740665078163 0
      vertex -2.5736161157488824 5.051754100620746 0
    endloop
  endfacet
  facet normal 0 0 -1
    outer loop
      vertex -2.700000001490116 4.9928203284740444 0
      vertex -2.507055236399174 5.072740665078163 0
      vertex -2.369724600017071 5.096955759823322 0
    endloop
  endfacet
  facet normal 0 0 -1
    outer loop
      vertex -2.4389185443520547 5.087846203148365 0
      vertex -2.369724600017071 5.096955759823322 0
      vertex -2.507055236399174 5.072740665078163 0
    endloop
  endfacet
  facet normal -0.1531187416654 0.690674142093524 -0.7067700335994581
    outer loop
      vertex -2.5083778128027916 5.481769300997257 0.3999999999999999
      vertex -2.4389185443520547 5.087846203148365 0
      vertex -2.507055236399174 5.072740665078163 0
    endloop
  endfacet
  facet normal -0.32666094646610044 0.6275099660150818 -0.706770025259718
    outer loop
      vertex -2.899999998509884 5.339230485260487 0.3999999999999999
      vertex -2.8071419075131416 5.387569338083267 0.3999999999999999
      vertex -2.638094609975815 5.025046235322952 0
    endloop
  endfacet
  facet normal -0.2707268774056886 0.6535924497023685 -0.7067700245074221
    outer loop
      vertex -2.8071419075131416 5.387569338083267 0.3999999999999999
      vertex -2.710424169898033 5.427631139755249 0.3999999999999999
      vertex -2.638094609975815 5.025046235322952 0
    endloop
  endfacet
  facet normal -0.21273234648744674 0.674700730623397 -0.7067700282653469
    outer loop
      vertex -2.710424169898033 5.427631139755249 0.3999999999999999
      vertex -2.6105828508734703 5.459110990166664 0.3999999999999999
      vertex -2.5736161157488824 5.051754100620746 0
    endloop
  endfacet
  facet normal -0.09233989994332918 0.7013910911978205 -0.7067700333678463
    outer loop
      vertex -2.5083778128027916 5.481769300997257 0.3999999999999999
      vertex -2.369724600017071 5.096955759823322 0
      vertex -2.4389185443520547 5.087846203148365 0
    endloop
  endfacet
  facet normal -0.030858231291971853 0.7067700369326324 -0.7067700364728097
    outer loop
      vertex -2.2999999970197678 5.5 0.3999999999999999
      vertex -2.3000000029802323 5.1 0
      vertex -2.369724600017071 5.096955759823322 0
    endloop
  endfacet
  facet normal -0.1531187662406759 0.6906741393905571 -0.7067700309167378
    outer loop
      vertex -2.6105828508734703 5.459110990166664 0.3999999999999999
      vertex -2.5083778128027916 5.481769300997257 0.3999999999999999
      vertex -2.507055236399174 5.072740665078163 0
    endloop
  endfacet
  facet normal -0.0923398935212278 0.7013910927661418 -0.706770032650512
    outer loop
      vertex -2.5083778128027916 5.481769300997257 0.3999999999999999
      vertex -2.4045868888497353 5.495433636009693 0.3999999999999999
      vertex -2.369724600017071 5.096955759823322 0
    endloop
  endfacet
  facet normal -0.030858257640487743 0.7067700386473318 -0.7067700336077094
    outer loop
      vertex -2.4045868888497353 5.495433636009693 0.3999999999999999
      vertex -2.2999999970197678 5.5 0.3999999999999999
      vertex -2.369724600017071 5.096955759823322 0
    endloop
  endfacet
  facet normal -0.9914448605738744 0.13052619829616904 0
    outer loop
      vertex -3.495433636009693 4.404586888849735 4
      vertex -3.4817693009972572 4.508377812802792 0.3999999999999999
      vertex -3.495433636009693 4.404586888849735 0.3999999999999999
    endloop
  endfacet
  facet normal -0.9762960083409099 0.21643960843063323 0
    outer loop
      vertex -3.459110990166664 4.61058285087347 4
      vertex -3.459110990166664 4.61058285087347 0.3999999999999999
      vertex -3.4817693009972572 4.508377812802792 0.3999999999999999
    endloop
  endfacet
  facet normal -0.9537169413164462 0.3007058294180578 0
    outer loop
      vertex -3.427631139755249 4.710424169898033 4
      vertex -3.427631139755249 4.710424169898033 0.3999999999999999
      vertex -3.459110990166664 4.61058285087347 0.3999999999999999
    endloop
  endfacet
  facet normal -0.9238795222790008 0.38268345706801216 0
    outer loop
      vertex -3.387569338083267 4.807141907513142 4
      vertex -3.387569338083267 4.807141907513142 0.3999999999999999
      vertex -3.427631139755249 4.710424169898033 0.3999999999999999
    endloop
  endfacet
  facet normal -0.8870108712351883 0.4617485401282741 0
    outer loop
      vertex -3.387569338083267 4.807141907513142 4
      vertex -3.3392304852604866 4.899999998509884 0.3999999999999999
      vertex -3.387569338083267 4.807141907513142 0.3999999999999999
    endloop
  endfacet
  facet normal -0.8433914339003048 0.5372996270458298 0
    outer loop
      vertex -3.2829824537038803 4.988291718065739 4
      vertex -3.2829824537038803 4.988291718065739 0.3999999999999999
      vertex -3.3392304852604866 4.899999998509884 0.3999999999999999
    endloop
  endfacet
  facet normal -0.7933533435043424 0.6087614248213178 0
    outer loop
      vertex -3.2829824537038803 4.988291718065739 4
      vertex -3.219253331422806 5.071345128118992 0.3999999999999999
      vertex -3.2829824537038803 4.988291718065739 0.3999999999999999
    endloop
  endfacet
  facet normal -0.7372773434843095 0.6755902003320648 0
    outer loop
      vertex -3.1485281363129616 5.148528136312962 4
      vertex -3.1485281363129616 5.148528136312962 0.3999999999999999
      vertex -3.219253331422806 5.071345128118992 0.3999999999999999
    endloop
  endfacet
  facet normal -0.6755902003320648 0.7372773434843095 0
    outer loop
      vertex -3.1485281363129616 5.148528136312962 4
      vertex -3.071345128118992 5.219253331422806 0.3999999999999999
      vertex -3.1485281363129616 5.148528136312962 0.3999999999999999
    endloop
  endfacet
  facet normal -0.6087614248213178 0.7933533435043424 0
    outer loop
      vertex -2.9882917180657387 5.28298245370388 4
      vertex -2.9882917180657387 5.28298245370388 0.3999999999999999
      vertex -3.071345128118992 5.219253331422806 0.3999999999999999
    endloop
  endfacet
  facet normal -0.5372996270458298 0.8433914339003048 0
    outer loop
      vertex -2.899999998509884 5.339230485260487 4
      vertex -2.899999998509884 5.339230485260487 0.3999999999999999
      vertex -2.9882917180657387 5.28298245370388 0.3999999999999999
    endloop
  endfacet
  facet normal -0.4617485401282741 0.8870108712351883 0
    outer loop
      vertex -2.8071419075131416 5.387569338083267 4
      vertex -2.8071419075131416 5.387569338083267 0.3999999999999999
      vertex -2.899999998509884 5.339230485260487 0.3999999999999999
    endloop
  endfacet
  facet normal -0.38268345706801216 0.9238795222790008 0
    outer loop
      vertex -2.8071419075131416 5.387569338083267 4
      vertex -2.710424169898033 5.427631139755249 0.3999999999999999
      vertex -2.8071419075131416 5.387569338083267 0.3999999999999999
    endloop
  endfacet
  facet normal -0.3007058294180578 0.9537169413164462 0
    outer loop
      vertex -2.6105828508734703 5.459110990166664 4
      vertex -2.6105828508734703 5.459110990166664 0.3999999999999999
      vertex -2.710424169898033 5.427631139755249 0.3999999999999999
    endloop
  endfacet
  facet normal -0.21643960843063323 0.9762960083409099 0
    outer loop
      vertex -2.6105828508734703 5.459110990166664 4
      vertex -2.5083778128027916 5.481769300997257 0.3999999999999999
      vertex -2.6105828508734703 5.459110990166664 0.3999999999999999
    endloop
  endfacet
  facet normal -0.13052619829616904 0.9914448605738744 0
    outer loop
      vertex -2.5083778128027916 5.481769300997257 4
      vertex -2.4045868888497353 5.495433636009693 0.3999999999999999
      vertex -2.5083778128027916 5.481769300997257 0.3999999999999999
    endloop
  endfacet
  facet normal -0.0436194033554438 0.9990482208837145 0
    outer loop
      vertex -2.2999999970197678 5.5 4
      vertex -2.2999999970197678 5.5 0.3999999999999999
      vertex -2.4045868888497353 5.495433636009693 0.3999999999999999
    endloop
  endfacet
  facet normal 0 0 -1
    outer loop
      vertex -2.955321638286114 4.758861152827739 0
      vertex -2.369724600017071 5.096955759823322 0
      vertex 2.369724602997303 5.096955759823322 0
    endloop
  endfacet
  facet normal 0 0 -1
    outer loop
      vertex -2.369724600017071 5.096955759823322 0
      vertex -2.3000000029802323 5.1 0
      vertex 2.369724602997303 5.096955759823322 0
    endloop
  endfacet
  facet normal 0 0.7071067811865471 -0.7071067811865479
    outer loop
      vertex -2.2999999970197678 5.5 0.3999999999999999
      vertex 2.2999999970197678 5.5 0.3999999999999999
      vertex -2.3000000029802323 5.1 0
    endloop
  endfacet
  facet normal 0 0 -1
    outer loop
      vertex -2.3000000029802323 5.1 0
      vertex 2.3000000059604644 5.1 0
      vertex 2.369724602997303 5.096955759823322 0
    endloop
  endfacet
  facet normal 0 0.7071067811865472 -0.7071067811865479
    outer loop
      vertex -2.3000000029802323 5.1 0
      vertex 2.2999999970197678 5.5 0.3999999999999999
      vertex 2.3000000059604644 5.1 0
    endloop
  endfacet
  facet normal 0 1 0
    outer loop
      vertex -2.2999999970197678 5.5 4
      vertex 2.2999999970197678 5.5 0.3999999999999999
      vertex -2.2999999970197678 5.5 0.3999999999999999
    endloop
  endfacet
  facet normal -0.9990482208837145 0.0436194033554438 0
    outer loop
      vertex -3.495433636009693 4.404586888849735 4
      vertex -3.5 4.299999997019768 0.3999999999999999
      vertex -3.5 4.299999997019768 4
    endloop
  endfacet
  facet normal -0.9914448605738744 0.13052619829616904 0
    outer loop
      vertex -3.4817693009972572 4.508377812802792 4
      vertex -3.4817693009972572 4.508377812802792 0.3999999999999999
      vertex -3.495433636009693 4.404586888849735 4
    endloop
  endfacet
  facet normal -0.9762960083409099 0.21643960843063323 0
    outer loop
      vertex -3.459110990166664 4.61058285087347 4
      vertex -3.4817693009972572 4.508377812802792 0.3999999999999999
      vertex -3.4817693009972572 4.508377812802792 4
    endloop
  endfacet
  facet normal -0.9537169413164462 0.3007058294180578 0
    outer loop
      vertex -3.427631139755249 4.710424169898033 4
      vertex -3.459110990166664 4.61058285087347 0.3999999999999999
      vertex -3.459110990166664 4.61058285087347 4
    endloop
  endfacet
  facet normal -0.9238795222790008 0.38268345706801216 0
    outer loop
      vertex -3.427631139755249 4.710424169898033 4
      vertex -3.387569338083267 4.807141907513142 4
      vertex -3.427631139755249 4.710424169898033 0.3999999999999999
    endloop
  endfacet
  facet normal -0.8870108712351883 0.4617485401282741 0
    outer loop
      vertex -3.3392304852604866 4.899999998509884 4
      vertex -3.3392304852604866 4.899999998509884 0.3999999999999999
      vertex -3.387569338083267 4.807141907513142 4
    endloop
  endfacet
  facet normal -0.8433914339003048 0.5372996270458298 0
    outer loop
      vertex -3.2829824537038803 4.988291718065739 4
      vertex -3.3392304852604866 4.899999998509884 0.3999999999999999
      vertex -3.3392304852604866 4.899999998509884 4
    endloop
  endfacet
  facet normal 0 0 1
    outer loop
      vertex -3.459110990166664 4.61058285087347 4
      vertex -3.4817693009972572 4.508377812802792 4
      vertex -3.495433636009693 4.404586888849735 4
    endloop
  endfacet
  facet normal 0 0 1
    outer loop
      vertex -3.387569338083267 4.807141907513142 4
      vertex -3.459110990166664 4.61058285087347 4
      vertex -3.495433636009693 4.404586888849735 4
    endloop
  endfacet
  facet normal 0 0 1
    outer loop
      vertex -3.427631139755249 4.710424169898033 4
      vertex -3.459110990166664 4.61058285087347 4
      vertex -3.387569338083267 4.807141907513142 4
    endloop
  endfacet
  facet normal 0 0 1
    outer loop
      vertex -3.1485281363129616 5.148528136312962 4
      vertex -3.387569338083267 4.807141907513142 4
      vertex -3.495433636009693 4.404586888849735 4
    endloop
  endfacet
  facet normal 0 0 1
    outer loop
      vertex -3.2829824537038803 4.988291718065739 4
      vertex -3.3392304852604866 4.899999998509884 4
      vertex -3.387569338083267 4.807141907513142 4
    endloop
  endfacet
  facet normal -0.7933533435043424 0.6087614248213178 0
    outer loop
      vertex -3.2829824537038803 4.988291718065739 4
      vertex -3.219253331422806 5.071345128118992 4
      vertex -3.219253331422806 5.071345128118992 0.3999999999999999
    endloop
  endfacet
  facet normal -0.7372773434843095 0.6755902003320648 0
    outer loop
      vertex -3.219253331422806 5.071345128118992 4
      vertex -3.1485281363129616 5.148528136312962 4
      vertex -3.219253331422806 5.071345128118992 0.3999999999999999
    endloop
  endfacet
  facet normal -0.6755902003320648 0.7372773434843095 0
    outer loop
      vertex -3.071345128118992 5.219253331422806 4
      vertex -3.071345128118992 5.219253331422806 0.3999999999999999
      vertex -3.1485281363129616 5.148528136312962 4
    endloop
  endfacet
  facet normal -0.6087614248213178 0.7933533435043424 0
    outer loop
      vertex -3.071345128118992 5.219253331422806 4
      vertex -2.9882917180657387 5.28298245370388 4
      vertex -3.071345128118992 5.219253331422806 0.3999999999999999
    endloop
  endfacet
  facet normal -0.5372996270458298 0.8433914339003048 0
    outer loop
      vertex -2.9882917180657387 5.28298245370388 4
      vertex -2.899999998509884 5.339230485260487 4
      vertex -2.9882917180657387 5.28298245370388 0.3999999999999999
    endloop
  endfacet
  facet normal -0.4617485401282741 0.8870108712351883 0
    outer loop
      vertex -2.899999998509884 5.339230485260487 4
      vertex -2.8071419075131416 5.387569338083267 4
      vertex -2.899999998509884 5.339230485260487 0.3999999999999999
    endloop
  endfacet
  facet normal -0.38268345706801216 0.9238795222790008 0
    outer loop
      vertex -2.8071419075131416 5.387569338083267 4
      vertex -2.710424169898033 5.427631139755249 4
      vertex -2.710424169898033 5.427631139755249 0.3999999999999999
    endloop
  endfacet
  facet normal -0.3007058294180578 0.9537169413164462 0
    outer loop
      vertex -2.710424169898033 5.427631139755249 4
      vertex -2.6105828508734703 5.459110990166664 4
      vertex -2.710424169898033 5.427631139755249 0.3999999999999999
    endloop
  endfacet
  facet normal -0.21643960843063323 0.9762960083409099 0
    outer loop
      vertex -2.6105828508734703 5.459110990166664 4
      vertex -2.5083778128027916 5.481769300997257 4
      vertex -2.5083778128027916 5.481769300997257 0.3999999999999999
    endloop
  endfacet
  facet normal -0.13052619829616904 0.9914448605738744 0
    outer loop
      vertex -2.5083778128027916 5.481769300997257 4
      vertex -2.4045868888497353 5.495433636009693 4
      vertex -2.4045868888497353 5.495433636009693 0.3999999999999999
    endloop
  endfacet
  facet normal -0.0436194033554438 0.9990482208837145 0
    outer loop
      vertex -2.4045868888497353 5.495433636009693 4
      vertex -2.2999999970197678 5.5 4
      vertex -2.4045868888497353 5.495433636009693 0.3999999999999999
    endloop
  endfacet
  facet normal 0 0 1
    outer loop
      vertex -3.2829824537038803 4.988291718065739 4
      vertex -3.387569338083267 4.807141907513142 4
      vertex -3.1485281363129616 5.148528136312962 4
    endloop
  endfacet
  facet normal 0 0 1
    outer loop
      vertex -3.2829824537038803 4.988291718065739 4
      vertex -3.1485281363129616 5.148528136312962 4
      vertex -3.219253331422806 5.071345128118992 4
    endloop
  endfacet
  facet normal 0 0 1
    outer loop
      vertex -3.071345128118992 5.219253331422806 4
      vertex -3.1485281363129616 5.148528136312962 4
      vertex -2.9882917180657387 5.28298245370388 4
    endloop
  endfacet
  facet normal 0 0 1
    outer loop
      vertex -3.1485281363129616 5.148528136312962 4
      vertex -2.8071419075131416 5.387569338083267 4
      vertex -2.9882917180657387 5.28298245370388 4
    endloop
  endfacet
  facet normal 0 0 1
    outer loop
      vertex -2.9882917180657387 5.28298245370388 4
      vertex -2.8071419075131416 5.387569338083267 4
      vertex -2.899999998509884 5.339230485260487 4
    endloop
  endfacet
  facet normal 0 0 1
    outer loop
      vertex -3.1485281363129616 5.148528136312962 4
      vertex -2.4045868888497353 5.495433636009693 4
      vertex -2.8071419075131416 5.387569338083267 4
    endloop
  endfacet
  facet normal 0 0 1
    outer loop
      vertex -2.8071419075131416 5.387569338083267 4
      vertex -2.6105828508734703 5.459110990166664 4
      vertex -2.710424169898033 5.427631139755249 4
    endloop
  endfacet
  facet normal 0 0 1
    outer loop
      vertex -2.8071419075131416 5.387569338083267 4
      vertex -2.4045868888497353 5.495433636009693 4
      vertex -2.6105828508734703 5.459110990166664 4
    endloop
  endfacet
  facet normal 0 0 1
    outer loop
      vertex -2.6105828508734703 5.459110990166664 4
      vertex -2.4045868888497353 5.495433636009693 4
      vertex -2.5083778128027916 5.481769300997257 4
    endloop
  endfacet
  facet normal 0 0 1
    outer loop
      vertex -3.1485281363129616 5.148528136312962 4
      vertex 2.4045868888497353 5.495433636009693 4
      vertex -2.4045868888497353 5.495433636009693 4
    endloop
  endfacet
  facet normal 0 0 1
    outer loop
      vertex -2.5 3.5 4
      vertex 2.5 3.5 4
      vertex 3.4817693009972572 4.508377812802792 4
    endloop
  endfacet
  facet normal 0 0 1
    outer loop
      vertex -3.1485281363129616 5.148528136312962 4
      vertex -2.5 3.5 4
      vertex 3.4817693009972572 4.508377812802792 4
    endloop
  endfacet
  facet normal 0 0 1
    outer loop
      vertex -2.4045868888497353 5.495433636009693 4
      vertex 2.4045868888497353 5.495433636009693 4
      vertex -2.2999999970197678 5.5 4
    endloop
  endfacet
  facet normal 0 1 0
    outer loop
      vertex -2.2999999970197678 5.5 4
      vertex 2.2999999970197678 5.5 4
      vertex 2.2999999970197678 5.5 0.3999999999999999
    endloop
  endfacet
  facet normal 0 0 1
    outer loop
      vertex -2.2999999970197678 5.5 4
      vertex 2.4045868888497353 5.495433636009693 4
      vertex 2.2999999970197678 5.5 4
    endloop
  endfacet
  facet normal 0 0 1
    outer loop
      vertex -3.1485281363129616 5.148528136312962 4
      vertex 3.4817693009972572 4.508377812802792 4
      vertex 2.4045868888497353 5.495433636009693 4
    endloop
  endfacet
  facet normal 0 0 -1
    outer loop
      vertex 3.0969557628035544 4.36972460001707 0
      vertex 3.100000002980232 4.300000002980232 0
      vertex 3.100000002980232 -2.300000005960465 0
    endloop
  endfacet
  facet normal 0.7071067838207254 0 -0.7071067785523696
    outer loop
      vertex 3.100000002980232 4.300000002980232 0
      vertex 3.5 4.299999997019768 0.3999999999999999
      vertex 3.100000002980232 -2.300000005960465 0
    endloop
  endfacet
  facet normal 1 0 0
    outer loop
      vertex 3.5 4.299999997019768 4
      vertex 3.5 -2.2999999970197678 0.3999999999999999
      vertex 3.5 4.299999997019768 0.3999999999999999
    endloop
  endfacet
  facet normal 0 0 -1
    outer loop
      vertex 2.369724602997303 5.096955759823322 0
      vertex 3.0969557628035544 4.36972460001707 0
      vertex 2.955321641266346 -2.7588611558079723 0
    endloop
  endfacet
  facet normal 0 0 1
    outer loop
      vertex 2.5 3.5 4
      vertex 3.1485281363129616 -3.1485281363129616 4
      vertex 3.4817693009972572 4.508377812802792 4
    endloop
  endfacet
  facet normal 0 0 1
    outer loop
      vertex 3.4817693009972572 4.508377812802792 4
      vertex 3.4817693009972572 -2.5083778128027916 4
      vertex 3.5 4.299999997019768 4
    endloop
  endfacet
  facet normal 0.7067700395630491 0.030858231406818343 -0.7067700338373787
    outer loop
      vertex 3.0969557628035544 4.36972460001707 0
      vertex 3.5 4.299999997019768 0.3999999999999999
      vertex 3.100000002980232 4.300000002980232 0
    endloop
  endfacet
  facet normal 0.7067700412777485 0.030858257755334254 -0.7067700309722783
    outer loop
      vertex 3.495433636009693 4.404586888849735 0.3999999999999999
      vertex 3.5 4.299999997019768 0.3999999999999999
      vertex 3.0969557628035544 4.36972460001707 0
    endloop
  endfacet
  facet normal 0.9990482208837145 0.0436194033554438 0
    outer loop
      vertex 3.5 4.299999997019768 4
      vertex 3.5 4.299999997019768 0.3999999999999999
      vertex 3.495433636009693 4.404586888849735 0.3999999999999999
    endloop
  endfacet
  facet normal 0 0 -1
    outer loop
      vertex 2.369724602997303 5.096955759823322 0
      vertex 2.507055239379406 5.072740665078163 0
      vertex 2.5736161187291144 5.051754100620746 0
    endloop
  endfacet
  facet normal 0 0 -1
    outer loop
      vertex 2.369724602997303 5.096955759823322 0
      vertex 2.5736161187291144 5.051754100620746 0
      vertex 2.758861155807972 4.955321638286113 0
    endloop
  endfacet
  facet normal 0 0 -1
    outer loop
      vertex 2.369724602997303 5.096955759823322 0
      vertex 2.758861155807972 4.955321638286113 0
      vertex 2.865685427188873 4.865685424208641 0
    endloop
  endfacet
  facet normal 0 0 -1
    outer loop
      vertex 2.5736161187291144 5.051754100620746 0
      vertex 2.7000000044703483 4.9928203284740444 0
      vertex 2.758861155807972 4.955321638286113 0
    endloop
  endfacet
  facet normal 0 0 -1
    outer loop
      vertex 2.5736161187291144 5.051754100620746 0
      vertex 2.638094612956047 5.025046235322952 0
      vertex 2.7000000044703483 4.9928203284740444 0
    endloop
  endfacet
  facet normal 0 0 -1
    outer loop
      vertex 2.369724602997303 5.096955759823322 0
      vertex 2.4389185473322867 5.087846203148365 0
      vertex 2.507055239379406 5.072740665078163 0
    endloop
  endfacet
  facet normal 0.1531187417888592 0.6906741426504144 -0.7067700330285033
    outer loop
      vertex 2.5083778128027916 5.481769300997257 0.3999999999999999
      vertex 2.507055239379406 5.072740665078163 0
      vertex 2.4389185473322867 5.087846203148365 0
    endloop
  endfacet
  facet normal 0.21273232304032155 0.674700736101955 -0.7067700300927794
    outer loop
      vertex 2.6105828508734703 5.459110990166664 0.3999999999999999
      vertex 2.5736161187291144 5.051754100620746 0
      vertex 2.507055239379406 5.072740665078163 0
    endloop
  endfacet
  facet normal 0.3266609941188072 0.6275099356610102 -0.7067700301852277
    outer loop
      vertex 2.638094612956047 5.025046235322952 0
      vertex 2.899999998509884 5.339230485260487 0.3999999999999999
      vertex 2.7000000044703483 4.9928203284740444 0
    endloop
  endfacet
  facet normal 0.2707268460306974 0.6535924599075904 -0.7067700270881725
    outer loop
      vertex 2.5736161187291144 5.051754100620746 0
      vertex 2.710424169898033 5.427631139755249 0.3999999999999999
      vertex 2.638094612956047 5.025046235322952 0
    endloop
  endfacet
  facet normal 0.030858231296986033 0.7067700370474788 -0.7067700363577444
    outer loop
      vertex 2.2999999970197678 5.5 0.3999999999999999
      vertex 2.369724602997303 5.096955759823322 0
      vertex 2.3000000059604644 5.1 0
    endloop
  endfacet
  facet normal 0.09233989356612787 0.7013910931071916 -0.7067700323061915
    outer loop
      vertex 2.4045868888497353 5.495433636009693 0.3999999999999999
      vertex 2.5083778128027916 5.481769300997257 0.3999999999999999
      vertex 2.369724602997303 5.096955759823322 0
    endloop
  endfacet
  facet normal 0.030858257645502044 0.7067700387621781 -0.7067700334926439
    outer loop
      vertex 2.2999999970197678 5.5 0.3999999999999999
      vertex 2.4045868888497353 5.495433636009693 0.3999999999999999
      vertex 2.369724602997303 5.096955759823322 0
    endloop
  endfacet
  facet normal 0.09233989998822893 0.7013910915388704 -0.7067700330235258
    outer loop
      vertex 2.369724602997303 5.096955759823322 0
      vertex 2.5083778128027916 5.481769300997257 0.3999999999999999
      vertex 2.4389185473322867 5.087846203148365 0
    endloop
  endfacet
  facet normal 0.15311876636413557 0.6906741399474476 -0.7067700303457829
    outer loop
      vertex 2.5083778128027916 5.481769300997257 0.3999999999999999
      vertex 2.6105828508734703 5.459110990166664 0.3999999999999999
      vertex 2.507055239379406 5.072740665078163 0
    endloop
  endfacet
  facet normal 0.27072687779163856 0.6535924506341341 -0.7067700234979255
    outer loop
      vertex 2.710424169898033 5.427631139755249 0.3999999999999999
      vertex 2.8071419075131416 5.387569338083267 0.3999999999999999
      vertex 2.638094612956047 5.025046235322952 0
    endloop
  endfacet
  facet normal 0.21273234672575292 0.6747007313792075 -0.7067700274721026
    outer loop
      vertex 2.6105828508734703 5.459110990166664 0.3999999999999999
      vertex 2.710424169898033 5.427631139755249 0.3999999999999999
      vertex 2.5736161187291144 5.051754100620746 0
    endloop
  endfacet
  facet normal 0 0 -1
    outer loop
      vertex 2.955321641266346 4.758861152827739 0
      vertex 3.0517541036009788 4.573616115748882 0
      vertex 3.0969557628035544 4.36972460001707 0
    endloop
  endfacet
  facet normal 0 0 -1
    outer loop
      vertex 3.0727406680583953 4.507055236399173 0
      vertex 3.087846206128597 4.438918544352054 0
      vertex 3.0969557628035544 4.36972460001707 0
    endloop
  endfacet
  facet normal 0 0 -1
    outer loop
      vertex 3.0517541036009788 4.573616115748882 0
      vertex 3.0727406680583953 4.507055236399173 0
      vertex 3.0969557628035544 4.36972460001707 0
    endloop
  endfacet
  facet normal 0.6906741446054951 0.1531187422222904 -0.7067700310240462
    outer loop
      vertex 3.0727406680583953 4.507055236399173 0
      vertex 3.4817693009972572 4.508377812802792 0.3999999999999999
      vertex 3.087846206128597 4.438918544352054 0
    endloop
  endfacet
  facet normal 0.7013910937883514 0.09233990028437876 -0.7067700307524726
    outer loop
      vertex 3.087846206128597 4.438918544352054 0
      vertex 3.4817693009972572 4.508377812802792 0.3999999999999999
      vertex 3.0969557628035544 4.36972460001707 0
    endloop
  endfacet
  facet normal 0.7013910953566727 0.09233989386227769 -0.7067700300351383
    outer loop
      vertex 3.4817693009972572 4.508377812802792 0.3999999999999999
      vertex 3.495433636009693 4.404586888849735 0.3999999999999999
      vertex 3.0969557628035544 4.36972460001707 0
    endloop
  endfacet
  facet normal 0.6747007377432692 0.21273232355782587 -0.706770028370174
    outer loop
      vertex 3.0517541036009788 4.573616115748882 0
      vertex 3.459110990166664 4.61058285087347 0.3999999999999999
      vertex 3.0727406680583953 4.507055236399173 0
    endloop
  endfacet
  facet normal 0.6535924612253059 0.27072684657651297 -0.7067700256605285
    outer loop
      vertex 3.0250462383031844 4.6380946099758145 0
      vertex 3.427631139755249 4.710424169898033 0.3999999999999999
      vertex 3.0517541036009788 4.573616115748882 0
    endloop
  endfacet
  facet normal 0.6906741419025283 0.15311876679756667 -0.706770028341326
    outer loop
      vertex 3.0727406680583953 4.507055236399173 0
      vertex 3.459110990166664 4.61058285087347 0.3999999999999999
      vertex 3.4817693009972572 4.508377812802792 0.3999999999999999
    endloop
  endfacet
  facet normal 0.6747007330205217 0.21273234724325754 -0.7067700257494972
    outer loop
      vertex 3.0517541036009788 4.573616115748882 0
      vertex 3.427631139755249 4.710424169898033 0.3999999999999999
      vertex 3.459110990166664 4.61058285087347 0.3999999999999999
    endloop
  endfacet
  facet normal 0 0 -1
    outer loop
      vertex 2.369724602997303 5.096955759823322 0
      vertex 2.865685427188873 4.865685424208641 0
      vertex 3.0969557628035544 4.36972460001707 0
    endloop
  endfacet
  facet normal 0 0 -1
    outer loop
      vertex 2.865685427188873 4.865685424208641 0
      vertex 2.955321641266346 4.758861152827739 0
      vertex 3.0969557628035544 4.36972460001707 0
    endloop
  endfacet
  facet normal 0 0 -1
    outer loop
      vertex 2.955321641266346 4.758861152827739 0
      vertex 3.0250462383031844 4.6380946099758145 0
      vertex 3.0517541036009788 4.573616115748882 0
    endloop
  endfacet
  facet normal 0 0 -1
    outer loop
      vertex 2.955321641266346 4.758861152827739 0
      vertex 2.992820331454277 4.700000001490116 0
      vertex 3.0250462383031844 4.6380946099758145 0
    endloop
  endfacet
  facet normal 0 0 -1
    outer loop
      vertex 2.758861155807972 4.955321638286113 0
      vertex 2.814230093359947 4.912835559248924 0
      vertex 2.865685427188873 4.865685424208641 0
    endloop
  endfacet
  facet normal 0 0 -1
    outer loop
      vertex 2.865685427188873 4.865685424208641 0
      vertex 2.9128355622291564 4.814230090379715 0
      vertex 2.955321641266346 4.758861152827739 0
    endloop
  endfacet
  facet normal 0.5612525691162926 0.43066423279147414 -0.706770027841088
    outer loop
      vertex 2.9128355622291564 4.814230090379715 0
      vertex 3.2829824537038803 4.988291718065739 0.3999999999999999
      vertex 2.955321641266346 4.758861152827739 0
    endloop
  endfacet
  facet normal 0.6275099366551269 0.3266609946363116 -0.7067700290634106
    outer loop
      vertex 2.992820331454277 4.700000001490116 0
      vertex 3.3392304852604866 4.899999998509884 0.3999999999999999
      vertex 3.0250462383031844 4.6380946099758145 0
    endloop
  endfacet
  facet normal 0.5966516839561318 0.38010905560519126 -0.706770028990507
    outer loop
      vertex 2.955321641266346 4.758861152827739 0
      vertex 3.3392304852604866 4.899999998509884 0.3999999999999999
      vertex 2.992820331454277 4.700000001490116 0
    endloop
  endfacet
  facet normal 0.6535924519518493 0.27072687833745435 -0.7067700220702818
    outer loop
      vertex 3.0250462383031844 4.6380946099758145 0
      vertex 3.387569338083267 4.807141907513142 0.3999999999999999
      vertex 3.427631139755249 4.710424169898033 0.3999999999999999
    endloop
  endfacet
  facet normal 0.6275099680886079 0.3266609475455096 -0.706770022919835
    outer loop
      vertex 3.0250462383031844 4.6380946099758145 0
      vertex 3.3392304852604866 4.899999998509884 0.3999999999999999
      vertex 3.387569338083267 4.807141907513142 0.3999999999999999
    endloop
  endfacet
  facet normal 0.5966516813640745 0.38010906085522256 -0.7067700283551811
    outer loop
      vertex 2.955321641266346 4.758861152827739 0
      vertex 3.2829824537038803 4.988291718065739 0.3999999999999999
      vertex 3.3392304852604866 4.899999998509884 0.3999999999999999
    endloop
  endfacet
  facet normal 0.4306642324953243 0.5612525687303427 -0.7067700283280307
    outer loop
      vertex 2.758861155807972 4.955321638286113 0
      vertex 2.9882917180657387 5.28298245370388 0.3999999999999999
      vertex 2.814230093359947 4.912835559248924 0
    endloop
  endfacet
  facet normal 0.5215819180153826 0.4779418582873954 -0.7067700353694872
    outer loop
      vertex 2.865685427188873 4.865685424208641 0
      vertex 3.1485281363129616 5.148528136312962 0.3999999999999999
      vertex 2.9128355622291564 4.814230090379715 0
    endloop
  endfacet
  facet normal 0.4779418581775634 0.521581917895522 -0.706770035532214
    outer loop
      vertex 2.814230093359947 4.912835559248924 0
      vertex 3.1485281363129616 5.148528136312962 0.3999999999999999
      vertex 2.865685427188873 4.865685424208641 0
    endloop
  endfacet
  facet normal 0.3801090551717603 0.5966516832757814 -0.7067700297979593
    outer loop
      vertex 2.7000000044703483 4.9928203284740444 0
      vertex 2.899999998509884 5.339230485260487 0.3999999999999999
      vertex 2.758861155807972 4.955321638286113 0
    endloop
  endfacet
  facet normal 0.38010906042179154 0.5966516806837243 -0.7067700291626334
    outer loop
      vertex 2.758861155807972 4.955321638286113 0
      vertex 2.899999998509884 5.339230485260487 0.3999999999999999
      vertex 2.9882917180657387 5.28298245370388 0.3999999999999999
    endloop
  endfacet
  facet normal 0.4306642364905353 0.5612525663034528 -0.7067700278207986
    outer loop
      vertex 2.9882917180657387 5.28298245370388 0.3999999999999999
      vertex 3.071345128118992 5.219253331422806 0.3999999999999999
      vertex 2.814230093359947 4.912835559248924 0
    endloop
  endfacet
  facet normal 0.47794181097101285 0.5215819716739367 -0.7067700277675032
    outer loop
      vertex 2.814230093359947 4.912835559248924 0
      vertex 3.071345128118992 5.219253331422806 0.3999999999999999
      vertex 3.1485281363129616 5.148528136312962 0.3999999999999999
    endloop
  endfacet
  facet normal 0.5612525666894028 0.43066423678668525 -0.706770027333856
    outer loop
      vertex 2.9128355622291564 4.814230090379715 0
      vertex 3.219253331422806 5.071345128118992 0.3999999999999999
      vertex 3.2829824537038803 4.988291718065739 0.3999999999999999
    endloop
  endfacet
  facet normal 0.5215819717937977 0.477941811080845 -0.706770027604776
    outer loop
      vertex 2.9128355622291564 4.814230090379715 0
      vertex 3.1485281363129616 5.148528136312962 0.3999999999999999
      vertex 3.219253331422806 5.071345128118992 0.3999999999999999
    endloop
  endfacet
  facet normal 0.32666094702800513 0.6275099670944909 -0.7067700240416523
    outer loop
      vertex 2.8071419075131416 5.387569338083267 0.3999999999999999
      vertex 2.899999998509884 5.339230485260487 0.3999999999999999
      vertex 2.638094612956047 5.025046235322952 0
    endloop
  endfacet
  facet normal 0.0436194033554438 0.9990482208837145 0
    outer loop
      vertex 2.4045868888497353 5.495433636009693 4
      vertex 2.4045868888497353 5.495433636009693 0.3999999999999999
      vertex 2.2999999970197678 5.5 0.3999999999999999
    endloop
  endfacet
  facet normal 0.13052619829616904 0.9914448605738744 0
    outer loop
      vertex 2.5083778128027916 5.481769300997257 4
      vertex 2.5083778128027916 5.481769300997257 0.3999999999999999
      vertex 2.4045868888497353 5.495433636009693 0.3999999999999999
    endloop
  endfacet
  facet normal 0.21643960843063323 0.9762960083409099 0
    outer loop
      vertex 2.5083778128027916 5.481769300997257 4
      vertex 2.6105828508734703 5.459110990166664 0.3999999999999999
      vertex 2.5083778128027916 5.481769300997257 0.3999999999999999
    endloop
  endfacet
  facet normal 0.38268345706801216 0.9238795222790008 0
    outer loop
      vertex 2.710424169898033 5.427631139755249 4
      vertex 2.8071419075131416 5.387569338083267 0.3999999999999999
      vertex 2.710424169898033 5.427631139755249 0.3999999999999999
    endloop
  endfacet
  facet normal 0.3007058294180578 0.9537169413164462 0
    outer loop
      vertex 2.710424169898033 5.427631139755249 4
      vertex 2.710424169898033 5.427631139755249 0.3999999999999999
      vertex 2.6105828508734703 5.459110990166664 0.3999999999999999
    endloop
  endfacet
  facet normal 0.8870108712351883 0.4617485401282741 0
    outer loop
      vertex 3.3392304852604866 4.899999998509884 4
      vertex 3.387569338083267 4.807141907513142 0.3999999999999999
      vertex 3.3392304852604866 4.899999998509884 0.3999999999999999
    endloop
  endfacet
  facet normal 0.9914448605738744 0.13052619829616904 0
    outer loop
      vertex 3.4817693009972572 4.508377812802792 4
      vertex 3.495433636009693 4.404586888849735 0.3999999999999999
      vertex 3.4817693009972572 4.508377812802792 0.3999999999999999
    endloop
  endfacet
  facet normal 0.9762960083409099 0.21643960843063323 0
    outer loop
      vertex 3.4817693009972572 4.508377812802792 4
      vertex 3.4817693009972572 4.508377812802792 0.3999999999999999
      vertex 3.459110990166664 4.61058285087347 0.3999999999999999
    endloop
  endfacet
  facet normal 0.9537169413164462 0.3007058294180578 0
    outer loop
      vertex 3.427631139755249 4.710424169898033 4
      vertex 3.459110990166664 4.61058285087347 0.3999999999999999
      vertex 3.427631139755249 4.710424169898033 0.3999999999999999
    endloop
  endfacet
  facet normal 0.9238795222790008 0.38268345706801216 0
    outer loop
      vertex 3.427631139755249 4.710424169898033 4
      vertex 3.427631139755249 4.710424169898033 0.3999999999999999
      vertex 3.387569338083267 4.807141907513142 0.3999999999999999
    endloop
  endfacet
  facet normal 0.8433914339003048 0.5372996270458298 0
    outer loop
      vertex 3.2829824537038803 4.988291718065739 4
      vertex 3.3392304852604866 4.899999998509884 0.3999999999999999
      vertex 3.2829824537038803 4.988291718065739 0.3999999999999999
    endloop
  endfacet
  facet normal 0.7933533435043424 0.6087614248213178 0
    outer loop
      vertex 3.219253331422806 5.071345128118992 4
      vertex 3.2829824537038803 4.988291718065739 0.3999999999999999
      vertex 3.219253331422806 5.071345128118992 0.3999999999999999
    endloop
  endfacet
  facet normal 0.7372773434843095 0.6755902003320648 0
    outer loop
      vertex 3.219253331422806 5.071345128118992 4
      vertex 3.219253331422806 5.071345128118992 0.3999999999999999
      vertex 3.1485281363129616 5.148528136312962 0.3999999999999999
    endloop
  endfacet
  facet normal 0.6755902003320648 0.7372773434843095 0
    outer loop
      vertex 3.071345128118992 5.219253331422806 4
      vertex 3.1485281363129616 5.148528136312962 0.3999999999999999
      vertex 3.071345128118992 5.219253331422806 0.3999999999999999
    endloop
  endfacet
  facet normal 0.4617485401282741 0.8870108712351883 0
    outer loop
      vertex 2.899999998509884 5.339230485260487 4
      vertex 2.899999998509884 5.339230485260487 0.3999999999999999
      vertex 2.8071419075131416 5.387569338083267 0.3999999999999999
    endloop
  endfacet
  facet normal 0.6087614248213178 0.7933533435043424 0
    outer loop
      vertex 3.071345128118992 5.219253331422806 4
      vertex 3.071345128118992 5.219253331422806 0.3999999999999999
      vertex 2.9882917180657387 5.28298245370388 0.3999999999999999
    endloop
  endfacet
  facet normal 0.5372996270458298 0.8433914339003048 0
    outer loop
      vertex 2.899999998509884 5.339230485260487 4
      vertex 2.9882917180657387 5.28298245370388 0.3999999999999999
      vertex 2.899999998509884 5.339230485260487 0.3999999999999999
    endloop
  endfacet
  facet normal 0.9990482208837145 0.0436194033554438 0
    outer loop
      vertex 3.495433636009693 4.404586888849735 4
      vertex 3.5 4.299999997019768 4
      vertex 3.495433636009693 4.404586888849735 0.3999999999999999
    endloop
  endfacet
  facet normal 0.0436194033554438 0.9990482208837145 0
    outer loop
      vertex 2.2999999970197678 5.5 4
      vertex 2.4045868888497353 5.495433636009693 4
      vertex 2.2999999970197678 5.5 0.3999999999999999
    endloop
  endfacet
  facet normal 0.13052619829616904 0.9914448605738744 0
    outer loop
      vertex 2.4045868888497353 5.495433636009693 4
      vertex 2.5083778128027916 5.481769300997257 4
      vertex 2.4045868888497353 5.495433636009693 0.3999999999999999
    endloop
  endfacet
  facet normal 0.21643960843063323 0.9762960083409099 0
    outer loop
      vertex 2.5083778128027916 5.481769300997257 4
      vertex 2.6105828508734703 5.459110990166664 4
      vertex 2.6105828508734703 5.459110990166664 0.3999999999999999
    endloop
  endfacet
  facet normal 0.3007058294180578 0.9537169413164462 0
    outer loop
      vertex 2.6105828508734703 5.459110990166664 4
      vertex 2.710424169898033 5.427631139755249 4
      vertex 2.6105828508734703 5.459110990166664 0.3999999999999999
    endloop
  endfacet
  facet normal 0 0 1
    outer loop
      vertex 2.4045868888497353 5.495433636009693 4
      vertex 2.6105828508734703 5.459110990166664 4
      vertex 2.5083778128027916 5.481769300997257 4
    endloop
  endfacet
  facet normal 0 0 1
    outer loop
      vertex 2.6105828508734703 5.459110990166664 4
      vertex 2.8071419075131416 5.387569338083267 4
      vertex 2.710424169898033 5.427631139755249 4
    endloop
  endfacet
  facet normal 0 0 1
    outer loop
      vertex 2.4045868888497353 5.495433636009693 4
      vertex 2.8071419075131416 5.387569338083267 4
      vertex 2.6105828508734703 5.459110990166664 4
    endloop
  endfacet
  facet normal 0.8870108712351883 0.4617485401282741 0
    outer loop
      vertex 3.3392304852604866 4.899999998509884 4
      vertex 3.387569338083267 4.807141907513142 4
      vertex 3.387569338083267 4.807141907513142 0.3999999999999999
    endloop
  endfacet
  facet normal 0.8433914339003048 0.5372996270458298 0
    outer loop
      vertex 3.2829824537038803 4.988291718065739 4
      vertex 3.3392304852604866 4.899999998509884 4
      vertex 3.3392304852604866 4.899999998509884 0.3999999999999999
    endloop
  endfacet
  facet normal 0.9914448605738744 0.13052619829616904 0
    outer loop
      vertex 3.4817693009972572 4.508377812802792 4
      vertex 3.495433636009693 4.404586888849735 4
      vertex 3.495433636009693 4.404586888849735 0.3999999999999999
    endloop
  endfacet
  facet normal 0.9762960083409099 0.21643960843063323 0
    outer loop
      vertex 3.459110990166664 4.61058285087347 4
      vertex 3.4817693009972572 4.508377812802792 4
      vertex 3.459110990166664 4.61058285087347 0.3999999999999999
    endloop
  endfacet
  facet normal 0.9537169413164462 0.3007058294180578 0
    outer loop
      vertex 3.427631139755249 4.710424169898033 4
      vertex 3.459110990166664 4.61058285087347 4
      vertex 3.459110990166664 4.61058285087347 0.3999999999999999
    endloop
  endfacet
  facet normal 0.9238795222790008 0.38268345706801216 0
    outer loop
      vertex 3.387569338083267 4.807141907513142 4
      vertex 3.427631139755249 4.710424169898033 4
      vertex 3.387569338083267 4.807141907513142 0.3999999999999999
    endloop
  endfacet
  facet normal 0 0 1
    outer loop
      vertex 3.1485281363129616 5.148528136312962 4
      vertex 3.4817693009972572 4.508377812802792 4
      vertex 3.3392304852604866 4.899999998509884 4
    endloop
  endfacet
  facet normal 0 0 1
    outer loop
      vertex 3.4817693009972572 4.508377812802792 4
      vertex 3.5 4.299999997019768 4
      vertex 3.495433636009693 4.404586888849735 4
    endloop
  endfacet
  facet normal 0 0 1
    outer loop
      vertex 3.427631139755249 4.710424169898033 4
      vertex 3.4817693009972572 4.508377812802792 4
      vertex 3.459110990166664 4.61058285087347 4
    endloop
  endfacet
  facet normal 0 0 1
    outer loop
      vertex 3.3392304852604866 4.899999998509884 4
      vertex 3.4817693009972572 4.508377812802792 4
      vertex 3.427631139755249 4.710424169898033 4
    endloop
  endfacet
  facet normal 0 0 1
    outer loop
      vertex 3.3392304852604866 4.899999998509884 4
      vertex 3.427631139755249 4.710424169898033 4
      vertex 3.387569338083267 4.807141907513142 4
    endloop
  endfacet
  facet normal 0.7933533435043424 0.6087614248213178 0
    outer loop
      vertex 3.219253331422806 5.071345128118992 4
      vertex 3.2829824537038803 4.988291718065739 4
      vertex 3.2829824537038803 4.988291718065739 0.3999999999999999
    endloop
  endfacet
  facet normal 0.7372773434843095 0.6755902003320648 0
    outer loop
      vertex 3.1485281363129616 5.148528136312962 4
      vertex 3.219253331422806 5.071345128118992 4
      vertex 3.1485281363129616 5.148528136312962 0.3999999999999999
    endloop
  endfacet
  facet normal 0.6755902003320648 0.7372773434843095 0
    outer loop
      vertex 3.071345128118992 5.219253331422806 4
      vertex 3.1485281363129616 5.148528136312962 4
      vertex 3.1485281363129616 5.148528136312962 0.3999999999999999
    endloop
  endfacet
  facet normal 0.6087614248213178 0.7933533435043424 0
    outer loop
      vertex 2.9882917180657387 5.28298245370388 4
      vertex 3.071345128118992 5.219253331422806 4
      vertex 2.9882917180657387 5.28298245370388 0.3999999999999999
    endloop
  endfacet
  facet normal 0.5372996270458298 0.8433914339003048 0
    outer loop
      vertex 2.899999998509884 5.339230485260487 4
      vertex 2.9882917180657387 5.28298245370388 4
      vertex 2.9882917180657387 5.28298245370388 0.3999999999999999
    endloop
  endfacet
  facet normal 0.38268345706801216 0.9238795222790008 0
    outer loop
      vertex 2.710424169898033 5.427631139755249 4
      vertex 2.8071419075131416 5.387569338083267 4
      vertex 2.8071419075131416 5.387569338083267 0.3999999999999999
    endloop
  endfacet
  facet normal 0.4617485401282741 0.8870108712351883 0
    outer loop
      vertex 2.8071419075131416 5.387569338083267 4
      vertex 2.899999998509884 5.339230485260487 4
      vertex 2.8071419075131416 5.387569338083267 0.3999999999999999
    endloop
  endfacet
  facet normal 0 0 1
    outer loop
      vertex 2.4045868888497353 5.495433636009693 4
      vertex 3.4817693009972572 4.508377812802792 4
      vertex 3.1485281363129616 5.148528136312962 4
    endloop
  endfacet
  facet normal 0 0 1
    outer loop
      vertex 3.219253331422806 5.071345128118992 4
      vertex 3.3392304852604866 4.899999998509884 4
      vertex 3.2829824537038803 4.988291718065739 4
    endloop
  endfacet
  facet normal 0 0 1
    outer loop
      vertex 3.1485281363129616 5.148528136312962 4
      vertex 3.3392304852604866 4.899999998509884 4
      vertex 3.219253331422806 5.071345128118992 4
    endloop
  endfacet
  facet normal 0 0 1
    outer loop
      vertex 2.9882917180657387 5.28298245370388 4
      vertex 3.1485281363129616 5.148528136312962 4
      vertex 3.071345128118992 5.219253331422806 4
    endloop
  endfacet
  facet normal 0 0 1
    outer loop
      vertex 2.4045868888497353 5.495433636009693 4
      vertex 3.1485281363129616 5.148528136312962 4
      vertex 2.8071419075131416 5.387569338083267 4
    endloop
  endfacet
  facet normal 0 0 1
    outer loop
      vertex 2.8071419075131416 5.387569338083267 4
      vertex 2.9882917180657387 5.28298245370388 4
      vertex 2.899999998509884 5.339230485260487 4
    endloop
  endfacet
  facet normal 0 0 1
    outer loop
      vertex 2.8071419075131416 5.387569338083267 4
      vertex 3.1485281363129616 5.148528136312962 4
      vertex 2.9882917180657387 5.28298245370388 4
    endloop
  endfacet
  facet normal -0.32666094754550973 -0.6275099680886083 -0.7067700229198347
    outer loop
      vertex 10.100000001490116 -3.3392304852604866 0.3999999999999999
      vertex 10.361905390024186 -3.025046238303185 0
      vertex 10.192858092486858 -3.387569338083267 0.3999999999999999
    endloop
  endfacet
  facet normal -0.5215819716739369 -0.47794181097101296 -0.7067700277675029
    outer loop
      vertex 9.780746668577194 -3.071345128118992 0.3999999999999999
      vertex 10.087164440751076 -2.8142300933599476 0
      vertex 9.851471863687038 -3.1485281363129616 0.3999999999999999
    endloop
  endfacet
  facet normal -0.561252566303453 -0.43066423649053553 -0.7067700278207985
    outer loop
      vertex 9.71701754629612 -2.9882917180657387 0.3999999999999999
      vertex 10.087164440751076 -2.8142300933599476 0
      vertex 9.780746668577194 -3.071345128118992 0.3999999999999999
    endloop
  endfacet
  facet normal -0.3801090556051913 -0.596651683956132 -0.7067700289905066
    outer loop
      vertex 10.100000001490116 -3.3392304852604866 0.3999999999999999
      vertex 10.24113884717226 -2.9553216412663463 0
      vertex 10.299999998509884 -2.9928203314542774 0
    endloop
  endfacet
  facet normal -0.4779418110808452 -0.5215819717937978 -0.7067700276047758
    outer loop
      vertex 9.851471863687038 -3.1485281363129616 0.3999999999999999
      vertex 10.185769909620285 -2.912835562229157 0
      vertex 9.928654871881008 -3.219253331422806 0.3999999999999999
    endloop
  endfacet
  facet normal -0.43066423678668536 -0.561252566689403 -0.7067700273338556
    outer loop
      vertex 9.928654871881008 -3.219253331422806 0.3999999999999999
      vertex 10.185769909620285 -2.912835562229157 0
      vertex 10.011708281934261 -3.2829824537038803 0.3999999999999999
    endloop
  endfacet
  facet normal -0.38010906085522284 -0.5966516813640748 -0.7067700283551808
    outer loop
      vertex 10.011708281934261 -3.2829824537038803 0.3999999999999999
      vertex 10.24113884717226 -2.9553216412663463 0
      vertex 10.100000001490116 -3.3392304852604866 0.3999999999999999
    endloop
  endfacet
  facet normal -0.47794185828739544 -0.5215819180153828 -0.7067700353694869
    outer loop
      vertex 9.851471863687038 -3.1485281363129616 0.3999999999999999
      vertex 10.13431457579136 -2.8656854271888736 0
      vertex 10.185769909620285 -2.912835562229157 0
    endloop
  endfacet
  facet normal -0.521581917895522 -0.47794185817756357 -0.7067700355322137
    outer loop
      vertex 9.851471863687038 -3.1485281363129616 0.3999999999999999
      vertex 10.087164440751076 -2.8142300933599476 0
      vertex 10.13431457579136 -2.8656854271888736 0
    endloop
  endfacet
  facet normal -0.4306642327914743 -0.5612525691162928 -0.7067700278410876
    outer loop
      vertex 10.185769909620285 -2.912835562229157 0
      vertex 10.24113884717226 -2.9553216412663463 0
      vertex 10.011708281934261 -3.2829824537038803 0.3999999999999999
    endloop
  endfacet
  facet normal 0 0 -1
    outer loop
      vertex 10.185769909620285 -2.912835562229157 0
      vertex 10.299999998509884 -2.9928203314542774 0
      vertex 10.24113884717226 -2.9553216412663463 0
    endloop
  endfacet
  facet normal -0.5966516806837244 -0.3801090604217919 -0.7067700291626332
    outer loop
      vertex 9.660769514739513 -2.899999998509884 0.3999999999999999
      vertex 10.044678361713887 -2.7588611558079723 0
      vertex 9.71701754629612 -2.9882917180657387 0.3999999999999999
    endloop
  endfacet
  facet normal -0.5966516832757816 -0.3801090551717604 -0.7067700297979591
    outer loop
      vertex 9.660769514739513 -2.899999998509884 0.3999999999999999
      vertex 10.007179671525956 -2.7000000044703487 0
      vertex 10.044678361713887 -2.7588611558079723 0
    endloop
  endfacet
  facet normal -0.6275099356610102 -0.3266609941188073 -0.7067700301852274
    outer loop
      vertex 9.660769514739513 -2.899999998509884 0.3999999999999999
      vertex 9.974953764677048 -2.6380946129560474 0
      vertex 10.007179671525956 -2.7000000044703487 0
    endloop
  endfacet
  facet normal -0.627509967094491 -0.3266609470280052 -0.7067700240416522
    outer loop
      vertex 9.612430661916733 -2.8071419075131416 0.3999999999999999
      vertex 9.974953764677048 -2.6380946129560474 0
      vertex 9.660769514739513 -2.899999998509884 0.3999999999999999
    endloop
  endfacet
  facet normal -0.6535924506341342 -0.2707268777916386 -0.7067700234979255
    outer loop
      vertex 9.572368860244751 -2.710424169898033 0.3999999999999999
      vertex 9.974953764677048 -2.6380946129560474 0
      vertex 9.612430661916733 -2.8071419075131416 0.3999999999999999
    endloop
  endfacet
  facet normal 0 0 -1
    outer loop
      vertex 10.007179671525956 -2.7000000044703487 0
      vertex 10.185769909620285 -2.912835562229157 0
      vertex 10.087164440751076 -2.8142300933599476 0
    endloop
  endfacet
  facet normal -0.561252568730343 -0.4306642324953241 -0.7067700283280303
    outer loop
      vertex 9.71701754629612 -2.9882917180657387 0.3999999999999999
      vertex 10.044678361713887 -2.7588611558079723 0
      vertex 10.087164440751076 -2.8142300933599476 0
    endloop
  endfacet
  facet normal 0 0 -1
    outer loop
      vertex 10.087164440751076 -2.8142300933599476 0
      vertex 10.185769909620285 -2.912835562229157 0
      vertex 10.13431457579136 -2.8656854271888736 0
    endloop
  endfacet
  facet normal 0 0 -1
    outer loop
      vertex 9.912153796851635 -2.438918547332287 0
      vertex 10.63027539998293 -3.096955762803555 0
      vertex 10.185769909620285 -2.912835562229157 0
    endloop
  endfacet
  facet normal 0 0 -1
    outer loop
      vertex 10.007179671525956 -2.7000000044703487 0
      vertex 10.087164440751076 -2.8142300933599476 0
      vertex 10.044678361713887 -2.7588611558079723 0
    endloop
  endfacet
  facet normal 0 0 -1
    outer loop
      vertex 9.912153796851635 -2.438918547332287 0
      vertex 10.185769909620285 -2.912835562229157 0
      vertex 10.007179671525956 -2.7000000044703487 0
    endloop
  endfacet
  facet normal -0.6535924599075904 -0.2707268460306975 -0.7067700270881722
    outer loop
      vertex 9.572368860244751 -2.710424169898033 0.3999999999999999
      vertex 9.948245899379254 -2.573616118729115 0
      vertex 9.974953764677048 -2.6380946129560474 0
    endloop
  endfacet
  facet normal -0.6747007361019551 -0.2127323230403216 -0.7067700300927794
    outer loop
      vertex 9.540889009833336 -2.6105828508734703 0.3999999999999999
      vertex 9.927259334921837 -2.5070552393794063 0
      vertex 9.948245899379254 -2.573616118729115 0
    endloop
  endfacet
  facet normal -0.6747007313792076 -0.21273234672575297 -0.7067700274721025
    outer loop
      vertex 9.540889009833336 -2.6105828508734703 0.3999999999999999
      vertex 9.948245899379254 -2.573616118729115 0
      vertex 9.572368860244751 -2.710424169898033 0.3999999999999999
    endloop
  endfacet
  facet normal -0.6906741399474478 -0.1531187663641356 -0.7067700303457828
    outer loop
      vertex 9.518230699002743 -2.5083778128027916 0.3999999999999999
      vertex 9.927259334921837 -2.5070552393794063 0
      vertex 9.540889009833336 -2.6105828508734703 0.3999999999999999
    endloop
  endfacet
  facet normal -0.7013910915388705 -0.09233989998822895 -0.7067700330235258
    outer loop
      vertex 9.903044240176678 -2.3697246029973034 0
      vertex 9.912153796851635 -2.438918547332287 0
      vertex 9.518230699002743 -2.5083778128027916 0.3999999999999999
    endloop
  endfacet
  facet normal 0 0 -1
    outer loop
      vertex 9.912153796851635 -2.438918547332287 0
      vertex 9.948245899379254 -2.573616118729115 0
      vertex 9.927259334921837 -2.5070552393794063 0
    endloop
  endfacet
  facet normal -0.6906741426504145 -0.15311874178885923 -0.7067700330285033
    outer loop
      vertex 9.518230699002743 -2.5083778128027916 0.3999999999999999
      vertex 9.912153796851635 -2.438918547332287 0
      vertex 9.927259334921837 -2.5070552393794063 0
    endloop
  endfacet
  facet normal -0.7013910931071916 -0.09233989356612787 -0.7067700323061915
    outer loop
      vertex 9.903044240176678 -2.3697246029973034 0
      vertex 9.518230699002743 -2.5083778128027916 0.3999999999999999
      vertex 9.504566363990307 -2.4045868888497353 0.3999999999999999
    endloop
  endfacet
  facet normal 0 0 -1
    outer loop
      vertex 9.948245899379254 -2.573616118729115 0
      vertex 10.007179671525956 -2.7000000044703487 0
      vertex 9.974953764677048 -2.6380946129560474 0
    endloop
  endfacet
  facet normal 0 0 -1
    outer loop
      vertex 9.912153796851635 -2.438918547332287 0
      vertex 10.007179671525956 -2.7000000044703487 0
      vertex 9.948245899379254 -2.573616118729115 0
    endloop
  endfacet
  facet normal -0.09233990028437881 -0.7013910937883517 -0.7067700307524721
    outer loop
      vertex 10.561081455647946 -3.0878462061285976 0
      vertex 10.63027539998293 -3.096955762803555 0
      vertex 10.491622187197208 -3.4817693009972572 0.3999999999999999
    endloop
  endfacet
  facet normal -0.21273234724325746 -0.674700733020522 -0.7067700257494969
    outer loop
      vertex 10.289575830101967 -3.427631139755249 0.3999999999999999
      vertex 10.426383884251118 -3.051754103600979 0
      vertex 10.38941714912653 -3.459110990166664 0.3999999999999999
    endloop
  endfacet
  facet normal -0.27072687833745435 -0.6535924519518498 -0.7067700220702814
    outer loop
      vertex 10.361905390024186 -3.025046238303185 0
      vertex 10.289575830101967 -3.427631139755249 0.3999999999999999
      vertex 10.192858092486858 -3.387569338083267 0.3999999999999999
    endloop
  endfacet
  facet normal -0.15311876679756659 -0.6906741419025287 -0.7067700283413255
    outer loop
      vertex 10.492944763600827 -3.0727406680583957 0
      vertex 10.491622187197208 -3.4817693009972572 0.3999999999999999
      vertex 10.38941714912653 -3.459110990166664 0.3999999999999999
    endloop
  endfacet
  facet normal -0.030858257755334326 -0.7067700412777488 -0.706770030972278
    outer loop
      vertex 10.63027539998293 -3.096955762803555 0
      vertex 10.700000002980232 -3.5 0.3999999999999999
      vertex 10.595413111150265 -3.495433636009693 0.3999999999999999
    endloop
  endfacet
  facet normal -0.03085823140681836 -0.7067700395630494 -0.7067700338373782
    outer loop
      vertex 10.63027539998293 -3.096955762803555 0
      vertex 10.699999997019768 -3.1000000029802326 0
      vertex 10.700000002980232 -3.5 0.3999999999999999
    endloop
  endfacet
  facet normal -0.09233989386227774 -0.701391095356673 -0.7067700300351378
    outer loop
      vertex 10.491622187197208 -3.4817693009972572 0.3999999999999999
      vertex 10.63027539998293 -3.096955762803555 0
      vertex 10.595413111150265 -3.495433636009693 0.3999999999999999
    endloop
  endfacet
  facet normal -0.27072684657651314 -0.6535924612253062 -0.7067700256605282
    outer loop
      vertex 10.361905390024186 -3.025046238303185 0
      vertex 10.426383884251118 -3.051754103600979 0
      vertex 10.289575830101967 -3.427631139755249 0.3999999999999999
    endloop
  endfacet
  facet normal -0.32666099463631165 -0.6275099366551272 -0.7067700290634104
    outer loop
      vertex 10.100000001490116 -3.3392304852604866 0.3999999999999999
      vertex 10.299999998509884 -2.9928203314542774 0
      vertex 10.361905390024186 -3.025046238303185 0
    endloop
  endfacet
  facet normal -0.21273232355782598 -0.6747007377432696 -0.7067700283701737
    outer loop
      vertex 10.426383884251118 -3.051754103600979 0
      vertex 10.492944763600827 -3.0727406680583957 0
      vertex 10.38941714912653 -3.459110990166664 0.3999999999999999
    endloop
  endfacet
  facet normal -0.15311874222229052 -0.6906741446054957 -0.7067700310240459
    outer loop
      vertex 10.492944763600827 -3.0727406680583957 0
      vertex 10.561081455647946 -3.0878462061285976 0
      vertex 10.491622187197208 -3.4817693009972572 0.3999999999999999
    endloop
  endfacet
  facet normal 0 0 -1
    outer loop
      vertex 10.492944763600827 -3.0727406680583957 0
      vertex 10.63027539998293 -3.096955762803555 0
      vertex 10.561081455647946 -3.0878462061285976 0
    endloop
  endfacet
  facet normal 0 0 -1
    outer loop
      vertex 10.185769909620285 -2.912835562229157 0
      vertex 10.63027539998293 -3.096955762803555 0
      vertex 10.361905390024186 -3.025046238303185 0
    endloop
  endfacet
  facet normal 0 0 -1
    outer loop
      vertex 10.185769909620285 -2.912835562229157 0
      vertex 10.361905390024186 -3.025046238303185 0
      vertex 10.299999998509884 -2.9928203314542774 0
    endloop
  endfacet
  facet normal 0 0 -1
    outer loop
      vertex 10.361905390024186 -3.025046238303185 0
      vertex 10.492944763600827 -3.0727406680583957 0
      vertex 10.426383884251118 -3.051754103600979 0
    endloop
  endfacet
  facet normal 0 0 -1
    outer loop
      vertex 10.361905390024186 -3.025046238303185 0
      vertex 10.63027539998293 -3.096955762803555 0
      vertex 10.492944763600827 -3.0727406680583957 0
    endloop
  endfacet
  facet normal -0.13052619829616904 -0.9914448605738744 0
    outer loop
      vertex 10.595413111150265 -3.495433636009693 2
      vertex 10.491622187197208 -3.4817693009972572 0.3999999999999999
      vertex 10.595413111150265 -3.495433636009693 0.3999999999999999
    endloop
  endfacet
  facet normal -0.0436194033554438 -0.9990482208837145 0
    outer loop
      vertex 10.700000002980232 -3.5 2
      vertex 10.595413111150265 -3.495433636009693 0.3999999999999999
      vertex 10.700000002980232 -3.5 0.3999999999999999
    endloop
  endfacet
  facet normal -0.4617485401282741 -0.8870108712351883 0
    outer loop
      vertex 10.192858092486858 -3.387569338083267 4
      vertex 10.100000001490116 -3.3392304852604866 0.3999999999999999
      vertex 10.192858092486858 -3.387569338083267 0.3999999999999999
    endloop
  endfacet
  facet normal -0.38268345706801216 -0.9238795222790008 0
    outer loop
      vertex 10.192858092486858 -3.387569338083267 4
      vertex 10.192858092486858 -3.387569338083267 0.3999999999999999
      vertex 10.289575830101967 -3.427631139755249 0.3999999999999999
    endloop
  endfacet
  facet normal -0.5372996270458298 -0.8433914339003048 0
    outer loop
      vertex 10.011708281934261 -3.2829824537038803 4
      vertex 10.011708281934261 -3.2829824537038803 0.3999999999999999
      vertex 10.100000001490116 -3.3392304852604866 0.3999999999999999
    endloop
  endfacet
  facet normal -0.6087614248213178 -0.7933533435043424 0
    outer loop
      vertex 10.011708281934261 -3.2829824537038803 4
      vertex 9.928654871881008 -3.219253331422806 0.3999999999999999
      vertex 10.011708281934261 -3.2829824537038803 0.3999999999999999
    endloop
  endfacet
  facet normal -0.6755902003320648 -0.7372773434843095 0
    outer loop
      vertex 9.928654871881008 -3.219253331422806 4
      vertex 9.851471863687038 -3.1485281363129616 0.3999999999999999
      vertex 9.928654871881008 -3.219253331422806 0.3999999999999999
    endloop
  endfacet
  facet normal -0.7372773434843095 -0.6755902003320648 0
    outer loop
      vertex 9.851471863687038 -3.1485281363129616 4
      vertex 9.780746668577194 -3.071345128118992 0.3999999999999999
      vertex 9.851471863687038 -3.1485281363129616 0.3999999999999999
    endloop
  endfacet
  facet normal -0.7933533435043424 -0.6087614248213178 0
    outer loop
      vertex 9.71701754629612 -2.9882917180657387 4
      vertex 9.71701754629612 -2.9882917180657387 0.3999999999999999
      vertex 9.780746668577194 -3.071345128118992 0.3999999999999999
    endloop
  endfacet
  facet normal -0.9238795222790008 -0.38268345706801216 0
    outer loop
      vertex 9.612430661916733 -2.8071419075131416 4
      vertex 9.572368860244751 -2.710424169898033 0.3999999999999999
      vertex 9.612430661916733 -2.8071419075131416 0.3999999999999999
    endloop
  endfacet
  facet normal -0.9537169413164462 -0.3007058294180578 0
    outer loop
      vertex 9.540889009833336 -2.6105828508734703 4
      vertex 9.540889009833336 -2.6105828508734703 0.3999999999999999
      vertex 9.572368860244751 -2.710424169898033 0.3999999999999999
    endloop
  endfacet
  facet normal -0.9762960083409099 -0.21643960843063323 0
    outer loop
      vertex 9.518230699002743 -2.5083778128027916 4
      vertex 9.518230699002743 -2.5083778128027916 0.3999999999999999
      vertex 9.540889009833336 -2.6105828508734703 0.3999999999999999
    endloop
  endfacet
  facet normal -0.9914448605738744 -0.13052619829616904 0
    outer loop
      vertex 9.518230699002743 -2.5083778128027916 4
      vertex 9.504566363990307 -2.4045868888497353 0.3999999999999999
      vertex 9.518230699002743 -2.5083778128027916 0.3999999999999999
    endloop
  endfacet
  facet normal -0.8433914339003048 -0.5372996270458298 0
    outer loop
      vertex 9.660769514739513 -2.899999998509884 4
      vertex 9.660769514739513 -2.899999998509884 0.3999999999999999
      vertex 9.71701754629612 -2.9882917180657387 0.3999999999999999
    endloop
  endfacet
  facet normal -0.8870108712351883 -0.4617485401282741 0
    outer loop
      vertex 9.660769514739513 -2.899999998509884 4
      vertex 9.612430661916733 -2.8071419075131416 0.3999999999999999
      vertex 9.660769514739513 -2.899999998509884 0.3999999999999999
    endloop
  endfacet
  facet normal -0.13052619829616907 -0.9914448605738743 1.323933498517907e-18
    outer loop
      vertex 10.5 -3.482872261029298 2
      vertex 10.491622187197208 -3.4817693009972572 0.3999999999999999
      vertex 10.595413111150265 -3.495433636009693 2
    endloop
  endfacet
  facet normal -0.3007058294180578 -0.9537169413164462 0
    outer loop
      vertex 10.38941714912653 -3.459110990166664 4
      vertex 10.289575830101967 -3.427631139755249 0.3999999999999999
      vertex 10.38941714912653 -3.459110990166664 0.3999999999999999
    endloop
  endfacet
  facet normal -0.21643960843063323 -0.9762960083409099 0
    outer loop
      vertex 10.38941714912653 -3.459110990166664 4
      vertex 10.38941714912653 -3.459110990166664 0.3999999999999999
      vertex 10.491622187197208 -3.4817693009972572 0.3999999999999999
    endloop
  endfacet
  facet normal -0.0436194033554438 -0.9990482208837145 0
    outer loop
      vertex 10.595413111150265 -3.495433636009693 2
      vertex 10.595413111150265 -3.495433636009693 0.3999999999999999
      vertex 10.700000002980232 -3.5 2
    endloop
  endfacet
  facet normal -0.13052619829616882 -0.9914448605738744 0
    outer loop
      vertex 10.491622187197208 -3.4817693009972572 4
      vertex 10.491622187197208 -3.4817693009972572 0.3999999999999999
      vertex 10.5 -3.482872261029298 2
    endloop
  endfacet
  facet normal -0.7067700370474789 -0.030858231296986033 -0.7067700363577444
    outer loop
      vertex 9.5 -2.2999999970197678 0.3999999999999999
      vertex 9.9 -2.300000005960465 0
      vertex 9.903044240176678 -2.3697246029973034 0
    endloop
  endfacet
  facet normal 0 0 -1
    outer loop
      vertex 9.9 -2.300000005960465 0
      vertex 9.912153796851635 -2.438918547332287 0
      vertex 9.903044240176678 -2.3697246029973034 0
    endloop
  endfacet
  facet normal -0.7067700387621781 -0.030858257645502044 -0.7067700334926439
    outer loop
      vertex 9.5 -2.2999999970197678 0.3999999999999999
      vertex 9.903044240176678 -2.3697246029973034 0
      vertex 9.504566363990307 -2.4045868888497353 0.3999999999999999
    endloop
  endfacet
  facet normal -0.9990482208837145 -0.0436194033554438 0
    outer loop
      vertex 9.5 -2.2999999970197678 4
      vertex 9.5 -2.2999999970197678 0.3999999999999999
      vertex 9.504566363990307 -2.4045868888497353 0.3999999999999999
    endloop
  endfacet
  facet normal -0.5372996270458298 -0.8433914339003048 0
    outer loop
      vertex 10.011708281934261 -3.2829824537038803 4
      vertex 10.100000001490116 -3.3392304852604866 0.3999999999999999
      vertex 10.100000001490116 -3.3392304852604866 4
    endloop
  endfacet
  facet normal -0.6087614248213178 -0.7933533435043424 0
    outer loop
      vertex 9.928654871881008 -3.219253331422806 4
      vertex 9.928654871881008 -3.219253331422806 0.3999999999999999
      vertex 10.011708281934261 -3.2829824537038803 4
    endloop
  endfacet
  facet normal -0.4617485401282741 -0.8870108712351883 0
    outer loop
      vertex 10.100000001490116 -3.3392304852604866 4
      vertex 10.100000001490116 -3.3392304852604866 0.3999999999999999
      vertex 10.192858092486858 -3.387569338083267 4
    endloop
  endfacet
  facet normal -0.6755902003320648 -0.7372773434843095 0
    outer loop
      vertex 9.851471863687038 -3.1485281363129616 4
      vertex 9.851471863687038 -3.1485281363129616 0.3999999999999999
      vertex 9.928654871881008 -3.219253331422806 4
    endloop
  endfacet
  facet normal -0.7372773434843095 -0.6755902003320648 0
    outer loop
      vertex 9.780746668577194 -3.071345128118992 4
      vertex 9.780746668577194 -3.071345128118992 0.3999999999999999
      vertex 9.851471863687038 -3.1485281363129616 4
    endloop
  endfacet
  facet normal -0.7933533435043424 -0.6087614248213178 0
    outer loop
      vertex 9.71701754629612 -2.9882917180657387 4
      vertex 9.780746668577194 -3.071345128118992 0.3999999999999999
      vertex 9.780746668577194 -3.071345128118992 4
    endloop
  endfacet
  facet normal -0.8433914339003048 -0.5372996270458298 0
    outer loop
      vertex 9.660769514739513 -2.899999998509884 4
      vertex 9.71701754629612 -2.9882917180657387 0.3999999999999999
      vertex 9.71701754629612 -2.9882917180657387 4
    endloop
  endfacet
  facet normal 0 0 1
    outer loop
      vertex 9.851471863687038 -3.1485281363129616 4
      vertex 10.011708281934261 -3.2829824537038803 4
      vertex 10.192858092486858 -3.387569338083267 4
    endloop
  endfacet
  facet normal 0 0 1
    outer loop
      vertex 10.011708281934261 -3.2829824537038803 4
      vertex 10.100000001490116 -3.3392304852604866 4
      vertex 10.192858092486858 -3.387569338083267 4
    endloop
  endfacet
  facet normal 0 0 1
    outer loop
      vertex 9.851471863687038 -3.1485281363129616 4
      vertex 10.192858092486858 -3.387569338083267 4
      vertex 10.5 -3.482872261029298 4
    endloop
  endfacet
  facet normal 0 0 1
    outer loop
      vertex 9.851471863687038 -3.1485281363129616 4
      vertex 9.928654871881008 -3.219253331422806 4
      vertex 10.011708281934261 -3.2829824537038803 4
    endloop
  endfacet
  facet normal 0 0 1
    outer loop
      vertex 9.612430661916733 -2.8071419075131416 4
      vertex 9.71701754629612 -2.9882917180657387 4
      vertex 9.851471863687038 -3.1485281363129616 4
    endloop
  endfacet
  facet normal 0 0 1
    outer loop
      vertex 9.71701754629612 -2.9882917180657387 4
      vertex 9.780746668577194 -3.071345128118992 4
      vertex 9.851471863687038 -3.1485281363129616 4
    endloop
  endfacet
  facet normal 0 0 1
    outer loop
      vertex 9.5 -2.2999999970197678 4
      vertex 9.851471863687038 -3.1485281363129616 4
      vertex 10.5 -3.482872261029298 4
    endloop
  endfacet
  facet normal -0.9238795222790008 -0.38268345706801216 0
    outer loop
      vertex 9.572368860244751 -2.710424169898033 4
      vertex 9.572368860244751 -2.710424169898033 0.3999999999999999
      vertex 9.612430661916733 -2.8071419075131416 4
    endloop
  endfacet
  facet normal -0.9537169413164462 -0.3007058294180578 0
    outer loop
      vertex 9.540889009833336 -2.6105828508734703 4
      vertex 9.572368860244751 -2.710424169898033 0.3999999999999999
      vertex 9.572368860244751 -2.710424169898033 4
    endloop
  endfacet
  facet normal -0.9762960083409099 -0.21643960843063323 0
    outer loop
      vertex 9.518230699002743 -2.5083778128027916 4
      vertex 9.540889009833336 -2.6105828508734703 0.3999999999999999
      vertex 9.540889009833336 -2.6105828508734703 4
    endloop
  endfacet
  facet normal -0.9914448605738744 -0.13052619829616904 0
    outer loop
      vertex 9.504566363990307 -2.4045868888497353 4
      vertex 9.504566363990307 -2.4045868888497353 0.3999999999999999
      vertex 9.518230699002743 -2.5083778128027916 4
    endloop
  endfacet
  facet normal -0.8870108712351883 -0.4617485401282741 0
    outer loop
      vertex 9.612430661916733 -2.8071419075131416 4
      vertex 9.612430661916733 -2.8071419075131416 0.3999999999999999
      vertex 9.660769514739513 -2.899999998509884 4
    endloop
  endfacet
  facet normal 0 0 1
    outer loop
      vertex 9.540889009833336 -2.6105828508734703 4
      vertex 9.572368860244751 -2.710424169898033 4
      vertex 9.612430661916733 -2.8071419075131416 4
    endloop
  endfacet
  facet normal 0 0 1
    outer loop
      vertex 9.5 -2.2999999970197678 4
      vertex 9.540889009833336 -2.6105828508734703 4
      vertex 9.612430661916733 -2.8071419075131416 4
    endloop
  endfacet
  facet normal 0 0 1
    outer loop
      vertex 9.504566363990307 -2.4045868888497353 4
      vertex 9.518230699002743 -2.5083778128027916 4
      vertex 9.540889009833336 -2.6105828508734703 4
    endloop
  endfacet
  facet normal 0 0 1
    outer loop
      vertex 9.5 -2.2999999970197678 4
      vertex 9.504566363990307 -2.4045868888497353 4
      vertex 9.540889009833336 -2.6105828508734703 4
    endloop
  endfacet
  facet normal 0 0 1
    outer loop
      vertex 9.612430661916733 -2.8071419075131416 4
      vertex 9.660769514739513 -2.899999998509884 4
      vertex 9.71701754629612 -2.9882917180657387 4
    endloop
  endfacet
  facet normal 0 0 1
    outer loop
      vertex 9.5 -2.2999999970197678 4
      vertex 9.612430661916733 -2.8071419075131416 4
      vertex 9.851471863687038 -3.1485281363129616 4
    endloop
  endfacet
  facet normal -0.3007058294180578 -0.9537169413164462 0
    outer loop
      vertex 10.289575830101967 -3.427631139755249 4
      vertex 10.289575830101967 -3.427631139755249 0.3999999999999999
      vertex 10.38941714912653 -3.459110990166664 4
    endloop
  endfacet
  facet normal -0.38268345706801216 -0.9238795222790008 0
    outer loop
      vertex 10.192858092486858 -3.387569338083267 4
      vertex 10.289575830101967 -3.427631139755249 0.3999999999999999
      vertex 10.289575830101967 -3.427631139755249 4
    endloop
  endfacet
  facet normal -0.21643960843063323 -0.9762960083409099 0
    outer loop
      vertex 10.38941714912653 -3.459110990166664 4
      vertex 10.491622187197208 -3.4817693009972572 0.3999999999999999
      vertex 10.491622187197208 -3.4817693009972572 4
    endloop
  endfacet
  facet normal -0.13052619829616882 -0.9914448605738743 3.3674154736689756e-20
    outer loop
      vertex 10.491622187197208 -3.4817693009972572 4
      vertex 10.5 -3.482872261029298 2
      vertex 10.5 -3.482872261029298 4
    endloop
  endfacet
  facet normal 0 0 1
    outer loop
      vertex 10.192858092486858 -3.387569338083267 4
      vertex 10.38941714912653 -3.459110990166664 4
      vertex 10.5 -3.482872261029298 4
    endloop
  endfacet
  facet normal 0 0 1
    outer loop
      vertex 10.192858092486858 -3.387569338083267 4
      vertex 10.289575830101967 -3.427631139755249 4
      vertex 10.38941714912653 -3.459110990166664 4
    endloop
  endfacet
  facet normal 0 0 1
    outer loop
      vertex 10.38941714912653 -3.459110990166664 4
      vertex 10.491622187197208 -3.4817693009972572 4
      vertex 10.5 -3.482872261029298 4
    endloop
  endfacet
  facet normal -0.9990482208837145 -0.0436194033554438 0
    outer loop
      vertex 9.5 -2.2999999970197678 4
      vertex 9.504566363990307 -2.4045868888497353 0.3999999999999999
      vertex 9.504566363990307 -2.4045868888497353 4
    endloop
  endfacet
  facet normal 0 0 -1
    outer loop
      vertex 9.9 4.300000002980232 0
      vertex 9.912153796851635 -2.438918547332287 0
      vertex 9.9 -2.300000005960465 0
    endloop
  endfacet
  facet normal 0 0 -1
    outer loop
      vertex 9.912153796851635 -2.438918547332287 0
      vertex 12.090673326026339 -0.525 0
      vertex 12.257537879754125 -0.742462120245875 0
    endloop
  endfacet
  facet normal 0 0 -1
    outer loop
      vertex 9.912153796851635 -2.438918547332287 0
      vertex 11.985777882396478 -0.2717599973576468 0
      vertex 12.090673326026339 -0.525 0
    endloop
  endfacet
  facet normal 0 0 -1
    outer loop
      vertex 9.912153796851635 -2.438918547332287 0
      vertex 11.95 0 0
      vertex 11.985777882396478 -0.2717599973576468 0
    endloop
  endfacet
  facet normal 0 0 -1
    outer loop
      vertex 9.912153796851635 -2.438918547332287 0
      vertex 11.985777882396478 0.2717599973576468 0
      vertex 11.95 0 0
    endloop
  endfacet
  facet normal 0 0 -1
    outer loop
      vertex 9.912153796851635 -2.438918547332287 0
      vertex 12.090673326026339 0.525 0
      vertex 11.985777882396478 0.2717599973576468 0
    endloop
  endfacet
  facet normal -0.7071067811865471 0 -0.7071067811865479
    outer loop
      vertex 9.5 4.299999997019768 0.3999999999999999
      vertex 9.9 -2.300000005960465 0
      vertex 9.5 -2.2999999970197678 0.3999999999999999
    endloop
  endfacet
  facet normal -1 0 0
    outer loop
      vertex 9.5 4.299999997019768 0.3999999999999999
      vertex 9.5 -2.2999999970197678 0.3999999999999999
      vertex 9.5 -2.2999999970197678 4
    endloop
  endfacet
  facet normal 0 0 1
    outer loop
      vertex 10.5 3.5 4
      vertex 9.5 -2.2999999970197678 4
      vertex 10.5 -3.482872261029298 4
    endloop
  endfacet
  facet normal 5.119866637083718e-18 -0.7071067838207258 -0.7071067785523693
    outer loop
      vertex 10.699999997019768 -3.1000000029802326 0
      vertex 15.299999997019768 -3.5 0.3999999999999999
      vertex 10.700000002980232 -3.5 0.3999999999999999
    endloop
  endfacet
  facet normal 0 0 -1
    outer loop
      vertex 10.63027539998293 -3.096955762803555 0
      vertex 15.507055239379406 -3.0727406680583957 0
      vertex 10.699999997019768 -3.1000000029802326 0
    endloop
  endfacet
  facet normal 0 0 -1
    outer loop
      vertex 9.912153796851635 -2.438918547332287 0
      vertex 15.507055239379406 -3.0727406680583957 0
      vertex 10.63027539998293 -3.096955762803555 0
    endloop
  endfacet
  facet normal 0 -0.7071067838207258 -0.7071067785523693
    outer loop
      vertex 10.699999997019768 -3.1000000029802326 0
      vertex 15.300000005960465 -3.1000000029802326 0
      vertex 15.299999997019768 -3.5 0.3999999999999999
    endloop
  endfacet
  facet normal 0 0 -1
    outer loop
      vertex 10.699999997019768 -3.1000000029802326 0
      vertex 15.507055239379406 -3.0727406680583957 0
      vertex 15.300000005960465 -3.1000000029802326 0
    endloop
  endfacet
  facet normal 0 -1 0
    outer loop
      vertex 10.700000002980232 -3.5 0.3999999999999999
      vertex 15.299999997019768 -3.5 0.3999999999999999
      vertex 15.299999997019768 -3.5 2
    endloop
  endfacet
  facet normal 0 0 -1
    outer loop
      vertex 9.912153796851635 -2.438918547332287 0
      vertex 15.955321641266346 -2.7588611558079723 0
      vertex 15.507055239379406 -3.0727406680583957 0
    endloop
  endfacet
  facet normal 0 -1 0
    outer loop
      vertex 10.700000002980232 -3.5 2
      vertex 10.700000002980232 -3.5 0.3999999999999999
      vertex 15.299999997019768 -3.5 2
    endloop
  endfacet
  facet normal 0 0 -1
    outer loop
      vertex 9.912153796851635 -2.438918547332287 0
      vertex 12.475 -0.9093266739736605 0
      vertex 12.728240002642353 -1.0142221176035218 0
    endloop
  endfacet
  facet normal 0 0 -1
    outer loop
      vertex 9.912153796851635 -2.438918547332287 0
      vertex 12.257537879754125 -0.742462120245875 0
      vertex 12.475 -0.9093266739736605 0
    endloop
  endfacet
  facet normal 0 0 -1
    outer loop
      vertex 9.912153796851635 -2.438918547332287 0
      vertex 12.728240002642353 -1.0142221176035218 0
      vertex 13 -1.05 0
    endloop
  endfacet
  facet normal 0 0 -1
    outer loop
      vertex 9.912153796851635 -2.438918547332287 0
      vertex 13 -1.05 0
      vertex 13.271759997357647 -1.0142221176035218 0
    endloop
  endfacet
  facet normal 0 0 -1
    outer loop
      vertex 9.912153796851635 -2.438918547332287 0
      vertex 13.271759997357647 -1.0142221176035218 0
      vertex 15.955321641266346 -2.7588611558079723 0
    endloop
  endfacet
  facet normal 0.030858257760348617 -0.7067700413925952 -0.7067700308572125
    outer loop
      vertex 15.369724602997303 -3.096955762803555 0
      vertex 15.404586888849735 -3.495433636009693 0.3999999999999999
      vertex 15.299999997019768 -3.5 0.3999999999999999
    endloop
  endfacet
  facet normal 0.03085823141183266 -0.7067700396778959 -0.706770033722313
    outer loop
      vertex 15.300000005960465 -3.1000000029802326 0
      vertex 15.369724602997303 -3.096955762803555 0
      vertex 15.299999997019768 -3.5 0.3999999999999999
    endloop
  endfacet
  facet normal 0.09233990032927891 -0.7013910941294018 -0.7067700304081517
    outer loop
      vertex 15.369724602997303 -3.096955762803555 0
      vertex 15.438918547332287 -3.0878462061285976 0
      vertex 15.508377812802792 -3.4817693009972572 0.3999999999999999
    endloop
  endfacet
  facet normal 0.09233989390717776 -0.7013910956977228 -0.7067700296908173
    outer loop
      vertex 15.369724602997303 -3.096955762803555 0
      vertex 15.508377812802792 -3.4817693009972572 0.3999999999999999
      vertex 15.404586888849735 -3.495433636009693 0.3999999999999999
    endloop
  endfacet
  facet normal 0.1531187669210264 -0.6906741424594194 -0.7067700277703703
    outer loop
      vertex 15.507055239379406 -3.0727406680583957 0
      vertex 15.61058285087347 -3.459110990166664 0.3999999999999999
      vertex 15.508377812802792 -3.4817693009972572 0.3999999999999999
    endloop
  endfacet
  facet normal 0.21273234748156347 -0.6747007337763327 -0.7067700249562523
    outer loop
      vertex 15.573616118729115 -3.051754103600979 0
      vertex 15.710424169898033 -3.427631139755249 0.3999999999999999
      vertex 15.61058285087347 -3.459110990166664 0.3999999999999999
    endloop
  endfacet
  facet normal 0.27072687872340456 -0.6535924528836154 -0.7067700210607846
    outer loop
      vertex 15.638094612956047 -3.025046238303185 0
      vertex 15.807141907513142 -3.387569338083267 0.3999999999999999
      vertex 15.710424169898033 -3.427631139755249 0.3999999999999999
    endloop
  endfacet
  facet normal 0.3266609481074146 -0.6275099691680176 -0.7067700217017687
    outer loop
      vertex 15.638094612956047 -3.025046238303185 0
      vertex 15.899999998509884 -3.3392304852604866 0.3999999999999999
      vertex 15.807141907513142 -3.387569338083267 0.3999999999999999
    endloop
  endfacet
  facet normal 0 0 -1
    outer loop
      vertex 15.300000005960465 -3.1000000029802326 0
      vertex 15.507055239379406 -3.0727406680583957 0
      vertex 15.369724602997303 -3.096955762803555 0
    endloop
  endfacet
  facet normal 0.15311874234575015 -0.6906741451623861 -0.7067700304530907
    outer loop
      vertex 15.507055239379406 -3.0727406680583957 0
      vertex 15.508377812802792 -3.4817693009972572 0.3999999999999999
      vertex 15.438918547332287 -3.0878462061285976 0
    endloop
  endfacet
  facet normal 0 0 -1
    outer loop
      vertex 15.369724602997303 -3.096955762803555 0
      vertex 15.507055239379406 -3.0727406680583957 0
      vertex 15.438918547332287 -3.0878462061285976 0
    endloop
  endfacet
  facet normal 0.21273232379613216 -0.6747007384990803 -0.7067700275769291
    outer loop
      vertex 15.507055239379406 -3.0727406680583957 0
      vertex 15.573616118729115 -3.051754103600979 0
      vertex 15.61058285087347 -3.459110990166664 0.3999999999999999
    endloop
  endfacet
  facet normal 0.2707268469624631 -0.6535924621570719 -0.7067700246510313
    outer loop
      vertex 15.573616118729115 -3.051754103600979 0
      vertex 15.638094612956047 -3.025046238303185 0
      vertex 15.710424169898033 -3.427631139755249 0.3999999999999999
    endloop
  endfacet
  facet normal 0.32666099519821673 -0.6275099377345367 -0.706770027845344
    outer loop
      vertex 15.638094612956047 -3.025046238303185 0
      vertex 15.700000004470349 -2.9928203314542774 0
      vertex 15.899999998509884 -3.3392304852604866 0.3999999999999999
    endloop
  endfacet
  facet normal 0.3801090563660164 -0.5966516851503879 -0.7067700275731412
    outer loop
      vertex 15.700000004470349 -2.9928203314542774 0
      vertex 15.758861155807972 -2.9553216412663463 0
      vertex 15.899999998509884 -3.3392304852604866 0.3999999999999999
    endloop
  endfacet
  facet normal 0 0 -1
    outer loop
      vertex 15.507055239379406 -3.0727406680583957 0
      vertex 15.638094612956047 -3.025046238303185 0
      vertex 15.573616118729115 -3.051754103600979 0
    endloop
  endfacet
  facet normal 0 0 -1
    outer loop
      vertex 15.507055239379406 -3.0727406680583957 0
      vertex 15.758861155807972 -2.9553216412663463 0
      vertex 15.638094612956047 -3.025046238303185 0
    endloop
  endfacet
  facet normal 0 0 -1
    outer loop
      vertex 15.638094612956047 -3.025046238303185 0
      vertex 15.758861155807972 -2.9553216412663463 0
      vertex 15.700000004470349 -2.9928203314542774 0
    endloop
  endfacet
  facet normal 0.43066423376814 -0.5612525703891084 -0.7067700262352101
    outer loop
      vertex 15.814230093359948 -2.912835562229157 0
      vertex 15.988291718065739 -3.2829824537038803 0.3999999999999999
      vertex 15.758861155807972 -2.9553216412663463 0
    endloop
  endfacet
  facet normal 0.3801090616160477 -0.5966516825583309 -0.7067700269378155
    outer loop
      vertex 15.758861155807972 -2.9553216412663463 0
      vertex 15.988291718065739 -3.2829824537038803 0.3999999999999999
      vertex 15.899999998509884 -3.3392304852604866 0.3999999999999999
    endloop
  endfacet
  facet normal 0.430664237763351 -0.5612525679622187 -0.7067700257279782
    outer loop
      vertex 15.814230093359948 -2.912835562229157 0
      vertex 16.071345128118992 -3.219253331422806 0.3999999999999999
      vertex 15.988291718065739 -3.2829824537038803 0.3999999999999999
    endloop
  endfacet
  facet normal 0.47794181228371424 -0.5215819731064992 -0.706770025822608
    outer loop
      vertex 15.814230093359948 -2.912835562229157 0
      vertex 16.14852813631296 -3.1485281363129616 0.3999999999999999
      vertex 16.071345128118992 -3.219253331422806 0.3999999999999999
    endloop
  endfacet
  facet normal 0.47794185949026496 -0.5215819193280841 -0.7067700335873188
    outer loop
      vertex 15.814230093359948 -2.912835562229157 0
      vertex 15.865685427188874 -2.8656854271888736 0
      vertex 16.14852813631296 -3.1485281363129616 0.3999999999999999
    endloop
  endfacet
  facet normal 0.5215819193280841 -0.47794185949026496 -0.7067700335873188
    outer loop
      vertex 15.865685427188874 -2.8656854271888736 0
      vertex 15.912835562229157 -2.8142300933599476 0
      vertex 16.14852813631296 -3.1485281363129616 0.3999999999999999
    endloop
  endfacet
  facet normal 0.5215819731064992 -0.47794181228371424 -0.706770025822608
    outer loop
      vertex 15.912835562229157 -2.8142300933599476 0
      vertex 16.219253331422806 -3.071345128118992 0.3999999999999999
      vertex 16.14852813631296 -3.1485281363129616 0.3999999999999999
    endloop
  endfacet
  facet normal 0.5612525679622187 -0.430664237763351 -0.7067700257279782
    outer loop
      vertex 15.912835562229157 -2.8142300933599476 0
      vertex 16.28298245370388 -2.9882917180657387 0.3999999999999999
      vertex 16.219253331422806 -3.071345128118992 0.3999999999999999
    endloop
  endfacet
  facet normal 0.0436194033554438 -0.9990482208837145 0
    outer loop
      vertex 15.404586888849735 -3.495433636009693 2
      vertex 15.299999997019768 -3.5 0.3999999999999999
      vertex 15.404586888849735 -3.495433636009693 0.3999999999999999
    endloop
  endfacet
  facet normal 0.13052619829616904 -0.9914448605738744 1.2385600970105405e-18
    outer loop
      vertex 15.5 -3.482872261029298 2
      vertex 15.404586888849735 -3.495433636009693 0.3999999999999999
      vertex 15.508377812802792 -3.4817693009972572 0.3999999999999999
    endloop
  endfacet
  facet normal 0 0 -1
    outer loop
      vertex 15.507055239379406 -3.0727406680583957 0
      vertex 15.955321641266346 -2.7588611558079723 0
      vertex 15.758861155807972 -2.9553216412663463 0
    endloop
  endfacet
  facet normal 0 0 -1
    outer loop
      vertex 15.814230093359948 -2.912835562229157 0
      vertex 15.758861155807972 -2.9553216412663463 0
      vertex 15.865685427188874 -2.8656854271888736 0
    endloop
  endfacet
  facet normal 0 0 -1
    outer loop
      vertex 15.865685427188874 -2.8656854271888736 0
      vertex 15.758861155807972 -2.9553216412663463 0
      vertex 15.955321641266346 -2.7588611558079723 0
    endloop
  endfacet
  facet normal 0 0 -1
    outer loop
      vertex 15.865685427188874 -2.8656854271888736 0
      vertex 15.955321641266346 -2.7588611558079723 0
      vertex 15.912835562229157 -2.8142300933599476 0
    endloop
  endfacet
  facet normal 0.5612525703891084 -0.43066423376814 -0.7067700262352101
    outer loop
      vertex 15.912835562229157 -2.8142300933599476 0
      vertex 15.955321641266346 -2.7588611558079723 0
      vertex 16.28298245370388 -2.9882917180657387 0.3999999999999999
    endloop
  endfacet
  facet normal 0 0 -1
    outer loop
      vertex 16.051754103600977 -2.573616118729115 0
      vertex 15.992820331454277 -2.7000000044703487 0
      vertex 15.955321641266346 -2.7588611558079723 0
    endloop
  endfacet
  facet normal 0.5966516851503879 -0.3801090563660164 -0.7067700275731412
    outer loop
      vertex 15.992820331454277 -2.7000000044703487 0
      vertex 16.339230485260487 -2.899999998509884 0.3999999999999999
      vertex 15.955321641266346 -2.7588611558079723 0
    endloop
  endfacet
  facet normal 0.6275099377345443 -0.32666099519820274 -0.7067700278453437
    outer loop
      vertex 16.025046238303183 -2.6380946129560474 0
      vertex 16.339230485260487 -2.899999998509884 0.3999999999999999
      vertex 15.992820331454277 -2.7000000044703487 0
    endloop
  endfacet
  facet normal 0.5966516825583309 -0.3801090616160477 -0.7067700269378155
    outer loop
      vertex 15.955321641266346 -2.7588611558079723 0
      vertex 16.339230485260487 -2.899999998509884 0.3999999999999999
      vertex 16.28298245370388 -2.9882917180657387 0.3999999999999999
    endloop
  endfacet
  facet normal 0.6275099691680163 -0.3266609481074141 -0.7067700217017701
    outer loop
      vertex 16.025046238303183 -2.6380946129560474 0
      vertex 16.387569338083267 -2.8071419075131416 0.3999999999999999
      vertex 16.339230485260487 -2.899999998509884 0.3999999999999999
    endloop
  endfacet
  facet normal 0.6535924528836142 -0.2707268787234038 -0.706770021060786
    outer loop
      vertex 16.025046238303183 -2.6380946129560474 0
      vertex 16.42763113975525 -2.710424169898033 0.3999999999999999
      vertex 16.387569338083267 -2.8071419075131416 0.3999999999999999
    endloop
  endfacet
  facet normal 0 0 -1
    outer loop
      vertex 16.051754103600977 -2.573616118729115 0
      vertex 16.025046238303183 -2.6380946129560474 0
      vertex 15.992820331454277 -2.7000000044703487 0
    endloop
  endfacet
  facet normal 0.6535924621570707 -0.2707268469624626 -0.706770024651033
    outer loop
      vertex 16.051754103600977 -2.573616118729115 0
      vertex 16.42763113975525 -2.710424169898033 0.3999999999999999
      vertex 16.025046238303183 -2.6380946129560474 0
    endloop
  endfacet
  facet normal 0 0 -1
    outer loop
      vertex 16.096955762803553 -2.3697246029973034 0
      vertex 16.051754103600977 -2.573616118729115 0
      vertex 15.955321641266346 -2.7588611558079723 0
    endloop
  endfacet
  facet normal 0 0 -1
    outer loop
      vertex 16.096955762803553 -2.3697246029973034 0
      vertex 16.072740668058394 -2.5070552393794063 0
      vertex 16.051754103600977 -2.573616118729115 0
    endloop
  endfacet
  facet normal 0 0 -1
    outer loop
      vertex 16.096955762803553 -2.3697246029973034 0
      vertex 16.087846206128596 -2.438918547332287 0
      vertex 16.072740668058394 -2.5070552393794063 0
    endloop
  endfacet
  facet normal 0.6747007384990789 -0.21273232379613172 -0.7067700275769306
    outer loop
      vertex 16.051754103600977 -2.573616118729115 0
      vertex 16.072740668058394 -2.5070552393794063 0
      vertex 16.459110990166664 -2.6105828508734703 0.3999999999999999
    endloop
  endfacet
  facet normal 0.6747007337763311 -0.21273234748156317 -0.7067700249562539
    outer loop
      vertex 16.051754103600977 -2.573616118729115 0
      vertex 16.459110990166664 -2.6105828508734703 0.3999999999999999
      vertex 16.42763113975525 -2.710424169898033 0.3999999999999999
    endloop
  endfacet
  facet normal 0.6906741424594178 -0.1531187669210258 -0.7067700277703718
    outer loop
      vertex 16.072740668058394 -2.5070552393794063 0
      vertex 16.481769300997257 -2.5083778128027916 0.3999999999999999
      vertex 16.459110990166664 -2.6105828508734703 0.3999999999999999
    endloop
  endfacet
  facet normal 0.6906741451623847 -0.15311874234574982 -0.7067700304530923
    outer loop
      vertex 16.087846206128596 -2.438918547332287 0
      vertex 16.481769300997257 -2.5083778128027916 0.3999999999999999
      vertex 16.072740668058394 -2.5070552393794063 0
    endloop
  endfacet
  facet normal 0.7013910941294001 -0.09233990032927868 -0.7067700304081531
    outer loop
      vertex 16.096955762803553 -2.3697246029973034 0
      vertex 16.481769300997257 -2.5083778128027916 0.3999999999999999
      vertex 16.087846206128596 -2.438918547332287 0
    endloop
  endfacet
  facet normal 0.7013910956977213 -0.09233989390717773 -0.7067700296908189
    outer loop
      vertex 16.096955762803553 -2.3697246029973034 0
      vertex 16.495433636009693 -2.4045868888497353 0.3999999999999999
      vertex 16.481769300997257 -2.5083778128027916 0.3999999999999999
    endloop
  endfacet
  facet normal 0.0436194033554438 -0.9990482208837145 0
    outer loop
      vertex 15.299999997019768 -3.5 2
      vertex 15.299999997019768 -3.5 0.3999999999999999
      vertex 15.404586888849735 -3.495433636009693 2
    endloop
  endfacet
  facet normal 0.13052619829616907 -0.9914448605738743 0
    outer loop
      vertex 15.404586888849735 -3.495433636009693 2
      vertex 15.404586888849735 -3.495433636009693 0.3999999999999999
      vertex 15.5 -3.482872261029298 2
    endloop
  endfacet
  facet normal 0.21643960843063323 -0.9762960083409099 0
    outer loop
      vertex 15.61058285087347 -3.459110990166664 4
      vertex 15.508377812802792 -3.4817693009972572 0.3999999999999999
      vertex 15.61058285087347 -3.459110990166664 0.3999999999999999
    endloop
  endfacet
  facet normal 0.3007058294180578 -0.9537169413164462 0
    outer loop
      vertex 15.61058285087347 -3.459110990166664 4
      vertex 15.61058285087347 -3.459110990166664 0.3999999999999999
      vertex 15.710424169898033 -3.427631139755249 0.3999999999999999
    endloop
  endfacet
  facet normal 0.38268345706801216 -0.9238795222790008 0
    outer loop
      vertex 15.710424169898033 -3.427631139755249 4
      vertex 15.710424169898033 -3.427631139755249 0.3999999999999999
      vertex 15.807141907513142 -3.387569338083267 0.3999999999999999
    endloop
  endfacet
  facet normal 0.4617485401282741 -0.8870108712351883 0
    outer loop
      vertex 15.899999998509884 -3.3392304852604866 4
      vertex 15.807141907513142 -3.387569338083267 0.3999999999999999
      vertex 15.899999998509884 -3.3392304852604866 0.3999999999999999
    endloop
  endfacet
  facet normal 0.5372996270458298 -0.8433914339003048 0
    outer loop
      vertex 15.899999998509884 -3.3392304852604866 4
      vertex 15.899999998509884 -3.3392304852604866 0.3999999999999999
      vertex 15.988291718065739 -3.2829824537038803 0.3999999999999999
    endloop
  endfacet
  facet normal 0.6087614248213178 -0.7933533435043424 0
    outer loop
      vertex 15.988291718065739 -3.2829824537038803 4
      vertex 15.988291718065739 -3.2829824537038803 0.3999999999999999
      vertex 16.071345128118992 -3.219253331422806 0.3999999999999999
    endloop
  endfacet
  facet normal 0.6755902003320648 -0.7372773434843095 0
    outer loop
      vertex 16.14852813631296 -3.1485281363129616 4
      vertex 16.071345128118992 -3.219253331422806 0.3999999999999999
      vertex 16.14852813631296 -3.1485281363129616 0.3999999999999999
    endloop
  endfacet
  facet normal 0.7372773434843095 -0.6755902003320648 0
    outer loop
      vertex 16.219253331422806 -3.071345128118992 4
      vertex 16.14852813631296 -3.1485281363129616 0.3999999999999999
      vertex 16.219253331422806 -3.071345128118992 0.3999999999999999
    endloop
  endfacet
  facet normal 0.7933533435043424 -0.6087614248213178 0
    outer loop
      vertex 16.219253331422806 -3.071345128118992 4
      vertex 16.219253331422806 -3.071345128118992 0.3999999999999999
      vertex 16.28298245370388 -2.9882917180657387 0.3999999999999999
    endloop
  endfacet
  facet normal 0.8433914339003048 -0.5372996270458298 0
    outer loop
      vertex 16.28298245370388 -2.9882917180657387 4
      vertex 16.28298245370388 -2.9882917180657387 0.3999999999999999
      vertex 16.339230485260487 -2.899999998509884 0.3999999999999999
    endloop
  endfacet
  facet normal 0.13052619829616882 -0.9914448605738744 0
    outer loop
      vertex 15.508377812802792 -3.4817693009972572 4
      vertex 15.5 -3.482872261029298 2
      vertex 15.508377812802792 -3.4817693009972572 0.3999999999999999
    endloop
  endfacet
  facet normal 0.8870108712351883 -0.4617485401282741 0
    outer loop
      vertex 16.339230485260487 -2.899999998509884 4
      vertex 16.339230485260487 -2.899999998509884 0.3999999999999999
      vertex 16.387569338083267 -2.8071419075131416 0.3999999999999999
    endloop
  endfacet
  facet normal 0.9238795222790008 -0.38268345706801216 0
    outer loop
      vertex 16.42763113975525 -2.710424169898033 4
      vertex 16.387569338083267 -2.8071419075131416 0.3999999999999999
      vertex 16.42763113975525 -2.710424169898033 0.3999999999999999
    endloop
  endfacet
  facet normal 0.9537169413164462 -0.3007058294180578 0
    outer loop
      vertex 16.42763113975525 -2.710424169898033 4
      vertex 16.42763113975525 -2.710424169898033 0.3999999999999999
      vertex 16.459110990166664 -2.6105828508734703 0.3999999999999999
    endloop
  endfacet
  facet normal 0.9762960083409099 -0.21643960843063323 0
    outer loop
      vertex 16.481769300997257 -2.5083778128027916 4
      vertex 16.459110990166664 -2.6105828508734703 0.3999999999999999
      vertex 16.481769300997257 -2.5083778128027916 0.3999999999999999
    endloop
  endfacet
  facet normal 0.9914448605738744 -0.13052619829616904 0
    outer loop
      vertex 16.481769300997257 -2.5083778128027916 4
      vertex 16.481769300997257 -2.5083778128027916 0.3999999999999999
      vertex 16.495433636009693 -2.4045868888497353 0.3999999999999999
    endloop
  endfacet
  facet normal 0 0 -1
    outer loop
      vertex 15.955321641266346 -2.7588611558079723 0
      vertex 13.271759997357647 -1.0142221176035218 0
      vertex 13.525 -0.9093266739736605 0
    endloop
  endfacet
  facet normal 0 0 -1
    outer loop
      vertex 15.955321641266346 -2.7588611558079723 0
      vertex 13.525 -0.9093266739736605 0
      vertex 13.742462120245875 -0.742462120245875 0
    endloop
  endfacet
  facet normal 0 0 -1
    outer loop
      vertex 15.955321641266346 -2.7588611558079723 0
      vertex 13.742462120245875 -0.742462120245875 0
      vertex 13.909326673973661 -0.525 0
    endloop
  endfacet
  facet normal 0.7067700396778942 -0.030858231411832592 -0.7067700337223145
    outer loop
      vertex 16.10000000298023 -2.300000005960465 0
      vertex 16.5 -2.2999999970197678 0.3999999999999999
      vertex 16.096955762803553 -2.3697246029973034 0
    endloop
  endfacet
  facet normal 0.7067700413925937 -0.030858257760348735 -0.7067700308572141
    outer loop
      vertex 16.096955762803553 -2.3697246029973034 0
      vertex 16.5 -2.2999999970197678 0.3999999999999999
      vertex 16.495433636009693 -2.4045868888497353 0.3999999999999999
    endloop
  endfacet
  facet normal 0.9990482208837145 -0.0436194033554438 0
    outer loop
      vertex 16.5 -2.2999999970197678 4
      vertex 16.495433636009693 -2.4045868888497353 0.3999999999999999
      vertex 16.5 -2.2999999970197678 0.3999999999999999
    endloop
  endfacet
  facet normal 0.21643960843063323 -0.9762960083409099 0
    outer loop
      vertex 15.508377812802792 -3.4817693009972572 4
      vertex 15.508377812802792 -3.4817693009972572 0.3999999999999999
      vertex 15.61058285087347 -3.459110990166664 4
    endloop
  endfacet
  facet normal 0.3007058294180578 -0.9537169413164462 0
    outer loop
      vertex 15.61058285087347 -3.459110990166664 4
      vertex 15.710424169898033 -3.427631139755249 0.3999999999999999
      vertex 15.710424169898033 -3.427631139755249 4
    endloop
  endfacet
  facet normal 0.38268345706801216 -0.9238795222790008 0
    outer loop
      vertex 15.710424169898033 -3.427631139755249 4
      vertex 15.807141907513142 -3.387569338083267 0.3999999999999999
      vertex 15.807141907513142 -3.387569338083267 4
    endloop
  endfacet
  facet normal 0.4617485401282741 -0.8870108712351883 0
    outer loop
      vertex 15.807141907513142 -3.387569338083267 4
      vertex 15.807141907513142 -3.387569338083267 0.3999999999999999
      vertex 15.899999998509884 -3.3392304852604866 4
    endloop
  endfacet
  facet normal 0.13052619829616882 -0.9914448605738743 0
    outer loop
      vertex 15.5 -3.482872261029298 4
      vertex 15.5 -3.482872261029298 2
      vertex 15.508377812802792 -3.4817693009972572 4
    endloop
  endfacet
  facet normal 0.5372996270458298 -0.8433914339003048 0
    outer loop
      vertex 15.899999998509884 -3.3392304852604866 4
      vertex 15.988291718065739 -3.2829824537038803 0.3999999999999999
      vertex 15.988291718065739 -3.2829824537038803 4
    endloop
  endfacet
  facet normal 0.6087614248213178 -0.7933533435043424 0
    outer loop
      vertex 15.988291718065739 -3.2829824537038803 4
      vertex 16.071345128118992 -3.219253331422806 0.3999999999999999
      vertex 16.071345128118992 -3.219253331422806 4
    endloop
  endfacet
  facet normal 0.6755902003320648 -0.7372773434843095 0
    outer loop
      vertex 16.14852813631296 -3.1485281363129616 4
      vertex 16.071345128118992 -3.219253331422806 4
      vertex 16.071345128118992 -3.219253331422806 0.3999999999999999
    endloop
  endfacet
  facet normal 0.7372773434843095 -0.6755902003320648 0
    outer loop
      vertex 16.14852813631296 -3.1485281363129616 4
      vertex 16.14852813631296 -3.1485281363129616 0.3999999999999999
      vertex 16.219253331422806 -3.071345128118992 4
    endloop
  endfacet
  facet normal 0.7933533435043424 -0.6087614248213178 0
    outer loop
      vertex 16.219253331422806 -3.071345128118992 4
      vertex 16.28298245370388 -2.9882917180657387 0.3999999999999999
      vertex 16.28298245370388 -2.9882917180657387 4
    endloop
  endfacet
  facet normal 0 0 1
    outer loop
      vertex 15.61058285087347 -3.459110990166664 4
      vertex 15.710424169898033 -3.427631139755249 4
      vertex 15.807141907513142 -3.387569338083267 4
    endloop
  endfacet
  facet normal 0 0 1
    outer loop
      vertex 15.807141907513142 -3.387569338083267 4
      vertex 15.899999998509884 -3.3392304852604866 4
      vertex 15.988291718065739 -3.2829824537038803 4
    endloop
  endfacet
  facet normal 0 0 1
    outer loop
      vertex 15.807141907513142 -3.387569338083267 4
      vertex 15.988291718065739 -3.2829824537038803 4
      vertex 16.14852813631296 -3.1485281363129616 4
    endloop
  endfacet
  facet normal 0 0 1
    outer loop
      vertex 15.988291718065739 -3.2829824537038803 4
      vertex 16.071345128118992 -3.219253331422806 4
      vertex 16.14852813631296 -3.1485281363129616 4
    endloop
  endfacet
  facet normal 0 0 1
    outer loop
      vertex 16.339230485260487 -2.899999998509884 4
      vertex 16.14852813631296 -3.1485281363129616 4
      vertex 16.219253331422806 -3.071345128118992 4
    endloop
  endfacet
  facet normal 0 0 1
    outer loop
      vertex 16.339230485260487 -2.899999998509884 4
      vertex 16.219253331422806 -3.071345128118992 4
      vertex 16.28298245370388 -2.9882917180657387 4
    endloop
  endfacet
  facet normal 0.8433914339003048 -0.5372996270458298 0
    outer loop
      vertex 16.339230485260487 -2.899999998509884 4
      vertex 16.28298245370388 -2.9882917180657387 4
      vertex 16.339230485260487 -2.899999998509884 0.3999999999999999
    endloop
  endfacet
  facet normal 0.8870108712351883 -0.4617485401282741 0
    outer loop
      vertex 16.387569338083267 -2.8071419075131416 4
      vertex 16.339230485260487 -2.899999998509884 4
      vertex 16.387569338083267 -2.8071419075131416 0.3999999999999999
    endloop
  endfacet
  facet normal 0.9238795222790008 -0.38268345706801216 0
    outer loop
      vertex 16.387569338083267 -2.8071419075131416 4
      vertex 16.387569338083267 -2.8071419075131416 0.3999999999999999
      vertex 16.42763113975525 -2.710424169898033 4
    endloop
  endfacet
  facet normal 0.9537169413164462 -0.3007058294180578 0
    outer loop
      vertex 16.459110990166664 -2.6105828508734703 4
      vertex 16.42763113975525 -2.710424169898033 4
      vertex 16.459110990166664 -2.6105828508734703 0.3999999999999999
    endloop
  endfacet
  facet normal 0.9762960083409099 -0.21643960843063323 0
    outer loop
      vertex 16.481769300997257 -2.5083778128027916 4
      vertex 16.459110990166664 -2.6105828508734703 4
      vertex 16.459110990166664 -2.6105828508734703 0.3999999999999999
    endloop
  endfacet
  facet normal 0.9914448605738744 -0.13052619829616904 0
    outer loop
      vertex 16.495433636009693 -2.4045868888497353 4
      vertex 16.481769300997257 -2.5083778128027916 4
      vertex 16.495433636009693 -2.4045868888497353 0.3999999999999999
    endloop
  endfacet
  facet normal 0 0 1
    outer loop
      vertex 16.481769300997257 -2.5083778128027916 4
      vertex 16.14852813631296 -3.1485281363129616 4
      vertex 16.339230485260487 -2.899999998509884 4
    endloop
  endfacet
  facet normal 0 0 1
    outer loop
      vertex 16.387569338083267 -2.8071419075131416 4
      vertex 16.42763113975525 -2.710424169898033 4
      vertex 16.339230485260487 -2.899999998509884 4
    endloop
  endfacet
  facet normal 0 0 1
    outer loop
      vertex 16.481769300997257 -2.5083778128027916 4
      vertex 16.339230485260487 -2.899999998509884 4
      vertex 16.42763113975525 -2.710424169898033 4
    endloop
  endfacet
  facet normal 0 0 1
    outer loop
      vertex 16.481769300997257 -2.5083778128027916 4
      vertex 16.42763113975525 -2.710424169898033 4
      vertex 16.459110990166664 -2.6105828508734703 4
    endloop
  endfacet
  facet normal 0 0 1
    outer loop
      vertex 16.5 -2.2999999970197678 4
      vertex 16.481769300997257 -2.5083778128027916 4
      vertex 16.495433636009693 -2.4045868888497353 4
    endloop
  endfacet
  facet normal 0.9990482208837145 -0.0436194033554438 0
    outer loop
      vertex 16.5 -2.2999999970197678 4
      vertex 16.495433636009693 -2.4045868888497353 4
      vertex 16.495433636009693 -2.4045868888497353 0.3999999999999999
    endloop
  endfacet
  facet normal 0 0 -1
    outer loop
      vertex 15.955321641266346 -2.7588611558079723 0
      vertex 13.909326673973661 -0.525 0
      vertex 14.014222117603522 -0.2717599973576468 0
    endloop
  endfacet
  facet normal 0 0 -1
    outer loop
      vertex 15.955321641266346 -2.7588611558079723 0
      vertex 14.014222117603522 -0.2717599973576468 0
      vertex 14.05 0 0
    endloop
  endfacet
  facet normal 0 0 -1
    outer loop
      vertex 16.096955762803553 4.36972460001707 0
      vertex 16.096955762803553 -2.3697246029973034 0
      vertex 15.955321641266346 -2.7588611558079723 0
    endloop
  endfacet
  facet normal 0 0 -1
    outer loop
      vertex 15.369724602997303 5.096955759823322 0
      vertex 15.955321641266346 -2.7588611558079723 0
      vertex 14.05 0 0
    endloop
  endfacet
  facet normal 0 0 -1
    outer loop
      vertex 16.096955762803553 4.36972460001707 0
      vertex 16.10000000298023 -2.300000005960465 0
      vertex 16.096955762803553 -2.3697246029973034 0
    endloop
  endfacet
  facet normal 0.7071067838207242 0 -0.7071067785523709
    outer loop
      vertex 16.5 4.299999997019768 0.3999999999999999
      vertex 16.5 -2.2999999970197678 0.3999999999999999
      vertex 16.10000000298023 -2.300000005960465 0
    endloop
  endfacet
  facet normal 0 0 1
    outer loop
      vertex 15.5 3.5 4
      vertex 15.5 -3.482872261029298 4
      vertex 15.508377812802792 -3.4817693009972572 4
    endloop
  endfacet
  facet normal 0 0 1
    outer loop
      vertex 15.5 3.5 4
      vertex 15.508377812802792 -3.4817693009972572 4
      vertex 15.61058285087347 -3.459110990166664 4
    endloop
  endfacet
  facet normal 0 0 1
    outer loop
      vertex 15.5 3.5 4
      vertex 15.61058285087347 -3.459110990166664 4
      vertex 15.807141907513142 -3.387569338083267 4
    endloop
  endfacet
  facet normal 0 0 1
    outer loop
      vertex 15.5 3.5 4
      vertex 15.807141907513142 -3.387569338083267 4
      vertex 16.14852813631296 -3.1485281363129616 4
    endloop
  endfacet
  facet normal 0 0 1
    outer loop
      vertex 16.481769300997257 4.508377812802792 4
      vertex 16.14852813631296 -3.1485281363129616 4
      vertex 16.481769300997257 -2.5083778128027916 4
    endloop
  endfacet
  facet normal 0 0 1
    outer loop
      vertex 16.5 4.299999997019768 4
      vertex 16.481769300997257 -2.5083778128027916 4
      vertex 16.5 -2.2999999970197678 4
    endloop
  endfacet
  facet normal 1 0 0
    outer loop
      vertex 16.5 4.299999997019768 4
      vertex 16.5 -2.2999999970197678 4
      vertex 16.5 -2.2999999970197678 0.3999999999999999
    endloop
  endfacet
  facet normal -0.7071067811865471 2.0815619689200708e-18 -0.7071067811865479
    outer loop
      vertex 9.5 4.299999997019768 0.3999999999999999
      vertex 9.9 4.300000002980232 0
      vertex 9.9 -2.300000005960465 0
    endloop
  endfacet
  facet normal 0 0 -1
    outer loop
      vertex 10.044678361713887 4.758861152827739 0
      vertex 9.912153796851635 -2.438918547332287 0
      vertex 9.9 4.300000002980232 0
    endloop
  endfacet
  facet normal -1 0 0
    outer loop
      vertex 9.5 4.299999997019768 4
      vertex 9.5 4.299999997019768 0.3999999999999999
      vertex 9.5 -2.2999999970197678 4
    endloop
  endfacet
  facet normal 0 0 1
    outer loop
      vertex 9.851471863687038 5.148528136312962 4
      vertex 9.5 -2.2999999970197678 4
      vertex 10.5 3.5 4
    endloop
  endfacet
  facet normal 0 0 1
    outer loop
      vertex 9.504566363990307 4.404586888849735 4
      vertex 9.5 4.299999997019768 4
      vertex 9.5 -2.2999999970197678 4
    endloop
  endfacet
  facet normal 0 0 1
    outer loop
      vertex 9.851471863687038 5.148528136312962 4
      vertex 9.504566363990307 4.404586888849735 4
      vertex 9.5 -2.2999999970197678 4
    endloop
  endfacet
  facet normal -0.7067700369326324 0.030858231291971853 -0.7067700364728097
    outer loop
      vertex 9.5 4.299999997019768 0.3999999999999999
      vertex 9.903044240176678 4.36972460001707 0
      vertex 9.9 4.300000002980232 0
    endloop
  endfacet
  facet normal -0.7067700386473316 0.030858257640487736 -0.7067700336077093
    outer loop
      vertex 9.504566363990307 4.404586888849735 0.3999999999999999
      vertex 9.903044240176678 4.36972460001707 0
      vertex 9.5 4.299999997019768 0.3999999999999999
    endloop
  endfacet
  facet normal -0.9990482208837145 0.0436194033554438 0
    outer loop
      vertex 9.504566363990307 4.404586888849735 4
      vertex 9.504566363990307 4.404586888849735 0.3999999999999999
      vertex 9.5 4.299999997019768 0.3999999999999999
    endloop
  endfacet
  facet normal -0.7013910911978204 0.09233989994332917 -0.7067700333678463
    outer loop
      vertex 9.518230699002743 4.508377812802792 0.3999999999999999
      vertex 9.912153796851635 4.438918544352054 0
      vertex 9.903044240176678 4.36972460001707 0
    endloop
  endfacet
  facet normal 0 0 -1
    outer loop
      vertex 9.927259334921837 4.507055236399173 0
      vertex 9.9 4.300000002980232 0
      vertex 9.903044240176678 4.36972460001707 0
    endloop
  endfacet
  facet normal 0 0 -1
    outer loop
      vertex 9.927259334921837 4.507055236399173 0
      vertex 9.903044240176678 4.36972460001707 0
      vertex 9.912153796851635 4.438918544352054 0
    endloop
  endfacet
  facet normal -0.6906741420935238 0.15311874166539996 -0.7067700335994582
    outer loop
      vertex 9.518230699002743 4.508377812802792 0.3999999999999999
      vertex 9.927259334921837 4.507055236399173 0
      vertex 9.912153796851635 4.438918544352054 0
    endloop
  endfacet
  facet normal -0.7013910927661418 0.0923398935212278 -0.7067700326505121
    outer loop
      vertex 9.518230699002743 4.508377812802792 0.3999999999999999
      vertex 9.903044240176678 4.36972460001707 0
      vertex 9.504566363990307 4.404586888849735 0.3999999999999999
    endloop
  endfacet
  facet normal -0.6747007353461444 0.21273232280201546 -0.7067700308860237
    outer loop
      vertex 9.540889009833336 4.61058285087347 0.3999999999999999
      vertex 9.948245899379254 4.573616115748882 0
      vertex 9.927259334921837 4.507055236399173 0
    endloop
  endfacet
  facet normal -0.6535924589758249 0.27072684564474775 -0.706770028097669
    outer loop
      vertex 9.572368860244751 4.710424169898033 0.3999999999999999
      vertex 9.974953764677048 4.6380946099758145 0
      vertex 9.948245899379254 4.573616115748882 0
    endloop
  endfacet
  facet normal -0.690674139390557 0.1531187662406759 -0.7067700309167378
    outer loop
      vertex 9.540889009833336 4.61058285087347 0.3999999999999999
      vertex 9.927259334921837 4.507055236399173 0
      vertex 9.518230699002743 4.508377812802792 0.3999999999999999
    endloop
  endfacet
  facet normal -0.6747007306233969 0.21273234648744674 -0.706770028265347
    outer loop
      vertex 9.572368860244751 4.710424169898033 0.3999999999999999
      vertex 9.948245899379254 4.573616115748882 0
      vertex 9.540889009833336 4.61058285087347 0.3999999999999999
    endloop
  endfacet
  facet normal 0 0 -1
    outer loop
      vertex 9.927259334921837 4.507055236399173 0
      vertex 10.044678361713887 4.758861152827739 0
      vertex 9.9 4.300000002980232 0
    endloop
  endfacet
  facet normal 0 0 -1
    outer loop
      vertex 9.927259334921837 4.507055236399173 0
      vertex 9.948245899379254 4.573616115748882 0
      vertex 9.974953764677048 4.6380946099758145 0
    endloop
  endfacet
  facet normal 0 0 -1
    outer loop
      vertex 9.927259334921837 4.507055236399173 0
      vertex 9.974953764677048 4.6380946099758145 0
      vertex 10.044678361713887 4.758861152827739 0
    endloop
  endfacet
  facet normal -0.6275099345816008 0.32666099355690226 -0.7067700314032936
    outer loop
      vertex 9.660769514739513 4.899999998509884 0.3999999999999999
      vertex 10.007179671525956 4.700000001490116 0
      vertex 9.974953764677048 4.6380946099758145 0
    endloop
  endfacet
  facet normal -0.5966516820815256 0.3801090544109357 -0.7067700312153243
    outer loop
      vertex 9.660769514739513 4.899999998509884 0.3999999999999999
      vertex 10.044678361713887 4.758861152827739 0
      vertex 10.007179671525956 4.700000001490116 0
    endloop
  endfacet
  facet normal -0.6535924497023684 0.27072687740568857 -0.7067700245074222
    outer loop
      vertex 9.572368860244751 4.710424169898033 0.3999999999999999
      vertex 9.612430661916733 4.807141907513142 0.3999999999999999
      vertex 9.974953764677048 4.6380946099758145 0
    endloop
  endfacet
  facet normal -0.6275099660150817 0.3266609464661004 -0.7067700252597181
    outer loop
      vertex 9.660769514739513 4.899999998509884 0.3999999999999999
      vertex 9.974953764677048 4.6380946099758145 0
      vertex 9.612430661916733 4.807141907513142 0.3999999999999999
    endloop
  endfacet
  facet normal -0.5966516794894684 0.3801090596609668 -0.7067700305799987
    outer loop
      vertex 9.71701754629612 4.988291718065739 0.3999999999999999
      vertex 10.044678361713887 4.758861152827739 0
      vertex 9.660769514739513 4.899999998509884 0.3999999999999999
    endloop
  endfacet
  facet normal 0 0 -1
    outer loop
      vertex 10.044678361713887 4.758861152827739 0
      vertex 9.974953764677048 4.6380946099758145 0
      vertex 10.007179671525956 4.700000001490116 0
    endloop
  endfacet
  facet normal -0.5612525674575273 0.4306642315186585 -0.7067700299339079
    outer loop
      vertex 9.71701754629612 4.988291718065739 0.3999999999999999
      vertex 10.087164440751076 4.814230090379715 0
      vertex 10.044678361713887 4.758861152827739 0
    endloop
  endfacet
  facet normal 0 0 -1
    outer loop
      vertex 10.044678361713887 4.758861152827739 0
      vertex 10.087164440751076 4.814230090379715 0
      vertex 10.185769909620285 4.912835559248924 0
    endloop
  endfacet
  facet normal 0 0 -1
    outer loop
      vertex 10.087164440751076 4.814230090379715 0
      vertex 10.13431457579136 4.865685424208641 0
      vertex 10.185769909620285 4.912835559248924 0
    endloop
  endfacet
  facet normal 0 0 -1
    outer loop
      vertex 10.299999998509884 4.9928203284740444 0
      vertex 10.044678361713887 4.758861152827739 0
      vertex 10.185769909620285 4.912835559248924 0
    endloop
  endfacet
  facet normal -0.5612525650306374 0.43066423551386973 -0.7067700294266759
    outer loop
      vertex 9.71701754629612 4.988291718065739 0.3999999999999999
      vertex 9.780746668577194 5.071345128118992 0.3999999999999999
      vertex 10.087164440751076 4.814230090379715 0
    endloop
  endfacet
  facet normal -0.5215819703612357 0.4779418097681438 -0.7067700295496709
    outer loop
      vertex 9.780746668577194 5.071345128118992 0.3999999999999999
      vertex 9.851471863687038 5.148528136312962 0.3999999999999999
      vertex 10.087164440751076 4.814230090379715 0
    endloop
  endfacet
  facet normal -0.5215819165828207 0.4779418569746941 -0.7067700373143817
    outer loop
      vertex 9.851471863687038 5.148528136312962 0.3999999999999999
      vertex 10.13431457579136 4.865685424208641 0
      vertex 10.087164440751076 4.814230090379715 0
    endloop
  endfacet
  facet normal -0.4779418569746941 0.5215819165828207 -0.7067700373143817
    outer loop
      vertex 9.851471863687038 5.148528136312962 0.3999999999999999
      vertex 10.185769909620285 4.912835559248924 0
      vertex 10.13431457579136 4.865685424208641 0
    endloop
  endfacet
  facet normal 0 0 -1
    outer loop
      vertex 10.24113884717226 4.955321638286113 0
      vertex 10.299999998509884 4.9928203284740444 0
      vertex 10.185769909620285 4.912835559248924 0
    endloop
  endfacet
  facet normal -0.4306642315186585 0.5612525674575273 -0.7067700299339079
    outer loop
      vertex 10.011708281934261 5.28298245370388 0.3999999999999999
      vertex 10.24113884717226 4.955321638286113 0
      vertex 10.185769909620285 4.912835559248924 0
    endloop
  endfacet
  facet normal -0.3801090544109357 0.5966516820815256 -0.7067700312153243
    outer loop
      vertex 10.100000001490116 5.339230485260487 0.3999999999999999
      vertex 10.299999998509884 4.9928203284740444 0
      vertex 10.24113884717226 4.955321638286113 0
    endloop
  endfacet
  facet normal -0.4779418097681438 0.5215819703612357 -0.7067700295496709
    outer loop
      vertex 9.928654871881008 5.219253331422806 0.3999999999999999
      vertex 10.185769909620285 4.912835559248924 0
      vertex 9.851471863687038 5.148528136312962 0.3999999999999999
    endloop
  endfacet
  facet normal -0.4306642355138698 0.5612525650306375 -0.7067700294266759
    outer loop
      vertex 9.928654871881008 5.219253331422806 0.3999999999999999
      vertex 10.011708281934261 5.28298245370388 0.3999999999999999
      vertex 10.185769909620285 4.912835559248924 0
    endloop
  endfacet
  facet normal -0.3801090596609668 0.5966516794894684 -0.7067700305799987
    outer loop
      vertex 10.011708281934261 5.28298245370388 0.3999999999999999
      vertex 10.100000001490116 5.339230485260487 0.3999999999999999
      vertex 10.24113884717226 4.955321638286113 0
    endloop
  endfacet
  facet normal -0.3266609464661004 0.6275099660150817 -0.7067700252597181
    outer loop
      vertex 10.100000001490116 5.339230485260487 0.3999999999999999
      vertex 10.192858092486858 5.387569338083267 0.3999999999999999
      vertex 10.361905390024186 5.025046235322952 0
    endloop
  endfacet
  facet normal 0 0 -1
    outer loop
      vertex 10.299999998509884 4.9928203284740444 0
      vertex 10.63027539998293 5.096955759823322 0
      vertex 10.044678361713887 4.758861152827739 0
    endloop
  endfacet
  facet normal 0 0 -1
    outer loop
      vertex 10.299999998509884 4.9928203284740444 0
      vertex 10.361905390024186 5.025046235322952 0
      vertex 10.492944763600827 5.072740665078163 0
    endloop
  endfacet
  facet normal 0 0 -1
    outer loop
      vertex 10.361905390024186 5.025046235322952 0
      vertex 10.426383884251118 5.051754100620746 0
      vertex 10.492944763600827 5.072740665078163 0
    endloop
  endfacet
  facet normal 0 0 -1
    outer loop
      vertex 10.299999998509884 4.9928203284740444 0
      vertex 10.492944763600827 5.072740665078163 0
      vertex 10.63027539998293 5.096955759823322 0
    endloop
  endfacet
  facet normal -0.32666099355690226 0.6275099345816008 -0.7067700314032936
    outer loop
      vertex 10.100000001490116 5.339230485260487 0.3999999999999999
      vertex 10.361905390024186 5.025046235322952 0
      vertex 10.299999998509884 4.9928203284740444 0
    endloop
  endfacet
  facet normal -0.27072684564474775 0.6535924589758249 -0.706770028097669
    outer loop
      vertex 10.289575830101967 5.427631139755249 0.3999999999999999
      vertex 10.426383884251118 5.051754100620746 0
      vertex 10.361905390024186 5.025046235322952 0
    endloop
  endfacet
  facet normal 0 0 -1
    outer loop
      vertex 10.561081455647946 5.087846203148365 0
      vertex 10.63027539998293 5.096955759823322 0
      vertex 10.492944763600827 5.072740665078163 0
    endloop
  endfacet
  facet normal -0.21273232280201546 0.6747007353461444 -0.7067700308860237
    outer loop
      vertex 10.38941714912653 5.459110990166664 0.3999999999999999
      vertex 10.492944763600827 5.072740665078163 0
      vertex 10.426383884251118 5.051754100620746 0
    endloop
  endfacet
  facet normal -0.15311874166539996 0.6906741420935238 -0.7067700335994582
    outer loop
      vertex 10.491622187197208 5.481769300997257 0.3999999999999999
      vertex 10.561081455647946 5.087846203148365 0
      vertex 10.492944763600827 5.072740665078163 0
    endloop
  endfacet
  facet normal -0.09233989994332917 0.7013910911978204 -0.7067700333678463
    outer loop
      vertex 10.491622187197208 5.481769300997257 0.3999999999999999
      vertex 10.63027539998293 5.096955759823322 0
      vertex 10.561081455647946 5.087846203148365 0
    endloop
  endfacet
  facet normal -0.27072687740568857 0.6535924497023684 -0.7067700245074222
    outer loop
      vertex 10.192858092486858 5.387569338083267 0.3999999999999999
      vertex 10.289575830101967 5.427631139755249 0.3999999999999999
      vertex 10.361905390024186 5.025046235322952 0
    endloop
  endfacet
  facet normal -0.21273234648744674 0.6747007306233969 -0.706770028265347
    outer loop
      vertex 10.289575830101967 5.427631139755249 0.3999999999999999
      vertex 10.38941714912653 5.459110990166664 0.3999999999999999
      vertex 10.426383884251118 5.051754100620746 0
    endloop
  endfacet
  facet normal -0.1531187662406759 0.690674139390557 -0.7067700309167378
    outer loop
      vertex 10.38941714912653 5.459110990166664 0.3999999999999999
      vertex 10.491622187197208 5.481769300997257 0.3999999999999999
      vertex 10.492944763600827 5.072740665078163 0
    endloop
  endfacet
  facet normal -0.030858231291971853 0.7067700369326324 -0.7067700364728097
    outer loop
      vertex 10.700000002980232 5.5 0.3999999999999999
      vertex 10.699999997019768 5.1 0
      vertex 10.63027539998293 5.096955759823322 0
    endloop
  endfacet
  facet normal -0.0923398935212278 0.7013910927661418 -0.7067700326505121
    outer loop
      vertex 10.491622187197208 5.481769300997257 0.3999999999999999
      vertex 10.595413111150265 5.495433636009693 0.3999999999999999
      vertex 10.63027539998293 5.096955759823322 0
    endloop
  endfacet
  facet normal -0.030858257640487736 0.7067700386473316 -0.7067700336077093
    outer loop
      vertex 10.595413111150265 5.495433636009693 0.3999999999999999
      vertex 10.700000002980232 5.5 0.3999999999999999
      vertex 10.63027539998293 5.096955759823322 0
    endloop
  endfacet
  facet normal -0.9914448605738744 0.13052619829616904 0
    outer loop
      vertex 9.504566363990307 4.404586888849735 4
      vertex 9.518230699002743 4.508377812802792 0.3999999999999999
      vertex 9.504566363990307 4.404586888849735 0.3999999999999999
    endloop
  endfacet
  facet normal -0.9762960083409099 0.21643960843063323 0
    outer loop
      vertex 9.540889009833336 4.61058285087347 4
      vertex 9.540889009833336 4.61058285087347 0.3999999999999999
      vertex 9.518230699002743 4.508377812802792 0.3999999999999999
    endloop
  endfacet
  facet normal -0.9537169413164462 0.3007058294180578 0
    outer loop
      vertex 9.572368860244751 4.710424169898033 4
      vertex 9.572368860244751 4.710424169898033 0.3999999999999999
      vertex 9.540889009833336 4.61058285087347 0.3999999999999999
    endloop
  endfacet
  facet normal -0.9238795222790008 0.38268345706801216 0
    outer loop
      vertex 9.612430661916733 4.807141907513142 4
      vertex 9.612430661916733 4.807141907513142 0.3999999999999999
      vertex 9.572368860244751 4.710424169898033 0.3999999999999999
    endloop
  endfacet
  facet normal -0.8870108712351883 0.4617485401282741 0
    outer loop
      vertex 9.612430661916733 4.807141907513142 4
      vertex 9.660769514739513 4.899999998509884 0.3999999999999999
      vertex 9.612430661916733 4.807141907513142 0.3999999999999999
    endloop
  endfacet
  facet normal -0.8433914339003048 0.5372996270458298 0
    outer loop
      vertex 9.71701754629612 4.988291718065739 4
      vertex 9.71701754629612 4.988291718065739 0.3999999999999999
      vertex 9.660769514739513 4.899999998509884 0.3999999999999999
    endloop
  endfacet
  facet normal -0.7933533435043424 0.6087614248213178 0
    outer loop
      vertex 9.71701754629612 4.988291718065739 4
      vertex 9.780746668577194 5.071345128118992 0.3999999999999999
      vertex 9.71701754629612 4.988291718065739 0.3999999999999999
    endloop
  endfacet
  facet normal -0.7372773434843095 0.6755902003320648 0
    outer loop
      vertex 9.851471863687038 5.148528136312962 4
      vertex 9.851471863687038 5.148528136312962 0.3999999999999999
      vertex 9.780746668577194 5.071345128118992 0.3999999999999999
    endloop
  endfacet
  facet normal -0.6755902003320648 0.7372773434843095 0
    outer loop
      vertex 9.851471863687038 5.148528136312962 4
      vertex 9.928654871881008 5.219253331422806 0.3999999999999999
      vertex 9.851471863687038 5.148528136312962 0.3999999999999999
    endloop
  endfacet
  facet normal -0.6087614248213178 0.7933533435043424 0
    outer loop
      vertex 10.011708281934261 5.28298245370388 4
      vertex 10.011708281934261 5.28298245370388 0.3999999999999999
      vertex 9.928654871881008 5.219253331422806 0.3999999999999999
    endloop
  endfacet
  facet normal -0.5372996270458298 0.8433914339003048 0
    outer loop
      vertex 10.100000001490116 5.339230485260487 4
      vertex 10.100000001490116 5.339230485260487 0.3999999999999999
      vertex 10.011708281934261 5.28298245370388 0.3999999999999999
    endloop
  endfacet
  facet normal -0.4617485401282741 0.8870108712351883 0
    outer loop
      vertex 10.192858092486858 5.387569338083267 4
      vertex 10.192858092486858 5.387569338083267 0.3999999999999999
      vertex 10.100000001490116 5.339230485260487 0.3999999999999999
    endloop
  endfacet
  facet normal -0.38268345706801216 0.9238795222790008 0
    outer loop
      vertex 10.192858092486858 5.387569338083267 4
      vertex 10.289575830101967 5.427631139755249 0.3999999999999999
      vertex 10.192858092486858 5.387569338083267 0.3999999999999999
    endloop
  endfacet
  facet normal -0.3007058294180578 0.9537169413164462 0
    outer loop
      vertex 10.38941714912653 5.459110990166664 4
      vertex 10.38941714912653 5.459110990166664 0.3999999999999999
      vertex 10.289575830101967 5.427631139755249 0.3999999999999999
    endloop
  endfacet
  facet normal -0.21643960843063323 0.9762960083409099 0
    outer loop
      vertex 10.38941714912653 5.459110990166664 4
      vertex 10.491622187197208 5.481769300997257 0.3999999999999999
      vertex 10.38941714912653 5.459110990166664 0.3999999999999999
    endloop
  endfacet
  facet normal -0.13052619829616904 0.9914448605738744 0
    outer loop
      vertex 10.491622187197208 5.481769300997257 4
      vertex 10.595413111150265 5.495433636009693 0.3999999999999999
      vertex 10.491622187197208 5.481769300997257 0.3999999999999999
    endloop
  endfacet
  facet normal -0.0436194033554438 0.9990482208837145 0
    outer loop
      vertex 10.700000002980232 5.5 4
      vertex 10.700000002980232 5.5 0.3999999999999999
      vertex 10.595413111150265 5.495433636009693 0.3999999999999999
    endloop
  endfacet
  facet normal -0.9990482208837145 0.0436194033554438 0
    outer loop
      vertex 9.504566363990307 4.404586888849735 4
      vertex 9.5 4.299999997019768 0.3999999999999999
      vertex 9.5 4.299999997019768 4
    endloop
  endfacet
  facet normal -0.9914448605738744 0.13052619829616904 0
    outer loop
      vertex 9.518230699002743 4.508377812802792 4
      vertex 9.518230699002743 4.508377812802792 0.3999999999999999
      vertex 9.504566363990307 4.404586888849735 4
    endloop
  endfacet
  facet normal -0.9762960083409099 0.21643960843063323 0
    outer loop
      vertex 9.540889009833336 4.61058285087347 4
      vertex 9.518230699002743 4.508377812802792 0.3999999999999999
      vertex 9.518230699002743 4.508377812802792 4
    endloop
  endfacet
  facet normal -0.9537169413164462 0.3007058294180578 0
    outer loop
      vertex 9.572368860244751 4.710424169898033 4
      vertex 9.540889009833336 4.61058285087347 0.3999999999999999
      vertex 9.540889009833336 4.61058285087347 4
    endloop
  endfacet
  facet normal -0.9238795222790008 0.38268345706801216 0
    outer loop
      vertex 9.572368860244751 4.710424169898033 4
      vertex 9.612430661916733 4.807141907513142 4
      vertex 9.572368860244751 4.710424169898033 0.3999999999999999
    endloop
  endfacet
  facet normal -0.8870108712351883 0.4617485401282741 0
    outer loop
      vertex 9.660769514739513 4.899999998509884 4
      vertex 9.660769514739513 4.899999998509884 0.3999999999999999
      vertex 9.612430661916733 4.807141907513142 4
    endloop
  endfacet
  facet normal -0.8433914339003048 0.5372996270458298 0
    outer loop
      vertex 9.71701754629612 4.988291718065739 4
      vertex 9.660769514739513 4.899999998509884 0.3999999999999999
      vertex 9.660769514739513 4.899999998509884 4
    endloop
  endfacet
  facet normal 0 0 1
    outer loop
      vertex 9.540889009833336 4.61058285087347 4
      vertex 9.518230699002743 4.508377812802792 4
      vertex 9.504566363990307 4.404586888849735 4
    endloop
  endfacet
  facet normal 0 0 1
    outer loop
      vertex 9.612430661916733 4.807141907513142 4
      vertex 9.540889009833336 4.61058285087347 4
      vertex 9.504566363990307 4.404586888849735 4
    endloop
  endfacet
  facet normal 0 0 1
    outer loop
      vertex 9.572368860244751 4.710424169898033 4
      vertex 9.540889009833336 4.61058285087347 4
      vertex 9.612430661916733 4.807141907513142 4
    endloop
  endfacet
  facet normal 0 0 1
    outer loop
      vertex 9.851471863687038 5.148528136312962 4
      vertex 9.612430661916733 4.807141907513142 4
      vertex 9.504566363990307 4.404586888849735 4
    endloop
  endfacet
  facet normal 0 0 1
    outer loop
      vertex 9.71701754629612 4.988291718065739 4
      vertex 9.660769514739513 4.899999998509884 4
      vertex 9.612430661916733 4.807141907513142 4
    endloop
  endfacet
  facet normal -0.7933533435043424 0.6087614248213178 0
    outer loop
      vertex 9.71701754629612 4.988291718065739 4
      vertex 9.780746668577194 5.071345128118992 4
      vertex 9.780746668577194 5.071345128118992 0.3999999999999999
    endloop
  endfacet
  facet normal -0.7372773434843095 0.6755902003320648 0
    outer loop
      vertex 9.780746668577194 5.071345128118992 4
      vertex 9.851471863687038 5.148528136312962 4
      vertex 9.780746668577194 5.071345128118992 0.3999999999999999
    endloop
  endfacet
  facet normal -0.6755902003320648 0.7372773434843095 0
    outer loop
      vertex 9.928654871881008 5.219253331422806 4
      vertex 9.928654871881008 5.219253331422806 0.3999999999999999
      vertex 9.851471863687038 5.148528136312962 4
    endloop
  endfacet
  facet normal -0.6087614248213178 0.7933533435043424 0
    outer loop
      vertex 9.928654871881008 5.219253331422806 4
      vertex 10.011708281934261 5.28298245370388 4
      vertex 9.928654871881008 5.219253331422806 0.3999999999999999
    endloop
  endfacet
  facet normal -0.5372996270458298 0.8433914339003048 0
    outer loop
      vertex 10.011708281934261 5.28298245370388 4
      vertex 10.100000001490116 5.339230485260487 4
      vertex 10.011708281934261 5.28298245370388 0.3999999999999999
    endloop
  endfacet
  facet normal -0.4617485401282741 0.8870108712351883 0
    outer loop
      vertex 10.100000001490116 5.339230485260487 4
      vertex 10.192858092486858 5.387569338083267 4
      vertex 10.100000001490116 5.339230485260487 0.3999999999999999
    endloop
  endfacet
  facet normal 0 0 1
    outer loop
      vertex 9.71701754629612 4.988291718065739 4
      vertex 9.612430661916733 4.807141907513142 4
      vertex 9.851471863687038 5.148528136312962 4
    endloop
  endfacet
  facet normal 0 0 1
    outer loop
      vertex 9.71701754629612 4.988291718065739 4
      vertex 9.851471863687038 5.148528136312962 4
      vertex 9.780746668577194 5.071345128118992 4
    endloop
  endfacet
  facet normal 0 0 1
    outer loop
      vertex 9.928654871881008 5.219253331422806 4
      vertex 9.851471863687038 5.148528136312962 4
      vertex 10.011708281934261 5.28298245370388 4
    endloop
  endfacet
  facet normal 0 0 1
    outer loop
      vertex 9.851471863687038 5.148528136312962 4
      vertex 10.192858092486858 5.387569338083267 4
      vertex 10.011708281934261 5.28298245370388 4
    endloop
  endfacet
  facet normal 0 0 1
    outer loop
      vertex 10.011708281934261 5.28298245370388 4
      vertex 10.192858092486858 5.387569338083267 4
      vertex 10.100000001490116 5.339230485260487 4
    endloop
  endfacet
  facet normal 0 0 1
    outer loop
      vertex 9.851471863687038 5.148528136312962 4
      vertex 10.595413111150265 5.495433636009693 4
      vertex 10.192858092486858 5.387569338083267 4
    endloop
  endfacet
  facet normal -0.38268345706801216 0.9238795222790008 0
    outer loop
      vertex 10.192858092486858 5.387569338083267 4
      vertex 10.289575830101967 5.427631139755249 4
      vertex 10.289575830101967 5.427631139755249 0.3999999999999999
    endloop
  endfacet
  facet normal -0.3007058294180578 0.9537169413164462 0
    outer loop
      vertex 10.289575830101967 5.427631139755249 4
      vertex 10.38941714912653 5.459110990166664 4
      vertex 10.289575830101967 5.427631139755249 0.3999999999999999
    endloop
  endfacet
  facet normal -0.21643960843063323 0.9762960083409099 0
    outer loop
      vertex 10.38941714912653 5.459110990166664 4
      vertex 10.491622187197208 5.481769300997257 4
      vertex 10.491622187197208 5.481769300997257 0.3999999999999999
    endloop
  endfacet
  facet normal -0.13052619829616904 0.9914448605738744 0
    outer loop
      vertex 10.491622187197208 5.481769300997257 4
      vertex 10.595413111150265 5.495433636009693 4
      vertex 10.595413111150265 5.495433636009693 0.3999999999999999
    endloop
  endfacet
  facet normal -0.0436194033554438 0.9990482208837145 0
    outer loop
      vertex 10.595413111150265 5.495433636009693 4
      vertex 10.700000002980232 5.5 4
      vertex 10.595413111150265 5.495433636009693 0.3999999999999999
    endloop
  endfacet
  facet normal 0 0 1
    outer loop
      vertex 10.192858092486858 5.387569338083267 4
      vertex 10.38941714912653 5.459110990166664 4
      vertex 10.289575830101967 5.427631139755249 4
    endloop
  endfacet
  facet normal 0 0 1
    outer loop
      vertex 10.192858092486858 5.387569338083267 4
      vertex 10.595413111150265 5.495433636009693 4
      vertex 10.38941714912653 5.459110990166664 4
    endloop
  endfacet
  facet normal 0 0 1
    outer loop
      vertex 10.38941714912653 5.459110990166664 4
      vertex 10.595413111150265 5.495433636009693 4
      vertex 10.491622187197208 5.481769300997257 4
    endloop
  endfacet
  facet normal 0 0 -1
    outer loop
      vertex 9.912153796851635 -2.438918547332287 0
      vertex 15.369724602997303 5.096955759823322 0
      vertex 12.090673326026339 0.525 0
    endloop
  endfacet
  facet normal 0 0 -1
    outer loop
      vertex 15.369724602997303 5.096955759823322 0
      vertex 12.257537879754125 0.742462120245875 0
      vertex 12.090673326026339 0.525 0
    endloop
  endfacet
  facet normal 0 0 -1
    outer loop
      vertex 10.044678361713887 4.758861152827739 0
      vertex 15.369724602997303 5.096955759823322 0
      vertex 9.912153796851635 -2.438918547332287 0
    endloop
  endfacet
  facet normal 0 0 -1
    outer loop
      vertex 15.369724602997303 5.096955759823322 0
      vertex 12.475 0.9093266739736605 0
      vertex 12.257537879754125 0.742462120245875 0
    endloop
  endfacet
  facet normal 0 0 -1
    outer loop
      vertex 15.369724602997303 5.096955759823322 0
      vertex 12.728240002642353 1.0142221176035218 0
      vertex 12.475 0.9093266739736605 0
    endloop
  endfacet
  facet normal 0 0 -1
    outer loop
      vertex 15.369724602997303 5.096955759823322 0
      vertex 13 1.05 0
      vertex 12.728240002642353 1.0142221176035218 0
    endloop
  endfacet
  facet normal 0 0 -1
    outer loop
      vertex 15.369724602997303 5.096955759823322 0
      vertex 13.271759997357647 1.0142221176035218 0
      vertex 13 1.05 0
    endloop
  endfacet
  facet normal 0 0 -1
    outer loop
      vertex 15.369724602997303 5.096955759823322 0
      vertex 14.05 0 0
      vertex 14.014222117603522 0.2717599973576468 0
    endloop
  endfacet
  facet normal 0 0 -1
    outer loop
      vertex 15.369724602997303 5.096955759823322 0
      vertex 14.014222117603522 0.2717599973576468 0
      vertex 13.909326673973661 0.525 0
    endloop
  endfacet
  facet normal 0 0 -1
    outer loop
      vertex 15.369724602997303 5.096955759823322 0
      vertex 13.909326673973661 0.525 0
      vertex 13.742462120245875 0.742462120245875 0
    endloop
  endfacet
  facet normal 0 0 -1
    outer loop
      vertex 16.096955762803553 4.36972460001707 0
      vertex 16.10000000298023 4.300000002980232 0
      vertex 16.10000000298023 -2.300000005960465 0
    endloop
  endfacet
  facet normal 0.7071067838207242 0 -0.7071067785523708
    outer loop
      vertex 16.10000000298023 4.300000002980232 0
      vertex 16.5 4.299999997019768 0.3999999999999999
      vertex 16.10000000298023 -2.300000005960465 0
    endloop
  endfacet
  facet normal 1 0 0
    outer loop
      vertex 16.5 4.299999997019768 4
      vertex 16.5 -2.2999999970197678 0.3999999999999999
      vertex 16.5 4.299999997019768 0.3999999999999999
    endloop
  endfacet
  facet normal 0 0 -1
    outer loop
      vertex 15.369724602997303 5.096955759823322 0
      vertex 13.742462120245875 0.742462120245875 0
      vertex 13.525 0.9093266739736605 0
    endloop
  endfacet
  facet normal 0 0 -1
    outer loop
      vertex 15.369724602997303 5.096955759823322 0
      vertex 13.525 0.9093266739736605 0
      vertex 13.271759997357647 1.0142221176035218 0
    endloop
  endfacet
  facet normal 0 0 -1
    outer loop
      vertex 15.369724602997303 5.096955759823322 0
      vertex 16.096955762803553 4.36972460001707 0
      vertex 15.955321641266346 -2.7588611558079723 0
    endloop
  endfacet
  facet normal 0 0 1
    outer loop
      vertex 15.5 3.5 4
      vertex 16.14852813631296 -3.1485281363129616 4
      vertex 16.481769300997257 4.508377812802792 4
    endloop
  endfacet
  facet normal 0 0 1
    outer loop
      vertex 16.481769300997257 4.508377812802792 4
      vertex 16.481769300997257 -2.5083778128027916 4
      vertex 16.5 4.299999997019768 4
    endloop
  endfacet
  facet normal 0 0 -1
    outer loop
      vertex 10.044678361713887 4.758861152827739 0
      vertex 10.63027539998293 5.096955759823322 0
      vertex 15.369724602997303 5.096955759823322 0
    endloop
  endfacet
  facet normal 0 0 -1
    outer loop
      vertex 10.63027539998293 5.096955759823322 0
      vertex 10.699999997019768 5.1 0
      vertex 15.369724602997303 5.096955759823322 0
    endloop
  endfacet
  facet normal 0 0.7071067811865471 -0.7071067811865479
    outer loop
      vertex 10.700000002980232 5.5 0.3999999999999999
      vertex 15.299999997019768 5.5 0.3999999999999999
      vertex 10.699999997019768 5.1 0
    endloop
  endfacet
  facet normal 0 0 -1
    outer loop
      vertex 10.699999997019768 5.1 0
      vertex 15.300000005960465 5.1 0
      vertex 15.369724602997303 5.096955759823322 0
    endloop
  endfacet
  facet normal 0 0.7071067811865472 -0.7071067811865479
    outer loop
      vertex 10.699999997019768 5.1 0
      vertex 15.299999997019768 5.5 0.3999999999999999
      vertex 15.300000005960465 5.1 0
    endloop
  endfacet
  facet normal 0 1 0
    outer loop
      vertex 10.700000002980232 5.5 4
      vertex 15.299999997019768 5.5 0.3999999999999999
      vertex 10.700000002980232 5.5 0.3999999999999999
    endloop
  endfacet
  facet normal 0.7067700395630477 0.03085823140681829 -0.7067700338373798
    outer loop
      vertex 16.096955762803553 4.36972460001707 0
      vertex 16.5 4.299999997019768 0.3999999999999999
      vertex 16.10000000298023 4.300000002980232 0
    endloop
  endfacet
  facet normal 0.7067700412777472 0.0308582577553342 -0.7067700309722795
    outer loop
      vertex 16.495433636009693 4.404586888849735 0.3999999999999999
      vertex 16.5 4.299999997019768 0.3999999999999999
      vertex 16.096955762803553 4.36972460001707 0
    endloop
  endfacet
  facet normal 0.9990482208837145 0.0436194033554438 0
    outer loop
      vertex 16.5 4.299999997019768 4
      vertex 16.5 4.299999997019768 0.3999999999999999
      vertex 16.495433636009693 4.404586888849735 0.3999999999999999
    endloop
  endfacet
  facet normal 0 0 -1
    outer loop
      vertex 15.369724602997303 5.096955759823322 0
      vertex 15.865685427188874 4.865685424208641 0
      vertex 16.096955762803553 4.36972460001707 0
    endloop
  endfacet
  facet normal 0 0 -1
    outer loop
      vertex 15.758861155807972 4.955321638286113 0
      vertex 15.814230093359948 4.912835559248924 0
      vertex 15.865685427188874 4.865685424208641 0
    endloop
  endfacet
  facet normal 0 0 -1
    outer loop
      vertex 16.072740668058394 4.507055236399173 0
      vertex 16.087846206128596 4.438918544352054 0
      vertex 16.096955762803553 4.36972460001707 0
    endloop
  endfacet
  facet normal 0 0 -1
    outer loop
      vertex 16.051754103600977 4.573616115748882 0
      vertex 16.072740668058394 4.507055236399173 0
      vertex 16.096955762803553 4.36972460001707 0
    endloop
  endfacet
  facet normal 0 0 -1
    outer loop
      vertex 15.955321641266346 4.758861152827739 0
      vertex 16.051754103600977 4.573616115748882 0
      vertex 16.096955762803553 4.36972460001707 0
    endloop
  endfacet
  facet normal 0.6535924612253049 0.2707268465765126 -0.7067700256605296
    outer loop
      vertex 16.025046238303183 4.6380946099758145 0
      vertex 16.42763113975525 4.710424169898033 0.3999999999999999
      vertex 16.051754103600977 4.573616115748882 0
    endloop
  endfacet
  facet normal 0.7013910937883503 0.0923399002843786 -0.7067700307524738
    outer loop
      vertex 16.087846206128596 4.438918544352054 0
      vertex 16.481769300997257 4.508377812802792 0.3999999999999999
      vertex 16.096955762803553 4.36972460001707 0
    endloop
  endfacet
  facet normal 0.690674144605494 0.15311874222229016 -0.7067700310240473
    outer loop
      vertex 16.072740668058394 4.507055236399173 0
      vertex 16.481769300997257 4.508377812802792 0.3999999999999999
      vertex 16.087846206128596 4.438918544352054 0
    endloop
  endfacet
  facet normal 0.7013910953566714 0.09233989386227753 -0.7067700300351394
    outer loop
      vertex 16.481769300997257 4.508377812802792 0.3999999999999999
      vertex 16.495433636009693 4.404586888849735 0.3999999999999999
      vertex 16.096955762803553 4.36972460001707 0
    endloop
  endfacet
  facet normal 0.6747007377432683 0.21273232355782556 -0.7067700283701752
    outer loop
      vertex 16.051754103600977 4.573616115748882 0
      vertex 16.459110990166664 4.61058285087347 0.3999999999999999
      vertex 16.072740668058394 4.507055236399173 0
    endloop
  endfacet
  facet normal 0.6906741419025272 0.15311876679756606 -0.7067700283413271
    outer loop
      vertex 16.072740668058394 4.507055236399173 0
      vertex 16.459110990166664 4.61058285087347 0.3999999999999999
      vertex 16.481769300997257 4.508377812802792 0.3999999999999999
    endloop
  endfacet
  facet normal 0.6747007330205206 0.21273234724325682 -0.7067700257494984
    outer loop
      vertex 16.051754103600977 4.573616115748882 0
      vertex 16.42763113975525 4.710424169898033 0.3999999999999999
      vertex 16.459110990166664 4.61058285087347 0.3999999999999999
    endloop
  endfacet
  facet normal 0 0 -1
    outer loop
      vertex 15.865685427188874 4.865685424208641 0
      vertex 15.955321641266346 4.758861152827739 0
      vertex 16.096955762803553 4.36972460001707 0
    endloop
  endfacet
  facet normal 0 0 -1
    outer loop
      vertex 15.955321641266346 4.758861152827739 0
      vertex 16.025046238303183 4.6380946099758145 0
      vertex 16.051754103600977 4.573616115748882 0
    endloop
  endfacet
  facet normal 0 0 -1
    outer loop
      vertex 15.955321641266346 4.758861152827739 0
      vertex 15.992820331454277 4.700000001490116 0
      vertex 16.025046238303183 4.6380946099758145 0
    endloop
  endfacet
  facet normal 0.596651683956132 0.38010905560519137 -0.7067700289905066
    outer loop
      vertex 15.955321641266346 4.758861152827739 0
      vertex 16.339230485260487 4.899999998509884 0.3999999999999999
      vertex 15.992820331454277 4.700000001490116 0
    endloop
  endfacet
  facet normal 0.6275099366551349 0.3266609946362977 -0.7067700290634099
    outer loop
      vertex 15.992820331454277 4.700000001490116 0
      vertex 16.339230485260487 4.899999998509884 0.3999999999999999
      vertex 16.025046238303183 4.6380946099758145 0
    endloop
  endfacet
  facet normal 0 0 -1
    outer loop
      vertex 15.865685427188874 4.865685424208641 0
      vertex 15.912835562229157 4.814230090379715 0
      vertex 15.955321641266346 4.758861152827739 0
    endloop
  endfacet
  facet normal 0.5612525691162928 0.4306642327914743 -0.7067700278410876
    outer loop
      vertex 15.912835562229157 4.814230090379715 0
      vertex 16.28298245370388 4.988291718065739 0.3999999999999999
      vertex 15.955321641266346 4.758861152827739 0
    endloop
  endfacet
  facet normal 0.6535924519518485 0.2707268783374536 -0.7067700220702829
    outer loop
      vertex 16.025046238303183 4.6380946099758145 0
      vertex 16.387569338083267 4.807141907513142 0.3999999999999999
      vertex 16.42763113975525 4.710424169898033 0.3999999999999999
    endloop
  endfacet
  facet normal 0.627509968088607 0.32666094754550923 -0.706770022919836
    outer loop
      vertex 16.025046238303183 4.6380946099758145 0
      vertex 16.339230485260487 4.899999998509884 0.3999999999999999
      vertex 16.387569338083267 4.807141907513142 0.3999999999999999
    endloop
  endfacet
  facet normal 0.5966516813640748 0.380109060855223 -0.7067700283551808
    outer loop
      vertex 15.955321641266346 4.758861152827739 0
      vertex 16.28298245370388 4.988291718065739 0.3999999999999999
      vertex 16.339230485260487 4.899999998509884 0.3999999999999999
    endloop
  endfacet
  facet normal 0 0 -1
    outer loop
      vertex 15.369724602997303 5.096955759823322 0
      vertex 15.507055239379406 5.072740665078163 0
      vertex 15.573616118729115 5.051754100620746 0
    endloop
  endfacet
  facet normal 0 0 -1
    outer loop
      vertex 15.369724602997303 5.096955759823322 0
      vertex 15.438918547332287 5.087846203148365 0
      vertex 15.507055239379406 5.072740665078163 0
    endloop
  endfacet
  facet normal 0.15311874178885923 0.6906741426504145 -0.7067700330285033
    outer loop
      vertex 15.508377812802792 5.481769300997257 0.3999999999999999
      vertex 15.507055239379406 5.072740665078163 0
      vertex 15.438918547332287 5.087846203148365 0
    endloop
  endfacet
  facet normal 0 0 -1
    outer loop
      vertex 15.369724602997303 5.096955759823322 0
      vertex 15.758861155807972 4.955321638286113 0
      vertex 15.865685427188874 4.865685424208641 0
    endloop
  endfacet
  facet normal 0 0 -1
    outer loop
      vertex 15.573616118729115 5.051754100620746 0
      vertex 15.700000004470349 4.9928203284740444 0
      vertex 15.758861155807972 4.955321638286113 0
    endloop
  endfacet
  facet normal 0 0 -1
    outer loop
      vertex 15.369724602997303 5.096955759823322 0
      vertex 15.573616118729115 5.051754100620746 0
      vertex 15.758861155807972 4.955321638286113 0
    endloop
  endfacet
  facet normal 0 0 -1
    outer loop
      vertex 15.573616118729115 5.051754100620746 0
      vertex 15.638094612956047 5.025046235322952 0
      vertex 15.700000004470349 4.9928203284740444 0
    endloop
  endfacet
  facet normal 0.4306642324953245 0.5612525687303429 -0.7067700283280305
    outer loop
      vertex 15.758861155807972 4.955321638286113 0
      vertex 15.988291718065739 5.28298245370388 0.3999999999999999
      vertex 15.814230093359948 4.912835559248924 0
    endloop
  endfacet
  facet normal 0.2127323230403216 0.6747007361019551 -0.7067700300927794
    outer loop
      vertex 15.61058285087347 5.459110990166664 0.3999999999999999
      vertex 15.573616118729115 5.051754100620746 0
      vertex 15.507055239379406 5.072740665078163 0
    endloop
  endfacet
  facet normal 0.27072684603069747 0.6535924599075905 -0.7067700270881723
    outer loop
      vertex 15.573616118729115 5.051754100620746 0
      vertex 15.710424169898033 5.427631139755249 0.3999999999999999
      vertex 15.638094612956047 5.025046235322952 0
    endloop
  endfacet
  facet normal 0.3801090551717604 0.5966516832757817 -0.7067700297979591
    outer loop
      vertex 15.700000004470349 4.9928203284740444 0
      vertex 15.899999998509884 5.339230485260487 0.3999999999999999
      vertex 15.758861155807972 4.955321638286113 0
    endloop
  endfacet
  facet normal 0.3266609941188073 0.6275099356610103 -0.7067700301852274
    outer loop
      vertex 15.638094612956047 5.025046235322952 0
      vertex 15.899999998509884 5.339230485260487 0.3999999999999999
      vertex 15.700000004470349 4.9928203284740444 0
    endloop
  endfacet
  facet normal 0.030858231296986033 0.7067700370474789 -0.7067700363577444
    outer loop
      vertex 15.299999997019768 5.5 0.3999999999999999
      vertex 15.369724602997303 5.096955759823322 0
      vertex 15.300000005960465 5.1 0
    endloop
  endfacet
  facet normal 0.09233989998822895 0.7013910915388705 -0.7067700330235258
    outer loop
      vertex 15.369724602997303 5.096955759823322 0
      vertex 15.508377812802792 5.481769300997257 0.3999999999999999
      vertex 15.438918547332287 5.087846203148365 0
    endloop
  endfacet
  facet normal 0.09233989356612789 0.7013910931071916 -0.7067700323061915
    outer loop
      vertex 15.404586888849735 5.495433636009693 0.3999999999999999
      vertex 15.508377812802792 5.481769300997257 0.3999999999999999
      vertex 15.369724602997303 5.096955759823322 0
    endloop
  endfacet
  facet normal 0.1531187663641356 0.6906741399474478 -0.7067700303457828
    outer loop
      vertex 15.508377812802792 5.481769300997257 0.3999999999999999
      vertex 15.61058285087347 5.459110990166664 0.3999999999999999
      vertex 15.507055239379406 5.072740665078163 0
    endloop
  endfacet
  facet normal 0.030858257645502044 0.7067700387621781 -0.7067700334926439
    outer loop
      vertex 15.299999997019768 5.5 0.3999999999999999
      vertex 15.404586888849735 5.495433636009693 0.3999999999999999
      vertex 15.369724602997303 5.096955759823322 0
    endloop
  endfacet
  facet normal 0.2707268777916386 0.6535924506341342 -0.7067700234979255
    outer loop
      vertex 15.710424169898033 5.427631139755249 0.3999999999999999
      vertex 15.807141907513142 5.387569338083267 0.3999999999999999
      vertex 15.638094612956047 5.025046235322952 0
    endloop
  endfacet
  facet normal 0.21273234672575297 0.6747007313792076 -0.7067700274721025
    outer loop
      vertex 15.61058285087347 5.459110990166664 0.3999999999999999
      vertex 15.710424169898033 5.427631139755249 0.3999999999999999
      vertex 15.573616118729115 5.051754100620746 0
    endloop
  endfacet
  facet normal 0.3266609470280052 0.627509967094491 -0.7067700240416522
    outer loop
      vertex 15.807141907513142 5.387569338083267 0.3999999999999999
      vertex 15.899999998509884 5.339230485260487 0.3999999999999999
      vertex 15.638094612956047 5.025046235322952 0
    endloop
  endfacet
  facet normal 0.47794185817756357 0.5215819178955222 -0.7067700355322136
    outer loop
      vertex 15.814230093359948 4.912835559248924 0
      vertex 16.14852813631296 5.148528136312962 0.3999999999999999
      vertex 15.865685427188874 4.865685424208641 0
    endloop
  endfacet
  facet normal 0.5215819180153828 0.47794185828739555 -0.706770035369487
    outer loop
      vertex 15.865685427188874 4.865685424208641 0
      vertex 16.14852813631296 5.148528136312962 0.3999999999999999
      vertex 15.912835562229157 4.814230090379715 0
    endloop
  endfacet
  facet normal 0.561252566689403 0.4306642367866855 -0.7067700273338556
    outer loop
      vertex 15.912835562229157 4.814230090379715 0
      vertex 16.219253331422806 5.071345128118992 0.3999999999999999
      vertex 16.28298245370388 4.988291718065739 0.3999999999999999
    endloop
  endfacet
  facet normal 0.5215819717937978 0.47794181108084516 -0.7067700276047759
    outer loop
      vertex 15.912835562229157 4.814230090379715 0
      vertex 16.14852813631296 5.148528136312962 0.3999999999999999
      vertex 16.219253331422806 5.071345128118992 0.3999999999999999
    endloop
  endfacet
  facet normal 0.477941810971013 0.5215819716739369 -0.7067700277675029
    outer loop
      vertex 15.814230093359948 4.912835559248924 0
      vertex 16.071345128118992 5.219253331422806 0.3999999999999999
      vertex 16.14852813631296 5.148528136312962 0.3999999999999999
    endloop
  endfacet
  facet normal 0.43066423649053553 0.561252566303453 -0.7067700278207985
    outer loop
      vertex 15.988291718065739 5.28298245370388 0.3999999999999999
      vertex 16.071345128118992 5.219253331422806 0.3999999999999999
      vertex 15.814230093359948 4.912835559248924 0
    endloop
  endfacet
  facet normal 0.3801090604217917 0.5966516806837244 -0.7067700291626333
    outer loop
      vertex 15.758861155807972 4.955321638286113 0
      vertex 15.899999998509884 5.339230485260487 0.3999999999999999
      vertex 15.988291718065739 5.28298245370388 0.3999999999999999
    endloop
  endfacet
  facet normal 0.9914448605738744 0.13052619829616904 0
    outer loop
      vertex 16.481769300997257 4.508377812802792 4
      vertex 16.495433636009693 4.404586888849735 0.3999999999999999
      vertex 16.481769300997257 4.508377812802792 0.3999999999999999
    endloop
  endfacet
  facet normal 0.9762960083409099 0.21643960843063323 0
    outer loop
      vertex 16.481769300997257 4.508377812802792 4
      vertex 16.481769300997257 4.508377812802792 0.3999999999999999
      vertex 16.459110990166664 4.61058285087347 0.3999999999999999
    endloop
  endfacet
  facet normal 0.9537169413164462 0.3007058294180578 0
    outer loop
      vertex 16.42763113975525 4.710424169898033 4
      vertex 16.459110990166664 4.61058285087347 0.3999999999999999
      vertex 16.42763113975525 4.710424169898033 0.3999999999999999
    endloop
  endfacet
  facet normal 0.9238795222790008 0.38268345706801216 0
    outer loop
      vertex 16.42763113975525 4.710424169898033 4
      vertex 16.42763113975525 4.710424169898033 0.3999999999999999
      vertex 16.387569338083267 4.807141907513142 0.3999999999999999
    endloop
  endfacet
  facet normal 0.8870108712351883 0.4617485401282741 0
    outer loop
      vertex 16.339230485260487 4.899999998509884 4
      vertex 16.387569338083267 4.807141907513142 0.3999999999999999
      vertex 16.339230485260487 4.899999998509884 0.3999999999999999
    endloop
  endfacet
  facet normal 0.0436194033554438 0.9990482208837145 0
    outer loop
      vertex 15.404586888849735 5.495433636009693 4
      vertex 15.404586888849735 5.495433636009693 0.3999999999999999
      vertex 15.299999997019768 5.5 0.3999999999999999
    endloop
  endfacet
  facet normal 0.13052619829616904 0.9914448605738744 0
    outer loop
      vertex 15.508377812802792 5.481769300997257 4
      vertex 15.508377812802792 5.481769300997257 0.3999999999999999
      vertex 15.404586888849735 5.495433636009693 0.3999999999999999
    endloop
  endfacet
  facet normal 0.21643960843063323 0.9762960083409099 0
    outer loop
      vertex 15.508377812802792 5.481769300997257 4
      vertex 15.61058285087347 5.459110990166664 0.3999999999999999
      vertex 15.508377812802792 5.481769300997257 0.3999999999999999
    endloop
  endfacet
  facet normal 0.4617485401282741 0.8870108712351883 0
    outer loop
      vertex 15.899999998509884 5.339230485260487 4
      vertex 15.899999998509884 5.339230485260487 0.3999999999999999
      vertex 15.807141907513142 5.387569338083267 0.3999999999999999
    endloop
  endfacet
  facet normal 0.3007058294180578 0.9537169413164462 0
    outer loop
      vertex 15.710424169898033 5.427631139755249 4
      vertex 15.710424169898033 5.427631139755249 0.3999999999999999
      vertex 15.61058285087347 5.459110990166664 0.3999999999999999
    endloop
  endfacet
  facet normal 0.38268345706801216 0.9238795222790008 0
    outer loop
      vertex 15.710424169898033 5.427631139755249 4
      vertex 15.807141907513142 5.387569338083267 0.3999999999999999
      vertex 15.710424169898033 5.427631139755249 0.3999999999999999
    endloop
  endfacet
  facet normal 0.6755902003320648 0.7372773434843095 0
    outer loop
      vertex 16.071345128118992 5.219253331422806 4
      vertex 16.14852813631296 5.148528136312962 0.3999999999999999
      vertex 16.071345128118992 5.219253331422806 0.3999999999999999
    endloop
  endfacet
  facet normal 0.8433914339003048 0.5372996270458298 0
    outer loop
      vertex 16.28298245370388 4.988291718065739 4
      vertex 16.339230485260487 4.899999998509884 0.3999999999999999
      vertex 16.28298245370388 4.988291718065739 0.3999999999999999
    endloop
  endfacet
  facet normal 0.7933533435043424 0.6087614248213178 0
    outer loop
      vertex 16.219253331422806 5.071345128118992 4
      vertex 16.28298245370388 4.988291718065739 0.3999999999999999
      vertex 16.219253331422806 5.071345128118992 0.3999999999999999
    endloop
  endfacet
  facet normal 0.7372773434843095 0.6755902003320648 0
    outer loop
      vertex 16.219253331422806 5.071345128118992 4
      vertex 16.219253331422806 5.071345128118992 0.3999999999999999
      vertex 16.14852813631296 5.148528136312962 0.3999999999999999
    endloop
  endfacet
  facet normal 0.5372996270458298 0.8433914339003048 0
    outer loop
      vertex 15.899999998509884 5.339230485260487 4
      vertex 15.988291718065739 5.28298245370388 0.3999999999999999
      vertex 15.899999998509884 5.339230485260487 0.3999999999999999
    endloop
  endfacet
  facet normal 0.6087614248213178 0.7933533435043424 0
    outer loop
      vertex 16.071345128118992 5.219253331422806 4
      vertex 16.071345128118992 5.219253331422806 0.3999999999999999
      vertex 15.988291718065739 5.28298245370388 0.3999999999999999
    endloop
  endfacet
  facet normal 0 0 1
    outer loop
      vertex 9.851471863687038 5.148528136312962 4
      vertex 10.5 3.5 4
      vertex 16.481769300997257 4.508377812802792 4
    endloop
  endfacet
  facet normal 0 0 1
    outer loop
      vertex 9.851471863687038 5.148528136312962 4
      vertex 15.404586888849735 5.495433636009693 4
      vertex 10.595413111150265 5.495433636009693 4
    endloop
  endfacet
  facet normal 0 0 1
    outer loop
      vertex 10.595413111150265 5.495433636009693 4
      vertex 15.404586888849735 5.495433636009693 4
      vertex 10.700000002980232 5.5 4
    endloop
  endfacet
  facet normal 0 1 0
    outer loop
      vertex 10.700000002980232 5.5 4
      vertex 15.299999997019768 5.5 4
      vertex 15.299999997019768 5.5 0.3999999999999999
    endloop
  endfacet
  facet normal 0 0 1
    outer loop
      vertex 9.851471863687038 5.148528136312962 4
      vertex 16.481769300997257 4.508377812802792 4
      vertex 15.404586888849735 5.495433636009693 4
    endloop
  endfacet
  facet normal 0 0 1
    outer loop
      vertex 10.700000002980232 5.5 4
      vertex 15.404586888849735 5.495433636009693 4
      vertex 15.299999997019768 5.5 4
    endloop
  endfacet
  facet normal 0 0 1
    outer loop
      vertex 10.5 3.5 4
      vertex 15.5 3.5 4
      vertex 16.481769300997257 4.508377812802792 4
    endloop
  endfacet
  facet normal 0.9990482208837145 0.0436194033554438 0
    outer loop
      vertex 16.495433636009693 4.404586888849735 4
      vertex 16.5 4.299999997019768 4
      vertex 16.495433636009693 4.404586888849735 0.3999999999999999
    endloop
  endfacet
  facet normal 0.9914448605738744 0.13052619829616904 0
    outer loop
      vertex 16.481769300997257 4.508377812802792 4
      vertex 16.495433636009693 4.404586888849735 4
      vertex 16.495433636009693 4.404586888849735 0.3999999999999999
    endloop
  endfacet
  facet normal 0.9762960083409099 0.21643960843063323 0
    outer loop
      vertex 16.459110990166664 4.61058285087347 4
      vertex 16.481769300997257 4.508377812802792 4
      vertex 16.459110990166664 4.61058285087347 0.3999999999999999
    endloop
  endfacet
  facet normal 0.9537169413164462 0.3007058294180578 0
    outer loop
      vertex 16.42763113975525 4.710424169898033 4
      vertex 16.459110990166664 4.61058285087347 4
      vertex 16.459110990166664 4.61058285087347 0.3999999999999999
    endloop
  endfacet
  facet normal 0.9238795222790008 0.38268345706801216 0
    outer loop
      vertex 16.387569338083267 4.807141907513142 4
      vertex 16.42763113975525 4.710424169898033 4
      vertex 16.387569338083267 4.807141907513142 0.3999999999999999
    endloop
  endfacet
  facet normal 0.8433914339003048 0.5372996270458298 0
    outer loop
      vertex 16.28298245370388 4.988291718065739 4
      vertex 16.339230485260487 4.899999998509884 4
      vertex 16.339230485260487 4.899999998509884 0.3999999999999999
    endloop
  endfacet
  facet normal 0.8870108712351883 0.4617485401282741 0
    outer loop
      vertex 16.339230485260487 4.899999998509884 4
      vertex 16.387569338083267 4.807141907513142 4
      vertex 16.387569338083267 4.807141907513142 0.3999999999999999
    endloop
  endfacet
  facet normal 0 0 1
    outer loop
      vertex 16.481769300997257 4.508377812802792 4
      vertex 16.5 4.299999997019768 4
      vertex 16.495433636009693 4.404586888849735 4
    endloop
  endfacet
  facet normal 0 0 1
    outer loop
      vertex 16.42763113975525 4.710424169898033 4
      vertex 16.481769300997257 4.508377812802792 4
      vertex 16.459110990166664 4.61058285087347 4
    endloop
  endfacet
  facet normal 0 0 1
    outer loop
      vertex 16.339230485260487 4.899999998509884 4
      vertex 16.481769300997257 4.508377812802792 4
      vertex 16.42763113975525 4.710424169898033 4
    endloop
  endfacet
  facet normal 0 0 1
    outer loop
      vertex 16.14852813631296 5.148528136312962 4
      vertex 16.481769300997257 4.508377812802792 4
      vertex 16.339230485260487 4.899999998509884 4
    endloop
  endfacet
  facet normal 0 0 1
    outer loop
      vertex 16.339230485260487 4.899999998509884 4
      vertex 16.42763113975525 4.710424169898033 4
      vertex 16.387569338083267 4.807141907513142 4
    endloop
  endfacet
  facet normal 0.0436194033554438 0.9990482208837145 0
    outer loop
      vertex 15.299999997019768 5.5 4
      vertex 15.404586888849735 5.495433636009693 4
      vertex 15.299999997019768 5.5 0.3999999999999999
    endloop
  endfacet
  facet normal 0.13052619829616904 0.9914448605738744 0
    outer loop
      vertex 15.404586888849735 5.495433636009693 4
      vertex 15.508377812802792 5.481769300997257 4
      vertex 15.404586888849735 5.495433636009693 0.3999999999999999
    endloop
  endfacet
  facet normal 0.21643960843063323 0.9762960083409099 0
    outer loop
      vertex 15.508377812802792 5.481769300997257 4
      vertex 15.61058285087347 5.459110990166664 4
      vertex 15.61058285087347 5.459110990166664 0.3999999999999999
    endloop
  endfacet
  facet normal 0.3007058294180578 0.9537169413164462 0
    outer loop
      vertex 15.61058285087347 5.459110990166664 4
      vertex 15.710424169898033 5.427631139755249 4
      vertex 15.61058285087347 5.459110990166664 0.3999999999999999
    endloop
  endfacet
  facet normal 0.38268345706801216 0.9238795222790008 0
    outer loop
      vertex 15.710424169898033 5.427631139755249 4
      vertex 15.807141907513142 5.387569338083267 4
      vertex 15.807141907513142 5.387569338083267 0.3999999999999999
    endloop
  endfacet
  facet normal 0.4617485401282741 0.8870108712351883 0
    outer loop
      vertex 15.807141907513142 5.387569338083267 4
      vertex 15.899999998509884 5.339230485260487 4
      vertex 15.807141907513142 5.387569338083267 0.3999999999999999
    endloop
  endfacet
  facet normal 0.7372773434843095 0.6755902003320648 0
    outer loop
      vertex 16.14852813631296 5.148528136312962 4
      vertex 16.219253331422806 5.071345128118992 4
      vertex 16.14852813631296 5.148528136312962 0.3999999999999999
    endloop
  endfacet
  facet normal 0.6755902003320648 0.7372773434843095 0
    outer loop
      vertex 16.071345128118992 5.219253331422806 4
      vertex 16.14852813631296 5.148528136312962 4
      vertex 16.14852813631296 5.148528136312962 0.3999999999999999
    endloop
  endfacet
  facet normal 0.7933533435043424 0.6087614248213178 0
    outer loop
      vertex 16.219253331422806 5.071345128118992 4
      vertex 16.28298245370388 4.988291718065739 4
      vertex 16.28298245370388 4.988291718065739 0.3999999999999999
    endloop
  endfacet
  facet normal 0.6087614248213178 0.7933533435043424 0
    outer loop
      vertex 15.988291718065739 5.28298245370388 4
      vertex 16.071345128118992 5.219253331422806 4
      vertex 15.988291718065739 5.28298245370388 0.3999999999999999
    endloop
  endfacet
  facet normal 0.5372996270458298 0.8433914339003048 0
    outer loop
      vertex 15.899999998509884 5.339230485260487 4
      vertex 15.988291718065739 5.28298245370388 4
      vertex 15.988291718065739 5.28298245370388 0.3999999999999999
    endloop
  endfacet
  facet normal 0 0 1
    outer loop
      vertex 15.404586888849735 5.495433636009693 4
      vertex 15.61058285087347 5.459110990166664 4
      vertex 15.508377812802792 5.481769300997257 4
    endloop
  endfacet
  facet normal 0 0 1
    outer loop
      vertex 15.404586888849735 5.495433636009693 4
      vertex 16.14852813631296 5.148528136312962 4
      vertex 15.807141907513142 5.387569338083267 4
    endloop
  endfacet
  facet normal 0 0 1
    outer loop
      vertex 15.61058285087347 5.459110990166664 4
      vertex 15.807141907513142 5.387569338083267 4
      vertex 15.710424169898033 5.427631139755249 4
    endloop
  endfacet
  facet normal 0 0 1
    outer loop
      vertex 15.404586888849735 5.495433636009693 4
      vertex 15.807141907513142 5.387569338083267 4
      vertex 15.61058285087347 5.459110990166664 4
    endloop
  endfacet
  facet normal 0 0 1
    outer loop
      vertex 15.404586888849735 5.495433636009693 4
      vertex 16.481769300997257 4.508377812802792 4
      vertex 16.14852813631296 5.148528136312962 4
    endloop
  endfacet
  facet normal 0 0 1
    outer loop
      vertex 15.988291718065739 5.28298245370388 4
      vertex 16.14852813631296 5.148528136312962 4
      vertex 16.071345128118992 5.219253331422806 4
    endloop
  endfacet
  facet normal 0 0 1
    outer loop
      vertex 16.219253331422806 5.071345128118992 4
      vertex 16.339230485260487 4.899999998509884 4
      vertex 16.28298245370388 4.988291718065739 4
    endloop
  endfacet
  facet normal 0 0 1
    outer loop
      vertex 16.14852813631296 5.148528136312962 4
      vertex 16.339230485260487 4.899999998509884 4
      vertex 16.219253331422806 5.071345128118992 4
    endloop
  endfacet
  facet normal 0 0 1
    outer loop
      vertex 15.807141907513142 5.387569338083267 4
      vertex 16.14852813631296 5.148528136312962 4
      vertex 15.988291718065739 5.28298245370388 4
    endloop
  endfacet
  facet normal 0 0 1
    outer loop
      vertex 15.807141907513142 5.387569338083267 4
      vertex 15.988291718065739 5.28298245370388 4
      vertex 15.899999998509884 5.339230485260487 4
    endloop
  endfacet
  facet normal -3.916508606572718e-19 0.7933533402912327 0.6087614290087239
    outer loop
      vertex -2.5 -0.8043466652749269 6.825073009829134
      vertex -2.5 -0.8601096465034415 6.897744741831401
      vertex 2.5 -0.8601096465034415 6.897744741831401
    endloop
  endfacet
  facet normal -5.508234602374736e-19 0.737277336810126 0.6755902076156581
    outer loop
      vertex -2.5 -0.742462120245875 6.757537879754125
      vertex -2.5 -0.8043466652749269 6.825073009829134
      vertex 2.5 -0.8043466652749269 6.825073009829134
    endloop
  endfacet
  facet normal 6.464833270835875e-19 0.6755902076156601 0.7372773368101242
    outer loop
      vertex -2.5 -0.6749269901708662 6.695653334725073
      vertex -2.5 -0.742462120245875 6.757537879754125
      vertex 2.5 -0.742462120245875 6.757537879754125
    endloop
  endfacet
  facet normal 0 0.6087614290087184 0.7933533402912368
    outer loop
      vertex -2.5 -0.6749269901708662 6.695653334725073
      vertex 2.5 -0.6749269901708662 6.695653334725073
      vertex -2.5 -0.6022552581685984 6.6398903534965585
    endloop
  endfacet
  facet normal 0 0.5372996083468264 0.843391445812884
    outer loop
      vertex -2.5 -0.6022552581685984 6.6398903534965585
      vertex 2.5 -0.6022552581685984 6.6398903534965585
      vertex -2.5 -0.525 6.590673326026339
    endloop
  endfacet
  facet normal 0 0.46174861323502786 0.8870108331782248
    outer loop
      vertex -2.5 -0.525 6.590673326026339
      vertex 2.5 -0.525 6.590673326026339
      vertex -2.5 -0.4437491748277344 6.548376823611518
    endloop
  endfacet
  facet normal 0 0.38268343236509905 0.923879532511283
    outer loop
      vertex -2.5 -0.4437491748277344 6.548376823611518
      vertex 2.5 -0.4437491748277344 6.548376823611518
      vertex -2.5 -0.35912115049195215 6.5133227481747955
    endloop
  endfacet
  facet normal 0 0.3007057995042669 0.9537169507482288
    outer loop
      vertex -2.5 -0.35912115049195215 6.5133227481747955
      vertex 2.5 -0.35912115049195215 6.5133227481747955
      vertex -2.5 -0.2717599973576468 6.485777882396478
    endloop
  endfacet
  facet normal 0 0.21643961393810354 0.9762960071199333
    outer loop
      vertex -2.5 -0.2717599973576468 6.485777882396478
      vertex 2.5 -0.2717599973576468 6.485777882396478
      vertex -2.5 -0.18233058655027687 6.465951859337181
    endloop
  endfacet
  facet normal 0 0.13052619222005177 0.9914448613738105
    outer loop
      vertex -2.5 -0.18233058655027687 6.465951859337181
      vertex 2.5 -0.18233058655027687 6.465951859337181
      vertex -2.5 -0.09151352988504108 6.453995567003667
    endloop
  endfacet
  facet normal 0 0.737277336810126 0.6755902076156581
    outer loop
      vertex -2.5 -0.742462120245875 6.757537879754125
      vertex 2.5 -0.8043466652749269 6.825073009829134
      vertex 2.5 -0.742462120245875 6.757537879754125
    endloop
  endfacet
  facet normal 0 0.7933533402912327 0.6087614290087239
    outer loop
      vertex -2.5 -0.8043466652749269 6.825073009829134
      vertex 2.5 -0.8601096465034415 6.897744741831401
      vertex 2.5 -0.8043466652749269 6.825073009829134
    endloop
  endfacet
  facet normal 0 0.6755902076156601 0.7372773368101242
    outer loop
      vertex -2.5 -0.6749269901708662 6.695653334725073
      vertex 2.5 -0.742462120245875 6.757537879754125
      vertex 2.5 -0.6749269901708662 6.695653334725073
    endloop
  endfacet
  facet normal 0 0.6087614290087184 0.7933533402912368
    outer loop
      vertex -2.5 -0.6022552581685984 6.6398903534965585
      vertex 2.5 -0.6749269901708662 6.695653334725073
      vertex 2.5 -0.6022552581685984 6.6398903534965585
    endloop
  endfacet
  facet normal 0 0.5372996083468264 0.843391445812884
    outer loop
      vertex -2.5 -0.525 6.590673326026339
      vertex 2.5 -0.6022552581685984 6.6398903534965585
      vertex 2.5 -0.525 6.590673326026339
    endloop
  endfacet
  facet normal 0 0.46174861323502786 0.8870108331782248
    outer loop
      vertex -2.5 -0.4437491748277344 6.548376823611518
      vertex 2.5 -0.525 6.590673326026339
      vertex 2.5 -0.4437491748277344 6.548376823611518
    endloop
  endfacet
  facet normal 0 0.38268343236509905 0.923879532511283
    outer loop
      vertex -2.5 -0.35912115049195215 6.5133227481747955
      vertex 2.5 -0.4437491748277344 6.548376823611518
      vertex 2.5 -0.35912115049195215 6.5133227481747955
    endloop
  endfacet
  facet normal 0 0.3007057995042669 0.9537169507482288
    outer loop
      vertex -2.5 -0.2717599973576468 6.485777882396478
      vertex 2.5 -0.35912115049195215 6.5133227481747955
      vertex 2.5 -0.2717599973576468 6.485777882396478
    endloop
  endfacet
  facet normal 0 0.21643961393810354 0.9762960071199333
    outer loop
      vertex -2.5 -0.18233058655027687 6.465951859337181
      vertex 2.5 -0.2717599973576468 6.485777882396478
      vertex 2.5 -0.18233058655027687 6.465951859337181
    endloop
  endfacet
  facet normal -2.482822189241924e-19 0.9238795325112868 0.3826834323650892
    outer loop
      vertex -2.5 -0.9516231763884825 7.056250825172265
      vertex -2.5 -0.9866772518252039 7.140878849508048
      vertex 2.5 -0.9866772518252039 7.140878849508048
    endloop
  endfacet
  facet normal -1.9471405420050858e-19 0.9537169507482275 0.3007057995042714
    outer loop
      vertex -2.5 -0.9866772518252039 7.140878849508048
      vertex -2.5 -1.0142221176035218 7.2282400026423534
      vertex 2.5 -1.0142221176035218 7.2282400026423534
    endloop
  endfacet
  facet normal -1.9496415455104236e-19 0.99144486137381 0.1305261922200545
    outer loop
      vertex -2.5 -1.0340481406628184 7.317669413449723
      vertex -2.5 -1.046004432996333 7.408486470114958
      vertex 2.5 -1.046004432996333 7.408486470114958
    endloop
  endfacet
  facet normal 1.184713697268437e-19 0.9762960071199335 0.2164396139381023
    outer loop
      vertex -2.5 -1.0142221176035218 7.2282400026423534
      vertex -2.5 -1.0340481406628184 7.317669413449723
      vertex 2.5 -1.0340481406628184 7.317669413449723
    endloop
  endfacet
  facet normal -4.215898120404143e-20 0.9990482215818579 0.04361938736533477
    outer loop
      vertex -2.5 -1.046004432996333 7.408486470114958
      vertex -2.5 -1.05 7.5
      vertex 2.5 -1.05 7.5
    endloop
  endfacet
  facet normal 4.215898120404143e-20 0.9990482215818579 -0.04361938736533477
    outer loop
      vertex -2.5 -1.05 7.5
      vertex -2.5 -1.046004432996333 7.591513529885042
      vertex 2.5 -1.046004432996333 7.591513529885042
    endloop
  endfacet
  facet normal 4.63676994633717e-19 0.8870108331782209 0.4617486132350353
    outer loop
      vertex -2.5 -0.9093266739736605 6.975
      vertex -2.5 -0.9516231763884825 7.056250825172265
      vertex 2.5 -0.9516231763884825 7.056250825172265
    endloop
  endfacet
  facet normal -4.353427187561125e-19 0.8433914458128869 0.5372996083468219
    outer loop
      vertex -2.5 -0.8601096465034415 6.897744741831401
      vertex -2.5 -0.9093266739736605 6.975
      vertex 2.5 -0.9093266739736605 6.975
    endloop
  endfacet
  facet normal 1.9496415455104236e-19 0.99144486137381 -0.1305261922200545
    outer loop
      vertex -2.5 -1.046004432996333 7.591513529885042
      vertex -2.5 -1.0340481406628184 7.682330586550277
      vertex 2.5 -1.0340481406628184 7.682330586550277
    endloop
  endfacet
  facet normal -1.184713697268437e-19 0.9762960071199335 -0.2164396139381023
    outer loop
      vertex -2.5 -1.0340481406628184 7.682330586550277
      vertex -2.5 -1.0142221176035218 7.7717599973576466
      vertex 2.5 -1.0142221176035218 7.7717599973576466
    endloop
  endfacet
  facet normal 1.9471405420050858e-19 0.9537169507482275 -0.3007057995042714
    outer loop
      vertex -2.5 -1.0142221176035218 7.7717599973576466
      vertex -2.5 -0.9866772518252039 7.859121150491952
      vertex 2.5 -0.9866772518252039 7.859121150491952
    endloop
  endfacet
  facet normal 2.482822189241924e-19 0.9238795325112868 -0.3826834323650892
    outer loop
      vertex -2.5 -0.9866772518252039 7.859121150491952
      vertex -2.5 -0.9516231763884825 7.943749174827735
      vertex 2.5 -0.9516231763884825 7.943749174827735
    endloop
  endfacet
  facet normal -4.63676994633717e-19 0.8870108331782209 -0.4617486132350353
    outer loop
      vertex -2.5 -0.9516231763884825 7.943749174827735
      vertex -2.5 -0.9093266739736605 8.025
      vertex 2.5 -0.9093266739736605 8.025
    endloop
  endfacet
  facet normal -1.2611293831392107e-19 0.8433914458128813 -0.5372996083468305
    outer loop
      vertex -2.5 -0.9093266739736605 8.025
      vertex -2.5 -0.8601096465034415 8.102255258168597
      vertex 2.5 -0.8601096465034415 8.102255258168597
    endloop
  endfacet
  facet normal -9.266561158319863e-19 0.7933533402912435 -0.6087614290087098
    outer loop
      vertex -2.5 -0.8601096465034415 8.102255258168597
      vertex -2.5 -0.8043466652749269 8.174926990170867
      vertex 2.5 -0.8043466652749269 8.174926990170867
    endloop
  endfacet
  facet normal 0 0.7372773368101215 -0.675590207615663
    outer loop
      vertex -2.5 -0.742462120245875 8.242462120245875
      vertex 2.5 -0.742462120245875 8.242462120245875
      vertex -2.5 -0.8043466652749269 8.174926990170867
    endloop
  endfacet
  facet normal 0 0.9537169507482275 0.3007057995042714
    outer loop
      vertex -2.5 -0.9866772518252039 7.140878849508048
      vertex 2.5 -1.0142221176035218 7.2282400026423534
      vertex 2.5 -0.9866772518252039 7.140878849508048
    endloop
  endfacet
  facet normal 0 0.9762960071199335 0.2164396139381023
    outer loop
      vertex -2.5 -1.0142221176035218 7.2282400026423534
      vertex 2.5 -1.0340481406628184 7.317669413449723
      vertex 2.5 -1.0142221176035218 7.2282400026423534
    endloop
  endfacet
  facet normal 0 0.99144486137381 0.1305261922200545
    outer loop
      vertex -2.5 -1.0340481406628184 7.317669413449723
      vertex 2.5 -1.046004432996333 7.408486470114958
      vertex 2.5 -1.0340481406628184 7.317669413449723
    endloop
  endfacet
  facet normal 0 0.9990482215818579 0.04361938736533477
    outer loop
      vertex -2.5 -1.046004432996333 7.408486470114958
      vertex 2.5 -1.05 7.5
      vertex 2.5 -1.046004432996333 7.408486470114958
    endloop
  endfacet
  facet normal 0 0.9990482215818579 -0.04361938736533477
    outer loop
      vertex -2.5 -1.05 7.5
      vertex 2.5 -1.046004432996333 7.591513529885042
      vertex 2.5 -1.05 7.5
    endloop
  endfacet
  facet normal 0 0.8870108331782209 0.4617486132350353
    outer loop
      vertex -2.5 -0.9093266739736605 6.975
      vertex 2.5 -0.9516231763884825 7.056250825172265
      vertex 2.5 -0.9093266739736605 6.975
    endloop
  endfacet
  facet normal 0 0.8433914458128869 0.5372996083468219
    outer loop
      vertex -2.5 -0.8601096465034415 6.897744741831401
      vertex 2.5 -0.9093266739736605 6.975
      vertex 2.5 -0.8601096465034415 6.897744741831401
    endloop
  endfacet
  facet normal -2.482822189241924e-19 0.9238795325112868 0.3826834323650892
    outer loop
      vertex 2.5 -0.9866772518252039 7.140878849508048
      vertex 2.5 -0.9516231763884825 7.056250825172265
      vertex -2.5 -0.9516231763884825 7.056250825172265
    endloop
  endfacet
  facet normal 0 0.99144486137381 -0.1305261922200545
    outer loop
      vertex -2.5 -1.046004432996333 7.591513529885042
      vertex 2.5 -1.0340481406628184 7.682330586550277
      vertex 2.5 -1.046004432996333 7.591513529885042
    endloop
  endfacet
  facet normal 0 0.9762960071199335 -0.2164396139381023
    outer loop
      vertex -2.5 -1.0340481406628184 7.682330586550277
      vertex 2.5 -1.0142221176035218 7.7717599973576466
      vertex 2.5 -1.0340481406628184 7.682330586550277
    endloop
  endfacet
  facet normal 0 0.9537169507482275 -0.3007057995042714
    outer loop
      vertex -2.5 -1.0142221176035218 7.7717599973576466
      vertex 2.5 -0.9866772518252039 7.859121150491952
      vertex 2.5 -1.0142221176035218 7.7717599973576466
    endloop
  endfacet
  facet normal 0 0.9238795325112868 -0.3826834323650892
    outer loop
      vertex -2.5 -0.9866772518252039 7.859121150491952
      vertex 2.5 -0.9516231763884825 7.943749174827735
      vertex 2.5 -0.9866772518252039 7.859121150491952
    endloop
  endfacet
  facet normal 0 0.8870108331782209 -0.4617486132350353
    outer loop
      vertex -2.5 -0.9516231763884825 7.943749174827735
      vertex 2.5 -0.9093266739736605 8.025
      vertex 2.5 -0.9516231763884825 7.943749174827735
    endloop
  endfacet
  facet normal 0 0.8433914458128813 -0.5372996083468305
    outer loop
      vertex -2.5 -0.9093266739736605 8.025
      vertex 2.5 -0.8601096465034415 8.102255258168597
      vertex 2.5 -0.9093266739736605 8.025
    endloop
  endfacet
  facet normal 0 0.7933533402912435 -0.6087614290087098
    outer loop
      vertex -2.5 -0.8601096465034415 8.102255258168597
      vertex 2.5 -0.8043466652749269 8.174926990170867
      vertex 2.5 -0.8601096465034415 8.102255258168597
    endloop
  endfacet
  facet normal 0 0.7372773368101215 -0.675590207615663
    outer loop
      vertex -2.5 -0.8043466652749269 8.174926990170867
      vertex 2.5 -0.742462120245875 8.242462120245875
      vertex 2.5 -0.8043466652749269 8.174926990170867
    endloop
  endfacet
  facet normal 0 0.043619387365332586 0.9990482215818579
    outer loop
      vertex -2.5 -0.09151352988504108 6.453995567003667
      vertex 2.5 -0.09151352988504108 6.453995567003667
      vertex -2.5 0 6.45
    endloop
  endfacet
  facet normal 0 -0.043619387365332586 0.9990482215818579
    outer loop
      vertex -2.5 0 6.45
      vertex 2.5 0 6.45
      vertex -2.5 0.09151352988504108 6.453995567003667
    endloop
  endfacet
  facet normal 0 -0.13052619222005177 0.9914448613738105
    outer loop
      vertex -2.5 0.09151352988504108 6.453995567003667
      vertex 2.5 0.09151352988504108 6.453995567003667
      vertex -2.5 0.18233058655027687 6.465951859337181
    endloop
  endfacet
  facet normal 0 -0.21643961393810354 0.9762960071199333
    outer loop
      vertex -2.5 0.18233058655027687 6.465951859337181
      vertex 2.5 0.18233058655027687 6.465951859337181
      vertex -2.5 0.2717599973576468 6.485777882396478
    endloop
  endfacet
  facet normal 0 -0.3007057995042669 0.9537169507482288
    outer loop
      vertex -2.5 0.2717599973576468 6.485777882396478
      vertex 2.5 0.2717599973576468 6.485777882396478
      vertex -2.5 0.35912115049195215 6.5133227481747955
    endloop
  endfacet
  facet normal 0 -0.38268343236509905 0.923879532511283
    outer loop
      vertex -2.5 0.35912115049195215 6.5133227481747955
      vertex 2.5 0.35912115049195215 6.5133227481747955
      vertex -2.5 0.4437491748277344 6.548376823611518
    endloop
  endfacet
  facet normal 0 -0.46174861323502786 0.8870108331782248
    outer loop
      vertex -2.5 0.4437491748277344 6.548376823611518
      vertex 2.5 0.4437491748277344 6.548376823611518
      vertex -2.5 0.525 6.590673326026339
    endloop
  endfacet
  facet normal 0 -0.5372996083468264 0.843391445812884
    outer loop
      vertex -2.5 0.525 6.590673326026339
      vertex 2.5 0.525 6.590673326026339
      vertex -2.5 0.6022552581685984 6.6398903534965585
    endloop
  endfacet
  facet normal 0 -0.6087614290087184 0.7933533402912368
    outer loop
      vertex -2.5 0.6022552581685984 6.6398903534965585
      vertex 2.5 0.6022552581685984 6.6398903534965585
      vertex -2.5 0.6749269901708662 6.695653334725073
    endloop
  endfacet
  facet normal 0 -0.6755902076156601 0.7372773368101242
    outer loop
      vertex -2.5 0.6749269901708662 6.695653334725073
      vertex 2.5 0.6749269901708662 6.695653334725073
      vertex -2.5 0.742462120245875 6.757537879754125
    endloop
  endfacet
  facet normal 5.508234602374736e-19 -0.737277336810126 0.6755902076156581
    outer loop
      vertex -2.5 0.8043466652749269 6.825073009829134
      vertex -2.5 0.742462120245875 6.757537879754125
      vertex 2.5 0.742462120245875 6.757537879754125
    endloop
  endfacet
  facet normal 3.916508606572718e-19 -0.7933533402912327 0.6087614290087239
    outer loop
      vertex -2.5 0.8601096465034415 6.897744741831401
      vertex -2.5 0.8043466652749269 6.825073009829134
      vertex 2.5 0.8043466652749269 6.825073009829134
    endloop
  endfacet
  facet normal 0 0.13052619222005177 0.9914448613738105
    outer loop
      vertex -2.5 -0.09151352988504108 6.453995567003667
      vertex 2.5 -0.18233058655027687 6.465951859337181
      vertex 2.5 -0.09151352988504108 6.453995567003667
    endloop
  endfacet
  facet normal 0 0.043619387365332586 0.9990482215818579
    outer loop
      vertex -2.5 0 6.45
      vertex 2.5 -0.09151352988504108 6.453995567003667
      vertex 2.5 0 6.45
    endloop
  endfacet
  facet normal 0 -0.043619387365332586 0.9990482215818579
    outer loop
      vertex -2.5 0.09151352988504108 6.453995567003667
      vertex 2.5 0 6.45
      vertex 2.5 0.09151352988504108 6.453995567003667
    endloop
  endfacet
  facet normal 0 -0.13052619222005177 0.9914448613738105
    outer loop
      vertex -2.5 0.18233058655027687 6.465951859337181
      vertex 2.5 0.09151352988504108 6.453995567003667
      vertex 2.5 0.18233058655027687 6.465951859337181
    endloop
  endfacet
  facet normal 0 -0.21643961393810354 0.9762960071199333
    outer loop
      vertex -2.5 0.2717599973576468 6.485777882396478
      vertex 2.5 0.18233058655027687 6.465951859337181
      vertex 2.5 0.2717599973576468 6.485777882396478
    endloop
  endfacet
  facet normal 0 -0.3007057995042669 0.9537169507482288
    outer loop
      vertex -2.5 0.35912115049195215 6.5133227481747955
      vertex 2.5 0.2717599973576468 6.485777882396478
      vertex 2.5 0.35912115049195215 6.5133227481747955
    endloop
  endfacet
  facet normal 0 -0.38268343236509905 0.923879532511283
    outer loop
      vertex -2.5 0.4437491748277344 6.548376823611518
      vertex 2.5 0.35912115049195215 6.5133227481747955
      vertex 2.5 0.4437491748277344 6.548376823611518
    endloop
  endfacet
  facet normal 0 -0.46174861323502786 0.8870108331782248
    outer loop
      vertex -2.5 0.525 6.590673326026339
      vertex 2.5 0.4437491748277344 6.548376823611518
      vertex 2.5 0.525 6.590673326026339
    endloop
  endfacet
  facet normal 0 -0.5372996083468264 0.843391445812884
    outer loop
      vertex -2.5 0.6022552581685984 6.6398903534965585
      vertex 2.5 0.525 6.590673326026339
      vertex 2.5 0.6022552581685984 6.6398903534965585
    endloop
  endfacet
  facet normal 0 -0.6087614290087184 0.7933533402912368
    outer loop
      vertex -2.5 0.6749269901708662 6.695653334725073
      vertex 2.5 0.6022552581685984 6.6398903534965585
      vertex 2.5 0.6749269901708662 6.695653334725073
    endloop
  endfacet
  facet normal 0 -0.6755902076156601 0.7372773368101242
    outer loop
      vertex -2.5 0.742462120245875 6.757537879754125
      vertex 2.5 0.6749269901708662 6.695653334725073
      vertex 2.5 0.742462120245875 6.757537879754125
    endloop
  endfacet
  facet normal 0 -0.737277336810126 0.6755902076156581
    outer loop
      vertex -2.5 0.8043466652749269 6.825073009829134
      vertex 2.5 0.742462120245875 6.757537879754125
      vertex 2.5 0.8043466652749269 6.825073009829134
    endloop
  endfacet
  facet normal 0 -0.7933533402912327 0.6087614290087239
    outer loop
      vertex -2.5 0.8601096465034415 6.897744741831401
      vertex 2.5 0.8043466652749269 6.825073009829134
      vertex 2.5 0.8601096465034415 6.897744741831401
    endloop
  endfacet
  facet normal 4.353427187561125e-19 -0.8433914458128869 0.5372996083468219
    outer loop
      vertex -2.5 0.9093266739736605 6.975
      vertex -2.5 0.8601096465034415 6.897744741831401
      vertex 2.5 0.8601096465034415 6.897744741831401
    endloop
  endfacet
  facet normal -4.63676994633717e-19 -0.8870108331782209 0.4617486132350353
    outer loop
      vertex -2.5 0.9516231763884825 7.056250825172265
      vertex -2.5 0.9093266739736605 6.975
      vertex 2.5 0.9093266739736605 6.975
    endloop
  endfacet
  facet normal 2.482822189241924e-19 -0.9238795325112868 0.3826834323650892
    outer loop
      vertex -2.5 0.9866772518252039 7.140878849508048
      vertex -2.5 0.9516231763884825 7.056250825172265
      vertex 2.5 0.9516231763884825 7.056250825172265
    endloop
  endfacet
  facet normal 1.9471405420050858e-19 -0.9537169507482275 0.3007057995042714
    outer loop
      vertex -2.5 1.0142221176035218 7.2282400026423534
      vertex -2.5 0.9866772518252039 7.140878849508048
      vertex 2.5 0.9866772518252039 7.140878849508048
    endloop
  endfacet
  facet normal -2.482822189241924e-19 -0.9238795325112868 -0.3826834323650892
    outer loop
      vertex -2.5 0.9516231763884825 7.943749174827735
      vertex -2.5 0.9866772518252039 7.859121150491952
      vertex 2.5 0.9866772518252039 7.859121150491952
    endloop
  endfacet
  facet normal 1.4945037466010053e-19 -0.7372773368101215 -0.675590207615663
    outer loop
      vertex -2.5 0.742462120245875 8.242462120245875
      vertex -2.5 0.8043466652749269 8.174926990170867
      vertex 2.5 0.8043466652749269 8.174926990170867
    endloop
  endfacet
  facet normal 9.266561158319863e-19 -0.7933533402912435 -0.6087614290087098
    outer loop
      vertex -2.5 0.8043466652749269 8.174926990170867
      vertex -2.5 0.8601096465034415 8.102255258168597
      vertex 2.5 0.8601096465034415 8.102255258168597
    endloop
  endfacet
  facet normal 1.2611293831392107e-19 -0.8433914458128813 -0.5372996083468305
    outer loop
      vertex -2.5 0.8601096465034415 8.102255258168597
      vertex -2.5 0.9093266739736605 8.025
      vertex 2.5 0.9093266739736605 8.025
    endloop
  endfacet
  facet normal 4.63676994633717e-19 -0.8870108331782209 -0.4617486132350353
    outer loop
      vertex -2.5 0.9093266739736605 8.025
      vertex -2.5 0.9516231763884825 7.943749174827735
      vertex 2.5 0.9516231763884825 7.943749174827735
    endloop
  endfacet
  facet normal 0 -0.8433914458128869 0.5372996083468219
    outer loop
      vertex -2.5 0.9093266739736605 6.975
      vertex 2.5 0.8601096465034415 6.897744741831401
      vertex 2.5 0.9093266739736605 6.975
    endloop
  endfacet
  facet normal 0 -0.8870108331782209 0.4617486132350353
    outer loop
      vertex -2.5 0.9516231763884825 7.056250825172265
      vertex 2.5 0.9093266739736605 6.975
      vertex 2.5 0.9516231763884825 7.056250825172265
    endloop
  endfacet
  facet normal 0 -0.9238795325112868 0.3826834323650892
    outer loop
      vertex -2.5 0.9866772518252039 7.140878849508048
      vertex 2.5 0.9516231763884825 7.056250825172265
      vertex 2.5 0.9866772518252039 7.140878849508048
    endloop
  endfacet
  facet normal 0 -0.9537169507482275 -0.3007057995042714
    outer loop
      vertex -2.5 0.9866772518252039 7.859121150491952
      vertex 2.5 1.0142221176035218 7.7717599973576466
      vertex 2.5 0.9866772518252039 7.859121150491952
    endloop
  endfacet
  facet normal 0 -0.7372773368101215 -0.675590207615663
    outer loop
      vertex -2.5 0.742462120245875 8.242462120245875
      vertex 2.5 0.8043466652749269 8.174926990170867
      vertex 2.5 0.742462120245875 8.242462120245875
    endloop
  endfacet
  facet normal 0 -0.7933533402912435 -0.6087614290087098
    outer loop
      vertex -2.5 0.8043466652749269 8.174926990170867
      vertex 2.5 0.8601096465034415 8.102255258168597
      vertex 2.5 0.8043466652749269 8.174926990170867
    endloop
  endfacet
  facet normal 0 -0.8433914458128813 -0.5372996083468305
    outer loop
      vertex -2.5 0.8601096465034415 8.102255258168597
      vertex 2.5 0.9093266739736605 8.025
      vertex 2.5 0.8601096465034415 8.102255258168597
    endloop
  endfacet
  facet normal 0 -0.8870108331782209 -0.4617486132350353
    outer loop
      vertex -2.5 0.9093266739736605 8.025
      vertex 2.5 0.9516231763884825 7.943749174827735
      vertex 2.5 0.9093266739736605 8.025
    endloop
  endfacet
  facet normal 0 -0.9238795325112868 -0.3826834323650892
    outer loop
      vertex -2.5 0.9516231763884825 7.943749174827735
      vertex 2.5 0.9866772518252039 7.859121150491952
      vertex 2.5 0.9516231763884825 7.943749174827735
    endloop
  endfacet
  facet normal 0 0.6755902076156601 -0.7372773368101242
    outer loop
      vertex -2.5 -0.6749269901708662 8.304346665274927
      vertex 2.5 -0.6749269901708662 8.304346665274927
      vertex -2.5 -0.742462120245875 8.242462120245875
    endloop
  endfacet
  facet normal 0 0.6087614290087245 -0.7933533402912322
    outer loop
      vertex -2.5 -0.6022552581685984 8.360109646503442
      vertex 2.5 -0.6022552581685984 8.360109646503442
      vertex -2.5 -0.6749269901708662 8.304346665274927
    endloop
  endfacet
  facet normal 0 0.5372996083468194 -0.8433914458128885
    outer loop
      vertex -2.5 -0.525 8.409326673973661
      vertex 2.5 -0.525 8.409326673973661
      vertex -2.5 -0.6022552581685984 8.360109646503442
    endloop
  endfacet
  facet normal 0 0.46174861323502786 -0.8870108331782248
    outer loop
      vertex -2.5 -0.4437491748277344 8.451623176388482
      vertex 2.5 -0.4437491748277344 8.451623176388482
      vertex -2.5 -0.525 8.409326673973661
    endloop
  endfacet
  facet normal 0 0.38268343236508245 -0.9238795325112898
    outer loop
      vertex -2.5 -0.35912115049195215 8.486677251825203
      vertex 2.5 -0.35912115049195215 8.486677251825203
      vertex -2.5 -0.4437491748277344 8.451623176388482
    endloop
  endfacet
  facet normal 0 0.30070579950428455 -0.9537169507482233
    outer loop
      vertex -2.5 -0.2717599973576468 8.514222117603522
      vertex 2.5 -0.2717599973576468 8.514222117603522
      vertex -2.5 -0.35912115049195215 8.486677251825203
    endloop
  endfacet
  facet normal 0 0.21643961393810354 -0.9762960071199333
    outer loop
      vertex -2.5 -0.18233058655027687 8.534048140662819
      vertex 2.5 -0.18233058655027687 8.534048140662819
      vertex -2.5 -0.2717599973576468 8.514222117603522
    endloop
  endfacet
  facet normal 0 0.6755902076156601 -0.7372773368101242
    outer loop
      vertex -2.5 -0.742462120245875 8.242462120245875
      vertex 2.5 -0.6749269901708662 8.304346665274927
      vertex 2.5 -0.742462120245875 8.242462120245875
    endloop
  endfacet
  facet normal 0 0.6087614290087245 -0.7933533402912322
    outer loop
      vertex -2.5 -0.6749269901708662 8.304346665274927
      vertex 2.5 -0.6022552581685984 8.360109646503442
      vertex 2.5 -0.6749269901708662 8.304346665274927
    endloop
  endfacet
  facet normal 0 0.5372996083468194 -0.8433914458128885
    outer loop
      vertex -2.5 -0.6022552581685984 8.360109646503442
      vertex 2.5 -0.525 8.409326673973661
      vertex 2.5 -0.6022552581685984 8.360109646503442
    endloop
  endfacet
  facet normal 0 0.46174861323502786 -0.8870108331782248
    outer loop
      vertex -2.5 -0.525 8.409326673973661
      vertex 2.5 -0.4437491748277344 8.451623176388482
      vertex 2.5 -0.525 8.409326673973661
    endloop
  endfacet
  facet normal 0 0.38268343236508245 -0.9238795325112898
    outer loop
      vertex -2.5 -0.4437491748277344 8.451623176388482
      vertex 2.5 -0.35912115049195215 8.486677251825203
      vertex 2.5 -0.4437491748277344 8.451623176388482
    endloop
  endfacet
  facet normal 0 0.30070579950428455 -0.9537169507482233
    outer loop
      vertex -2.5 -0.35912115049195215 8.486677251825203
      vertex 2.5 -0.2717599973576468 8.514222117603522
      vertex 2.5 -0.35912115049195215 8.486677251825203
    endloop
  endfacet
  facet normal 0 0.21643961393810354 -0.9762960071199333
    outer loop
      vertex -2.5 -0.2717599973576468 8.514222117603522
      vertex 2.5 -0.18233058655027687 8.534048140662819
      vertex 2.5 -0.2717599973576468 8.514222117603522
    endloop
  endfacet
  facet normal 0 0.1305261922200613 -0.9914448613738092
    outer loop
      vertex -2.5 -0.18233058655027687 8.534048140662819
      vertex 2.5 -0.09151352988504108 8.546004432996334
      vertex 2.5 -0.18233058655027687 8.534048140662819
    endloop
  endfacet
  facet normal 0 0.1305261922200613 -0.9914448613738092
    outer loop
      vertex -2.5 -0.09151352988504108 8.546004432996334
      vertex 2.5 -0.09151352988504108 8.546004432996334
      vertex -2.5 -0.18233058655027687 8.534048140662819
    endloop
  endfacet
  facet normal 0 0.043619387365332586 -0.9990482215818579
    outer loop
      vertex -2.5 0 8.55
      vertex 2.5 0 8.55
      vertex -2.5 -0.09151352988504108 8.546004432996334
    endloop
  endfacet
  facet normal 0 -0.043619387365332586 -0.9990482215818579
    outer loop
      vertex -2.5 0.09151352988504108 8.546004432996334
      vertex 2.5 0.09151352988504108 8.546004432996334
      vertex -2.5 0 8.55
    endloop
  endfacet
  facet normal 0 -0.1305261922200613 -0.9914448613738092
    outer loop
      vertex -2.5 0.18233058655027687 8.534048140662819
      vertex 2.5 0.18233058655027687 8.534048140662819
      vertex -2.5 0.09151352988504108 8.546004432996334
    endloop
  endfacet
  facet normal 0 -0.21643961393810354 -0.9762960071199333
    outer loop
      vertex -2.5 0.2717599973576468 8.514222117603522
      vertex 2.5 0.2717599973576468 8.514222117603522
      vertex -2.5 0.18233058655027687 8.534048140662819
    endloop
  endfacet
  facet normal 0 -0.30070579950428455 -0.9537169507482233
    outer loop
      vertex -2.5 0.35912115049195215 8.486677251825203
      vertex 2.5 0.35912115049195215 8.486677251825203
      vertex -2.5 0.2717599973576468 8.514222117603522
    endloop
  endfacet
  facet normal 0 -0.38268343236508245 -0.9238795325112898
    outer loop
      vertex -2.5 0.4437491748277344 8.451623176388482
      vertex 2.5 0.4437491748277344 8.451623176388482
      vertex -2.5 0.35912115049195215 8.486677251825203
    endloop
  endfacet
  facet normal 0 -0.5372996083468194 -0.8433914458128885
    outer loop
      vertex -2.5 0.6022552581685984 8.360109646503442
      vertex 2.5 0.6022552581685984 8.360109646503442
      vertex -2.5 0.525 8.409326673973661
    endloop
  endfacet
  facet normal 0 -0.46174861323502786 -0.8870108331782248
    outer loop
      vertex -2.5 0.525 8.409326673973661
      vertex 2.5 0.525 8.409326673973661
      vertex -2.5 0.4437491748277344 8.451623176388482
    endloop
  endfacet
  facet normal 0 -0.6087614290087245 -0.7933533402912322
    outer loop
      vertex -2.5 0.6749269901708662 8.304346665274927
      vertex 2.5 0.6749269901708662 8.304346665274927
      vertex -2.5 0.6022552581685984 8.360109646503442
    endloop
  endfacet
  facet normal 0 -0.6755902076156601 -0.7372773368101242
    outer loop
      vertex -2.5 0.742462120245875 8.242462120245875
      vertex 2.5 0.742462120245875 8.242462120245875
      vertex -2.5 0.6749269901708662 8.304346665274927
    endloop
  endfacet
  facet normal 0 0.043619387365332586 -0.9990482215818579
    outer loop
      vertex -2.5 -0.09151352988504108 8.546004432996334
      vertex 2.5 0 8.55
      vertex 2.5 -0.09151352988504108 8.546004432996334
    endloop
  endfacet
  facet normal 0 -0.043619387365332586 -0.9990482215818579
    outer loop
      vertex -2.5 0 8.55
      vertex 2.5 0.09151352988504108 8.546004432996334
      vertex 2.5 0 8.55
    endloop
  endfacet
  facet normal 0 -0.1305261922200613 -0.9914448613738092
    outer loop
      vertex -2.5 0.09151352988504108 8.546004432996334
      vertex 2.5 0.18233058655027687 8.534048140662819
      vertex 2.5 0.09151352988504108 8.546004432996334
    endloop
  endfacet
  facet normal 0 -0.21643961393810354 -0.9762960071199333
    outer loop
      vertex -2.5 0.18233058655027687 8.534048140662819
      vertex 2.5 0.2717599973576468 8.514222117603522
      vertex 2.5 0.18233058655027687 8.534048140662819
    endloop
  endfacet
  facet normal 0 -0.30070579950428455 -0.9537169507482233
    outer loop
      vertex -2.5 0.2717599973576468 8.514222117603522
      vertex 2.5 0.35912115049195215 8.486677251825203
      vertex 2.5 0.2717599973576468 8.514222117603522
    endloop
  endfacet
  facet normal 0 -0.38268343236508245 -0.9238795325112898
    outer loop
      vertex -2.5 0.35912115049195215 8.486677251825203
      vertex 2.5 0.4437491748277344 8.451623176388482
      vertex 2.5 0.35912115049195215 8.486677251825203
    endloop
  endfacet
  facet normal 0 -0.5372996083468194 -0.8433914458128885
    outer loop
      vertex -2.5 0.525 8.409326673973661
      vertex 2.5 0.6022552581685984 8.360109646503442
      vertex 2.5 0.525 8.409326673973661
    endloop
  endfacet
  facet normal 0 -0.46174861323502786 -0.8870108331782248
    outer loop
      vertex -2.5 0.4437491748277344 8.451623176388482
      vertex 2.5 0.525 8.409326673973661
      vertex 2.5 0.4437491748277344 8.451623176388482
    endloop
  endfacet
  facet normal 0 -0.6087614290087245 -0.7933533402912322
    outer loop
      vertex -2.5 0.6022552581685984 8.360109646503442
      vertex 2.5 0.6749269901708662 8.304346665274927
      vertex 2.5 0.6022552581685984 8.360109646503442
    endloop
  endfacet
  facet normal 0 -0.6755902076156601 -0.7372773368101242
    outer loop
      vertex -2.5 0.6749269901708662 8.304346665274927
      vertex 2.5 0.742462120245875 8.242462120245875
      vertex 2.5 0.6749269901708662 8.304346665274927
    endloop
  endfacet
  facet normal -1.184713697268437e-19 -0.9762960071199335 0.2164396139381023
    outer loop
      vertex -2.5 1.0340481406628184 7.317669413449723
      vertex -2.5 1.0142221176035218 7.2282400026423534
      vertex 2.5 1.0142221176035218 7.2282400026423534
    endloop
  endfacet
  facet normal 1.9496415455104236e-19 -0.99144486137381 0.1305261922200545
    outer loop
      vertex -2.5 1.046004432996333 7.408486470114958
      vertex -2.5 1.0340481406628184 7.317669413449723
      vertex 2.5 1.0340481406628184 7.317669413449723
    endloop
  endfacet
  facet normal 4.215898120404143e-20 -0.9990482215818579 0.04361938736533477
    outer loop
      vertex -2.5 1.05 7.5
      vertex -2.5 1.046004432996333 7.408486470114958
      vertex 2.5 1.046004432996333 7.408486470114958
    endloop
  endfacet
  facet normal -4.215898120404143e-20 -0.9990482215818579 -0.04361938736533477
    outer loop
      vertex -2.5 1.046004432996333 7.591513529885042
      vertex -2.5 1.05 7.5
      vertex 2.5 1.05 7.5
    endloop
  endfacet
  facet normal -1.9496415455104236e-19 -0.99144486137381 -0.1305261922200545
    outer loop
      vertex -2.5 1.0340481406628184 7.682330586550277
      vertex -2.5 1.046004432996333 7.591513529885042
      vertex 2.5 1.046004432996333 7.591513529885042
    endloop
  endfacet
  facet normal 1.184713697268437e-19 -0.9762960071199335 -0.2164396139381023
    outer loop
      vertex -2.5 1.0142221176035218 7.7717599973576466
      vertex -2.5 1.0340481406628184 7.682330586550277
      vertex 2.5 1.0340481406628184 7.682330586550277
    endloop
  endfacet
  facet normal -1.9471405420050858e-19 -0.9537169507482275 -0.3007057995042714
    outer loop
      vertex -2.5 0.9866772518252039 7.859121150491952
      vertex -2.5 1.0142221176035218 7.7717599973576466
      vertex 2.5 1.0142221176035218 7.7717599973576466
    endloop
  endfacet
  facet normal 0 -0.9537169507482275 0.3007057995042714
    outer loop
      vertex -2.5 1.0142221176035218 7.2282400026423534
      vertex 2.5 0.9866772518252039 7.140878849508048
      vertex 2.5 1.0142221176035218 7.2282400026423534
    endloop
  endfacet
  facet normal 0 -0.9762960071199335 0.2164396139381023
    outer loop
      vertex -2.5 1.0340481406628184 7.317669413449723
      vertex 2.5 1.0142221176035218 7.2282400026423534
      vertex 2.5 1.0340481406628184 7.317669413449723
    endloop
  endfacet
  facet normal 0 -0.99144486137381 0.1305261922200545
    outer loop
      vertex -2.5 1.046004432996333 7.408486470114958
      vertex 2.5 1.0340481406628184 7.317669413449723
      vertex 2.5 1.046004432996333 7.408486470114958
    endloop
  endfacet
  facet normal 0 -0.9990482215818579 0.04361938736533477
    outer loop
      vertex -2.5 1.05 7.5
      vertex 2.5 1.046004432996333 7.408486470114958
      vertex 2.5 1.05 7.5
    endloop
  endfacet
  facet normal 0 -0.9990482215818579 -0.04361938736533477
    outer loop
      vertex -2.5 1.046004432996333 7.591513529885042
      vertex 2.5 1.05 7.5
      vertex 2.5 1.046004432996333 7.591513529885042
    endloop
  endfacet
  facet normal 0 -0.99144486137381 -0.1305261922200545
    outer loop
      vertex -2.5 1.0340481406628184 7.682330586550277
      vertex 2.5 1.046004432996333 7.591513529885042
      vertex 2.5 1.0340481406628184 7.682330586550277
    endloop
  endfacet
  facet normal 0 -0.9762960071199335 -0.2164396139381023
    outer loop
      vertex -2.5 1.0142221176035218 7.7717599973576466
      vertex 2.5 1.0340481406628184 7.682330586550277
      vertex 2.5 1.0142221176035218 7.7717599973576466
    endloop
  endfacet
  facet normal -3.916508606572718e-19 0.7933533402912327 0.6087614290087239
    outer loop
      vertex 10.5 -0.8043466652749269 6.825073009829134
      vertex 10.5 -0.8601096465034415 6.897744741831401
      vertex 15.5 -0.8601096465034415 6.897744741831401
    endloop
  endfacet
  facet normal -5.508234602374736e-19 0.737277336810126 0.6755902076156581
    outer loop
      vertex 10.5 -0.742462120245875 6.757537879754125
      vertex 10.5 -0.8043466652749269 6.825073009829134
      vertex 15.5 -0.8043466652749269 6.825073009829134
    endloop
  endfacet
  facet normal 6.464833270835875e-19 0.6755902076156601 0.7372773368101242
    outer loop
      vertex 10.5 -0.6749269901708662 6.695653334725073
      vertex 10.5 -0.742462120245875 6.757537879754125
      vertex 15.5 -0.742462120245875 6.757537879754125
    endloop
  endfacet
  facet normal 0 0.6087614290087184 0.7933533402912368
    outer loop
      vertex 10.5 -0.6749269901708662 6.695653334725073
      vertex 15.5 -0.6749269901708662 6.695653334725073
      vertex 10.5 -0.6022552581685984 6.6398903534965585
    endloop
  endfacet
  facet normal 0 0.5372996083468264 0.843391445812884
    outer loop
      vertex 10.5 -0.6022552581685984 6.6398903534965585
      vertex 15.5 -0.6022552581685984 6.6398903534965585
      vertex 10.5 -0.525 6.590673326026339
    endloop
  endfacet
  facet normal 0 0.46174861323502786 0.8870108331782248
    outer loop
      vertex 10.5 -0.525 6.590673326026339
      vertex 15.5 -0.525 6.590673326026339
      vertex 10.5 -0.4437491748277344 6.548376823611518
    endloop
  endfacet
  facet normal 0 0.38268343236509905 0.923879532511283
    outer loop
      vertex 10.5 -0.4437491748277344 6.548376823611518
      vertex 15.5 -0.4437491748277344 6.548376823611518
      vertex 10.5 -0.35912115049195215 6.5133227481747955
    endloop
  endfacet
  facet normal 0 0.3007057995042669 0.9537169507482288
    outer loop
      vertex 10.5 -0.35912115049195215 6.5133227481747955
      vertex 15.5 -0.35912115049195215 6.5133227481747955
      vertex 10.5 -0.2717599973576468 6.485777882396478
    endloop
  endfacet
  facet normal 0 0.21643961393810354 0.9762960071199333
    outer loop
      vertex 10.5 -0.2717599973576468 6.485777882396478
      vertex 15.5 -0.2717599973576468 6.485777882396478
      vertex 10.5 -0.18233058655027687 6.465951859337181
    endloop
  endfacet
  facet normal 0 0.13052619222005177 0.9914448613738105
    outer loop
      vertex 10.5 -0.18233058655027687 6.465951859337181
      vertex 15.5 -0.18233058655027687 6.465951859337181
      vertex 10.5 -0.09151352988504108 6.453995567003667
    endloop
  endfacet
  facet normal 0 0.737277336810126 0.6755902076156581
    outer loop
      vertex 10.5 -0.742462120245875 6.757537879754125
      vertex 15.5 -0.8043466652749269 6.825073009829134
      vertex 15.5 -0.742462120245875 6.757537879754125
    endloop
  endfacet
  facet normal 0 0.7933533402912327 0.6087614290087239
    outer loop
      vertex 10.5 -0.8043466652749269 6.825073009829134
      vertex 15.5 -0.8601096465034415 6.897744741831401
      vertex 15.5 -0.8043466652749269 6.825073009829134
    endloop
  endfacet
  facet normal 0 0.6755902076156601 0.7372773368101242
    outer loop
      vertex 10.5 -0.6749269901708662 6.695653334725073
      vertex 15.5 -0.742462120245875 6.757537879754125
      vertex 15.5 -0.6749269901708662 6.695653334725073
    endloop
  endfacet
  facet normal 0 0.6087614290087184 0.7933533402912368
    outer loop
      vertex 10.5 -0.6022552581685984 6.6398903534965585
      vertex 15.5 -0.6749269901708662 6.695653334725073
      vertex 15.5 -0.6022552581685984 6.6398903534965585
    endloop
  endfacet
  facet normal 0 0.5372996083468264 0.843391445812884
    outer loop
      vertex 10.5 -0.525 6.590673326026339
      vertex 15.5 -0.6022552581685984 6.6398903534965585
      vertex 15.5 -0.525 6.590673326026339
    endloop
  endfacet
  facet normal 0 0.46174861323502786 0.8870108331782248
    outer loop
      vertex 10.5 -0.4437491748277344 6.548376823611518
      vertex 15.5 -0.525 6.590673326026339
      vertex 15.5 -0.4437491748277344 6.548376823611518
    endloop
  endfacet
  facet normal 0 0.38268343236509905 0.923879532511283
    outer loop
      vertex 10.5 -0.35912115049195215 6.5133227481747955
      vertex 15.5 -0.4437491748277344 6.548376823611518
      vertex 15.5 -0.35912115049195215 6.5133227481747955
    endloop
  endfacet
  facet normal 0 0.3007057995042669 0.9537169507482288
    outer loop
      vertex 10.5 -0.2717599973576468 6.485777882396478
      vertex 15.5 -0.35912115049195215 6.5133227481747955
      vertex 15.5 -0.2717599973576468 6.485777882396478
    endloop
  endfacet
  facet normal 0 0.21643961393810354 0.9762960071199333
    outer loop
      vertex 10.5 -0.18233058655027687 6.465951859337181
      vertex 15.5 -0.2717599973576468 6.485777882396478
      vertex 15.5 -0.18233058655027687 6.465951859337181
    endloop
  endfacet
  facet normal -2.482822189241924e-19 0.9238795325112868 0.3826834323650892
    outer loop
      vertex 10.5 -0.9516231763884825 7.056250825172265
      vertex 10.5 -0.9866772518252039 7.140878849508048
      vertex 15.5 -0.9866772518252039 7.140878849508048
    endloop
  endfacet
  facet normal -1.9471405420050858e-19 0.9537169507482275 0.3007057995042714
    outer loop
      vertex 10.5 -0.9866772518252039 7.140878849508048
      vertex 10.5 -1.0142221176035218 7.2282400026423534
      vertex 15.5 -1.0142221176035218 7.2282400026423534
    endloop
  endfacet
  facet normal -1.9496415455104236e-19 0.99144486137381 0.1305261922200545
    outer loop
      vertex 10.5 -1.0340481406628184 7.317669413449723
      vertex 10.5 -1.046004432996333 7.408486470114958
      vertex 15.5 -1.046004432996333 7.408486470114958
    endloop
  endfacet
  facet normal 1.184713697268437e-19 0.9762960071199335 0.2164396139381023
    outer loop
      vertex 10.5 -1.0142221176035218 7.2282400026423534
      vertex 10.5 -1.0340481406628184 7.317669413449723
      vertex 15.5 -1.0340481406628184 7.317669413449723
    endloop
  endfacet
  facet normal -4.215898120404143e-20 0.9990482215818579 0.04361938736533477
    outer loop
      vertex 10.5 -1.046004432996333 7.408486470114958
      vertex 10.5 -1.05 7.5
      vertex 15.5 -1.05 7.5
    endloop
  endfacet
  facet normal 4.215898120404143e-20 0.9990482215818579 -0.04361938736533477
    outer loop
      vertex 10.5 -1.05 7.5
      vertex 10.5 -1.046004432996333 7.591513529885042
      vertex 15.5 -1.046004432996333 7.591513529885042
    endloop
  endfacet
  facet normal 4.63676994633717e-19 0.8870108331782209 0.4617486132350353
    outer loop
      vertex 10.5 -0.9093266739736605 6.975
      vertex 10.5 -0.9516231763884825 7.056250825172265
      vertex 15.5 -0.9516231763884825 7.056250825172265
    endloop
  endfacet
  facet normal -4.353427187561125e-19 0.8433914458128869 0.5372996083468219
    outer loop
      vertex 10.5 -0.8601096465034415 6.897744741831401
      vertex 10.5 -0.9093266739736605 6.975
      vertex 15.5 -0.9093266739736605 6.975
    endloop
  endfacet
  facet normal 1.9496415455104236e-19 0.99144486137381 -0.1305261922200545
    outer loop
      vertex 10.5 -1.046004432996333 7.591513529885042
      vertex 10.5 -1.0340481406628184 7.682330586550277
      vertex 15.5 -1.0340481406628184 7.682330586550277
    endloop
  endfacet
  facet normal -1.184713697268437e-19 0.9762960071199335 -0.2164396139381023
    outer loop
      vertex 10.5 -1.0340481406628184 7.682330586550277
      vertex 10.5 -1.0142221176035218 7.7717599973576466
      vertex 15.5 -1.0142221176035218 7.7717599973576466
    endloop
  endfacet
  facet normal 1.9471405420050858e-19 0.9537169507482275 -0.3007057995042714
    outer loop
      vertex 10.5 -1.0142221176035218 7.7717599973576466
      vertex 10.5 -0.9866772518252039 7.859121150491952
      vertex 15.5 -0.9866772518252039 7.859121150491952
    endloop
  endfacet
  facet normal 2.482822189241924e-19 0.9238795325112868 -0.3826834323650892
    outer loop
      vertex 10.5 -0.9866772518252039 7.859121150491952
      vertex 10.5 -0.9516231763884825 7.943749174827735
      vertex 15.5 -0.9516231763884825 7.943749174827735
    endloop
  endfacet
  facet normal -4.63676994633717e-19 0.8870108331782209 -0.4617486132350353
    outer loop
      vertex 10.5 -0.9516231763884825 7.943749174827735
      vertex 10.5 -0.9093266739736605 8.025
      vertex 15.5 -0.9093266739736605 8.025
    endloop
  endfacet
  facet normal -1.2611293831392107e-19 0.8433914458128813 -0.5372996083468305
    outer loop
      vertex 10.5 -0.9093266739736605 8.025
      vertex 10.5 -0.8601096465034415 8.102255258168597
      vertex 15.5 -0.8601096465034415 8.102255258168597
    endloop
  endfacet
  facet normal -9.266561158319863e-19 0.7933533402912435 -0.6087614290087098
    outer loop
      vertex 10.5 -0.8601096465034415 8.102255258168597
      vertex 10.5 -0.8043466652749269 8.174926990170867
      vertex 15.5 -0.8043466652749269 8.174926990170867
    endloop
  endfacet
  facet normal 0 0.7372773368101215 -0.675590207615663
    outer loop
      vertex 10.5 -0.742462120245875 8.242462120245875
      vertex 15.5 -0.742462120245875 8.242462120245875
      vertex 10.5 -0.8043466652749269 8.174926990170867
    endloop
  endfacet
  facet normal 0 0.9537169507482275 0.3007057995042714
    outer loop
      vertex 10.5 -0.9866772518252039 7.140878849508048
      vertex 15.5 -1.0142221176035218 7.2282400026423534
      vertex 15.5 -0.9866772518252039 7.140878849508048
    endloop
  endfacet
  facet normal 0 0.9762960071199335 0.2164396139381023
    outer loop
      vertex 10.5 -1.0142221176035218 7.2282400026423534
      vertex 15.5 -1.0340481406628184 7.317669413449723
      vertex 15.5 -1.0142221176035218 7.2282400026423534
    endloop
  endfacet
  facet normal 0 0.99144486137381 0.1305261922200545
    outer loop
      vertex 10.5 -1.0340481406628184 7.317669413449723
      vertex 15.5 -1.046004432996333 7.408486470114958
      vertex 15.5 -1.0340481406628184 7.317669413449723
    endloop
  endfacet
  facet normal 0 0.9990482215818579 0.04361938736533477
    outer loop
      vertex 10.5 -1.046004432996333 7.408486470114958
      vertex 15.5 -1.05 7.5
      vertex 15.5 -1.046004432996333 7.408486470114958
    endloop
  endfacet
  facet normal 0 0.9990482215818579 -0.04361938736533477
    outer loop
      vertex 10.5 -1.05 7.5
      vertex 15.5 -1.046004432996333 7.591513529885042
      vertex 15.5 -1.05 7.5
    endloop
  endfacet
  facet normal 0 0.8870108331782209 0.4617486132350353
    outer loop
      vertex 10.5 -0.9093266739736605 6.975
      vertex 15.5 -0.9516231763884825 7.056250825172265
      vertex 15.5 -0.9093266739736605 6.975
    endloop
  endfacet
  facet normal 0 0.8433914458128869 0.5372996083468219
    outer loop
      vertex 10.5 -0.8601096465034415 6.897744741831401
      vertex 15.5 -0.9093266739736605 6.975
      vertex 15.5 -0.8601096465034415 6.897744741831401
    endloop
  endfacet
  facet normal -2.482822189241924e-19 0.9238795325112868 0.3826834323650892
    outer loop
      vertex 15.5 -0.9866772518252039 7.140878849508048
      vertex 15.5 -0.9516231763884825 7.056250825172265
      vertex 10.5 -0.9516231763884825 7.056250825172265
    endloop
  endfacet
  facet normal 0 0.99144486137381 -0.1305261922200545
    outer loop
      vertex 10.5 -1.046004432996333 7.591513529885042
      vertex 15.5 -1.0340481406628184 7.682330586550277
      vertex 15.5 -1.046004432996333 7.591513529885042
    endloop
  endfacet
  facet normal 0 0.9762960071199335 -0.2164396139381023
    outer loop
      vertex 10.5 -1.0340481406628184 7.682330586550277
      vertex 15.5 -1.0142221176035218 7.7717599973576466
      vertex 15.5 -1.0340481406628184 7.682330586550277
    endloop
  endfacet
  facet normal 0 0.9537169507482275 -0.3007057995042714
    outer loop
      vertex 10.5 -1.0142221176035218 7.7717599973576466
      vertex 15.5 -0.9866772518252039 7.859121150491952
      vertex 15.5 -1.0142221176035218 7.7717599973576466
    endloop
  endfacet
  facet normal 0 0.9238795325112868 -0.3826834323650892
    outer loop
      vertex 10.5 -0.9866772518252039 7.859121150491952
      vertex 15.5 -0.9516231763884825 7.943749174827735
      vertex 15.5 -0.9866772518252039 7.859121150491952
    endloop
  endfacet
  facet normal 0 0.8870108331782209 -0.4617486132350353
    outer loop
      vertex 10.5 -0.9516231763884825 7.943749174827735
      vertex 15.5 -0.9093266739736605 8.025
      vertex 15.5 -0.9516231763884825 7.943749174827735
    endloop
  endfacet
  facet normal 0 0.8433914458128813 -0.5372996083468305
    outer loop
      vertex 10.5 -0.9093266739736605 8.025
      vertex 15.5 -0.8601096465034415 8.102255258168597
      vertex 15.5 -0.9093266739736605 8.025
    endloop
  endfacet
  facet normal 0 0.7933533402912435 -0.6087614290087098
    outer loop
      vertex 10.5 -0.8601096465034415 8.102255258168597
      vertex 15.5 -0.8043466652749269 8.174926990170867
      vertex 15.5 -0.8601096465034415 8.102255258168597
    endloop
  endfacet
  facet normal 0 0.7372773368101215 -0.675590207615663
    outer loop
      vertex 10.5 -0.8043466652749269 8.174926990170867
      vertex 15.5 -0.742462120245875 8.242462120245875
      vertex 15.5 -0.8043466652749269 8.174926990170867
    endloop
  endfacet
  facet normal 0 0.043619387365332586 0.9990482215818579
    outer loop
      vertex 10.5 -0.09151352988504108 6.453995567003667
      vertex 15.5 -0.09151352988504108 6.453995567003667
      vertex 10.5 0 6.45
    endloop
  endfacet
  facet normal 0 -0.043619387365332586 0.9990482215818579
    outer loop
      vertex 10.5 0 6.45
      vertex 15.5 0 6.45
      vertex 10.5 0.09151352988504108 6.453995567003667
    endloop
  endfacet
  facet normal 0 -0.13052619222005177 0.9914448613738105
    outer loop
      vertex 10.5 0.09151352988504108 6.453995567003667
      vertex 15.5 0.09151352988504108 6.453995567003667
      vertex 10.5 0.18233058655027687 6.465951859337181
    endloop
  endfacet
  facet normal 0 -0.21643961393810354 0.9762960071199333
    outer loop
      vertex 10.5 0.18233058655027687 6.465951859337181
      vertex 15.5 0.18233058655027687 6.465951859337181
      vertex 10.5 0.2717599973576468 6.485777882396478
    endloop
  endfacet
  facet normal 0 -0.3007057995042669 0.9537169507482288
    outer loop
      vertex 10.5 0.2717599973576468 6.485777882396478
      vertex 15.5 0.2717599973576468 6.485777882396478
      vertex 10.5 0.35912115049195215 6.5133227481747955
    endloop
  endfacet
  facet normal 0 -0.38268343236509905 0.923879532511283
    outer loop
      vertex 10.5 0.35912115049195215 6.5133227481747955
      vertex 15.5 0.35912115049195215 6.5133227481747955
      vertex 10.5 0.4437491748277344 6.548376823611518
    endloop
  endfacet
  facet normal 0 -0.46174861323502786 0.8870108331782248
    outer loop
      vertex 10.5 0.4437491748277344 6.548376823611518
      vertex 15.5 0.4437491748277344 6.548376823611518
      vertex 10.5 0.525 6.590673326026339
    endloop
  endfacet
  facet normal 0 -0.5372996083468264 0.843391445812884
    outer loop
      vertex 10.5 0.525 6.590673326026339
      vertex 15.5 0.525 6.590673326026339
      vertex 10.5 0.6022552581685984 6.6398903534965585
    endloop
  endfacet
  facet normal 0 -0.6087614290087184 0.7933533402912368
    outer loop
      vertex 10.5 0.6022552581685984 6.6398903534965585
      vertex 15.5 0.6022552581685984 6.6398903534965585
      vertex 10.5 0.6749269901708662 6.695653334725073
    endloop
  endfacet
  facet normal 0 -0.6755902076156601 0.7372773368101242
    outer loop
      vertex 10.5 0.6749269901708662 6.695653334725073
      vertex 15.5 0.6749269901708662 6.695653334725073
      vertex 10.5 0.742462120245875 6.757537879754125
    endloop
  endfacet
  facet normal 5.508234602374736e-19 -0.737277336810126 0.6755902076156581
    outer loop
      vertex 10.5 0.8043466652749269 6.825073009829134
      vertex 10.5 0.742462120245875 6.757537879754125
      vertex 15.5 0.742462120245875 6.757537879754125
    endloop
  endfacet
  facet normal 3.916508606572718e-19 -0.7933533402912327 0.6087614290087239
    outer loop
      vertex 10.5 0.8601096465034415 6.897744741831401
      vertex 10.5 0.8043466652749269 6.825073009829134
      vertex 15.5 0.8043466652749269 6.825073009829134
    endloop
  endfacet
  facet normal 0 0.13052619222005177 0.9914448613738105
    outer loop
      vertex 10.5 -0.09151352988504108 6.453995567003667
      vertex 15.5 -0.18233058655027687 6.465951859337181
      vertex 15.5 -0.09151352988504108 6.453995567003667
    endloop
  endfacet
  facet normal 0 0.043619387365332586 0.9990482215818579
    outer loop
      vertex 10.5 0 6.45
      vertex 15.5 -0.09151352988504108 6.453995567003667
      vertex 15.5 0 6.45
    endloop
  endfacet
  facet normal 0 -0.043619387365332586 0.9990482215818579
    outer loop
      vertex 10.5 0.09151352988504108 6.453995567003667
      vertex 15.5 0 6.45
      vertex 15.5 0.09151352988504108 6.453995567003667
    endloop
  endfacet
  facet normal 0 -0.13052619222005177 0.9914448613738105
    outer loop
      vertex 10.5 0.18233058655027687 6.465951859337181
      vertex 15.5 0.09151352988504108 6.453995567003667
      vertex 15.5 0.18233058655027687 6.465951859337181
    endloop
  endfacet
  facet normal 0 -0.21643961393810354 0.9762960071199333
    outer loop
      vertex 10.5 0.2717599973576468 6.485777882396478
      vertex 15.5 0.18233058655027687 6.465951859337181
      vertex 15.5 0.2717599973576468 6.485777882396478
    endloop
  endfacet
  facet normal 0 -0.3007057995042669 0.9537169507482288
    outer loop
      vertex 10.5 0.35912115049195215 6.5133227481747955
      vertex 15.5 0.2717599973576468 6.485777882396478
      vertex 15.5 0.35912115049195215 6.5133227481747955
    endloop
  endfacet
  facet normal 0 -0.38268343236509905 0.923879532511283
    outer loop
      vertex 10.5 0.4437491748277344 6.548376823611518
      vertex 15.5 0.35912115049195215 6.5133227481747955
      vertex 15.5 0.4437491748277344 6.548376823611518
    endloop
  endfacet
  facet normal 0 -0.46174861323502786 0.8870108331782248
    outer loop
      vertex 10.5 0.525 6.590673326026339
      vertex 15.5 0.4437491748277344 6.548376823611518
      vertex 15.5 0.525 6.590673326026339
    endloop
  endfacet
  facet normal 0 -0.5372996083468264 0.843391445812884
    outer loop
      vertex 10.5 0.6022552581685984 6.6398903534965585
      vertex 15.5 0.525 6.590673326026339
      vertex 15.5 0.6022552581685984 6.6398903534965585
    endloop
  endfacet
  facet normal 0 -0.6087614290087184 0.7933533402912368
    outer loop
      vertex 10.5 0.6749269901708662 6.695653334725073
      vertex 15.5 0.6022552581685984 6.6398903534965585
      vertex 15.5 0.6749269901708662 6.695653334725073
    endloop
  endfacet
  facet normal 0 -0.6755902076156601 0.7372773368101242
    outer loop
      vertex 10.5 0.742462120245875 6.757537879754125
      vertex 15.5 0.6749269901708662 6.695653334725073
      vertex 15.5 0.742462120245875 6.757537879754125
    endloop
  endfacet
  facet normal 0 -0.737277336810126 0.6755902076156581
    outer loop
      vertex 10.5 0.8043466652749269 6.825073009829134
      vertex 15.5 0.742462120245875 6.757537879754125
      vertex 15.5 0.8043466652749269 6.825073009829134
    endloop
  endfacet
  facet normal 0 -0.7933533402912327 0.6087614290087239
    outer loop
      vertex 10.5 0.8601096465034415 6.897744741831401
      vertex 15.5 0.8043466652749269 6.825073009829134
      vertex 15.5 0.8601096465034415 6.897744741831401
    endloop
  endfacet
  facet normal 4.353427187561125e-19 -0.8433914458128869 0.5372996083468219
    outer loop
      vertex 10.5 0.9093266739736605 6.975
      vertex 10.5 0.8601096465034415 6.897744741831401
      vertex 15.5 0.8601096465034415 6.897744741831401
    endloop
  endfacet
  facet normal -4.63676994633717e-19 -0.8870108331782209 0.4617486132350353
    outer loop
      vertex 10.5 0.9516231763884825 7.056250825172265
      vertex 10.5 0.9093266739736605 6.975
      vertex 15.5 0.9093266739736605 6.975
    endloop
  endfacet
  facet normal 2.482822189241924e-19 -0.9238795325112868 0.3826834323650892
    outer loop
      vertex 10.5 0.9866772518252039 7.140878849508048
      vertex 10.5 0.9516231763884825 7.056250825172265
      vertex 15.5 0.9516231763884825 7.056250825172265
    endloop
  endfacet
  facet normal 1.9471405420050858e-19 -0.9537169507482275 0.3007057995042714
    outer loop
      vertex 10.5 1.0142221176035218 7.2282400026423534
      vertex 10.5 0.9866772518252039 7.140878849508048
      vertex 15.5 0.9866772518252039 7.140878849508048
    endloop
  endfacet
  facet normal -2.482822189241924e-19 -0.9238795325112868 -0.3826834323650892
    outer loop
      vertex 10.5 0.9516231763884825 7.943749174827735
      vertex 10.5 0.9866772518252039 7.859121150491952
      vertex 15.5 0.9866772518252039 7.859121150491952
    endloop
  endfacet
  facet normal 1.4945037466010053e-19 -0.7372773368101215 -0.675590207615663
    outer loop
      vertex 10.5 0.742462120245875 8.242462120245875
      vertex 10.5 0.8043466652749269 8.174926990170867
      vertex 15.5 0.8043466652749269 8.174926990170867
    endloop
  endfacet
  facet normal 9.266561158319863e-19 -0.7933533402912435 -0.6087614290087098
    outer loop
      vertex 10.5 0.8043466652749269 8.174926990170867
      vertex 10.5 0.8601096465034415 8.102255258168597
      vertex 15.5 0.8601096465034415 8.102255258168597
    endloop
  endfacet
  facet normal 1.2611293831392107e-19 -0.8433914458128813 -0.5372996083468305
    outer loop
      vertex 10.5 0.8601096465034415 8.102255258168597
      vertex 10.5 0.9093266739736605 8.025
      vertex 15.5 0.9093266739736605 8.025
    endloop
  endfacet
  facet normal 4.63676994633717e-19 -0.8870108331782209 -0.4617486132350353
    outer loop
      vertex 10.5 0.9093266739736605 8.025
      vertex 10.5 0.9516231763884825 7.943749174827735
      vertex 15.5 0.9516231763884825 7.943749174827735
    endloop
  endfacet
  facet normal 0 -0.8433914458128869 0.5372996083468219
    outer loop
      vertex 10.5 0.9093266739736605 6.975
      vertex 15.5 0.8601096465034415 6.897744741831401
      vertex 15.5 0.9093266739736605 6.975
    endloop
  endfacet
  facet normal 0 -0.8870108331782209 0.4617486132350353
    outer loop
      vertex 10.5 0.9516231763884825 7.056250825172265
      vertex 15.5 0.9093266739736605 6.975
      vertex 15.5 0.9516231763884825 7.056250825172265
    endloop
  endfacet
  facet normal 0 -0.9238795325112868 0.3826834323650892
    outer loop
      vertex 10.5 0.9866772518252039 7.140878849508048
      vertex 15.5 0.9516231763884825 7.056250825172265
      vertex 15.5 0.9866772518252039 7.140878849508048
    endloop
  endfacet
  facet normal 0 -0.9537169507482275 -0.3007057995042714
    outer loop
      vertex 10.5 0.9866772518252039 7.859121150491952
      vertex 15.5 1.0142221176035218 7.7717599973576466
      vertex 15.5 0.9866772518252039 7.859121150491952
    endloop
  endfacet
  facet normal 0 -0.7372773368101215 -0.675590207615663
    outer loop
      vertex 10.5 0.742462120245875 8.242462120245875
      vertex 15.5 0.8043466652749269 8.174926990170867
      vertex 15.5 0.742462120245875 8.242462120245875
    endloop
  endfacet
  facet normal 0 -0.7933533402912435 -0.6087614290087098
    outer loop
      vertex 10.5 0.8043466652749269 8.174926990170867
      vertex 15.5 0.8601096465034415 8.102255258168597
      vertex 15.5 0.8043466652749269 8.174926990170867
    endloop
  endfacet
  facet normal 0 -0.8433914458128813 -0.5372996083468305
    outer loop
      vertex 10.5 0.8601096465034415 8.102255258168597
      vertex 15.5 0.9093266739736605 8.025
      vertex 15.5 0.8601096465034415 8.102255258168597
    endloop
  endfacet
  facet normal 0 -0.8870108331782209 -0.4617486132350353
    outer loop
      vertex 10.5 0.9093266739736605 8.025
      vertex 15.5 0.9516231763884825 7.943749174827735
      vertex 15.5 0.9093266739736605 8.025
    endloop
  endfacet
  facet normal 0 -0.9238795325112868 -0.3826834323650892
    outer loop
      vertex 10.5 0.9516231763884825 7.943749174827735
      vertex 15.5 0.9866772518252039 7.859121150491952
      vertex 15.5 0.9516231763884825 7.943749174827735
    endloop
  endfacet
  facet normal 0 0.6755902076156601 -0.7372773368101242
    outer loop
      vertex 10.5 -0.6749269901708662 8.304346665274927
      vertex 15.5 -0.6749269901708662 8.304346665274927
      vertex 10.5 -0.742462120245875 8.242462120245875
    endloop
  endfacet
  facet normal 0 0.6087614290087245 -0.7933533402912322
    outer loop
      vertex 10.5 -0.6022552581685984 8.360109646503442
      vertex 15.5 -0.6022552581685984 8.360109646503442
      vertex 10.5 -0.6749269901708662 8.304346665274927
    endloop
  endfacet
  facet normal 0 0.5372996083468194 -0.8433914458128885
    outer loop
      vertex 10.5 -0.525 8.409326673973661
      vertex 15.5 -0.525 8.409326673973661
      vertex 10.5 -0.6022552581685984 8.360109646503442
    endloop
  endfacet
  facet normal 0 0.46174861323502786 -0.8870108331782248
    outer loop
      vertex 10.5 -0.4437491748277344 8.451623176388482
      vertex 15.5 -0.4437491748277344 8.451623176388482
      vertex 10.5 -0.525 8.409326673973661
    endloop
  endfacet
  facet normal 0 0.38268343236508245 -0.9238795325112898
    outer loop
      vertex 10.5 -0.35912115049195215 8.486677251825203
      vertex 15.5 -0.35912115049195215 8.486677251825203
      vertex 10.5 -0.4437491748277344 8.451623176388482
    endloop
  endfacet
  facet normal 0 0.30070579950428455 -0.9537169507482233
    outer loop
      vertex 10.5 -0.2717599973576468 8.514222117603522
      vertex 15.5 -0.2717599973576468 8.514222117603522
      vertex 10.5 -0.35912115049195215 8.486677251825203
    endloop
  endfacet
  facet normal 0 0.21643961393810354 -0.9762960071199333
    outer loop
      vertex 10.5 -0.18233058655027687 8.534048140662819
      vertex 15.5 -0.18233058655027687 8.534048140662819
      vertex 10.5 -0.2717599973576468 8.514222117603522
    endloop
  endfacet
  facet normal 0 0.6755902076156601 -0.7372773368101242
    outer loop
      vertex 10.5 -0.742462120245875 8.242462120245875
      vertex 15.5 -0.6749269901708662 8.304346665274927
      vertex 15.5 -0.742462120245875 8.242462120245875
    endloop
  endfacet
  facet normal 0 0.6087614290087245 -0.7933533402912322
    outer loop
      vertex 10.5 -0.6749269901708662 8.304346665274927
      vertex 15.5 -0.6022552581685984 8.360109646503442
      vertex 15.5 -0.6749269901708662 8.304346665274927
    endloop
  endfacet
  facet normal 0 0.5372996083468194 -0.8433914458128885
    outer loop
      vertex 10.5 -0.6022552581685984 8.360109646503442
      vertex 15.5 -0.525 8.409326673973661
      vertex 15.5 -0.6022552581685984 8.360109646503442
    endloop
  endfacet
  facet normal 0 0.46174861323502786 -0.8870108331782248
    outer loop
      vertex 10.5 -0.525 8.409326673973661
      vertex 15.5 -0.4437491748277344 8.451623176388482
      vertex 15.5 -0.525 8.409326673973661
    endloop
  endfacet
  facet normal 0 0.38268343236508245 -0.9238795325112898
    outer loop
      vertex 10.5 -0.4437491748277344 8.451623176388482
      vertex 15.5 -0.35912115049195215 8.486677251825203
      vertex 15.5 -0.4437491748277344 8.451623176388482
    endloop
  endfacet
  facet normal 0 0.30070579950428455 -0.9537169507482233
    outer loop
      vertex 10.5 -0.35912115049195215 8.486677251825203
      vertex 15.5 -0.2717599973576468 8.514222117603522
      vertex 15.5 -0.35912115049195215 8.486677251825203
    endloop
  endfacet
  facet normal 0 0.21643961393810354 -0.9762960071199333
    outer loop
      vertex 10.5 -0.2717599973576468 8.514222117603522
      vertex 15.5 -0.18233058655027687 8.534048140662819
      vertex 15.5 -0.2717599973576468 8.514222117603522
    endloop
  endfacet
  facet normal 0 0.1305261922200613 -0.9914448613738092
    outer loop
      vertex 10.5 -0.18233058655027687 8.534048140662819
      vertex 15.5 -0.09151352988504108 8.546004432996334
      vertex 15.5 -0.18233058655027687 8.534048140662819
    endloop
  endfacet
  facet normal 0 0.1305261922200613 -0.9914448613738092
    outer loop
      vertex 10.5 -0.09151352988504108 8.546004432996334
      vertex 15.5 -0.09151352988504108 8.546004432996334
      vertex 10.5 -0.18233058655027687 8.534048140662819
    endloop
  endfacet
  facet normal 0 0.043619387365332586 -0.9990482215818579
    outer loop
      vertex 10.5 0 8.55
      vertex 15.5 0 8.55
      vertex 10.5 -0.09151352988504108 8.546004432996334
    endloop
  endfacet
  facet normal 0 -0.043619387365332586 -0.9990482215818579
    outer loop
      vertex 10.5 0.09151352988504108 8.546004432996334
      vertex 15.5 0.09151352988504108 8.546004432996334
      vertex 10.5 0 8.55
    endloop
  endfacet
  facet normal 0 -0.1305261922200613 -0.9914448613738092
    outer loop
      vertex 10.5 0.18233058655027687 8.534048140662819
      vertex 15.5 0.18233058655027687 8.534048140662819
      vertex 10.5 0.09151352988504108 8.546004432996334
    endloop
  endfacet
  facet normal 0 -0.21643961393810354 -0.9762960071199333
    outer loop
      vertex 10.5 0.2717599973576468 8.514222117603522
      vertex 15.5 0.2717599973576468 8.514222117603522
      vertex 10.5 0.18233058655027687 8.534048140662819
    endloop
  endfacet
  facet normal 0 -0.30070579950428455 -0.9537169507482233
    outer loop
      vertex 10.5 0.35912115049195215 8.486677251825203
      vertex 15.5 0.35912115049195215 8.486677251825203
      vertex 10.5 0.2717599973576468 8.514222117603522
    endloop
  endfacet
  facet normal 0 -0.38268343236508245 -0.9238795325112898
    outer loop
      vertex 10.5 0.4437491748277344 8.451623176388482
      vertex 15.5 0.4437491748277344 8.451623176388482
      vertex 10.5 0.35912115049195215 8.486677251825203
    endloop
  endfacet
  facet normal 0 -0.5372996083468194 -0.8433914458128885
    outer loop
      vertex 10.5 0.6022552581685984 8.360109646503442
      vertex 15.5 0.6022552581685984 8.360109646503442
      vertex 10.5 0.525 8.409326673973661
    endloop
  endfacet
  facet normal 0 -0.46174861323502786 -0.8870108331782248
    outer loop
      vertex 10.5 0.525 8.409326673973661
      vertex 15.5 0.525 8.409326673973661
      vertex 10.5 0.4437491748277344 8.451623176388482
    endloop
  endfacet
  facet normal 0 -0.6087614290087245 -0.7933533402912322
    outer loop
      vertex 10.5 0.6749269901708662 8.304346665274927
      vertex 15.5 0.6749269901708662 8.304346665274927
      vertex 10.5 0.6022552581685984 8.360109646503442
    endloop
  endfacet
  facet normal 0 -0.6755902076156601 -0.7372773368101242
    outer loop
      vertex 10.5 0.742462120245875 8.242462120245875
      vertex 15.5 0.742462120245875 8.242462120245875
      vertex 10.5 0.6749269901708662 8.304346665274927
    endloop
  endfacet
  facet normal 0 0.043619387365332586 -0.9990482215818579
    outer loop
      vertex 10.5 -0.09151352988504108 8.546004432996334
      vertex 15.5 0 8.55
      vertex 15.5 -0.09151352988504108 8.546004432996334
    endloop
  endfacet
  facet normal 0 -0.043619387365332586 -0.9990482215818579
    outer loop
      vertex 10.5 0 8.55
      vertex 15.5 0.09151352988504108 8.546004432996334
      vertex 15.5 0 8.55
    endloop
  endfacet
  facet normal 0 -0.1305261922200613 -0.9914448613738092
    outer loop
      vertex 10.5 0.09151352988504108 8.546004432996334
      vertex 15.5 0.18233058655027687 8.534048140662819
      vertex 15.5 0.09151352988504108 8.546004432996334
    endloop
  endfacet
  facet normal 0 -0.21643961393810354 -0.9762960071199333
    outer loop
      vertex 10.5 0.18233058655027687 8.534048140662819
      vertex 15.5 0.2717599973576468 8.514222117603522
      vertex 15.5 0.18233058655027687 8.534048140662819
    endloop
  endfacet
  facet normal 0 -0.30070579950428455 -0.9537169507482233
    outer loop
      vertex 10.5 0.2717599973576468 8.514222117603522
      vertex 15.5 0.35912115049195215 8.486677251825203
      vertex 15.5 0.2717599973576468 8.514222117603522
    endloop
  endfacet
  facet normal 0 -0.38268343236508245 -0.9238795325112898
    outer loop
      vertex 10.5 0.35912115049195215 8.486677251825203
      vertex 15.5 0.4437491748277344 8.451623176388482
      vertex 15.5 0.35912115049195215 8.486677251825203
    endloop
  endfacet
  facet normal 0 -0.5372996083468194 -0.8433914458128885
    outer loop
      vertex 10.5 0.525 8.409326673973661
      vertex 15.5 0.6022552581685984 8.360109646503442
      vertex 15.5 0.525 8.409326673973661
    endloop
  endfacet
  facet normal 0 -0.46174861323502786 -0.8870108331782248
    outer loop
      vertex 10.5 0.4437491748277344 8.451623176388482
      vertex 15.5 0.525 8.409326673973661
      vertex 15.5 0.4437491748277344 8.451623176388482
    endloop
  endfacet
  facet normal 0 -0.6087614290087245 -0.7933533402912322
    outer loop
      vertex 10.5 0.6022552581685984 8.360109646503442
      vertex 15.5 0.6749269901708662 8.304346665274927
      vertex 15.5 0.6022552581685984 8.360109646503442
    endloop
  endfacet
  facet normal 0 -0.6755902076156601 -0.7372773368101242
    outer loop
      vertex 10.5 0.6749269901708662 8.304346665274927
      vertex 15.5 0.742462120245875 8.242462120245875
      vertex 15.5 0.6749269901708662 8.304346665274927
    endloop
  endfacet
  facet normal -1.184713697268437e-19 -0.9762960071199335 0.2164396139381023
    outer loop
      vertex 10.5 1.0340481406628184 7.317669413449723
      vertex 10.5 1.0142221176035218 7.2282400026423534
      vertex 15.5 1.0142221176035218 7.2282400026423534
    endloop
  endfacet
  facet normal 1.9496415455104236e-19 -0.99144486137381 0.1305261922200545
    outer loop
      vertex 10.5 1.046004432996333 7.408486470114958
      vertex 10.5 1.0340481406628184 7.317669413449723
      vertex 15.5 1.0340481406628184 7.317669413449723
    endloop
  endfacet
  facet normal 4.215898120404143e-20 -0.9990482215818579 0.04361938736533477
    outer loop
      vertex 10.5 1.05 7.5
      vertex 10.5 1.046004432996333 7.408486470114958
      vertex 15.5 1.046004432996333 7.408486470114958
    endloop
  endfacet
  facet normal -4.215898120404143e-20 -0.9990482215818579 -0.04361938736533477
    outer loop
      vertex 10.5 1.046004432996333 7.591513529885042
      vertex 10.5 1.05 7.5
      vertex 15.5 1.05 7.5
    endloop
  endfacet
  facet normal -1.9496415455104236e-19 -0.99144486137381 -0.1305261922200545
    outer loop
      vertex 10.5 1.0340481406628184 7.682330586550277
      vertex 10.5 1.046004432996333 7.591513529885042
      vertex 15.5 1.046004432996333 7.591513529885042
    endloop
  endfacet
  facet normal 1.184713697268437e-19 -0.9762960071199335 -0.2164396139381023
    outer loop
      vertex 10.5 1.0142221176035218 7.7717599973576466
      vertex 10.5 1.0340481406628184 7.682330586550277
      vertex 15.5 1.0340481406628184 7.682330586550277
    endloop
  endfacet
  facet normal -1.9471405420050858e-19 -0.9537169507482275 -0.3007057995042714
    outer loop
      vertex 10.5 0.9866772518252039 7.859121150491952
      vertex 10.5 1.0142221176035218 7.7717599973576466
      vertex 15.5 1.0142221176035218 7.7717599973576466
    endloop
  endfacet
  facet normal 0 -0.9537169507482275 0.3007057995042714
    outer loop
      vertex 10.5 1.0142221176035218 7.2282400026423534
      vertex 15.5 0.9866772518252039 7.140878849508048
      vertex 15.5 1.0142221176035218 7.2282400026423534
    endloop
  endfacet
  facet normal 0 -0.9762960071199335 0.2164396139381023
    outer loop
      vertex 10.5 1.0340481406628184 7.317669413449723
      vertex 15.5 1.0142221176035218 7.2282400026423534
      vertex 15.5 1.0340481406628184 7.317669413449723
    endloop
  endfacet
  facet normal 0 -0.99144486137381 0.1305261922200545
    outer loop
      vertex 10.5 1.046004432996333 7.408486470114958
      vertex 15.5 1.0340481406628184 7.317669413449723
      vertex 15.5 1.046004432996333 7.408486470114958
    endloop
  endfacet
  facet normal 0 -0.9990482215818579 0.04361938736533477
    outer loop
      vertex 10.5 1.05 7.5
      vertex 15.5 1.046004432996333 7.408486470114958
      vertex 15.5 1.05 7.5
    endloop
  endfacet
  facet normal 0 -0.9990482215818579 -0.04361938736533477
    outer loop
      vertex 10.5 1.046004432996333 7.591513529885042
      vertex 15.5 1.05 7.5
      vertex 15.5 1.046004432996333 7.591513529885042
    endloop
  endfacet
  facet normal 0 -0.99144486137381 -0.1305261922200545
    outer loop
      vertex 10.5 1.0340481406628184 7.682330586550277
      vertex 15.5 1.046004432996333 7.591513529885042
      vertex 15.5 1.0340481406628184 7.682330586550277
    endloop
  endfacet
  facet normal 0 -0.9762960071199335 -0.2164396139381023
    outer loop
      vertex 10.5 1.0142221176035218 7.7717599973576466
      vertex 15.5 1.0340481406628184 7.682330586550277
      vertex 15.5 1.0142221176035218 7.7717599973576466
    endloop
  endfacet
  facet normal 0.9914448613738104 0.13052619222005152 0
    outer loop
      vertex -1.05 0 5.95
      vertex -1.0142221176035218 -0.2717599973576468 0
      vertex -1.05 0 0
    endloop
  endfacet
  facet normal 0.9914448613738104 -0.13052619222005152 0
    outer loop
      vertex -1.0142221176035218 0.2717599973576468 5.95
      vertex -1.05 0 0
      vertex -1.0142221176035218 0.2717599973576468 0
    endloop
  endfacet
  facet normal 0.38268343236509017 0.9238795325112866 0
    outer loop
      vertex -0.525 -0.9093266739736605 5.95
      vertex -0.2717599973576468 -1.0142221176035218 0
      vertex -0.525 -0.9093266739736605 0
    endloop
  endfacet
  facet normal 0.6087614290087202 0.7933533402912356 0
    outer loop
      vertex -0.742462120245875 -0.742462120245875 5.95
      vertex -0.525 -0.9093266739736605 0
      vertex -0.742462120245875 -0.742462120245875 0
    endloop
  endfacet
  facet normal 0.13052619222005152 0.9914448613738104 0
    outer loop
      vertex -0.2717599973576468 -1.0142221176035218 5.95
      vertex 0 -1.05 0
      vertex -0.2717599973576468 -1.0142221176035218 0
    endloop
  endfacet
  facet normal -0.13052619222005152 0.9914448613738104 0
    outer loop
      vertex 0 -1.05 5.95
      vertex 0.2717599973576468 -1.0142221176035218 0
      vertex 0 -1.05 0
    endloop
  endfacet
  facet normal 0.7933533402912356 0.6087614290087202 0
    outer loop
      vertex -0.9093266739736605 -0.525 5.95
      vertex -0.742462120245875 -0.742462120245875 0
      vertex -0.9093266739736605 -0.525 0
    endloop
  endfacet
  facet normal 0.9238795325112866 0.38268343236509017 0
    outer loop
      vertex -1.0142221176035218 -0.2717599973576468 5.95
      vertex -0.9093266739736605 -0.525 0
      vertex -1.0142221176035218 -0.2717599973576468 0
    endloop
  endfacet
  facet normal -0.38268343236509017 0.9238795325112866 0
    outer loop
      vertex 0.2717599973576468 -1.0142221176035218 5.95
      vertex 0.525 -0.9093266739736605 0
      vertex 0.2717599973576468 -1.0142221176035218 0
    endloop
  endfacet
  facet normal -0.6087614290087202 0.7933533402912356 0
    outer loop
      vertex 0.525 -0.9093266739736605 5.95
      vertex 0.742462120245875 -0.742462120245875 0
      vertex 0.525 -0.9093266739736605 0
    endloop
  endfacet
  facet normal -0.7933533402912356 0.6087614290087202 0
    outer loop
      vertex 0.742462120245875 -0.742462120245875 5.95
      vertex 0.9093266739736605 -0.525 0
      vertex 0.742462120245875 -0.742462120245875 0
    endloop
  endfacet
  facet normal -0.9238795325112866 0.38268343236509017 0
    outer loop
      vertex 0.9093266739736605 -0.525 5.95
      vertex 1.0142221176035218 -0.2717599973576468 0
      vertex 0.9093266739736605 -0.525 0
    endloop
  endfacet
  facet normal -0.9914448613738104 0.13052619222005152 0
    outer loop
      vertex 1.0142221176035218 -0.2717599973576468 5.95
      vertex 1.05 0 0
      vertex 1.0142221176035218 -0.2717599973576468 0
    endloop
  endfacet
  facet normal 0.9238795325112866 -0.38268343236509017 0
    outer loop
      vertex -0.9093266739736605 0.525 5.95
      vertex -1.0142221176035218 0.2717599973576468 0
      vertex -0.9093266739736605 0.525 0
    endloop
  endfacet
  facet normal 0.7933533402912356 -0.6087614290087202 0
    outer loop
      vertex -0.742462120245875 0.742462120245875 5.95
      vertex -0.9093266739736605 0.525 0
      vertex -0.742462120245875 0.742462120245875 0
    endloop
  endfacet
  facet normal 0.6087614290087202 -0.7933533402912356 0
    outer loop
      vertex -0.525 0.9093266739736605 5.95
      vertex -0.742462120245875 0.742462120245875 0
      vertex -0.525 0.9093266739736605 0
    endloop
  endfacet
  facet normal 0.38268343236509017 -0.9238795325112866 0
    outer loop
      vertex -0.2717599973576468 1.0142221176035218 5.95
      vertex -0.525 0.9093266739736605 0
      vertex -0.2717599973576468 1.0142221176035218 0
    endloop
  endfacet
  facet normal -0.9914448613738104 -0.13052619222005152 0
    outer loop
      vertex 1.05 0 5.95
      vertex 1.0142221176035218 0.2717599973576468 0
      vertex 1.05 0 0
    endloop
  endfacet
  facet normal -0.9238795325112866 -0.38268343236509017 0
    outer loop
      vertex 1.0142221176035218 0.2717599973576468 5.95
      vertex 0.9093266739736605 0.525 0
      vertex 1.0142221176035218 0.2717599973576468 0
    endloop
  endfacet
  facet normal -0.7933533402912356 -0.6087614290087202 0
    outer loop
      vertex 0.9093266739736605 0.525 5.95
      vertex 0.742462120245875 0.742462120245875 0
      vertex 0.9093266739736605 0.525 0
    endloop
  endfacet
  facet normal -0.38268343236509017 -0.9238795325112866 0
    outer loop
      vertex 0.525 0.9093266739736605 5.95
      vertex 0.2717599973576468 1.0142221176035218 0
      vertex 0.525 0.9093266739736605 0
    endloop
  endfacet
  facet normal -0.6087614290087202 -0.7933533402912356 0
    outer loop
      vertex 0.742462120245875 0.742462120245875 5.95
      vertex 0.525 0.9093266739736605 0
      vertex 0.742462120245875 0.742462120245875 0
    endloop
  endfacet
  facet normal 0.9914448613738104 0.13052619222005152 1.6777833296706446e-19
    outer loop
      vertex -1.05 0 5.95
      vertex -1.0142221176035218 -0.2717599973576468 5.95
      vertex -1.0142221176035218 -0.2717599973576468 0
    endloop
  endfacet
  facet normal 0.9914448613738104 -0.13052619222005152 -1.6777833296706446e-19
    outer loop
      vertex -1.0142221176035218 0.2717599973576468 5.95
      vertex -1.05 0 5.95
      vertex -1.05 0 0
    endloop
  endfacet
  facet normal 0.6087614290087202 0.7933533402912356 -9.426218326892634e-19
    outer loop
      vertex -0.742462120245875 -0.742462120245875 5.95
      vertex -0.525 -0.9093266739736605 5.95
      vertex -0.525 -0.9093266739736605 0
    endloop
  endfacet
  facet normal 0.38268343236509017 0.9238795325112866 3.64023462677212e-19
    outer loop
      vertex -0.525 -0.9093266739736605 5.95
      vertex -0.2717599973576468 -1.0142221176035218 5.95
      vertex -0.2717599973576468 -1.0142221176035218 0
    endloop
  endfacet
  facet normal 0.13052619222005152 0.9914448613738104 1.6777833296706446e-19
    outer loop
      vertex -0.2717599973576468 -1.0142221176035218 5.95
      vertex 0 -1.05 5.95
      vertex 0 -1.05 0
    endloop
  endfacet
  facet normal -0.13052619222005152 0.9914448613738104 -1.6777833296706446e-19
    outer loop
      vertex 0 -1.05 5.95
      vertex 0.2717599973576468 -1.0142221176035218 5.95
      vertex 0.2717599973576468 -1.0142221176035218 0
    endloop
  endfacet
  facet normal 0.7933533402912356 0.6087614290087202 -9.426218326892634e-19
    outer loop
      vertex -0.9093266739736605 -0.525 5.95
      vertex -0.742462120245875 -0.742462120245875 5.95
      vertex -0.742462120245875 -0.742462120245875 0
    endloop
  endfacet
  facet normal 0.9238795325112866 0.38268343236509017 3.64023462677212e-19
    outer loop
      vertex -1.0142221176035218 -0.2717599973576468 5.95
      vertex -0.9093266739736605 -0.525 5.95
      vertex -0.9093266739736605 -0.525 0
    endloop
  endfacet
  facet normal -0.38268343236509017 0.9238795325112866 -3.64023462677212e-19
    outer loop
      vertex 0.2717599973576468 -1.0142221176035218 5.95
      vertex 0.525 -0.9093266739736605 5.95
      vertex 0.525 -0.9093266739736605 0
    endloop
  endfacet
  facet normal -0.6087614290087202 0.7933533402912356 0
    outer loop
      vertex 0.742462120245875 -0.742462120245875 5.95
      vertex 0.742462120245875 -0.742462120245875 0
      vertex 0.525 -0.9093266739736605 5.95
    endloop
  endfacet
  facet normal -0.7933533402912356 0.6087614290087202 9.426218326892634e-19
    outer loop
      vertex 0.742462120245875 -0.742462120245875 5.95
      vertex 0.9093266739736605 -0.525 5.95
      vertex 0.9093266739736605 -0.525 0
    endloop
  endfacet
  facet normal -0.9238795325112866 0.38268343236509017 0
    outer loop
      vertex 1.0142221176035218 -0.2717599973576468 5.95
      vertex 1.0142221176035218 -0.2717599973576468 0
      vertex 0.9093266739736605 -0.525 5.95
    endloop
  endfacet
  facet normal 0.9238795325112866 -0.38268343236509017 -3.64023462677212e-19
    outer loop
      vertex -0.9093266739736605 0.525 5.95
      vertex -1.0142221176035218 0.2717599973576468 5.95
      vertex -1.0142221176035218 0.2717599973576468 0
    endloop
  endfacet
  facet normal 0.7933533402912356 -0.6087614290087202 9.426218326892634e-19
    outer loop
      vertex -0.742462120245875 0.742462120245875 5.95
      vertex -0.9093266739736605 0.525 5.95
      vertex -0.9093266739736605 0.525 0
    endloop
  endfacet
  facet normal 0.6087614290087202 -0.7933533402912356 9.426218326892634e-19
    outer loop
      vertex -0.525 0.9093266739736605 5.95
      vertex -0.742462120245875 0.742462120245875 5.95
      vertex -0.742462120245875 0.742462120245875 0
    endloop
  endfacet
  facet normal 0.38268343236509017 -0.9238795325112866 0
    outer loop
      vertex -0.525 0.9093266739736605 5.95
      vertex -0.525 0.9093266739736605 0
      vertex -0.2717599973576468 1.0142221176035218 5.95
    endloop
  endfacet
  facet normal -0.9914448613738104 0.13052619222005152 0
    outer loop
      vertex 1.05 0 5.95
      vertex 1.05 0 0
      vertex 1.0142221176035218 -0.2717599973576468 5.95
    endloop
  endfacet
  facet normal -0.9914448613738104 -0.13052619222005152 0
    outer loop
      vertex 1.0142221176035218 0.2717599973576468 5.95
      vertex 1.0142221176035218 0.2717599973576468 0
      vertex 1.05 0 5.95
    endloop
  endfacet
  facet normal -0.7933533402912356 -0.6087614290087202 0
    outer loop
      vertex 0.742462120245875 0.742462120245875 5.95
      vertex 0.742462120245875 0.742462120245875 0
      vertex 0.9093266739736605 0.525 5.95
    endloop
  endfacet
  facet normal -0.38268343236509017 -0.9238795325112866 0
    outer loop
      vertex 0.2717599973576468 1.0142221176035218 5.95
      vertex 0.2717599973576468 1.0142221176035218 0
      vertex 0.525 0.9093266739736605 5.95
    endloop
  endfacet
  facet normal -0.6087614290087202 -0.7933533402912356 0
    outer loop
      vertex 0.525 0.9093266739736605 5.95
      vertex 0.525 0.9093266739736605 0
      vertex 0.742462120245875 0.742462120245875 5.95
    endloop
  endfacet
  facet normal -0.9238795325112866 -0.38268343236509017 0
    outer loop
      vertex 0.9093266739736605 0.525 5.95
      vertex 0.9093266739736605 0.525 0
      vertex 1.0142221176035218 0.2717599973576468 5.95
    endloop
  endfacet
  facet normal 0 0 -1
    outer loop
      vertex -1.0142221176035218 0.2717599973576468 5.95
      vertex -1.0142221176035218 -0.2717599973576468 5.95
      vertex -1.05 0 5.95
    endloop
  endfacet
  facet normal 0 0 -1
    outer loop
      vertex -0.9093266739736605 0.525 5.95
      vertex -0.742462120245875 -0.742462120245875 5.95
      vertex -0.9093266739736605 -0.525 5.95
    endloop
  endfacet
  facet normal 0 0 -1
    outer loop
      vertex -1.0142221176035218 0.2717599973576468 5.95
      vertex -0.9093266739736605 -0.525 5.95
      vertex -1.0142221176035218 -0.2717599973576468 5.95
    endloop
  endfacet
  facet normal 0 0 -1
    outer loop
      vertex -0.742462120245875 0.742462120245875 5.95
      vertex -0.525 -0.9093266739736605 5.95
      vertex -0.742462120245875 -0.742462120245875 5.95
    endloop
  endfacet
  facet normal 0 0 -1
    outer loop
      vertex -0.525 0.9093266739736605 5.95
      vertex -0.2717599973576468 -1.0142221176035218 5.95
      vertex -0.525 -0.9093266739736605 5.95
    endloop
  endfacet
  facet normal 0 0 -1
    outer loop
      vertex -0.2717599973576468 1.0142221176035218 5.95
      vertex 0 -1.05 5.95
      vertex -0.2717599973576468 -1.0142221176035218 5.95
    endloop
  endfacet
  facet normal 0 0 -1
    outer loop
      vertex 0 1.05 5.95
      vertex 0.2717599973576468 -1.0142221176035218 5.95
      vertex 0 -1.05 5.95
    endloop
  endfacet
  facet normal 0 0 -1
    outer loop
      vertex 0.2717599973576468 1.0142221176035218 5.95
      vertex 0.525 -0.9093266739736605 5.95
      vertex 0.2717599973576468 -1.0142221176035218 5.95
    endloop
  endfacet
  facet normal 0 0 -1
    outer loop
      vertex 0.525 0.9093266739736605 5.95
      vertex 0.742462120245875 -0.742462120245875 5.95
      vertex 0.525 -0.9093266739736605 5.95
    endloop
  endfacet
  facet normal 0 0 -1
    outer loop
      vertex 0.742462120245875 0.742462120245875 5.95
      vertex 0.9093266739736605 -0.525 5.95
      vertex 0.742462120245875 -0.742462120245875 5.95
    endloop
  endfacet
  facet normal 0 0 -1
    outer loop
      vertex -0.9093266739736605 0.525 5.95
      vertex -0.9093266739736605 -0.525 5.95
      vertex -1.0142221176035218 0.2717599973576468 5.95
    endloop
  endfacet
  facet normal 0 0 -1
    outer loop
      vertex -0.742462120245875 0.742462120245875 5.95
      vertex -0.742462120245875 -0.742462120245875 5.95
      vertex -0.9093266739736605 0.525 5.95
    endloop
  endfacet
  facet normal 0 0 -1
    outer loop
      vertex -0.525 0.9093266739736605 5.95
      vertex -0.525 -0.9093266739736605 5.95
      vertex -0.742462120245875 0.742462120245875 5.95
    endloop
  endfacet
  facet normal 0 0 -1
    outer loop
      vertex -0.525 0.9093266739736605 5.95
      vertex -0.2717599973576468 1.0142221176035218 5.95
      vertex -0.2717599973576468 -1.0142221176035218 5.95
    endloop
  endfacet
  facet normal 0 0 -1
    outer loop
      vertex -0.2717599973576468 1.0142221176035218 5.95
      vertex 0 1.05 5.95
      vertex 0 -1.05 5.95
    endloop
  endfacet
  facet normal 0 0 -1
    outer loop
      vertex 0 1.05 5.95
      vertex 0.2717599973576468 1.0142221176035218 5.95
      vertex 0.2717599973576468 -1.0142221176035218 5.95
    endloop
  endfacet
  facet normal 0 0 -1
    outer loop
      vertex 0.2717599973576468 1.0142221176035218 5.95
      vertex 0.525 0.9093266739736605 5.95
      vertex 0.525 -0.9093266739736605 5.95
    endloop
  endfacet
  facet normal 0 0 -1
    outer loop
      vertex 0.742462120245875 0.742462120245875 5.95
      vertex 0.9093266739736605 0.525 5.95
      vertex 0.9093266739736605 -0.525 5.95
    endloop
  endfacet
  facet normal 0 0 -1
    outer loop
      vertex 0.525 0.9093266739736605 5.95
      vertex 0.742462120245875 0.742462120245875 5.95
      vertex 0.742462120245875 -0.742462120245875 5.95
    endloop
  endfacet
  facet normal 0 0 -1
    outer loop
      vertex 0.9093266739736605 0.525 5.95
      vertex 1.0142221176035218 -0.2717599973576468 5.95
      vertex 0.9093266739736605 -0.525 5.95
    endloop
  endfacet
  facet normal 0 0 -1
    outer loop
      vertex 1.0142221176035218 0.2717599973576468 5.95
      vertex 1.05 0 5.95
      vertex 1.0142221176035218 -0.2717599973576468 5.95
    endloop
  endfacet
  facet normal 0 0 -1
    outer loop
      vertex 0.9093266739736605 0.525 5.95
      vertex 1.0142221176035218 0.2717599973576468 5.95
      vertex 1.0142221176035218 -0.2717599973576468 5.95
    endloop
  endfacet
  facet normal 0.13052619222005152 -0.9914448613738104 0
    outer loop
      vertex 0 1.05 5.95
      vertex -0.2717599973576468 1.0142221176035218 0
      vertex 0 1.05 0
    endloop
  endfacet
  facet normal -0.13052619222005152 -0.9914448613738104 0
    outer loop
      vertex 0.2717599973576468 1.0142221176035218 5.95
      vertex 0 1.05 0
      vertex 0.2717599973576468 1.0142221176035218 0
    endloop
  endfacet
  facet normal 0.13052619222005152 -0.9914448613738104 0
    outer loop
      vertex -0.2717599973576468 1.0142221176035218 5.95
      vertex -0.2717599973576468 1.0142221176035218 0
      vertex 0 1.05 5.95
    endloop
  endfacet
  facet normal -0.13052619222005152 -0.9914448613738104 0
    outer loop
      vertex 0 1.05 5.95
      vertex 0 1.05 0
      vertex 0.2717599973576468 1.0142221176035218 5.95
    endloop
  endfacet
  facet normal 0.6087614290087203 0.7933533402912354 0
    outer loop
      vertex 12.257537879754125 -0.742462120245875 5.95
      vertex 12.475 -0.9093266739736605 0
      vertex 12.257537879754125 -0.742462120245875 0
    endloop
  endfacet
  facet normal 0.38268343236508945 0.923879532511287 0
    outer loop
      vertex 12.475 -0.9093266739736605 5.95
      vertex 12.728240002642353 -1.0142221176035218 0
      vertex 12.475 -0.9093266739736605 0
    endloop
  endfacet
  facet normal 0.9238795325112872 0.3826834323650887 0
    outer loop
      vertex 11.985777882396478 -0.2717599973576468 5.95
      vertex 12.090673326026339 -0.525 0
      vertex 11.985777882396478 -0.2717599973576468 0
    endloop
  endfacet
  facet normal 0.7933533402912352 0.6087614290087207 0
    outer loop
      vertex 12.090673326026339 -0.525 5.95
      vertex 12.257537879754125 -0.742462120245875 0
      vertex 12.090673326026339 -0.525 0
    endloop
  endfacet
  facet normal 0.13052619222005163 0.9914448613738104 0
    outer loop
      vertex 12.728240002642353 -1.0142221176035218 5.95
      vertex 13 -1.05 0
      vertex 12.728240002642353 -1.0142221176035218 0
    endloop
  endfacet
  facet normal -0.13052619222005163 0.9914448613738104 0
    outer loop
      vertex 13 -1.05 5.95
      vertex 13.271759997357647 -1.0142221176035218 0
      vertex 13 -1.05 0
    endloop
  endfacet
  facet normal -0.38268343236508945 0.923879532511287 0
    outer loop
      vertex 13.271759997357647 -1.0142221176035218 5.95
      vertex 13.525 -0.9093266739736605 0
      vertex 13.271759997357647 -1.0142221176035218 0
    endloop
  endfacet
  facet normal -0.6087614290087203 0.7933533402912354 0
    outer loop
      vertex 13.525 -0.9093266739736605 5.95
      vertex 13.742462120245875 -0.742462120245875 0
      vertex 13.525 -0.9093266739736605 0
    endloop
  endfacet
  facet normal -0.7933533402912352 0.6087614290087207 0
    outer loop
      vertex 13.742462120245875 -0.742462120245875 5.95
      vertex 13.909326673973661 -0.525 0
      vertex 13.742462120245875 -0.742462120245875 0
    endloop
  endfacet
  facet normal -0.9238795325112872 0.3826834323650887 0
    outer loop
      vertex 13.909326673973661 -0.525 5.95
      vertex 14.014222117603522 -0.2717599973576468 0
      vertex 13.909326673973661 -0.525 0
    endloop
  endfacet
  facet normal 0.9914448613738102 0.13052619222005393 0
    outer loop
      vertex 11.95 0 5.95
      vertex 11.985777882396478 -0.2717599973576468 0
      vertex 11.95 0 0
    endloop
  endfacet
  facet normal 0.9914448613738102 -0.13052619222005393 0
    outer loop
      vertex 11.985777882396478 0.2717599973576468 5.95
      vertex 11.95 0 0
      vertex 11.985777882396478 0.2717599973576468 0
    endloop
  endfacet
  facet normal 0.9238795325112872 -0.3826834323650887 0
    outer loop
      vertex 12.090673326026339 0.525 5.95
      vertex 11.985777882396478 0.2717599973576468 0
      vertex 12.090673326026339 0.525 0
    endloop
  endfacet
  facet normal 0.7933533402912352 -0.6087614290087207 0
    outer loop
      vertex 12.257537879754125 0.742462120245875 5.95
      vertex 12.090673326026339 0.525 0
      vertex 12.257537879754125 0.742462120245875 0
    endloop
  endfacet
  facet normal 0.6087614290087203 -0.7933533402912354 0
    outer loop
      vertex 12.475 0.9093266739736605 5.95
      vertex 12.257537879754125 0.742462120245875 0
      vertex 12.475 0.9093266739736605 0
    endloop
  endfacet
  facet normal 0.38268343236508945 -0.923879532511287 0
    outer loop
      vertex 12.728240002642353 1.0142221176035218 5.95
      vertex 12.475 0.9093266739736605 0
      vertex 12.728240002642353 1.0142221176035218 0
    endloop
  endfacet
  facet normal -0.9238795325112872 -0.3826834323650887 0
    outer loop
      vertex 14.014222117603522 0.2717599973576468 5.95
      vertex 13.909326673973661 0.525 0
      vertex 14.014222117603522 0.2717599973576468 0
    endloop
  endfacet
  facet normal -0.7933533402912352 -0.6087614290087207 0
    outer loop
      vertex 13.909326673973661 0.525 5.95
      vertex 13.742462120245875 0.742462120245875 0
      vertex 13.909326673973661 0.525 0
    endloop
  endfacet
  facet normal -0.6087614290087203 -0.7933533402912354 0
    outer loop
      vertex 13.742462120245875 0.742462120245875 5.95
      vertex 13.525 0.9093266739736605 0
      vertex 13.742462120245875 0.742462120245875 0
    endloop
  endfacet
  facet normal -0.38268343236508945 -0.923879532511287 0
    outer loop
      vertex 13.525 0.9093266739736605 5.95
      vertex 13.271759997357647 1.0142221176035218 0
      vertex 13.525 0.9093266739736605 0
    endloop
  endfacet
  facet normal -0.9914448613738102 0.13052619222005393 0
    outer loop
      vertex 14.014222117603522 -0.2717599973576468 5.95
      vertex 14.05 0 0
      vertex 14.014222117603522 -0.2717599973576468 0
    endloop
  endfacet
  facet normal -0.9914448613738102 -0.13052619222005393 0
    outer loop
      vertex 14.05 0 5.95
      vertex 14.014222117603522 0.2717599973576468 0
      vertex 14.05 0 0
    endloop
  endfacet
  facet normal 0.38268343236508945 0.923879532511287 8.250685385425407e-19
    outer loop
      vertex 12.475 -0.9093266739736605 5.95
      vertex 12.728240002642353 -1.0142221176035218 5.95
      vertex 12.728240002642353 -1.0142221176035218 0
    endloop
  endfacet
  facet normal 0.6087614290087203 0.7933533402912354 1.9072331862669457e-18
    outer loop
      vertex 12.257537879754125 -0.742462120245875 5.95
      vertex 12.475 -0.9093266739736605 5.95
      vertex 12.475 -0.9093266739736605 0
    endloop
  endfacet
  facet normal 0.9238795325112872 0.3826834323650887 -8.810350303462024e-19
    outer loop
      vertex 11.985777882396478 -0.2717599973576468 5.95
      vertex 12.090673326026339 -0.525 5.95
      vertex 12.090673326026339 -0.525 0
    endloop
  endfacet
  facet normal 0.9914448613738102 0.13052619222005393 -2.1070769668189142e-19
    outer loop
      vertex 11.95 0 5.95
      vertex 11.985777882396478 -0.2717599973576468 5.95
      vertex 11.985777882396478 -0.2717599973576468 0
    endloop
  endfacet
  facet normal 0.7933533402912352 0.6087614290087207 -7.672815863811146e-19
    outer loop
      vertex 12.090673326026339 -0.525 5.95
      vertex 12.257537879754125 -0.742462120245875 5.95
      vertex 12.257537879754125 -0.742462120245875 0
    endloop
  endfacet
  facet normal 0.13052619222005163 0.9914448613738104 -2.794106672364947e-19
    outer loop
      vertex 12.728240002642353 -1.0142221176035218 5.95
      vertex 13 -1.05 5.95
      vertex 13 -1.05 0
    endloop
  endfacet
  facet normal -0.13052619222005163 0.9914448613738104 2.794106672364947e-19
    outer loop
      vertex 13 -1.05 5.95
      vertex 13.271759997357647 -1.0142221176035218 5.95
      vertex 13.271759997357647 -1.0142221176035218 0
    endloop
  endfacet
  facet normal -0.38268343236508945 0.923879532511287 -8.250685385425407e-19
    outer loop
      vertex 13.271759997357647 -1.0142221176035218 5.95
      vertex 13.525 -0.9093266739736605 5.95
      vertex 13.525 -0.9093266739736605 0
    endloop
  endfacet
  facet normal -0.6087614290087203 0.7933533402912354 0
    outer loop
      vertex 13.742462120245875 -0.742462120245875 5.95
      vertex 13.742462120245875 -0.742462120245875 0
      vertex 13.525 -0.9093266739736605 5.95
    endloop
  endfacet
  facet normal -0.7933533402912352 0.6087614290087207 7.672815863811146e-19
    outer loop
      vertex 13.742462120245875 -0.742462120245875 5.95
      vertex 13.909326673973661 -0.525 5.95
      vertex 13.909326673973661 -0.525 0
    endloop
  endfacet
  facet normal -0.9238795325112872 0.3826834323650887 0
    outer loop
      vertex 14.014222117603522 -0.2717599973576468 5.95
      vertex 14.014222117603522 -0.2717599973576468 0
      vertex 13.909326673973661 -0.525 5.95
    endloop
  endfacet
  facet normal 0.9914448613738102 -0.13052619222005393 2.1070769668189142e-19
    outer loop
      vertex 11.985777882396478 0.2717599973576468 5.95
      vertex 11.95 0 5.95
      vertex 11.95 0 0
    endloop
  endfacet
  facet normal 0.9238795325112872 -0.3826834323650887 8.810350303462024e-19
    outer loop
      vertex 12.090673326026339 0.525 5.95
      vertex 11.985777882396478 0.2717599973576468 5.95
      vertex 11.985777882396478 0.2717599973576468 0
    endloop
  endfacet
  facet normal 0.7933533402912352 -0.6087614290087207 7.672815863811146e-19
    outer loop
      vertex 12.257537879754125 0.742462120245875 5.95
      vertex 12.090673326026339 0.525 5.95
      vertex 12.090673326026339 0.525 0
    endloop
  endfacet
  facet normal 0.6087614290087203 -0.7933533402912354 -1.9072331862669457e-18
    outer loop
      vertex 12.475 0.9093266739736605 5.95
      vertex 12.257537879754125 0.742462120245875 5.95
      vertex 12.257537879754125 0.742462120245875 0
    endloop
  endfacet
  facet normal 0.38268343236508945 -0.923879532511287 0
    outer loop
      vertex 12.475 0.9093266739736605 5.95
      vertex 12.475 0.9093266739736605 0
      vertex 12.728240002642353 1.0142221176035218 5.95
    endloop
  endfacet
  facet normal -0.38268343236508945 -0.923879532511287 0
    outer loop
      vertex 13.271759997357647 1.0142221176035218 5.95
      vertex 13.271759997357647 1.0142221176035218 0
      vertex 13.525 0.9093266739736605 5.95
    endloop
  endfacet
  facet normal -0.9238795325112872 -0.3826834323650887 0
    outer loop
      vertex 13.909326673973661 0.525 5.95
      vertex 13.909326673973661 0.525 0
      vertex 14.014222117603522 0.2717599973576468 5.95
    endloop
  endfacet
  facet normal -0.7933533402912352 -0.6087614290087207 0
    outer loop
      vertex 13.742462120245875 0.742462120245875 5.95
      vertex 13.742462120245875 0.742462120245875 0
      vertex 13.909326673973661 0.525 5.95
    endloop
  endfacet
  facet normal -0.6087614290087203 -0.7933533402912354 0
    outer loop
      vertex 13.525 0.9093266739736605 5.95
      vertex 13.525 0.9093266739736605 0
      vertex 13.742462120245875 0.742462120245875 5.95
    endloop
  endfacet
  facet normal -0.9914448613738102 0.13052619222005393 0
    outer loop
      vertex 14.05 0 5.95
      vertex 14.05 0 0
      vertex 14.014222117603522 -0.2717599973576468 5.95
    endloop
  endfacet
  facet normal -0.9914448613738102 -0.13052619222005393 0
    outer loop
      vertex 14.014222117603522 0.2717599973576468 5.95
      vertex 14.014222117603522 0.2717599973576468 0
      vertex 14.05 0 5.95
    endloop
  endfacet
  facet normal 0 0 -1
    outer loop
      vertex 11.985777882396478 0.2717599973576468 5.95
      vertex 12.090673326026339 -0.525 5.95
      vertex 11.985777882396478 -0.2717599973576468 5.95
    endloop
  endfacet
  facet normal 0 0 -1
    outer loop
      vertex 12.257537879754125 0.742462120245875 5.95
      vertex 12.475 -0.9093266739736605 5.95
      vertex 12.257537879754125 -0.742462120245875 5.95
    endloop
  endfacet
  facet normal 0 0 -1
    outer loop
      vertex 12.090673326026339 0.525 5.95
      vertex 12.257537879754125 -0.742462120245875 5.95
      vertex 12.090673326026339 -0.525 5.95
    endloop
  endfacet
  facet normal 0 0 -1
    outer loop
      vertex 12.475 0.9093266739736605 5.95
      vertex 12.728240002642353 -1.0142221176035218 5.95
      vertex 12.475 -0.9093266739736605 5.95
    endloop
  endfacet
  facet normal 0 0 -1
    outer loop
      vertex 12.728240002642353 1.0142221176035218 5.95
      vertex 13 -1.05 5.95
      vertex 12.728240002642353 -1.0142221176035218 5.95
    endloop
  endfacet
  facet normal 0 0 -1
    outer loop
      vertex 13 1.05 5.95
      vertex 13.271759997357647 -1.0142221176035218 5.95
      vertex 13 -1.05 5.95
    endloop
  endfacet
  facet normal 0 0 -1
    outer loop
      vertex 13.271759997357647 1.0142221176035218 5.95
      vertex 13.525 -0.9093266739736605 5.95
      vertex 13.271759997357647 -1.0142221176035218 5.95
    endloop
  endfacet
  facet normal 0 0 -1
    outer loop
      vertex 13.525 0.9093266739736605 5.95
      vertex 13.742462120245875 -0.742462120245875 5.95
      vertex 13.525 -0.9093266739736605 5.95
    endloop
  endfacet
  facet normal 0 0 -1
    outer loop
      vertex 13.742462120245875 0.742462120245875 5.95
      vertex 13.909326673973661 -0.525 5.95
      vertex 13.742462120245875 -0.742462120245875 5.95
    endloop
  endfacet
  facet normal 0 0 -1
    outer loop
      vertex 11.985777882396478 0.2717599973576468 5.95
      vertex 11.985777882396478 -0.2717599973576468 5.95
      vertex 11.95 0 5.95
    endloop
  endfacet
  facet normal 0 0 -1
    outer loop
      vertex 12.090673326026339 0.525 5.95
      vertex 12.090673326026339 -0.525 5.95
      vertex 11.985777882396478 0.2717599973576468 5.95
    endloop
  endfacet
  facet normal 0 0 -1
    outer loop
      vertex 12.257537879754125 0.742462120245875 5.95
      vertex 12.257537879754125 -0.742462120245875 5.95
      vertex 12.090673326026339 0.525 5.95
    endloop
  endfacet
  facet normal 0 0 -1
    outer loop
      vertex 12.475 0.9093266739736605 5.95
      vertex 12.475 -0.9093266739736605 5.95
      vertex 12.257537879754125 0.742462120245875 5.95
    endloop
  endfacet
  facet normal 0 0 -1
    outer loop
      vertex 12.475 0.9093266739736605 5.95
      vertex 12.728240002642353 1.0142221176035218 5.95
      vertex 12.728240002642353 -1.0142221176035218 5.95
    endloop
  endfacet
  facet normal 0 0 -1
    outer loop
      vertex 12.728240002642353 1.0142221176035218 5.95
      vertex 13 1.05 5.95
      vertex 13 -1.05 5.95
    endloop
  endfacet
  facet normal 0 0 -1
    outer loop
      vertex 13 1.05 5.95
      vertex 13.271759997357647 1.0142221176035218 5.95
      vertex 13.271759997357647 -1.0142221176035218 5.95
    endloop
  endfacet
  facet normal 0 0 -1
    outer loop
      vertex 13.909326673973661 0.525 5.95
      vertex 14.014222117603522 -0.2717599973576468 5.95
      vertex 13.909326673973661 -0.525 5.95
    endloop
  endfacet
  facet normal 0 0 -1
    outer loop
      vertex 13.271759997357647 1.0142221176035218 5.95
      vertex 13.525 0.9093266739736605 5.95
      vertex 13.525 -0.9093266739736605 5.95
    endloop
  endfacet
  facet normal 0 0 -1
    outer loop
      vertex 13.525 0.9093266739736605 5.95
      vertex 13.742462120245875 0.742462120245875 5.95
      vertex 13.742462120245875 -0.742462120245875 5.95
    endloop
  endfacet
  facet normal 0 0 -1
    outer loop
      vertex 13.909326673973661 0.525 5.95
      vertex 14.014222117603522 0.2717599973576468 5.95
      vertex 14.014222117603522 -0.2717599973576468 5.95
    endloop
  endfacet
  facet normal 0 0 -1
    outer loop
      vertex 13.742462120245875 0.742462120245875 5.95
      vertex 13.909326673973661 0.525 5.95
      vertex 13.909326673973661 -0.525 5.95
    endloop
  endfacet
  facet normal 0 0 -1
    outer loop
      vertex 14.014222117603522 0.2717599973576468 5.95
      vertex 14.05 0 5.95
      vertex 14.014222117603522 -0.2717599973576468 5.95
    endloop
  endfacet
  facet normal 0.13052619222005163 -0.9914448613738104 0
    outer loop
      vertex 13 1.05 5.95
      vertex 12.728240002642353 1.0142221176035218 0
      vertex 13 1.05 0
    endloop
  endfacet
  facet normal -0.13052619222005163 -0.9914448613738104 0
    outer loop
      vertex 13.271759997357647 1.0142221176035218 5.95
      vertex 13 1.05 0
      vertex 13.271759997357647 1.0142221176035218 0
    endloop
  endfacet
  facet normal 0.13052619222005163 -0.9914448613738104 0
    outer loop
      vertex 12.728240002642353 1.0142221176035218 5.95
      vertex 12.728240002642353 1.0142221176035218 0
      vertex 13 1.05 5.95
    endloop
  endfacet
  facet normal -0.13052619222005163 -0.9914448613738104 0
    outer loop
      vertex 13 1.05 5.95
      vertex 13 1.05 0
      vertex 13.271759997357647 1.0142221176035218 5.95
    endloop
  endfacet
endsolid OpenSCAD_Model
