solid OpenSCAD_Model
  facet normal 0 0 -1
    outer loop
      vertex -18.596476317900247 -12 0
      vertex -19.596476317900247 0 0
      vertex -18.596476317900247 -8 0
    endloop
  endfacet
  facet normal -0.985951598951662 -0.08974583493432406 -0.1408727427027752
    outer loop
      vertex -18.596476317900247 -12 0
      vertex -19.596476317900247 -2.007517527228661 0.6329678449885288
      vertex -19.596476317900247 -1.75 0.4689110867544648
    endloop
  endfacet
  facet normal -0.9886656014527688 -0.09139601250690184 -0.11910960247550671
    outer loop
      vertex -18.596476317900247 -12 0
      vertex -19.596476317900247 -2.249756633902887 0.8188444490835769
      vertex -19.596476317900247 -2.007517527228661 0.6329678449885288
    endloop
  endfacet
  facet normal -0.9904684965075979 -0.09305542690781618 -0.10155217845513045
    outer loop
      vertex -18.596476317900247 -12 0
      vertex -19.596476317900247 -2.4748737341529163 1.0251262658470837
      vertex -19.596476317900247 -2.249756633902887 0.8188444490835769
    endloop
  endfacet
  facet normal -0.9917045018026569 -0.0947686236850172 -0.08683944420130646
    outer loop
      vertex -18.596476317900247 -12 0
      vertex -19.596476317900247 -2.681155550916423 1.2502433660971128
      vertex -19.596476317900247 -2.4748737341529163 1.0251262658470837
    endloop
  endfacet
  facet normal -0.9925640204553251 -0.09656992404853323 -0.07410070894951877
    outer loop
      vertex -18.596476317900247 -12 0
      vertex -19.596476317900247 -2.8670321550114712 1.4924824727713388
      vertex -19.596476317900247 -2.681155550916423 1.2502433660971128
    endloop
  endfacet
  facet normal -0.9931578996180571 -0.0984905959277249 -0.06274542963476064
    outer loop
      vertex -18.596476317900247 -12 0
      vertex -19.596476317900247 -3.031088913245535 1.75
      vertex -19.596476317900247 -2.8670321550114712 1.4924824727713388
    endloop
  endfacet
  facet normal -0.9935525093200644 -0.10056297785096409 -0.052349772774576746
    outer loop
      vertex -18.596476317900247 -12 0
      vertex -19.596476317900247 -3.1720772546282747 2.020836083907552
      vertex -19.596476317900247 -3.031088913245535 1.75
    endloop
  endfacet
  facet normal -0.9937873705161787 -0.10282352610716482 -0.042590899044612024
    outer loop
      vertex -18.596476317900247 -12 0
      vertex -19.596476317900247 -3.2889241727506793 2.3029294983601596
      vertex -19.596476317900247 -3.1720772546282747 2.020836083907552
    endloop
  endfacet
  facet normal -0.9938842799692953 -0.10531573768971761 -0.03320592454346436
    outer loop
      vertex -18.596476317900247 -12 0
      vertex -19.596476317900247 -3.380740392011739 2.5941333421411774
      vertex -19.596476317900247 -3.2889241727506793 2.3029294983601596
    endloop
  endfacet
  facet normal -0.8386443252450947 -0.07109493368819877 -0.5400196349560548
    outer loop
      vertex -18.596476317900247 -12 0
      vertex -19.596476317900247 -0.6077686218342562 0.053172864457271984
      vertex -19.596476317900247 -0.3050450996168036 0.01331855667889048
    endloop
  endfacet
  facet normal -0.4637449639963891 -0.03864541366636576 -0.8851254941365903
    outer loop
      vertex -18.596476317900247 -12 0
      vertex -19.596476317900247 -0.3050450996168036 0.01331855667889048
      vertex -19.596476317900247 0 0
    endloop
  endfacet
  facet normal -0.9293722733303873 -0.07989735108345968 -0.3603936609522345
    outer loop
      vertex -18.596476317900247 -12 0
      vertex -19.596476317900247 -0.9058666578588226 0.11925960798826107
      vertex -19.596476317900247 -0.6077686218342562 0.053172864457271984
    endloop
  endfacet
  facet normal -0.9604622693133499 -0.08371955625188687 -0.26552450946463896
    outer loop
      vertex -18.596476317900247 -12 0
      vertex -19.596476317900247 -1.1970705016398404 0.21107582724932072
      vertex -19.596476317900247 -0.9058666578588226 0.11925960798826107
    endloop
  endfacet
  facet normal -0.9743431214733063 -0.08612969019855535 -0.2079354662003449
    outer loop
      vertex -18.596476317900247 -12 0
      vertex -19.596476317900247 -1.4791639160924481 0.3279227453717253
      vertex -19.596476317900247 -1.1970705016398404 0.21107582724932072
    endloop
  endfacet
  facet normal -0.9816570089347243 -0.08803490925409205 -0.1691134872266395
    outer loop
      vertex -18.596476317900247 -12 0
      vertex -19.596476317900247 -1.75 0.4689110867544648
      vertex -19.596476317900247 -1.4791639160924481 0.3279227453717253
    endloop
  endfacet
  facet normal -1 0 0
    outer loop
      vertex -19.596476317900247 -0.9058666578588226 0.11925960798826107
      vertex -19.596476317900247 -1.1970705016398404 0.21107582724932072
      vertex -19.596476317900247 -0.6077686218342562 0.053172864457271984
    endloop
  endfacet
  facet normal -1 0 0
    outer loop
      vertex -19.596476317900247 -1.1970705016398404 0.21107582724932072
      vertex -19.596476317900247 -1.4791639160924481 0.3279227453717253
      vertex -19.596476317900247 -1.75 0.4689110867544648
    endloop
  endfacet
  facet normal -1 0 0
    outer loop
      vertex -19.596476317900247 -1.1970705016398404 0.21107582724932072
      vertex -19.596476317900247 -2.249756633902887 0.8188444490835769
      vertex -19.596476317900247 0 0
    endloop
  endfacet
  facet normal 0 0 -1
    outer loop
      vertex -18.596476317900247 -8 0
      vertex -19.596476317900247 0 0
      vertex -14.09647631790025 -6 0
    endloop
  endfacet
  facet normal -1 0 0
    outer loop
      vertex -19.596476317900247 -2.007517527228661 0.6329678449885288
      vertex -19.596476317900247 -2.249756633902887 0.8188444490835769
      vertex -19.596476317900247 -1.75 0.4689110867544648
    endloop
  endfacet
  facet normal -1 0 0
    outer loop
      vertex -19.596476317900247 -1.1970705016398404 0.21107582724932072
      vertex -19.596476317900247 -1.75 0.4689110867544648
      vertex -19.596476317900247 -2.249756633902887 0.8188444490835769
    endloop
  endfacet
  facet normal -1 0 0
    outer loop
      vertex -19.596476317900247 -2.249756633902887 0.8188444490835769
      vertex -19.596476317900247 -1.75 0.7530502400443919
      vertex -19.596476317900247 0 0
    endloop
  endfacet
  facet normal -1 0 0
    outer loop
      vertex -19.596476317900247 -1.75 0.7530502400443919
      vertex -19.596476317900247 -1.462256419687938 0.7151680790315695
      vertex -19.596476317900247 0 0
    endloop
  endfacet
  facet normal -1 0 0
    outer loop
      vertex -19.596476317900247 -0.6077686218342562 0.053172864457271984
      vertex -19.596476317900247 0 0
      vertex -19.596476317900247 -0.3050450996168036 0.01331855667889048
    endloop
  endfacet
  facet normal -1 0 0
    outer loop
      vertex -19.596476317900247 -1.1970705016398404 0.21107582724932072
      vertex -19.596476317900247 0 0
      vertex -19.596476317900247 -0.6077686218342562 0.053172864457271984
    endloop
  endfacet
  facet normal -1 0 0
    outer loop
      vertex -19.596476317900247 0 0
      vertex -19.596476317900247 0.9058666578588226 0.11925960798826107
      vertex -19.596476317900247 0.3050450996168036 0.01331855667889048
    endloop
  endfacet
  facet normal -1 0 0
    outer loop
      vertex -19.596476317900247 0.3050450996168036 0.01331855667889048
      vertex -19.596476317900247 0.9058666578588226 0.11925960798826107
      vertex -19.596476317900247 0.6077686218342562 0.053172864457271984
    endloop
  endfacet
  facet normal -1 0 0
    outer loop
      vertex -19.596476317900247 0 0
      vertex -19.596476317900247 1.4791639160924481 0.3279227453717253
      vertex -19.596476317900247 0.9058666578588226 0.11925960798826107
    endloop
  endfacet
  facet normal -1 0 0
    outer loop
      vertex -19.596476317900247 0 0
      vertex -19.596476317900247 -0.5839140618375088 0.5995321138837584
      vertex -19.596476317900247 0 0.5226583692664493
    endloop
  endfacet
  facet normal -1 0 0
    outer loop
      vertex -19.596476317900247 0 0
      vertex -19.596476317900247 0 0.5226583692664493
      vertex -19.596476317900247 0.32541285949026955 0.479816953567499
    endloop
  endfacet
  facet normal -1 0 0
    outer loop
      vertex -19.596476317900247 0 0
      vertex -19.596476317900247 0.32541285949026955 0.479816953567499
      vertex -19.596476317900247 1.1970705016398404 0.3650610479373675
    endloop
  endfacet
  facet normal -1 0 0
    outer loop
      vertex -19.596476317900247 0 0
      vertex -19.596476317900247 1.1970705016398404 0.3650610479373675
      vertex -19.596476317900247 1.4791639160924481 0.3279227453717253
    endloop
  endfacet
  facet normal -1 0 0
    outer loop
      vertex -19.596476317900247 0.9058666578588226 0.11925960798826107
      vertex -19.596476317900247 1.4791639160924481 0.3279227453717253
      vertex -19.596476317900247 1.1970705016398404 0.21107582724932072
    endloop
  endfacet
  facet normal -3.128828223748511e-19 0.1305261922200527 -0.9914448613738102
    outer loop
      vertex -19.596476317900247 0.3050450996168036 0.01331855667889048
      vertex -19.596476317900247 0.6077686218342562 0.053172864457271984
      vertex -14.09647631790025 0.3475267005226544 0.018911365539656763
    endloop
  endfacet
  facet normal 0 0.21643961393810254 -0.9762960071199335
    outer loop
      vertex -19.596476317900247 0.6077686218342562 0.053172864457271984
      vertex -19.596476317900247 0.9058666578588226 0.11925960798826107
      vertex -14.09647631790025 0.6077686218342562 0.053172864457271984
    endloop
  endfacet
  facet normal 0 0.38268343236508967 -0.9238795325112867
    outer loop
      vertex -19.596476317900247 1.1970705016398404 0.21107582724932072
      vertex -19.596476317900247 1.4791639160924481 0.3279227453717253
      vertex -14.09647631790025 1.1970705016398404 0.21107582724932072
    endloop
  endfacet
  facet normal 0 0.4617486132350339 -0.8870108331782218
    outer loop
      vertex -19.596476317900247 1.4791639160924481 0.3279227453717253
      vertex -19.596476317900247 1.75 0.4689110867544648
      vertex -14.09647631790025 1.4791639160924481 0.3279227453717253
    endloop
  endfacet
  facet normal -1 0 0
    outer loop
      vertex -19.596476317900247 -1.462256419687938 0.7151680790315695
      vertex -19.596476317900247 -0.5839140618375088 0.5995321138837584
      vertex -19.596476317900247 0 0
    endloop
  endfacet
  facet normal -1 0 0
    outer loop
      vertex -19.596476317900247 0 0.5226583692664493
      vertex -19.596476317900247 0.3379865138505489 1.2295699883865712
      vertex -19.596476317900247 0.32541285949026955 0.479816953567499
    endloop
  endfacet
  facet normal -1 0 0
    outer loop
      vertex -19.596476317900247 0 0.5226583692664493
      vertex -19.596476317900247 -0.5839140618375088 0.5995321138837584
      vertex -19.596476317900247 -0.05986206537458107 1.2052372520955237
    endloop
  endfacet
  facet normal -1 0 0
    outer loop
      vertex -19.596476317900247 1.4791639160924481 0.3279227453717253
      vertex -19.596476317900247 1.8787587636143306 0.5509394658714968
      vertex -19.596476317900247 1.75 0.4689110867544648
    endloop
  endfacet
  facet normal -1 0 0
    outer loop
      vertex -19.596476317900247 1.4791639160924481 0.3279227453717253
      vertex -19.596476317900247 2.007517527228661 0.6329678449885288
      vertex -19.596476317900247 1.8787587636143306 0.5509394658714968
    endloop
  endfacet
  facet normal -1 0 0
    outer loop
      vertex -19.596476317900247 1.1970705016398404 0.3650610479373675
      vertex -19.596476317900247 1.47841150227904 1.7380977808263507
      vertex -19.596476317900247 1.4791639160924481 0.3279227453717253
    endloop
  endfacet
  facet normal 0 0.537299608346824 -0.8433914458128856
    outer loop
      vertex -19.596476317900247 1.75 0.4689110867544648
      vertex -19.596476317900247 1.8787587636143306 0.5509394658714968
      vertex -14.09647631790025 1.75 0.4689110867544648
    endloop
  endfacet
  facet normal 0 0 -1
    outer loop
      vertex -19.596476317900247 0 0
      vertex -14.09647631790025 0 0
      vertex -14.09647631790025 -6 0
    endloop
  endfacet
  facet normal 0 0.043619387365335494 -0.9990482215818578
    outer loop
      vertex -19.596476317900247 0 0
      vertex -14.09647631790025 0.0428073909991638 0.001869011054476822
      vertex -14.09647631790025 0 0
    endloop
  endfacet
  facet normal 0 0.13052619222005274 -0.9914448613738103
    outer loop
      vertex -19.596476317900247 0.6077686218342562 0.053172864457271984
      vertex -14.09647631790025 0.6077686218342562 0.053172864457271984
      vertex -14.09647631790025 0.3475267005226544 0.018911365539656763
    endloop
  endfacet
  facet normal 0 0.21643961393810254 -0.9762960071199335
    outer loop
      vertex -19.596476317900247 0.9058666578588226 0.11925960798826107
      vertex -14.09647631790025 0.9058666578588226 0.11925960798826107
      vertex -14.09647631790025 0.6077686218342562 0.053172864457271984
    endloop
  endfacet
  facet normal 0 0.30070579950427356 -0.9537169507482267
    outer loop
      vertex -19.596476317900247 0.9058666578588226 0.11925960798826107
      vertex -14.09647631790025 0.9467316867245633 0.13214430209713385
      vertex -14.09647631790025 0.9058666578588226 0.11925960798826107
    endloop
  endfacet
  facet normal 0 0.3007057995042728 -0.9537169507482269
    outer loop
      vertex -19.596476317900247 1.1970705016398404 0.21107582724932072
      vertex -14.09647631790025 1.1970705016398404 0.21107582724932072
      vertex -14.09647631790025 1.1562054727740996 0.19819113314044795
    endloop
  endfacet
  facet normal 0 0.38268343236508967 -0.9238795325112867
    outer loop
      vertex -19.596476317900247 1.4791639160924481 0.3279227453717253
      vertex -14.09647631790025 1.4791639160924481 0.3279227453717253
      vertex -14.09647631790025 1.1970705016398404 0.21107582724932072
    endloop
  endfacet
  facet normal 0 0.4617486132350339 -0.8870108331782218
    outer loop
      vertex -19.596476317900247 1.75 0.4689110867544648
      vertex -14.09647631790025 1.75 0.4689110867544648
      vertex -14.09647631790025 1.4791639160924481 0.3279227453717253
    endloop
  endfacet
  facet normal 0 0.537299608346824 -0.8433914458128856
    outer loop
      vertex -19.596476317900247 1.8787587636143306 0.5509394658714968
      vertex -14.09647631790025 1.8787587636143306 0.5509394658714968
      vertex -14.09647631790025 1.75 0.4689110867544648
    endloop
  endfacet
  facet normal 0 0.6087614290087222 -0.793353340291234
    outer loop
      vertex -19.596476317900247 2.007517527228661 0.6329678449885288
      vertex -14.09647631790025 2.0415112683761767 0.6590521599933884
      vertex -14.09647631790025 2.007517527228661 0.6329678449885288
    endloop
  endfacet
  facet normal 0 0.6087614290087222 -0.793353340291234
    outer loop
      vertex -19.596476317900247 2.249756633902887 0.8188444490835769
      vertex -14.09647631790025 2.249756633902887 0.8188444490835769
      vertex -14.09647631790025 2.2157628927553716 0.7927601340787173
    endloop
  endfacet
  facet normal -1 0 0
    outer loop
      vertex -19.596476317900247 -2.249756633902887 0.8188444490835769
      vertex -19.596476317900247 -2.4748737341529163 1.0251262658470837
      vertex -19.596476317900247 -2.681155550916423 1.2502433660971128
    endloop
  endfacet
  facet normal -1 0 0
    outer loop
      vertex -19.596476317900247 -1.75 0.7530502400443919
      vertex -19.596476317900247 -1.4478955284433865 1.1927584233359751
      vertex -19.596476317900247 -1.462256419687938 0.7151680790315695
    endloop
  endfacet
  facet normal -1 0 0
    outer loop
      vertex -19.596476317900247 -2.249756633902887 0.8188444490835769
      vertex -19.596476317900247 -2.681155550916423 1.2502433660971128
      vertex -19.596476317900247 -2.8670321550114712 1.4924824727713388
    endloop
  endfacet
  facet normal -1 0 0
    outer loop
      vertex -19.596476317900247 -1.75 0.7530502400443919
      vertex -19.596476317900247 -1.75 2.009686278547311
      vertex -19.596476317900247 -1.4478955284433865 1.1927584233359751
    endloop
  endfacet
  facet normal -1 0 0
    outer loop
      vertex -19.596476317900247 -2.249756633902887 0.8188444490835769
      vertex -19.596476317900247 -2.8670321550114712 1.4924824727713388
      vertex -19.596476317900247 -3.2889241727506793 2.3029294983601596
    endloop
  endfacet
  facet normal -1 0 0
    outer loop
      vertex -19.596476317900247 -1.4478955284433865 1.1927584233359751
      vertex -19.596476317900247 -1.47841150227904 1.7380977808263507
      vertex -19.596476317900247 -1.4249120251018812 1.7006370436166258
    endloop
  endfacet
  facet normal -1 0 0
    outer loop
      vertex -19.596476317900247 -1.4478955284433865 1.1927584233359751
      vertex -19.596476317900247 -1.75 2.009686278547311
      vertex -19.596476317900247 -1.47841150227904 1.7380977808263507
    endloop
  endfacet
  facet normal -1 0 0
    outer loop
      vertex -19.596476317900247 0 0.5226583692664493
      vertex -19.596476317900247 0 1.2000000000000002
      vertex -19.596476317900247 0.3379865138505489 1.2295699883865712
    endloop
  endfacet
  facet normal -1 0 0
    outer loop
      vertex -19.596476317900247 -0.5839140618375088 0.5995321138837584
      vertex -19.596476317900247 -0.5315454274778864 1.2703528914672
      vertex -19.596476317900247 -0.3993908086339397 1.234942168071922
    endloop
  endfacet
  facet normal -1 0 0
    outer loop
      vertex -19.596476317900247 -0.5839140618375088 0.5995321138837584
      vertex -19.596476317900247 -0.3993908086339397 1.234942168071922
      vertex -19.596476317900247 -0.05986206537458107 1.2052372520955237
    endloop
  endfacet
  facet normal -1 0 0
    outer loop
      vertex -19.596476317900247 1.1970705016398404 0.3650610479373675
      vertex -19.596476317900247 1.1970705016398404 1.54110069137132
      vertex -19.596476317900247 1.47841150227904 1.7380977808263507
    endloop
  endfacet
  facet normal -1 0 0
    outer loop
      vertex -19.596476317900247 1.7518809769026593 0.7560027823593874
      vertex -19.596476317900247 2.007517527228661 1.1242026725115295
      vertex -19.596476317900247 1.7624442119788513 0.753930400353051
    endloop
  endfacet
  facet normal -1 0 0
    outer loop
      vertex -19.596476317900247 1.7518809769026593 0.7560027823593874
      vertex -19.596476317900247 2.032093414452607 1.1958482041104759
      vertex -19.596476317900247 2.007517527228661 1.1242026725115295
    endloop
  endfacet
  facet normal -1 0 0
    outer loop
      vertex -19.596476317900247 1.4791639160924481 0.3279227453717253
      vertex -19.596476317900247 1.47841150227904 1.7380977808263507
      vertex -19.596476317900247 1.5435787513475254 1.803265029894836
    endloop
  endfacet
  facet normal 0 0.6755902076156594 -0.7372773368101249
    outer loop
      vertex -19.596476317900247 2.249756633902887 0.8188444490835769
      vertex -19.596476317900247 2.4748737341529163 1.0251262658470837
      vertex -14.09647631790025 2.249756633902887 0.8188444490835769
    endloop
  endfacet
  facet normal 0 0.7372773368101249 -0.6755902076156594
    outer loop
      vertex -19.596476317900247 2.4748737341529163 1.0251262658470837
      vertex -19.596476317900247 2.681155550916423 1.2502433660971128
      vertex -14.09647631790025 2.4748737341529163 1.0251262658470837
    endloop
  endfacet
  facet normal -1 0 0
    outer loop
      vertex -19.596476317900247 1.7518809769026593 0.7560027823593874
      vertex -19.596476317900247 1.7982830335742477 2.073545685290829
      vertex -19.596476317900247 2.032093414452607 1.1958482041104759
    endloop
  endfacet
  facet normal -1 0 0
    outer loop
      vertex -19.596476317900247 2.279011731147967 1.4888963374814435
      vertex -19.596476317900247 2.283442950455244 1.590387945588988
      vertex -19.596476317900247 2.4748737341529163 1.7799409251262315
    endloop
  endfacet
  facet normal 0 0.8433914458128856 -0.537299608346824
    outer loop
      vertex -19.596476317900247 2.8670321550114712 1.4924824727713388
      vertex -19.596476317900247 3.031088913245535 1.75
      vertex -14.09647631790025 2.8670321550114712 1.4924824727713388
    endloop
  endfacet
  facet normal 0 0.6755902076156594 -0.7372773368101249
    outer loop
      vertex -19.596476317900247 2.4748737341529163 1.0251262658470837
      vertex -14.09647631790025 2.4748737341529163 1.0251262658470837
      vertex -14.09647631790025 2.249756633902887 0.8188444490835769
    endloop
  endfacet
  facet normal 0 0.7372773368101249 -0.6755902076156594
    outer loop
      vertex -19.596476317900247 2.681155550916423 1.2502433660971128
      vertex -14.09647631790025 2.681155550916423 1.2502433660971128
      vertex -14.09647631790025 2.4748737341529163 1.0251262658470837
    endloop
  endfacet
  facet normal 0 0.7933533402912353 -0.6087614290087205
    outer loop
      vertex -19.596476317900247 2.8670321550114712 1.4924824727713388
      vertex -14.09647631790025 2.8670321550114712 1.4924824727713388
      vertex -14.09647631790025 2.8409478400066117 1.4584887316238233
    endloop
  endfacet
  facet normal 0 0.8433914458128856 -0.537299608346824
    outer loop
      vertex -19.596476317900247 3.031088913245535 1.75
      vertex -14.09647631790025 3.031088913245535 1.75
      vertex -14.09647631790025 2.8670321550114712 1.4924824727713388
    endloop
  endfacet
  facet normal 0 0 -1
    outer loop
      vertex -18.596476317900247 -8 0
      vertex -14.09647631790025 -6 0
      vertex -8.296476317900249 -6 0
    endloop
  endfacet
  facet normal -0.9931506043228763 -0.11684124756739721 0
    outer loop
      vertex -18.596476317900247 -12 0
      vertex -18.596476317900247 -12 2.5
      vertex -19.596476317900247 -3.5 3.5
    endloop
  endfacet
  facet normal -0.9938518578308575 -0.10809358171159561 -0.02396377013141953
    outer loop
      vertex -18.596476317900247 -12 0
      vertex -19.596476317900247 -3.446827135542728 2.892231378165744
      vertex -19.596476317900247 -3.380740392011739 2.5941333421411774
    endloop
  endfacet
  facet normal -0.9936872443964524 -0.1112260641024181 -0.014643189135899586
    outer loop
      vertex -18.596476317900247 -12 0
      vertex -19.596476317900247 -3.4866814433211095 3.1949549003831965
      vertex -19.596476317900247 -3.446827135542728 2.892231378165744
    endloop
  endfacet
  facet normal -0.9933755437924583 -0.11480376489480235 -0.0050124406247538155
    outer loop
      vertex -18.596476317900247 -12 0
      vertex -19.596476317900247 -3.5 3.5
      vertex -19.596476317900247 -3.4866814433211095 3.1949549003831965
    endloop
  endfacet
  facet normal -0.9930673740184112 -0.11743466851481361 0.005127308357504916
    outer loop
      vertex -18.596476317900247 -12 2.5
      vertex -19.596476317900247 -3.4866814433211095 3.8050450996168035
      vertex -19.596476317900247 -3.5 3.5
    endloop
  endfacet
  facet normal -0.992768752650745 -0.1190155278407607 0.015668691491918872
    outer loop
      vertex -18.596476317900247 -12 2.5
      vertex -19.596476317900247 -3.446827135542728 4.107768621834256
      vertex -19.596476317900247 -3.4866814433211095 3.8050450996168035
    endloop
  endfacet
  facet normal -1 0 0
    outer loop
      vertex -19.596476317900247 -2.8670321550114712 1.4924824727713388
      vertex -19.596476317900247 -3.031088913245535 1.75
      vertex -19.596476317900247 -3.1720772546282747 2.020836083907552
    endloop
  endfacet
  facet normal -1 0 0
    outer loop
      vertex -19.596476317900247 -2.8670321550114712 1.4924824727713388
      vertex -19.596476317900247 -3.1720772546282747 2.020836083907552
      vertex -19.596476317900247 -3.2889241727506793 2.3029294983601596
    endloop
  endfacet
  facet normal -1 0 0
    outer loop
      vertex -19.596476317900247 -2.249756633902887 0.8188444490835769
      vertex -19.596476317900247 -1.9918584287042087 2.35
      vertex -19.596476317900247 -1.929918571594826 2.2615407165313437
    endloop
  endfacet
  facet normal -1 0 0
    outer loop
      vertex -19.596476317900247 -2.249756633902887 0.8188444490835769
      vertex -19.596476317900247 -2.1612930278075893 2.713353670350962
      vertex -19.596476317900247 -1.9918584287042087 2.35
    endloop
  endfacet
  facet normal -1 0 0
    outer loop
      vertex -19.596476317900247 -2.249756633902887 0.8188444490835769
      vertex -19.596476317900247 -3.2889241727506793 2.3029294983601596
      vertex -19.596476317900247 -3.446827135542728 4.107768621834256
    endloop
  endfacet
  facet normal -1 0 0
    outer loop
      vertex -19.596476317900247 -3.2889241727506793 2.3029294983601596
      vertex -19.596476317900247 -3.380740392011739 2.5941333421411774
      vertex -19.596476317900247 -3.446827135542728 2.892231378165744
    endloop
  endfacet
  facet normal -1 0 0
    outer loop
      vertex -19.596476317900247 -2.249756633902887 0.8188444490835769
      vertex -19.596476317900247 -3.446827135542728 4.107768621834256
      vertex -19.596476317900247 -2.1612930278075893 2.713353670350962
    endloop
  endfacet
  facet normal -1 0 0
    outer loop
      vertex -19.596476317900247 2.283442950455244 1.590387945588988
      vertex -19.596476317900247 2.5154542429488216 1.9545727251445444
      vertex -19.596476317900247 2.4748737341529163 1.7799409251262315
    endloop
  endfacet
  facet normal -1 0 0
    outer loop
      vertex -19.596476317900247 2.032093414452607 1.1958482041104759
      vertex -19.596476317900247 1.7982830335742477 2.073545685290829
      vertex -19.596476317900247 1.9918584287042087 2.35
    endloop
  endfacet
  facet normal -1 0 0
    outer loop
      vertex -19.596476317900247 2.8670321550114712 1.4924824727713388
      vertex -19.596476317900247 3.1720772546282747 2.078468657055357
      vertex -19.596476317900247 3.031088913245535 1.75
    endloop
  endfacet
  facet normal -1 0 0
    outer loop
      vertex -19.596476317900247 2.8670321550114712 1.4924824727713388
      vertex -19.596476317900247 2.997320043610336 1.9057028630623756
      vertex -19.596476317900247 3.04280135617411 2.0182590468354555
    endloop
  endfacet
  facet normal -1 0 0
    outer loop
      vertex -19.596476317900247 2.8670321550114712 1.4924824727713388
      vertex -19.596476317900247 3.04280135617411 2.0182590468354555
      vertex -19.596476317900247 3.1720772546282747 2.078468657055357
    endloop
  endfacet
  facet normal -1 0 0
    outer loop
      vertex -19.596476317900247 2.032093414452607 1.1958482041104759
      vertex -19.596476317900247 1.9918584287042087 2.35
      vertex -19.596476317900247 2.091846800809341 2.5644257559499413
    endloop
  endfacet
  facet normal -1 0 0
    outer loop
      vertex -19.596476317900247 2.283442950455244 1.590387945588988
      vertex -19.596476317900247 2.325055486483033 2.9521143754398387
      vertex -19.596476317900247 2.5154542429488216 1.9545727251445444
    endloop
  endfacet
  facet normal -1 0 0
    outer loop
      vertex -19.596476317900247 2.997320043610336 1.9057028630623756
      vertex -19.596476317900247 3.034878292164838 2.0248224089636992
      vertex -19.596476317900247 3.04280135617411 2.0182590468354555
    endloop
  endfacet
  facet normal -1 0 0
    outer loop
      vertex -19.596476317900247 3.031088913245535 1.75
      vertex -19.596476317900247 3.2889241727506793 2.3029294983601596
      vertex -19.596476317900247 3.1720772546282747 2.020836083907552
    endloop
  endfacet
  facet normal -1 0 0
    outer loop
      vertex -19.596476317900247 3.031088913245535 1.75
      vertex -19.596476317900247 3.1720772546282747 2.078468657055357
      vertex -19.596476317900247 3.2889241727506793 2.3029294983601596
    endloop
  endfacet
  facet normal -1 0 0
    outer loop
      vertex -19.596476317900247 2.997320043610336 1.9057028630623756
      vertex -19.596476317900247 2.9038837471393197 2.3365226989539982
      vertex -19.596476317900247 3.034878292164838 2.0248224089636992
    endloop
  endfacet
  facet normal 0 0.8870108331782218 -0.4617486132350335
    outer loop
      vertex -19.596476317900247 3.031088913245535 1.75
      vertex -19.596476317900247 3.1720772546282747 2.020836083907552
      vertex -14.09647631790025 3.031088913245535 1.75
    endloop
  endfacet
  facet normal 0 0.9238795325112866 -0.38268343236508995
    outer loop
      vertex -19.596476317900247 3.1720772546282747 2.020836083907552
      vertex -19.596476317900247 3.2889241727506793 2.3029294983601596
      vertex -14.09647631790025 3.1720772546282747 2.020836083907552
    endloop
  endfacet
  facet normal -1 0 0
    outer loop
      vertex -19.596476317900247 3.034878292164838 2.0248224089636992
      vertex -19.596476317900247 2.9038837471393197 2.3365226989539982
      vertex -19.596476317900247 3.0786164856336775 2.8385603750641026
    endloop
  endfacet
  facet normal -1 0 0
    outer loop
      vertex -19.596476317900247 2.9038837471393197 2.3365226989539982
      vertex -19.596476317900247 2.9012842378159585 2.560204503306805
      vertex -19.596476317900247 3.0786164856336775 2.8385603750641026
    endloop
  endfacet
  facet normal -1 0 0
    outer loop
      vertex -19.596476317900247 3.2889241727506793 2.3029294983601596
      vertex -19.596476317900247 3.446827135542728 2.892231378165744
      vertex -19.596476317900247 3.380740392011739 2.5941333421411774
    endloop
  endfacet
  facet normal 0 0.8870108331782218 -0.4617486132350335
    outer loop
      vertex -19.596476317900247 3.1720772546282747 2.020836083907552
      vertex -14.09647631790025 3.1720772546282747 2.020836083907552
      vertex -14.09647631790025 3.031088913245535 1.75
    endloop
  endfacet
  facet normal 0 0.9238795325112866 -0.38268343236508995
    outer loop
      vertex -19.596476317900247 3.2889241727506793 2.3029294983601596
      vertex -14.09647631790025 3.2889241727506793 2.3029294983601596
      vertex -14.09647631790025 3.1720772546282747 2.020836083907552
    endloop
  endfacet
  facet normal 0 0.9537169507482269 -0.3007057995042731
    outer loop
      vertex -19.596476317900247 3.380740392011739 2.5941333421411774
      vertex -14.09647631790025 3.380740392011739 2.5941333421411774
      vertex -14.09647631790025 3.367855697902866 2.553268313275437
    endloop
  endfacet
  facet normal -1 0 0
    outer loop
      vertex -19.596476317900247 -3.2889241727506793 2.3029294983601596
      vertex -19.596476317900247 -3.446827135542728 2.892231378165744
      vertex -19.596476317900247 -3.4866814433211095 3.1949549003831965
    endloop
  endfacet
  facet normal -1 0 0
    outer loop
      vertex -19.596476317900247 -3.2889241727506793 2.3029294983601596
      vertex -19.596476317900247 -3.4866814433211095 3.1949549003831965
      vertex -19.596476317900247 -3.446827135542728 4.107768621834256
    endloop
  endfacet
  facet normal -1 0 0
    outer loop
      vertex -19.596476317900247 -3.446827135542728 4.107768621834256
      vertex -19.596476317900247 -2.265057831928078 3.1006091913660603
      vertex -19.596476317900247 -2.1612930278075893 2.713353670350962
    endloop
  endfacet
  facet normal -1 0 0
    outer loop
      vertex -19.596476317900247 2.9012842378159585 2.560204503306805
      vertex -19.596476317900247 2.9364139504933195 3.2371955090857125
      vertex -19.596476317900247 3.0786164856336775 2.8385603750641026
    endloop
  endfacet
  facet normal -1 0 0
    outer loop
      vertex -19.596476317900247 2.5154542429488216 1.9545727251445444
      vertex -19.596476317900247 2.325055486483033 2.9521143754398387
      vertex -19.596476317900247 2.6126570147094332 4.180882220207269
    endloop
  endfacet
  facet normal 0 0.9762960071199335 -0.21643961393810254
    outer loop
      vertex -19.596476317900247 3.380740392011739 2.5941333421411774
      vertex -19.596476317900247 3.446827135542728 2.892231378165744
      vertex -14.09647631790025 3.380740392011739 2.5941333421411774
    endloop
  endfacet
  facet normal 0 0.9914448613738102 -0.13052619222005266
    outer loop
      vertex -19.596476317900247 3.446827135542728 2.892231378165744
      vertex -19.596476317900247 3.4866814433211095 3.1949549003831965
      vertex -14.09647631790025 3.446827135542728 2.892231378165744
    endloop
  endfacet
  facet normal -1 0 0
    outer loop
      vertex -19.596476317900247 3.446827135542728 2.892231378165744
      vertex -19.596476317900247 3.5 3.5
      vertex -19.596476317900247 3.4866814433211095 3.1949549003831965
    endloop
  endfacet
  facet normal -1 0 0
    outer loop
      vertex -19.596476317900247 3.446827135542728 2.892231378165744
      vertex -19.596476317900247 3.462288390868918 3.2861268367463654
      vertex -19.596476317900247 3.5 3.5
    endloop
  endfacet
  facet normal -1 0 0
    outer loop
      vertex -19.596476317900247 3.0786164856336775 2.8385603750641026
      vertex -19.596476317900247 2.9364139504933195 3.2371955090857125
      vertex -19.596476317900247 3.1202190676135264 3.791416158939954
    endloop
  endfacet
  facet normal -1 0 0
    outer loop
      vertex -19.596476317900247 3.462288390868918 3.2861268367463654
      vertex -19.596476317900247 3.469081445367323 3.40193887283042
      vertex -19.596476317900247 3.5 3.5
    endloop
  endfacet
  facet normal -1 0 0
    outer loop
      vertex -19.596476317900247 3.469081445367323 3.40193887283042
      vertex -19.596476317900247 3.471167489440632 3.4547420240228717
      vertex -19.596476317900247 3.5 3.5
    endloop
  endfacet
  facet normal -1 0 0
    outer loop
      vertex -19.596476317900247 3.471167489440632 3.4547420240228717
      vertex -19.596476317900247 3.4727269881490272 3.48728238571294
      vertex -19.596476317900247 3.5 3.5
    endloop
  endfacet
  facet normal 0 0.9762960071199335 -0.21643961393810254
    outer loop
      vertex -19.596476317900247 3.446827135542728 2.892231378165744
      vertex -14.09647631790025 3.446827135542728 2.892231378165744
      vertex -14.09647631790025 3.380740392011739 2.5941333421411774
    endloop
  endfacet
  facet normal 0 0.9914448613738102 -0.13052619222005266
    outer loop
      vertex -19.596476317900247 3.4866814433211095 3.1949549003831965
      vertex -14.09647631790025 3.4866814433211095 3.1949549003831965
      vertex -14.09647631790025 3.446827135542728 2.892231378165744
    endloop
  endfacet
  facet normal 0 0.9990482215818576 -0.04361938736533969
    outer loop
      vertex -19.596476317900247 3.4866814433211095 3.1949549003831965
      vertex -14.09647631790025 3.4885504543755865 3.2377622913823605
      vertex -14.09647631790025 3.4866814433211095 3.1949549003831965
    endloop
  endfacet
  facet normal -1.0742209244380896e-18 0.3007057995042733 -0.9537169507482269
    outer loop
      vertex 0 1.0514685797493315 0.1651677176187909
      vertex -8.296476317900249 0.9058666578588226 0.11925960798826107
      vertex -8.296476317900249 0.9898257171647991 0.14573179770285422
    endloop
  endfacet
  facet normal 1.4072127925732506e-18 0.3007057995042733 -0.9537169507482269
    outer loop
      vertex 0 1.0514685797493315 0.1651677176187909
      vertex -8.296476317900249 1.113111442333864 0.18460363753472758
      vertex -8.296476317900249 1.1970705016398404 0.21107582724932072
    endloop
  endfacet
  facet normal 0 0.5372996083468239 -0.8433914458128856
    outer loop
      vertex 0 1.8787587636143306 0.5509394658714968
      vertex -8.296476317900249 1.75 0.4689110867544648
      vertex -8.296476317900249 1.8787587636143306 0.5509394658714968
    endloop
  endfacet
  facet normal 1.0140050942166638e-17 0.6087614290087213 -0.7933533402912345
    outer loop
      vertex 0 2.128637080565774 0.7259061470360528
      vertex -8.296476317900249 2.007517527228661 0.6329678449885288
      vertex -8.296476317900249 2.077359213586284 0.686559255816695
    endloop
  endfacet
  facet normal 2.2007476935388985e-17 0.6087614290087213 -0.7933533402912347
    outer loop
      vertex 0 2.128637080565774 0.7259061470360528
      vertex -8.296476317900249 2.179914947545264 0.7652530382554107
      vertex -8.296476317900249 2.249756633902887 0.8188444490835769
    endloop
  endfacet
  facet normal 1.9851759707599173e-17 0.7372773368101249 -0.6755902076156594
    outer loop
      vertex 0 2.5780146425346695 1.1376848159720983
      vertex -8.296476317900249 2.4748737341529163 1.0251262658470837
      vertex -8.296476317900249 2.681155550916423 1.2502433660971128
    endloop
  endfacet
  facet normal 0 0 -1
    outer loop
      vertex -18.596476317900247 -8 0
      vertex -8.296476317900249 -6 0
      vertex 18.596476317900247 -12 0
    endloop
  endfacet
  facet normal 0 0 -1
    outer loop
      vertex -8.296476317900249 0 0
      vertex 8.296476317900249 -6 0
      vertex -8.296476317900249 -6 0
    endloop
  endfacet
  facet normal 0 0.04361938736533549 -0.9990482215818577
    outer loop
      vertex -8.296476317900249 0 0
      vertex -8.296476317900249 0.08794973059828201 0.003839968166470562
      vertex 8.296476317900249 0 0
    endloop
  endfacet
  facet normal 4.2295158135961986e-19 0.13052619222005274 -0.9914448613738103
    outer loop
      vertex -8.296476317900249 0.6077686218342562 0.053172864457271984
      vertex 8.296476317900249 0.5204882417913264 0.041682184434243076
      vertex -8.296476317900249 0.3923254796597334 0.02480923670191939
    endloop
  endfacet
  facet normal 0 0.21643961393810252 -0.9762960071199334
    outer loop
      vertex -8.296476317900249 0.6077686218342562 0.053172864457271984
      vertex -8.296476317900249 0.9058666578588226 0.11925960798826107
      vertex 8.296476317900249 0.6077686218342562 0.053172864457271984
    endloop
  endfacet
  facet normal 0 0.38268343236508967 -0.9238795325112868
    outer loop
      vertex -8.296476317900249 1.1970705016398404 0.21107582724932072
      vertex -8.296476317900249 1.4791639160924481 0.3279227453717253
      vertex 8.296476317900249 1.1970705016398404 0.21107582724932072
    endloop
  endfacet
  facet normal 0 0.46174861323503374 -0.8870108331782217
    outer loop
      vertex -8.296476317900249 1.4791639160924481 0.3279227453717253
      vertex -8.296476317900249 1.75 0.4689110867544648
      vertex 8.296476317900249 1.4791639160924481 0.3279227453717253
    endloop
  endfacet
  facet normal 0 0.6755902076156594 -0.7372773368101249
    outer loop
      vertex -8.296476317900249 2.249756633902887 0.8188444490835769
      vertex -8.296476317900249 2.4748737341529163 1.0251262658470837
      vertex 8.296476317900249 2.249756633902887 0.8188444490835769
    endloop
  endfacet
  facet normal 7.572961856332495e-21 0.7933533402912352 -0.6087614290087207
    outer loop
      vertex -8.296476317900249 2.813440744183305 1.4226407864137158
      vertex -8.296476317900249 2.8670321550114712 1.4924824727713388
      vertex 8.296476317900249 2.8670321550114712 1.4924824727713388
    endloop
  endfacet
  facet normal 0 0.8433914458128856 -0.5372996083468239
    outer loop
      vertex -8.296476317900249 2.8670321550114712 1.4924824727713388
      vertex -8.296476317900249 3.031088913245535 1.75
      vertex 8.296476317900249 2.8670321550114712 1.4924824727713388
    endloop
  endfacet
  facet normal -2.3527856037095632e-17 0.8870108331782219 -0.4617486132350335
    outer loop
      vertex 0 3.101583083936905 1.885418041953776
      vertex -8.296476317900249 3.031088913245535 1.75
      vertex -8.296476317900249 3.1720772546282747 2.020836083907552
    endloop
  endfacet
  facet normal 6.997970841004249e-20 0.9914448613738103 -0.13052619222005268
    outer loop
      vertex 0 3.4667542894319188 3.04359313927447
      vertex -8.296476317900249 3.446827135542728 2.892231378165744
      vertex -8.296476317900249 3.4866814433211095 3.1949549003831965
    endloop
  endfacet
  facet normal 2.869976029290275e-17 0.9990482215818577 -0.043619387365337055
    outer loop
      vertex 0 3.4933407216605548 3.3474774501915983
      vertex -8.296476317900249 3.4866814433211095 3.1949549003831965
      vertex -8.296476317900249 3.49052141148758 3.2829046309814784
    endloop
  endfacet
  facet normal 0 -0.3689976981314273 0.929430308723418
    outer loop
      vertex -18.596476317900247 -12 2.5
      vertex 18.596476317900247 -12 2.5
      vertex -14.09647631790025 -6 4.882089510110227
    endloop
  endfacet
  facet normal -5.853533249415718e-19 0.9238795325112866 -0.38268343236508995
    outer loop
      vertex -8.296476317900249 3.2889241727506793 2.3029294983601596
      vertex 8.296476317900249 3.1720772546282747 2.020836083907552
      vertex -8.296476317900249 3.1720772546282747 2.020836083907552
    endloop
  endfacet
  facet normal 5.1908308854718884e-20 0.9537169507482277 -0.3007057995042708
    outer loop
      vertex -8.296476317900249 3.354268202297146 2.5101742828352007
      vertex -8.296476317900249 3.380740392011739 2.5941333421411774
      vertex 8.296476317900249 3.380740392011739 2.5941333421411774
    endloop
  endfacet
  facet normal 0 0.9762960071199334 -0.21643961393810252
    outer loop
      vertex -8.296476317900249 3.380740392011739 2.5941333421411774
      vertex -8.296476317900249 3.446827135542728 2.892231378165744
      vertex 8.296476317900249 3.380740392011739 2.5941333421411774
    endloop
  endfacet
  facet normal -0.992282537736619 -0.12105820625962231 0.026837958196886683
    outer loop
      vertex -18.596476317900247 -12 2.5
      vertex -19.596476317900247 -3.380740392011739 4.405866657858823
      vertex -19.596476317900247 -3.446827135542728 4.107768621834256
    endloop
  endfacet
  facet normal -0.991558196404339 -0.12366124776694895 0.03899024165218254
    outer loop
      vertex -18.596476317900247 -12 2.5
      vertex -19.596476317900247 -3.2889241727506793 4.697070501639841
      vertex -19.596476317900247 -3.380740392011739 4.405866657858823
    endloop
  endfacet
  facet normal -0.9905109964152997 -0.12697199456555558 0.052593522190616554
    outer loop
      vertex -18.596476317900247 -12 2.5
      vertex -19.596476317900247 -3.1720772546282747 4.979163916092448
      vertex -19.596476317900247 -3.2889241727506793 4.697070501639841
    endloop
  endfacet
  facet normal -0.9889982633314989 -0.1312129648439267 0.06830514610295262
    outer loop
      vertex -18.596476317900247 -12 2.5
      vertex -19.596476317900247 -3.031088913245535 5.25
      vertex -19.596476317900247 -3.1720772546282747 4.979163916092448
    endloop
  endfacet
  facet normal -0.9867712986062479 -0.136729346235815 0.08710620026648817
    outer loop
      vertex -18.596476317900247 -12 2.5
      vertex -19.596476317900247 -2.8670321550114712 5.507517527228661
      vertex -19.596476317900247 -3.031088913245535 5.25
    endloop
  endfacet
  facet normal -0.9833710643775754 -0.14407906022751057 0.1105557513152159
    outer loop
      vertex -18.596476317900247 -12 2.5
      vertex -19.596476317900247 -2.681155550916423 5.749756633902887
      vertex -19.596476317900247 -2.8670321550114712 5.507517527228661
    endloop
  endfacet
  facet normal -0.9778795071876693 -0.1542155612565753 0.141312526297992
    outer loop
      vertex -18.596476317900247 -12 2.5
      vertex -19.596476317900247 -2.4748737341529163 5.974873734152917
      vertex -19.596476317900247 -2.681155550916423 5.749756633902887
    endloop
  endfacet
  facet normal 1.2092317662037833e-16 -0.36899769813142735 0.9294303087234179
    outer loop
      vertex -18.596476317900247 -12 2.5
      vertex -14.09647631790025 -6 4.882089510110227
      vertex -19.596476317900247 -1.1970705016398404 6.788924172750679
    endloop
  endfacet
  facet normal -0.968248227557026 -0.16889129559663627 0.18431250664121354
    outer loop
      vertex -18.596476317900247 -12 2.5
      vertex -19.596476317900247 -2.249756633902887 6.181155550916423
      vertex -19.596476317900247 -2.4748737341529163 5.974873734152917
    endloop
  endfacet
  facet normal -0.9491580452455389 -0.19163806415122214 0.24974758760404353
    outer loop
      vertex -18.596476317900247 -12 2.5
      vertex -19.596476317900247 -2.007517527228661 6.367032155011471
      vertex -19.596476317900247 -2.249756633902887 6.181155550916423
    endloop
  endfacet
  facet normal -0.9034567151981329 -0.23032923347960774 0.3615444757814675
    outer loop
      vertex -18.596476317900247 -12 2.5
      vertex -19.596476317900247 -1.75 6.531088913245535
      vertex -19.596476317900247 -2.007517527228661 6.367032155011471
    endloop
  endfacet
  facet normal -1 0 0
    outer loop
      vertex -19.596476317900247 -3.4866814433211095 3.1949549003831965
      vertex -19.596476317900247 -3.5 3.5
      vertex -19.596476317900247 -3.446827135542728 4.107768621834256
    endloop
  endfacet
  facet normal -1 0 0
    outer loop
      vertex -19.596476317900247 -3.5 3.5
      vertex -19.596476317900247 -3.4866814433211095 3.8050450996168035
      vertex -19.596476317900247 -3.446827135542728 4.107768621834256
    endloop
  endfacet
  facet normal -1 0 0
    outer loop
      vertex -19.596476317900247 -3.446827135542728 4.107768621834256
      vertex -19.596476317900247 -2.3 3.5
      vertex -19.596476317900247 -2.265057831928078 3.1006091913660603
    endloop
  endfacet
  facet normal -1 0 0
    outer loop
      vertex -19.596476317900247 -3.446827135542728 4.107768621834256
      vertex -19.596476317900247 -2.265057831928078 3.8993908086339397
      vertex -19.596476317900247 -2.3 3.5
    endloop
  endfacet
  facet normal -1 0 0
    outer loop
      vertex -19.596476317900247 -3.446827135542728 4.107768621834256
      vertex -19.596476317900247 -2.1612930278075893 4.286646329649038
      vertex -19.596476317900247 -2.265057831928078 3.8993908086339397
    endloop
  endfacet
  facet normal -1 0 0
    outer loop
      vertex -19.596476317900247 -3.446827135542728 4.107768621834256
      vertex -19.596476317900247 -1.9918584287042087 4.65
      vertex -19.596476317900247 -2.1612930278075893 4.286646329649038
    endloop
  endfacet
  facet normal -1 0 0
    outer loop
      vertex -19.596476317900247 3.4727269881490272 3.48728238571294
      vertex -19.596476317900247 3.4741187630220076 3.5198593716154924
      vertex -19.596476317900247 3.5 3.5
    endloop
  endfacet
  facet normal -1 0 0
    outer loop
      vertex -19.596476317900247 3.5 3.5
      vertex -19.596476317900247 3.4784631646385136 3.5971463864070254
      vertex -19.596476317900247 3.4799967276202515 3.6519399384464357
    endloop
  endfacet
  facet normal -1 0 0
    outer loop
      vertex -19.596476317900247 2.9364139504933195 3.2371955090857125
      vertex -19.596476317900247 2.9603662621593663 3.9140755306690815
      vertex -19.596476317900247 3.1202190676135264 3.791416158939954
    endloop
  endfacet
  facet normal -1 0 0
    outer loop
      vertex -19.596476317900247 3.5 3.5
      vertex -19.596476317900247 3.4799967276202515 3.6519399384464357
      vertex -19.596476317900247 3.4866814433211095 3.8050450996168035
    endloop
  endfacet
  facet normal -1 0 0
    outer loop
      vertex -19.596476317900247 2.325055486483033 2.9521143754398387
      vertex -19.596476317900247 2.4035518599434553 4.3413342487847215
      vertex -19.596476317900247 2.6126570147094332 4.180882220207269
    endloop
  endfacet
  facet normal -1 0 0
    outer loop
      vertex -19.596476317900247 2.177017698345941 4.515160024677681
      vertex -19.596476317900247 2.1662352631252024 4.268201656340744
      vertex -19.596476317900247 2.1612930278075893 4.286646329649038
    endloop
  endfacet
  facet normal -1 0 0
    outer loop
      vertex -19.596476317900247 3.4441430276183356 4.046292443227285
      vertex -19.596476317900247 3.4203922317605384 4.104681033009762
      vertex -19.596476317900247 3.380740392011739 4.405866657858823
    endloop
  endfacet
  facet normal -1 0 0
    outer loop
      vertex -19.596476317900247 3.4441430276183356 4.046292443227285
      vertex -19.596476317900247 3.380740392011739 4.405866657858823
      vertex -19.596476317900247 3.446827135542728 4.107768621834256
    endloop
  endfacet
  facet normal -1 0 0
    outer loop
      vertex -19.596476317900247 -3.446827135542728 4.107768621834256
      vertex -19.596476317900247 -3.380740392011739 4.405866657858823
      vertex -19.596476317900247 -3.2889241727506793 4.697070501639841
    endloop
  endfacet
  facet normal -1 0 0
    outer loop
      vertex -19.596476317900247 -3.446827135542728 4.107768621834256
      vertex -19.596476317900247 -3.2889241727506793 4.697070501639841
      vertex -19.596476317900247 -3.1720772546282747 4.979163916092448
    endloop
  endfacet
  facet normal -1 0 0
    outer loop
      vertex -19.596476317900247 -3.446827135542728 4.107768621834256
      vertex -19.596476317900247 -1.7619022191736493 4.97841150227904
      vertex -19.596476317900247 -1.9918584287042087 4.65
    endloop
  endfacet
  facet normal -1 0 0
    outer loop
      vertex -19.596476317900247 -3.446827135542728 4.107768621834256
      vertex -19.596476317900247 -3.1720772546282747 4.979163916092448
      vertex -19.596476317900247 -2.681155550916423 5.749756633902887
    endloop
  endfacet
  facet normal -0.7566579089608247 -0.301896317301378 0.5799374297343618
    outer loop
      vertex -18.596476317900247 -12 2.5
      vertex -19.596476317900247 -1.4791639160924481 6.672077254628275
      vertex -19.596476317900247 -1.75 6.531088913245535
    endloop
  endfacet
  facet normal -1 0 0
    outer loop
      vertex -19.596476317900247 2.177017698345941 4.515160024677681
      vertex -19.596476317900247 2.1612930278075893 4.286646329649038
      vertex -19.596476317900247 1.9918584287042087 4.65
    endloop
  endfacet
  facet normal -1 0 0
    outer loop
      vertex -19.596476317900247 3.5 3.5
      vertex -19.596476317900247 3.4741187630220076 3.5198593716154924
      vertex -19.596476317900247 2.249756633902887 6.181155550916423
    endloop
  endfacet
  facet normal -1 0 0
    outer loop
      vertex -19.596476317900247 3.5 3.5
      vertex -19.596476317900247 2.249756633902887 6.181155550916423
      vertex -19.596476317900247 3.4784631646385136 3.5971463864070254
    endloop
  endfacet
  facet normal -1 0 0
    outer loop
      vertex -19.596476317900247 3.4741187630220076 3.5198593716154924
      vertex -19.596476317900247 3.1202190676135264 3.791416158939954
      vertex -19.596476317900247 2.249756633902887 6.181155550916423
    endloop
  endfacet
  facet normal -1 0 0
    outer loop
      vertex -19.596476317900247 3.4784631646385136 3.5971463864070254
      vertex -19.596476317900247 2.249756633902887 6.181155550916423
      vertex -19.596476317900247 3.4334064392614994 3.800384140712291
    endloop
  endfacet
  facet normal -1 0 0
    outer loop
      vertex -19.596476317900247 2.177017698345941 4.515160024677681
      vertex -19.596476317900247 1.9918584287042087 4.65
      vertex -19.596476317900247 1.7619022191736493 4.97841150227904
    endloop
  endfacet
  facet normal -1 0 0
    outer loop
      vertex -19.596476317900247 3.1202190676135264 3.791416158939954
      vertex -19.596476317900247 2.9603662621593663 3.9140755306690815
      vertex -19.596476317900247 2.249756633902887 6.181155550916423
    endloop
  endfacet
  facet normal -1 0 0
    outer loop
      vertex -19.596476317900247 2.9603662621593663 3.9140755306690815
      vertex -19.596476317900247 2.6126570147094332 4.180882220207269
      vertex -19.596476317900247 2.249756633902887 6.181155550916423
    endloop
  endfacet
  facet normal -1 0 0
    outer loop
      vertex -19.596476317900247 2.4035518599434553 4.3413342487847215
      vertex -19.596476317900247 2.249756633902887 6.181155550916423
      vertex -19.596476317900247 2.6126570147094332 4.180882220207269
    endloop
  endfacet
  facet normal -1 0 0
    outer loop
      vertex -19.596476317900247 2.4035518599434553 4.3413342487847215
      vertex -19.596476317900247 2.177017698345941 4.515160024677681
      vertex -19.596476317900247 2.249756633902887 6.181155550916423
    endloop
  endfacet
  facet normal -1 0 0
    outer loop
      vertex -19.596476317900247 3.4334064392614994 3.800384140712291
      vertex -19.596476317900247 2.249756633902887 6.181155550916423
      vertex -19.596476317900247 3.1720772546282747 4.979163916092448
    endloop
  endfacet
  facet normal -1 0 0
    outer loop
      vertex -19.596476317900247 2.177017698345941 4.515160024677681
      vertex -19.596476317900247 1.7619022191736493 4.97841150227904
      vertex -19.596476317900247 2.249756633902887 6.181155550916423
    endloop
  endfacet
  facet normal 0 0.976296007119933 0.21643961393810424
    outer loop
      vertex -19.596476317900247 3.380740392011739 4.405866657858823
      vertex -14.09647631790025 3.380740392011739 4.405866657858823
      vertex -14.09647631790025 3.390014434026334 4.364034157680271
    endloop
  endfacet
  facet normal -0.1691785752484074 -0.37716720938783244 0.910562192186516
    outer loop
      vertex -18.596476317900247 -12 2.5
      vertex -19.596476317900247 -1.1970705016398404 6.788924172750679
      vertex -19.596476317900247 -1.4791639160924481 6.672077254628275
    endloop
  endfacet
  facet normal -1 0 0
    outer loop
      vertex -19.596476317900247 -3.1720772546282747 4.979163916092448
      vertex -19.596476317900247 -3.031088913245535 5.25
      vertex -19.596476317900247 -2.681155550916423 5.749756633902887
    endloop
  endfacet
  facet normal -1 0 0
    outer loop
      vertex -19.596476317900247 -3.446827135542728 4.107768621834256
      vertex -19.596476317900247 -1.1970705016398404 6.788924172750679
      vertex -19.596476317900247 -1.7619022191736493 4.97841150227904
    endloop
  endfacet
  facet normal -1 0 0
    outer loop
      vertex -19.596476317900247 -3.031088913245535 5.25
      vertex -19.596476317900247 -2.8670321550114712 5.507517527228661
      vertex -19.596476317900247 -2.681155550916423 5.749756633902887
    endloop
  endfacet
  facet normal -1 0 0
    outer loop
      vertex -19.596476317900247 -3.446827135542728 4.107768621834256
      vertex -19.596476317900247 -2.681155550916423 5.749756633902887
      vertex -19.596476317900247 -1.1970705016398404 6.788924172750679
    endloop
  endfacet
  facet normal -1 0 0
    outer loop
      vertex -19.596476317900247 -1.1970705016398404 6.788924172750679
      vertex -19.596476317900247 -1.47841150227904 5.261902219173649
      vertex -19.596476317900247 -1.7619022191736493 4.97841150227904
    endloop
  endfacet
  facet normal -1 0 0
    outer loop
      vertex -19.596476317900247 -1.1970705016398404 6.788924172750679
      vertex -19.596476317900247 -1.2254933861694306 5.438997390623396
      vertex -19.596476317900247 -1.47841150227904 5.261902219173649
    endloop
  endfacet
  facet normal -1 0 0
    outer loop
      vertex -19.596476317900247 -2.681155550916423 5.749756633902887
      vertex -19.596476317900247 -2.4748737341529163 5.974873734152917
      vertex -19.596476317900247 -2.249756633902887 6.181155550916423
    endloop
  endfacet
  facet normal -1 0 0
    outer loop
      vertex -19.596476317900247 -2.681155550916423 5.749756633902887
      vertex -19.596476317900247 -2.249756633902887 6.181155550916423
      vertex -19.596476317900247 -2.007517527228661 6.367032155011471
    endloop
  endfacet
  facet normal -1 0 0
    outer loop
      vertex -19.596476317900247 3.1720772546282747 4.979163916092448
      vertex -19.596476317900247 2.681155550916423 5.749756633902887
      vertex -19.596476317900247 3.031088913245535 5.25
    endloop
  endfacet
  facet normal -1 0 0
    outer loop
      vertex -19.596476317900247 2.249756633902887 6.181155550916423
      vertex -19.596476317900247 1.7619022191736493 4.97841150227904
      vertex -19.596476317900247 1.47841150227904 5.261902219173649
    endloop
  endfacet
  facet normal -1 0 0
    outer loop
      vertex -19.596476317900247 2.249756633902887 6.181155550916423
      vertex -19.596476317900247 1.47841150227904 5.261902219173649
      vertex -19.596476317900247 1.15 5.491858428704209
    endloop
  endfacet
  facet normal -1 0 0
    outer loop
      vertex -19.596476317900247 3.031088913245535 5.25
      vertex -19.596476317900247 2.681155550916423 5.749756633902887
      vertex -19.596476317900247 2.8670321550114712 5.507517527228661
    endloop
  endfacet
  facet normal -1 0 0
    outer loop
      vertex -19.596476317900247 3.1720772546282747 4.979163916092448
      vertex -19.596476317900247 2.249756633902887 6.181155550916423
      vertex -19.596476317900247 2.681155550916423 5.749756633902887
    endloop
  endfacet
  facet normal 0 0.7933533402912354 0.6087614290087205
    outer loop
      vertex -19.596476317900247 2.8670321550114712 5.507517527228661
      vertex -19.596476317900247 2.681155550916423 5.749756633902887
      vertex -14.09647631790025 2.8670321550114712 5.507517527228661
    endloop
  endfacet
  facet normal -1 0 0
    outer loop
      vertex -19.596476317900247 -0.3050450996168036 5.871270344477504
      vertex -19.596476317900247 -0.2549929897920673 5.777691004114613
      vertex -19.596476317900247 -0.3096444408894273 5.772909621698352
    endloop
  endfacet
  facet normal -1 0 0
    outer loop
      vertex -19.596476317900247 0.47674889920582364 5.8198221610764715
      vertex -19.596476317900247 0.3993908086339397 5.765057831928078
      vertex -19.596476317900247 0 5.8
    endloop
  endfacet
  facet normal -1 0 0
    outer loop
      vertex -19.596476317900247 0.47674889920582364 5.8198221610764715
      vertex -19.596476317900247 0.4742735341977975 5.744993066086201
      vertex -19.596476317900247 0.3993908086339397 5.765057831928078
    endloop
  endfacet
  facet normal -1 0 0
    outer loop
      vertex -19.596476317900247 2.249756633902887 6.181155550916423
      vertex -19.596476317900247 0.786646329649038 5.66129302780759
      vertex -19.596476317900247 0.6279217541428856 5.703823149633435
    endloop
  endfacet
  facet normal -1 0 0
    outer loop
      vertex -19.596476317900247 0.47674889920582364 5.8198221610764715
      vertex -19.596476317900247 2.249756633902887 6.181155550916423
      vertex -19.596476317900247 0.6279217541428856 5.703823149633435
    endloop
  endfacet
  facet normal -1 0 0
    outer loop
      vertex -19.596476317900247 0.47674889920582364 5.8198221610764715
      vertex -19.596476317900247 0 5.8
      vertex -19.596476317900247 0 6.185644457926362
    endloop
  endfacet
  facet normal -1 0 0
    outer loop
      vertex -19.596476317900247 0.47674889920582364 5.8198221610764715
      vertex -19.596476317900247 0 6.185644457926362
      vertex -19.596476317900247 2.249756633902887 6.181155550916423
    endloop
  endfacet
  facet normal -1 0 0
    outer loop
      vertex -19.596476317900247 2.249756633902887 6.181155550916423
      vertex -19.596476317900247 1.15 5.491858428704209
      vertex -19.596476317900247 0.786646329649038 5.66129302780759
    endloop
  endfacet
  facet normal -1 0 0
    outer loop
      vertex -19.596476317900247 2.681155550916423 5.749756633902887
      vertex -19.596476317900247 2.249756633902887 6.181155550916423
      vertex -19.596476317900247 2.4748737341529163 5.974873734152917
    endloop
  endfacet
  facet normal 0 0.7372773368101255 0.6755902076156587
    outer loop
      vertex -19.596476317900247 2.681155550916423 5.749756633902887
      vertex -19.596476317900247 2.4748737341529163 5.974873734152917
      vertex -14.09647631790025 2.681155550916423 5.749756633902887
    endloop
  endfacet
  facet normal 7.253071820501576e-17 0.6755902076156586 0.7372773368101255
    outer loop
      vertex -19.596476317900247 2.4748737341529163 5.974873734152917
      vertex -19.596476317900247 2.249756633902887 6.181155550916423
      vertex -14.09647631790025 2.44328274730177 6.003821540222596
    endloop
  endfacet
  facet normal 0 0.8433914458128866 0.5372996083468224
    outer loop
      vertex -19.596476317900247 3.031088913245535 5.25
      vertex -14.09647631790025 3.0080666066928226 5.286137782547771
      vertex -14.09647631790025 3.031088913245535 5.25
    endloop
  endfacet
  facet normal 0 0.7933533402912354 0.6087614290087205
    outer loop
      vertex -19.596476317900247 2.681155550916423 5.749756633902887
      vertex -14.09647631790025 2.681155550916423 5.749756633902887
      vertex -14.09647631790025 2.8670321550114712 5.507517527228661
    endloop
  endfacet
  facet normal 1.583071224373669e-17 0.7372773368101252 0.6755902076156589
    outer loop
      vertex -19.596476317900247 2.4748737341529163 5.974873734152917
      vertex -14.09647631790025 2.503821540222596 5.943282747301771
      vertex -14.09647631790025 2.681155550916423 5.749756633902887
    endloop
  endfacet
  facet normal 0 0.6755902076156597 0.7372773368101244
    outer loop
      vertex -19.596476317900247 2.249756633902887 6.181155550916423
      vertex -14.09647631790025 2.249756633902887 6.181155550916423
      vertex -14.09647631790025 2.44328274730177 6.003821540222596
    endloop
  endfacet
  facet normal -1 0 0
    outer loop
      vertex -19.596476317900247 -2.681155550916423 5.749756633902887
      vertex -19.596476317900247 -2.007517527228661 6.367032155011471
      vertex -19.596476317900247 -1.1970705016398404 6.788924172750679
    endloop
  endfacet
  facet normal -1 0 0
    outer loop
      vertex -19.596476317900247 -1.1970705016398404 6.788924172750679
      vertex -19.596476317900247 -0.9058666578588226 6.880740392011739
      vertex -19.596476317900247 -1.2254933861694306 5.438997390623396
    endloop
  endfacet
  facet normal -1 0 0
    outer loop
      vertex -19.596476317900247 -2.007517527228661 6.367032155011471
      vertex -19.596476317900247 -1.75 6.531088913245535
      vertex -19.596476317900247 -1.4791639160924481 6.672077254628275
    endloop
  endfacet
  facet normal -1 0 0
    outer loop
      vertex -19.596476317900247 -2.007517527228661 6.367032155011471
      vertex -19.596476317900247 -1.4791639160924481 6.672077254628275
      vertex -19.596476317900247 -1.1970705016398404 6.788924172750679
    endloop
  endfacet
  facet normal 7.447566914983293e-19 -0.3007057995042732 0.9537169507482269
    outer loop
      vertex -19.596476317900247 -1.1970705016398404 6.788924172750679
      vertex -14.09647631790025 -0.9058666578588226 6.880740392011739
      vertex -19.596476317900247 -0.9058666578588226 6.880740392011739
    endloop
  endfacet
  facet normal -1 0 0
    outer loop
      vertex -19.596476317900247 -0.9058666578588226 6.880740392011739
      vertex -19.596476317900247 2.249756633902887 6.181155550916423
      vertex -19.596476317900247 0 6.185644457926362
    endloop
  endfacet
  facet normal -1 0 0
    outer loop
      vertex -19.596476317900247 2.249756633902887 6.181155550916423
      vertex -19.596476317900247 1.75 6.531088913245535
      vertex -19.596476317900247 2.007517527228661 6.367032155011471
    endloop
  endfacet
  facet normal -1 0 0
    outer loop
      vertex -19.596476317900247 2.249756633902887 6.181155550916423
      vertex -19.596476317900247 0.9058666578588226 6.880740392011739
      vertex -19.596476317900247 1.75 6.531088913245535
    endloop
  endfacet
  facet normal -7.609735843402462e-18 0.6087614290087212 0.7933533402912347
    outer loop
      vertex -19.596476317900247 2.249756633902887 6.181155550916423
      vertex -19.596476317900247 2.007517527228661 6.367032155011471
      vertex -14.09647631790025 2.0415112683761767 6.340947840006612
    endloop
  endfacet
  facet normal -1 0 0
    outer loop
      vertex -19.596476317900247 -0.9058666578588226 6.880740392011739
      vertex -19.596476317900247 0.9058666578588226 6.880740392011739
      vertex -19.596476317900247 2.249756633902887 6.181155550916423
    endloop
  endfacet
  facet normal -1 0 0
    outer loop
      vertex -19.596476317900247 1.75 6.531088913245535
      vertex -19.596476317900247 0.9058666578588226 6.880740392011739
      vertex -19.596476317900247 1.1970705016398404 6.788924172750679
    endloop
  endfacet
  facet normal -1 0 0
    outer loop
      vertex -19.596476317900247 0 7
      vertex -19.596476317900247 0.3050450996168036 6.9866814433211095
      vertex -19.596476317900247 0.3050450996168036 6.973312011919393
    endloop
  endfacet
  facet normal -1 0 0
    outer loop
      vertex -19.596476317900247 0.4564068607255299 6.966754289431918
      vertex -19.596476317900247 0.3050450996168036 6.973312011919393
      vertex -19.596476317900247 0.3050450996168036 6.9866814433211095
    endloop
  endfacet
  facet normal -1 0 0
    outer loop
      vertex -19.596476317900247 1.75 6.531088913245535
      vertex -19.596476317900247 1.1970705016398404 6.788924172750679
      vertex -19.596476317900247 1.4791639160924481 6.672077254628275
    endloop
  endfacet
  facet normal 1.5031022201038155e-19 0.043619387365335494 0.9990482215818578
    outer loop
      vertex -19.596476317900247 0 7
      vertex -14.09647631790025 0.3050450996168036 6.9866814433211095
      vertex -19.596476317900247 0.3050450996168036 6.9866814433211095
    endloop
  endfacet
  facet normal 0 0.3007057995042732 0.9537169507482269
    outer loop
      vertex -19.596476317900247 1.1970705016398404 6.788924172750679
      vertex -19.596476317900247 0.9058666578588226 6.880740392011739
      vertex -14.09647631790025 1.1970705016398404 6.788924172750679
    endloop
  endfacet
  facet normal 0 0.4617486132350351 0.8870108331782212
    outer loop
      vertex -19.596476317900247 1.75 6.531088913245535
      vertex -19.596476317900247 1.4791639160924481 6.672077254628275
      vertex -14.09647631790025 1.75 6.531088913245535
    endloop
  endfacet
  facet normal -3.142949359084604e-17 0.38268343236508967 0.9238795325112867
    outer loop
      vertex -19.596476317900247 1.1970705016398404 6.788924172750679
      vertex -14.09647631790025 1.4395773660841662 6.688474540529266
      vertex -19.596476317900247 1.4791639160924481 6.672077254628275
    endloop
  endfacet
  facet normal 0 -0.36899769813142747 0.9294303087234178
    outer loop
      vertex -19.596476317900247 -1.1970705016398404 6.788924172750679
      vertex -14.09647631790025 -6 4.882089510110227
      vertex -14.09647631790025 -1.1970705016398404 6.788924172750679
    endloop
  endfacet
  facet normal 0 -0.3007057995042732 0.9537169507482269
    outer loop
      vertex -19.596476317900247 -1.1970705016398404 6.788924172750679
      vertex -14.09647631790025 -1.1970705016398404 6.788924172750679
      vertex -14.09647631790025 -0.9058666578588226 6.880740392011739
    endloop
  endfacet
  facet normal 0 0.6087614290087212 0.7933533402912347
    outer loop
      vertex -19.596476317900247 2.249756633902887 6.181155550916423
      vertex -14.09647631790025 2.0415112683761767 6.340947840006612
      vertex -14.09647631790025 2.249756633902887 6.181155550916423
    endloop
  endfacet
  facet normal 0 0.5372996083468298 0.843391445812882
    outer loop
      vertex -19.596476317900247 2.007517527228661 6.367032155011471
      vertex -14.09647631790025 1.9713797446808905 6.390054461564184
      vertex -14.09647631790025 2.007517527228661 6.367032155011471
    endloop
  endfacet
  facet normal 0 0.382683432365089 0.9238795325112871
    outer loop
      vertex -19.596476317900247 1.1970705016398404 6.788924172750679
      vertex -14.09647631790025 1.1970705016398404 6.788924172750679
      vertex -14.09647631790025 1.4395773660841662 6.688474540529266
    endloop
  endfacet
  facet normal 0 0.043619387365335494 0.9990482215818578
    outer loop
      vertex -19.596476317900247 0 7
      vertex -14.09647631790025 0 7
      vertex -14.09647631790025 0.3050450996168036 6.9866814433211095
    endloop
  endfacet
  facet normal 0 0.3007057995042732 0.9537169507482269
    outer loop
      vertex -19.596476317900247 0.9058666578588226 6.880740392011739
      vertex -14.09647631790025 0.9058666578588226 6.880740392011739
      vertex -14.09647631790025 1.1970705016398404 6.788924172750679
    endloop
  endfacet
  facet normal 0 0.21643961393810424 0.976296007119933
    outer loop
      vertex -19.596476317900247 0.9058666578588226 6.880740392011739
      vertex -14.09647631790025 0.8640341576802704 6.890014434026334
      vertex -14.09647631790025 0.9058666578588226 6.880740392011739
    endloop
  endfacet
  facet normal 4.073586691999111e-17 0.4617486132350343 0.8870108331782215
    outer loop
      vertex -19.596476317900247 1.4791639160924481 6.672077254628275
      vertex -14.09647631790025 1.5171707096946958 6.652292170181823
      vertex -14.09647631790025 1.75 6.531088913245535
    endloop
  endfacet
  facet normal 0 -0.36899769813142724 0.929430308723418
    outer loop
      vertex 18.596476317900247 -12 2.5
      vertex -8.296476317900249 -6 4.882089510110227
      vertex -14.09647631790025 -6 4.882089510110227
    endloop
  endfacet
  facet normal -3.069656013629445e-20 0.9762960071199339 0.21643961393810054
    outer loop
      vertex -8.296476317900249 3.399794332878088 4.3199198847647065
      vertex -8.296476317900249 3.380740392011739 4.405866657858823
      vertex 8.296476317900249 3.380740392011739 4.405866657858823
    endloop
  endfacet
  facet normal 5.458871333964974e-19 0.8433914458128858 0.5372996083468236
    outer loop
      vertex 0 2.9490605341285034 5.37875876361433
      vertex -8.296476317900249 3.031088913245535 5.25
      vertex -8.296476317900249 2.9837885379645073 5.324246716870874
    endloop
  endfacet
  facet normal -5.347006888209301e-17 0.043619387365335494 0.9990482215818578
    outer loop
      vertex 0 0.1525225498084018 6.993340721660555
      vertex -8.296476317900249 0.3050450996168036 6.9866814433211095
      vertex -8.296476317900249 0 7
    endloop
  endfacet
  facet normal 5.0985769709495126e-17 0.3007057995042732 0.9537169507482269
    outer loop
      vertex 0 1.0514685797493315 6.834832282381209
      vertex -8.296476317900249 1.1970705016398404 6.788924172750679
      vertex -8.296476317900249 0.9058666578588226 6.880740392011739
    endloop
  endfacet
  facet normal 0 0.7933533402912353 0.6087614290087204
    outer loop
      vertex -8.296476317900249 2.8670321550114712 5.507517527228661
      vertex -8.296476317900249 2.681155550916423 5.749756633902887
      vertex 8.296476317900249 2.8670321550114712 5.507517527228661
    endloop
  endfacet
  facet normal 0 0.7372773368101248 0.6755902076156595
    outer loop
      vertex -8.296476317900249 2.681155550916423 5.749756633902887
      vertex -8.296476317900249 2.5343483175324395 5.909968615713289
      vertex 8.296476317900249 2.681155550916423 5.749756633902887
    endloop
  endfacet
  facet normal 6.943866718202944e-18 0.6755902076156584 0.7372773368101259
    outer loop
      vertex -8.296476317900249 2.249756633902887 6.181155550916423
      vertex 8.296476317900249 2.314661752342514 6.1216809675369
      vertex -8.296476317900249 2.4099686157132894 6.03434831753244
    endloop
  endfacet
  facet normal -6.607994362002428e-19 -0.36899769813142747 0.9294303087234179
    outer loop
      vertex -8.296476317900249 -6 4.882089510110227
      vertex 8.296476317900249 -1.1970705016398404 6.788924172750679
      vertex -8.296476317900249 -1.1970705016398404 6.788924172750679
    endloop
  endfacet
  facet normal 0 -0.3007057995042732 0.9537169507482269
    outer loop
      vertex -8.296476317900249 -0.9058666578588226 6.880740392011739
      vertex -8.296476317900249 -1.1970705016398404 6.788924172750679
      vertex 8.296476317900249 -0.9058666578588226 6.880740392011739
    endloop
  endfacet
  facet normal 4.801389684471376e-18 0.6087614290087213 0.7933533402912346
    outer loop
      vertex -8.296476317900249 2.249756633902887 6.181155550916423
      vertex -8.296476317900249 2.077359213586284 6.313440744183305
      vertex 8.296476317900249 2.179914947545264 6.234746961744589
    endloop
  endfacet
  facet normal 0 0.5372996083468261 0.8433914458128844
    outer loop
      vertex -8.296476317900249 2.007517527228661 6.367032155011471
      vertex -8.296476317900249 1.9332708103577867 6.4143325302925
      vertex 8.296476317900249 2.007517527228661 6.367032155011471
    endloop
  endfacet
  facet normal -2.5918055623398627e-17 0.382683432365091 0.9238795325112863
    outer loop
      vertex -8.296476317900249 1.1970705016398404 6.788924172750679
      vertex 8.296476317900249 1.2784028680204924 6.755235203535916
      vertex -8.296476317900249 1.3978315497117961 6.705766223843038
    endloop
  endfacet
  facet normal 0 0.2164396139381056 0.9762960071199327
    outer loop
      vertex -8.296476317900249 0.9058666578588226 6.880740392011739
      vertex -8.296476317900249 0.8199198847647061 6.899794332878089
      vertex 8.296476317900249 0.9058666578588226 6.880740392011739
    endloop
  endfacet
  facet normal -3.167028096591856e-18 0.4617486132350348 0.8870108331782212
    outer loop
      vertex -8.296476317900249 1.75 6.531088913245535
      vertex -8.296476317900249 1.557250601129793 6.631427899311021
      vertex 8.296476317900249 1.671913314962655 6.571738268562789
    endloop
  endfacet
  facet normal 1.2343076886759275e-19 0.3007057995042732 -0.9537169507482269
    outer loop
      vertex 0 1.0514685797493315 0.1651677176187909
      vertex 8.296476317900249 0.9058666578588226 0.11925960798826107
      vertex -8.296476317900249 0.9058666578588226 0.11925960798826107
    endloop
  endfacet
  facet normal 1.2343076886759275e-19 0.3007057995042732 -0.9537169507482269
    outer loop
      vertex 0 1.0514685797493315 0.1651677176187909
      vertex -8.296476317900249 1.1970705016398404 0.21107582724932072
      vertex 8.296476317900249 1.1970705016398404 0.21107582724932072
    endloop
  endfacet
  facet normal -7.920011757034072e-20 0.5372996083468239 -0.8433914458128856
    outer loop
      vertex 0 1.8787587636143306 0.5509394658714968
      vertex 8.296476317900249 1.75 0.4689110867544648
      vertex -8.296476317900249 1.75 0.4689110867544648
    endloop
  endfacet
  facet normal -1.3732881121343626e-19 0.6087614290087219 -0.7933533402912343
    outer loop
      vertex 0 2.128637080565774 0.7259061470360528
      vertex 8.296476317900249 2.007517527228661 0.6329678449885288
      vertex -8.296476317900249 2.007517527228661 0.6329678449885288
    endloop
  endfacet
  facet normal -2.7962504058711247e-19 0.6087614290087204 -0.7933533402912353
    outer loop
      vertex 0 2.128637080565774 0.7259061470360528
      vertex -8.296476317900249 2.249756633902887 0.8188444490835769
      vertex 8.296476317900249 2.249756633902887 0.8188444490835769
    endloop
  endfacet
  facet normal 0 0 -1
    outer loop
      vertex -8.296476317900249 0 0
      vertex 8.296476317900249 0 0
      vertex 8.296476317900249 -6 0
    endloop
  endfacet
  facet normal 2.763285649778617e-20 0.04361938736533549 -0.9990482215818577
    outer loop
      vertex 8.296476317900249 0 0
      vertex -8.296476317900249 0.08794973059828201 0.003839968166470562
      vertex 8.296476317900249 0.21709536901852158 0.009478588512419919
    endloop
  endfacet
  facet normal 0 0.13052619222005268 -0.9914448613738103
    outer loop
      vertex -8.296476317900249 0.6077686218342562 0.053172864457271984
      vertex 8.296476317900249 0.6077686218342562 0.053172864457271984
      vertex 8.296476317900249 0.5204882417913264 0.041682184434243076
    endloop
  endfacet
  facet normal 0 0.21643961393810252 -0.9762960071199334
    outer loop
      vertex -8.296476317900249 0.9058666578588226 0.11925960798826107
      vertex 8.296476317900249 0.9058666578588226 0.11925960798826107
      vertex 8.296476317900249 0.6077686218342562 0.053172864457271984
    endloop
  endfacet
  facet normal 0 0.38268343236508967 -0.9238795325112868
    outer loop
      vertex -8.296476317900249 1.4791639160924481 0.3279227453717253
      vertex 8.296476317900249 1.4791639160924481 0.3279227453717253
      vertex 8.296476317900249 1.1970705016398404 0.21107582724932072
    endloop
  endfacet
  facet normal 0 0.46174861323503374 -0.8870108331782217
    outer loop
      vertex -8.296476317900249 1.75 0.4689110867544648
      vertex 8.296476317900249 1.75 0.4689110867544648
      vertex 8.296476317900249 1.4791639160924481 0.3279227453717253
    endloop
  endfacet
  facet normal 7.221930296188098e-21 0.7372773368101255 -0.6755902076156586
    outer loop
      vertex 0 2.5780146425346695 1.1376848159720983
      vertex 8.296476317900249 2.4748737341529163 1.0251262658470837
      vertex -8.296476317900249 2.4748737341529163 1.0251262658470837
    endloop
  endfacet
  facet normal -1.1947232446392913e-19 0.7372773368101241 -0.6755902076156601
    outer loop
      vertex 0 2.5780146425346695 1.1376848159720983
      vertex -8.296476317900249 2.681155550916423 1.2502433660971128
      vertex 8.296476317900249 2.681155550916423 1.2502433660971128
    endloop
  endfacet
  facet normal 0 0.6755902076156594 -0.7372773368101249
    outer loop
      vertex 8.296476317900249 2.4748737341529163 1.0251262658470837
      vertex 8.296476317900249 2.249756633902887 0.8188444490835769
      vertex -8.296476317900249 2.4748737341529163 1.0251262658470837
    endloop
  endfacet
  facet normal 4.924734615733776e-18 0.7933533402912346 -0.6087614290087213
    outer loop
      vertex -8.296476317900249 2.813440744183305 1.4226407864137158
      vertex 8.296476317900249 2.8670321550114712 1.4924824727713388
      vertex 8.296476317900249 2.734746961744589 1.3200850524547358
    endloop
  endfacet
  facet normal 0 0.8433914458128856 -0.5372996083468239
    outer loop
      vertex -8.296476317900249 3.031088913245535 1.75
      vertex 8.296476317900249 3.031088913245535 1.75
      vertex 8.296476317900249 2.8670321550114712 1.4924824727713388
    endloop
  endfacet
  facet normal 0 0 -1
    outer loop
      vertex 18.596476317900247 -12 0
      vertex -8.296476317900249 -6 0
      vertex 8.296476317900249 -6 0
    endloop
  endfacet
  facet normal -1.2343076886759275e-19 0.3007057995042732 -0.9537169507482269
    outer loop
      vertex 0 1.0514685797493315 0.1651677176187909
      vertex 8.296476317900249 1.1970705016398404 0.21107582724932072
      vertex 8.296476317900249 0.9058666578588226 0.11925960798826107
    endloop
  endfacet
  facet normal 5.338612472388731e-18 0.5372996083468241 -0.8433914458128855
    outer loop
      vertex 0 1.8787587636143306 0.5509394658714968
      vertex 8.296476317900249 1.8242467168708745 0.516211462035493
      vertex 8.296476317900249 1.75 0.4689110867544648
    endloop
  endfacet
  facet normal -1.615539424594701e-17 0.6087614290087211 -0.7933533402912348
    outer loop
      vertex 0 2.128637080565774 0.7259061470360528
      vertex 8.296476317900249 2.249756633902887 0.8188444490835769
      vertex 8.296476317900249 2.007517527228661 0.6329678449885288
    endloop
  endfacet
  facet normal 1.4073668451266608e-17 0.7372773368101262 -0.675590207615658
    outer loop
      vertex 0 2.5780146425346695 1.1376848159720983
      vertex 8.296476317900249 2.5343483175324395 1.0900313842867109
      vertex 8.296476317900249 2.4748737341529163 1.0251262658470837
    endloop
  endfacet
  facet normal 1.484428476649784e-17 0.7372773368101235 -0.6755902076156608
    outer loop
      vertex 0 2.5780146425346695 1.1376848159720983
      vertex 8.296476317900249 2.681155550916423 1.2502433660971128
      vertex 8.296476317900249 2.6216809675368995 1.1853382476574856
    endloop
  endfacet
  facet normal 2.449120478389828e-19 0.8870108331782213 -0.4617486132350347
    outer loop
      vertex 0 3.101583083936905 1.885418041953776
      vertex 8.296476317900249 3.031088913245535 1.75
      vertex -8.296476317900249 3.031088913245535 1.75
    endloop
  endfacet
  facet normal -2.118573629576368e-19 0.8870108331782225 -0.46174861323503247
    outer loop
      vertex 0 3.101583083936905 1.885418041953776
      vertex -8.296476317900249 3.1720772546282747 2.020836083907552
      vertex 8.296476317900249 3.1720772546282747 2.020836083907552
    endloop
  endfacet
  facet normal 0 0.9238795325112866 -0.38268343236508995
    outer loop
      vertex -8.296476317900249 3.2889241727506793 2.3029294983601596
      vertex 8.296476317900249 3.2889241727506793 2.3029294983601596
      vertex 8.296476317900249 3.1720772546282747 2.020836083907552
    endloop
  endfacet
  facet normal 1.8536096783197414e-17 0.9537169507482266 -0.3007057995042741
    outer loop
      vertex -8.296476317900249 3.354268202297146 2.5101742828352007
      vertex 8.296476317900249 3.380740392011739 2.5941333421411774
      vertex 8.296476317900249 3.3153963624652723 2.3868885576661363
    endloop
  endfacet
  facet normal -6.997970841004249e-20 0.9914448613738103 -0.13052619222005268
    outer loop
      vertex 0 3.4667542894319188 3.04359313927447
      vertex 8.296476317900249 3.446827135542728 2.892231378165744
      vertex -8.296476317900249 3.446827135542728 2.892231378165744
    endloop
  endfacet
  facet normal -6.997970841004249e-20 0.9914448613738103 -0.13052619222005268
    outer loop
      vertex 0 3.4667542894319188 3.04359313927447
      vertex -8.296476317900249 3.4866814433211095 3.1949549003831965
      vertex 8.296476317900249 3.4866814433211095 3.1949549003831965
    endloop
  endfacet
  facet normal 3.5959464813435205e-22 0.9990482215818578 -0.04361938736533551
    outer loop
      vertex 0 3.4933407216605548 3.3474774501915983
      vertex 8.296476317900249 3.4866814433211095 3.1949549003831965
      vertex -8.296476317900249 3.4866814433211095 3.1949549003831965
    endloop
  endfacet
  facet normal 0 0.9762960071199334 -0.21643961393810252
    outer loop
      vertex -8.296476317900249 3.446827135542728 2.892231378165744
      vertex 8.296476317900249 3.446827135542728 2.892231378165744
      vertex 8.296476317900249 3.380740392011739 2.5941333421411774
    endloop
  endfacet
  facet normal 7.94454224195048e-18 0.8870108331782215 -0.4617486132350343
    outer loop
      vertex 0 3.101583083936905 1.885418041953776
      vertex 8.296476317900249 3.071738268562789 1.8280866850373452
      vertex 8.296476317900249 3.031088913245535 1.75
    endloop
  endfacet
  facet normal -4.28614987413824e-17 0.8870108331782235 -0.46174861323503036
    outer loop
      vertex 0 3.101583083936905 1.885418041953776
      vertex 8.296476317900249 3.1720772546282747 2.020836083907552
      vertex 8.296476317900249 3.131427899311021 1.942749398870207
    endloop
  endfacet
  facet normal 2.750725005922367e-17 0.9914448613738104 -0.13052619222005118
    outer loop
      vertex 0 3.4667542894319188 3.04359313927447
      vertex 8.296476317900249 3.458317815565757 2.9795117582086736
      vertex 8.296476317900249 3.446827135542728 2.892231378165744
    endloop
  endfacet
  facet normal -2.7470246737912135e-17 0.9914448613738104 -0.1305261922200512
    outer loop
      vertex 0 3.4667542894319188 3.04359313927447
      vertex 8.296476317900249 3.4866814433211095 3.1949549003831965
      vertex 8.296476317900249 3.4751907632980807 3.1076745203402667
    endloop
  endfacet
  facet normal -2.870247034353567e-17 0.9990482215818577 -0.043619387365337055
    outer loop
      vertex 0 3.4933407216605548 3.3474774501915983
      vertex 8.296476317900249 3.49052141148758 3.2829046309814784
      vertex 8.296476317900249 3.4866814433211095 3.1949549003831965
    endloop
  endfacet
  facet normal 0 0 -1
    outer loop
      vertex 18.596476317900247 -12 0
      vertex 8.296476317900249 -6 0
      vertex 14.09647631790025 -6 0
    endloop
  endfacet
  facet normal 0 0 -1
    outer loop
      vertex 18.596476317900247 -12 0
      vertex 14.09647631790025 -6 0
      vertex 19.596476317900247 0 0
    endloop
  endfacet
  facet normal 0.9859515989516618 -0.08974583493432406 -0.1408727427027752
    outer loop
      vertex 18.596476317900247 -12 0
      vertex 19.596476317900247 -1.75 0.4689110867544648
      vertex 19.596476317900247 -2.007517527228661 0.6329678449885288
    endloop
  endfacet
  facet normal 0.9886656014527688 -0.09139601250690185 -0.11910960247550674
    outer loop
      vertex 18.596476317900247 -12 0
      vertex 19.596476317900247 -2.007517527228661 0.6329678449885288
      vertex 19.596476317900247 -2.249756633902887 0.8188444490835769
    endloop
  endfacet
  facet normal 0.9904684965075979 -0.09305542690781618 -0.10155217845513045
    outer loop
      vertex 18.596476317900247 -12 0
      vertex 19.596476317900247 -2.249756633902887 0.8188444490835769
      vertex 19.596476317900247 -2.4748737341529163 1.0251262658470837
    endloop
  endfacet
  facet normal 0.9917045018026569 -0.0947686236850172 -0.08683944420130646
    outer loop
      vertex 18.596476317900247 -12 0
      vertex 19.596476317900247 -2.4748737341529163 1.0251262658470837
      vertex 19.596476317900247 -2.681155550916423 1.2502433660971128
    endloop
  endfacet
  facet normal 0.9925640204553251 -0.09656992404853323 -0.07410070894951877
    outer loop
      vertex 18.596476317900247 -12 0
      vertex 19.596476317900247 -2.681155550916423 1.2502433660971128
      vertex 19.596476317900247 -2.8670321550114712 1.4924824727713388
    endloop
  endfacet
  facet normal 0.9931578996180571 -0.09849059592772492 -0.06274542963476065
    outer loop
      vertex 18.596476317900247 -12 0
      vertex 19.596476317900247 -2.8670321550114712 1.4924824727713388
      vertex 19.596476317900247 -3.031088913245535 1.75
    endloop
  endfacet
  facet normal 0.9935525093200644 -0.10056297785096407 -0.05234977277457674
    outer loop
      vertex 18.596476317900247 -12 0
      vertex 19.596476317900247 -3.031088913245535 1.75
      vertex 19.596476317900247 -3.1720772546282747 2.020836083907552
    endloop
  endfacet
  facet normal 0.9937873705161787 -0.10282352610716478 -0.04259089904461201
    outer loop
      vertex 18.596476317900247 -12 0
      vertex 19.596476317900247 -3.1720772546282747 2.020836083907552
      vertex 19.596476317900247 -3.2889241727506793 2.3029294983601596
    endloop
  endfacet
  facet normal 0.9938842799692953 -0.10531573768971761 -0.03320592454346436
    outer loop
      vertex 18.596476317900247 -12 0
      vertex 19.596476317900247 -3.2889241727506793 2.3029294983601596
      vertex 19.596476317900247 -3.380740392011739 2.5941333421411774
    endloop
  endfacet
  facet normal 0 0 -1
    outer loop
      vertex 19.596476317900247 0 0
      vertex 14.09647631790025 -6 0
      vertex 14.09647631790025 0 0
    endloop
  endfacet
  facet normal 0 0.04361938736533549 -0.9990482215818577
    outer loop
      vertex 19.596476317900247 0 0
      vertex 14.09647631790025 0 0
      vertex 14.09647631790025 0.2622377086176398 0.011449545624413658
    endloop
  endfacet
  facet normal 0 0.13052619222005285 -0.9914448613738102
    outer loop
      vertex 19.596476317900247 0.6077686218342562 0.053172864457271984
      vertex 14.09647631790025 0.5652870209284054 0.0475800555965057
      vertex 14.09647631790025 0.6077686218342562 0.053172864457271984
    endloop
  endfacet
  facet normal 0 0.21643961393810254 -0.9762960071199335
    outer loop
      vertex 19.596476317900247 0.6077686218342562 0.053172864457271984
      vertex 14.09647631790025 0.6077686218342562 0.053172864457271984
      vertex 14.09647631790025 0.9058666578588226 0.11925960798826107
    endloop
  endfacet
  facet normal 0 0.3007057995042732 -0.9537169507482269
    outer loop
      vertex 19.596476317900247 0.9058666578588226 0.11925960798826107
      vertex 14.09647631790025 0.9058666578588226 0.11925960798826107
      vertex 14.09647631790025 1.1970705016398404 0.21107582724932072
    endloop
  endfacet
  facet normal 0 0.38268343236508967 -0.9238795325112867
    outer loop
      vertex 19.596476317900247 1.1970705016398404 0.21107582724932072
      vertex 14.09647631790025 1.1970705016398404 0.21107582724932072
      vertex 14.09647631790025 1.4791639160924481 0.3279227453717253
    endloop
  endfacet
  facet normal 0 0.4617486132350339 -0.8870108331782218
    outer loop
      vertex 19.596476317900247 1.4791639160924481 0.3279227453717253
      vertex 14.09647631790025 1.4791639160924481 0.3279227453717253
      vertex 14.09647631790025 1.75 0.4689110867544648
    endloop
  endfacet
  facet normal 0 0.5372996083468241 -0.8433914458128854
    outer loop
      vertex 19.596476317900247 1.75 0.4689110867544648
      vertex 14.09647631790025 1.75 0.4689110867544648
      vertex 14.09647631790025 1.7861377825477707 0.49193339330717756
    endloop
  endfacet
  facet normal 0 0.6087614290087212 -0.7933533402912347
    outer loop
      vertex 19.596476317900247 2.007517527228661 0.6329678449885288
      vertex 14.09647631790025 2.007517527228661 0.6329678449885288
      vertex 14.09647631790025 2.249756633902887 0.8188444490835769
    endloop
  endfacet
  facet normal 0.8386443252450947 -0.07109493368819877 -0.5400196349560548
    outer loop
      vertex 18.596476317900247 -12 0
      vertex 19.596476317900247 -0.3050450996168036 0.01331855667889048
      vertex 19.596476317900247 -0.6077686218342562 0.053172864457271984
    endloop
  endfacet
  facet normal 0.4637449639963891 -0.03864541366636576 -0.8851254941365903
    outer loop
      vertex 18.596476317900247 -12 0
      vertex 19.596476317900247 0 0
      vertex 19.596476317900247 -0.3050450996168036 0.01331855667889048
    endloop
  endfacet
  facet normal 0.9293722733303873 -0.07989735108345969 -0.3603936609522346
    outer loop
      vertex 18.596476317900247 -12 0
      vertex 19.596476317900247 -0.6077686218342562 0.053172864457271984
      vertex 19.596476317900247 -0.9058666578588226 0.11925960798826107
    endloop
  endfacet
  facet normal 0.9604622693133501 -0.08371955625188687 -0.26552450946463896
    outer loop
      vertex 18.596476317900247 -12 0
      vertex 19.596476317900247 -0.9058666578588226 0.11925960798826107
      vertex 19.596476317900247 -1.1970705016398404 0.21107582724932072
    endloop
  endfacet
  facet normal 0.9743431214733063 -0.08612969019855535 -0.2079354662003449
    outer loop
      vertex 18.596476317900247 -12 0
      vertex 19.596476317900247 -1.1970705016398404 0.21107582724932072
      vertex 19.596476317900247 -1.4791639160924481 0.3279227453717253
    endloop
  endfacet
  facet normal 0.9816570089347241 -0.08803490925409205 -0.1691134872266395
    outer loop
      vertex 18.596476317900247 -12 0
      vertex 19.596476317900247 -1.4791639160924481 0.3279227453717253
      vertex 19.596476317900247 -1.75 0.4689110867544648
    endloop
  endfacet
  facet normal 1 0 0
    outer loop
      vertex 19.596476317900247 -0.9058666578588226 0.11925960798826107
      vertex 19.596476317900247 -0.6077686218342562 0.053172864457271984
      vertex 19.596476317900247 -1.1970705016398404 0.21107582724932072
    endloop
  endfacet
  facet normal 1 0 0
    outer loop
      vertex 19.596476317900247 -1.1970705016398404 0.21107582724932072
      vertex 19.596476317900247 -0.6077686218342562 0.053172864457271984
      vertex 19.596476317900247 -1.75 0.4689110867544648
    endloop
  endfacet
  facet normal 1 0 0
    outer loop
      vertex 19.596476317900247 -1.1970705016398404 0.21107582724932072
      vertex 19.596476317900247 -1.75 0.4689110867544648
      vertex 19.596476317900247 -1.4791639160924481 0.3279227453717253
    endloop
  endfacet
  facet normal 1 0 0
    outer loop
      vertex 19.596476317900247 -2.007517527228661 0.6329678449885288
      vertex 19.596476317900247 -1.75 0.4689110867544648
      vertex 19.596476317900247 -2.249756633902887 0.8188444490835769
    endloop
  endfacet
  facet normal -6.4372766884019896e-21 0.043619387365335494 -0.9990482215818578
    outer loop
      vertex 19.596476317900247 0 0
      vertex 14.09647631790025 0.2622377086176398 0.011449545624413658
      vertex 19.596476317900247 0.3050450996168036 0.01331855667889048
    endloop
  endfacet
  facet normal -5.844454791542389e-20 0.21643961393810254 -0.9762960071199335
    outer loop
      vertex 19.596476317900247 0.6077686218342562 0.053172864457271984
      vertex 14.09647631790025 0.9058666578588226 0.11925960798826107
      vertex 19.596476317900247 0.9058666578588226 0.11925960798826107
    endloop
  endfacet
  facet normal 7.447566914983293e-19 0.3007057995042732 -0.9537169507482269
    outer loop
      vertex 19.596476317900247 0.9058666578588226 0.11925960798826107
      vertex 14.09647631790025 1.1970705016398404 0.21107582724932072
      vertex 19.596476317900247 1.1970705016398404 0.21107582724932072
    endloop
  endfacet
  facet normal 1.2879413468028134e-18 0.38268343236508967 -0.9238795325112867
    outer loop
      vertex 19.596476317900247 1.1970705016398404 0.21107582724932072
      vertex 14.09647631790025 1.4791639160924481 0.3279227453717253
      vertex 19.596476317900247 1.4791639160924481 0.3279227453717253
    endloop
  endfacet
  facet normal -2.014269342397079e-18 0.4617486132350339 -0.8870108331782218
    outer loop
      vertex 19.596476317900247 1.4791639160924481 0.3279227453717253
      vertex 14.09647631790025 1.75 0.4689110867544648
      vertex 19.596476317900247 1.75 0.4689110867544648
    endloop
  endfacet
  facet normal 1 0 0
    outer loop
      vertex 19.596476317900247 -0.6077686218342562 0.053172864457271984
      vertex 19.596476317900247 -0.3050450996168036 0.01331855667889048
      vertex 19.596476317900247 0 0
    endloop
  endfacet
  facet normal 1 0 0
    outer loop
      vertex 19.596476317900247 -0.6077686218342562 0.053172864457271984
      vertex 19.596476317900247 0 0
      vertex 19.596476317900247 0.9058666578588226 0.11925960798826107
    endloop
  endfacet
  facet normal 1 0 0
    outer loop
      vertex 19.596476317900247 -1.75 0.4689110867544648
      vertex 19.596476317900247 -0.6077686218342562 0.053172864457271984
      vertex 19.596476317900247 0.9058666578588226 0.11925960798826107
    endloop
  endfacet
  facet normal 1 0 0
    outer loop
      vertex 19.596476317900247 0 0
      vertex 19.596476317900247 0.3050450996168036 0.01331855667889048
      vertex 19.596476317900247 0.9058666578588226 0.11925960798826107
    endloop
  endfacet
  facet normal 1 0 0
    outer loop
      vertex 19.596476317900247 0.3050450996168036 0.01331855667889048
      vertex 19.596476317900247 0.6077686218342562 0.053172864457271984
      vertex 19.596476317900247 0.9058666578588226 0.11925960798826107
    endloop
  endfacet
  facet normal 1 0 0
    outer loop
      vertex 19.596476317900247 0.9058666578588226 0.11925960798826107
      vertex 19.596476317900247 1.1970705016398404 0.21107582724932072
      vertex 19.596476317900247 1.0987115437988304 0.1894494063008848
    endloop
  endfacet
  facet normal 1 0 0
    outer loop
      vertex 19.596476317900247 1.1970705016398404 0.21107582724932072
      vertex 19.596476317900247 1.4791639160924481 0.3279227453717253
      vertex 19.596476317900247 1.1964613614935236 0.2250274303467008
    endloop
  endfacet
  facet normal -1.2579082753165618e-18 0.6087614290087212 -0.7933533402912347
    outer loop
      vertex 19.596476317900247 2.007517527228661 0.6329678449885288
      vertex 14.09647631790025 2.249756633902887 0.8188444490835769
      vertex 19.596476317900247 2.249756633902887 0.8188444490835769
    endloop
  endfacet
  facet normal 1 0 0
    outer loop
      vertex 19.596476317900247 0.9058666578588226 0.11925960798826107
      vertex 19.596476317900247 0 1.2000000000000002
      vertex 19.596476317900247 -0.3993908086339397 1.234942168071922
    endloop
  endfacet
  facet normal 1 0 0
    outer loop
      vertex 19.596476317900247 0.9058666578588226 0.11925960798826107
      vertex 19.596476317900247 0.3993908086339397 1.234942168071922
      vertex 19.596476317900247 0 1.2000000000000002
    endloop
  endfacet
  facet normal 1 0 0
    outer loop
      vertex 19.596476317900247 0.9058666578588226 0.11925960798826107
      vertex 19.596476317900247 1.1951888488615423 0.25417276132701255
      vertex 19.596476317900247 2.249756633902887 1.1504626554812702
    endloop
  endfacet
  facet normal 0 0.6755902076156594 -0.7372773368101249
    outer loop
      vertex 19.596476317900247 2.249756633902887 0.8188444490835769
      vertex 14.09647631790025 2.249756633902887 0.8188444490835769
      vertex 14.09647631790025 2.4748737341529163 1.0251262658470837
    endloop
  endfacet
  facet normal 0 0.7372773368101243 -0.67559020761566
    outer loop
      vertex 19.596476317900247 2.4748737341529163 1.0251262658470837
      vertex 14.09647631790025 2.4748737341529163 1.0251262658470837
      vertex 14.09647631790025 2.503821540222596 1.0567172526982296
    endloop
  endfacet
  facet normal 0 0.7372773368101243 -0.67559020761566
    outer loop
      vertex 19.596476317900247 2.681155550916423 1.2502433660971128
      vertex 14.09647631790025 2.6522077448467436 1.218652379245967
      vertex 14.09647631790025 2.681155550916423 1.2502433660971128
    endloop
  endfacet
  facet normal -6.710397115219531e-18 0.7933533402912347 -0.6087614290087213
    outer loop
      vertex 19.596476317900247 2.681155550916423 1.2502433660971128
      vertex 14.09647631790025 2.7072398659212826 1.2842371072446284
      vertex 14.09647631790025 2.8670321550114712 1.4924824727713388
    endloop
  endfacet
  facet normal 0 0.8433914458128856 -0.537299608346824
    outer loop
      vertex 19.596476317900247 2.8670321550114712 1.4924824727713388
      vertex 14.09647631790025 2.8670321550114712 1.4924824727713388
      vertex 14.09647631790025 3.031088913245535 1.75
    endloop
  endfacet
  facet normal 1 0 0
    outer loop
      vertex 19.596476317900247 -1.75 0.4689110867544648
      vertex 19.596476317900247 -2.8670321550114712 1.4924824727713388
      vertex 19.596476317900247 -2.249756633902887 0.8188444490835769
    endloop
  endfacet
  facet normal 1 0 0
    outer loop
      vertex 19.596476317900247 -2.249756633902887 0.8188444490835769
      vertex 19.596476317900247 -2.681155550916423 1.2502433660971128
      vertex 19.596476317900247 -2.4748737341529163 1.0251262658470837
    endloop
  endfacet
  facet normal 1 0 0
    outer loop
      vertex 19.596476317900247 -1.75 0.4689110867544648
      vertex 19.596476317900247 0.9058666578588226 0.11925960798826107
      vertex 19.596476317900247 -3.380740392011739 2.5941333421411774
    endloop
  endfacet
  facet normal 1 0 0
    outer loop
      vertex 19.596476317900247 -2.249756633902887 0.8188444490835769
      vertex 19.596476317900247 -2.8670321550114712 1.4924824727713388
      vertex 19.596476317900247 -2.681155550916423 1.2502433660971128
    endloop
  endfacet
  facet normal 1 0 0
    outer loop
      vertex 19.596476317900247 -1.75 0.4689110867544648
      vertex 19.596476317900247 -3.380740392011739 2.5941333421411774
      vertex 19.596476317900247 -2.8670321550114712 1.4924824727713388
    endloop
  endfacet
  facet normal 1 0 0
    outer loop
      vertex 19.596476317900247 0.9058666578588226 0.11925960798826107
      vertex 19.596476317900247 -1.15 1.5081415712957913
      vertex 19.596476317900247 -3.380740392011739 2.5941333421411774
    endloop
  endfacet
  facet normal 1.727302463782739e-18 0.6755902076156594 -0.7372773368101249
    outer loop
      vertex 19.596476317900247 2.249756633902887 0.8188444490835769
      vertex 14.09647631790025 2.4748737341529163 1.0251262658470837
      vertex 19.596476317900247 2.4748737341529163 1.0251262658470837
    endloop
  endfacet
  facet normal 1 0 0
    outer loop
      vertex 19.596476317900247 0.9058666578588226 0.11925960798826107
      vertex 19.596476317900247 -0.3993908086339397 1.234942168071922
      vertex 19.596476317900247 -0.786646329649038 1.3387069721924107
    endloop
  endfacet
  facet normal 1 0 0
    outer loop
      vertex 19.596476317900247 0.9058666578588226 0.11925960798826107
      vertex 19.596476317900247 -0.786646329649038 1.3387069721924107
      vertex 19.596476317900247 -1.15 1.5081415712957913
    endloop
  endfacet
  facet normal 1 0 0
    outer loop
      vertex 19.596476317900247 0.9058666578588226 0.11925960798826107
      vertex 19.596476317900247 0.5930185691414889 1.2868245701321663
      vertex 19.596476317900247 0.3993908086339397 1.234942168071922
    endloop
  endfacet
  facet normal 1 0 0
    outer loop
      vertex 19.596476317900247 1.1951888488615423 0.25417276132701255
      vertex 19.596476317900247 2.007517527228661 0.6329678449885288
      vertex 19.596476317900247 3.031088913245535 1.75
    endloop
  endfacet
  facet normal 1 0 0
    outer loop
      vertex 19.596476317900247 1.1951888488615423 0.25417276132701255
      vertex 19.596476317900247 2.6713865332575275 1.4739906561949387
      vertex 19.596476317900247 2.249756633902887 1.1504626554812702
    endloop
  endfacet
  facet normal 1 0 0
    outer loop
      vertex 19.596476317900247 1.1951888488615423 0.25417276132701255
      vertex 19.596476317900247 3.031088913245535 1.75
      vertex 19.596476317900247 2.6713865332575275 1.4739906561949387
    endloop
  endfacet
  facet normal 1 0 0
    outer loop
      vertex 19.596476317900247 2.007517527228661 0.6329678449885288
      vertex 19.596476317900247 2.4748737341529163 1.0251262658470837
      vertex 19.596476317900247 3.031088913245535 1.75
    endloop
  endfacet
  facet normal -1.2579082753165618e-18 0.7933533402912347 -0.6087614290087212
    outer loop
      vertex 19.596476317900247 2.681155550916423 1.2502433660971128
      vertex 14.09647631790025 2.8670321550114712 1.4924824727713388
      vertex 19.596476317900247 2.8670321550114712 1.4924824727713388
    endloop
  endfacet
  facet normal -4.77877745307089e-19 0.8433914458128856 -0.537299608346824
    outer loop
      vertex 19.596476317900247 2.8670321550114712 1.4924824727713388
      vertex 14.09647631790025 3.031088913245535 1.75
      vertex 19.596476317900247 3.031088913245535 1.75
    endloop
  endfacet
  facet normal 1 0 0
    outer loop
      vertex 19.596476317900247 2.4748737341529163 1.0251262658470837
      vertex 19.596476317900247 2.681155550916423 1.2502433660971128
      vertex 19.596476317900247 3.031088913245535 1.75
    endloop
  endfacet
  facet normal 1 0 0
    outer loop
      vertex 19.596476317900247 2.681155550916423 1.2502433660971128
      vertex 19.596476317900247 2.8670321550114712 1.4924824727713388
      vertex 19.596476317900247 3.031088913245535 1.75
    endloop
  endfacet
  facet normal 0.9931506043228763 -0.11684124756739721 0
    outer loop
      vertex 18.596476317900247 -12 0
      vertex 19.596476317900247 -3.5 3.5
      vertex 18.596476317900247 -12 2.5
    endloop
  endfacet
  facet normal 0.9938518578308575 -0.10809358171159571 -0.02396377013141955
    outer loop
      vertex 18.596476317900247 -12 0
      vertex 19.596476317900247 -3.380740392011739 2.5941333421411774
      vertex 19.596476317900247 -3.446827135542728 2.892231378165744
    endloop
  endfacet
  facet normal 0.9936872443964525 -0.11122606410241813 -0.014643189135899591
    outer loop
      vertex 18.596476317900247 -12 0
      vertex 19.596476317900247 -3.446827135542728 2.892231378165744
      vertex 19.596476317900247 -3.4866814433211095 3.1949549003831965
    endloop
  endfacet
  facet normal 0.9933755437924583 -0.1148037648948023 -0.005012440624753814
    outer loop
      vertex 18.596476317900247 -12 0
      vertex 19.596476317900247 -3.4866814433211095 3.1949549003831965
      vertex 19.596476317900247 -3.5 3.5
    endloop
  endfacet
  facet normal 0.9930673740184112 -0.11743466851481366 0.005127308357504918
    outer loop
      vertex 18.596476317900247 -12 2.5
      vertex 19.596476317900247 -3.5 3.5
      vertex 19.596476317900247 -3.4866814433211095 3.8050450996168035
    endloop
  endfacet
  facet normal 0.9927687526507452 -0.11901552784076073 0.01566869149191888
    outer loop
      vertex 18.596476317900247 -12 2.5
      vertex 19.596476317900247 -3.4866814433211095 3.8050450996168035
      vertex 19.596476317900247 -3.446827135542728 4.107768621834256
    endloop
  endfacet
  facet normal 0 0.8870108331782234 -0.46174861323503075
    outer loop
      vertex 19.596476317900247 3.031088913245535 1.75
      vertex 14.09647631790025 3.031088913245535 1.75
      vertex 14.09647631790025 3.050873997691986 1.7880067936022477
    endloop
  endfacet
  facet normal 0 0.8870108331782234 -0.46174861323503075
    outer loop
      vertex 19.596476317900247 3.1720772546282747 2.020836083907552
      vertex 14.09647631790025 3.152292170181824 1.9828292903053044
      vertex 14.09647631790025 3.1720772546282747 2.020836083907552
    endloop
  endfacet
  facet normal 0 0.9238795325112866 -0.38268343236508995
    outer loop
      vertex 19.596476317900247 3.1720772546282747 2.020836083907552
      vertex 14.09647631790025 3.1720772546282747 2.020836083907552
      vertex 14.09647631790025 3.2889241727506793 2.3029294983601596
    endloop
  endfacet
  facet normal 0 0.9537169507482269 -0.3007057995042732
    outer loop
      vertex 19.596476317900247 3.380740392011739 2.5941333421411774
      vertex 14.09647631790025 3.301808866859552 2.3437945272259
      vertex 14.09647631790025 3.380740392011739 2.5941333421411774
    endloop
  endfacet
  facet normal 1 0 0
    outer loop
      vertex 19.596476317900247 -2.8670321550114712 1.4924824727713388
      vertex 19.596476317900247 -3.1720772546282747 2.020836083907552
      vertex 19.596476317900247 -3.031088913245535 1.75
    endloop
  endfacet
  facet normal 1 0 0
    outer loop
      vertex 19.596476317900247 -2.8670321550114712 1.4924824727713388
      vertex 19.596476317900247 -3.380740392011739 2.5941333421411774
      vertex 19.596476317900247 -3.1720772546282747 2.020836083907552
    endloop
  endfacet
  facet normal 1 0 0
    outer loop
      vertex 19.596476317900247 -3.380740392011739 2.5941333421411774
      vertex 19.596476317900247 -1.15 1.5081415712957913
      vertex 19.596476317900247 -1.47841150227904 1.7380977808263507
    endloop
  endfacet
  facet normal 1 0 0
    outer loop
      vertex 19.596476317900247 -3.380740392011739 2.5941333421411774
      vertex 19.596476317900247 -1.47841150227904 1.7380977808263507
      vertex 19.596476317900247 -1.7619022191736493 2.02158849772096
    endloop
  endfacet
  facet normal 1 0 0
    outer loop
      vertex 19.596476317900247 -3.1720772546282747 2.020836083907552
      vertex 19.596476317900247 -3.380740392011739 2.5941333421411774
      vertex 19.596476317900247 -3.2889241727506793 2.3029294983601596
    endloop
  endfacet
  facet normal 1 0 0
    outer loop
      vertex 19.596476317900247 -3.380740392011739 2.5941333421411774
      vertex 19.596476317900247 -1.7619022191736493 2.02158849772096
      vertex 19.596476317900247 -1.9918584287042087 2.35
    endloop
  endfacet
  facet normal 1 0 0
    outer loop
      vertex 19.596476317900247 -3.380740392011739 2.5941333421411774
      vertex 19.596476317900247 -1.9918584287042087 2.35
      vertex 19.596476317900247 -2.1612930278075893 2.713353670350962
    endloop
  endfacet
  facet normal 1 0 0
    outer loop
      vertex 19.596476317900247 2.249756633902887 1.1504626554812702
      vertex 19.596476317900247 2.6713865332575275 1.4739906561949387
      vertex 19.596476317900247 2.3565836929764297 2.63197522021764
    endloop
  endfacet
  facet normal 1 0 0
    outer loop
      vertex 19.596476317900247 3.031088913245535 1.75
      vertex 19.596476317900247 3.1720772546282747 2.020836083907552
      vertex 19.596476317900247 3.207922886147541 2.1292216786695515
    endloop
  endfacet
  facet normal 1 0 0
    outer loop
      vertex 19.596476317900247 3.031088913245535 1.75
      vertex 19.596476317900247 3.207922886147541 2.1292216786695515
      vertex 19.596476317900247 3.2281869365380764 2.291522368415398
    endloop
  endfacet
  facet normal -1.76595272653888e-18 0.9238795325112866 -0.38268343236508995
    outer loop
      vertex 19.596476317900247 3.1720772546282747 2.020836083907552
      vertex 14.09647631790025 3.2889241727506793 2.3029294983601596
      vertex 19.596476317900247 3.2889241727506793 2.3029294983601596
    endloop
  endfacet
  facet normal -1.3568798168170953e-19 0.9537169507482269 -0.3007057995042732
    outer loop
      vertex 19.596476317900247 3.2889241727506793 2.3029294983601596
      vertex 14.09647631790025 3.301808866859552 2.3437945272259
      vertex 19.596476317900247 3.380740392011739 2.5941333421411774
    endloop
  endfacet
  facet normal 1 0 0
    outer loop
      vertex 19.596476317900247 2.6713865332575275 1.4739906561949387
      vertex 19.596476317900247 2.4748737341529163 2.8368595815647293
      vertex 19.596476317900247 2.3565836929764297 2.63197522021764
    endloop
  endfacet
  facet normal 1 0 0
    outer loop
      vertex 19.596476317900247 3.2889241727506793 2.3029294983601596
      vertex 19.596476317900247 3.446827135542728 2.892231378165744
      vertex 19.596476317900247 3.285386484610407 2.4486768351471353
    endloop
  endfacet
  facet normal 1 0 0
    outer loop
      vertex 19.596476317900247 3.2889241727506793 2.3029294983601596
      vertex 19.596476317900247 3.380740392011739 2.5941333421411774
      vertex 19.596476317900247 3.446827135542728 2.892231378165744
    endloop
  endfacet
  facet normal 0 0.9762960071199335 -0.21643961393810254
    outer loop
      vertex 19.596476317900247 3.380740392011739 2.5941333421411774
      vertex 14.09647631790025 3.380740392011739 2.5941333421411774
      vertex 14.09647631790025 3.446827135542728 2.892231378165744
    endloop
  endfacet
  facet normal 0 0.9914448613738098 -0.13052619222005538
    outer loop
      vertex 19.596476317900247 3.446827135542728 2.892231378165744
      vertex 14.09647631790025 3.446827135542728 2.892231378165744
      vertex 14.09647631790025 3.4524199444034944 2.9347129790715947
    endloop
  endfacet
  facet normal 0 0.9914448613738098 -0.13052619222005538
    outer loop
      vertex 19.596476317900247 3.4866814433211095 3.1949549003831965
      vertex 14.09647631790025 3.481088634460343 3.1524732994773457
      vertex 14.09647631790025 3.4866814433211095 3.1949549003831965
    endloop
  endfacet
  facet normal 0 0.9990482215818576 -0.04361938736533969
    outer loop
      vertex 19.596476317900247 3.4866814433211095 3.1949549003831965
      vertex 14.09647631790025 3.4866814433211095 3.1949549003831965
      vertex 14.09647631790025 3.4885504543755865 3.2377622913823605
    endloop
  endfacet
  facet normal 1 0 0
    outer loop
      vertex 19.596476317900247 -3.380740392011739 2.5941333421411774
      vertex 19.596476317900247 -3.4866814433211095 3.1949549003831965
      vertex 19.596476317900247 -3.446827135542728 2.892231378165744
    endloop
  endfacet
  facet normal 1 0 0
    outer loop
      vertex 19.596476317900247 -3.380740392011739 2.5941333421411774
      vertex 19.596476317900247 -2.1612930278075893 2.713353670350962
      vertex 19.596476317900247 -2.265057831928078 3.1006091913660603
    endloop
  endfacet
  facet normal 1 0 0
    outer loop
      vertex 19.596476317900247 -3.380740392011739 2.5941333421411774
      vertex 19.596476317900247 -3.5 3.5
      vertex 19.596476317900247 -3.4866814433211095 3.1949549003831965
    endloop
  endfacet
  facet normal 1 0 0
    outer loop
      vertex 19.596476317900247 -3.380740392011739 2.5941333421411774
      vertex 19.596476317900247 -2.265057831928078 3.1006091913660603
      vertex 19.596476317900247 -2.3 3.5
    endloop
  endfacet
  facet normal 1 0 0
    outer loop
      vertex 19.596476317900247 -3.380740392011739 2.5941333421411774
      vertex 19.596476317900247 -2.3 3.5
      vertex 19.596476317900247 -2.265057831928078 3.8993908086339397
    endloop
  endfacet
  facet normal -5.844454791542389e-20 0.9762960071199335 -0.21643961393810254
    outer loop
      vertex 19.596476317900247 3.380740392011739 2.5941333421411774
      vertex 14.09647631790025 3.446827135542728 2.892231378165744
      vertex 19.596476317900247 3.446827135542728 2.892231378165744
    endloop
  endfacet
  facet normal 1 0 0
    outer loop
      vertex 19.596476317900247 2.3565836929764297 2.63197522021764
      vertex 19.596476317900247 2.4748737341529163 2.8368595815647293
      vertex 19.596476317900247 2.3895472923584964 2.9794230837883324
    endloop
  endfacet
  facet normal -1.3020193011863266e-17 0.9762960071199334 0.21643961393810293
    outer loop
      vertex -8.296476317900249 3.399794332878088 4.3199198847647065
      vertex 8.296476317900249 3.380740392011739 4.405866657858823
      vertex 8.296476317900249 3.4277731946763788 4.193715394928373
    endloop
  endfacet
  facet normal 0 -0.3689976981314273 0.9294303087234179
    outer loop
      vertex 18.596476317900247 -12 2.5
      vertex 8.296476317900249 -6 4.882089510110227
      vertex -8.296476317900249 -6 4.882089510110227
    endloop
  endfacet
  facet normal 6.602078631737823e-20 0.8433914458128858 0.5372996083468237
    outer loop
      vertex 0 2.9490605341285034 5.37875876361433
      vertex 8.296476317900249 3.031088913245535 5.25
      vertex -8.296476317900249 3.031088913245535 5.25
    endloop
  endfacet
  facet normal 0 -0.36899769813142747 0.9294303087234179
    outer loop
      vertex -8.296476317900249 -6 4.882089510110227
      vertex 8.296476317900249 -6 4.882089510110227
      vertex 8.296476317900249 -1.1970705016398404 6.788924172750679
    endloop
  endfacet
  facet normal 0 0.7933533402912353 0.6087614290087204
    outer loop
      vertex -8.296476317900249 2.681155550916423 5.749756633902887
      vertex 8.296476317900249 2.681155550916423 5.749756633902887
      vertex 8.296476317900249 2.8670321550114712 5.507517527228661
    endloop
  endfacet
  facet normal -4.6853207524182804e-17 0.7372773368101271 0.6755902076156568
    outer loop
      vertex 8.296476317900249 2.6216809675369 5.814661752342515
      vertex 8.296476317900249 2.681155550916423 5.749756633902887
      vertex -8.296476317900249 2.5343483175324395 5.909968615713289
    endloop
  endfacet
  facet normal -2.934285792688152e-20 0.043619387365332586 0.9990482215818578
    outer loop
      vertex 0 0.1525225498084018 6.993340721660555
      vertex -8.296476317900249 0 7
      vertex 8.296476317900249 0 7
    endloop
  endfacet
  facet normal -6.4334695324420305e-21 0.043619387365338394 0.9990482215818577
    outer loop
      vertex 0 0.1525225498084018 6.993340721660555
      vertex 8.296476317900249 0.3050450996168036 6.9866814433211095
      vertex -8.296476317900249 0.3050450996168036 6.9866814433211095
    endloop
  endfacet
  facet normal 6.426537161308899e-20 0.30070579950427057 0.9537169507482278
    outer loop
      vertex 0 1.0514685797493315 6.834832282381209
      vertex 8.296476317900249 1.1970705016398404 6.788924172750679
      vertex -8.296476317900249 1.1970705016398404 6.788924172750679
    endloop
  endfacet
  facet normal 3.126932578785292e-20 0.3007057995042758 0.9537169507482262
    outer loop
      vertex 0 1.0514685797493315 6.834832282381209
      vertex -8.296476317900249 0.9058666578588226 6.880740392011739
      vertex 8.296476317900249 0.9058666578588226 6.880740392011739
    endloop
  endfacet
  facet normal 0 -0.3007057995042732 0.9537169507482269
    outer loop
      vertex -8.296476317900249 -1.1970705016398404 6.788924172750679
      vertex 8.296476317900249 -1.1970705016398404 6.788924172750679
      vertex 8.296476317900249 -0.9058666578588226 6.880740392011739
    endloop
  endfacet
  facet normal 0 0.6755902076156594 0.7372773368101249
    outer loop
      vertex -8.296476317900249 2.249756633902887 6.181155550916423
      vertex 8.296476317900249 2.249756633902887 6.181155550916423
      vertex 8.296476317900249 2.314661752342514 6.1216809675369
    endloop
  endfacet
  facet normal 0 0.6087614290087207 0.7933533402912352
    outer loop
      vertex -8.296476317900249 2.249756633902887 6.181155550916423
      vertex 8.296476317900249 2.179914947545264 6.234746961744589
      vertex 8.296476317900249 2.249756633902887 6.181155550916423
    endloop
  endfacet
  facet normal 2.68687314443267e-17 0.5372996083468218 0.843391445812887
    outer loop
      vertex 8.296476317900249 2.007517527228661 6.367032155011471
      vertex -8.296476317900249 1.9332708103577867 6.4143325302925
      vertex 8.296476317900249 1.8242467168708745 6.483788537964506
    endloop
  endfacet
  facet normal 0 0.46174861323503535 0.8870108331782209
    outer loop
      vertex -8.296476317900249 1.75 6.531088913245535
      vertex 8.296476317900249 1.671913314962655 6.571738268562789
      vertex 8.296476317900249 1.75 6.531088913245535
    endloop
  endfacet
  facet normal 0 0.38268343236508645 0.9238795325112882
    outer loop
      vertex -8.296476317900249 1.1970705016398404 6.788924172750679
      vertex 8.296476317900249 1.1970705016398404 6.788924172750679
      vertex 8.296476317900249 1.2784028680204924 6.755235203535916
    endloop
  endfacet
  facet normal 2.326852446493098e-17 0.21643961393810132 0.9762960071199338
    outer loop
      vertex 8.296476317900249 0.9058666578588226 6.880740392011739
      vertex -8.296476317900249 0.8199198847647061 6.899794332878089
      vertex 8.296476317900249 0.6937153949283726 6.927773194676378
    endloop
  endfacet
  facet normal -5.641332150669589e-19 0.8433914458128858 0.5372996083468236
    outer loop
      vertex 0 2.9490605341285034 5.37875876361433
      vertex 8.296476317900249 2.9837885379645073 5.324246716870874
      vertex 8.296476317900249 3.031088913245535 5.25
    endloop
  endfacet
  facet normal 8.166635606019708e-17 0.04361938736533702 0.9990482215818577
    outer loop
      vertex 0 0.1525225498084018 6.993340721660555
      vertex 8.296476317900249 0 7
      vertex 8.296476317900249 0.08794973059828201 6.996160031833529
    endloop
  endfacet
  facet normal 2.52922076570333e-17 0.04361938736533702 0.9990482215818577
    outer loop
      vertex 0 0.1525225498084018 6.993340721660555
      vertex 8.296476317900249 0.21709536901852158 6.99052141148758
      vertex 8.296476317900249 0.3050450996168036 6.9866814433211095
    endloop
  endfacet
  facet normal 6.932570322660014e-17 0.30070579950426696 0.9537169507482288
    outer loop
      vertex 0 1.0514685797493315 6.834832282381209
      vertex 8.296476317900249 1.113111442333864 6.815396362465272
      vertex 8.296476317900249 1.1970705016398404 6.788924172750679
    endloop
  endfacet
  facet normal 5.283474076646645e-18 0.3007057995042761 0.9537169507482259
    outer loop
      vertex 0 1.0514685797493315 6.834832282381209
      vertex 8.296476317900249 0.9058666578588226 6.880740392011739
      vertex 8.296476317900249 0.9898257171647991 6.8542682022971455
    endloop
  endfacet
  facet normal -1.4232757634885596e-16 -0.36899769813142735 0.9294303087234178
    outer loop
      vertex 18.596476317900247 -12 2.5
      vertex 14.09647631790025 -6 4.8820895101102275
      vertex 8.296476317900249 -6 4.882089510110227
    endloop
  endfacet
  facet normal 0.9922825377366191 -0.12105820625962231 0.026837958196886683
    outer loop
      vertex 18.596476317900247 -12 2.5
      vertex 19.596476317900247 -3.446827135542728 4.107768621834256
      vertex 19.596476317900247 -3.380740392011739 4.405866657858823
    endloop
  endfacet
  facet normal 0.991558196404339 -0.12366124776694902 0.03899024165218256
    outer loop
      vertex 18.596476317900247 -12 2.5
      vertex 19.596476317900247 -3.380740392011739 4.405866657858823
      vertex 19.596476317900247 -3.2889241727506793 4.697070501639841
    endloop
  endfacet
  facet normal 0.9905109964152995 -0.12697199456555558 0.052593522190616554
    outer loop
      vertex 18.596476317900247 -12 2.5
      vertex 19.596476317900247 -3.2889241727506793 4.697070501639841
      vertex 19.596476317900247 -3.1720772546282747 4.979163916092448
    endloop
  endfacet
  facet normal 0.9889982633314989 -0.13121296484392667 0.0683051461029526
    outer loop
      vertex 18.596476317900247 -12 2.5
      vertex 19.596476317900247 -3.1720772546282747 4.979163916092448
      vertex 19.596476317900247 -3.031088913245535 5.25
    endloop
  endfacet
  facet normal 2.922154313439529e-17 -0.3689976981314274 0.9294303087234179
    outer loop
      vertex 18.596476317900247 -12 2.5
      vertex 19.596476317900247 -1.1970705016398404 6.788924172750679
      vertex 14.09647631790025 -6 4.8820895101102275
    endloop
  endfacet
  facet normal 0.986771298606248 -0.1367293462358149 0.08710620026648812
    outer loop
      vertex 18.596476317900247 -12 2.5
      vertex 19.596476317900247 -3.031088913245535 5.25
      vertex 19.596476317900247 -2.8670321550114712 5.507517527228661
    endloop
  endfacet
  facet normal 0.9833710643775754 -0.1440790602275106 0.11055575131521593
    outer loop
      vertex 18.596476317900247 -12 2.5
      vertex 19.596476317900247 -2.8670321550114712 5.507517527228661
      vertex 19.596476317900247 -2.681155550916423 5.749756633902887
    endloop
  endfacet
  facet normal 0.9778795071876691 -0.15421556125657535 0.14131252629799204
    outer loop
      vertex 18.596476317900247 -12 2.5
      vertex 19.596476317900247 -2.681155550916423 5.749756633902887
      vertex 19.596476317900247 -2.4748737341529163 5.974873734152917
    endloop
  endfacet
  facet normal 0.9682482275570258 -0.1688912955966366 0.1843125066412139
    outer loop
      vertex 18.596476317900247 -12 2.5
      vertex 19.596476317900247 -2.4748737341529163 5.974873734152917
      vertex 19.596476317900247 -2.249756633902887 6.181155550916423
    endloop
  endfacet
  facet normal 0.9491580452455386 -0.19163806415122286 0.24974758760404447
    outer loop
      vertex 18.596476317900247 -12 2.5
      vertex 19.596476317900247 -2.249756633902887 6.181155550916423
      vertex 19.596476317900247 -2.007517527228661 6.367032155011471
    endloop
  endfacet
  facet normal 0.903456715198134 -0.23032923347960638 0.3615444757814653
    outer loop
      vertex 18.596476317900247 -12 2.5
      vertex 19.596476317900247 -2.007517527228661 6.367032155011471
      vertex 19.596476317900247 -1.75 6.531088913245535
    endloop
  endfacet
  facet normal 0 0.9762960071199335 0.21643961393810188
    outer loop
      vertex 19.596476317900247 3.380740392011739 4.405866657858823
      vertex 14.09647631790025 3.437553093528133 4.149601122012808
      vertex 14.09647631790025 3.380740392011739 4.405866657858823
    endloop
  endfacet
  facet normal 1 0 0
    outer loop
      vertex 19.596476317900247 -3.5 3.5
      vertex 19.596476317900247 -3.446827135542728 4.107768621834256
      vertex 19.596476317900247 -3.4866814433211095 3.8050450996168035
    endloop
  endfacet
  facet normal 1 0 0
    outer loop
      vertex 19.596476317900247 -3.380740392011739 2.5941333421411774
      vertex 19.596476317900247 -3.031088913245535 5.25
      vertex 19.596476317900247 -3.5 3.5
    endloop
  endfacet
  facet normal 1 0 0
    outer loop
      vertex 19.596476317900247 -3.380740392011739 2.5941333421411774
      vertex 19.596476317900247 -2.265057831928078 3.8993908086339397
      vertex 19.596476317900247 -2.1612930278075893 4.286646329649038
    endloop
  endfacet
  facet normal 1 0 0
    outer loop
      vertex 19.596476317900247 -3.380740392011739 2.5941333421411774
      vertex 19.596476317900247 -2.1612930278075893 4.286646329649038
      vertex 19.596476317900247 -1.9918584287042087 4.65
    endloop
  endfacet
  facet normal 1 0 0
    outer loop
      vertex 19.596476317900247 -3.5 3.5
      vertex 19.596476317900247 -3.380740392011739 4.405866657858823
      vertex 19.596476317900247 -3.446827135542728 4.107768621834256
    endloop
  endfacet
  facet normal 1 0 0
    outer loop
      vertex 19.596476317900247 3.4866814433211095 3.5
      vertex 19.596476317900247 3.5 3.5
      vertex 19.596476317900247 3.4866814433211095 3.8050450996168035
    endloop
  endfacet
  facet normal -1.593767906618936e-17 0.9762960071199335 0.2164396139381022
    outer loop
      vertex 19.596476317900247 3.446827135542728 4.107768621834256
      vertex 14.09647631790025 3.437553093528133 4.149601122012808
      vertex 19.596476317900247 3.380740392011739 4.405866657858823
    endloop
  endfacet
  facet normal 1 0 0
    outer loop
      vertex 19.596476317900247 -3.5 3.5
      vertex 19.596476317900247 -3.031088913245535 5.25
      vertex 19.596476317900247 -3.380740392011739 4.405866657858823
    endloop
  endfacet
  facet normal 1 0 0
    outer loop
      vertex 19.596476317900247 -3.380740392011739 4.405866657858823
      vertex 19.596476317900247 -3.1720772546282747 4.979163916092448
      vertex 19.596476317900247 -3.2889241727506793 4.697070501639841
    endloop
  endfacet
  facet normal 1 0 0
    outer loop
      vertex 19.596476317900247 -3.380740392011739 2.5941333421411774
      vertex 19.596476317900247 -1.9918584287042087 4.65
      vertex 19.596476317900247 -0.9058666578588226 6.880740392011739
    endloop
  endfacet
  facet normal 1 0 0
    outer loop
      vertex 19.596476317900247 -3.380740392011739 4.405866657858823
      vertex 19.596476317900247 -3.031088913245535 5.25
      vertex 19.596476317900247 -3.1720772546282747 4.979163916092448
    endloop
  endfacet
  facet normal 0.7566579089608239 -0.30189631730137845 0.5799374297343628
    outer loop
      vertex 18.596476317900247 -12 2.5
      vertex 19.596476317900247 -1.75 6.531088913245535
      vertex 19.596476317900247 -1.4791639160924481 6.672077254628275
    endloop
  endfacet
  facet normal 1 0 0
    outer loop
      vertex 19.596476317900247 -3.380740392011739 2.5941333421411774
      vertex 19.596476317900247 -0.9058666578588226 6.880740392011739
      vertex 19.596476317900247 -3.031088913245535 5.25
    endloop
  endfacet
  facet normal 1 0 0
    outer loop
      vertex 19.596476317900247 3.380740392011739 4.405866657858823
      vertex 19.596476317900247 3.29231809185845 4.619336974105117
      vertex 19.596476317900247 3.2889241727506793 4.582243974025384
    endloop
  endfacet
  facet normal 1 0 0
    outer loop
      vertex 19.596476317900247 3.2889241727506793 4.582243974025384
      vertex 19.596476317900247 3.29231809185845 4.619336974105117
      vertex 19.596476317900247 3.2889241727506793 4.6158203910029565
    endloop
  endfacet
  facet normal 1 0 0
    outer loop
      vertex 19.596476317900247 3.0945357447308135 4.955660669941567
      vertex 19.596476317900247 3.1315633958064986 5.007433141528903
      vertex 19.596476317900247 3.031088913245535 5.25
    endloop
  endfacet
  facet normal 1 0 0
    outer loop
      vertex 19.596476317900247 3.1720772546282747 4.947649526193551
      vertex 19.596476317900247 3.1720772546282747 4.979163916092448
      vertex 19.596476317900247 3.031088913245535 5.25
    endloop
  endfacet
  facet normal 1 0 0
    outer loop
      vertex 19.596476317900247 3.1720772546282747 4.947649526193551
      vertex 19.596476317900247 3.031088913245535 5.25
      vertex 19.596476317900247 3.1315633958064986 5.007433141528903
    endloop
  endfacet
  facet normal 0 0.8433914458128866 0.5372996083468224
    outer loop
      vertex 19.596476317900247 3.031088913245535 5.25
      vertex 14.09647631790025 3.031088913245535 5.25
      vertex 14.09647631790025 3.0080666066928226 5.286137782547771
    endloop
  endfacet
  facet normal 0 0.7933533402912354 0.6087614290087205
    outer loop
      vertex 19.596476317900247 2.8670321550114712 5.507517527228661
      vertex 14.09647631790025 2.8670321550114712 5.507517527228661
      vertex 14.09647631790025 2.681155550916423 5.749756633902887
    endloop
  endfacet
  facet normal 0 0.7372773368101266 0.6755902076156574
    outer loop
      vertex 19.596476317900247 2.681155550916423 5.749756633902887
      vertex 14.09647631790025 2.681155550916423 5.749756633902887
      vertex 14.09647631790025 2.6522077448467436 5.781347620754033
    endloop
  endfacet
  facet normal 0.16917857524839203 -0.37716720938783344 0.9105621921865185
    outer loop
      vertex 18.596476317900247 -12 2.5
      vertex 19.596476317900247 -1.4791639160924481 6.672077254628275
      vertex 19.596476317900247 -1.1970705016398404 6.788924172750679
    endloop
  endfacet
  facet normal 1 0 0
    outer loop
      vertex 19.596476317900247 -3.031088913245535 5.25
      vertex 19.596476317900247 -2.681155550916423 5.749756633902887
      vertex 19.596476317900247 -2.8670321550114712 5.507517527228661
    endloop
  endfacet
  facet normal 1 0 0
    outer loop
      vertex 19.596476317900247 -3.031088913245535 5.25
      vertex 19.596476317900247 -2.4748737341529163 5.974873734152917
      vertex 19.596476317900247 -2.681155550916423 5.749756633902887
    endloop
  endfacet
  facet normal 1 0 0
    outer loop
      vertex 19.596476317900247 -0.9058666578588226 6.880740392011739
      vertex 19.596476317900247 -1.9918584287042087 4.65
      vertex 19.596476317900247 -1.7619022191736493 4.97841150227904
    endloop
  endfacet
  facet normal 1 0 0
    outer loop
      vertex 19.596476317900247 -3.031088913245535 5.25
      vertex 19.596476317900247 -2.007517527228661 6.367032155011471
      vertex 19.596476317900247 -2.4748737341529163 5.974873734152917
    endloop
  endfacet
  facet normal 1 0 0
    outer loop
      vertex 19.596476317900247 -0.9058666578588226 6.880740392011739
      vertex 19.596476317900247 -1.7619022191736493 4.97841150227904
      vertex 19.596476317900247 -1.47841150227904 5.261902219173649
    endloop
  endfacet
  facet normal 1 0 0
    outer loop
      vertex 19.596476317900247 -0.9058666578588226 6.880740392011739
      vertex 19.596476317900247 -1.47841150227904 5.261902219173649
      vertex 19.596476317900247 -1.15 5.491858428704209
    endloop
  endfacet
  facet normal 1 0 0
    outer loop
      vertex 19.596476317900247 -0.9058666578588226 6.880740392011739
      vertex 19.596476317900247 -1.15 5.491858428704209
      vertex 19.596476317900247 -0.786646329649038 5.66129302780759
    endloop
  endfacet
  facet normal 1.6872018379075459e-18 0.7933533402912354 0.6087614290087205
    outer loop
      vertex 19.596476317900247 2.8670321550114712 5.507517527228661
      vertex 14.09647631790025 2.681155550916423 5.749756633902887
      vertex 19.596476317900247 2.681155550916423 5.749756633902887
    endloop
  endfacet
  facet normal 1 0 0
    outer loop
      vertex 19.596476317900247 3.0945357447308135 4.955660669941567
      vertex 19.596476317900247 3.031088913245535 5.25
      vertex 19.596476317900247 2.681155550916423 5.749756633902887
    endloop
  endfacet
  facet normal 1 0 0
    outer loop
      vertex 19.596476317900247 3.031088913245535 5.25
      vertex 19.596476317900247 2.8670321550114712 5.507517527228661
      vertex 19.596476317900247 2.681155550916423 5.749756633902887
    endloop
  endfacet
  facet normal 1 0 0
    outer loop
      vertex 19.596476317900247 -0.9058666578588226 6.880740392011739
      vertex 19.596476317900247 -0.786646329649038 5.66129302780759
      vertex 19.596476317900247 -0.5930185691414889 5.713175429867834
    endloop
  endfacet
  facet normal 0 -0.3689976981314273 0.9294303087234179
    outer loop
      vertex 19.596476317900247 -1.1970705016398404 6.788924172750679
      vertex 14.09647631790025 -1.1970705016398404 6.788924172750679
      vertex 14.09647631790025 -6 4.8820895101102275
    endloop
  endfacet
  facet normal 0 -0.3007057995042732 0.9537169507482269
    outer loop
      vertex 19.596476317900247 -0.9058666578588226 6.880740392011739
      vertex 14.09647631790025 -0.9058666578588226 6.880740392011739
      vertex 14.09647631790025 -1.1970705016398404 6.788924172750679
    endloop
  endfacet
  facet normal 0 0.6755902076156518 0.7372773368101319
    outer loop
      vertex 19.596476317900247 2.249756633902887 6.181155550916423
      vertex 14.09647631790025 2.2813476207540333 6.152207744846744
      vertex 14.09647631790025 2.249756633902887 6.181155550916423
    endloop
  endfacet
  facet normal 0 0.6087614290087205 0.7933533402912353
    outer loop
      vertex 19.596476317900247 2.249756633902887 6.181155550916423
      vertex 14.09647631790025 2.249756633902887 6.181155550916423
      vertex 14.09647631790025 2.2157628927553716 6.207239865921283
    endloop
  endfacet
  facet normal 0 0.5372996083468219 0.8433914458128869
    outer loop
      vertex 19.596476317900247 2.007517527228661 6.367032155011471
      vertex 14.09647631790025 2.007517527228661 6.367032155011471
      vertex 14.09647631790025 1.7861377825477707 6.508066606692822
    endloop
  endfacet
  facet normal 0 0.4617486132350389 0.887010833178219
    outer loop
      vertex 19.596476317900247 1.75 6.531088913245535
      vertex 14.09647631790025 1.75 6.531088913245535
      vertex 14.09647631790025 1.7119932063977523 6.550873997691986
    endloop
  endfacet
  facet normal 0 0.043619387365329526 0.9990482215818581
    outer loop
      vertex 19.596476317900247 0 7
      vertex 14.09647631790025 0.0428073909991638 6.998130988945523
      vertex 14.09647631790025 0 7
    endloop
  endfacet
  facet normal 0 0.38268343236509356 0.9238795325112852
    outer loop
      vertex 19.596476317900247 1.1970705016398404 6.788924172750679
      vertex 14.09647631790025 1.2366570516481223 6.772526886849688
      vertex 14.09647631790025 1.1970705016398404 6.788924172750679
    endloop
  endfacet
  facet normal 0 0.3007057995042622 0.9537169507482304
    outer loop
      vertex 19.596476317900247 1.1970705016398404 6.788924172750679
      vertex 14.09647631790025 1.1970705016398404 6.788924172750679
      vertex 14.09647631790025 1.1562054727740996 6.8018088668595516
    endloop
  endfacet
  facet normal 0 0.3007057995042818 0.9537169507482242
    outer loop
      vertex 19.596476317900247 0.9058666578588226 6.880740392011739
      vertex 14.09647631790025 0.9467316867245633 6.867855697902866
      vertex 14.09647631790025 0.9058666578588226 6.880740392011739
    endloop
  endfacet
  facet normal 0 0.043619387365329526 0.9990482215818581
    outer loop
      vertex 19.596476317900247 0.3050450996168036 6.9866814433211095
      vertex 14.09647631790025 0.3050450996168036 6.9866814433211095
      vertex 14.09647631790025 0.2622377086176398 6.988550454375586
    endloop
  endfacet
  facet normal 0 0.21643961393810224 0.9762960071199335
    outer loop
      vertex 19.596476317900247 0.9058666578588226 6.880740392011739
      vertex 14.09647631790025 0.9058666578588226 6.880740392011739
      vertex 14.09647631790025 0.6496011220128084 6.937553093528133
    endloop
  endfacet
  facet normal 1 0 0
    outer loop
      vertex 19.596476317900247 -2.4748737341529163 5.974873734152917
      vertex 19.596476317900247 -2.007517527228661 6.367032155011471
      vertex 19.596476317900247 -2.249756633902887 6.181155550916423
    endloop
  endfacet
  facet normal 1 0 0
    outer loop
      vertex 19.596476317900247 -3.031088913245535 5.25
      vertex 19.596476317900247 -0.9058666578588226 6.880740392011739
      vertex 19.596476317900247 -2.007517527228661 6.367032155011471
    endloop
  endfacet
  facet normal 1 0 0
    outer loop
      vertex 19.596476317900247 -2.007517527228661 6.367032155011471
      vertex 19.596476317900247 -1.4791639160924481 6.672077254628275
      vertex 19.596476317900247 -1.75 6.531088913245535
    endloop
  endfacet
  facet normal 0 -0.3007057995042732 0.9537169507482269
    outer loop
      vertex 19.596476317900247 -1.1970705016398404 6.788924172750679
      vertex 19.596476317900247 -0.9058666578588226 6.880740392011739
      vertex 14.09647631790025 -1.1970705016398404 6.788924172750679
    endloop
  endfacet
  facet normal 1 0 0
    outer loop
      vertex 19.596476317900247 -2.007517527228661 6.367032155011471
      vertex 19.596476317900247 -0.9058666578588226 6.880740392011739
      vertex 19.596476317900247 -1.4791639160924481 6.672077254628275
    endloop
  endfacet
  facet normal 1 0 0
    outer loop
      vertex 19.596476317900247 -1.4791639160924481 6.672077254628275
      vertex 19.596476317900247 -0.9058666578588226 6.880740392011739
      vertex 19.596476317900247 -1.1970705016398404 6.788924172750679
    endloop
  endfacet
  facet normal -6.270604600607449e-17 0.5372996083468229 0.8433914458128863
    outer loop
      vertex 19.596476317900247 2.007517527228661 6.367032155011471
      vertex 14.09647631790025 1.7861377825477707 6.508066606692822
      vertex 19.596476317900247 1.75 6.531088913245535
    endloop
  endfacet
  facet normal -1.3029488016970396e-17 0.21643961393810254 0.9762960071199335
    outer loop
      vertex 19.596476317900247 0.9058666578588226 6.880740392011739
      vertex 14.09647631790025 0.6496011220128084 6.937553093528133
      vertex 19.596476317900247 0.6077686218342562 6.946827135542728
    endloop
  endfacet
  facet normal 1 0 0
    outer loop
      vertex 19.596476317900247 -0.9058666578588226 6.880740392011739
      vertex 19.596476317900247 0 7
      vertex 19.596476317900247 -0.3050450996168036 6.9866814433211095
    endloop
  endfacet
  facet normal 1 0 0
    outer loop
      vertex 19.596476317900247 0 7
      vertex 19.596476317900247 0.9058666578588226 6.880740392011739
      vertex 19.596476317900247 0.6077686218342562 6.946827135542728
    endloop
  endfacet
  facet normal 0 0 -1
    outer loop
      vertex -12.692236536699362 -62.98672697679228 0
      vertex -12.926603333610124 -62.61884479210801 0
      vertex -12.426698537128992 -63.332782842080064 0
    endloop
  endfacet
  facet normal 0 0 -1
    outer loop
      vertex -12.426698537128992 -63.332782842080064 0
      vertex -12.926603333610124 -62.61884479210801 0
      vertex -11.810414367872305 -63.94906701133675 0
    endloop
  endfacet
  facet normal 0 0 -1
    outer loop
      vertex -13.520515085714884 -60.98708567754454 0
      vertex -12.926603333610124 -62.61884479210801 0
      vertex -13.128015251415796 -62.23193610445685 0
    endloop
  endfacet
  facet normal 0 0 -1
    outer loop
      vertex -13.520515085714884 -60.98708567754454 0
      vertex -13.294939422565527 -61.828945509950586 0
      vertex -13.426105448561735 -61.4129400177402 0
    endloop
  endfacet
  facet normal 0 0 -1
    outer loop
      vertex -13.520515085714884 -60.98708567754454 0
      vertex -13.128015251415796 -62.23193610445685 0
      vertex -13.294939422565527 -61.828945509950586 0
    endloop
  endfacet
  facet normal 0 0 -1
    outer loop
      vertex -13.520515085714884 -60.98708567754454 0
      vertex -11.810414367872305 -63.94906701133675 0
      vertex -12.926603333610124 -62.61884479210801 0
    endloop
  endfacet
  facet normal -0.7933533460635711 -0.6087614214860658 0
    outer loop
      vertex -12.692236536699362 -62.98672697679228 0
      vertex -12.426698537128992 -63.332782842080064 0
      vertex -12.426698537128992 -63.332782842080064 2.5
    endloop
  endfacet
  facet normal -0.9238795313794139 -0.38268343509767255 0
    outer loop
      vertex -13.128015251415796 -62.23193610445685 0
      vertex -13.294939422565527 -61.828945509950586 2.5
      vertex -13.294939422565527 -61.828945509950586 0
    endloop
  endfacet
  facet normal -0.887010829946017 -0.4617486194440415 0
    outer loop
      vertex -12.926603333610124 -62.61884479210801 0
      vertex -12.926603333610124 -62.61884479210801 2.5
      vertex -13.128015251415796 -62.23193610445685 0
    endloop
  endfacet
  facet normal -0.953716951974249 -0.30070579561582766 0
    outer loop
      vertex -13.426105448561735 -61.4129400177402 0
      vertex -13.294939422565527 -61.828945509950586 0
      vertex -13.426105448561735 -61.4129400177402 2.5
    endloop
  endfacet
  facet normal -0.9762960057303499 -0.2164396202061085 0
    outer loop
      vertex -13.520515085714884 -60.98708567754454 0
      vertex -13.426105448561735 -61.4129400177402 0
      vertex -13.426105448561735 -61.4129400177402 2.5
    endloop
  endfacet
  facet normal -0.8433914483399447 -0.5372996043801359 0
    outer loop
      vertex -12.692236536699362 -62.98672697679228 0
      vertex -12.926603333610124 -62.61884479210801 2.5
      vertex -12.926603333610124 -62.61884479210801 0
    endloop
  endfacet
  facet normal -0.9914448622992901 -0.13052618519033563 0
    outer loop
      vertex -13.520515085714884 -60.98708567754454 0
      vertex -13.577449807482786 -60.55462350682444 2.5
      vertex -13.577449807482786 -60.55462350682444 0
    endloop
  endfacet
  facet normal 0 0 -1
    outer loop
      vertex -12.426698537128992 -63.332782842080064 0
      vertex -11.810414367872305 -63.94906701133675 0
      vertex -12.132010222929544 -63.654378697137304 0
    endloop
  endfacet
  facet normal 0 0 -1
    outer loop
      vertex -11.810414367872305 -63.94906701133675 0
      vertex -11.096476317900247 -64.44897180781788 0
      vertex -11.464358502584524 -64.21460501090712 0
    endloop
  endfacet
  facet normal 0 0 -1
    outer loop
      vertex -11.810414367872305 -63.94906701133675 0
      vertex -10.306577035742826 -64.81730789677329 0
      vertex -11.096476317900247 -64.44897180781788 0
    endloop
  endfacet
  facet normal 0 0 -1
    outer loop
      vertex -13.520515085714884 -60.98708567754454 0
      vertex -8.596476317900247 -65.118844792108 0
      vertex -11.810414367872305 -63.94906701133675 0
    endloop
  endfacet
  facet normal 0 0 -1
    outer loop
      vertex -11.096476317900247 -64.44897180781788 0
      vertex -10.306577035742826 -64.81730789677329 0
      vertex -10.70956763024909 -64.65038372562356 0
    endloop
  endfacet
  facet normal 0 0 -1
    outer loop
      vertex -11.810414367872305 -63.94906701133675 0
      vertex -8.596476317900247 -65.118844792108 0
      vertex -10.306577035742826 -64.81730789677329 0
    endloop
  endfacet
  facet normal 0 0 -1
    outer loop
      vertex -10.306577035742826 -64.81730789677329 0
      vertex -9.464717203336782 -65.04288355992264 0
      vertex -9.890571543532438 -64.9484739227695 0
    endloop
  endfacet
  facet normal -0.737277329072823 -0.6755902160594425 0
    outer loop
      vertex -12.426698537128992 -63.332782842080064 0
      vertex -12.132010222929544 -63.654378697137304 0
      vertex -12.132010222929544 -63.654378697137304 2.5
    endloop
  endfacet
  facet normal -0.6755902160594425 -0.737277329072823 0
    outer loop
      vertex -12.132010222929544 -63.654378697137304 0
      vertex -11.810414367872305 -63.94906701133675 0
      vertex -12.132010222929544 -63.654378697137304 2.5
    endloop
  endfacet
  facet normal -0.6087614214860658 -0.7933533460635711 0
    outer loop
      vertex -11.810414367872305 -63.94906701133675 0
      vertex -11.464358502584524 -64.21460501090712 0
      vertex -11.464358502584524 -64.21460501090712 2.5
    endloop
  endfacet
  facet normal -0.5372996043801359 -0.8433914483399447 0
    outer loop
      vertex -11.464358502584524 -64.21460501090712 0
      vertex -11.096476317900247 -64.44897180781788 0
      vertex -11.464358502584524 -64.21460501090712 2.5
    endloop
  endfacet
  facet normal -0.4617486194440415 -0.887010829946017 0
    outer loop
      vertex -11.096476317900247 -64.44897180781788 0
      vertex -10.70956763024909 -64.65038372562356 0
      vertex -10.70956763024909 -64.65038372562356 2.5
    endloop
  endfacet
  facet normal -0.38268343509767255 -0.9238795313794139 0
    outer loop
      vertex -10.70956763024909 -64.65038372562356 0
      vertex -10.306577035742826 -64.81730789677329 0
      vertex -10.306577035742826 -64.81730789677329 2.5
    endloop
  endfacet
  facet normal -0.30070579561582766 -0.953716951974249 0
    outer loop
      vertex -10.306577035742826 -64.81730789677329 0
      vertex -9.890571543532438 -64.9484739227695 0
      vertex -9.890571543532438 -64.9484739227695 2.5
    endloop
  endfacet
  facet normal -0.9762960057303499 -0.2164396202061085 0
    outer loop
      vertex -13.520515085714884 -60.98708567754454 0
      vertex -13.426105448561735 -61.4129400177402 2.5
      vertex -13.520515085714884 -60.98708567754454 2.5
    endloop
  endfacet
  facet normal -0.9914448622992901 -0.13052618519033563 0
    outer loop
      vertex -13.520515085714884 -60.98708567754454 0
      vertex -13.520515085714884 -60.98708567754454 2.5
      vertex -13.577449807482786 -60.55462350682444 2.5
    endloop
  endfacet
  facet normal -0.7933533460635711 -0.6087614214860658 0
    outer loop
      vertex -12.692236536699362 -62.98672697679228 0
      vertex -12.426698537128992 -63.332782842080064 2.5
      vertex -12.692236536699362 -62.98672697679228 2.5
    endloop
  endfacet
  facet normal -0.737277329072823 -0.6755902160594425 0
    outer loop
      vertex -12.426698537128992 -63.332782842080064 0
      vertex -12.132010222929544 -63.654378697137304 2.5
      vertex -12.426698537128992 -63.332782842080064 2.5
    endloop
  endfacet
  facet normal -0.9238795313794139 -0.38268343509767255 0
    outer loop
      vertex -13.128015251415796 -62.23193610445685 0
      vertex -13.128015251415796 -62.23193610445685 2.5
      vertex -13.294939422565527 -61.828945509950586 2.5
    endloop
  endfacet
  facet normal -0.887010829946017 -0.4617486194440415 0
    outer loop
      vertex -13.128015251415796 -62.23193610445685 0
      vertex -12.926603333610124 -62.61884479210801 2.5
      vertex -13.128015251415796 -62.23193610445685 2.5
    endloop
  endfacet
  facet normal -0.953716951974249 -0.30070579561582766 0
    outer loop
      vertex -13.294939422565527 -61.828945509950586 0
      vertex -13.294939422565527 -61.828945509950586 2.5
      vertex -13.426105448561735 -61.4129400177402 2.5
    endloop
  endfacet
  facet normal -0.8433914483399447 -0.5372996043801359 0
    outer loop
      vertex -12.692236536699362 -62.98672697679228 0
      vertex -12.692236536699362 -62.98672697679228 2.5
      vertex -12.926603333610124 -62.61884479210801 2.5
    endloop
  endfacet
  facet normal -0.6755902160594425 -0.737277329072823 0
    outer loop
      vertex -11.810414367872305 -63.94906701133675 0
      vertex -11.810414367872305 -63.94906701133675 2.5
      vertex -12.132010222929544 -63.654378697137304 2.5
    endloop
  endfacet
  facet normal -0.6087614214860658 -0.7933533460635711 0
    outer loop
      vertex -11.810414367872305 -63.94906701133675 0
      vertex -11.464358502584524 -64.21460501090712 2.5
      vertex -11.810414367872305 -63.94906701133675 2.5
    endloop
  endfacet
  facet normal -0.5372996043801359 -0.8433914483399447 0
    outer loop
      vertex -11.096476317900247 -64.44897180781788 0
      vertex -11.096476317900247 -64.44897180781788 2.5
      vertex -11.464358502584524 -64.21460501090712 2.5
    endloop
  endfacet
  facet normal -0.4617486194440415 -0.887010829946017 0
    outer loop
      vertex -11.096476317900247 -64.44897180781788 0
      vertex -10.70956763024909 -64.65038372562356 2.5
      vertex -11.096476317900247 -64.44897180781788 2.5
    endloop
  endfacet
  facet normal -0.38268343509767255 -0.9238795313794139 0
    outer loop
      vertex -10.70956763024909 -64.65038372562356 0
      vertex -10.306577035742826 -64.81730789677329 2.5
      vertex -10.70956763024909 -64.65038372562356 2.5
    endloop
  endfacet
  facet normal -0.30070579561582766 -0.953716951974249 0
    outer loop
      vertex -10.306577035742826 -64.81730789677329 0
      vertex -9.890571543532438 -64.9484739227695 2.5
      vertex -10.306577035742826 -64.81730789677329 2.5
    endloop
  endfacet
  facet normal 0 0 1
    outer loop
      vertex -12.692236536699362 -62.98672697679228 2.5
      vertex -12.426698537128992 -63.332782842080064 2.5
      vertex -12.926603333610124 -62.61884479210801 2.5
    endloop
  endfacet
  facet normal 0 0 1
    outer loop
      vertex -12.426698537128992 -63.332782842080064 2.5
      vertex -12.132010222929544 -63.654378697137304 2.5
      vertex -12.926603333610124 -62.61884479210801 2.5
    endloop
  endfacet
  facet normal 0 0 1
    outer loop
      vertex -12.926603333610124 -62.61884479210801 2.5
      vertex -13.294939422565527 -61.828945509950586 2.5
      vertex -13.128015251415796 -62.23193610445685 2.5
    endloop
  endfacet
  facet normal 0 0 1
    outer loop
      vertex -13.520515085714884 -60.98708567754454 2.5
      vertex -13.426105448561735 -61.4129400177402 2.5
      vertex -13.294939422565527 -61.828945509950586 2.5
    endloop
  endfacet
  facet normal 0 0 1
    outer loop
      vertex -12.926603333610124 -62.61884479210801 2.5
      vertex -13.577449807482786 -60.55462350682444 2.5
      vertex -13.294939422565527 -61.828945509950586 2.5
    endloop
  endfacet
  facet normal 0 0 1
    outer loop
      vertex -13.520515085714884 -60.98708567754454 2.5
      vertex -13.294939422565527 -61.828945509950586 2.5
      vertex -13.577449807482786 -60.55462350682444 2.5
    endloop
  endfacet
  facet normal 0 0 1
    outer loop
      vertex -12.926603333610124 -62.61884479210801 2.5
      vertex -12.132010222929544 -63.654378697137304 2.5
      vertex -11.464358502584524 -64.21460501090712 2.5
    endloop
  endfacet
  facet normal 0 0 1
    outer loop
      vertex -12.132010222929544 -63.654378697137304 2.5
      vertex -11.810414367872305 -63.94906701133675 2.5
      vertex -11.464358502584524 -64.21460501090712 2.5
    endloop
  endfacet
  facet normal 0 0 1
    outer loop
      vertex -11.464358502584524 -64.21460501090712 2.5
      vertex -11.096476317900247 -64.44897180781788 2.5
      vertex -10.70956763024909 -64.65038372562356 2.5
    endloop
  endfacet
  facet normal 0 0 1
    outer loop
      vertex -12.926603333610124 -62.61884479210801 2.5
      vertex -11.464358502584524 -64.21460501090712 2.5
      vertex -9.032255032616682 -65.09981828169055 2.5
    endloop
  endfacet
  facet normal 0 0 1
    outer loop
      vertex -11.464358502584524 -64.21460501090712 2.5
      vertex -10.70956763024909 -64.65038372562356 2.5
      vertex -10.306577035742826 -64.81730789677329 2.5
    endloop
  endfacet
  facet normal 0 0 1
    outer loop
      vertex -11.464358502584524 -64.21460501090712 2.5
      vertex -10.306577035742826 -64.81730789677329 2.5
      vertex -9.032255032616682 -65.09981828169055 2.5
    endloop
  endfacet
  facet normal 0 0 -1
    outer loop
      vertex -13.520515085714884 -60.98708567754454 0
      vertex -13.577449807482786 -60.55462350682444 0
      vertex -18.596476317900247 -12 0
    endloop
  endfacet
  facet normal -0.9946998961710051 -0.10282079827248741 0
    outer loop
      vertex -13.577449807482786 -60.55462350682444 0
      vertex -13.577449807482786 -60.55462350682444 2.5
      vertex -18.596476317900247 -12 0
    endloop
  endfacet
  facet normal 0 0 -1
    outer loop
      vertex -13.520515085714884 -60.98708567754454 0
      vertex -18.596476317900247 -8 0
      vertex -8.596476317900247 -65.118844792108 0
    endloop
  endfacet
  facet normal 0 0 -1
    outer loop
      vertex -8.596476317900247 -65.118844792108 0
      vertex -18.596476317900247 -8 0
      vertex -6.278517870878944 -57.80116858527439 0
    endloop
  endfacet
  facet normal 0 0 -1
    outer loop
      vertex -18.596476317900247 -8 0
      vertex -6.401250394579352 -57.247557946943054 0
      vertex -6.278517870878944 -57.80116858527439 0
    endloop
  endfacet
  facet normal 0 0 -1
    outer loop
      vertex -18.596476317900247 -8 0
      vertex -6.475265537596346 -56.68535711996778 0
      vertex -6.401250394579352 -57.247557946943054 0
    endloop
  endfacet
  facet normal 0 0 -1
    outer loop
      vertex -18.596476317900247 -8 0
      vertex -6.5 -56.11884479210801 0
      vertex -6.475265537596346 -56.68535711996778 0
    endloop
  endfacet
  facet normal 0 0 -1
    outer loop
      vertex -18.596476317900247 -8 0
      vertex -6.475265537596346 -55.55233246424823 0
      vertex -6.5 -56.11884479210801 0
    endloop
  endfacet
  facet normal 0 0 -1
    outer loop
      vertex -18.596476317900247 -8 0
      vertex -6.401250394579352 -54.99013163727296 0
      vertex -6.475265537596346 -55.55233246424823 0
    endloop
  endfacet
  facet normal 0 0 -1
    outer loop
      vertex -18.596476317900247 -8 0
      vertex -6.278517870878944 -54.436520998941624 0
      vertex -6.401250394579352 -54.99013163727296 0
    endloop
  endfacet
  facet normal 0 0 -1
    outer loop
      vertex -18.596476317900247 -8 0
      vertex -6.108002035108405 -53.89571386049116 0
      vertex -6.278517870878944 -54.436520998941624 0
    endloop
  endfacet
  facet normal 0 0 -1
    outer loop
      vertex -18.596476317900247 -8 0
      vertex -5.891000615738225 -53.37182609079346 0
      vertex -6.108002035108405 -53.89571386049116 0
    endloop
  endfacet
  facet normal 0 0 -1
    outer loop
      vertex -18.596476317900247 -8 0
      vertex -5.629165124598851 -52.86884479210801 0
      vertex -5.891000615738225 -53.37182609079346 0
    endloop
  endfacet
  facet normal 0 0 -1
    outer loop
      vertex -18.596476317900247 -8 0
      vertex -5.324488287878447 -52.39059795582621 0
      vertex -5.629165124598851 -52.86884479210801 0
    endloop
  endfacet
  facet normal 0 0 1
    outer loop
      vertex -12.926603333610124 -62.61884479210801 2.5
      vertex -18.596476317900247 -12 2.5
      vertex -13.577449807482786 -60.55462350682444 2.5
    endloop
  endfacet
  facet normal 0 0 1
    outer loop
      vertex -12.926603333610124 -62.61884479210801 2.5
      vertex -6.401250394579352 -57.247557946943054 2.5
      vertex -18.596476317900247 -12 2.5
    endloop
  endfacet
  facet normal 0 0 1
    outer loop
      vertex -18.596476317900247 -12 2.5
      vertex -6.401250394579352 -57.247557946943054 2.5
      vertex -6.475265537596346 -56.68535711996778 2.5
    endloop
  endfacet
  facet normal 0 0 1
    outer loop
      vertex -18.596476317900247 -12 2.5
      vertex -6.475265537596346 -56.68535711996778 2.5
      vertex -6.5 -56.11884479210801 2.5
    endloop
  endfacet
  facet normal 0 0 1
    outer loop
      vertex -18.596476317900247 -12 2.5
      vertex -6.5 -56.11884479210801 2.5
      vertex -6.475265537596346 -55.55233246424823 2.5
    endloop
  endfacet
  facet normal 0 0 1
    outer loop
      vertex -18.596476317900247 -12 2.5
      vertex -6.475265537596346 -55.55233246424823 2.5
      vertex -6.401250394579352 -54.99013163727296 2.5
    endloop
  endfacet
  facet normal 0 0 1
    outer loop
      vertex -18.596476317900247 -12 2.5
      vertex -6.401250394579352 -54.99013163727296 2.5
      vertex -6.278517870878944 -54.436520998941624 2.5
    endloop
  endfacet
  facet normal 0 0 1
    outer loop
      vertex -18.596476317900247 -12 2.5
      vertex -6.278517870878944 -54.436520998941624 2.5
      vertex -6.108002035108405 -53.89571386049116 2.5
    endloop
  endfacet
  facet normal 0 0 1
    outer loop
      vertex -18.596476317900247 -12 2.5
      vertex -6.108002035108405 -53.89571386049116 2.5
      vertex -5.891000615738225 -53.37182609079346 2.5
    endloop
  endfacet
  facet normal 0 0 1
    outer loop
      vertex -18.596476317900247 -12 2.5
      vertex -5.891000615738225 -53.37182609079346 2.5
      vertex -5.629165124598851 -52.86884479210801 2.5
    endloop
  endfacet
  facet normal 0 0 1
    outer loop
      vertex -18.596476317900247 -12 2.5
      vertex -5.629165124598851 -52.86884479210801 2.5
      vertex -5.324488287878447 -52.39059795582621 2.5
    endloop
  endfacet
  facet normal 0 0 -1
    outer loop
      vertex -10.306577035742826 -64.81730789677329 0
      vertex -8.596476317900247 -65.118844792108 0
      vertex -9.464717203336782 -65.04288355992264 0
    endloop
  endfacet
  facet normal 0 0 -1
    outer loop
      vertex -9.464717203336782 -65.04288355992264 0
      vertex -8.596476317900247 -65.118844792108 0
      vertex -9.032255032616682 -65.09981828169055 0
    endloop
  endfacet
  facet normal -0.2164396202061085 -0.9762960057303499 0
    outer loop
      vertex -9.890571543532438 -64.9484739227695 0
      vertex -9.464717203336782 -65.04288355992264 0
      vertex -9.890571543532438 -64.9484739227695 2.5
    endloop
  endfacet
  facet normal -0.13052618519033563 -0.9914448622992901 0
    outer loop
      vertex -9.464717203336782 -65.04288355992264 0
      vertex -9.032255032616682 -65.09981828169055 0
      vertex -9.032255032616682 -65.09981828169055 2.5
    endloop
  endfacet
  facet normal -0.043619389272507574 -0.9990482214985889 0
    outer loop
      vertex -9.032255032616682 -65.09981828169055 0
      vertex -8.596476317900247 -65.118844792108 0
      vertex -9.032255032616682 -65.09981828169055 2.5
    endloop
  endfacet
  facet normal 0 0 -1
    outer loop
      vertex -8.596476317900247 -65.118844792108 0
      vertex -5.629165124598851 -59.36884479210801 0
      vertex -5.324488287878447 -59.847091628389805 0
    endloop
  endfacet
  facet normal 0 0 -1
    outer loop
      vertex -8.596476317900247 -65.118844792108 0
      vertex -5.891000615738225 -58.86586349342255 0
      vertex -5.629165124598851 -59.36884479210801 0
    endloop
  endfacet
  facet normal 0 0 -1
    outer loop
      vertex -8.596476317900247 -65.118844792108 0
      vertex -5.324488287878447 -59.847091628389805 0
      vertex -4.979288880273357 -60.29696425507051 0
    endloop
  endfacet
  facet normal 0 0 -1
    outer loop
      vertex -8.596476317900247 -65.118844792108 0
      vertex -4.979288880273357 -60.29696425507051 0
      vertex -4.59619407771256 -60.71503886982057 0
    endloop
  endfacet
  facet normal 0 0 -1
    outer loop
      vertex -8.596476317900247 -65.118844792108 0
      vertex -4.59619407771256 -60.71503886982057 0
      vertex -4.178119462962505 -61.098133672381365 0
    endloop
  endfacet
  facet normal 0 0 -1
    outer loop
      vertex -8.596476317900247 -65.118844792108 0
      vertex -4.178119462962505 -61.098133672381365 0
      vertex -3.7282468362817993 -61.44333307998645 0
    endloop
  endfacet
  facet normal 0 0 -1
    outer loop
      vertex -8.596476317900247 -65.118844792108 0
      vertex -3.7282468362817993 -61.44333307998645 0
      vertex -3.25 -61.748009916706856 0
    endloop
  endfacet
  facet normal 0 0 -1
    outer loop
      vertex -8.596476317900247 -65.118844792108 0
      vertex -6.278517870878944 -57.80116858527439 0
      vertex -6.108002035108405 -58.34197572372485 0
    endloop
  endfacet
  facet normal 0 0 -1
    outer loop
      vertex -8.596476317900247 -65.118844792108 0
      vertex -6.108002035108405 -58.34197572372485 0
      vertex -5.891000615738225 -58.86586349342255 0
    endloop
  endfacet
  facet normal -0.2164396202061085 -0.9762960057303499 0
    outer loop
      vertex -9.890571543532438 -64.9484739227695 2.5
      vertex -9.464717203336782 -65.04288355992264 0
      vertex -9.464717203336782 -65.04288355992264 2.5
    endloop
  endfacet
  facet normal -0.13052618519033563 -0.9914448622992901 0
    outer loop
      vertex -9.464717203336782 -65.04288355992264 0
      vertex -9.032255032616682 -65.09981828169055 2.5
      vertex -9.464717203336782 -65.04288355992264 2.5
    endloop
  endfacet
  facet normal -0.043619389272507574 -0.9990482214985889 0
    outer loop
      vertex -8.596476317900247 -65.118844792108 0
      vertex -8.596476317900247 -65.118844792108 2.5
      vertex -9.032255032616682 -65.09981828169055 2.5
    endloop
  endfacet
  facet normal 0 0 -1
    outer loop
      vertex -8.596476317900247 -65.118844792108 0
      vertex -2.747018701314546 -62.00984540784623 0
      vertex -2.2231309316168466 -62.22684682721641 0
    endloop
  endfacet
  facet normal 0 0 -1
    outer loop
      vertex -8.596476317900247 -65.118844792108 0
      vertex -2.2231309316168466 -62.22684682721641 0
      vertex -1.6823237931663848 -62.39736266298695 0
    endloop
  endfacet
  facet normal 0 0 -1
    outer loop
      vertex -8.596476317900247 -65.118844792108 0
      vertex -1.6823237931663848 -62.39736266298695 0
      vertex -1.128713154835047 -62.52009518668736 0
    endloop
  endfacet
  facet normal 0 0 -1
    outer loop
      vertex -8.596476317900247 -65.118844792108 0
      vertex -3.25 -61.748009916706856 0
      vertex -2.747018701314546 -62.00984540784623 0
    endloop
  endfacet
  facet normal 0 0 -1
    outer loop
      vertex -8.596476317900247 -65.118844792108 0
      vertex -1.128713154835047 -62.52009518668736 0
      vertex -0.5665123278597781 -62.59411032970435 0
    endloop
  endfacet
  facet normal 0 0 -1
    outer loop
      vertex -8.596476317900247 -65.118844792108 0
      vertex -0.5665123278597781 -62.59411032970435 0
      vertex 0 -62.61884479210801 0
    endloop
  endfacet
  facet normal 0 -1 0
    outer loop
      vertex -8.596476317900247 -65.118844792108 0
      vertex 8.596476315003805 -65.118844792108 2.5
      vertex -8.596476317900247 -65.118844792108 2.5
    endloop
  endfacet
  facet normal 0 0 1
    outer loop
      vertex -10.306577035742826 -64.81730789677329 2.5
      vertex -9.890571543532438 -64.9484739227695 2.5
      vertex -9.032255032616682 -65.09981828169055 2.5
    endloop
  endfacet
  facet normal 0 0 1
    outer loop
      vertex -9.890571543532438 -64.9484739227695 2.5
      vertex -9.464717203336782 -65.04288355992264 2.5
      vertex -9.032255032616682 -65.09981828169055 2.5
    endloop
  endfacet
  facet normal 0 0 1
    outer loop
      vertex -12.926603333610124 -62.61884479210801 2.5
      vertex -4.979288880273357 -60.29696425507051 2.5
      vertex -5.324488287878447 -59.847091628389805 2.5
    endloop
  endfacet
  facet normal 0 0 1
    outer loop
      vertex -12.926603333610124 -62.61884479210801 2.5
      vertex -4.59619407771256 -60.71503886982057 2.5
      vertex -4.979288880273357 -60.29696425507051 2.5
    endloop
  endfacet
  facet normal 0 0 1
    outer loop
      vertex -12.926603333610124 -62.61884479210801 2.5
      vertex -5.891000615738225 -58.86586349342255 2.5
      vertex -6.108002035108405 -58.34197572372485 2.5
    endloop
  endfacet
  facet normal 0 0 1
    outer loop
      vertex -12.926603333610124 -62.61884479210801 2.5
      vertex -5.629165124598851 -59.36884479210801 2.5
      vertex -5.891000615738225 -58.86586349342255 2.5
    endloop
  endfacet
  facet normal 0 0 1
    outer loop
      vertex -12.926603333610124 -62.61884479210801 2.5
      vertex -6.108002035108405 -58.34197572372485 2.5
      vertex -6.278517870878944 -57.80116858527439 2.5
    endloop
  endfacet
  facet normal 0 0 1
    outer loop
      vertex -12.926603333610124 -62.61884479210801 2.5
      vertex -6.278517870878944 -57.80116858527439 2.5
      vertex -6.401250394579352 -57.247557946943054 2.5
    endloop
  endfacet
  facet normal 0 0 1
    outer loop
      vertex -12.926603333610124 -62.61884479210801 2.5
      vertex -5.324488287878447 -59.847091628389805 2.5
      vertex -5.629165124598851 -59.36884479210801 2.5
    endloop
  endfacet
  facet normal 0 0 1
    outer loop
      vertex -12.926603333610124 -62.61884479210801 2.5
      vertex -4.178119462962505 -61.098133672381365 2.5
      vertex -4.59619407771256 -60.71503886982057 2.5
    endloop
  endfacet
  facet normal 0 0 1
    outer loop
      vertex -12.926603333610124 -62.61884479210801 2.5
      vertex -3.7282468362817993 -61.44333307998645 2.5
      vertex -4.178119462962505 -61.098133672381365 2.5
    endloop
  endfacet
  facet normal 0 0 1
    outer loop
      vertex -12.926603333610124 -62.61884479210801 2.5
      vertex -3.25 -61.748009916706856 2.5
      vertex -3.7282468362817993 -61.44333307998645 2.5
    endloop
  endfacet
  facet normal 0 0 1
    outer loop
      vertex -12.926603333610124 -62.61884479210801 2.5
      vertex -2.747018701314546 -62.00984540784623 2.5
      vertex -3.25 -61.748009916706856 2.5
    endloop
  endfacet
  facet normal 0 0 1
    outer loop
      vertex -12.926603333610124 -62.61884479210801 2.5
      vertex -2.2231309316168466 -62.22684682721641 2.5
      vertex -2.747018701314546 -62.00984540784623 2.5
    endloop
  endfacet
  facet normal 0 0 1
    outer loop
      vertex -12.926603333610124 -62.61884479210801 2.5
      vertex -1.6823237931663848 -62.39736266298695 2.5
      vertex -2.2231309316168466 -62.22684682721641 2.5
    endloop
  endfacet
  facet normal 0 0 1
    outer loop
      vertex -12.926603333610124 -62.61884479210801 2.5
      vertex -9.032255032616682 -65.09981828169055 2.5
      vertex 8.596476315003805 -65.118844792108 2.5
    endloop
  endfacet
  facet normal 0 0 1
    outer loop
      vertex -9.032255032616682 -65.09981828169055 2.5
      vertex -8.596476317900247 -65.118844792108 2.5
      vertex 8.596476315003805 -65.118844792108 2.5
    endloop
  endfacet
  facet normal 0 0 1
    outer loop
      vertex -12.926603333610124 -62.61884479210801 2.5
      vertex 8.596476315003805 -65.118844792108 2.5
      vertex -1.6823237931663848 -62.39736266298695 2.5
    endloop
  endfacet
  facet normal 0 0 -1
    outer loop
      vertex -18.596476317900247 -8 0
      vertex -4.979288880273357 -51.9407253291455 0
      vertex -5.324488287878447 -52.39059795582621 0
    endloop
  endfacet
  facet normal 0 0 -1
    outer loop
      vertex -18.596476317900247 -8 0
      vertex -4.59619407771256 -51.522650714395446 0
      vertex -4.979288880273357 -51.9407253291455 0
    endloop
  endfacet
  facet normal 0 0 -1
    outer loop
      vertex -18.596476317900247 -8 0
      vertex -4.178119462962505 -51.13955591183465 0
      vertex -4.59619407771256 -51.522650714395446 0
    endloop
  endfacet
  facet normal 0 0 -1
    outer loop
      vertex -18.596476317900247 -8 0
      vertex -3.7282468362817993 -50.79435650422956 0
      vertex -4.178119462962505 -51.13955591183465 0
    endloop
  endfacet
  facet normal 0 0 -1
    outer loop
      vertex -18.596476317900247 -8 0
      vertex -3.25 -50.48967966750916 0
      vertex -3.7282468362817993 -50.79435650422956 0
    endloop
  endfacet
  facet normal 0 0 -1
    outer loop
      vertex -18.596476317900247 -8 0
      vertex -2.747018701314546 -50.227844176369786 0
      vertex -3.25 -50.48967966750916 0
    endloop
  endfacet
  facet normal 0 0 -1
    outer loop
      vertex -18.596476317900247 -8 0
      vertex -2.2231309316168466 -50.0108427569996 0
      vertex -2.747018701314546 -50.227844176369786 0
    endloop
  endfacet
  facet normal 0 0 -1
    outer loop
      vertex -18.596476317900247 -8 0
      vertex -1.6823237931663848 -49.840326921229064 0
      vertex -2.2231309316168466 -50.0108427569996 0
    endloop
  endfacet
  facet normal 0 0 -1
    outer loop
      vertex -18.596476317900247 -8 0
      vertex -1.128713154835047 -49.71759439752866 0
      vertex -1.6823237931663848 -49.840326921229064 0
    endloop
  endfacet
  facet normal 0 0 1
    outer loop
      vertex -18.596476317900247 -12 2.5
      vertex -5.324488287878447 -52.39059795582621 2.5
      vertex -4.979288880273357 -51.9407253291455 2.5
    endloop
  endfacet
  facet normal 0 0 1
    outer loop
      vertex -18.596476317900247 -12 2.5
      vertex -4.979288880273357 -51.9407253291455 2.5
      vertex -4.59619407771256 -51.522650714395446 2.5
    endloop
  endfacet
  facet normal 0 0 1
    outer loop
      vertex -18.596476317900247 -12 2.5
      vertex -4.59619407771256 -51.522650714395446 2.5
      vertex -4.178119462962505 -51.13955591183465 2.5
    endloop
  endfacet
  facet normal 0 0 1
    outer loop
      vertex -18.596476317900247 -12 2.5
      vertex -4.178119462962505 -51.13955591183465 2.5
      vertex -3.7282468362817993 -50.79435650422956 2.5
    endloop
  endfacet
  facet normal 0 0 1
    outer loop
      vertex -18.596476317900247 -12 2.5
      vertex -3.7282468362817993 -50.79435650422956 2.5
      vertex -3.25 -50.48967966750916 2.5
    endloop
  endfacet
  facet normal 0 0 1
    outer loop
      vertex -18.596476317900247 -12 2.5
      vertex -3.25 -50.48967966750916 2.5
      vertex -2.747018701314546 -50.227844176369786 2.5
    endloop
  endfacet
  facet normal 0 0 1
    outer loop
      vertex -18.596476317900247 -12 2.5
      vertex -2.747018701314546 -50.227844176369786 2.5
      vertex -2.2231309316168466 -50.0108427569996 2.5
    endloop
  endfacet
  facet normal 0 0 1
    outer loop
      vertex -18.596476317900247 -12 2.5
      vertex -2.2231309316168466 -50.0108427569996 2.5
      vertex -1.6823237931663848 -49.840326921229064 2.5
    endloop
  endfacet
  facet normal 0 0 1
    outer loop
      vertex -18.596476317900247 -12 2.5
      vertex -1.6823237931663848 -49.840326921229064 2.5
      vertex -1.128713154835047 -49.71759439752866 2.5
    endloop
  endfacet
  facet normal 0 0 1
    outer loop
      vertex -18.596476317900247 -12 2.5
      vertex -1.128713154835047 -49.71759439752866 2.5
      vertex -0.5665123278597781 -49.643579254511664 2.5
    endloop
  endfacet
  facet normal 0 0 1
    outer loop
      vertex -18.596476317900247 -12 2.5
      vertex -0.5665123278597781 -49.643579254511664 2.5
      vertex 0 -49.61884479210801 2.5
    endloop
  endfacet
  facet normal 0 0 1
    outer loop
      vertex -18.596476317900247 -12 2.5
      vertex 0 -49.61884479210801 2.5
      vertex 0.5665123278597781 -49.643579254511664 2.5
    endloop
  endfacet
  facet normal 0 0 1
    outer loop
      vertex -18.596476317900247 -12 2.5
      vertex 0.5665123278597781 -49.643579254511664 2.5
      vertex 1.128713154835047 -49.71759439752866 2.5
    endloop
  endfacet
  facet normal 0 0 1
    outer loop
      vertex -18.596476317900247 -12 2.5
      vertex 1.128713154835047 -49.71759439752866 2.5
      vertex 1.6823237931663848 -49.840326921229064 2.5
    endloop
  endfacet
  facet normal 0 0 1
    outer loop
      vertex -18.596476317900247 -12 2.5
      vertex 4.979288880273357 -51.9407253291455 2.5
      vertex 13.128015248519354 -62.23193610445685 2.5
    endloop
  endfacet
  facet normal 0 0 1
    outer loop
      vertex -18.596476317900247 -12 2.5
      vertex 1.6823237931663848 -49.840326921229064 2.5
      vertex 2.2231309316168466 -50.0108427569996 2.5
    endloop
  endfacet
  facet normal 0 0 1
    outer loop
      vertex -18.596476317900247 -12 2.5
      vertex 2.2231309316168466 -50.0108427569996 2.5
      vertex 2.747018701314546 -50.227844176369786 2.5
    endloop
  endfacet
  facet normal 0 0 1
    outer loop
      vertex -18.596476317900247 -12 2.5
      vertex 2.747018701314546 -50.227844176369786 2.5
      vertex 3.25 -50.48967966750916 2.5
    endloop
  endfacet
  facet normal 0 0 1
    outer loop
      vertex -18.596476317900247 -12 2.5
      vertex 3.25 -50.48967966750916 2.5
      vertex 3.7282468362817993 -50.79435650422956 2.5
    endloop
  endfacet
  facet normal 0 0 1
    outer loop
      vertex -18.596476317900247 -12 2.5
      vertex 3.7282468362817993 -50.79435650422956 2.5
      vertex 4.178119462962505 -51.13955591183465 2.5
    endloop
  endfacet
  facet normal 0 0 1
    outer loop
      vertex -18.596476317900247 -12 2.5
      vertex 4.178119462962505 -51.13955591183465 2.5
      vertex 4.59619407771256 -51.522650714395446 2.5
    endloop
  endfacet
  facet normal 0 0 1
    outer loop
      vertex -18.596476317900247 -12 2.5
      vertex 4.59619407771256 -51.522650714395446 2.5
      vertex 4.979288880273357 -51.9407253291455 2.5
    endloop
  endfacet
  facet normal 0 0 -1
    outer loop
      vertex -13.520515085714884 -60.98708567754454 0
      vertex -18.596476317900247 -12 0
      vertex -18.596476317900247 -8 0
    endloop
  endfacet
  facet normal -0.9946998961710051 -0.10282079827248741 2.0398940904109708e-17
    outer loop
      vertex -13.577449807482786 -60.55462350682444 2.5
      vertex -18.596476317900247 -12 2.5
      vertex -18.596476317900247 -12 0
    endloop
  endfacet
  facet normal 0 0 -1
    outer loop
      vertex -18.596476317900247 -8 0
      vertex 18.596476317900247 -12 0
      vertex -1.128713154835047 -49.71759439752866 0
    endloop
  endfacet
  facet normal 0 0 -1
    outer loop
      vertex -8.596476317900247 -65.118844792108 0
      vertex 0 -62.61884479210801 0
      vertex 13.128015248519354 -62.23193610445685 0
    endloop
  endfacet
  facet normal 0 0 -1
    outer loop
      vertex -8.596476317900247 -65.118844792108 0
      vertex 9.46471720044034 -65.04288355992264 0
      vertex 8.596476315003805 -65.118844792108 0
    endloop
  endfacet
  facet normal 0 0 -1
    outer loop
      vertex -8.596476317900247 -65.118844792108 0
      vertex 13.128015248519354 -62.23193610445685 0
      vertex 9.46471720044034 -65.04288355992264 0
    endloop
  endfacet
  facet normal 0 0 -1
    outer loop
      vertex 13.128015248519354 -62.23193610445685 0
      vertex 0 -62.61884479210801 0
      vertex 0.5665123278597781 -62.59411032970435 0
    endloop
  endfacet
  facet normal 0 -1 0
    outer loop
      vertex -8.596476317900247 -65.118844792108 0
      vertex 8.596476315003805 -65.118844792108 0
      vertex 8.596476315003805 -65.118844792108 2.5
    endloop
  endfacet
  facet normal 0 0 -1
    outer loop
      vertex 13.128015248519354 -62.23193610445685 0
      vertex 0.5665123278597781 -62.59411032970435 0
      vertex 1.128713154835047 -62.52009518668736 0
    endloop
  endfacet
  facet normal 0 0 -1
    outer loop
      vertex 13.128015248519354 -62.23193610445685 0
      vertex 1.128713154835047 -62.52009518668736 0
      vertex 1.6823237931663848 -62.39736266298695 0
    endloop
  endfacet
  facet normal 0 0 -1
    outer loop
      vertex 13.128015248519354 -62.23193610445685 0
      vertex 1.6823237931663848 -62.39736266298695 0
      vertex 2.2231309316168466 -62.22684682721641 0
    endloop
  endfacet
  facet normal 0 0 -1
    outer loop
      vertex 13.128015248519354 -62.23193610445685 0
      vertex 2.2231309316168466 -62.22684682721641 0
      vertex 2.747018701314546 -62.00984540784623 0
    endloop
  endfacet
  facet normal 0 0 -1
    outer loop
      vertex 13.128015248519354 -62.23193610445685 0
      vertex 2.747018701314546 -62.00984540784623 0
      vertex 3.25 -61.748009916706856 0
    endloop
  endfacet
  facet normal 0 0 -1
    outer loop
      vertex 13.128015248519354 -62.23193610445685 0
      vertex 3.25 -61.748009916706856 0
      vertex 3.7282468362817993 -61.44333307998645 0
    endloop
  endfacet
  facet normal 0 0 -1
    outer loop
      vertex 13.128015248519354 -62.23193610445685 0
      vertex 3.7282468362817993 -61.44333307998645 0
      vertex 4.178119462962505 -61.098133672381365 0
    endloop
  endfacet
  facet normal 0 0 -1
    outer loop
      vertex 13.128015248519354 -62.23193610445685 0
      vertex 4.178119462962505 -61.098133672381365 0
      vertex 4.59619407771256 -60.71503886982057 0
    endloop
  endfacet
  facet normal 0 0 -1
    outer loop
      vertex 13.128015248519354 -62.23193610445685 0
      vertex 4.59619407771256 -60.71503886982057 0
      vertex 4.979288880273357 -60.29696425507051 0
    endloop
  endfacet
  facet normal 0 0 -1
    outer loop
      vertex 8.596476315003805 -65.118844792108 0
      vertex 9.46471720044034 -65.04288355992264 0
      vertex 9.03225502972024 -65.09981828169055 0
    endloop
  endfacet
  facet normal 0.043619389272507574 -0.9990482214985889 0
    outer loop
      vertex 8.596476315003805 -65.118844792108 0
      vertex 9.03225502972024 -65.09981828169055 0
      vertex 8.596476315003805 -65.118844792108 2.5
    endloop
  endfacet
  facet normal 0.13052618519033563 -0.9914448622992901 0
    outer loop
      vertex 9.03225502972024 -65.09981828169055 0
      vertex 9.46471720044034 -65.04288355992264 0
      vertex 9.46471720044034 -65.04288355992264 2.5
    endloop
  endfacet
  facet normal 0.2164396202061085 -0.9762960057303499 0
    outer loop
      vertex 9.46471720044034 -65.04288355992264 0
      vertex 9.890571540635996 -64.9484739227695 0
      vertex 9.890571540635996 -64.9484739227695 2.5
    endloop
  endfacet
  facet normal 0 0 -1
    outer loop
      vertex 13.128015248519354 -62.23193610445685 0
      vertex 4.979288880273357 -60.29696425507051 0
      vertex 5.324488287878447 -59.847091628389805 0
    endloop
  endfacet
  facet normal 0 0 -1
    outer loop
      vertex 13.128015248519354 -62.23193610445685 0
      vertex 5.324488287878447 -59.847091628389805 0
      vertex 5.629165124598851 -59.36884479210801 0
    endloop
  endfacet
  facet normal 0 0 -1
    outer loop
      vertex 13.128015248519354 -62.23193610445685 0
      vertex 5.629165124598851 -59.36884479210801 0
      vertex 5.891000615738225 -58.86586349342255 0
    endloop
  endfacet
  facet normal 0 0 -1
    outer loop
      vertex 13.128015248519354 -62.23193610445685 0
      vertex 5.891000615738225 -58.86586349342255 0
      vertex 6.108002035108405 -58.34197572372485 0
    endloop
  endfacet
  facet normal 0 0 -1
    outer loop
      vertex 13.128015248519354 -62.23193610445685 0
      vertex 6.108002035108405 -58.34197572372485 0
      vertex 6.278517870878944 -57.80116858527439 0
    endloop
  endfacet
  facet normal 0 0 -1
    outer loop
      vertex 13.128015248519354 -62.23193610445685 0
      vertex 6.278517870878944 -54.436520998941624 0
      vertex 6.108002035108405 -53.89571386049116 0
    endloop
  endfacet
  facet normal 0 0 -1
    outer loop
      vertex 13.128015248519354 -62.23193610445685 0
      vertex 6.278517870878944 -57.80116858527439 0
      vertex 6.401250394579352 -57.247557946943054 0
    endloop
  endfacet
  facet normal 0 0 -1
    outer loop
      vertex 13.128015248519354 -62.23193610445685 0
      vertex 6.401250394579352 -57.247557946943054 0
      vertex 6.475265537596346 -56.68535711996778 0
    endloop
  endfacet
  facet normal 0 0 -1
    outer loop
      vertex 13.128015248519354 -62.23193610445685 0
      vertex 6.475265537596346 -56.68535711996778 0
      vertex 6.5 -56.11884479210801 0
    endloop
  endfacet
  facet normal 0 0 -1
    outer loop
      vertex 13.128015248519354 -62.23193610445685 0
      vertex 6.5 -56.11884479210801 0
      vertex 6.475265537596346 -55.55233246424823 0
    endloop
  endfacet
  facet normal 0 0 -1
    outer loop
      vertex 13.128015248519354 -62.23193610445685 0
      vertex 6.475265537596346 -55.55233246424823 0
      vertex 6.401250394579352 -54.99013163727296 0
    endloop
  endfacet
  facet normal 0 0 -1
    outer loop
      vertex 13.128015248519354 -62.23193610445685 0
      vertex 6.401250394579352 -54.99013163727296 0
      vertex 6.278517870878944 -54.436520998941624 0
    endloop
  endfacet
  facet normal 0.043619389272507574 -0.9990482214985889 0
    outer loop
      vertex 9.03225502972024 -65.09981828169055 0
      vertex 9.03225502972024 -65.09981828169055 2.5
      vertex 8.596476315003805 -65.118844792108 2.5
    endloop
  endfacet
  facet normal 0.13052618519033563 -0.9914448622992901 0
    outer loop
      vertex 9.03225502972024 -65.09981828169055 0
      vertex 9.46471720044034 -65.04288355992264 2.5
      vertex 9.03225502972024 -65.09981828169055 2.5
    endloop
  endfacet
  facet normal 0.2164396202061085 -0.9762960057303499 0
    outer loop
      vertex 9.46471720044034 -65.04288355992264 0
      vertex 9.890571540635996 -64.9484739227695 2.5
      vertex 9.46471720044034 -65.04288355992264 2.5
    endloop
  endfacet
  facet normal 0 0 -1
    outer loop
      vertex 13.128015248519354 -62.23193610445685 0
      vertex 6.108002035108405 -53.89571386049116 0
      vertex 5.891000615738225 -53.37182609079346 0
    endloop
  endfacet
  facet normal 0 0 1
    outer loop
      vertex 8.596476315003805 -65.118844792108 2.5
      vertex -1.128713154835047 -62.52009518668736 2.5
      vertex -1.6823237931663848 -62.39736266298695 2.5
    endloop
  endfacet
  facet normal 0 0 1
    outer loop
      vertex 8.596476315003805 -65.118844792108 2.5
      vertex -0.5665123278597781 -62.59411032970435 2.5
      vertex -1.128713154835047 -62.52009518668736 2.5
    endloop
  endfacet
  facet normal 0 0 1
    outer loop
      vertex 8.596476315003805 -65.118844792108 2.5
      vertex 0 -62.61884479210801 2.5
      vertex -0.5665123278597781 -62.59411032970435 2.5
    endloop
  endfacet
  facet normal 0 0 1
    outer loop
      vertex 8.596476315003805 -65.118844792108 2.5
      vertex 0.5665123278597781 -62.59411032970435 2.5
      vertex 0 -62.61884479210801 2.5
    endloop
  endfacet
  facet normal 0 0 1
    outer loop
      vertex 8.596476315003805 -65.118844792108 2.5
      vertex 1.128713154835047 -62.52009518668736 2.5
      vertex 0.5665123278597781 -62.59411032970435 2.5
    endloop
  endfacet
  facet normal 0 0 1
    outer loop
      vertex 13.128015248519354 -62.23193610445685 2.5
      vertex 1.6823237931663848 -62.39736266298695 2.5
      vertex 1.128713154835047 -62.52009518668736 2.5
    endloop
  endfacet
  facet normal 0 0 1
    outer loop
      vertex 13.128015248519354 -62.23193610445685 2.5
      vertex 2.2231309316168466 -62.22684682721641 2.5
      vertex 1.6823237931663848 -62.39736266298695 2.5
    endloop
  endfacet
  facet normal 0 0 1
    outer loop
      vertex 13.128015248519354 -62.23193610445685 2.5
      vertex 2.747018701314546 -62.00984540784623 2.5
      vertex 2.2231309316168466 -62.22684682721641 2.5
    endloop
  endfacet
  facet normal 0 0 1
    outer loop
      vertex 13.128015248519354 -62.23193610445685 2.5
      vertex 3.25 -61.748009916706856 2.5
      vertex 2.747018701314546 -62.00984540784623 2.5
    endloop
  endfacet
  facet normal 0 0 1
    outer loop
      vertex 13.128015248519354 -62.23193610445685 2.5
      vertex 3.7282468362817993 -61.44333307998645 2.5
      vertex 3.25 -61.748009916706856 2.5
    endloop
  endfacet
  facet normal 0 0 1
    outer loop
      vertex 13.128015248519354 -62.23193610445685 2.5
      vertex 4.178119462962505 -61.098133672381365 2.5
      vertex 3.7282468362817993 -61.44333307998645 2.5
    endloop
  endfacet
  facet normal 0 0 1
    outer loop
      vertex 13.128015248519354 -62.23193610445685 2.5
      vertex 4.59619407771256 -60.71503886982057 2.5
      vertex 4.178119462962505 -61.098133672381365 2.5
    endloop
  endfacet
  facet normal 0 0 1
    outer loop
      vertex 8.596476315003805 -65.118844792108 2.5
      vertex 13.128015248519354 -62.23193610445685 2.5
      vertex 1.128713154835047 -62.52009518668736 2.5
    endloop
  endfacet
  facet normal 0 0 1
    outer loop
      vertex 13.128015248519354 -62.23193610445685 2.5
      vertex 4.979288880273357 -60.29696425507051 2.5
      vertex 4.59619407771256 -60.71503886982057 2.5
    endloop
  endfacet
  facet normal 0 0 1
    outer loop
      vertex 8.596476315003805 -65.118844792108 2.5
      vertex 9.03225502972024 -65.09981828169055 2.5
      vertex 9.46471720044034 -65.04288355992264 2.5
    endloop
  endfacet
  facet normal 0 0 1
    outer loop
      vertex 8.596476315003805 -65.118844792108 2.5
      vertex 9.46471720044034 -65.04288355992264 2.5
      vertex 10.306577032846384 -64.81730789677329 2.5
    endloop
  endfacet
  facet normal 0 0 1
    outer loop
      vertex 13.128015248519354 -62.23193610445685 2.5
      vertex 5.324488287878447 -59.847091628389805 2.5
      vertex 4.979288880273357 -60.29696425507051 2.5
    endloop
  endfacet
  facet normal 0 0 1
    outer loop
      vertex 13.128015248519354 -62.23193610445685 2.5
      vertex 5.629165124598851 -59.36884479210801 2.5
      vertex 5.324488287878447 -59.847091628389805 2.5
    endloop
  endfacet
  facet normal 0 0 1
    outer loop
      vertex 13.128015248519354 -62.23193610445685 2.5
      vertex 5.891000615738225 -58.86586349342255 2.5
      vertex 5.629165124598851 -59.36884479210801 2.5
    endloop
  endfacet
  facet normal 0 0 1
    outer loop
      vertex 13.128015248519354 -62.23193610445685 2.5
      vertex 6.108002035108405 -58.34197572372485 2.5
      vertex 5.891000615738225 -58.86586349342255 2.5
    endloop
  endfacet
  facet normal 0 0 1
    outer loop
      vertex 13.128015248519354 -62.23193610445685 2.5
      vertex 6.278517870878944 -57.80116858527439 2.5
      vertex 6.108002035108405 -58.34197572372485 2.5
    endloop
  endfacet
  facet normal 0 0 1
    outer loop
      vertex 13.128015248519354 -62.23193610445685 2.5
      vertex 6.108002035108405 -53.89571386049116 2.5
      vertex 6.278517870878944 -54.436520998941624 2.5
    endloop
  endfacet
  facet normal 0 0 1
    outer loop
      vertex 13.128015248519354 -62.23193610445685 2.5
      vertex 6.401250394579352 -57.247557946943054 2.5
      vertex 6.278517870878944 -57.80116858527439 2.5
    endloop
  endfacet
  facet normal 0 0 1
    outer loop
      vertex 13.128015248519354 -62.23193610445685 2.5
      vertex 6.475265537596346 -56.68535711996778 2.5
      vertex 6.401250394579352 -57.247557946943054 2.5
    endloop
  endfacet
  facet normal 0 0 1
    outer loop
      vertex 13.128015248519354 -62.23193610445685 2.5
      vertex 6.5 -56.11884479210801 2.5
      vertex 6.475265537596346 -56.68535711996778 2.5
    endloop
  endfacet
  facet normal 0 0 1
    outer loop
      vertex 13.128015248519354 -62.23193610445685 2.5
      vertex 6.475265537596346 -55.55233246424823 2.5
      vertex 6.5 -56.11884479210801 2.5
    endloop
  endfacet
  facet normal 0 0 1
    outer loop
      vertex 13.128015248519354 -62.23193610445685 2.5
      vertex 6.401250394579352 -54.99013163727296 2.5
      vertex 6.475265537596346 -55.55233246424823 2.5
    endloop
  endfacet
  facet normal 0 0 1
    outer loop
      vertex 13.128015248519354 -62.23193610445685 2.5
      vertex 6.278517870878944 -54.436520998941624 2.5
      vertex 6.401250394579352 -54.99013163727296 2.5
    endloop
  endfacet
  facet normal 0 0 1
    outer loop
      vertex 13.128015248519354 -62.23193610445685 2.5
      vertex 4.979288880273357 -51.9407253291455 2.5
      vertex 5.324488287878447 -52.39059795582621 2.5
    endloop
  endfacet
  facet normal 0 0 1
    outer loop
      vertex 13.128015248519354 -62.23193610445685 2.5
      vertex 5.629165124598851 -52.86884479210801 2.5
      vertex 5.891000615738225 -53.37182609079346 2.5
    endloop
  endfacet
  facet normal 0 0 1
    outer loop
      vertex 13.128015248519354 -62.23193610445685 2.5
      vertex 5.324488287878447 -52.39059795582621 2.5
      vertex 5.629165124598851 -52.86884479210801 2.5
    endloop
  endfacet
  facet normal 0 0 1
    outer loop
      vertex 13.128015248519354 -62.23193610445685 2.5
      vertex 5.891000615738225 -53.37182609079346 2.5
      vertex 6.108002035108405 -53.89571386049116 2.5
    endloop
  endfacet
  facet normal 0 0 -1
    outer loop
      vertex 18.596476317900247 -12 0
      vertex -0.5665123278597781 -49.643579254511664 0
      vertex -1.128713154835047 -49.71759439752866 0
    endloop
  endfacet
  facet normal 0 0 -1
    outer loop
      vertex 18.596476317900247 -12 0
      vertex 0 -49.61884479210801 0
      vertex -0.5665123278597781 -49.643579254511664 0
    endloop
  endfacet
  facet normal 0 0 -1
    outer loop
      vertex 18.596476317900247 -12 0
      vertex 0.5665123278597781 -49.643579254511664 0
      vertex 0 -49.61884479210801 0
    endloop
  endfacet
  facet normal 0 0 -1
    outer loop
      vertex 18.596476317900247 -12 0
      vertex 1.128713154835047 -49.71759439752866 0
      vertex 0.5665123278597781 -49.643579254511664 0
    endloop
  endfacet
  facet normal 0 0 -1
    outer loop
      vertex 18.596476317900247 -12 0
      vertex 1.6823237931663848 -49.840326921229064 0
      vertex 1.128713154835047 -49.71759439752866 0
    endloop
  endfacet
  facet normal 0 0 -1
    outer loop
      vertex 18.596476317900247 -12 0
      vertex 2.2231309316168466 -50.0108427569996 0
      vertex 1.6823237931663848 -49.840326921229064 0
    endloop
  endfacet
  facet normal 0 0 -1
    outer loop
      vertex 18.596476317900247 -12 0
      vertex 2.747018701314546 -50.227844176369786 0
      vertex 2.2231309316168466 -50.0108427569996 0
    endloop
  endfacet
  facet normal 0 0 -1
    outer loop
      vertex 18.596476317900247 -12 0
      vertex 3.25 -50.48967966750916 0
      vertex 2.747018701314546 -50.227844176369786 0
    endloop
  endfacet
  facet normal 0 0 -1
    outer loop
      vertex 18.596476317900247 -12 0
      vertex 3.7282468362817993 -50.79435650422956 0
      vertex 3.25 -50.48967966750916 0
    endloop
  endfacet
  facet normal 0 0 -1
    outer loop
      vertex 18.596476317900247 -12 0
      vertex 4.178119462962505 -51.13955591183465 0
      vertex 3.7282468362817993 -50.79435650422956 0
    endloop
  endfacet
  facet normal 0 0 -1
    outer loop
      vertex 18.596476317900247 -12 0
      vertex 4.59619407771256 -51.522650714395446 0
      vertex 4.178119462962505 -51.13955591183465 0
    endloop
  endfacet
  facet normal 0 0 -1
    outer loop
      vertex 18.596476317900247 -12 0
      vertex 4.979288880273357 -51.9407253291455 0
      vertex 4.59619407771256 -51.522650714395446 0
    endloop
  endfacet
  facet normal 0 0 -1
    outer loop
      vertex 18.596476317900247 -12 0
      vertex 5.324488287878447 -52.39059795582621 0
      vertex 4.979288880273357 -51.9407253291455 0
    endloop
  endfacet
  facet normal 0 0 -1
    outer loop
      vertex 9.46471720044034 -65.04288355992264 0
      vertex 10.306577032846384 -64.81730789677329 0
      vertex 9.890571540635996 -64.9484739227695 0
    endloop
  endfacet
  facet normal 0 0 -1
    outer loop
      vertex 9.46471720044034 -65.04288355992264 0
      vertex 10.709567627352648 -64.65038372562356 0
      vertex 10.306577032846384 -64.81730789677329 0
    endloop
  endfacet
  facet normal 0 0 -1
    outer loop
      vertex 9.46471720044034 -65.04288355992264 0
      vertex 11.810414364975863 -63.94906701133675 0
      vertex 10.709567627352648 -64.65038372562356 0
    endloop
  endfacet
  facet normal 0 0 -1
    outer loop
      vertex 10.709567627352648 -64.65038372562356 0
      vertex 11.464358499688082 -64.21460501090712 0
      vertex 11.096476315003805 -64.44897180781788 0
    endloop
  endfacet
  facet normal 0 0 -1
    outer loop
      vertex 10.709567627352648 -64.65038372562356 0
      vertex 11.810414364975863 -63.94906701133675 0
      vertex 11.464358499688082 -64.21460501090712 0
    endloop
  endfacet
  facet normal 0 0 -1
    outer loop
      vertex 9.46471720044034 -65.04288355992264 0
      vertex 13.128015248519354 -62.23193610445685 0
      vertex 11.810414364975863 -63.94906701133675 0
    endloop
  endfacet
  facet normal 0 0 -1
    outer loop
      vertex 11.810414364975863 -63.94906701133675 0
      vertex 12.42669853423255 -63.332782842080064 0
      vertex 12.132010220033102 -63.654378697137304 0
    endloop
  endfacet
  facet normal 0.30070579561582766 -0.953716951974249 0
    outer loop
      vertex 9.890571540635996 -64.9484739227695 0
      vertex 10.306577032846384 -64.81730789677329 0
      vertex 9.890571540635996 -64.9484739227695 2.5
    endloop
  endfacet
  facet normal 0.38268343509767255 -0.9238795313794139 0
    outer loop
      vertex 10.306577032846384 -64.81730789677329 0
      vertex 10.709567627352648 -64.65038372562356 0
      vertex 10.306577032846384 -64.81730789677329 2.5
    endloop
  endfacet
  facet normal 0.4617486194440415 -0.887010829946017 0
    outer loop
      vertex 10.709567627352648 -64.65038372562356 0
      vertex 11.096476315003805 -64.44897180781788 0
      vertex 10.709567627352648 -64.65038372562356 2.5
    endloop
  endfacet
  facet normal 0.5372996043801359 -0.8433914483399447 0
    outer loop
      vertex 11.096476315003805 -64.44897180781788 0
      vertex 11.464358499688082 -64.21460501090712 0
      vertex 11.464358499688082 -64.21460501090712 2.5
    endloop
  endfacet
  facet normal 0.6087614214860658 -0.7933533460635711 0
    outer loop
      vertex 11.464358499688082 -64.21460501090712 0
      vertex 11.810414364975863 -63.94906701133675 0
      vertex 11.464358499688082 -64.21460501090712 2.5
    endloop
  endfacet
  facet normal 0.6755902160594425 -0.737277329072823 0
    outer loop
      vertex 11.810414364975863 -63.94906701133675 0
      vertex 12.132010220033102 -63.654378697137304 0
      vertex 12.132010220033102 -63.654378697137304 2.5
    endloop
  endfacet
  facet normal 0.737277329072823 -0.6755902160594425 0
    outer loop
      vertex 12.132010220033102 -63.654378697137304 0
      vertex 12.42669853423255 -63.332782842080064 0
      vertex 12.132010220033102 -63.654378697137304 2.5
    endloop
  endfacet
  facet normal 0 0 -1
    outer loop
      vertex 11.810414364975863 -63.94906701133675 0
      vertex 13.128015248519354 -62.23193610445685 0
      vertex 12.42669853423255 -63.332782842080064 0
    endloop
  endfacet
  facet normal 0 0 -1
    outer loop
      vertex 12.42669853423255 -63.332782842080064 0
      vertex 13.128015248519354 -62.23193610445685 0
      vertex 12.69223653380292 -62.98672697679228 0
    endloop
  endfacet
  facet normal 0 0 -1
    outer loop
      vertex 12.69223653380292 -62.98672697679228 0
      vertex 13.128015248519354 -62.23193610445685 0
      vertex 12.926603330713682 -62.61884479210801 0
    endloop
  endfacet
  facet normal 0 0 -1
    outer loop
      vertex 13.128015248519354 -62.23193610445685 0
      vertex 13.426105445665293 -61.4129400177402 0
      vertex 13.294939419669085 -61.828945509950586 0
    endloop
  endfacet
  facet normal 0 0 -1
    outer loop
      vertex 13.128015248519354 -62.23193610445685 0
      vertex 13.577449804586344 -60.55462350682444 0
      vertex 13.426105445665293 -61.4129400177402 0
    endloop
  endfacet
  facet normal 0 0 -1
    outer loop
      vertex 13.426105445665293 -61.4129400177402 0
      vertex 13.577449804586344 -60.55462350682444 0
      vertex 13.520515082818441 -60.98708567754454 0
    endloop
  endfacet
  facet normal 0.7933533460635711 -0.6087614214860658 0
    outer loop
      vertex 12.42669853423255 -63.332782842080064 0
      vertex 12.69223653380292 -62.98672697679228 0
      vertex 12.42669853423255 -63.332782842080064 2.5
    endloop
  endfacet
  facet normal 0.8433914483399447 -0.5372996043801359 0
    outer loop
      vertex 12.69223653380292 -62.98672697679228 0
      vertex 12.926603330713682 -62.61884479210801 0
      vertex 12.926603330713682 -62.61884479210801 2.5
    endloop
  endfacet
  facet normal 0.887010829946017 -0.4617486194440415 0
    outer loop
      vertex 12.926603330713682 -62.61884479210801 0
      vertex 13.128015248519354 -62.23193610445685 0
      vertex 13.128015248519354 -62.23193610445685 2.5
    endloop
  endfacet
  facet normal 0.9238795313794139 -0.38268343509767255 0
    outer loop
      vertex 13.128015248519354 -62.23193610445685 0
      vertex 13.294939419669085 -61.828945509950586 0
      vertex 13.294939419669085 -61.828945509950586 2.5
    endloop
  endfacet
  facet normal 0.953716951974249 -0.30070579561582766 0
    outer loop
      vertex 13.294939419669085 -61.828945509950586 0
      vertex 13.426105445665293 -61.4129400177402 0
      vertex 13.294939419669085 -61.828945509950586 2.5
    endloop
  endfacet
  facet normal 0.9762960057303499 -0.2164396202061085 0
    outer loop
      vertex 13.426105445665293 -61.4129400177402 0
      vertex 13.520515082818441 -60.98708567754454 0
      vertex 13.520515082818441 -60.98708567754454 2.5
    endloop
  endfacet
  facet normal 0.9914448622992901 -0.13052618519033563 0
    outer loop
      vertex 13.520515082818441 -60.98708567754454 0
      vertex 13.577449804586344 -60.55462350682444 0
      vertex 13.520515082818441 -60.98708567754454 2.5
    endloop
  endfacet
  facet normal 0.30070579561582766 -0.953716951974249 0
    outer loop
      vertex 10.306577032846384 -64.81730789677329 0
      vertex 10.306577032846384 -64.81730789677329 2.5
      vertex 9.890571540635996 -64.9484739227695 2.5
    endloop
  endfacet
  facet normal 0.38268343509767255 -0.9238795313794139 0
    outer loop
      vertex 10.709567627352648 -64.65038372562356 0
      vertex 10.709567627352648 -64.65038372562356 2.5
      vertex 10.306577032846384 -64.81730789677329 2.5
    endloop
  endfacet
  facet normal 0.4617486194440415 -0.887010829946017 0
    outer loop
      vertex 11.096476315003805 -64.44897180781788 0
      vertex 11.096476315003805 -64.44897180781788 2.5
      vertex 10.709567627352648 -64.65038372562356 2.5
    endloop
  endfacet
  facet normal 0.5372996043801359 -0.8433914483399447 0
    outer loop
      vertex 11.096476315003805 -64.44897180781788 0
      vertex 11.464358499688082 -64.21460501090712 2.5
      vertex 11.096476315003805 -64.44897180781788 2.5
    endloop
  endfacet
  facet normal 0.6087614214860658 -0.7933533460635711 0
    outer loop
      vertex 11.810414364975863 -63.94906701133675 0
      vertex 11.810414364975863 -63.94906701133675 2.5
      vertex 11.464358499688082 -64.21460501090712 2.5
    endloop
  endfacet
  facet normal 0.6755902160594425 -0.737277329072823 0
    outer loop
      vertex 11.810414364975863 -63.94906701133675 0
      vertex 12.132010220033102 -63.654378697137304 2.5
      vertex 11.810414364975863 -63.94906701133675 2.5
    endloop
  endfacet
  facet normal 0.737277329072823 -0.6755902160594425 0
    outer loop
      vertex 12.42669853423255 -63.332782842080064 0
      vertex 12.42669853423255 -63.332782842080064 2.5
      vertex 12.132010220033102 -63.654378697137304 2.5
    endloop
  endfacet
  facet normal 0.7933533460635711 -0.6087614214860658 0
    outer loop
      vertex 12.69223653380292 -62.98672697679228 0
      vertex 12.69223653380292 -62.98672697679228 2.5
      vertex 12.42669853423255 -63.332782842080064 2.5
    endloop
  endfacet
  facet normal 0.8433914483399447 -0.5372996043801359 0
    outer loop
      vertex 12.69223653380292 -62.98672697679228 0
      vertex 12.926603330713682 -62.61884479210801 2.5
      vertex 12.69223653380292 -62.98672697679228 2.5
    endloop
  endfacet
  facet normal 0.887010829946017 -0.4617486194440415 0
    outer loop
      vertex 12.926603330713682 -62.61884479210801 0
      vertex 13.128015248519354 -62.23193610445685 2.5
      vertex 12.926603330713682 -62.61884479210801 2.5
    endloop
  endfacet
  facet normal 0.9238795313794139 -0.38268343509767255 0
    outer loop
      vertex 13.128015248519354 -62.23193610445685 0
      vertex 13.294939419669085 -61.828945509950586 2.5
      vertex 13.128015248519354 -62.23193610445685 2.5
    endloop
  endfacet
  facet normal 0.953716951974249 -0.30070579561582766 0
    outer loop
      vertex 13.426105445665293 -61.4129400177402 0
      vertex 13.426105445665293 -61.4129400177402 2.5
      vertex 13.294939419669085 -61.828945509950586 2.5
    endloop
  endfacet
  facet normal 0.9762960057303499 -0.2164396202061085 0
    outer loop
      vertex 13.426105445665293 -61.4129400177402 0
      vertex 13.520515082818441 -60.98708567754454 2.5
      vertex 13.426105445665293 -61.4129400177402 2.5
    endloop
  endfacet
  facet normal 0.9914448622992901 -0.13052618519033563 0
    outer loop
      vertex 13.577449804586344 -60.55462350682444 0
      vertex 13.577449804586344 -60.55462350682444 2.5
      vertex 13.520515082818441 -60.98708567754454 2.5
    endloop
  endfacet
  facet normal 0 0 1
    outer loop
      vertex 9.46471720044034 -65.04288355992264 2.5
      vertex 9.890571540635996 -64.9484739227695 2.5
      vertex 10.306577032846384 -64.81730789677329 2.5
    endloop
  endfacet
  facet normal 0 0 1
    outer loop
      vertex 8.596476315003805 -65.118844792108 2.5
      vertex 10.306577032846384 -64.81730789677329 2.5
      vertex 11.464358499688082 -64.21460501090712 2.5
    endloop
  endfacet
  facet normal 0 0 1
    outer loop
      vertex 10.306577032846384 -64.81730789677329 2.5
      vertex 10.709567627352648 -64.65038372562356 2.5
      vertex 11.464358499688082 -64.21460501090712 2.5
    endloop
  endfacet
  facet normal 0 0 1
    outer loop
      vertex 10.709567627352648 -64.65038372562356 2.5
      vertex 11.096476315003805 -64.44897180781788 2.5
      vertex 11.464358499688082 -64.21460501090712 2.5
    endloop
  endfacet
  facet normal 0 0 1
    outer loop
      vertex 8.596476315003805 -65.118844792108 2.5
      vertex 11.464358499688082 -64.21460501090712 2.5
      vertex 13.128015248519354 -62.23193610445685 2.5
    endloop
  endfacet
  facet normal 0 0 1
    outer loop
      vertex 11.464358499688082 -64.21460501090712 2.5
      vertex 11.810414364975863 -63.94906701133675 2.5
      vertex 12.132010220033102 -63.654378697137304 2.5
    endloop
  endfacet
  facet normal 0 0 1
    outer loop
      vertex 11.464358499688082 -64.21460501090712 2.5
      vertex 12.132010220033102 -63.654378697137304 2.5
      vertex 13.128015248519354 -62.23193610445685 2.5
    endloop
  endfacet
  facet normal 0 0 1
    outer loop
      vertex 12.132010220033102 -63.654378697137304 2.5
      vertex 12.42669853423255 -63.332782842080064 2.5
      vertex 13.128015248519354 -62.23193610445685 2.5
    endloop
  endfacet
  facet normal 0 0 1
    outer loop
      vertex 12.42669853423255 -63.332782842080064 2.5
      vertex 12.69223653380292 -62.98672697679228 2.5
      vertex 12.926603330713682 -62.61884479210801 2.5
    endloop
  endfacet
  facet normal 0 0 1
    outer loop
      vertex 12.42669853423255 -63.332782842080064 2.5
      vertex 12.926603330713682 -62.61884479210801 2.5
      vertex 13.128015248519354 -62.23193610445685 2.5
    endloop
  endfacet
  facet normal 0 0 1
    outer loop
      vertex 13.128015248519354 -62.23193610445685 2.5
      vertex 13.294939419669085 -61.828945509950586 2.5
      vertex 13.426105445665293 -61.4129400177402 2.5
    endloop
  endfacet
  facet normal 0 0 1
    outer loop
      vertex 13.128015248519354 -62.23193610445685 2.5
      vertex 13.426105445665293 -61.4129400177402 2.5
      vertex 13.577449804586344 -60.55462350682444 2.5
    endloop
  endfacet
  facet normal 0 0 1
    outer loop
      vertex 13.426105445665293 -61.4129400177402 2.5
      vertex 13.520515082818441 -60.98708567754454 2.5
      vertex 13.577449804586344 -60.55462350682444 2.5
    endloop
  endfacet
  facet normal 0 0 -1
    outer loop
      vertex 18.596476317900247 -12 0
      vertex 5.891000615738225 -53.37182609079346 0
      vertex 5.629165124598851 -52.86884479210801 0
    endloop
  endfacet
  facet normal 0 0 -1
    outer loop
      vertex 13.128015248519354 -62.23193610445685 0
      vertex 5.891000615738225 -53.37182609079346 0
      vertex 18.596476317900247 -12 0
    endloop
  endfacet
  facet normal 0 0 -1
    outer loop
      vertex 18.596476317900247 -12 0
      vertex 5.629165124598851 -52.86884479210801 0
      vertex 5.324488287878447 -52.39059795582621 0
    endloop
  endfacet
  facet normal 0 0 -1
    outer loop
      vertex 13.128015248519354 -62.23193610445685 0
      vertex 18.596476317900247 -12 0
      vertex 13.577449804586344 -60.55462350682444 0
    endloop
  endfacet
  facet normal 0.9946998961649365 -0.1028207983311972 0
    outer loop
      vertex 13.577449804586344 -60.55462350682444 0
      vertex 18.596476317900247 -12 0
      vertex 13.577449804586344 -60.55462350682444 2.5
    endloop
  endfacet
  facet normal 0 0 1
    outer loop
      vertex 13.128015248519354 -62.23193610445685 2.5
      vertex 13.577449804586344 -60.55462350682444 2.5
      vertex 18.596476317900247 -12 2.5
    endloop
  endfacet
  facet normal 0 0 1
    outer loop
      vertex -18.596476317900247 -12 2.5
      vertex 13.128015248519354 -62.23193610445685 2.5
      vertex 18.596476317900247 -12 2.5
    endloop
  endfacet
  facet normal 0.9946998961649365 -0.1028207983311972 7.37557177726059e-17
    outer loop
      vertex 13.577449804586344 -60.55462350682444 2.5
      vertex 18.596476317900247 -12 0
      vertex 18.596476317900247 -12 2.5
    endloop
  endfacet
  facet normal -4.986332532921229e-21 0.043619387365335494 -0.9990482215818578
    outer loop
      vertex -19.596476317900247 0 0
      vertex -19.596476317900247 0.3050450996168036 0.01331855667889048
      vertex -14.09647631790025 0.0428073909991638 0.001869011054476822
    endloop
  endfacet
  facet normal 3.2922645294197226e-18 0.3007057995042732 -0.9537169507482269
    outer loop
      vertex -19.596476317900247 0.9058666578588226 0.11925960798826107
      vertex -19.596476317900247 1.1970705016398404 0.21107582724932072
      vertex -14.09647631790025 0.9467316867245633 0.13214430209713385
    endloop
  endfacet
  facet normal -1 0 0
    outer loop
      vertex -19.596476317900247 1.1970705016398404 0.3650610479373675
      vertex -19.596476317900247 0.32541285949026955 0.479816953567499
      vertex -19.596476317900247 0.786646329649038 1.3387069721924107
    endloop
  endfacet
  facet normal -1 0 0
    outer loop
      vertex -19.596476317900247 1.4791639160924481 0.3279227453717253
      vertex -19.596476317900247 1.7624442119788513 0.753930400353051
      vertex -19.596476317900247 2.007517527228661 0.6329678449885288
    endloop
  endfacet
  facet normal -1 0 0
    outer loop
      vertex -19.596476317900247 1.4791639160924481 0.3279227453717253
      vertex -19.596476317900247 1.7518809769026593 0.7560027823593874
      vertex -19.596476317900247 1.7624442119788513 0.753930400353051
    endloop
  endfacet
  facet normal -1 0 0
    outer loop
      vertex -19.596476317900247 2.007517527228661 0.6329678449885288
      vertex -19.596476317900247 1.7624442119788513 0.753930400353051
      vertex -19.596476317900247 2.007517527228661 1.1242026725115295
    endloop
  endfacet
  facet normal 0 0.537299608346824 -0.8433914458128856
    outer loop
      vertex -19.596476317900247 1.8787587636143306 0.5509394658714968
      vertex -19.596476317900247 2.007517527228661 0.6329678449885288
      vertex -14.09647631790025 1.8787587636143306 0.5509394658714968
    endloop
  endfacet
  facet normal -8.404794066681284e-18 0.6087614290087212 -0.7933533402912347
    outer loop
      vertex -19.596476317900247 2.007517527228661 0.6329678449885288
      vertex -19.596476317900247 2.249756633902887 0.8188444490835769
      vertex -14.09647631790025 2.2157628927553716 0.7927601340787173
    endloop
  endfacet
  facet normal 0 0.04361938736533549 -0.9990482215818577
    outer loop
      vertex -19.596476317900247 0.3050450996168036 0.01331855667889048
      vertex -14.09647631790025 0.3050450996168036 0.01331855667889048
      vertex -14.09647631790025 0.0428073909991638 0.001869011054476822
    endloop
  endfacet
  facet normal 0 0.13052619222005268 -0.9914448613738103
    outer loop
      vertex -19.596476317900247 0.3050450996168036 0.01331855667889048
      vertex -14.09647631790025 0.3475267005226544 0.018911365539656763
      vertex -14.09647631790025 0.3050450996168036 0.01331855667889048
    endloop
  endfacet
  facet normal 2.75067148374114e-18 0.3007057995042732 -0.953716950748227
    outer loop
      vertex -19.596476317900247 1.1970705016398404 0.21107582724932072
      vertex -14.09647631790025 1.1562054727740996 0.19819113314044795
      vertex -14.09647631790025 0.9467316867245633 0.13214430209713385
    endloop
  endfacet
  facet normal 0 0.537299608346824 -0.8433914458128856
    outer loop
      vertex -19.596476317900247 2.007517527228661 0.6329678449885288
      vertex -14.09647631790025 2.007517527228661 0.6329678449885288
      vertex -14.09647631790025 1.8787587636143306 0.5509394658714968
    endloop
  endfacet
  facet normal 1.4464988334320627e-17 0.6087614290087207 -0.7933533402912349
    outer loop
      vertex -19.596476317900247 2.007517527228661 0.6329678449885288
      vertex -14.09647631790025 2.2157628927553716 0.7927601340787173
      vertex -14.09647631790025 2.0415112683761767 0.6590521599933884
    endloop
  endfacet
  facet normal -1 0 0
    outer loop
      vertex -19.596476317900247 -1.462256419687938 0.7151680790315695
      vertex -19.596476317900247 -0.786646329649038 1.3387069721924107
      vertex -19.596476317900247 -0.5839140618375088 0.5995321138837584
    endloop
  endfacet
  facet normal -1 0 0
    outer loop
      vertex -19.596476317900247 -2.249756633902887 0.8188444490835769
      vertex -19.596476317900247 -1.75 2.009686278547311
      vertex -19.596476317900247 -1.75 0.7530502400443919
    endloop
  endfacet
  facet normal -1 0 0
    outer loop
      vertex -19.596476317900247 -1.462256419687938 0.7151680790315695
      vertex -19.596476317900247 -1.4478955284433865 1.1927584233359751
      vertex -19.596476317900247 -1.15 1.5081415712957913
    endloop
  endfacet
  facet normal -1 0 0
    outer loop
      vertex -19.596476317900247 -1.462256419687938 0.7151680790315695
      vertex -19.596476317900247 -1.15 1.5081415712957913
      vertex -19.596476317900247 -0.786646329649038 1.3387069721924107
    endloop
  endfacet
  facet normal -1 0 0
    outer loop
      vertex -19.596476317900247 -1.4478955284433865 1.1927584233359751
      vertex -19.596476317900247 -1.4249120251018812 1.7006370436166258
      vertex -19.596476317900247 -1.15 1.5081415712957913
    endloop
  endfacet
  facet normal -1 0 0
    outer loop
      vertex -19.596476317900247 -2.249756633902887 0.8188444490835769
      vertex -19.596476317900247 -1.7619022191736493 2.02158849772096
      vertex -19.596476317900247 -1.75 2.009686278547311
    endloop
  endfacet
  facet normal -1 0 0
    outer loop
      vertex -19.596476317900247 -2.249756633902887 0.8188444490835769
      vertex -19.596476317900247 -1.929918571594826 2.2615407165313437
      vertex -19.596476317900247 -1.7619022191736493 2.02158849772096
    endloop
  endfacet
  facet normal -1 0 0
    outer loop
      vertex -19.596476317900247 0 0.5226583692664493
      vertex -19.596476317900247 -0.05986206537458107 1.2052372520955237
      vertex -19.596476317900247 0 1.2000000000000002
    endloop
  endfacet
  facet normal -1 0 0
    outer loop
      vertex -19.596476317900247 -0.5839140618375088 0.5995321138837584
      vertex -19.596476317900247 -0.786646329649038 1.3387069721924107
      vertex -19.596476317900247 -0.5315454274778864 1.2703528914672
    endloop
  endfacet
  facet normal -1 0 0
    outer loop
      vertex -19.596476317900247 0.32541285949026955 0.479816953567499
      vertex -19.596476317900247 0.3379865138505489 1.2295699883865712
      vertex -19.596476317900247 0.3993908086339397 1.234942168071922
    endloop
  endfacet
  facet normal -1 0 0
    outer loop
      vertex -19.596476317900247 0.32541285949026955 0.479816953567499
      vertex -19.596476317900247 0.3993908086339397 1.234942168071922
      vertex -19.596476317900247 0.786646329649038 1.3387069721924107
    endloop
  endfacet
  facet normal -1 0 0
    outer loop
      vertex -19.596476317900247 1.1970705016398404 0.3650610479373675
      vertex -19.596476317900247 0.786646329649038 1.3387069721924107
      vertex -19.596476317900247 1.15 1.5081415712957913
    endloop
  endfacet
  facet normal -1 0 0
    outer loop
      vertex -19.596476317900247 1.1970705016398404 0.3650610479373675
      vertex -19.596476317900247 1.15 1.5081415712957913
      vertex -19.596476317900247 1.1970705016398404 1.54110069137132
    endloop
  endfacet
  facet normal -1 0 0
    outer loop
      vertex -19.596476317900247 2.007517527228661 0.6329678449885288
      vertex -19.596476317900247 2.032093414452607 1.1958482041104759
      vertex -19.596476317900247 2.249756633902887 0.8188444490835769
    endloop
  endfacet
  facet normal -1 0 0
    outer loop
      vertex -19.596476317900247 2.007517527228661 0.6329678449885288
      vertex -19.596476317900247 2.007517527228661 1.1242026725115295
      vertex -19.596476317900247 2.032093414452607 1.1958482041104759
    endloop
  endfacet
  facet normal -1 0 0
    outer loop
      vertex -19.596476317900247 1.4791639160924481 0.3279227453717253
      vertex -19.596476317900247 1.7619022191736493 2.02158849772096
      vertex -19.596476317900247 1.7518809769026593 0.7560027823593874
    endloop
  endfacet
  facet normal -1 0 0
    outer loop
      vertex -19.596476317900247 2.249756633902887 0.8188444490835769
      vertex -19.596476317900247 2.279011731147967 1.4888963374814435
      vertex -19.596476317900247 2.4748737341529163 1.0251262658470837
    endloop
  endfacet
  facet normal -1 0 0
    outer loop
      vertex -19.596476317900247 1.4791639160924481 0.3279227453717253
      vertex -19.596476317900247 1.5435787513475254 1.803265029894836
      vertex -19.596476317900247 1.7619022191736493 2.02158849772096
    endloop
  endfacet
  facet normal -1 0 0
    outer loop
      vertex -19.596476317900247 2.4748737341529163 1.0251262658470837
      vertex -19.596476317900247 2.279011731147967 1.4888963374814435
      vertex -19.596476317900247 2.4748737341529163 1.7799409251262315
    endloop
  endfacet
  facet normal -1 0 0
    outer loop
      vertex -19.596476317900247 2.4748737341529163 1.0251262658470837
      vertex -19.596476317900247 2.5154542429488216 1.9545727251445444
      vertex -19.596476317900247 2.681155550916423 1.2502433660971128
    endloop
  endfacet
  facet normal -1 0 0
    outer loop
      vertex -19.596476317900247 1.7518809769026593 0.7560027823593874
      vertex -19.596476317900247 1.7619022191736493 2.02158849772096
      vertex -19.596476317900247 1.7982830335742477 2.073545685290829
    endloop
  endfacet
  facet normal -1 0 0
    outer loop
      vertex -19.596476317900247 2.249756633902887 0.8188444490835769
      vertex -19.596476317900247 2.032093414452607 1.1958482041104759
      vertex -19.596476317900247 2.1612930278075893 2.713353670350962
    endloop
  endfacet
  facet normal -1 0 0
    outer loop
      vertex -19.596476317900247 2.4748737341529163 1.0251262658470837
      vertex -19.596476317900247 2.4748737341529163 1.7799409251262315
      vertex -19.596476317900247 2.5154542429488216 1.9545727251445444
    endloop
  endfacet
  facet normal 0 0.7933533402912347 -0.6087614290087212
    outer loop
      vertex -19.596476317900247 2.681155550916423 1.2502433660971128
      vertex -19.596476317900247 2.8670321550114712 1.4924824727713388
      vertex -14.09647631790025 2.681155550916423 1.2502433660971128
    endloop
  endfacet
  facet normal -6.710397115219531e-18 0.7933533402912347 -0.6087614290087213
    outer loop
      vertex -19.596476317900247 2.8670321550114712 1.4924824727713388
      vertex -14.09647631790025 2.8409478400066117 1.4584887316238233
      vertex -14.09647631790025 2.681155550916423 1.2502433660971128
    endloop
  endfacet
  facet normal -1 0 0
    outer loop
      vertex -19.596476317900247 2.249756633902887 0.8188444490835769
      vertex -19.596476317900247 2.325055486483033 2.9521143754398387
      vertex -19.596476317900247 2.279011731147967 1.4888963374814435
    endloop
  endfacet
  facet normal -1 0 0
    outer loop
      vertex -19.596476317900247 2.8670321550114712 1.4924824727713388
      vertex -19.596476317900247 2.9038837471393197 2.3365226989539982
      vertex -19.596476317900247 2.997320043610336 1.9057028630623756
    endloop
  endfacet
  facet normal -1 0 0
    outer loop
      vertex -19.596476317900247 2.279011731147967 1.4888963374814435
      vertex -19.596476317900247 2.325055486483033 2.9521143754398387
      vertex -19.596476317900247 2.283442950455244 1.590387945588988
    endloop
  endfacet
  facet normal -1 0 0
    outer loop
      vertex -19.596476317900247 2.032093414452607 1.1958482041104759
      vertex -19.596476317900247 2.091846800809341 2.5644257559499413
      vertex -19.596476317900247 2.1612930278075893 2.713353670350962
    endloop
  endfacet
  facet normal -1 0 0
    outer loop
      vertex -19.596476317900247 2.249756633902887 0.8188444490835769
      vertex -19.596476317900247 2.1612930278075893 2.713353670350962
      vertex -19.596476317900247 2.265057831928078 3.1006091913660603
    endloop
  endfacet
  facet normal -1 0 0
    outer loop
      vertex -19.596476317900247 2.249756633902887 0.8188444490835769
      vertex -19.596476317900247 2.265057831928078 3.1006091913660603
      vertex -19.596476317900247 2.325055486483033 2.9521143754398387
    endloop
  endfacet
  facet normal -1 0 0
    outer loop
      vertex -19.596476317900247 3.04280135617411 2.0182590468354555
      vertex -19.596476317900247 3.034878292164838 2.0248224089636992
      vertex -19.596476317900247 3.0786164856336775 2.8385603750641026
    endloop
  endfacet
  facet normal -1 0 0
    outer loop
      vertex -19.596476317900247 2.681155550916423 1.2502433660971128
      vertex -19.596476317900247 2.6126570147094332 4.180882220207269
      vertex -19.596476317900247 2.8670321550114712 1.4924824727713388
    endloop
  endfacet
  facet normal -1 0 0
    outer loop
      vertex -19.596476317900247 3.04280135617411 2.0182590468354555
      vertex -19.596476317900247 3.0786164856336775 2.8385603750641026
      vertex -19.596476317900247 3.1720772546282747 2.078468657055357
    endloop
  endfacet
  facet normal -1 0 0
    outer loop
      vertex -19.596476317900247 2.681155550916423 1.2502433660971128
      vertex -19.596476317900247 2.5154542429488216 1.9545727251445444
      vertex -19.596476317900247 2.6126570147094332 4.180882220207269
    endloop
  endfacet
  facet normal -6.239248720886759e-19 0.9537169507482269 -0.3007057995042732
    outer loop
      vertex -19.596476317900247 3.2889241727506793 2.3029294983601596
      vertex -19.596476317900247 3.380740392011739 2.5941333421411774
      vertex -14.09647631790025 3.367855697902866 2.553268313275437
    endloop
  endfacet
  facet normal 0 0.9537169507482269 -0.3007057995042732
    outer loop
      vertex -19.596476317900247 3.2889241727506793 2.3029294983601596
      vertex -14.09647631790025 3.367855697902866 2.553268313275437
      vertex -14.09647631790025 3.2889241727506793 2.3029294983601596
    endloop
  endfacet
  facet normal -1 0 0
    outer loop
      vertex -19.596476317900247 2.8670321550114712 1.4924824727713388
      vertex -19.596476317900247 2.6126570147094332 4.180882220207269
      vertex -19.596476317900247 2.9038837471393197 2.3365226989539982
    endloop
  endfacet
  facet normal -1 0 0
    outer loop
      vertex -19.596476317900247 3.1720772546282747 2.078468657055357
      vertex -19.596476317900247 3.1202190676135264 3.791416158939954
      vertex -19.596476317900247 3.2889241727506793 2.3029294983601596
    endloop
  endfacet
  facet normal -1 0 0
    outer loop
      vertex -19.596476317900247 3.1720772546282747 2.078468657055357
      vertex -19.596476317900247 3.0786164856336775 2.8385603750641026
      vertex -19.596476317900247 3.1202190676135264 3.791416158939954
    endloop
  endfacet
  facet normal -1 0 0
    outer loop
      vertex -19.596476317900247 2.9038837471393197 2.3365226989539982
      vertex -19.596476317900247 2.6126570147094332 4.180882220207269
      vertex -19.596476317900247 2.9012842378159585 2.560204503306805
    endloop
  endfacet
  facet normal -1 0 0
    outer loop
      vertex -19.596476317900247 3.2889241727506793 2.3029294983601596
      vertex -19.596476317900247 3.1202190676135264 3.791416158939954
      vertex -19.596476317900247 3.446827135542728 2.892231378165744
    endloop
  endfacet
  facet normal -1 0 0
    outer loop
      vertex -19.596476317900247 2.325055486483033 2.9521143754398387
      vertex -19.596476317900247 2.265057831928078 3.1006091913660603
      vertex -19.596476317900247 2.3 3.5
    endloop
  endfacet
  facet normal -1 0 0
    outer loop
      vertex -19.596476317900247 2.9012842378159585 2.560204503306805
      vertex -19.596476317900247 2.6126570147094332 4.180882220207269
      vertex -19.596476317900247 2.9364139504933195 3.2371955090857125
    endloop
  endfacet
  facet normal -1 0 0
    outer loop
      vertex -19.596476317900247 3.446827135542728 2.892231378165744
      vertex -19.596476317900247 3.1202190676135264 3.791416158939954
      vertex -19.596476317900247 3.462288390868918 3.2861268367463654
    endloop
  endfacet
  facet normal -1 0 0
    outer loop
      vertex -19.596476317900247 3.462288390868918 3.2861268367463654
      vertex -19.596476317900247 3.1202190676135264 3.791416158939954
      vertex -19.596476317900247 3.469081445367323 3.40193887283042
    endloop
  endfacet
  facet normal -3.265307304560331e-17 0.9990482215818578 -0.0436193873653355
    outer loop
      vertex -19.596476317900247 3.4866814433211095 3.1949549003831965
      vertex -19.596476317900247 3.5 3.5
      vertex -14.09647631790025 3.4885504543755865 3.2377622913823605
    endloop
  endfacet
  facet normal 0 0.9990482215818577 -0.04361938736533482
    outer loop
      vertex -19.596476317900247 3.5 3.5
      vertex -14.09647631790025 3.5 3.5
      vertex -14.09647631790025 3.4885504543755865 3.2377622913823605
    endloop
  endfacet
  facet normal -8.13482799466641e-20 0.30070579950427306 -0.9537169507482269
    outer loop
      vertex 0 1.0514685797493315 0.1651677176187909
      vertex -8.296476317900249 0.9898257171647991 0.14573179770285422
      vertex -8.296476317900249 1.113111442333864 0.18460363753472758
    endloop
  endfacet
  facet normal 0 0.5372996083468239 -0.8433914458128856
    outer loop
      vertex 0 1.8787587636143306 0.5509394658714968
      vertex -8.296476317900249 1.8787587636143306 0.5509394658714968
      vertex -8.296476317900249 2.007517527228661 0.6329678449885288
    endloop
  endfacet
  facet normal 1.6305000644490242e-17 0.6087614290087208 -0.793353340291235
    outer loop
      vertex 0 2.128637080565774 0.7259061470360528
      vertex -8.296476317900249 2.077359213586284 0.686559255816695
      vertex -8.296476317900249 2.179914947545264 0.7652530382554107
    endloop
  endfacet
  facet normal 2.763285649778617e-20 0.04361938736533549 -0.9990482215818577
    outer loop
      vertex -8.296476317900249 0.3050450996168036 0.01331855667889048
      vertex 8.296476317900249 0.21709536901852158 0.009478588512419919
      vertex -8.296476317900249 0.08794973059828201 0.003839968166470562
    endloop
  endfacet
  facet normal 0 0.13052619222005268 -0.9914448613738103
    outer loop
      vertex -8.296476317900249 0.3050450996168036 0.01331855667889048
      vertex -8.296476317900249 0.3923254796597334 0.02480923670191939
      vertex 8.296476317900249 0.3050450996168036 0.01331855667889048
    endloop
  endfacet
  facet normal 4.924734615733776e-18 0.7933533402912346 -0.6087614290087213
    outer loop
      vertex 8.296476317900249 2.734746961744589 1.3200850524547358
      vertex -8.296476317900249 2.681155550916423 1.2502433660971128
      vertex -8.296476317900249 2.813440744183305 1.4226407864137158
    endloop
  endfacet
  facet normal 1.1627952017731762e-17 0.9990482215818578 -0.043619387365334876
    outer loop
      vertex 0 3.4933407216605548 3.3474774501915983
      vertex -8.296476317900249 3.49052141148758 3.2829046309814784
      vertex -8.296476317900249 3.5 3.5
    endloop
  endfacet
  facet normal 1.8648431175157272e-17 0.9537169507482266 -0.3007057995042741
    outer loop
      vertex -8.296476317900249 3.354268202297146 2.5101742828352007
      vertex 8.296476317900249 3.3153963624652723 2.3868885576661363
      vertex -8.296476317900249 3.2889241727506793 2.3029294983601596
    endloop
  endfacet
  facet normal -1 0 0
    outer loop
      vertex -19.596476317900247 2.325055486483033 2.9521143754398387
      vertex -19.596476317900247 2.3 3.5
      vertex -19.596476317900247 2.4035518599434553 4.3413342487847215
    endloop
  endfacet
  facet normal -1 0 0
    outer loop
      vertex -19.596476317900247 3.469081445367323 3.40193887283042
      vertex -19.596476317900247 3.1202190676135264 3.791416158939954
      vertex -19.596476317900247 3.471167489440632 3.4547420240228717
    endloop
  endfacet
  facet normal -1 0 0
    outer loop
      vertex -19.596476317900247 3.471167489440632 3.4547420240228717
      vertex -19.596476317900247 3.1202190676135264 3.791416158939954
      vertex -19.596476317900247 3.4727269881490272 3.48728238571294
    endloop
  endfacet
  facet normal -1 0 0
    outer loop
      vertex -19.596476317900247 3.4727269881490272 3.48728238571294
      vertex -19.596476317900247 3.1202190676135264 3.791416158939954
      vertex -19.596476317900247 3.4741187630220076 3.5198593716154924
    endloop
  endfacet
  facet normal -1 0 0
    outer loop
      vertex -19.596476317900247 3.4784631646385136 3.5971463864070254
      vertex -19.596476317900247 3.4334064392614994 3.800384140712291
      vertex -19.596476317900247 3.4799967276202515 3.6519399384464357
    endloop
  endfacet
  facet normal -1 0 0
    outer loop
      vertex -19.596476317900247 2.4035518599434553 4.3413342487847215
      vertex -19.596476317900247 2.3 3.5
      vertex -19.596476317900247 2.265057831928078 3.8993908086339397
    endloop
  endfacet
  facet normal -1 0 0
    outer loop
      vertex -19.596476317900247 2.9364139504933195 3.2371955090857125
      vertex -19.596476317900247 2.6126570147094332 4.180882220207269
      vertex -19.596476317900247 2.9603662621593663 3.9140755306690815
    endloop
  endfacet
  facet normal -1 0 0
    outer loop
      vertex -19.596476317900247 3.4799967276202515 3.6519399384464357
      vertex -19.596476317900247 3.4334064392614994 3.800384140712291
      vertex -19.596476317900247 3.4866814433211095 3.8050450996168035
    endloop
  endfacet
  facet normal -1 0 0
    outer loop
      vertex -19.596476317900247 3.4334064392614994 3.800384140712291
      vertex -19.596476317900247 3.4441430276183356 4.046292443227285
      vertex -19.596476317900247 3.4866814433211095 3.8050450996168035
    endloop
  endfacet
  facet normal 0 0.9990482215818578 0.0436193873653355
    outer loop
      vertex -19.596476317900247 3.5 3.5
      vertex -19.596476317900247 3.4866814433211095 3.8050450996168035
      vertex -14.09647631790025 3.5 3.5
    endloop
  endfacet
  facet normal 0 0.9914448613738102 0.13052619222005266
    outer loop
      vertex -19.596476317900247 3.4866814433211095 3.8050450996168035
      vertex -19.596476317900247 3.446827135542728 4.107768621834256
      vertex -14.09647631790025 3.4866814433211095 3.8050450996168035
    endloop
  endfacet
  facet normal -1 0 0
    outer loop
      vertex -19.596476317900247 3.4334064392614994 3.800384140712291
      vertex -19.596476317900247 3.4203922317605384 4.104681033009762
      vertex -19.596476317900247 3.4441430276183356 4.046292443227285
    endloop
  endfacet
  facet normal -1 0 0
    outer loop
      vertex -19.596476317900247 3.4866814433211095 3.8050450996168035
      vertex -19.596476317900247 3.4441430276183356 4.046292443227285
      vertex -19.596476317900247 3.446827135542728 4.107768621834256
    endloop
  endfacet
  facet normal -1 0 0
    outer loop
      vertex -19.596476317900247 3.4334064392614994 3.800384140712291
      vertex -19.596476317900247 3.380740392011739 4.405866657858823
      vertex -19.596476317900247 3.4203922317605384 4.104681033009762
    endloop
  endfacet
  facet normal -1 0 0
    outer loop
      vertex -19.596476317900247 2.4035518599434553 4.3413342487847215
      vertex -19.596476317900247 2.265057831928078 3.8993908086339397
      vertex -19.596476317900247 2.1662352631252024 4.268201656340744
    endloop
  endfacet
  facet normal -1 0 0
    outer loop
      vertex -19.596476317900247 2.4035518599434553 4.3413342487847215
      vertex -19.596476317900247 2.1662352631252024 4.268201656340744
      vertex -19.596476317900247 2.177017698345941 4.515160024677681
    endloop
  endfacet
  facet normal -1.6043923282781675e-17 0.9762960071199335 0.2164396139381022
    outer loop
      vertex -19.596476317900247 3.446827135542728 4.107768621834256
      vertex -19.596476317900247 3.380740392011739 4.405866657858823
      vertex -14.09647631790025 3.390014434026334 4.364034157680271
    endloop
  endfacet
  facet normal 0 0.9990482215818578 0.0436193873653355
    outer loop
      vertex -19.596476317900247 3.4866814433211095 3.8050450996168035
      vertex -14.09647631790025 3.4866814433211095 3.8050450996168035
      vertex -14.09647631790025 3.5 3.5
    endloop
  endfacet
  facet normal 0 0.9914448613738102 0.13052619222005266
    outer loop
      vertex -19.596476317900247 3.446827135542728 4.107768621834256
      vertex -14.09647631790025 3.446827135542728 4.107768621834256
      vertex -14.09647631790025 3.4866814433211095 3.8050450996168035
    endloop
  endfacet
  facet normal 0 0.9762960071199335 0.21643961393810188
    outer loop
      vertex -19.596476317900247 3.446827135542728 4.107768621834256
      vertex -14.09647631790025 3.390014434026334 4.364034157680271
      vertex -14.09647631790025 3.446827135542728 4.107768621834256
    endloop
  endfacet
  facet normal -1 0 0
    outer loop
      vertex -19.596476317900247 3.4334064392614994 3.800384140712291
      vertex -19.596476317900247 3.1720772546282747 4.979163916092448
      vertex -19.596476317900247 3.380740392011739 4.405866657858823
    endloop
  endfacet
  facet normal -1 0 0
    outer loop
      vertex -19.596476317900247 3.380740392011739 4.405866657858823
      vertex -19.596476317900247 3.1720772546282747 4.979163916092448
      vertex -19.596476317900247 3.2889241727506793 4.697070501639841
    endloop
  endfacet
  facet normal 0 0.9537169507482269 0.3007057995042732
    outer loop
      vertex -19.596476317900247 3.380740392011739 4.405866657858823
      vertex -19.596476317900247 3.2889241727506793 4.697070501639841
      vertex -14.09647631790025 3.380740392011739 4.405866657858823
    endloop
  endfacet
  facet normal 0 0.9238795325112864 0.38268343236509045
    outer loop
      vertex -19.596476317900247 3.2889241727506793 4.697070501639841
      vertex -19.596476317900247 3.1720772546282747 4.979163916092448
      vertex -14.09647631790025 3.2889241727506793 4.697070501639841
    endloop
  endfacet
  facet normal 0 0.8870108331782218 0.4617486132350335
    outer loop
      vertex -19.596476317900247 3.1720772546282747 4.979163916092448
      vertex -19.596476317900247 3.031088913245535 5.25
      vertex -14.09647631790025 3.1720772546282747 4.979163916092448
    endloop
  endfacet
  facet normal 0 0.9537169507482269 0.3007057995042732
    outer loop
      vertex -19.596476317900247 3.2889241727506793 4.697070501639841
      vertex -14.09647631790025 3.2889241727506793 4.697070501639841
      vertex -14.09647631790025 3.380740392011739 4.405866657858823
    endloop
  endfacet
  facet normal 0 0.9238795325112864 0.38268343236509045
    outer loop
      vertex -19.596476317900247 3.1720772546282747 4.979163916092448
      vertex -14.09647631790025 3.1720772546282747 4.979163916092448
      vertex -14.09647631790025 3.2889241727506793 4.697070501639841
    endloop
  endfacet
  facet normal 0 0.8870108331782218 0.4617486132350335
    outer loop
      vertex -19.596476317900247 3.031088913245535 5.25
      vertex -14.09647631790025 3.031088913245535 5.25
      vertex -14.09647631790025 3.1720772546282747 4.979163916092448
    endloop
  endfacet
  facet normal -1 0 0
    outer loop
      vertex -19.596476317900247 -0.9058666578588226 6.880740392011739
      vertex -19.596476317900247 -1.15 5.491858428704209
      vertex -19.596476317900247 -1.2254933861694306 5.438997390623396
    endloop
  endfacet
  facet normal -1 0 0
    outer loop
      vertex -19.596476317900247 -0.9058666578588226 6.880740392011739
      vertex -19.596476317900247 -0.786646329649038 5.66129302780759
      vertex -19.596476317900247 -1.15 5.491858428704209
    endloop
  endfacet
  facet normal -2.1341129795655266e-17 0.8433914458128853 0.5372996083468247
    outer loop
      vertex -19.596476317900247 3.031088913245535 5.25
      vertex -19.596476317900247 2.8670321550114712 5.507517527228661
      vertex -14.09647631790025 3.0080666066928226 5.286137782547771
    endloop
  endfacet
  facet normal -1 0 0
    outer loop
      vertex -19.596476317900247 -0.3050450996168036 5.871270344477504
      vertex -19.596476317900247 -0.3096444408894273 5.772909621698352
      vertex -19.596476317900247 -0.3993908086339397 5.765057831928078
    endloop
  endfacet
  facet normal -1 0 0
    outer loop
      vertex -19.596476317900247 0.47674889920582364 5.8198221610764715
      vertex -19.596476317900247 0.6279217541428856 5.703823149633435
      vertex -19.596476317900247 0.4742735341977975 5.744993066086201
    endloop
  endfacet
  facet normal -1 0 0
    outer loop
      vertex -19.596476317900247 0 6.185644457926362
      vertex -19.596476317900247 0 5.8
      vertex -19.596476317900247 -0.2549929897920673 5.777691004114613
    endloop
  endfacet
  facet normal -1 0 0
    outer loop
      vertex -19.596476317900247 -0.3050450996168036 5.871270344477504
      vertex -19.596476317900247 0 6.185644457926362
      vertex -19.596476317900247 -0.2549929897920673 5.777691004114613
    endloop
  endfacet
  facet normal -1 0 0
    outer loop
      vertex -19.596476317900247 -0.9058666578588226 6.880740392011739
      vertex -19.596476317900247 -0.3993908086339397 5.765057831928078
      vertex -19.596476317900247 -0.786646329649038 5.66129302780759
    endloop
  endfacet
  facet normal 0 0.8433914458128849 0.5372996083468251
    outer loop
      vertex -19.596476317900247 2.8670321550114712 5.507517527228661
      vertex -14.09647631790025 2.8670321550114712 5.507517527228661
      vertex -14.09647631790025 3.0080666066928226 5.286137782547771
    endloop
  endfacet
  facet normal 0 0.7372773368101266 0.6755902076156574
    outer loop
      vertex -19.596476317900247 2.4748737341529163 5.974873734152917
      vertex -14.09647631790025 2.4748737341529163 5.974873734152917
      vertex -14.09647631790025 2.503821540222596 5.943282747301771
    endloop
  endfacet
  facet normal 0 0.6755902076156518 0.7372773368101319
    outer loop
      vertex -19.596476317900247 2.4748737341529163 5.974873734152917
      vertex -14.09647631790025 2.44328274730177 6.003821540222596
      vertex -14.09647631790025 2.4748737341529163 5.974873734152917
    endloop
  endfacet
  facet normal -1 0 0
    outer loop
      vertex -19.596476317900247 -0.3050450996168036 5.871270344477504
      vertex -19.596476317900247 -0.3993908086339397 5.765057831928078
      vertex -19.596476317900247 -0.9058666578588226 6.880740392011739
    endloop
  endfacet
  facet normal -1 0 0
    outer loop
      vertex -19.596476317900247 -0.3050450996168036 5.871270344477504
      vertex -19.596476317900247 -0.9058666578588226 6.880740392011739
      vertex -19.596476317900247 0 6.185644457926362
    endloop
  endfacet
  facet normal -6.244411641916814e-17 0.5372996083468229 0.8433914458128863
    outer loop
      vertex -19.596476317900247 2.007517527228661 6.367032155011471
      vertex -19.596476317900247 1.75 6.531088913245535
      vertex -14.09647631790025 1.9713797446808905 6.390054461564184
    endloop
  endfacet
  facet normal -1 0 0
    outer loop
      vertex -19.596476317900247 -0.9058666578588226 6.880740392011739
      vertex -19.596476317900247 -0.6077686218342562 6.946827135542728
      vertex -19.596476317900247 -0.3050450996168036 6.9866814433211095
    endloop
  endfacet
  facet normal -1 0 0
    outer loop
      vertex -19.596476317900247 -0.9058666578588226 6.880740392011739
      vertex -19.596476317900247 -0.3050450996168036 6.9866814433211095
      vertex -19.596476317900247 0 7
    endloop
  endfacet
  facet normal -1 0 0
    outer loop
      vertex -19.596476317900247 -0.9058666578588226 6.880740392011739
      vertex -19.596476317900247 0.3050450996168036 6.973312011919393
      vertex -19.596476317900247 0.4564068607255299 6.966754289431918
    endloop
  endfacet
  facet normal -1 0 0
    outer loop
      vertex -19.596476317900247 -0.9058666578588226 6.880740392011739
      vertex -19.596476317900247 0.6077686218342562 6.946827135542728
      vertex -19.596476317900247 0.9058666578588226 6.880740392011739
    endloop
  endfacet
  facet normal -1 0 0
    outer loop
      vertex -19.596476317900247 -0.9058666578588226 6.880740392011739
      vertex -19.596476317900247 0.4564068607255299 6.966754289431918
      vertex -19.596476317900247 0.6077686218342562 6.946827135542728
    endloop
  endfacet
  facet normal -1 0 0
    outer loop
      vertex -19.596476317900247 -0.9058666578588226 6.880740392011739
      vertex -19.596476317900247 0 7
      vertex -19.596476317900247 0.3050450996168036 6.973312011919393
    endloop
  endfacet
  facet normal -5.844454791542389e-20 -0.21643961393810254 0.9762960071199335
    outer loop
      vertex -19.596476317900247 -0.9058666578588226 6.880740392011739
      vertex -14.09647631790025 -0.6077686218342562 6.946827135542728
      vertex -19.596476317900247 -0.6077686218342562 6.946827135542728
    endloop
  endfacet
  facet normal 4.1897303764623065e-20 -0.1305261922200527 0.9914448613738102
    outer loop
      vertex -19.596476317900247 -0.6077686218342562 6.946827135542728
      vertex -14.09647631790025 -0.3050450996168036 6.9866814433211095
      vertex -19.596476317900247 -0.3050450996168036 6.9866814433211095
    endloop
  endfacet
  facet normal -1.5031022201038155e-19 -0.043619387365335494 0.9990482215818578
    outer loop
      vertex -19.596476317900247 -0.3050450996168036 6.9866814433211095
      vertex -14.09647631790025 0 7
      vertex -19.596476317900247 0 7
    endloop
  endfacet
  facet normal -1.3485235688748445e-17 0.21643961393810254 0.9762960071199335
    outer loop
      vertex -19.596476317900247 0.9058666578588226 6.880740392011739
      vertex -19.596476317900247 0.6077686218342562 6.946827135542728
      vertex -14.09647631790025 0.8640341576802704 6.890014434026334
    endloop
  endfacet
  facet normal -1.6008736312991555e-16 0.13052619222005557 0.9914448613738098
    outer loop
      vertex -19.596476317900247 0.4564068607255299 6.966754289431918
      vertex -19.596476317900247 0.3050450996168036 6.9866814433211095
      vertex -14.09647631790025 0.6077686218342562 6.946827135542728
    endloop
  endfacet
  facet normal -2.3818580080107478e-20 0.13052619222004985 0.9914448613738106
    outer loop
      vertex -19.596476317900247 0.4564068607255299 6.966754289431918
      vertex -14.09647631790025 0.6077686218342562 6.946827135542728
      vertex -19.596476317900247 0.6077686218342562 6.946827135542728
    endloop
  endfacet
  facet normal 0 -0.21643961393810254 0.9762960071199335
    outer loop
      vertex -19.596476317900247 -0.9058666578588226 6.880740392011739
      vertex -14.09647631790025 -0.9058666578588226 6.880740392011739
      vertex -14.09647631790025 -0.6077686218342562 6.946827135542728
    endloop
  endfacet
  facet normal 0 0.6087614290087205 0.7933533402912353
    outer loop
      vertex -19.596476317900247 2.007517527228661 6.367032155011471
      vertex -14.09647631790025 2.007517527228661 6.367032155011471
      vertex -14.09647631790025 2.0415112683761767 6.340947840006612
    endloop
  endfacet
  facet normal 0 0.5372996083468219 0.8433914458128869
    outer loop
      vertex -19.596476317900247 1.75 6.531088913245535
      vertex -14.09647631790025 1.75 6.531088913245535
      vertex -14.09647631790025 1.9713797446808905 6.390054461564184
    endloop
  endfacet
  facet normal 0 -0.1305261922200527 0.9914448613738102
    outer loop
      vertex -19.596476317900247 -0.6077686218342562 6.946827135542728
      vertex -14.09647631790025 -0.6077686218342562 6.946827135542728
      vertex -14.09647631790025 -0.3050450996168036 6.9866814433211095
    endloop
  endfacet
  facet normal 0 -0.043619387365335494 0.9990482215818578
    outer loop
      vertex -19.596476317900247 -0.3050450996168036 6.9866814433211095
      vertex -14.09647631790025 -0.3050450996168036 6.9866814433211095
      vertex -14.09647631790025 0 7
    endloop
  endfacet
  facet normal 0 0.21643961393810224 0.9762960071199335
    outer loop
      vertex -19.596476317900247 0.6077686218342562 6.946827135542728
      vertex -14.09647631790025 0.6077686218342562 6.946827135542728
      vertex -14.09647631790025 0.8640341576802704 6.890014434026334
    endloop
  endfacet
  facet normal 0 0.1305261922200527 0.9914448613738102
    outer loop
      vertex -19.596476317900247 0.3050450996168036 6.9866814433211095
      vertex -14.09647631790025 0.3050450996168036 6.9866814433211095
      vertex -14.09647631790025 0.6077686218342562 6.946827135542728
    endloop
  endfacet
  facet normal 0 0.4617486132350389 0.887010833178219
    outer loop
      vertex -19.596476317900247 1.4791639160924481 6.672077254628275
      vertex -14.09647631790025 1.4791639160924481 6.672077254628275
      vertex -14.09647631790025 1.5171707096946958 6.652292170181823
    endloop
  endfacet
  facet normal 0 0.38268343236509356 0.9238795325112852
    outer loop
      vertex -19.596476317900247 1.4791639160924481 6.672077254628275
      vertex -14.09647631790025 1.4395773660841662 6.688474540529266
      vertex -14.09647631790025 1.4791639160924481 6.672077254628275
    endloop
  endfacet
  facet normal -7.191892962687041e-22 0.9990482215818578 0.04361938736533551
    outer loop
      vertex -8.296476317900249 3.4866814433211095 3.8050450996168035
      vertex 8.296476317900249 3.5 3.5
      vertex -8.296476317900249 3.5 3.5
    endloop
  endfacet
  facet normal 1.3995941682008498e-19 0.9914448613738103 0.13052619222005268
    outer loop
      vertex -8.296476317900249 3.446827135542728 4.107768621834256
      vertex 8.296476317900249 3.4866814433211095 3.8050450996168035
      vertex -8.296476317900249 3.4866814433211095 3.8050450996168035
    endloop
  endfacet
  facet normal -1.2995661715565926e-17 0.9762960071199334 0.21643961393810293
    outer loop
      vertex -8.296476317900249 3.399794332878088 4.3199198847647065
      vertex 8.296476317900249 3.4277731946763788 4.193715394928373
      vertex -8.296476317900249 3.446827135542728 4.107768621834256
    endloop
  endfacet
  facet normal -2.468615377351855e-19 0.9537169507482269 0.3007057995042732
    outer loop
      vertex -8.296476317900249 3.2889241727506793 4.697070501639841
      vertex 8.296476317900249 3.380740392011739 4.405866657858823
      vertex -8.296476317900249 3.380740392011739 4.405866657858823
    endloop
  endfacet
  facet normal -1.2929231720761706e-19 0.9238795325112865 0.3826834323650905
    outer loop
      vertex -8.296476317900249 3.1720772546282747 4.979163916092448
      vertex 8.296476317900249 3.2889241727506793 4.697070501639841
      vertex -8.296476317900249 3.2889241727506793 4.697070501639841
    endloop
  endfacet
  facet normal -3.3054684881346283e-20 0.8870108331782219 0.4617486132350335
    outer loop
      vertex -8.296476317900249 3.031088913245535 5.25
      vertex 8.296476317900249 3.1720772546282747 4.979163916092448
      vertex -8.296476317900249 3.1720772546282747 4.979163916092448
    endloop
  endfacet
  facet normal -1.2761371082844053e-17 0.8433914458128849 0.5372996083468251
    outer loop
      vertex 0 2.9490605341285034 5.37875876361433
      vertex -8.296476317900249 2.9837885379645073 5.324246716870874
      vertex -8.296476317900249 2.8670321550114712 5.507517527228661
    endloop
  endfacet
  facet normal 8.976510249607534e-20 0.7372773368101271 0.6755902076156568
    outer loop
      vertex -8.296476317900249 2.5343483175324395 5.909968615713289
      vertex -8.296476317900249 2.4748737341529163 5.974873734152917
      vertex 8.296476317900249 2.4748737341529163 5.974873734152917
    endloop
  endfacet
  facet normal 0 0.6755902076156594 0.7372773368101249
    outer loop
      vertex -8.296476317900249 2.4748737341529163 5.974873734152917
      vertex -8.296476317900249 2.4099686157132894 6.03434831753244
      vertex 8.296476317900249 2.4748737341529163 5.974873734152917
    endloop
  endfacet
  facet normal -7.572961856332495e-21 0.6087614290087207 0.7933533402912352
    outer loop
      vertex -8.296476317900249 2.077359213586284 6.313440744183305
      vertex -8.296476317900249 2.007517527228661 6.367032155011471
      vertex 8.296476317900249 2.007517527228661 6.367032155011471
    endloop
  endfacet
  facet normal 2.68687314443267e-17 0.5372996083468218 0.843391445812887
    outer loop
      vertex -8.296476317900249 1.75 6.531088913245535
      vertex 8.296476317900249 1.8242467168708745 6.483788537964506
      vertex -8.296476317900249 1.9332708103577867 6.4143325302925
    endloop
  endfacet
  facet normal 0 -0.21643961393810252 0.9762960071199334
    outer loop
      vertex -8.296476317900249 -0.6077686218342562 6.946827135542728
      vertex -8.296476317900249 -0.9058666578588226 6.880740392011739
      vertex 8.296476317900249 -0.6077686218342562 6.946827135542728
    endloop
  endfacet
  facet normal 0 -0.13052619222005274 0.9914448613738103
    outer loop
      vertex -8.296476317900249 -0.3050450996168036 6.9866814433211095
      vertex -8.296476317900249 -0.6077686218342562 6.946827135542728
      vertex 8.296476317900249 -0.3050450996168036 6.9866814433211095
    endloop
  endfacet
  facet normal 0 -0.043619387365335494 0.9990482215818578
    outer loop
      vertex -8.296476317900249 0 7
      vertex -8.296476317900249 -0.3050450996168036 6.9866814433211095
      vertex 8.296476317900249 0 7
    endloop
  endfacet
  facet normal 2.326852446493098e-17 0.21643961393810132 0.9762960071199338
    outer loop
      vertex -8.296476317900249 0.6077686218342562 6.946827135542728
      vertex 8.296476317900249 0.6937153949283726 6.927773194676378
      vertex -8.296476317900249 0.8199198847647061 6.899794332878089
    endloop
  endfacet
  facet normal 0 0.13052619222005274 0.9914448613738103
    outer loop
      vertex -8.296476317900249 0.6077686218342562 6.946827135542728
      vertex -8.296476317900249 0.3050450996168036 6.9866814433211095
      vertex 8.296476317900249 0.6077686218342562 6.946827135542728
    endloop
  endfacet
  facet normal -7.805070515201957e-18 0.46174861323503535 0.8870108331782209
    outer loop
      vertex -8.296476317900249 1.557250601129793 6.631427899311021
      vertex -8.296476317900249 1.4791639160924481 6.672077254628275
      vertex 8.296476317900249 1.671913314962655 6.571738268562789
    endloop
  endfacet
  facet normal 0 0.38268343236508645 0.9238795325112882
    outer loop
      vertex -8.296476317900249 1.4791639160924481 6.672077254628275
      vertex -8.296476317900249 1.3978315497117961 6.705766223843038
      vertex 8.296476317900249 1.4791639160924481 6.672077254628275
    endloop
  endfacet
  facet normal -7.920011757034072e-20 0.5372996083468239 -0.8433914458128856
    outer loop
      vertex 0 1.8787587636143306 0.5509394658714968
      vertex -8.296476317900249 2.007517527228661 0.6329678449885288
      vertex 8.296476317900249 2.007517527228661 0.6329678449885288
    endloop
  endfacet
  facet normal 0 0.04361938736533549 -0.9990482215818577
    outer loop
      vertex -8.296476317900249 0.3050450996168036 0.01331855667889048
      vertex 8.296476317900249 0.3050450996168036 0.01331855667889048
      vertex 8.296476317900249 0.21709536901852158 0.009478588512419919
    endloop
  endfacet
  facet normal 4.2295158135961986e-19 0.13052619222005274 -0.9914448613738103
    outer loop
      vertex 8.296476317900249 0.3050450996168036 0.01331855667889048
      vertex -8.296476317900249 0.3923254796597334 0.02480923670191939
      vertex 8.296476317900249 0.5204882417913264 0.041682184434243076
    endloop
  endfacet
  facet normal 7.572961856332495e-21 0.7933533402912352 -0.6087614290087207
    outer loop
      vertex 8.296476317900249 2.734746961744589 1.3200850524547358
      vertex 8.296476317900249 2.681155550916423 1.2502433660971128
      vertex -8.296476317900249 2.681155550916423 1.2502433660971128
    endloop
  endfacet
  facet normal 1.7486340936227572e-18 0.5372996083468239 -0.8433914458128857
    outer loop
      vertex 0 1.8787587636143306 0.5509394658714968
      vertex 8.296476317900249 2.007517527228661 0.6329678449885288
      vertex 8.296476317900249 1.8242467168708745 0.516211462035493
    endloop
  endfacet
  facet normal -4.3872162551246757e-20 0.7372773368101248 -0.6755902076156594
    outer loop
      vertex 0 2.5780146425346695 1.1376848159720983
      vertex 8.296476317900249 2.6216809675368995 1.1853382476574856
      vertex 8.296476317900249 2.5343483175324395 1.0900313842867109
    endloop
  endfacet
  facet normal 5.1908308854718884e-20 0.9537169507482277 -0.3007057995042708
    outer loop
      vertex 8.296476317900249 3.3153963624652723 2.3868885576661363
      vertex 8.296476317900249 3.2889241727506793 2.3029294983601596
      vertex -8.296476317900249 3.2889241727506793 2.3029294983601596
    endloop
  endfacet
  facet normal 3.5959464813435205e-22 0.9990482215818578 -0.04361938736533551
    outer loop
      vertex 0 3.4933407216605548 3.3474774501915983
      vertex -8.296476317900249 3.5 3.5
      vertex 8.296476317900249 3.5 3.5
    endloop
  endfacet
  facet normal -9.850440402180252e-20 0.887010833178221 -0.4617486132350352
    outer loop
      vertex 0 3.101583083936905 1.885418041953776
      vertex 8.296476317900249 3.131427899311021 1.942749398870207
      vertex 8.296476317900249 3.071738268562789 1.8280866850373452
    endloop
  endfacet
  facet normal 4.856950086986906e-20 0.9914448613738099 -0.13052619222005468
    outer loop
      vertex 0 3.4667542894319188 3.04359313927447
      vertex 8.296476317900249 3.4751907632980807 3.1076745203402667
      vertex 8.296476317900249 3.458317815565757 2.9795117582086736
    endloop
  endfacet
  facet normal -1.1626854121336503e-17 0.9990482215818578 -0.043619387365334876
    outer loop
      vertex 0 3.4933407216605548 3.3474774501915983
      vertex 8.296476317900249 3.5 3.5
      vertex 8.296476317900249 3.49052141148758 3.2829046309814784
    endloop
  endfacet
  facet normal 0 0.0436193873653355 -0.9990482215818578
    outer loop
      vertex 19.596476317900247 0.3050450996168036 0.01331855667889048
      vertex 14.09647631790025 0.2622377086176398 0.011449545624413658
      vertex 14.09647631790025 0.3050450996168036 0.01331855667889048
    endloop
  endfacet
  facet normal 0 0.1305261922200527 -0.9914448613738103
    outer loop
      vertex 19.596476317900247 0.3050450996168036 0.01331855667889048
      vertex 14.09647631790025 0.3050450996168036 0.01331855667889048
      vertex 14.09647631790025 0.5652870209284054 0.0475800555965057
    endloop
  endfacet
  facet normal 0 0.537299608346824 -0.8433914458128856
    outer loop
      vertex 19.596476317900247 2.007517527228661 0.6329678449885288
      vertex 14.09647631790025 1.7861377825477707 0.49193339330717756
      vertex 14.09647631790025 2.007517527228661 0.6329678449885288
    endloop
  endfacet
  facet normal 5.36436776696135e-19 0.1305261922200527 -0.9914448613738102
    outer loop
      vertex 19.596476317900247 0.3050450996168036 0.01331855667889048
      vertex 14.09647631790025 0.5652870209284054 0.0475800555965057
      vertex 19.596476317900247 0.6077686218342562 0.053172864457271984
    endloop
  endfacet
  facet normal 1 0 0
    outer loop
      vertex 19.596476317900247 0.9058666578588226 0.11925960798826107
      vertex 19.596476317900247 1.0987115437988304 0.1894494063008848
      vertex 19.596476317900247 1.1951888488615423 0.25417276132701255
    endloop
  endfacet
  facet normal 1 0 0
    outer loop
      vertex 19.596476317900247 1.0987115437988304 0.1894494063008848
      vertex 19.596476317900247 1.1970705016398404 0.21107582724932072
      vertex 19.596476317900247 1.1964613614935236 0.2250274303467008
    endloop
  endfacet
  facet normal 1 0 0
    outer loop
      vertex 19.596476317900247 1.0987115437988304 0.1894494063008848
      vertex 19.596476317900247 1.1964613614935236 0.2250274303467008
      vertex 19.596476317900247 1.1951888488615423 0.25417276132701255
    endloop
  endfacet
  facet normal 1 0 0
    outer loop
      vertex 19.596476317900247 1.1964613614935236 0.2250274303467008
      vertex 19.596476317900247 1.4791639160924481 0.3279227453717253
      vertex 19.596476317900247 1.1951888488615423 0.25417276132701255
    endloop
  endfacet
  facet normal 1 0 0
    outer loop
      vertex 19.596476317900247 1.1951888488615423 0.25417276132701255
      vertex 19.596476317900247 1.4791639160924481 0.3279227453717253
      vertex 19.596476317900247 1.75 0.4689110867544648
    endloop
  endfacet
  facet normal -1.90081593644093e-18 0.537299608346824 -0.8433914458128856
    outer loop
      vertex 19.596476317900247 1.75 0.4689110867544648
      vertex 14.09647631790025 1.7861377825477707 0.49193339330717756
      vertex 19.596476317900247 2.007517527228661 0.6329678449885288
    endloop
  endfacet
  facet normal 1 0 0
    outer loop
      vertex 19.596476317900247 1.1951888488615423 0.25417276132701255
      vertex 19.596476317900247 1.75 0.4689110867544648
      vertex 19.596476317900247 2.007517527228661 0.6329678449885288
    endloop
  endfacet
  facet normal 1 0 0
    outer loop
      vertex 19.596476317900247 2.007517527228661 0.6329678449885288
      vertex 19.596476317900247 2.249756633902887 0.8188444490835769
      vertex 19.596476317900247 2.4748737341529163 1.0251262658470837
    endloop
  endfacet
  facet normal -8.604768255554764e-18 0.7372773368101251 -0.6755902076156592
    outer loop
      vertex 19.596476317900247 2.681155550916423 1.2502433660971128
      vertex 14.09647631790025 2.503821540222596 1.0567172526982296
      vertex 14.09647631790025 2.6522077448467436 1.218652379245967
    endloop
  endfacet
  facet normal 0 0.7933533402912353 -0.6087614290087205
    outer loop
      vertex 19.596476317900247 2.681155550916423 1.2502433660971128
      vertex 14.09647631790025 2.681155550916423 1.2502433660971128
      vertex 14.09647631790025 2.7072398659212826 1.2842371072446284
    endloop
  endfacet
  facet normal 6.1096733262088494e-18 0.7372773368101249 -0.6755902076156594
    outer loop
      vertex 19.596476317900247 2.4748737341529163 1.0251262658470837
      vertex 14.09647631790025 2.503821540222596 1.0567172526982296
      vertex 19.596476317900247 2.681155550916423 1.2502433660971128
    endloop
  endfacet
  facet normal 1 0 0
    outer loop
      vertex 19.596476317900247 0.9058666578588226 0.11925960798826107
      vertex 19.596476317900247 0.786646329649038 1.3387069721924107
      vertex 19.596476317900247 0.5930185691414889 1.2868245701321663
    endloop
  endfacet
  facet normal 1 0 0
    outer loop
      vertex 19.596476317900247 0.9058666578588226 0.11925960798826107
      vertex 19.596476317900247 1.15 1.5081415712957913
      vertex 19.596476317900247 0.786646329649038 1.3387069721924107
    endloop
  endfacet
  facet normal 1 0 0
    outer loop
      vertex 19.596476317900247 0.9058666578588226 0.11925960798826107
      vertex 19.596476317900247 2.249756633902887 1.1504626554812702
      vertex 19.596476317900247 1.15 1.5081415712957913
    endloop
  endfacet
  facet normal 1 0 0
    outer loop
      vertex 19.596476317900247 2.249756633902887 1.1504626554812702
      vertex 19.596476317900247 1.47841150227904 1.7380977808263507
      vertex 19.596476317900247 1.15 1.5081415712957913
    endloop
  endfacet
  facet normal 1 0 0
    outer loop
      vertex 19.596476317900247 2.249756633902887 1.1504626554812702
      vertex 19.596476317900247 1.7619022191736493 2.02158849772096
      vertex 19.596476317900247 1.47841150227904 1.7380977808263507
    endloop
  endfacet
  facet normal 3.3675982132957697e-17 0.8870108331782213 -0.46174861323503463
    outer loop
      vertex 19.596476317900247 3.1720772546282747 2.020836083907552
      vertex 14.09647631790025 3.050873997691986 1.7880067936022477
      vertex 14.09647631790025 3.152292170181824 1.9828292903053044
    endloop
  endfacet
  facet normal 0 0.9537169507482269 -0.3007057995042731
    outer loop
      vertex 19.596476317900247 3.2889241727506793 2.3029294983601596
      vertex 14.09647631790025 3.2889241727506793 2.3029294983601596
      vertex 14.09647631790025 3.301808866859552 2.3437945272259
    endloop
  endfacet
  facet normal -2.431265188877041e-17 0.8870108331782218 -0.4617486132350335
    outer loop
      vertex 19.596476317900247 3.031088913245535 1.75
      vertex 14.09647631790025 3.050873997691986 1.7880067936022477
      vertex 19.596476317900247 3.1720772546282747 2.020836083907552
    endloop
  endfacet
  facet normal 1 0 0
    outer loop
      vertex 19.596476317900247 2.249756633902887 1.1504626554812702
      vertex 19.596476317900247 1.9918584287042087 2.35
      vertex 19.596476317900247 1.7619022191736493 2.02158849772096
    endloop
  endfacet
  facet normal 1 0 0
    outer loop
      vertex 19.596476317900247 2.249756633902887 1.1504626554812702
      vertex 19.596476317900247 2.1612930278075893 2.713353670350962
      vertex 19.596476317900247 1.9918584287042087 2.35
    endloop
  endfacet
  facet normal 1 0 0
    outer loop
      vertex 19.596476317900247 2.249756633902887 1.1504626554812702
      vertex 19.596476317900247 2.3565836929764297 2.63197522021764
      vertex 19.596476317900247 2.1612930278075893 2.713353670350962
    endloop
  endfacet
  facet normal 1 0 0
    outer loop
      vertex 19.596476317900247 3.1720772546282747 2.020836083907552
      vertex 19.596476317900247 3.2889241727506793 2.3029294983601596
      vertex 19.596476317900247 3.207922886147541 2.1292216786695515
    endloop
  endfacet
  facet normal 1 0 0
    outer loop
      vertex 19.596476317900247 3.207922886147541 2.1292216786695515
      vertex 19.596476317900247 3.2889241727506793 2.3029294983601596
      vertex 19.596476317900247 3.2281869365380764 2.291522368415398
    endloop
  endfacet
  facet normal -2.946560195082942e-17 0.9914448613738105 -0.13052619222005163
    outer loop
      vertex 19.596476317900247 3.4866814433211095 3.1949549003831965
      vertex 14.09647631790025 3.4524199444034944 2.9347129790715947
      vertex 14.09647631790025 3.481088634460343 3.1524732994773457
    endloop
  endfacet
  facet normal 0 0.9990482215818577 -0.04361938736533482
    outer loop
      vertex 19.596476317900247 3.5 3.5
      vertex 14.09647631790025 3.4885504543755865 3.2377622913823605
      vertex 14.09647631790025 3.5 3.5
    endloop
  endfacet
  facet normal 2.1151346772083687e-17 0.9914448613738102 -0.13052619222005266
    outer loop
      vertex 19.596476317900247 3.446827135542728 2.892231378165744
      vertex 14.09647631790025 3.4524199444034944 2.9347129790715947
      vertex 19.596476317900247 3.4866814433211095 3.1949549003831965
    endloop
  endfacet
  facet normal 1 0 0
    outer loop
      vertex 19.596476317900247 2.3565836929764297 2.63197522021764
      vertex 19.596476317900247 2.265057831928078 3.1006091913660603
      vertex 19.596476317900247 2.1612930278075893 2.713353670350962
    endloop
  endfacet
  facet normal 1 0 0
    outer loop
      vertex 19.596476317900247 2.6713865332575275 1.4739906561949387
      vertex 19.596476317900247 3.031088913245535 1.75
      vertex 19.596476317900247 2.681155550916423 5.749756633902887
    endloop
  endfacet
  facet normal 3.266507634055119e-17 0.9990482215818578 -0.0436193873653355
    outer loop
      vertex 19.596476317900247 3.4866814433211095 3.1949549003831965
      vertex 14.09647631790025 3.4885504543755865 3.2377622913823605
      vertex 19.596476317900247 3.5 3.5
    endloop
  endfacet
  facet normal 1 0 0
    outer loop
      vertex 19.596476317900247 2.3565836929764297 2.63197522021764
      vertex 19.596476317900247 2.3 3.5
      vertex 19.596476317900247 2.265057831928078 3.1006091913660603
    endloop
  endfacet
  facet normal 1 0 0
    outer loop
      vertex 19.596476317900247 3.2281869365380764 2.291522368415398
      vertex 19.596476317900247 3.2889241727506793 2.3029294983601596
      vertex 19.596476317900247 3.1720772546282747 4.979163916092448
    endloop
  endfacet
  facet normal 1 0 0
    outer loop
      vertex 19.596476317900247 3.031088913245535 1.75
      vertex 19.596476317900247 3.2281869365380764 2.291522368415398
      vertex 19.596476317900247 2.681155550916423 5.749756633902887
    endloop
  endfacet
  facet normal 1 0 0
    outer loop
      vertex 19.596476317900247 3.2889241727506793 2.3029294983601596
      vertex 19.596476317900247 3.285386484610407 2.4486768351471353
      vertex 19.596476317900247 3.1720772546282747 4.979163916092448
    endloop
  endfacet
  facet normal 1 0 0
    outer loop
      vertex 19.596476317900247 3.285386484610407 2.4486768351471353
      vertex 19.596476317900247 3.446827135542728 2.892231378165744
      vertex 19.596476317900247 3.2889241727506793 4.582243974025384
    endloop
  endfacet
  facet normal 1 0 0
    outer loop
      vertex 19.596476317900247 2.6713865332575275 1.4739906561949387
      vertex 19.596476317900247 2.4748737341529163 5.974873734152917
      vertex 19.596476317900247 2.4748737341529163 2.8368595815647293
    endloop
  endfacet
  facet normal 1 0 0
    outer loop
      vertex 19.596476317900247 3.446827135542728 2.892231378165744
      vertex 19.596476317900247 3.4866814433211095 3.1949549003831965
      vertex 19.596476317900247 3.446827135542728 4.107768621834256
    endloop
  endfacet
  facet normal 1 0 0
    outer loop
      vertex 19.596476317900247 3.4866814433211095 3.1949549003831965
      vertex 19.596476317900247 3.5 3.5
      vertex 19.596476317900247 3.4866814433211095 3.5
    endloop
  endfacet
  facet normal 0 0.9990482215818578 0.04361938736533551
    outer loop
      vertex -8.296476317900249 3.4866814433211095 3.8050450996168035
      vertex 8.296476317900249 3.4866814433211095 3.8050450996168035
      vertex 8.296476317900249 3.5 3.5
    endloop
  endfacet
  facet normal 0 0.9914448613738103 0.13052619222005268
    outer loop
      vertex -8.296476317900249 3.446827135542728 4.107768621834256
      vertex 8.296476317900249 3.446827135542728 4.107768621834256
      vertex 8.296476317900249 3.4866814433211095 3.8050450996168035
    endloop
  endfacet
  facet normal -3.069656013629445e-20 0.9762960071199339 0.21643961393810054
    outer loop
      vertex 8.296476317900249 3.4277731946763788 4.193715394928373
      vertex 8.296476317900249 3.446827135542728 4.107768621834256
      vertex -8.296476317900249 3.446827135542728 4.107768621834256
    endloop
  endfacet
  facet normal 0 0.9537169507482269 0.3007057995042732
    outer loop
      vertex -8.296476317900249 3.2889241727506793 4.697070501639841
      vertex 8.296476317900249 3.2889241727506793 4.697070501639841
      vertex 8.296476317900249 3.380740392011739 4.405866657858823
    endloop
  endfacet
  facet normal 0 0.9238795325112865 0.3826834323650905
    outer loop
      vertex -8.296476317900249 3.1720772546282747 4.979163916092448
      vertex 8.296476317900249 3.1720772546282747 4.979163916092448
      vertex 8.296476317900249 3.2889241727506793 4.697070501639841
    endloop
  endfacet
  facet normal 0 0.8870108331782219 0.4617486132350335
    outer loop
      vertex -8.296476317900249 3.031088913245535 5.25
      vertex 8.296476317900249 3.031088913245535 5.25
      vertex 8.296476317900249 3.1720772546282747 4.979163916092448
    endloop
  endfacet
  facet normal 9.187616330918293e-20 0.8433914458128845 0.5372996083468257
    outer loop
      vertex 0 2.9490605341285034 5.37875876361433
      vertex -8.296476317900249 2.8670321550114712 5.507517527228661
      vertex 8.296476317900249 2.8670321550114712 5.507517527228661
    endloop
  endfacet
  facet normal -1.8981183237794967e-17 0.7372773368101248 0.6755902076156595
    outer loop
      vertex -8.296476317900249 2.5343483175324395 5.909968615713289
      vertex 8.296476317900249 2.4748737341529163 5.974873734152917
      vertex 8.296476317900249 2.6216809675369 5.814661752342515
    endloop
  endfacet
  facet normal 6.943866718202944e-18 0.6755902076156584 0.7372773368101259
    outer loop
      vertex 8.296476317900249 2.4748737341529163 5.974873734152917
      vertex -8.296476317900249 2.4099686157132894 6.03434831753244
      vertex 8.296476317900249 2.314661752342514 6.1216809675369
    endloop
  endfacet
  facet normal 0 -0.21643961393810252 0.9762960071199334
    outer loop
      vertex -8.296476317900249 -0.9058666578588226 6.880740392011739
      vertex 8.296476317900249 -0.9058666578588226 6.880740392011739
      vertex 8.296476317900249 -0.6077686218342562 6.946827135542728
    endloop
  endfacet
  facet normal 4.877965254342406e-18 0.6087614290087213 0.7933533402912346
    outer loop
      vertex -8.296476317900249 2.077359213586284 6.313440744183305
      vertex 8.296476317900249 2.007517527228661 6.367032155011471
      vertex 8.296476317900249 2.179914947545264 6.234746961744589
    endloop
  endfacet
  facet normal 0 0.5372996083468261 0.8433914458128844
    outer loop
      vertex -8.296476317900249 1.75 6.531088913245535
      vertex 8.296476317900249 1.75 6.531088913245535
      vertex 8.296476317900249 1.8242467168708745 6.483788537964506
    endloop
  endfacet
  facet normal 0 -0.13052619222005274 0.9914448613738103
    outer loop
      vertex -8.296476317900249 -0.6077686218342562 6.946827135542728
      vertex 8.296476317900249 -0.6077686218342562 6.946827135542728
      vertex 8.296476317900249 -0.3050450996168036 6.9866814433211095
    endloop
  endfacet
  facet normal 0 -0.043619387365335494 0.9990482215818578
    outer loop
      vertex -8.296476317900249 -0.3050450996168036 6.9866814433211095
      vertex 8.296476317900249 -0.3050450996168036 6.9866814433211095
      vertex 8.296476317900249 0 7
    endloop
  endfacet
  facet normal 0 0.2164396139381056 0.9762960071199327
    outer loop
      vertex -8.296476317900249 0.6077686218342562 6.946827135542728
      vertex 8.296476317900249 0.6077686218342562 6.946827135542728
      vertex 8.296476317900249 0.6937153949283726 6.927773194676378
    endloop
  endfacet
  facet normal -1.3887532602741614e-20 0.13052619222005274 0.9914448613738103
    outer loop
      vertex 8.296476317900249 0.6077686218342562 6.946827135542728
      vertex -8.296476317900249 0.3050450996168036 6.9866814433211095
      vertex 8.296476317900249 0.3050450996168036 6.9866814433211095
    endloop
  endfacet
  facet normal 0 0.4617486132350348 0.8870108331782212
    outer loop
      vertex -8.296476317900249 1.4791639160924481 6.672077254628275
      vertex 8.296476317900249 1.4791639160924481 6.672077254628275
      vertex 8.296476317900249 1.671913314962655 6.571738268562789
    endloop
  endfacet
  facet normal -2.6005116646374256e-17 0.382683432365091 0.9238795325112863
    outer loop
      vertex -8.296476317900249 1.3978315497117961 6.705766223843038
      vertex 8.296476317900249 1.2784028680204924 6.755235203535916
      vertex 8.296476317900249 1.4791639160924481 6.672077254628275
    endloop
  endfacet
  facet normal 1.3206651908380652e-17 0.8433914458128849 0.5372996083468251
    outer loop
      vertex 0 2.9490605341285034 5.37875876361433
      vertex 8.296476317900249 2.8670321550114712 5.507517527228661
      vertex 8.296476317900249 2.9837885379645073 5.324246716870874
    endloop
  endfacet
  facet normal 5.3474545667801927e-17 0.043619387365333405 0.9990482215818578
    outer loop
      vertex 0 0.1525225498084018 6.993340721660555
      vertex 8.296476317900249 0.08794973059828201 6.996160031833529
      vertex 8.296476317900249 0.21709536901852158 6.99052141148758
    endloop
  endfacet
  facet normal -5.1747710289464947e-20 0.3007057995042754 0.9537169507482262
    outer loop
      vertex 0 1.0514685797493315 6.834832282381209
      vertex 8.296476317900249 0.9898257171647991 6.8542682022971455
      vertex 8.296476317900249 1.113111442333864 6.815396362465272
    endloop
  endfacet
  facet normal 0 0.9990482215818578 0.0436193873653355
    outer loop
      vertex 19.596476317900247 3.5 3.5
      vertex 14.09647631790025 3.5 3.5
      vertex 14.09647631790025 3.4866814433211095 3.8050450996168035
    endloop
  endfacet
  facet normal 0 0.9914448613738102 0.13052619222005266
    outer loop
      vertex 19.596476317900247 3.4866814433211095 3.8050450996168035
      vertex 14.09647631790025 3.4866814433211095 3.8050450996168035
      vertex 14.09647631790025 3.446827135542728 4.107768621834256
    endloop
  endfacet
  facet normal 0 0.976296007119933 0.21643961393810424
    outer loop
      vertex 19.596476317900247 3.446827135542728 4.107768621834256
      vertex 14.09647631790025 3.446827135542728 4.107768621834256
      vertex 14.09647631790025 3.437553093528133 4.149601122012808
    endloop
  endfacet
  facet normal -2.169722532574782e-21 0.9990482215818578 0.0436193873653355
    outer loop
      vertex 19.596476317900247 3.5 3.5
      vertex 14.09647631790025 3.4866814433211095 3.8050450996168035
      vertex 19.596476317900247 3.4866814433211095 3.8050450996168035
    endloop
  endfacet
  facet normal 1 0 0
    outer loop
      vertex 19.596476317900247 3.4866814433211095 3.1949549003831965
      vertex 19.596476317900247 3.4866814433211095 3.5
      vertex 19.596476317900247 3.446827135542728 4.107768621834256
    endloop
  endfacet
  facet normal 1 0 0
    outer loop
      vertex 19.596476317900247 2.3565836929764297 2.63197522021764
      vertex 19.596476317900247 2.3895472923584964 2.9794230837883324
      vertex 19.596476317900247 2.249756633902887 6.181155550916423
    endloop
  endfacet
  facet normal 1 0 0
    outer loop
      vertex 19.596476317900247 3.446827135542728 2.892231378165744
      vertex 19.596476317900247 3.446827135542728 4.107768621834256
      vertex 19.596476317900247 3.380740392011739 4.405866657858823
    endloop
  endfacet
  facet normal 1 0 0
    outer loop
      vertex 19.596476317900247 3.4866814433211095 3.5
      vertex 19.596476317900247 3.4866814433211095 3.8050450996168035
      vertex 19.596476317900247 3.446827135542728 4.107768621834256
    endloop
  endfacet
  facet normal 1 0 0
    outer loop
      vertex 19.596476317900247 2.4748737341529163 2.8368595815647293
      vertex 19.596476317900247 2.4748737341529163 5.974873734152917
      vertex 19.596476317900247 2.3895472923584964 2.9794230837883324
    endloop
  endfacet
  facet normal 1 0 0
    outer loop
      vertex 19.596476317900247 3.285386484610407 2.4486768351471353
      vertex 19.596476317900247 3.2889241727506793 4.582243974025384
      vertex 19.596476317900247 3.2889241727506793 4.6158203910029565
    endloop
  endfacet
  facet normal 1 0 0
    outer loop
      vertex 19.596476317900247 3.285386484610407 2.4486768351471353
      vertex 19.596476317900247 3.2889241727506793 4.6158203910029565
      vertex 19.596476317900247 3.2889241727506793 4.697070501639841
    endloop
  endfacet
  facet normal 4.222436316781691e-19 0.9914448613738102 0.13052619222005266
    outer loop
      vertex 19.596476317900247 3.4866814433211095 3.8050450996168035
      vertex 14.09647631790025 3.446827135542728 4.107768621834256
      vertex 19.596476317900247 3.446827135542728 4.107768621834256
    endloop
  endfacet
  facet normal 1 0 0
    outer loop
      vertex 19.596476317900247 2.3565836929764297 2.63197522021764
      vertex 19.596476317900247 2.249756633902887 6.181155550916423
      vertex 19.596476317900247 2.3 3.5
    endloop
  endfacet
  facet normal 1 0 0
    outer loop
      vertex 19.596476317900247 3.446827135542728 2.892231378165744
      vertex 19.596476317900247 3.380740392011739 4.405866657858823
      vertex 19.596476317900247 3.2889241727506793 4.582243974025384
    endloop
  endfacet
  facet normal 1 0 0
    outer loop
      vertex 19.596476317900247 3.285386484610407 2.4486768351471353
      vertex 19.596476317900247 3.2889241727506793 4.697070501639841
      vertex 19.596476317900247 3.1720772546282747 4.979163916092448
    endloop
  endfacet
  facet normal 1 0 0
    outer loop
      vertex 19.596476317900247 3.2281869365380764 2.291522368415398
      vertex 19.596476317900247 3.1720772546282747 4.947649526193551
      vertex 19.596476317900247 3.0945357447308135 4.955660669941567
    endloop
  endfacet
  facet normal 1 0 0
    outer loop
      vertex 19.596476317900247 3.2281869365380764 2.291522368415398
      vertex 19.596476317900247 3.1720772546282747 4.979163916092448
      vertex 19.596476317900247 3.1720772546282747 4.947649526193551
    endloop
  endfacet
  facet normal 1 0 0
    outer loop
      vertex 19.596476317900247 3.2281869365380764 2.291522368415398
      vertex 19.596476317900247 3.0945357447308135 4.955660669941567
      vertex 19.596476317900247 2.681155550916423 5.749756633902887
    endloop
  endfacet
  facet normal 0 0.9537169507482269 0.3007057995042732
    outer loop
      vertex 19.596476317900247 3.380740392011739 4.405866657858823
      vertex 14.09647631790025 3.380740392011739 4.405866657858823
      vertex 14.09647631790025 3.2889241727506793 4.697070501639841
    endloop
  endfacet
  facet normal 0 0.9238795325112864 0.38268343236509045
    outer loop
      vertex 19.596476317900247 3.2889241727506793 4.697070501639841
      vertex 14.09647631790025 3.2889241727506793 4.697070501639841
      vertex 14.09647631790025 3.1720772546282747 4.979163916092448
    endloop
  endfacet
  facet normal 0 0.8870108331782218 0.4617486132350335
    outer loop
      vertex 19.596476317900247 3.1720772546282747 4.979163916092448
      vertex 14.09647631790025 3.1720772546282747 4.979163916092448
      vertex 14.09647631790025 3.031088913245535 5.25
    endloop
  endfacet
  facet normal -7.447566914983293e-19 0.9537169507482269 0.3007057995042732
    outer loop
      vertex 19.596476317900247 3.380740392011739 4.405866657858823
      vertex 14.09647631790025 3.2889241727506793 4.697070501639841
      vertex 19.596476317900247 3.2889241727506793 4.697070501639841
    endloop
  endfacet
  facet normal 1 0 0
    outer loop
      vertex 19.596476317900247 2.249756633902887 6.181155550916423
      vertex 19.596476317900247 2.265057831928078 3.8993908086339397
      vertex 19.596476317900247 2.3 3.5
    endloop
  endfacet
  facet normal 1 0 0
    outer loop
      vertex 19.596476317900247 2.6713865332575275 1.4739906561949387
      vertex 19.596476317900247 2.681155550916423 5.749756633902887
      vertex 19.596476317900247 2.4748737341529163 5.974873734152917
    endloop
  endfacet
  facet normal 1 0 0
    outer loop
      vertex 19.596476317900247 3.380740392011739 4.405866657858823
      vertex 19.596476317900247 3.2889241727506793 4.697070501639841
      vertex 19.596476317900247 3.29231809185845 4.619336974105117
    endloop
  endfacet
  facet normal 1 0 0
    outer loop
      vertex 19.596476317900247 2.249756633902887 6.181155550916423
      vertex 19.596476317900247 2.1612930278075893 4.286646329649038
      vertex 19.596476317900247 2.265057831928078 3.8993908086339397
    endloop
  endfacet
  facet normal 1 0 0
    outer loop
      vertex 19.596476317900247 3.29231809185845 4.619336974105117
      vertex 19.596476317900247 3.2889241727506793 4.697070501639841
      vertex 19.596476317900247 3.2889241727506793 4.6158203910029565
    endloop
  endfacet
  facet normal -3.900620537452516e-19 0.9238795325112864 0.38268343236509045
    outer loop
      vertex 19.596476317900247 3.2889241727506793 4.697070501639841
      vertex 14.09647631790025 3.1720772546282747 4.979163916092448
      vertex 19.596476317900247 3.1720772546282747 4.979163916092448
    endloop
  endfacet
  facet normal -9.97226946595436e-20 0.8870108331782218 0.4617486132350335
    outer loop
      vertex 19.596476317900247 3.1720772546282747 4.979163916092448
      vertex 14.09647631790025 3.031088913245535 5.25
      vertex 19.596476317900247 3.031088913245535 5.25
    endloop
  endfacet
  facet normal 1 0 0
    outer loop
      vertex 19.596476317900247 3.1720772546282747 4.947649526193551
      vertex 19.596476317900247 3.1315633958064986 5.007433141528903
      vertex 19.596476317900247 3.0945357447308135 4.955660669941567
    endloop
  endfacet
  facet normal 1 0 0
    outer loop
      vertex 19.596476317900247 2.3895472923584964 2.9794230837883324
      vertex 19.596476317900247 2.4748737341529163 5.974873734152917
      vertex 19.596476317900247 2.249756633902887 6.181155550916423
    endloop
  endfacet
  facet normal 1 0 0
    outer loop
      vertex 19.596476317900247 2.007517527228661 6.367032155011471
      vertex 19.596476317900247 1.9918584287042087 4.65
      vertex 19.596476317900247 2.1612930278075893 4.286646329649038
    endloop
  endfacet
  facet normal 0 0.8433914458128849 0.5372996083468251
    outer loop
      vertex 19.596476317900247 2.8670321550114712 5.507517527228661
      vertex 14.09647631790025 3.0080666066928226 5.286137782547771
      vertex 14.09647631790025 2.8670321550114712 5.507517527228661
    endloop
  endfacet
  facet normal 1.583071224373669e-17 0.7372773368101252 0.6755902076156589
    outer loop
      vertex 19.596476317900247 2.681155550916423 5.749756633902887
      vertex 14.09647631790025 2.6522077448467436 5.781347620754033
      vertex 14.09647631790025 2.4748737341529163 5.974873734152917
    endloop
  endfacet
  facet normal 0 0.6755902076156597 0.7372773368101244
    outer loop
      vertex 19.596476317900247 2.4748737341529163 5.974873734152917
      vertex 14.09647631790025 2.4748737341529163 5.974873734152917
      vertex 14.09647631790025 2.2813476207540333 6.152207744846744
    endloop
  endfacet
  facet normal 2.1039090658742418e-17 0.8433914458128853 0.5372996083468247
    outer loop
      vertex 19.596476317900247 3.031088913245535 5.25
      vertex 14.09647631790025 3.0080666066928226 5.286137782547771
      vertex 19.596476317900247 2.8670321550114712 5.507517527228661
    endloop
  endfacet
  facet normal 1 0 0
    outer loop
      vertex 19.596476317900247 1.75 6.531088913245535
      vertex 19.596476317900247 1.7619022191736493 4.97841150227904
      vertex 19.596476317900247 1.9918584287042087 4.65
    endloop
  endfacet
  facet normal 1 0 0
    outer loop
      vertex 19.596476317900247 1.4791639160924481 6.672077254628275
      vertex 19.596476317900247 1.47841150227904 5.261902219173649
      vertex 19.596476317900247 1.7619022191736493 4.97841150227904
    endloop
  endfacet
  facet normal 1 0 0
    outer loop
      vertex 19.596476317900247 2.249756633902887 6.181155550916423
      vertex 19.596476317900247 2.007517527228661 6.367032155011471
      vertex 19.596476317900247 2.1612930278075893 4.286646329649038
    endloop
  endfacet
  facet normal 1.5698050281756621e-18 0.7372773368101255 0.6755902076156587
    outer loop
      vertex 19.596476317900247 2.681155550916423 5.749756633902887
      vertex 14.09647631790025 2.4748737341529163 5.974873734152917
      vertex 19.596476317900247 2.4748737341529163 5.974873734152917
    endloop
  endfacet
  facet normal 7.4189115630692e-17 0.6755902076156586 0.7372773368101255
    outer loop
      vertex 19.596476317900247 2.4748737341529163 5.974873734152917
      vertex 14.09647631790025 2.2813476207540333 6.152207744846744
      vertex 19.596476317900247 2.249756633902887 6.181155550916423
    endloop
  endfacet
  facet normal 1 0 0
    outer loop
      vertex 19.596476317900247 0.9058666578588226 6.880740392011739
      vertex 19.596476317900247 1.15 5.491858428704209
      vertex 19.596476317900247 1.47841150227904 5.261902219173649
    endloop
  endfacet
  facet normal 1 0 0
    outer loop
      vertex 19.596476317900247 -0.9058666578588226 6.880740392011739
      vertex 19.596476317900247 -0.5930185691414889 5.713175429867834
      vertex 19.596476317900247 -0.3993908086339397 5.765057831928078
    endloop
  endfacet
  facet normal 1 0 0
    outer loop
      vertex 19.596476317900247 0.9058666578588226 6.880740392011739
      vertex 19.596476317900247 0.786646329649038 5.66129302780759
      vertex 19.596476317900247 1.15 5.491858428704209
    endloop
  endfacet
  facet normal 1 0 0
    outer loop
      vertex 19.596476317900247 2.007517527228661 6.367032155011471
      vertex 19.596476317900247 1.75 6.531088913245535
      vertex 19.596476317900247 1.9918584287042087 4.65
    endloop
  endfacet
  facet normal 1 0 0
    outer loop
      vertex 19.596476317900247 1.75 6.531088913245535
      vertex 19.596476317900247 1.4791639160924481 6.672077254628275
      vertex 19.596476317900247 1.7619022191736493 4.97841150227904
    endloop
  endfacet
  facet normal 0 0.6087614290087212 0.7933533402912347
    outer loop
      vertex 19.596476317900247 2.007517527228661 6.367032155011471
      vertex 14.09647631790025 2.2157628927553716 6.207239865921283
      vertex 14.09647631790025 2.007517527228661 6.367032155011471
    endloop
  endfacet
  facet normal 0 0.5372996083468298 0.843391445812882
    outer loop
      vertex 19.596476317900247 1.75 6.531088913245535
      vertex 14.09647631790025 1.7861377825477707 6.508066606692822
      vertex 14.09647631790025 1.75 6.531088913245535
    endloop
  endfacet
  facet normal 0 -0.21643961393810254 0.9762960071199335
    outer loop
      vertex 19.596476317900247 -0.6077686218342562 6.946827135542728
      vertex 14.09647631790025 -0.6077686218342562 6.946827135542728
      vertex 14.09647631790025 -0.9058666578588226 6.880740392011739
    endloop
  endfacet
  facet normal 0 -0.1305261922200527 0.9914448613738102
    outer loop
      vertex 19.596476317900247 -0.3050450996168036 6.9866814433211095
      vertex 14.09647631790025 -0.3050450996168036 6.9866814433211095
      vertex 14.09647631790025 -0.6077686218342562 6.946827135542728
    endloop
  endfacet
  facet normal 0 -0.043619387365335494 0.9990482215818578
    outer loop
      vertex 19.596476317900247 0 7
      vertex 14.09647631790025 0 7
      vertex 14.09647631790025 -0.3050450996168036 6.9866814433211095
    endloop
  endfacet
  facet normal -6.475035432388803e-17 0.043619387365337825 0.9990482215818577
    outer loop
      vertex 19.596476317900247 0.3050450996168036 6.9866814433211095
      vertex 14.09647631790025 0.2622377086176398 6.988550454375586
      vertex 14.09647631790025 0.0428073909991638 6.998130988945523
    endloop
  endfacet
  facet normal -6.69196218281439e-17 0.3007057995042736 0.9537169507482268
    outer loop
      vertex 19.596476317900247 0.9058666578588226 6.880740392011739
      vertex 14.09647631790025 1.1562054727740996 6.8018088668595516
      vertex 14.09647631790025 0.9467316867245633 6.867855697902866
    endloop
  endfacet
  facet normal 0 0.21643961393810424 0.976296007119933
    outer loop
      vertex 19.596476317900247 0.6077686218342562 6.946827135542728
      vertex 14.09647631790025 0.6496011220128084 6.937553093528133
      vertex 14.09647631790025 0.6077686218342562 6.946827135542728
    endloop
  endfacet
  facet normal 0 0.1305261922200527 0.9914448613738102
    outer loop
      vertex 19.596476317900247 0.6077686218342562 6.946827135542728
      vertex 14.09647631790025 0.6077686218342562 6.946827135542728
      vertex 14.09647631790025 0.3050450996168036 6.9866814433211095
    endloop
  endfacet
  facet normal 0 0.4617486132350343 0.8870108331782215
    outer loop
      vertex 19.596476317900247 1.4791639160924481 6.672077254628275
      vertex 14.09647631790025 1.7119932063977523 6.550873997691986
      vertex 14.09647631790025 1.4791639160924481 6.672077254628275
    endloop
  endfacet
  facet normal 0 0.382683432365089 0.9238795325112871
    outer loop
      vertex 19.596476317900247 1.4791639160924481 6.672077254628275
      vertex 14.09647631790025 1.4791639160924481 6.672077254628275
      vertex 14.09647631790025 1.2366570516481223 6.772526886849688
    endloop
  endfacet
  facet normal 0 -0.21643961393810254 0.9762960071199335
    outer loop
      vertex 19.596476317900247 -0.9058666578588226 6.880740392011739
      vertex 19.596476317900247 -0.6077686218342562 6.946827135542728
      vertex 14.09647631790025 -0.9058666578588226 6.880740392011739
    endloop
  endfacet
  facet normal -5.59212283092447e-18 0.6087614290087212 0.7933533402912347
    outer loop
      vertex 19.596476317900247 2.249756633902887 6.181155550916423
      vertex 14.09647631790025 2.2157628927553716 6.207239865921283
      vertex 19.596476317900247 2.007517527228661 6.367032155011471
    endloop
  endfacet
  facet normal 1 0 0
    outer loop
      vertex 19.596476317900247 -0.9058666578588226 6.880740392011739
      vertex 19.596476317900247 -0.3993908086339397 5.765057831928078
      vertex 19.596476317900247 0 5.8
    endloop
  endfacet
  facet normal 1 0 0
    outer loop
      vertex 19.596476317900247 0 7
      vertex 19.596476317900247 0 5.8
      vertex 19.596476317900247 0.3993908086339397 5.765057831928078
    endloop
  endfacet
  facet normal 1 0 0
    outer loop
      vertex 19.596476317900247 0 7
      vertex 19.596476317900247 0.3993908086339397 5.765057831928078
      vertex 19.596476317900247 0.786646329649038 5.66129302780759
    endloop
  endfacet
  facet normal 1 0 0
    outer loop
      vertex 19.596476317900247 0.9058666578588226 6.880740392011739
      vertex 19.596476317900247 1.47841150227904 5.261902219173649
      vertex 19.596476317900247 1.4791639160924481 6.672077254628275
    endloop
  endfacet
  facet normal 1 0 0
    outer loop
      vertex 19.596476317900247 -0.9058666578588226 6.880740392011739
      vertex 19.596476317900247 0 5.8
      vertex 19.596476317900247 0 7
    endloop
  endfacet
  facet normal 1 0 0
    outer loop
      vertex 19.596476317900247 0 7
      vertex 19.596476317900247 0.786646329649038 5.66129302780759
      vertex 19.596476317900247 0.9058666578588226 6.880740392011739
    endloop
  endfacet
  facet normal -3.195288901422546e-17 0.38268343236508967 0.9238795325112867
    outer loop
      vertex 19.596476317900247 1.1970705016398404 6.788924172750679
      vertex 19.596476317900247 1.4791639160924481 6.672077254628275
      vertex 14.09647631790025 1.2366570516481223 6.772526886849688
    endloop
  endfacet
  facet normal 0 -0.1305261922200527 0.9914448613738102
    outer loop
      vertex 19.596476317900247 -0.6077686218342562 6.946827135542728
      vertex 19.596476317900247 -0.3050450996168036 6.9866814433211095
      vertex 14.09647631790025 -0.6077686218342562 6.946827135542728
    endloop
  endfacet
  facet normal 0 -0.043619387365335494 0.9990482215818578
    outer loop
      vertex 19.596476317900247 -0.3050450996168036 6.9866814433211095
      vertex 19.596476317900247 0 7
      vertex 14.09647631790025 -0.3050450996168036 6.9866814433211095
    endloop
  endfacet
  facet normal 4.652222516581716e-17 0.043619387365335494 0.9990482215818578
    outer loop
      vertex 19.596476317900247 0 7
      vertex 19.596476317900247 0.3050450996168036 6.9866814433211095
      vertex 14.09647631790025 0.0428073909991638 6.998130988945523
    endloop
  endfacet
  facet normal -8.943238921866332e-17 0.3007057995042732 0.9537169507482269
    outer loop
      vertex 19.596476317900247 1.1970705016398404 6.788924172750679
      vertex 14.09647631790025 1.1562054727740996 6.8018088668595516
      vertex 19.596476317900247 0.9058666578588226 6.880740392011739
    endloop
  endfacet
  facet normal 0 0.1305261922200527 0.9914448613738102
    outer loop
      vertex 19.596476317900247 0.3050450996168036 6.9866814433211095
      vertex 19.596476317900247 0.6077686218342562 6.946827135542728
      vertex 14.09647631790025 0.3050450996168036 6.9866814433211095
    endloop
  endfacet
  facet normal 3.5019347673740255e-17 0.4617486132350351 0.8870108331782212
    outer loop
      vertex 19.596476317900247 1.75 6.531088913245535
      vertex 14.09647631790025 1.7119932063977523 6.550873997691986
      vertex 19.596476317900247 1.4791639160924481 6.672077254628275
    endloop
  endfacet
  facet normal 1 0 0
    outer loop
      vertex 19.596476317900247 1.1970705016398404 6.788924172750679
      vertex 19.596476317900247 0.9058666578588226 6.880740392011739
      vertex 19.596476317900247 1.4791639160924481 6.672077254628275
    endloop
  endfacet
  facet normal 1 0 0
    outer loop
      vertex 19.596476317900247 -0.9058666578588226 6.880740392011739
      vertex 19.596476317900247 -0.3050450996168036 6.9866814433211095
      vertex 19.596476317900247 -0.6077686218342562 6.946827135542728
    endloop
  endfacet
  facet normal 1 0 0
    outer loop
      vertex 19.596476317900247 0 7
      vertex 19.596476317900247 0.6077686218342562 6.946827135542728
      vertex 19.596476317900247 0.3050450996168036 6.9866814433211095
    endloop
  endfacet
  facet normal 0 1 0
    outer loop
      vertex -14.09647631790025 -6 0
      vertex -14.09647631790025 -6 4.882089510110227
      vertex -8.296476317900249 -6 0
    endloop
  endfacet
  facet normal 1 0 0
    outer loop
      vertex -14.09647631790025 0.4788282006559362 2.1844303308997284
      vertex -14.09647631790025 -6 0
      vertex -14.09647631790025 0 0
    endloop
  endfacet
  facet normal 1 0 0
    outer loop
      vertex -14.09647631790025 0.4788282006559362 2.1844303308997284
      vertex -14.09647631790025 0 0
      vertex -14.09647631790025 0.0428073909991638 0.001869011054476822
    endloop
  endfacet
  facet normal 1 0 0
    outer loop
      vertex -14.09647631790025 0.4788282006559362 2.1844303308997284
      vertex -14.09647631790025 0.0428073909991638 0.001869011054476822
      vertex -14.09647631790025 0.3050450996168036 0.01331855667889048
    endloop
  endfacet
  facet normal 1 0 0
    outer loop
      vertex -14.09647631790025 0.4788282006559362 2.1844303308997284
      vertex -14.09647631790025 0.3050450996168036 0.01331855667889048
      vertex -14.09647631790025 0.3475267005226544 0.018911365539656763
    endloop
  endfacet
  facet normal 1 0 0
    outer loop
      vertex -14.09647631790025 0.4788282006559362 2.1844303308997284
      vertex -14.09647631790025 0.3475267005226544 0.018911365539656763
      vertex -14.09647631790025 0.6077686218342562 0.053172864457271984
    endloop
  endfacet
  facet normal 1 0 0
    outer loop
      vertex -14.09647631790025 0.4788282006559362 2.1844303308997284
      vertex -14.09647631790025 0.6077686218342562 0.053172864457271984
      vertex -14.09647631790025 0.9058666578588226 0.11925960798826107
    endloop
  endfacet
  facet normal 1 0 0
    outer loop
      vertex -14.09647631790025 0.4788282006559362 2.1844303308997284
      vertex -14.09647631790025 0.9058666578588226 0.11925960798826107
      vertex -14.09647631790025 0.9467316867245633 0.13214430209713385
    endloop
  endfacet
  facet normal 1 0 0
    outer loop
      vertex -14.09647631790025 0.4788282006559362 2.1844303308997284
      vertex -14.09647631790025 0.9467316867245633 0.13214430209713385
      vertex -14.09647631790025 1.1562054727740996 0.19819113314044795
    endloop
  endfacet
  facet normal 1 0 0
    outer loop
      vertex -14.09647631790025 0.4788282006559362 2.1844303308997284
      vertex -14.09647631790025 1.1562054727740996 0.19819113314044795
      vertex -14.09647631790025 1.1970705016398404 0.21107582724932072
    endloop
  endfacet
  facet normal 1 0 0
    outer loop
      vertex -14.09647631790025 -0.24310744873370244 2.121269145782909
      vertex -14.09647631790025 -6 0
      vertex -14.09647631790025 0 2.1
    endloop
  endfacet
  facet normal 1 0 0
    outer loop
      vertex -14.09647631790025 0 2.1
      vertex -14.09647631790025 -6 0
      vertex -14.09647631790025 0.24310744873370244 2.121269145782909
    endloop
  endfacet
  facet normal 1 0 0
    outer loop
      vertex -14.09647631790025 -0.4788282006559362 2.1844303308997284
      vertex -14.09647631790025 -6 0
      vertex -14.09647631790025 -0.24310744873370244 2.121269145782909
    endloop
  endfacet
  facet normal 1 0 0
    outer loop
      vertex -14.09647631790025 -0.4788282006559362 2.1844303308997284
      vertex -14.09647631790025 -0.7 2.2875644347017863
      vertex -14.09647631790025 -6 0
    endloop
  endfacet
  facet normal 1 0 0
    outer loop
      vertex -14.09647631790025 0.24310744873370244 2.121269145782909
      vertex -14.09647631790025 -6 0
      vertex -14.09647631790025 0.4788282006559362 2.1844303308997284
    endloop
  endfacet
  facet normal 1 0 0
    outer loop
      vertex -14.09647631790025 -0.7 2.2875644347017863
      vertex -14.09647631790025 -0.8999026535611548 2.4275377796334308
      vertex -14.09647631790025 -6 0
    endloop
  endfacet
  facet normal 1 0 0
    outer loop
      vertex -14.09647631790025 -0.8999026535611548 2.4275377796334308
      vertex -14.09647631790025 -1.0724622203665692 2.600097346438845
      vertex -14.09647631790025 -6 0
    endloop
  endfacet
  facet normal 1 0 0
    outer loop
      vertex -14.09647631790025 0.4788282006559362 2.1844303308997284
      vertex -14.09647631790025 1.1970705016398404 0.21107582724932072
      vertex -14.09647631790025 1.4791639160924481 0.3279227453717253
    endloop
  endfacet
  facet normal 1 0 0
    outer loop
      vertex -14.09647631790025 0.4788282006559362 2.1844303308997284
      vertex -14.09647631790025 1.4791639160924481 0.3279227453717253
      vertex -14.09647631790025 1.75 0.4689110867544648
    endloop
  endfacet
  facet normal 1 0 0
    outer loop
      vertex -14.09647631790025 0.4788282006559362 2.1844303308997284
      vertex -14.09647631790025 1.75 0.4689110867544648
      vertex -14.09647631790025 1.8787587636143306 0.5509394658714968
    endloop
  endfacet
  facet normal 1 0 0
    outer loop
      vertex -14.09647631790025 0.4788282006559362 2.1844303308997284
      vertex -14.09647631790025 1.8787587636143306 0.5509394658714968
      vertex -14.09647631790025 2.007517527228661 0.6329678449885288
    endloop
  endfacet
  facet normal 1 0 0
    outer loop
      vertex -14.09647631790025 0.4788282006559362 2.1844303308997284
      vertex -14.09647631790025 2.007517527228661 0.6329678449885288
      vertex -14.09647631790025 2.0415112683761767 0.6590521599933884
    endloop
  endfacet
  facet normal 1 0 0
    outer loop
      vertex -14.09647631790025 0.7 2.2875644347017863
      vertex -14.09647631790025 2.0415112683761767 0.6590521599933884
      vertex -14.09647631790025 2.2157628927553716 0.7927601340787173
    endloop
  endfacet
  facet normal 1 0 0
    outer loop
      vertex -14.09647631790025 0.7 2.2875644347017863
      vertex -14.09647631790025 2.2157628927553716 0.7927601340787173
      vertex -14.09647631790025 2.249756633902887 0.8188444490835769
    endloop
  endfacet
  facet normal 1 0 0
    outer loop
      vertex -14.09647631790025 0.4788282006559362 2.1844303308997284
      vertex -14.09647631790025 2.0415112683761767 0.6590521599933884
      vertex -14.09647631790025 0.7 2.2875644347017863
    endloop
  endfacet
  facet normal 1 0 0
    outer loop
      vertex -14.09647631790025 0.8999026535611548 2.4275377796334308
      vertex -14.09647631790025 2.249756633902887 0.8188444490835769
      vertex -14.09647631790025 2.4748737341529163 1.0251262658470837
    endloop
  endfacet
  facet normal 1 0 0
    outer loop
      vertex -14.09647631790025 1.212435565298214 2.8
      vertex -14.09647631790025 2.4748737341529163 1.0251262658470837
      vertex -14.09647631790025 2.681155550916423 1.2502433660971128
    endloop
  endfacet
  facet normal 0 1 0
    outer loop
      vertex -8.296476317900249 -6 0
      vertex -14.09647631790025 -6 4.882089510110227
      vertex -8.296476317900249 -6 4.882089510110227
    endloop
  endfacet
  facet normal 1 0 0
    outer loop
      vertex -14.09647631790025 -1.0724622203665692 2.600097346438845
      vertex -14.09647631790025 -1.212435565298214 2.8
      vertex -14.09647631790025 -6 0
    endloop
  endfacet
  facet normal 1 0 0
    outer loop
      vertex -14.09647631790025 -1.212435565298214 2.8
      vertex -14.09647631790025 -1.3155696691002716 3.0211717993440637
      vertex -14.09647631790025 -6 0
    endloop
  endfacet
  facet normal 1 0 0
    outer loop
      vertex -14.09647631790025 0.7 2.2875644347017863
      vertex -14.09647631790025 2.249756633902887 0.8188444490835769
      vertex -14.09647631790025 0.8999026535611548 2.4275377796334308
    endloop
  endfacet
  facet normal 1 0 0
    outer loop
      vertex -14.09647631790025 0.8999026535611548 2.4275377796334308
      vertex -14.09647631790025 2.4748737341529163 1.0251262658470837
      vertex -14.09647631790025 1.0724622203665692 2.600097346438845
    endloop
  endfacet
  facet normal 1 0 0
    outer loop
      vertex -14.09647631790025 1.378730854217091 3.2568925512662976
      vertex -14.09647631790025 2.681155550916423 1.2502433660971128
      vertex -14.09647631790025 2.8409478400066117 1.4584887316238233
    endloop
  endfacet
  facet normal 1 0 0
    outer loop
      vertex -14.09647631790025 1.378730854217091 3.2568925512662976
      vertex -14.09647631790025 2.8409478400066117 1.4584887316238233
      vertex -14.09647631790025 2.8670321550114712 1.4924824727713388
    endloop
  endfacet
  facet normal 1 0 0
    outer loop
      vertex -14.09647631790025 1.0724622203665692 2.600097346438845
      vertex -14.09647631790025 2.4748737341529163 1.0251262658470837
      vertex -14.09647631790025 1.212435565298214 2.8
    endloop
  endfacet
  facet normal 1 0 0
    outer loop
      vertex -14.09647631790025 1.212435565298214 2.8
      vertex -14.09647631790025 2.681155550916423 1.2502433660971128
      vertex -14.09647631790025 1.3155696691002716 3.0211717993440637
    endloop
  endfacet
  facet normal 1 0 0
    outer loop
      vertex -14.09647631790025 1.3155696691002716 3.0211717993440637
      vertex -14.09647631790025 2.681155550916423 1.2502433660971128
      vertex -14.09647631790025 1.378730854217091 3.2568925512662976
    endloop
  endfacet
  facet normal 1 0 0
    outer loop
      vertex -14.09647631790025 1.3155696691002716 3.9788282006559363
      vertex -14.09647631790025 2.8670321550114712 1.4924824727713388
      vertex -14.09647631790025 3.031088913245535 1.75
    endloop
  endfacet
  facet normal 1 0 0
    outer loop
      vertex -14.09647631790025 1.3155696691002716 3.9788282006559363
      vertex -14.09647631790025 3.031088913245535 1.75
      vertex -14.09647631790025 3.1720772546282747 2.020836083907552
    endloop
  endfacet
  facet normal 1 0 0
    outer loop
      vertex -14.09647631790025 -1.3155696691002716 3.0211717993440637
      vertex -14.09647631790025 -6 4.882089510110227
      vertex -14.09647631790025 -6 0
    endloop
  endfacet
  facet normal 1 0 0
    outer loop
      vertex -14.09647631790025 1.378730854217091 3.2568925512662976
      vertex -14.09647631790025 2.8670321550114712 1.4924824727713388
      vertex -14.09647631790025 1.4 3.5
    endloop
  endfacet
  facet normal 1 0 0
    outer loop
      vertex -14.09647631790025 1.3155696691002716 3.9788282006559363
      vertex -14.09647631790025 3.1720772546282747 2.020836083907552
      vertex -14.09647631790025 3.2889241727506793 2.3029294983601596
    endloop
  endfacet
  facet normal 1 0 0
    outer loop
      vertex -14.09647631790025 1.4 3.5
      vertex -14.09647631790025 2.8670321550114712 1.4924824727713388
      vertex -14.09647631790025 1.378730854217091 3.7431074487337024
    endloop
  endfacet
  facet normal 1 0 0
    outer loop
      vertex -14.09647631790025 1.3155696691002716 3.9788282006559363
      vertex -14.09647631790025 3.2889241727506793 2.3029294983601596
      vertex -14.09647631790025 3.367855697902866 2.553268313275437
    endloop
  endfacet
  facet normal 1 0 0
    outer loop
      vertex -14.09647631790025 1.3155696691002716 3.9788282006559363
      vertex -14.09647631790025 3.367855697902866 2.553268313275437
      vertex -14.09647631790025 3.380740392011739 2.5941333421411774
    endloop
  endfacet
  facet normal 1 0 0
    outer loop
      vertex -14.09647631790025 1.378730854217091 3.7431074487337024
      vertex -14.09647631790025 2.8670321550114712 1.4924824727713388
      vertex -14.09647631790025 1.3155696691002716 3.9788282006559363
    endloop
  endfacet
  facet normal 1 0 0
    outer loop
      vertex -14.09647631790025 1.3155696691002716 3.9788282006559363
      vertex -14.09647631790025 3.380740392011739 2.5941333421411774
      vertex -14.09647631790025 3.446827135542728 2.892231378165744
    endloop
  endfacet
  facet normal 1 0 0
    outer loop
      vertex -14.09647631790025 1.3155696691002716 3.9788282006559363
      vertex -14.09647631790025 3.446827135542728 2.892231378165744
      vertex -14.09647631790025 3.4866814433211095 3.1949549003831965
    endloop
  endfacet
  facet normal 1 0 0
    outer loop
      vertex -14.09647631790025 1.3155696691002716 3.9788282006559363
      vertex -14.09647631790025 3.4866814433211095 3.1949549003831965
      vertex -14.09647631790025 3.4885504543755865 3.2377622913823605
    endloop
  endfacet
  facet normal -1 0 0
    outer loop
      vertex -8.296476317900249 0.7 2.2875644347017863
      vertex -8.296476317900249 0.08794973059828201 0.003839968166470562
      vertex -8.296476317900249 0 0
    endloop
  endfacet
  facet normal -1 0 0
    outer loop
      vertex -8.296476317900249 0.7 2.2875644347017863
      vertex -8.296476317900249 0.3050450996168036 0.01331855667889048
      vertex -8.296476317900249 0.08794973059828201 0.003839968166470562
    endloop
  endfacet
  facet normal -1 0 0
    outer loop
      vertex -8.296476317900249 0.7 2.2875644347017863
      vertex -8.296476317900249 0.3923254796597334 0.02480923670191939
      vertex -8.296476317900249 0.3050450996168036 0.01331855667889048
    endloop
  endfacet
  facet normal -1 0 0
    outer loop
      vertex -8.296476317900249 0.7 2.2875644347017863
      vertex -8.296476317900249 0.6077686218342562 0.053172864457271984
      vertex -8.296476317900249 0.3923254796597334 0.02480923670191939
    endloop
  endfacet
  facet normal -1 0 0
    outer loop
      vertex -8.296476317900249 0.7 2.2875644347017863
      vertex -8.296476317900249 0.9058666578588226 0.11925960798826107
      vertex -8.296476317900249 0.6077686218342562 0.053172864457271984
    endloop
  endfacet
  facet normal -1 0 0
    outer loop
      vertex -8.296476317900249 0.7 2.2875644347017863
      vertex -8.296476317900249 0.9898257171647991 0.14573179770285422
      vertex -8.296476317900249 0.9058666578588226 0.11925960798826107
    endloop
  endfacet
  facet normal -1 0 0
    outer loop
      vertex -8.296476317900249 0.7 2.2875644347017863
      vertex -8.296476317900249 1.113111442333864 0.18460363753472758
      vertex -8.296476317900249 0.9898257171647991 0.14573179770285422
    endloop
  endfacet
  facet normal -1 0 0
    outer loop
      vertex -8.296476317900249 0 0
      vertex -8.296476317900249 -6 0
      vertex -8.296476317900249 -6 4.882089510110227
    endloop
  endfacet
  facet normal -1 0 0
    outer loop
      vertex -8.296476317900249 0.7 2.2875644347017863
      vertex -8.296476317900249 1.1970705016398404 0.21107582724932072
      vertex -8.296476317900249 1.113111442333864 0.18460363753472758
    endloop
  endfacet
  facet normal -1 0 0
    outer loop
      vertex -8.296476317900249 0.7 2.2875644347017863
      vertex -8.296476317900249 1.4791639160924481 0.3279227453717253
      vertex -8.296476317900249 1.1970705016398404 0.21107582724932072
    endloop
  endfacet
  facet normal -1 0 0
    outer loop
      vertex -8.296476317900249 0.7 2.2875644347017863
      vertex -8.296476317900249 1.75 0.4689110867544648
      vertex -8.296476317900249 1.4791639160924481 0.3279227453717253
    endloop
  endfacet
  facet normal -1 0 0
    outer loop
      vertex -8.296476317900249 0.7 2.2875644347017863
      vertex -8.296476317900249 1.8787587636143306 0.5509394658714968
      vertex -8.296476317900249 1.75 0.4689110867544648
    endloop
  endfacet
  facet normal -1 0 0
    outer loop
      vertex -8.296476317900249 0.7 2.2875644347017863
      vertex -8.296476317900249 2.007517527228661 0.6329678449885288
      vertex -8.296476317900249 1.8787587636143306 0.5509394658714968
    endloop
  endfacet
  facet normal -1 0 0
    outer loop
      vertex -8.296476317900249 0.7 2.2875644347017863
      vertex -8.296476317900249 2.077359213586284 0.686559255816695
      vertex -8.296476317900249 2.007517527228661 0.6329678449885288
    endloop
  endfacet
  facet normal -1 0 0
    outer loop
      vertex -8.296476317900249 0.7 2.2875644347017863
      vertex -8.296476317900249 2.179914947545264 0.7652530382554107
      vertex -8.296476317900249 2.077359213586284 0.686559255816695
    endloop
  endfacet
  facet normal -1 0 0
    outer loop
      vertex -8.296476317900249 0.7 2.2875644347017863
      vertex -8.296476317900249 2.249756633902887 0.8188444490835769
      vertex -8.296476317900249 2.179914947545264 0.7652530382554107
    endloop
  endfacet
  facet normal -1 0 0
    outer loop
      vertex -8.296476317900249 -0.24310744873370244 2.121269145782909
      vertex -8.296476317900249 0 2.1
      vertex -8.296476317900249 0 0
    endloop
  endfacet
  facet normal -1 0 0
    outer loop
      vertex -8.296476317900249 0 2.1
      vertex -8.296476317900249 0.24310744873370244 2.121269145782909
      vertex -8.296476317900249 0 0
    endloop
  endfacet
  facet normal -1 0 0
    outer loop
      vertex -8.296476317900249 -0.4788282006559362 2.1844303308997284
      vertex -8.296476317900249 0 0
      vertex -8.296476317900249 -0.7 2.2875644347017863
    endloop
  endfacet
  facet normal -1 0 0
    outer loop
      vertex -8.296476317900249 -0.4788282006559362 2.1844303308997284
      vertex -8.296476317900249 -0.24310744873370244 2.121269145782909
      vertex -8.296476317900249 0 0
    endloop
  endfacet
  facet normal -1 0 0
    outer loop
      vertex -8.296476317900249 0.24310744873370244 2.121269145782909
      vertex -8.296476317900249 0.4788282006559362 2.1844303308997284
      vertex -8.296476317900249 0 0
    endloop
  endfacet
  facet normal -1 0 0
    outer loop
      vertex -8.296476317900249 0.4788282006559362 2.1844303308997284
      vertex -8.296476317900249 0.7 2.2875644347017863
      vertex -8.296476317900249 0 0
    endloop
  endfacet
  facet normal -1 0 0
    outer loop
      vertex -8.296476317900249 -0.7 2.2875644347017863
      vertex -8.296476317900249 0 0
      vertex -8.296476317900249 -0.8999026535611548 2.4275377796334308
    endloop
  endfacet
  facet normal -1 0 0
    outer loop
      vertex -8.296476317900249 -0.8999026535611548 2.4275377796334308
      vertex -8.296476317900249 0 0
      vertex -8.296476317900249 -1.0724622203665692 2.600097346438845
    endloop
  endfacet
  facet normal -1 0 0
    outer loop
      vertex -8.296476317900249 0.7 2.2875644347017863
      vertex -8.296476317900249 2.4748737341529163 1.0251262658470837
      vertex -8.296476317900249 2.249756633902887 0.8188444490835769
    endloop
  endfacet
  facet normal -1 0 0
    outer loop
      vertex -8.296476317900249 0.8999026535611548 2.4275377796334308
      vertex -8.296476317900249 2.681155550916423 1.2502433660971128
      vertex -8.296476317900249 2.4748737341529163 1.0251262658470837
    endloop
  endfacet
  facet normal -1 0 0
    outer loop
      vertex -8.296476317900249 -1.212435565298214 2.8
      vertex -8.296476317900249 0 0
      vertex -8.296476317900249 -6 4.882089510110227
    endloop
  endfacet
  facet normal -1 0 0
    outer loop
      vertex -8.296476317900249 -1.0724622203665692 2.600097346438845
      vertex -8.296476317900249 0 0
      vertex -8.296476317900249 -1.212435565298214 2.8
    endloop
  endfacet
  facet normal -1 0 0
    outer loop
      vertex -8.296476317900249 1.212435565298214 2.8
      vertex -8.296476317900249 2.813440744183305 1.4226407864137158
      vertex -8.296476317900249 2.681155550916423 1.2502433660971128
    endloop
  endfacet
  facet normal -1 0 0
    outer loop
      vertex -8.296476317900249 0.7 2.2875644347017863
      vertex -8.296476317900249 0.8999026535611548 2.4275377796334308
      vertex -8.296476317900249 2.4748737341529163 1.0251262658470837
    endloop
  endfacet
  facet normal -1 0 0
    outer loop
      vertex -8.296476317900249 1.3155696691002716 3.0211717993440637
      vertex -8.296476317900249 2.8670321550114712 1.4924824727713388
      vertex -8.296476317900249 2.813440744183305 1.4226407864137158
    endloop
  endfacet
  facet normal -1 0 0
    outer loop
      vertex -8.296476317900249 0.8999026535611548 2.4275377796334308
      vertex -8.296476317900249 1.0724622203665692 2.600097346438845
      vertex -8.296476317900249 2.681155550916423 1.2502433660971128
    endloop
  endfacet
  facet normal -1 0 0
    outer loop
      vertex -8.296476317900249 1.3155696691002716 3.0211717993440637
      vertex -8.296476317900249 3.031088913245535 1.75
      vertex -8.296476317900249 2.8670321550114712 1.4924824727713388
    endloop
  endfacet
  facet normal -1 0 0
    outer loop
      vertex -8.296476317900249 1.0724622203665692 2.600097346438845
      vertex -8.296476317900249 1.212435565298214 2.8
      vertex -8.296476317900249 2.681155550916423 1.2502433660971128
    endloop
  endfacet
  facet normal -1 0 0
    outer loop
      vertex -8.296476317900249 1.3155696691002716 3.0211717993440637
      vertex -8.296476317900249 3.1720772546282747 2.020836083907552
      vertex -8.296476317900249 3.031088913245535 1.75
    endloop
  endfacet
  facet normal -1 0 0
    outer loop
      vertex -8.296476317900249 1.212435565298214 2.8
      vertex -8.296476317900249 1.3155696691002716 3.0211717993440637
      vertex -8.296476317900249 2.813440744183305 1.4226407864137158
    endloop
  endfacet
  facet normal -1 0 0
    outer loop
      vertex -8.296476317900249 1.3155696691002716 3.0211717993440637
      vertex -8.296476317900249 3.2889241727506793 2.3029294983601596
      vertex -8.296476317900249 3.1720772546282747 2.020836083907552
    endloop
  endfacet
  facet normal -1 0 0
    outer loop
      vertex -8.296476317900249 1.3155696691002716 3.0211717993440637
      vertex -8.296476317900249 3.354268202297146 2.5101742828352007
      vertex -8.296476317900249 3.2889241727506793 2.3029294983601596
    endloop
  endfacet
  facet normal -1 0 0
    outer loop
      vertex -8.296476317900249 1.3155696691002716 3.0211717993440637
      vertex -8.296476317900249 3.380740392011739 2.5941333421411774
      vertex -8.296476317900249 3.354268202297146 2.5101742828352007
    endloop
  endfacet
  facet normal -1 0 0
    outer loop
      vertex -8.296476317900249 1.3155696691002716 3.0211717993440637
      vertex -8.296476317900249 3.446827135542728 2.892231378165744
      vertex -8.296476317900249 3.380740392011739 2.5941333421411774
    endloop
  endfacet
  facet normal -1 0 0
    outer loop
      vertex -8.296476317900249 1.3155696691002716 3.0211717993440637
      vertex -8.296476317900249 3.4866814433211095 3.1949549003831965
      vertex -8.296476317900249 3.446827135542728 2.892231378165744
    endloop
  endfacet
  facet normal -1 0 0
    outer loop
      vertex -8.296476317900249 1.3155696691002716 3.0211717993440637
      vertex -8.296476317900249 3.49052141148758 3.2829046309814784
      vertex -8.296476317900249 3.4866814433211095 3.1949549003831965
    endloop
  endfacet
  facet normal -1 0 0
    outer loop
      vertex -8.296476317900249 1.3155696691002716 3.0211717993440637
      vertex -8.296476317900249 3.5 3.5
      vertex -8.296476317900249 3.49052141148758 3.2829046309814784
    endloop
  endfacet
  facet normal -1 0 0
    outer loop
      vertex -8.296476317900249 1.3155696691002716 3.0211717993440637
      vertex -8.296476317900249 3.4866814433211095 3.8050450996168035
      vertex -8.296476317900249 3.5 3.5
    endloop
  endfacet
  facet normal 1 0 0
    outer loop
      vertex -14.09647631790025 -1.3155696691002716 3.0211717993440637
      vertex -14.09647631790025 -1.378730854217091 3.2568925512662976
      vertex -14.09647631790025 -6 4.882089510110227
    endloop
  endfacet
  facet normal 1 0 0
    outer loop
      vertex -14.09647631790025 -1.378730854217091 3.2568925512662976
      vertex -14.09647631790025 -1.4 3.5
      vertex -14.09647631790025 -6 4.882089510110227
    endloop
  endfacet
  facet normal 1 0 0
    outer loop
      vertex -14.09647631790025 -1.4 3.5
      vertex -14.09647631790025 -1.378730854217091 3.7431074487337024
      vertex -14.09647631790025 -6 4.882089510110227
    endloop
  endfacet
  facet normal 1 0 0
    outer loop
      vertex -14.09647631790025 -1.378730854217091 3.7431074487337024
      vertex -14.09647631790025 -1.3155696691002716 3.9788282006559363
      vertex -14.09647631790025 -6 4.882089510110227
    endloop
  endfacet
  facet normal 1 0 0
    outer loop
      vertex -14.09647631790025 -1.3155696691002716 3.9788282006559363
      vertex -14.09647631790025 -1.212435565298214 4.2
      vertex -14.09647631790025 -6 4.882089510110227
    endloop
  endfacet
  facet normal 1 0 0
    outer loop
      vertex -14.09647631790025 1.3155696691002716 3.9788282006559363
      vertex -14.09647631790025 3.4885504543755865 3.2377622913823605
      vertex -14.09647631790025 3.5 3.5
    endloop
  endfacet
  facet normal 1 0 0
    outer loop
      vertex -14.09647631790025 1.3155696691002716 3.9788282006559363
      vertex -14.09647631790025 3.5 3.5
      vertex -14.09647631790025 3.4866814433211095 3.8050450996168035
    endloop
  endfacet
  facet normal 1 0 0
    outer loop
      vertex -14.09647631790025 1.3155696691002716 3.9788282006559363
      vertex -14.09647631790025 3.4866814433211095 3.8050450996168035
      vertex -14.09647631790025 3.446827135542728 4.107768621834256
    endloop
  endfacet
  facet normal 1 0 0
    outer loop
      vertex -14.09647631790025 1.3155696691002716 3.9788282006559363
      vertex -14.09647631790025 3.446827135542728 4.107768621834256
      vertex -14.09647631790025 3.390014434026334 4.364034157680271
    endloop
  endfacet
  facet normal 1 0 0
    outer loop
      vertex -14.09647631790025 1.3155696691002716 3.9788282006559363
      vertex -14.09647631790025 3.390014434026334 4.364034157680271
      vertex -14.09647631790025 3.380740392011739 4.405866657858823
    endloop
  endfacet
  facet normal 1 0 0
    outer loop
      vertex -14.09647631790025 1.3155696691002716 3.9788282006559363
      vertex -14.09647631790025 3.380740392011739 4.405866657858823
      vertex -14.09647631790025 3.2889241727506793 4.697070501639841
    endloop
  endfacet
  facet normal 1 0 0
    outer loop
      vertex -14.09647631790025 1.3155696691002716 3.9788282006559363
      vertex -14.09647631790025 2.8670321550114712 5.507517527228661
      vertex -14.09647631790025 1.212435565298214 4.2
    endloop
  endfacet
  facet normal 1 0 0
    outer loop
      vertex -14.09647631790025 1.3155696691002716 3.9788282006559363
      vertex -14.09647631790025 3.2889241727506793 4.697070501639841
      vertex -14.09647631790025 3.1720772546282747 4.979163916092448
    endloop
  endfacet
  facet normal 1 0 0
    outer loop
      vertex -14.09647631790025 1.3155696691002716 3.9788282006559363
      vertex -14.09647631790025 3.1720772546282747 4.979163916092448
      vertex -14.09647631790025 3.031088913245535 5.25
    endloop
  endfacet
  facet normal 1 0 0
    outer loop
      vertex -14.09647631790025 1.3155696691002716 3.9788282006559363
      vertex -14.09647631790025 3.0080666066928226 5.286137782547771
      vertex -14.09647631790025 2.8670321550114712 5.507517527228661
    endloop
  endfacet
  facet normal 1 0 0
    outer loop
      vertex -14.09647631790025 1.3155696691002716 3.9788282006559363
      vertex -14.09647631790025 3.031088913245535 5.25
      vertex -14.09647631790025 3.0080666066928226 5.286137782547771
    endloop
  endfacet
  facet normal 1 0 0
    outer loop
      vertex -14.09647631790025 1.212435565298214 4.2
      vertex -14.09647631790025 2.8670321550114712 5.507517527228661
      vertex -14.09647631790025 2.681155550916423 5.749756633902887
    endloop
  endfacet
  facet normal 1 0 0
    outer loop
      vertex -14.09647631790025 -1.212435565298214 4.2
      vertex -14.09647631790025 -1.1970705016398404 6.788924172750679
      vertex -14.09647631790025 -6 4.882089510110227
    endloop
  endfacet
  facet normal 1 0 0
    outer loop
      vertex -14.09647631790025 -1.212435565298214 4.2
      vertex -14.09647631790025 -0.24574561328669753 5.632072930905314
      vertex -14.09647631790025 -1.1970705016398404 6.788924172750679
    endloop
  endfacet
  facet normal 1 0 0
    outer loop
      vertex -14.09647631790025 1.212435565298214 4.2
      vertex -14.09647631790025 1.75 6.531088913245535
      vertex -14.09647631790025 0.24574561328669753 5.632072930905314
    endloop
  endfacet
  facet normal 1 0 0
    outer loop
      vertex -14.09647631790025 1.212435565298214 4.2
      vertex -14.09647631790025 2.681155550916423 5.749756633902887
      vertex -14.09647631790025 2.503821540222596 5.943282747301771
    endloop
  endfacet
  facet normal 1 0 0
    outer loop
      vertex -14.09647631790025 1.212435565298214 4.2
      vertex -14.09647631790025 2.503821540222596 5.943282747301771
      vertex -14.09647631790025 2.4748737341529163 5.974873734152917
    endloop
  endfacet
  facet normal 1 0 0
    outer loop
      vertex -14.09647631790025 1.212435565298214 4.2
      vertex -14.09647631790025 2.4748737341529163 5.974873734152917
      vertex -14.09647631790025 2.44328274730177 6.003821540222596
    endloop
  endfacet
  facet normal 1 0 0
    outer loop
      vertex -14.09647631790025 1.212435565298214 4.2
      vertex -14.09647631790025 2.44328274730177 6.003821540222596
      vertex -14.09647631790025 2.249756633902887 6.181155550916423
    endloop
  endfacet
  facet normal 1 0 0
    outer loop
      vertex -14.09647631790025 1.212435565298214 4.2
      vertex -14.09647631790025 2.249756633902887 6.181155550916423
      vertex -14.09647631790025 2.0415112683761767 6.340947840006612
    endloop
  endfacet
  facet normal 1 0 0
    outer loop
      vertex -14.09647631790025 1.212435565298214 4.2
      vertex -14.09647631790025 2.0415112683761767 6.340947840006612
      vertex -14.09647631790025 2.007517527228661 6.367032155011471
    endloop
  endfacet
  facet normal 1 0 0
    outer loop
      vertex -14.09647631790025 1.212435565298214 4.2
      vertex -14.09647631790025 2.007517527228661 6.367032155011471
      vertex -14.09647631790025 1.9713797446808905 6.390054461564184
    endloop
  endfacet
  facet normal 1 0 0
    outer loop
      vertex -14.09647631790025 -0.24574561328669753 5.632072930905314
      vertex -14.09647631790025 -0.2298133329356934 5.6528362829059615
      vertex -14.09647631790025 -1.1970705016398404 6.788924172750679
    endloop
  endfacet
  facet normal 1 0 0
    outer loop
      vertex -14.09647631790025 -0.2298133329356934 5.6528362829059615
      vertex -14.09647631790025 -0.21213203435596426 5.672132034355964
      vertex -14.09647631790025 -1.1970705016398404 6.788924172750679
    endloop
  endfacet
  facet normal 1 0 0
    outer loop
      vertex -14.09647631790025 -0.21213203435596426 5.672132034355964
      vertex -14.09647631790025 -0.19283628290596178 5.689813332935693
      vertex -14.09647631790025 -1.1970705016398404 6.788924172750679
    endloop
  endfacet
  facet normal 1 0 0
    outer loop
      vertex -14.09647631790025 -0.19283628290596178 5.689813332935693
      vertex -14.09647631790025 -0.1720729309053138 5.705745613286697
      vertex -14.09647631790025 -1.1970705016398404 6.788924172750679
    endloop
  endfacet
  facet normal 1 0 0
    outer loop
      vertex -14.09647631790025 -0.1720729309053138 5.705745613286697
      vertex -14.09647631790025 -0.15 5.719807621135331
      vertex -14.09647631790025 -1.1970705016398404 6.788924172750679
    endloop
  endfacet
  facet normal 1 0 0
    outer loop
      vertex -14.09647631790025 -0.15 5.719807621135331
      vertex -14.09647631790025 -0.12678547852220984 5.731892336110995
      vertex -14.09647631790025 -1.1970705016398404 6.788924172750679
    endloop
  endfacet
  facet normal 1 0 0
    outer loop
      vertex -14.09647631790025 -0.12678547852220984 5.731892336110995
      vertex -14.09647631790025 -0.10260604299770061 5.741907786235773
      vertex -14.09647631790025 -1.1970705016398404 6.788924172750679
    endloop
  endfacet
  facet normal 1 0 0
    outer loop
      vertex -14.09647631790025 -0.10260604299770061 5.741907786235773
      vertex -14.09647631790025 -0.07764571353075622 5.7497777478867205
      vertex -14.09647631790025 -1.1970705016398404 6.788924172750679
    endloop
  endfacet
  facet normal 1 0 0
    outer loop
      vertex -14.09647631790025 0.15 5.719807621135331
      vertex -14.09647631790025 -1.1970705016398404 6.788924172750679
      vertex -14.09647631790025 0.12678547852220984 5.731892336110995
    endloop
  endfacet
  facet normal 1 0 0
    outer loop
      vertex -14.09647631790025 0.10260604299770061 5.741907786235773
      vertex -14.09647631790025 0.12678547852220984 5.731892336110995
      vertex -14.09647631790025 -1.1970705016398404 6.788924172750679
    endloop
  endfacet
  facet normal 1 0 0
    outer loop
      vertex -14.09647631790025 0.10260604299770061 5.741907786235773
      vertex -14.09647631790025 -1.1970705016398404 6.788924172750679
      vertex -14.09647631790025 0.07764571353075622 5.7497777478867205
    endloop
  endfacet
  facet normal 1 0 0
    outer loop
      vertex -14.09647631790025 -0.07764571353075622 5.7497777478867205
      vertex -14.09647631790025 -0.0520944533000791 5.755442325903662
      vertex -14.09647631790025 -1.1970705016398404 6.788924172750679
    endloop
  endfacet
  facet normal 1 0 0
    outer loop
      vertex -14.09647631790025 -0.0520944533000791 5.755442325903662
      vertex -14.09647631790025 -0.02614672282429745 5.758858409427523
      vertex -14.09647631790025 -1.1970705016398404 6.788924172750679
    endloop
  endfacet
  facet normal 1 0 0
    outer loop
      vertex -14.09647631790025 0 5.76
      vertex -14.09647631790025 0.02614672282429745 5.758858409427523
      vertex -14.09647631790025 -1.1970705016398404 6.788924172750679
    endloop
  endfacet
  facet normal 1 0 0
    outer loop
      vertex -14.09647631790025 -0.02614672282429745 5.758858409427523
      vertex -14.09647631790025 0 5.76
      vertex -14.09647631790025 -1.1970705016398404 6.788924172750679
    endloop
  endfacet
  facet normal 1 0 0
    outer loop
      vertex -14.09647631790025 0.07764571353075622 5.7497777478867205
      vertex -14.09647631790025 -1.1970705016398404 6.788924172750679
      vertex -14.09647631790025 0.0520944533000791 5.755442325903662
    endloop
  endfacet
  facet normal 1 0 0
    outer loop
      vertex -14.09647631790025 0.02614672282429745 5.758858409427523
      vertex -14.09647631790025 0.0520944533000791 5.755442325903662
      vertex -14.09647631790025 -1.1970705016398404 6.788924172750679
    endloop
  endfacet
  facet normal 1 0 0
    outer loop
      vertex -14.09647631790025 0.2298133329356934 5.6528362829059615
      vertex -14.09647631790025 0.24574561328669753 5.632072930905314
      vertex -14.09647631790025 1.75 6.531088913245535
    endloop
  endfacet
  facet normal 1 0 0
    outer loop
      vertex -14.09647631790025 0.2298133329356934 5.6528362829059615
      vertex -14.09647631790025 1.75 6.531088913245535
      vertex -14.09647631790025 0.21213203435596426 5.672132034355964
    endloop
  endfacet
  facet normal 1 0 0
    outer loop
      vertex -14.09647631790025 0.21213203435596426 5.672132034355964
      vertex -14.09647631790025 1.75 6.531088913245535
      vertex -14.09647631790025 0.19283628290596178 5.689813332935693
    endloop
  endfacet
  facet normal 1 0 0
    outer loop
      vertex -14.09647631790025 0.19283628290596178 5.689813332935693
      vertex -14.09647631790025 1.75 6.531088913245535
      vertex -14.09647631790025 0.1720729309053138 5.705745613286697
    endloop
  endfacet
  facet normal 1 0 0
    outer loop
      vertex -14.09647631790025 0.15 5.719807621135331
      vertex -14.09647631790025 0.1720729309053138 5.705745613286697
      vertex -14.09647631790025 1.75 6.531088913245535
    endloop
  endfacet
  facet normal 1 0 0
    outer loop
      vertex -14.09647631790025 1.212435565298214 4.2
      vertex -14.09647631790025 1.9713797446808905 6.390054461564184
      vertex -14.09647631790025 1.75 6.531088913245535
    endloop
  endfacet
  facet normal 1 0 0
    outer loop
      vertex -14.09647631790025 0.15 5.719807621135331
      vertex -14.09647631790025 1.75 6.531088913245535
      vertex -14.09647631790025 1.5171707096946958 6.652292170181823
    endloop
  endfacet
  facet normal 1 0 0
    outer loop
      vertex -14.09647631790025 0.15 5.719807621135331
      vertex -14.09647631790025 -0.9058666578588226 6.880740392011739
      vertex -14.09647631790025 -1.1970705016398404 6.788924172750679
    endloop
  endfacet
  facet normal 1 0 0
    outer loop
      vertex -14.09647631790025 0.15 5.719807621135331
      vertex -14.09647631790025 -0.6077686218342562 6.946827135542728
      vertex -14.09647631790025 -0.9058666578588226 6.880740392011739
    endloop
  endfacet
  facet normal 1 0 0
    outer loop
      vertex -14.09647631790025 0.15 5.719807621135331
      vertex -14.09647631790025 -0.3050450996168036 6.9866814433211095
      vertex -14.09647631790025 -0.6077686218342562 6.946827135542728
    endloop
  endfacet
  facet normal 1 0 0
    outer loop
      vertex -14.09647631790025 0.15 5.719807621135331
      vertex -14.09647631790025 1.5171707096946958 6.652292170181823
      vertex -14.09647631790025 1.4791639160924481 6.672077254628275
    endloop
  endfacet
  facet normal 1 0 0
    outer loop
      vertex -14.09647631790025 0.15 5.719807621135331
      vertex -14.09647631790025 1.4791639160924481 6.672077254628275
      vertex -14.09647631790025 1.4395773660841662 6.688474540529266
    endloop
  endfacet
  facet normal 1 0 0
    outer loop
      vertex -14.09647631790025 0.15 5.719807621135331
      vertex -14.09647631790025 1.4395773660841662 6.688474540529266
      vertex -14.09647631790025 1.1970705016398404 6.788924172750679
    endloop
  endfacet
  facet normal 1 0 0
    outer loop
      vertex -14.09647631790025 0.15 5.719807621135331
      vertex -14.09647631790025 1.1970705016398404 6.788924172750679
      vertex -14.09647631790025 0.9058666578588226 6.880740392011739
    endloop
  endfacet
  facet normal 1 0 0
    outer loop
      vertex -14.09647631790025 0.15 5.719807621135331
      vertex -14.09647631790025 0.9058666578588226 6.880740392011739
      vertex -14.09647631790025 0.8640341576802704 6.890014434026334
    endloop
  endfacet
  facet normal 1 0 0
    outer loop
      vertex -14.09647631790025 0.15 5.719807621135331
      vertex -14.09647631790025 0.8640341576802704 6.890014434026334
      vertex -14.09647631790025 0.6077686218342562 6.946827135542728
    endloop
  endfacet
  facet normal 1 0 0
    outer loop
      vertex -14.09647631790025 0.15 5.719807621135331
      vertex -14.09647631790025 0.6077686218342562 6.946827135542728
      vertex -14.09647631790025 0.3050450996168036 6.9866814433211095
    endloop
  endfacet
  facet normal 1 0 0
    outer loop
      vertex -14.09647631790025 0.15 5.719807621135331
      vertex -14.09647631790025 0 7
      vertex -14.09647631790025 -0.3050450996168036 6.9866814433211095
    endloop
  endfacet
  facet normal 1 0 0
    outer loop
      vertex -14.09647631790025 0.15 5.719807621135331
      vertex -14.09647631790025 0.3050450996168036 6.9866814433211095
      vertex -14.09647631790025 0 7
    endloop
  endfacet
  facet normal -1 0 0
    outer loop
      vertex -8.296476317900249 -1.212435565298214 2.8
      vertex -8.296476317900249 -6 4.882089510110227
      vertex -8.296476317900249 -1.3155696691002716 3.0211717993440637
    endloop
  endfacet
  facet normal -1 0 0
    outer loop
      vertex -8.296476317900249 -1.3155696691002716 3.0211717993440637
      vertex -8.296476317900249 -6 4.882089510110227
      vertex -8.296476317900249 -1.378730854217091 3.2568925512662976
    endloop
  endfacet
  facet normal -1 0 0
    outer loop
      vertex -8.296476317900249 -1.378730854217091 3.2568925512662976
      vertex -8.296476317900249 -6 4.882089510110227
      vertex -8.296476317900249 -1.4 3.5
    endloop
  endfacet
  facet normal -1 0 0
    outer loop
      vertex -8.296476317900249 -1.4 3.5
      vertex -8.296476317900249 -6 4.882089510110227
      vertex -8.296476317900249 -1.378730854217091 3.7431074487337024
    endloop
  endfacet
  facet normal -1 0 0
    outer loop
      vertex -8.296476317900249 -1.378730854217091 3.7431074487337024
      vertex -8.296476317900249 -6 4.882089510110227
      vertex -8.296476317900249 -1.3155696691002716 3.9788282006559363
    endloop
  endfacet
  facet normal -1 0 0
    outer loop
      vertex -8.296476317900249 -1.3155696691002716 3.9788282006559363
      vertex -8.296476317900249 -6 4.882089510110227
      vertex -8.296476317900249 -1.212435565298214 4.2
    endloop
  endfacet
  facet normal -1 0 0
    outer loop
      vertex -8.296476317900249 1.3155696691002716 3.0211717993440637
      vertex -8.296476317900249 3.446827135542728 4.107768621834256
      vertex -8.296476317900249 3.4866814433211095 3.8050450996168035
    endloop
  endfacet
  facet normal -1 0 0
    outer loop
      vertex -8.296476317900249 1.3155696691002716 3.0211717993440637
      vertex -8.296476317900249 1.378730854217091 3.2568925512662976
      vertex -8.296476317900249 2.8670321550114712 5.507517527228661
    endloop
  endfacet
  facet normal -1 0 0
    outer loop
      vertex -8.296476317900249 1.3155696691002716 3.0211717993440637
      vertex -8.296476317900249 3.399794332878088 4.3199198847647065
      vertex -8.296476317900249 3.446827135542728 4.107768621834256
    endloop
  endfacet
  facet normal -1 0 0
    outer loop
      vertex -8.296476317900249 1.3155696691002716 3.0211717993440637
      vertex -8.296476317900249 3.380740392011739 4.405866657858823
      vertex -8.296476317900249 3.399794332878088 4.3199198847647065
    endloop
  endfacet
  facet normal -1 0 0
    outer loop
      vertex -8.296476317900249 1.378730854217091 3.2568925512662976
      vertex -8.296476317900249 1.4 3.5
      vertex -8.296476317900249 2.8670321550114712 5.507517527228661
    endloop
  endfacet
  facet normal -1 0 0
    outer loop
      vertex -8.296476317900249 1.3155696691002716 3.0211717993440637
      vertex -8.296476317900249 3.2889241727506793 4.697070501639841
      vertex -8.296476317900249 3.380740392011739 4.405866657858823
    endloop
  endfacet
  facet normal -1 0 0
    outer loop
      vertex -8.296476317900249 1.4 3.5
      vertex -8.296476317900249 1.378730854217091 3.7431074487337024
      vertex -8.296476317900249 2.8670321550114712 5.507517527228661
    endloop
  endfacet
  facet normal -1 0 0
    outer loop
      vertex -8.296476317900249 1.3155696691002716 3.0211717993440637
      vertex -8.296476317900249 3.1720772546282747 4.979163916092448
      vertex -8.296476317900249 3.2889241727506793 4.697070501639841
    endloop
  endfacet
  facet normal -1 0 0
    outer loop
      vertex -8.296476317900249 -1.212435565298214 4.2
      vertex -8.296476317900249 -6 4.882089510110227
      vertex -8.296476317900249 -0.24574561328669753 5.632072930905314
    endloop
  endfacet
  facet normal -1 0 0
    outer loop
      vertex -8.296476317900249 1.378730854217091 3.7431074487337024
      vertex -8.296476317900249 1.3155696691002716 3.9788282006559363
      vertex -8.296476317900249 2.681155550916423 5.749756633902887
    endloop
  endfacet
  facet normal -1 0 0
    outer loop
      vertex -8.296476317900249 1.3155696691002716 3.0211717993440637
      vertex -8.296476317900249 3.031088913245535 5.25
      vertex -8.296476317900249 3.1720772546282747 4.979163916092448
    endloop
  endfacet
  facet normal -1 0 0
    outer loop
      vertex -8.296476317900249 1.3155696691002716 3.0211717993440637
      vertex -8.296476317900249 2.9837885379645073 5.324246716870874
      vertex -8.296476317900249 3.031088913245535 5.25
    endloop
  endfacet
  facet normal -1 0 0
    outer loop
      vertex -8.296476317900249 1.3155696691002716 3.9788282006559363
      vertex -8.296476317900249 1.212435565298214 4.2
      vertex -8.296476317900249 2.681155550916423 5.749756633902887
    endloop
  endfacet
  facet normal -1 0 0
    outer loop
      vertex -8.296476317900249 1.3155696691002716 3.0211717993440637
      vertex -8.296476317900249 2.8670321550114712 5.507517527228661
      vertex -8.296476317900249 2.9837885379645073 5.324246716870874
    endloop
  endfacet
  facet normal -1 0 0
    outer loop
      vertex -8.296476317900249 1.378730854217091 3.7431074487337024
      vertex -8.296476317900249 2.681155550916423 5.749756633902887
      vertex -8.296476317900249 2.8670321550114712 5.507517527228661
    endloop
  endfacet
  facet normal -1 0 0
    outer loop
      vertex -8.296476317900249 -0.24574561328669753 5.632072930905314
      vertex -8.296476317900249 -6 4.882089510110227
      vertex -8.296476317900249 -0.2298133329356934 5.6528362829059615
    endloop
  endfacet
  facet normal -1 0 0
    outer loop
      vertex -8.296476317900249 -0.2298133329356934 5.6528362829059615
      vertex -8.296476317900249 -6 4.882089510110227
      vertex -8.296476317900249 -0.21213203435596426 5.672132034355964
    endloop
  endfacet
  facet normal -1 0 0
    outer loop
      vertex -8.296476317900249 -0.21213203435596426 5.672132034355964
      vertex -8.296476317900249 -6 4.882089510110227
      vertex -8.296476317900249 -0.19283628290596178 5.689813332935693
    endloop
  endfacet
  facet normal -1 0 0
    outer loop
      vertex -8.296476317900249 -0.19283628290596178 5.689813332935693
      vertex -8.296476317900249 -6 4.882089510110227
      vertex -8.296476317900249 -1.1970705016398404 6.788924172750679
    endloop
  endfacet
  facet normal -1 0 0
    outer loop
      vertex -8.296476317900249 1.212435565298214 4.2
      vertex -8.296476317900249 0.24574561328669753 5.632072930905314
      vertex -8.296476317900249 1.557250601129793 6.631427899311021
    endloop
  endfacet
  facet normal -1 0 0
    outer loop
      vertex -8.296476317900249 1.212435565298214 4.2
      vertex -8.296476317900249 2.5343483175324395 5.909968615713289
      vertex -8.296476317900249 2.681155550916423 5.749756633902887
    endloop
  endfacet
  facet normal -1 0 0
    outer loop
      vertex -8.296476317900249 1.212435565298214 4.2
      vertex -8.296476317900249 2.4748737341529163 5.974873734152917
      vertex -8.296476317900249 2.5343483175324395 5.909968615713289
    endloop
  endfacet
  facet normal -1 0 0
    outer loop
      vertex -8.296476317900249 1.212435565298214 4.2
      vertex -8.296476317900249 2.4099686157132894 6.03434831753244
      vertex -8.296476317900249 2.4748737341529163 5.974873734152917
    endloop
  endfacet
  facet normal -1 0 0
    outer loop
      vertex -8.296476317900249 1.212435565298214 4.2
      vertex -8.296476317900249 2.077359213586284 6.313440744183305
      vertex -8.296476317900249 2.249756633902887 6.181155550916423
    endloop
  endfacet
  facet normal -1 0 0
    outer loop
      vertex -8.296476317900249 1.212435565298214 4.2
      vertex -8.296476317900249 2.249756633902887 6.181155550916423
      vertex -8.296476317900249 2.4099686157132894 6.03434831753244
    endloop
  endfacet
  facet normal -1 0 0
    outer loop
      vertex -8.296476317900249 1.212435565298214 4.2
      vertex -8.296476317900249 2.007517527228661 6.367032155011471
      vertex -8.296476317900249 2.077359213586284 6.313440744183305
    endloop
  endfacet
  facet normal -1 0 0
    outer loop
      vertex -8.296476317900249 1.212435565298214 4.2
      vertex -8.296476317900249 1.9332708103577867 6.4143325302925
      vertex -8.296476317900249 2.007517527228661 6.367032155011471
    endloop
  endfacet
  facet normal -1 0 0
    outer loop
      vertex -8.296476317900249 -0.19283628290596178 5.689813332935693
      vertex -8.296476317900249 -1.1970705016398404 6.788924172750679
      vertex -8.296476317900249 -0.1720729309053138 5.705745613286697
    endloop
  endfacet
  facet normal -1 0 0
    outer loop
      vertex -8.296476317900249 -0.1720729309053138 5.705745613286697
      vertex -8.296476317900249 -1.1970705016398404 6.788924172750679
      vertex -8.296476317900249 -0.15 5.719807621135331
    endloop
  endfacet
  facet normal -1 0 0
    outer loop
      vertex -8.296476317900249 -0.15 5.719807621135331
      vertex -8.296476317900249 -1.1970705016398404 6.788924172750679
      vertex -8.296476317900249 -0.12678547852220984 5.731892336110995
    endloop
  endfacet
  facet normal -1 0 0
    outer loop
      vertex -8.296476317900249 -0.12678547852220984 5.731892336110995
      vertex -8.296476317900249 -1.1970705016398404 6.788924172750679
      vertex -8.296476317900249 -0.10260604299770061 5.741907786235773
    endloop
  endfacet
  facet normal -1 0 0
    outer loop
      vertex -8.296476317900249 -0.10260604299770061 5.741907786235773
      vertex -8.296476317900249 -1.1970705016398404 6.788924172750679
      vertex -8.296476317900249 -0.07764571353075622 5.7497777478867205
    endloop
  endfacet
  facet normal -1 0 0
    outer loop
      vertex -8.296476317900249 0.15 5.719807621135331
      vertex -8.296476317900249 0.12678547852220984 5.731892336110995
      vertex -8.296476317900249 -1.1970705016398404 6.788924172750679
    endloop
  endfacet
  facet normal -1 0 0
    outer loop
      vertex -8.296476317900249 0.10260604299770061 5.741907786235773
      vertex -8.296476317900249 -1.1970705016398404 6.788924172750679
      vertex -8.296476317900249 0.12678547852220984 5.731892336110995
    endloop
  endfacet
  facet normal -1 0 0
    outer loop
      vertex -8.296476317900249 0.10260604299770061 5.741907786235773
      vertex -8.296476317900249 0.07764571353075622 5.7497777478867205
      vertex -8.296476317900249 -1.1970705016398404 6.788924172750679
    endloop
  endfacet
  facet normal -1 0 0
    outer loop
      vertex -8.296476317900249 -0.07764571353075622 5.7497777478867205
      vertex -8.296476317900249 -1.1970705016398404 6.788924172750679
      vertex -8.296476317900249 -0.0520944533000791 5.755442325903662
    endloop
  endfacet
  facet normal -1 0 0
    outer loop
      vertex -8.296476317900249 -0.0520944533000791 5.755442325903662
      vertex -8.296476317900249 -1.1970705016398404 6.788924172750679
      vertex -8.296476317900249 -0.02614672282429745 5.758858409427523
    endloop
  endfacet
  facet normal -1 0 0
    outer loop
      vertex -8.296476317900249 0 5.76
      vertex -8.296476317900249 -1.1970705016398404 6.788924172750679
      vertex -8.296476317900249 0.02614672282429745 5.758858409427523
    endloop
  endfacet
  facet normal -1 0 0
    outer loop
      vertex -8.296476317900249 -0.02614672282429745 5.758858409427523
      vertex -8.296476317900249 -1.1970705016398404 6.788924172750679
      vertex -8.296476317900249 0 5.76
    endloop
  endfacet
  facet normal -1 0 0
    outer loop
      vertex -8.296476317900249 0.07764571353075622 5.7497777478867205
      vertex -8.296476317900249 0.0520944533000791 5.755442325903662
      vertex -8.296476317900249 -1.1970705016398404 6.788924172750679
    endloop
  endfacet
  facet normal -1 0 0
    outer loop
      vertex -8.296476317900249 0.02614672282429745 5.758858409427523
      vertex -8.296476317900249 -1.1970705016398404 6.788924172750679
      vertex -8.296476317900249 0.0520944533000791 5.755442325903662
    endloop
  endfacet
  facet normal -1 0 0
    outer loop
      vertex -8.296476317900249 0.2298133329356934 5.6528362829059615
      vertex -8.296476317900249 1.557250601129793 6.631427899311021
      vertex -8.296476317900249 0.24574561328669753 5.632072930905314
    endloop
  endfacet
  facet normal -1 0 0
    outer loop
      vertex -8.296476317900249 0.2298133329356934 5.6528362829059615
      vertex -8.296476317900249 0.21213203435596426 5.672132034355964
      vertex -8.296476317900249 1.557250601129793 6.631427899311021
    endloop
  endfacet
  facet normal -1 0 0
    outer loop
      vertex -8.296476317900249 0.21213203435596426 5.672132034355964
      vertex -8.296476317900249 0.19283628290596178 5.689813332935693
      vertex -8.296476317900249 1.557250601129793 6.631427899311021
    endloop
  endfacet
  facet normal -1 0 0
    outer loop
      vertex -8.296476317900249 0.19283628290596178 5.689813332935693
      vertex -8.296476317900249 0.1720729309053138 5.705745613286697
      vertex -8.296476317900249 1.557250601129793 6.631427899311021
    endloop
  endfacet
  facet normal -1 0 0
    outer loop
      vertex -8.296476317900249 0.15 5.719807621135331
      vertex -8.296476317900249 1.557250601129793 6.631427899311021
      vertex -8.296476317900249 0.1720729309053138 5.705745613286697
    endloop
  endfacet
  facet normal -1 0 0
    outer loop
      vertex -8.296476317900249 1.212435565298214 4.2
      vertex -8.296476317900249 1.75 6.531088913245535
      vertex -8.296476317900249 1.9332708103577867 6.4143325302925
    endloop
  endfacet
  facet normal -1 0 0
    outer loop
      vertex -8.296476317900249 1.212435565298214 4.2
      vertex -8.296476317900249 1.557250601129793 6.631427899311021
      vertex -8.296476317900249 1.75 6.531088913245535
    endloop
  endfacet
  facet normal -1 0 0
    outer loop
      vertex -8.296476317900249 0.15 5.719807621135331
      vertex -8.296476317900249 1.4791639160924481 6.672077254628275
      vertex -8.296476317900249 1.557250601129793 6.631427899311021
    endloop
  endfacet
  facet normal -1 0 0
    outer loop
      vertex -8.296476317900249 0.15 5.719807621135331
      vertex -8.296476317900249 -1.1970705016398404 6.788924172750679
      vertex -8.296476317900249 -0.9058666578588226 6.880740392011739
    endloop
  endfacet
  facet normal -1 0 0
    outer loop
      vertex -8.296476317900249 0.15 5.719807621135331
      vertex -8.296476317900249 -0.9058666578588226 6.880740392011739
      vertex -8.296476317900249 -0.6077686218342562 6.946827135542728
    endloop
  endfacet
  facet normal -1 0 0
    outer loop
      vertex -8.296476317900249 0.15 5.719807621135331
      vertex -8.296476317900249 -0.6077686218342562 6.946827135542728
      vertex -8.296476317900249 -0.3050450996168036 6.9866814433211095
    endloop
  endfacet
  facet normal -1 0 0
    outer loop
      vertex -8.296476317900249 0.15 5.719807621135331
      vertex -8.296476317900249 1.3978315497117961 6.705766223843038
      vertex -8.296476317900249 1.4791639160924481 6.672077254628275
    endloop
  endfacet
  facet normal -1 0 0
    outer loop
      vertex -8.296476317900249 0.15 5.719807621135331
      vertex -8.296476317900249 1.1970705016398404 6.788924172750679
      vertex -8.296476317900249 1.3978315497117961 6.705766223843038
    endloop
  endfacet
  facet normal -1 0 0
    outer loop
      vertex -8.296476317900249 0.15 5.719807621135331
      vertex -8.296476317900249 0.9058666578588226 6.880740392011739
      vertex -8.296476317900249 1.1970705016398404 6.788924172750679
    endloop
  endfacet
  facet normal -1 0 0
    outer loop
      vertex -8.296476317900249 0.15 5.719807621135331
      vertex -8.296476317900249 0.8199198847647061 6.899794332878089
      vertex -8.296476317900249 0.9058666578588226 6.880740392011739
    endloop
  endfacet
  facet normal -1 0 0
    outer loop
      vertex -8.296476317900249 0.15 5.719807621135331
      vertex -8.296476317900249 0.6077686218342562 6.946827135542728
      vertex -8.296476317900249 0.8199198847647061 6.899794332878089
    endloop
  endfacet
  facet normal -1 0 0
    outer loop
      vertex -8.296476317900249 0.15 5.719807621135331
      vertex -8.296476317900249 0.3050450996168036 6.9866814433211095
      vertex -8.296476317900249 0.6077686218342562 6.946827135542728
    endloop
  endfacet
  facet normal -1 0 0
    outer loop
      vertex -8.296476317900249 0.15 5.719807621135331
      vertex -8.296476317900249 -0.3050450996168036 6.9866814433211095
      vertex -8.296476317900249 0 7
    endloop
  endfacet
  facet normal -1 0 0
    outer loop
      vertex -8.296476317900249 0.15 5.719807621135331
      vertex -8.296476317900249 0 7
      vertex -8.296476317900249 0.3050450996168036 6.9866814433211095
    endloop
  endfacet
  facet normal 1 0 0
    outer loop
      vertex 8.296476317900249 -0.7 2.2875644347017863
      vertex 8.296476317900249 -6 0
      vertex 8.296476317900249 0 0
    endloop
  endfacet
  facet normal 1 0 0
    outer loop
      vertex 8.296476317900249 -0.7 2.2875644347017863
      vertex 8.296476317900249 0 0
      vertex 8.296476317900249 0.21709536901852158 0.009478588512419919
    endloop
  endfacet
  facet normal 1 0 0
    outer loop
      vertex 8.296476317900249 -0.7 2.2875644347017863
      vertex 8.296476317900249 0.21709536901852158 0.009478588512419919
      vertex 8.296476317900249 0.3050450996168036 0.01331855667889048
    endloop
  endfacet
  facet normal 1 0 0
    outer loop
      vertex 8.296476317900249 -0.7 2.2875644347017863
      vertex 8.296476317900249 0.3050450996168036 0.01331855667889048
      vertex 8.296476317900249 0.5204882417913264 0.041682184434243076
    endloop
  endfacet
  facet normal 1 0 0
    outer loop
      vertex 8.296476317900249 -0.7 2.2875644347017863
      vertex 8.296476317900249 0.5204882417913264 0.041682184434243076
      vertex 8.296476317900249 0.6077686218342562 0.053172864457271984
    endloop
  endfacet
  facet normal 1 0 0
    outer loop
      vertex 8.296476317900249 -0.7 2.2875644347017863
      vertex 8.296476317900249 0.6077686218342562 0.053172864457271984
      vertex 8.296476317900249 0.9058666578588226 0.11925960798826107
    endloop
  endfacet
  facet normal 1 0 0
    outer loop
      vertex 8.296476317900249 -0.7 2.2875644347017863
      vertex 8.296476317900249 0.9058666578588226 0.11925960798826107
      vertex 8.296476317900249 1.1970705016398404 0.21107582724932072
    endloop
  endfacet
  facet normal 1 0 0
    outer loop
      vertex 8.296476317900249 -0.7 2.2875644347017863
      vertex 8.296476317900249 -0.8999026535611548 2.4275377796334308
      vertex 8.296476317900249 -6 0
    endloop
  endfacet
  facet normal 1 0 0
    outer loop
      vertex 8.296476317900249 -0.8999026535611548 2.4275377796334308
      vertex 8.296476317900249 -1.0724622203665692 2.600097346438845
      vertex 8.296476317900249 -6 0
    endloop
  endfacet
  facet normal 1 0 0
    outer loop
      vertex 8.296476317900249 -0.7 2.2875644347017863
      vertex 8.296476317900249 1.1970705016398404 0.21107582724932072
      vertex 8.296476317900249 1.4791639160924481 0.3279227453717253
    endloop
  endfacet
  facet normal 1 0 0
    outer loop
      vertex 8.296476317900249 -0.7 2.2875644347017863
      vertex 8.296476317900249 1.4791639160924481 0.3279227453717253
      vertex 8.296476317900249 1.75 0.4689110867544648
    endloop
  endfacet
  facet normal 1 0 0
    outer loop
      vertex 8.296476317900249 -0.4788282006559362 2.1844303308997284
      vertex 8.296476317900249 1.75 0.4689110867544648
      vertex 8.296476317900249 1.8242467168708745 0.516211462035493
    endloop
  endfacet
  facet normal 1 0 0
    outer loop
      vertex 8.296476317900249 0.24310744873370244 2.121269145782909
      vertex 8.296476317900249 1.8242467168708745 0.516211462035493
      vertex 8.296476317900249 2.007517527228661 0.6329678449885288
    endloop
  endfacet
  facet normal 1 0 0
    outer loop
      vertex 8.296476317900249 0.7 2.2875644347017863
      vertex 8.296476317900249 2.007517527228661 0.6329678449885288
      vertex 8.296476317900249 2.249756633902887 0.8188444490835769
    endloop
  endfacet
  facet normal 1 0 0
    outer loop
      vertex 8.296476317900249 -0.4788282006559362 2.1844303308997284
      vertex 8.296476317900249 -0.7 2.2875644347017863
      vertex 8.296476317900249 1.75 0.4689110867544648
    endloop
  endfacet
  facet normal 1 0 0
    outer loop
      vertex 8.296476317900249 -0.24310744873370244 2.121269145782909
      vertex 8.296476317900249 1.8242467168708745 0.516211462035493
      vertex 8.296476317900249 0 2.1
    endloop
  endfacet
  facet normal 1 0 0
    outer loop
      vertex 8.296476317900249 0 2.1
      vertex 8.296476317900249 1.8242467168708745 0.516211462035493
      vertex 8.296476317900249 0.24310744873370244 2.121269145782909
    endloop
  endfacet
  facet normal 1 0 0
    outer loop
      vertex 8.296476317900249 -0.4788282006559362 2.1844303308997284
      vertex 8.296476317900249 1.8242467168708745 0.516211462035493
      vertex 8.296476317900249 -0.24310744873370244 2.121269145782909
    endloop
  endfacet
  facet normal 1 0 0
    outer loop
      vertex 8.296476317900249 0.24310744873370244 2.121269145782909
      vertex 8.296476317900249 2.007517527228661 0.6329678449885288
      vertex 8.296476317900249 0.4788282006559362 2.1844303308997284
    endloop
  endfacet
  facet normal 1 0 0
    outer loop
      vertex 8.296476317900249 0.4788282006559362 2.1844303308997284
      vertex 8.296476317900249 2.007517527228661 0.6329678449885288
      vertex 8.296476317900249 0.7 2.2875644347017863
    endloop
  endfacet
  facet normal 1 0 0
    outer loop
      vertex 8.296476317900249 0.8999026535611548 2.4275377796334308
      vertex 8.296476317900249 2.249756633902887 0.8188444490835769
      vertex 8.296476317900249 2.4748737341529163 1.0251262658470837
    endloop
  endfacet
  facet normal 1 0 0
    outer loop
      vertex 8.296476317900249 1.0724622203665692 2.600097346438845
      vertex 8.296476317900249 2.4748737341529163 1.0251262658470837
      vertex 8.296476317900249 2.5343483175324395 1.0900313842867109
    endloop
  endfacet
  facet normal 1 0 0
    outer loop
      vertex 8.296476317900249 1.0724622203665692 2.600097346438845
      vertex 8.296476317900249 2.5343483175324395 1.0900313842867109
      vertex 8.296476317900249 2.6216809675368995 1.1853382476574856
    endloop
  endfacet
  facet normal 1 0 0
    outer loop
      vertex 8.296476317900249 1.212435565298214 2.8
      vertex 8.296476317900249 2.6216809675368995 1.1853382476574856
      vertex 8.296476317900249 2.681155550916423 1.2502433660971128
    endloop
  endfacet
  facet normal 1 0 0
    outer loop
      vertex 8.296476317900249 -1.0724622203665692 2.600097346438845
      vertex 8.296476317900249 -1.212435565298214 2.8
      vertex 8.296476317900249 -6 0
    endloop
  endfacet
  facet normal 1 0 0
    outer loop
      vertex 8.296476317900249 -1.212435565298214 2.8
      vertex 8.296476317900249 -1.3155696691002716 3.0211717993440637
      vertex 8.296476317900249 -6 0
    endloop
  endfacet
  facet normal 1 0 0
    outer loop
      vertex 8.296476317900249 0.7 2.2875644347017863
      vertex 8.296476317900249 2.249756633902887 0.8188444490835769
      vertex 8.296476317900249 0.8999026535611548 2.4275377796334308
    endloop
  endfacet
  facet normal 1 0 0
    outer loop
      vertex 8.296476317900249 1.212435565298214 2.8
      vertex 8.296476317900249 2.681155550916423 1.2502433660971128
      vertex 8.296476317900249 2.734746961744589 1.3200850524547358
    endloop
  endfacet
  facet normal 1 0 0
    outer loop
      vertex 8.296476317900249 1.212435565298214 2.8
      vertex 8.296476317900249 2.734746961744589 1.3200850524547358
      vertex 8.296476317900249 2.8670321550114712 1.4924824727713388
    endloop
  endfacet
  facet normal 1 0 0
    outer loop
      vertex 8.296476317900249 0.8999026535611548 2.4275377796334308
      vertex 8.296476317900249 2.4748737341529163 1.0251262658470837
      vertex 8.296476317900249 1.0724622203665692 2.600097346438845
    endloop
  endfacet
  facet normal 1 0 0
    outer loop
      vertex 8.296476317900249 1.212435565298214 2.8
      vertex 8.296476317900249 2.8670321550114712 1.4924824727713388
      vertex 8.296476317900249 3.031088913245535 1.75
    endloop
  endfacet
  facet normal 1 0 0
    outer loop
      vertex 8.296476317900249 1.212435565298214 2.8
      vertex 8.296476317900249 3.031088913245535 1.75
      vertex 8.296476317900249 3.071738268562789 1.8280866850373452
    endloop
  endfacet
  facet normal 1 0 0
    outer loop
      vertex 8.296476317900249 1.0724622203665692 2.600097346438845
      vertex 8.296476317900249 2.6216809675368995 1.1853382476574856
      vertex 8.296476317900249 1.212435565298214 2.8
    endloop
  endfacet
  facet normal 1 0 0
    outer loop
      vertex 8.296476317900249 1.212435565298214 2.8
      vertex 8.296476317900249 3.071738268562789 1.8280866850373452
      vertex 8.296476317900249 3.131427899311021 1.942749398870207
    endloop
  endfacet
  facet normal 1 0 0
    outer loop
      vertex 8.296476317900249 1.212435565298214 2.8
      vertex 8.296476317900249 3.131427899311021 1.942749398870207
      vertex 8.296476317900249 3.1720772546282747 2.020836083907552
    endloop
  endfacet
  facet normal 1 0 0
    outer loop
      vertex 8.296476317900249 1.212435565298214 2.8
      vertex 8.296476317900249 3.1720772546282747 2.020836083907552
      vertex 8.296476317900249 3.2889241727506793 2.3029294983601596
    endloop
  endfacet
  facet normal 1 0 0
    outer loop
      vertex 8.296476317900249 1.212435565298214 2.8
      vertex 8.296476317900249 3.2889241727506793 2.3029294983601596
      vertex 8.296476317900249 3.3153963624652723 2.3868885576661363
    endloop
  endfacet
  facet normal 1 0 0
    outer loop
      vertex 8.296476317900249 1.212435565298214 2.8
      vertex 8.296476317900249 3.3153963624652723 2.3868885576661363
      vertex 8.296476317900249 3.380740392011739 2.5941333421411774
    endloop
  endfacet
  facet normal 1 0 0
    outer loop
      vertex 8.296476317900249 -1.3155696691002716 3.0211717993440637
      vertex 8.296476317900249 -6 4.882089510110227
      vertex 8.296476317900249 -6 0
    endloop
  endfacet
  facet normal 1 0 0
    outer loop
      vertex 8.296476317900249 1.212435565298214 2.8
      vertex 8.296476317900249 3.380740392011739 2.5941333421411774
      vertex 8.296476317900249 3.446827135542728 2.892231378165744
    endloop
  endfacet
  facet normal 1 0 0
    outer loop
      vertex 8.296476317900249 1.212435565298214 2.8
      vertex 8.296476317900249 3.446827135542728 2.892231378165744
      vertex 8.296476317900249 3.458317815565757 2.9795117582086736
    endloop
  endfacet
  facet normal 1 0 0
    outer loop
      vertex 8.296476317900249 1.212435565298214 2.8
      vertex 8.296476317900249 3.458317815565757 2.9795117582086736
      vertex 8.296476317900249 3.4751907632980807 3.1076745203402667
    endloop
  endfacet
  facet normal 1 0 0
    outer loop
      vertex 8.296476317900249 1.212435565298214 2.8
      vertex 8.296476317900249 3.4751907632980807 3.1076745203402667
      vertex 8.296476317900249 3.4866814433211095 3.1949549003831965
    endloop
  endfacet
  facet normal 1 0 0
    outer loop
      vertex 8.296476317900249 1.212435565298214 2.8
      vertex 8.296476317900249 3.4866814433211095 3.1949549003831965
      vertex 8.296476317900249 3.49052141148758 3.2829046309814784
    endloop
  endfacet
  facet normal 1 0 0
    outer loop
      vertex 8.296476317900249 1.212435565298214 2.8
      vertex 8.296476317900249 3.49052141148758 3.2829046309814784
      vertex 8.296476317900249 3.5 3.5
    endloop
  endfacet
  facet normal 1 0 0
    outer loop
      vertex 8.296476317900249 1.212435565298214 2.8
      vertex 8.296476317900249 3.5 3.5
      vertex 8.296476317900249 3.4866814433211095 3.8050450996168035
    endloop
  endfacet
  facet normal 0 1 0
    outer loop
      vertex 8.296476317900249 -6 0
      vertex 8.296476317900249 -6 4.882089510110227
      vertex 14.09647631790025 -6 0
    endloop
  endfacet
  facet normal -1 0 0
    outer loop
      vertex 14.09647631790025 -0.4788282006559362 2.1844303308997284
      vertex 14.09647631790025 0.2622377086176398 0.011449545624413658
      vertex 14.09647631790025 0 0
    endloop
  endfacet
  facet normal -1 0 0
    outer loop
      vertex 14.09647631790025 -0.4788282006559362 2.1844303308997284
      vertex 14.09647631790025 0.3050450996168036 0.01331855667889048
      vertex 14.09647631790025 0.2622377086176398 0.011449545624413658
    endloop
  endfacet
  facet normal -1 0 0
    outer loop
      vertex 14.09647631790025 -0.4788282006559362 2.1844303308997284
      vertex 14.09647631790025 0.5652870209284054 0.0475800555965057
      vertex 14.09647631790025 0.3050450996168036 0.01331855667889048
    endloop
  endfacet
  facet normal -1 0 0
    outer loop
      vertex 14.09647631790025 -0.4788282006559362 2.1844303308997284
      vertex 14.09647631790025 0.6077686218342562 0.053172864457271984
      vertex 14.09647631790025 0.5652870209284054 0.0475800555965057
    endloop
  endfacet
  facet normal -1 0 0
    outer loop
      vertex 14.09647631790025 -0.4788282006559362 2.1844303308997284
      vertex 14.09647631790025 0.9058666578588226 0.11925960798826107
      vertex 14.09647631790025 0.6077686218342562 0.053172864457271984
    endloop
  endfacet
  facet normal -1 0 0
    outer loop
      vertex 14.09647631790025 -0.4788282006559362 2.1844303308997284
      vertex 14.09647631790025 1.1970705016398404 0.21107582724932072
      vertex 14.09647631790025 0.9058666578588226 0.11925960798826107
    endloop
  endfacet
  facet normal -1 0 0
    outer loop
      vertex 14.09647631790025 -1.3155696691002716 3.0211717993440637
      vertex 14.09647631790025 0 0
      vertex 14.09647631790025 -6 0
    endloop
  endfacet
  facet normal -1 0 0
    outer loop
      vertex 14.09647631790025 -0.4788282006559362 2.1844303308997284
      vertex 14.09647631790025 1.4791639160924481 0.3279227453717253
      vertex 14.09647631790025 1.1970705016398404 0.21107582724932072
    endloop
  endfacet
  facet normal -1 0 0
    outer loop
      vertex 14.09647631790025 -0.4788282006559362 2.1844303308997284
      vertex 14.09647631790025 1.75 0.4689110867544648
      vertex 14.09647631790025 1.4791639160924481 0.3279227453717253
    endloop
  endfacet
  facet normal -1 0 0
    outer loop
      vertex 14.09647631790025 -0.4788282006559362 2.1844303308997284
      vertex 14.09647631790025 1.7861377825477707 0.49193339330717756
      vertex 14.09647631790025 1.75 0.4689110867544648
    endloop
  endfacet
  facet normal -1 0 0
    outer loop
      vertex 14.09647631790025 -0.4788282006559362 2.1844303308997284
      vertex 14.09647631790025 2.007517527228661 0.6329678449885288
      vertex 14.09647631790025 1.7861377825477707 0.49193339330717756
    endloop
  endfacet
  facet normal -1 0 0
    outer loop
      vertex 14.09647631790025 0.24310744873370244 2.121269145782909
      vertex 14.09647631790025 2.249756633902887 0.8188444490835769
      vertex 14.09647631790025 2.007517527228661 0.6329678449885288
    endloop
  endfacet
  facet normal -1 0 0
    outer loop
      vertex 14.09647631790025 -0.4788282006559362 2.1844303308997284
      vertex 14.09647631790025 0 0
      vertex 14.09647631790025 -0.7 2.2875644347017863
    endloop
  endfacet
  facet normal -1 0 0
    outer loop
      vertex 14.09647631790025 -0.7 2.2875644347017863
      vertex 14.09647631790025 0 0
      vertex 14.09647631790025 -0.8999026535611548 2.4275377796334308
    endloop
  endfacet
  facet normal -1 0 0
    outer loop
      vertex 14.09647631790025 -0.8999026535611548 2.4275377796334308
      vertex 14.09647631790025 0 0
      vertex 14.09647631790025 -1.0724622203665692 2.600097346438845
    endloop
  endfacet
  facet normal -1 0 0
    outer loop
      vertex 14.09647631790025 -0.24310744873370244 2.121269145782909
      vertex 14.09647631790025 0 2.1
      vertex 14.09647631790025 2.007517527228661 0.6329678449885288
    endloop
  endfacet
  facet normal -1 0 0
    outer loop
      vertex 14.09647631790025 0 2.1
      vertex 14.09647631790025 0.24310744873370244 2.121269145782909
      vertex 14.09647631790025 2.007517527228661 0.6329678449885288
    endloop
  endfacet
  facet normal -1 0 0
    outer loop
      vertex 14.09647631790025 -0.4788282006559362 2.1844303308997284
      vertex 14.09647631790025 -0.24310744873370244 2.121269145782909
      vertex 14.09647631790025 2.007517527228661 0.6329678449885288
    endloop
  endfacet
  facet normal -1 0 0
    outer loop
      vertex 14.09647631790025 0.24310744873370244 2.121269145782909
      vertex 14.09647631790025 0.4788282006559362 2.1844303308997284
      vertex 14.09647631790025 2.249756633902887 0.8188444490835769
    endloop
  endfacet
  facet normal -1 0 0
    outer loop
      vertex 14.09647631790025 0.7 2.2875644347017863
      vertex 14.09647631790025 2.4748737341529163 1.0251262658470837
      vertex 14.09647631790025 2.249756633902887 0.8188444490835769
    endloop
  endfacet
  facet normal -1 0 0
    outer loop
      vertex 14.09647631790025 0.8999026535611548 2.4275377796334308
      vertex 14.09647631790025 2.503821540222596 1.0567172526982296
      vertex 14.09647631790025 2.4748737341529163 1.0251262658470837
    endloop
  endfacet
  facet normal -1 0 0
    outer loop
      vertex 14.09647631790025 0.8999026535611548 2.4275377796334308
      vertex 14.09647631790025 2.6522077448467436 1.218652379245967
      vertex 14.09647631790025 2.503821540222596 1.0567172526982296
    endloop
  endfacet
  facet normal 0 1 0
    outer loop
      vertex 14.09647631790025 -6 0
      vertex 8.296476317900249 -6 4.882089510110227
      vertex 14.09647631790025 -6 4.8820895101102275
    endloop
  endfacet
  facet normal -1 0 0
    outer loop
      vertex 14.09647631790025 -1.212435565298214 2.8
      vertex 14.09647631790025 0 0
      vertex 14.09647631790025 -1.3155696691002716 3.0211717993440637
    endloop
  endfacet
  facet normal -1 0 0
    outer loop
      vertex 14.09647631790025 -1.3155696691002716 3.0211717993440637
      vertex 14.09647631790025 -6 0
      vertex 14.09647631790025 -1.378730854217091 3.2568925512662976
    endloop
  endfacet
  facet normal -1 0 0
    outer loop
      vertex 14.09647631790025 -1.378730854217091 3.2568925512662976
      vertex 14.09647631790025 -6 0
      vertex 14.09647631790025 -1.4 3.5
    endloop
  endfacet
  facet normal -1 0 0
    outer loop
      vertex 14.09647631790025 -1.4 3.5
      vertex 14.09647631790025 -6 0
      vertex 14.09647631790025 -1.378730854217091 3.7431074487337024
    endloop
  endfacet
  facet normal -1 0 0
    outer loop
      vertex 14.09647631790025 -1.378730854217091 3.7431074487337024
      vertex 14.09647631790025 -6 0
      vertex 14.09647631790025 -1.3155696691002716 3.9788282006559363
    endloop
  endfacet
  facet normal -1 0 0
    outer loop
      vertex 14.09647631790025 -1.0724622203665692 2.600097346438845
      vertex 14.09647631790025 0 0
      vertex 14.09647631790025 -1.212435565298214 2.8
    endloop
  endfacet
  facet normal -1 0 0
    outer loop
      vertex 14.09647631790025 0.4788282006559362 2.1844303308997284
      vertex 14.09647631790025 0.7 2.2875644347017863
      vertex 14.09647631790025 2.249756633902887 0.8188444490835769
    endloop
  endfacet
  facet normal -1 0 0
    outer loop
      vertex 14.09647631790025 1.212435565298214 2.8
      vertex 14.09647631790025 2.681155550916423 1.2502433660971128
      vertex 14.09647631790025 2.6522077448467436 1.218652379245967
    endloop
  endfacet
  facet normal -1 0 0
    outer loop
      vertex 14.09647631790025 1.212435565298214 2.8
      vertex 14.09647631790025 2.7072398659212826 1.2842371072446284
      vertex 14.09647631790025 2.681155550916423 1.2502433660971128
    endloop
  endfacet
  facet normal -1 0 0
    outer loop
      vertex 14.09647631790025 1.212435565298214 2.8
      vertex 14.09647631790025 2.8670321550114712 1.4924824727713388
      vertex 14.09647631790025 2.7072398659212826 1.2842371072446284
    endloop
  endfacet
  facet normal -1 0 0
    outer loop
      vertex 14.09647631790025 0.7 2.2875644347017863
      vertex 14.09647631790025 0.8999026535611548 2.4275377796334308
      vertex 14.09647631790025 2.4748737341529163 1.0251262658470837
    endloop
  endfacet
  facet normal -1 0 0
    outer loop
      vertex 14.09647631790025 0.8999026535611548 2.4275377796334308
      vertex 14.09647631790025 1.0724622203665692 2.600097346438845
      vertex 14.09647631790025 2.6522077448467436 1.218652379245967
    endloop
  endfacet
  facet normal -1 0 0
    outer loop
      vertex 14.09647631790025 1.3155696691002716 3.0211717993440637
      vertex 14.09647631790025 3.031088913245535 1.75
      vertex 14.09647631790025 2.8670321550114712 1.4924824727713388
    endloop
  endfacet
  facet normal -1 0 0
    outer loop
      vertex 14.09647631790025 1.3155696691002716 3.0211717993440637
      vertex 14.09647631790025 3.050873997691986 1.7880067936022477
      vertex 14.09647631790025 3.031088913245535 1.75
    endloop
  endfacet
  facet normal -1 0 0
    outer loop
      vertex 14.09647631790025 1.0724622203665692 2.600097346438845
      vertex 14.09647631790025 1.212435565298214 2.8
      vertex 14.09647631790025 2.6522077448467436 1.218652379245967
    endloop
  endfacet
  facet normal -1 0 0
    outer loop
      vertex 14.09647631790025 1.3155696691002716 3.0211717993440637
      vertex 14.09647631790025 3.152292170181824 1.9828292903053044
      vertex 14.09647631790025 3.050873997691986 1.7880067936022477
    endloop
  endfacet
  facet normal -1 0 0
    outer loop
      vertex 14.09647631790025 1.3155696691002716 3.0211717993440637
      vertex 14.09647631790025 3.1720772546282747 2.020836083907552
      vertex 14.09647631790025 3.152292170181824 1.9828292903053044
    endloop
  endfacet
  facet normal -1 0 0
    outer loop
      vertex 14.09647631790025 1.212435565298214 2.8
      vertex 14.09647631790025 1.3155696691002716 3.0211717993440637
      vertex 14.09647631790025 2.8670321550114712 1.4924824727713388
    endloop
  endfacet
  facet normal -1 0 0
    outer loop
      vertex 14.09647631790025 1.3155696691002716 3.0211717993440637
      vertex 14.09647631790025 3.2889241727506793 2.3029294983601596
      vertex 14.09647631790025 3.1720772546282747 2.020836083907552
    endloop
  endfacet
  facet normal -1 0 0
    outer loop
      vertex 14.09647631790025 1.3155696691002716 3.0211717993440637
      vertex 14.09647631790025 3.301808866859552 2.3437945272259
      vertex 14.09647631790025 3.2889241727506793 2.3029294983601596
    endloop
  endfacet
  facet normal -1 0 0
    outer loop
      vertex 14.09647631790025 -1.3155696691002716 3.9788282006559363
      vertex 14.09647631790025 -6 0
      vertex 14.09647631790025 -6 4.8820895101102275
    endloop
  endfacet
  facet normal -1 0 0
    outer loop
      vertex 14.09647631790025 1.3155696691002716 3.0211717993440637
      vertex 14.09647631790025 3.380740392011739 2.5941333421411774
      vertex 14.09647631790025 3.301808866859552 2.3437945272259
    endloop
  endfacet
  facet normal -1 0 0
    outer loop
      vertex 14.09647631790025 1.3155696691002716 3.0211717993440637
      vertex 14.09647631790025 3.446827135542728 2.892231378165744
      vertex 14.09647631790025 3.380740392011739 2.5941333421411774
    endloop
  endfacet
  facet normal -1 0 0
    outer loop
      vertex 14.09647631790025 1.3155696691002716 3.0211717993440637
      vertex 14.09647631790025 3.4524199444034944 2.9347129790715947
      vertex 14.09647631790025 3.446827135542728 2.892231378165744
    endloop
  endfacet
  facet normal -1 0 0
    outer loop
      vertex 14.09647631790025 1.3155696691002716 3.0211717993440637
      vertex 14.09647631790025 3.481088634460343 3.1524732994773457
      vertex 14.09647631790025 3.4524199444034944 2.9347129790715947
    endloop
  endfacet
  facet normal -1 0 0
    outer loop
      vertex 14.09647631790025 1.3155696691002716 3.0211717993440637
      vertex 14.09647631790025 3.4866814433211095 3.1949549003831965
      vertex 14.09647631790025 3.481088634460343 3.1524732994773457
    endloop
  endfacet
  facet normal -1 0 0
    outer loop
      vertex 14.09647631790025 1.3155696691002716 3.0211717993440637
      vertex 14.09647631790025 3.4885504543755865 3.2377622913823605
      vertex 14.09647631790025 3.4866814433211095 3.1949549003831965
    endloop
  endfacet
  facet normal -1 0 0
    outer loop
      vertex 14.09647631790025 1.3155696691002716 3.0211717993440637
      vertex 14.09647631790025 3.5 3.5
      vertex 14.09647631790025 3.4885504543755865 3.2377622913823605
    endloop
  endfacet
  facet normal -1 0 0
    outer loop
      vertex 14.09647631790025 1.3155696691002716 3.0211717993440637
      vertex 14.09647631790025 3.4866814433211095 3.8050450996168035
      vertex 14.09647631790025 3.5 3.5
    endloop
  endfacet
  facet normal 1 0 0
    outer loop
      vertex 8.296476317900249 -1.3155696691002716 3.0211717993440637
      vertex 8.296476317900249 -1.378730854217091 3.2568925512662976
      vertex 8.296476317900249 -6 4.882089510110227
    endloop
  endfacet
  facet normal 1 0 0
    outer loop
      vertex 8.296476317900249 -1.378730854217091 3.2568925512662976
      vertex 8.296476317900249 -1.4 3.5
      vertex 8.296476317900249 -6 4.882089510110227
    endloop
  endfacet
  facet normal 1 0 0
    outer loop
      vertex 8.296476317900249 1.212435565298214 2.8
      vertex 8.296476317900249 3.031088913245535 5.25
      vertex 8.296476317900249 1.3155696691002716 3.0211717993440637
    endloop
  endfacet
  facet normal 1 0 0
    outer loop
      vertex 8.296476317900249 1.212435565298214 2.8
      vertex 8.296476317900249 3.4866814433211095 3.8050450996168035
      vertex 8.296476317900249 3.446827135542728 4.107768621834256
    endloop
  endfacet
  facet normal 1 0 0
    outer loop
      vertex 8.296476317900249 1.212435565298214 2.8
      vertex 8.296476317900249 3.446827135542728 4.107768621834256
      vertex 8.296476317900249 3.4277731946763788 4.193715394928373
    endloop
  endfacet
  facet normal 1 0 0
    outer loop
      vertex 8.296476317900249 1.3155696691002716 3.0211717993440637
      vertex 8.296476317900249 2.9837885379645073 5.324246716870874
      vertex 8.296476317900249 1.378730854217091 3.2568925512662976
    endloop
  endfacet
  facet normal 1 0 0
    outer loop
      vertex 8.296476317900249 1.212435565298214 2.8
      vertex 8.296476317900249 3.4277731946763788 4.193715394928373
      vertex 8.296476317900249 3.380740392011739 4.405866657858823
    endloop
  endfacet
  facet normal 1 0 0
    outer loop
      vertex 8.296476317900249 1.378730854217091 3.2568925512662976
      vertex 8.296476317900249 2.9837885379645073 5.324246716870874
      vertex 8.296476317900249 1.4 3.5
    endloop
  endfacet
  facet normal 1 0 0
    outer loop
      vertex 8.296476317900249 1.212435565298214 2.8
      vertex 8.296476317900249 3.380740392011739 4.405866657858823
      vertex 8.296476317900249 3.2889241727506793 4.697070501639841
    endloop
  endfacet
  facet normal 1 0 0
    outer loop
      vertex 8.296476317900249 1.4 3.5
      vertex 8.296476317900249 2.9837885379645073 5.324246716870874
      vertex 8.296476317900249 1.378730854217091 3.7431074487337024
    endloop
  endfacet
  facet normal 1 0 0
    outer loop
      vertex 8.296476317900249 1.212435565298214 2.8
      vertex 8.296476317900249 3.2889241727506793 4.697070501639841
      vertex 8.296476317900249 3.1720772546282747 4.979163916092448
    endloop
  endfacet
  facet normal 1 0 0
    outer loop
      vertex 8.296476317900249 1.212435565298214 2.8
      vertex 8.296476317900249 3.1720772546282747 4.979163916092448
      vertex 8.296476317900249 3.031088913245535 5.25
    endloop
  endfacet
  facet normal 1 0 0
    outer loop
      vertex 8.296476317900249 -1.4 3.5
      vertex 8.296476317900249 -1.378730854217091 3.7431074487337024
      vertex 8.296476317900249 -1.1970705016398404 6.788924172750679
    endloop
  endfacet
  facet normal 1 0 0
    outer loop
      vertex 8.296476317900249 -1.378730854217091 3.7431074487337024
      vertex 8.296476317900249 -1.3155696691002716 3.9788282006559363
      vertex 8.296476317900249 -1.1970705016398404 6.788924172750679
    endloop
  endfacet
  facet normal 1 0 0
    outer loop
      vertex 8.296476317900249 -1.3155696691002716 3.9788282006559363
      vertex 8.296476317900249 -1.212435565298214 4.2
      vertex 8.296476317900249 -1.1970705016398404 6.788924172750679
    endloop
  endfacet
  facet normal 1 0 0
    outer loop
      vertex 8.296476317900249 -1.4 3.5
      vertex 8.296476317900249 -1.1970705016398404 6.788924172750679
      vertex 8.296476317900249 -6 4.882089510110227
    endloop
  endfacet
  facet normal 1 0 0
    outer loop
      vertex 8.296476317900249 1.378730854217091 3.7431074487337024
      vertex 8.296476317900249 2.8670321550114712 5.507517527228661
      vertex 8.296476317900249 1.3155696691002716 3.9788282006559363
    endloop
  endfacet
  facet normal 1 0 0
    outer loop
      vertex 8.296476317900249 1.3155696691002716 3.9788282006559363
      vertex 8.296476317900249 2.8670321550114712 5.507517527228661
      vertex 8.296476317900249 1.212435565298214 4.2
    endloop
  endfacet
  facet normal 1 0 0
    outer loop
      vertex 8.296476317900249 1.3155696691002716 3.0211717993440637
      vertex 8.296476317900249 3.031088913245535 5.25
      vertex 8.296476317900249 2.9837885379645073 5.324246716870874
    endloop
  endfacet
  facet normal 1 0 0
    outer loop
      vertex 8.296476317900249 1.378730854217091 3.7431074487337024
      vertex 8.296476317900249 2.9837885379645073 5.324246716870874
      vertex 8.296476317900249 2.8670321550114712 5.507517527228661
    endloop
  endfacet
  facet normal 1 0 0
    outer loop
      vertex 8.296476317900249 1.212435565298214 4.2
      vertex 8.296476317900249 2.8670321550114712 5.507517527228661
      vertex 8.296476317900249 2.681155550916423 5.749756633902887
    endloop
  endfacet
  facet normal 1 0 0
    outer loop
      vertex 8.296476317900249 -1.212435565298214 4.2
      vertex 8.296476317900249 -0.24574561328669753 5.632072930905314
      vertex 8.296476317900249 -1.1970705016398404 6.788924172750679
    endloop
  endfacet
  facet normal 1 0 0
    outer loop
      vertex 8.296476317900249 1.212435565298214 4.2
      vertex 8.296476317900249 1.671913314962655 6.571738268562789
      vertex 8.296476317900249 0.24574561328669753 5.632072930905314
    endloop
  endfacet
  facet normal 1 0 0
    outer loop
      vertex 8.296476317900249 1.212435565298214 4.2
      vertex 8.296476317900249 2.681155550916423 5.749756633902887
      vertex 8.296476317900249 2.6216809675369 5.814661752342515
    endloop
  endfacet
  facet normal 1 0 0
    outer loop
      vertex 8.296476317900249 1.212435565298214 4.2
      vertex 8.296476317900249 2.6216809675369 5.814661752342515
      vertex 8.296476317900249 2.4748737341529163 5.974873734152917
    endloop
  endfacet
  facet normal 1 0 0
    outer loop
      vertex 8.296476317900249 1.212435565298214 4.2
      vertex 8.296476317900249 2.4748737341529163 5.974873734152917
      vertex 8.296476317900249 2.314661752342514 6.1216809675369
    endloop
  endfacet
  facet normal 1 0 0
    outer loop
      vertex 8.296476317900249 1.212435565298214 4.2
      vertex 8.296476317900249 2.249756633902887 6.181155550916423
      vertex 8.296476317900249 2.179914947545264 6.234746961744589
    endloop
  endfacet
  facet normal 1 0 0
    outer loop
      vertex 8.296476317900249 1.212435565298214 4.2
      vertex 8.296476317900249 2.314661752342514 6.1216809675369
      vertex 8.296476317900249 2.249756633902887 6.181155550916423
    endloop
  endfacet
  facet normal 1 0 0
    outer loop
      vertex 8.296476317900249 1.212435565298214 4.2
      vertex 8.296476317900249 2.179914947545264 6.234746961744589
      vertex 8.296476317900249 2.007517527228661 6.367032155011471
    endloop
  endfacet
  facet normal 1 0 0
    outer loop
      vertex 8.296476317900249 1.212435565298214 4.2
      vertex 8.296476317900249 2.007517527228661 6.367032155011471
      vertex 8.296476317900249 1.8242467168708745 6.483788537964506
    endloop
  endfacet
  facet normal 1 0 0
    outer loop
      vertex 8.296476317900249 -0.24574561328669753 5.632072930905314
      vertex 8.296476317900249 -0.2298133329356934 5.6528362829059615
      vertex 8.296476317900249 -1.1970705016398404 6.788924172750679
    endloop
  endfacet
  facet normal 1 0 0
    outer loop
      vertex 8.296476317900249 -0.2298133329356934 5.6528362829059615
      vertex 8.296476317900249 -0.21213203435596426 5.672132034355964
      vertex 8.296476317900249 -1.1970705016398404 6.788924172750679
    endloop
  endfacet
  facet normal 1 0 0
    outer loop
      vertex 8.296476317900249 -0.21213203435596426 5.672132034355964
      vertex 8.296476317900249 -0.19283628290596178 5.689813332935693
      vertex 8.296476317900249 -1.1970705016398404 6.788924172750679
    endloop
  endfacet
  facet normal 1 0 0
    outer loop
      vertex 8.296476317900249 -0.19283628290596178 5.689813332935693
      vertex 8.296476317900249 -0.1720729309053138 5.705745613286697
      vertex 8.296476317900249 -1.1970705016398404 6.788924172750679
    endloop
  endfacet
  facet normal 1 0 0
    outer loop
      vertex 8.296476317900249 -0.1720729309053138 5.705745613286697
      vertex 8.296476317900249 -0.15 5.719807621135331
      vertex 8.296476317900249 -1.1970705016398404 6.788924172750679
    endloop
  endfacet
  facet normal 1 0 0
    outer loop
      vertex 8.296476317900249 0.2298133329356934 5.6528362829059615
      vertex 8.296476317900249 0.24574561328669753 5.632072930905314
      vertex 8.296476317900249 1.671913314962655 6.571738268562789
    endloop
  endfacet
  facet normal 1 0 0
    outer loop
      vertex 8.296476317900249 0.2298133329356934 5.6528362829059615
      vertex 8.296476317900249 1.671913314962655 6.571738268562789
      vertex 8.296476317900249 0.21213203435596426 5.672132034355964
    endloop
  endfacet
  facet normal 1 0 0
    outer loop
      vertex 8.296476317900249 0.21213203435596426 5.672132034355964
      vertex 8.296476317900249 1.671913314962655 6.571738268562789
      vertex 8.296476317900249 0.19283628290596178 5.689813332935693
    endloop
  endfacet
  facet normal 1 0 0
    outer loop
      vertex 8.296476317900249 0.19283628290596178 5.689813332935693
      vertex 8.296476317900249 1.671913314962655 6.571738268562789
      vertex 8.296476317900249 0.1720729309053138 5.705745613286697
    endloop
  endfacet
  facet normal 1 0 0
    outer loop
      vertex 8.296476317900249 0.15 5.719807621135331
      vertex 8.296476317900249 0.1720729309053138 5.705745613286697
      vertex 8.296476317900249 1.671913314962655 6.571738268562789
    endloop
  endfacet
  facet normal 1 0 0
    outer loop
      vertex 8.296476317900249 0.15 5.719807621135331
      vertex 8.296476317900249 1.671913314962655 6.571738268562789
      vertex 8.296476317900249 0.12678547852220984 5.731892336110995
    endloop
  endfacet
  facet normal 1 0 0
    outer loop
      vertex 8.296476317900249 0.10260604299770061 5.741907786235773
      vertex 8.296476317900249 0.12678547852220984 5.731892336110995
      vertex 8.296476317900249 1.671913314962655 6.571738268562789
    endloop
  endfacet
  facet normal 1 0 0
    outer loop
      vertex 8.296476317900249 -0.15 5.719807621135331
      vertex 8.296476317900249 -0.12678547852220984 5.731892336110995
      vertex 8.296476317900249 1.4791639160924481 6.672077254628275
    endloop
  endfacet
  facet normal 1 0 0
    outer loop
      vertex 8.296476317900249 -0.12678547852220984 5.731892336110995
      vertex 8.296476317900249 -0.10260604299770061 5.741907786235773
      vertex 8.296476317900249 1.4791639160924481 6.672077254628275
    endloop
  endfacet
  facet normal 1 0 0
    outer loop
      vertex 8.296476317900249 -0.10260604299770061 5.741907786235773
      vertex 8.296476317900249 -0.07764571353075622 5.7497777478867205
      vertex 8.296476317900249 1.4791639160924481 6.672077254628275
    endloop
  endfacet
  facet normal 1 0 0
    outer loop
      vertex 8.296476317900249 -0.07764571353075622 5.7497777478867205
      vertex 8.296476317900249 -0.0520944533000791 5.755442325903662
      vertex 8.296476317900249 1.4791639160924481 6.672077254628275
    endloop
  endfacet
  facet normal 1 0 0
    outer loop
      vertex 8.296476317900249 -0.0520944533000791 5.755442325903662
      vertex 8.296476317900249 -0.02614672282429745 5.758858409427523
      vertex 8.296476317900249 1.4791639160924481 6.672077254628275
    endloop
  endfacet
  facet normal 1 0 0
    outer loop
      vertex 8.296476317900249 -0.02614672282429745 5.758858409427523
      vertex 8.296476317900249 0 5.76
      vertex 8.296476317900249 1.4791639160924481 6.672077254628275
    endloop
  endfacet
  facet normal 1 0 0
    outer loop
      vertex 8.296476317900249 0 5.76
      vertex 8.296476317900249 0.02614672282429745 5.758858409427523
      vertex 8.296476317900249 1.4791639160924481 6.672077254628275
    endloop
  endfacet
  facet normal 1 0 0
    outer loop
      vertex 8.296476317900249 0.10260604299770061 5.741907786235773
      vertex 8.296476317900249 1.671913314962655 6.571738268562789
      vertex 8.296476317900249 0.07764571353075622 5.7497777478867205
    endloop
  endfacet
  facet normal 1 0 0
    outer loop
      vertex 8.296476317900249 0.02614672282429745 5.758858409427523
      vertex 8.296476317900249 0.0520944533000791 5.755442325903662
      vertex 8.296476317900249 1.671913314962655 6.571738268562789
    endloop
  endfacet
  facet normal 1 0 0
    outer loop
      vertex 8.296476317900249 0.07764571353075622 5.7497777478867205
      vertex 8.296476317900249 1.671913314962655 6.571738268562789
      vertex 8.296476317900249 0.0520944533000791 5.755442325903662
    endloop
  endfacet
  facet normal 1 0 0
    outer loop
      vertex 8.296476317900249 1.212435565298214 4.2
      vertex 8.296476317900249 1.8242467168708745 6.483788537964506
      vertex 8.296476317900249 1.75 6.531088913245535
    endloop
  endfacet
  facet normal 1 0 0
    outer loop
      vertex 8.296476317900249 1.212435565298214 4.2
      vertex 8.296476317900249 1.75 6.531088913245535
      vertex 8.296476317900249 1.671913314962655 6.571738268562789
    endloop
  endfacet
  facet normal 1 0 0
    outer loop
      vertex 8.296476317900249 0.02614672282429745 5.758858409427523
      vertex 8.296476317900249 1.671913314962655 6.571738268562789
      vertex 8.296476317900249 1.4791639160924481 6.672077254628275
    endloop
  endfacet
  facet normal 1 0 0
    outer loop
      vertex 8.296476317900249 -0.15 5.719807621135331
      vertex 8.296476317900249 -0.9058666578588226 6.880740392011739
      vertex 8.296476317900249 -1.1970705016398404 6.788924172750679
    endloop
  endfacet
  facet normal 1 0 0
    outer loop
      vertex 8.296476317900249 -0.15 5.719807621135331
      vertex 8.296476317900249 -0.6077686218342562 6.946827135542728
      vertex 8.296476317900249 -0.9058666578588226 6.880740392011739
    endloop
  endfacet
  facet normal 1 0 0
    outer loop
      vertex 8.296476317900249 -0.15 5.719807621135331
      vertex 8.296476317900249 -0.3050450996168036 6.9866814433211095
      vertex 8.296476317900249 -0.6077686218342562 6.946827135542728
    endloop
  endfacet
  facet normal 1 0 0
    outer loop
      vertex 8.296476317900249 -0.15 5.719807621135331
      vertex 8.296476317900249 0.6077686218342562 6.946827135542728
      vertex 8.296476317900249 0.3050450996168036 6.9866814433211095
    endloop
  endfacet
  facet normal 1 0 0
    outer loop
      vertex 8.296476317900249 -0.15 5.719807621135331
      vertex 8.296476317900249 1.2784028680204924 6.755235203535916
      vertex 8.296476317900249 1.1970705016398404 6.788924172750679
    endloop
  endfacet
  facet normal 1 0 0
    outer loop
      vertex 8.296476317900249 -0.15 5.719807621135331
      vertex 8.296476317900249 1.1970705016398404 6.788924172750679
      vertex 8.296476317900249 1.113111442333864 6.815396362465272
    endloop
  endfacet
  facet normal 1 0 0
    outer loop
      vertex 8.296476317900249 -0.15 5.719807621135331
      vertex 8.296476317900249 1.4791639160924481 6.672077254628275
      vertex 8.296476317900249 1.2784028680204924 6.755235203535916
    endloop
  endfacet
  facet normal 1 0 0
    outer loop
      vertex 8.296476317900249 -0.15 5.719807621135331
      vertex 8.296476317900249 1.113111442333864 6.815396362465272
      vertex 8.296476317900249 0.9898257171647991 6.8542682022971455
    endloop
  endfacet
  facet normal 1 0 0
    outer loop
      vertex 8.296476317900249 -0.15 5.719807621135331
      vertex 8.296476317900249 0.9898257171647991 6.8542682022971455
      vertex 8.296476317900249 0.9058666578588226 6.880740392011739
    endloop
  endfacet
  facet normal 1 0 0
    outer loop
      vertex 8.296476317900249 -0.15 5.719807621135331
      vertex 8.296476317900249 0.6937153949283726 6.927773194676378
      vertex 8.296476317900249 0.6077686218342562 6.946827135542728
    endloop
  endfacet
  facet normal 1 0 0
    outer loop
      vertex 8.296476317900249 -0.15 5.719807621135331
      vertex 8.296476317900249 0.9058666578588226 6.880740392011739
      vertex 8.296476317900249 0.6937153949283726 6.927773194676378
    endloop
  endfacet
  facet normal 1 0 0
    outer loop
      vertex 8.296476317900249 -0.15 5.719807621135331
      vertex 8.296476317900249 0 7
      vertex 8.296476317900249 -0.3050450996168036 6.9866814433211095
    endloop
  endfacet
  facet normal 1 0 0
    outer loop
      vertex 8.296476317900249 -0.15 5.719807621135331
      vertex 8.296476317900249 0.08794973059828201 6.996160031833529
      vertex 8.296476317900249 0 7
    endloop
  endfacet
  facet normal 1 0 0
    outer loop
      vertex 8.296476317900249 -0.15 5.719807621135331
      vertex 8.296476317900249 0.21709536901852158 6.99052141148758
      vertex 8.296476317900249 0.08794973059828201 6.996160031833529
    endloop
  endfacet
  facet normal 1 0 0
    outer loop
      vertex 8.296476317900249 -0.15 5.719807621135331
      vertex 8.296476317900249 0.3050450996168036 6.9866814433211095
      vertex 8.296476317900249 0.21709536901852158 6.99052141148758
    endloop
  endfacet
  facet normal -1 0 0
    outer loop
      vertex 14.09647631790025 -1.3155696691002716 3.9788282006559363
      vertex 14.09647631790025 -6 4.8820895101102275
      vertex 14.09647631790025 -1.212435565298214 4.2
    endloop
  endfacet
  facet normal -1 0 0
    outer loop
      vertex 14.09647631790025 1.3155696691002716 3.0211717993440637
      vertex 14.09647631790025 3.446827135542728 4.107768621834256
      vertex 14.09647631790025 3.4866814433211095 3.8050450996168035
    endloop
  endfacet
  facet normal -1 0 0
    outer loop
      vertex 14.09647631790025 1.3155696691002716 3.0211717993440637
      vertex 14.09647631790025 1.378730854217091 3.2568925512662976
      vertex 14.09647631790025 2.8670321550114712 5.507517527228661
    endloop
  endfacet
  facet normal -1 0 0
    outer loop
      vertex 14.09647631790025 1.3155696691002716 3.0211717993440637
      vertex 14.09647631790025 3.437553093528133 4.149601122012808
      vertex 14.09647631790025 3.446827135542728 4.107768621834256
    endloop
  endfacet
  facet normal -1 0 0
    outer loop
      vertex 14.09647631790025 1.3155696691002716 3.0211717993440637
      vertex 14.09647631790025 3.380740392011739 4.405866657858823
      vertex 14.09647631790025 3.437553093528133 4.149601122012808
    endloop
  endfacet
  facet normal -1 0 0
    outer loop
      vertex 14.09647631790025 1.378730854217091 3.2568925512662976
      vertex 14.09647631790025 1.4 3.5
      vertex 14.09647631790025 2.8670321550114712 5.507517527228661
    endloop
  endfacet
  facet normal -1 0 0
    outer loop
      vertex 14.09647631790025 1.3155696691002716 3.0211717993440637
      vertex 14.09647631790025 3.2889241727506793 4.697070501639841
      vertex 14.09647631790025 3.380740392011739 4.405866657858823
    endloop
  endfacet
  facet normal -1 0 0
    outer loop
      vertex 14.09647631790025 1.4 3.5
      vertex 14.09647631790025 1.378730854217091 3.7431074487337024
      vertex 14.09647631790025 2.8670321550114712 5.507517527228661
    endloop
  endfacet
  facet normal -1 0 0
    outer loop
      vertex 14.09647631790025 1.3155696691002716 3.0211717993440637
      vertex 14.09647631790025 3.1720772546282747 4.979163916092448
      vertex 14.09647631790025 3.2889241727506793 4.697070501639841
    endloop
  endfacet
  facet normal -1 0 0
    outer loop
      vertex 14.09647631790025 -1.212435565298214 4.2
      vertex 14.09647631790025 -6 4.8820895101102275
      vertex 14.09647631790025 -0.24574561328669753 5.632072930905314
    endloop
  endfacet
  facet normal -1 0 0
    outer loop
      vertex 14.09647631790025 1.378730854217091 3.7431074487337024
      vertex 14.09647631790025 1.3155696691002716 3.9788282006559363
      vertex 14.09647631790025 2.681155550916423 5.749756633902887
    endloop
  endfacet
  facet normal -1 0 0
    outer loop
      vertex 14.09647631790025 1.3155696691002716 3.0211717993440637
      vertex 14.09647631790025 3.031088913245535 5.25
      vertex 14.09647631790025 3.1720772546282747 4.979163916092448
    endloop
  endfacet
  facet normal -1 0 0
    outer loop
      vertex 14.09647631790025 1.3155696691002716 3.0211717993440637
      vertex 14.09647631790025 3.0080666066928226 5.286137782547771
      vertex 14.09647631790025 3.031088913245535 5.25
    endloop
  endfacet
  facet normal -1 0 0
    outer loop
      vertex 14.09647631790025 1.3155696691002716 3.9788282006559363
      vertex 14.09647631790025 1.212435565298214 4.2
      vertex 14.09647631790025 2.681155550916423 5.749756633902887
    endloop
  endfacet
  facet normal -1 0 0
    outer loop
      vertex 14.09647631790025 1.3155696691002716 3.0211717993440637
      vertex 14.09647631790025 2.8670321550114712 5.507517527228661
      vertex 14.09647631790025 3.0080666066928226 5.286137782547771
    endloop
  endfacet
  facet normal -1 0 0
    outer loop
      vertex 14.09647631790025 1.378730854217091 3.7431074487337024
      vertex 14.09647631790025 2.681155550916423 5.749756633902887
      vertex 14.09647631790025 2.8670321550114712 5.507517527228661
    endloop
  endfacet
  facet normal -1 0 0
    outer loop
      vertex 14.09647631790025 1.212435565298214 4.2
      vertex 14.09647631790025 2.6522077448467436 5.781347620754033
      vertex 14.09647631790025 2.681155550916423 5.749756633902887
    endloop
  endfacet
  facet normal -1 0 0
    outer loop
      vertex 14.09647631790025 -0.24574561328669753 5.632072930905314
      vertex 14.09647631790025 -6 4.8820895101102275
      vertex 14.09647631790025 -0.2298133329356934 5.6528362829059615
    endloop
  endfacet
  facet normal -1 0 0
    outer loop
      vertex 14.09647631790025 -0.2298133329356934 5.6528362829059615
      vertex 14.09647631790025 -6 4.8820895101102275
      vertex 14.09647631790025 -0.21213203435596426 5.672132034355964
    endloop
  endfacet
  facet normal -1 0 0
    outer loop
      vertex 14.09647631790025 -0.21213203435596426 5.672132034355964
      vertex 14.09647631790025 -6 4.8820895101102275
      vertex 14.09647631790025 -0.19283628290596178 5.689813332935693
    endloop
  endfacet
  facet normal -1 0 0
    outer loop
      vertex 14.09647631790025 -0.19283628290596178 5.689813332935693
      vertex 14.09647631790025 -6 4.8820895101102275
      vertex 14.09647631790025 -0.1720729309053138 5.705745613286697
    endloop
  endfacet
  facet normal -1 0 0
    outer loop
      vertex 14.09647631790025 -0.1720729309053138 5.705745613286697
      vertex 14.09647631790025 -6 4.8820895101102275
      vertex 14.09647631790025 -0.15 5.719807621135331
    endloop
  endfacet
  facet normal -1 0 0
    outer loop
      vertex 14.09647631790025 -0.15 5.719807621135331
      vertex 14.09647631790025 -6 4.8820895101102275
      vertex 14.09647631790025 -1.1970705016398404 6.788924172750679
    endloop
  endfacet
  facet normal -1 0 0
    outer loop
      vertex 14.09647631790025 1.212435565298214 4.2
      vertex 14.09647631790025 0.24574561328669753 5.632072930905314
      vertex 14.09647631790025 1.4791639160924481 6.672077254628275
    endloop
  endfacet
  facet normal -1 0 0
    outer loop
      vertex 14.09647631790025 1.212435565298214 4.2
      vertex 14.09647631790025 2.4748737341529163 5.974873734152917
      vertex 14.09647631790025 2.6522077448467436 5.781347620754033
    endloop
  endfacet
  facet normal -1 0 0
    outer loop
      vertex 14.09647631790025 1.212435565298214 4.2
      vertex 14.09647631790025 2.2813476207540333 6.152207744846744
      vertex 14.09647631790025 2.4748737341529163 5.974873734152917
    endloop
  endfacet
  facet normal -1 0 0
    outer loop
      vertex 14.09647631790025 1.212435565298214 4.2
      vertex 14.09647631790025 2.249756633902887 6.181155550916423
      vertex 14.09647631790025 2.2813476207540333 6.152207744846744
    endloop
  endfacet
  facet normal -1 0 0
    outer loop
      vertex 14.09647631790025 1.212435565298214 4.2
      vertex 14.09647631790025 2.2157628927553716 6.207239865921283
      vertex 14.09647631790025 2.249756633902887 6.181155550916423
    endloop
  endfacet
  facet normal -1 0 0
    outer loop
      vertex 14.09647631790025 1.212435565298214 4.2
      vertex 14.09647631790025 2.007517527228661 6.367032155011471
      vertex 14.09647631790025 2.2157628927553716 6.207239865921283
    endloop
  endfacet
  facet normal -1 0 0
    outer loop
      vertex 14.09647631790025 0.2298133329356934 5.6528362829059615
      vertex 14.09647631790025 1.4791639160924481 6.672077254628275
      vertex 14.09647631790025 0.24574561328669753 5.632072930905314
    endloop
  endfacet
  facet normal -1 0 0
    outer loop
      vertex 14.09647631790025 0.2298133329356934 5.6528362829059615
      vertex 14.09647631790025 0.21213203435596426 5.672132034355964
      vertex 14.09647631790025 1.4791639160924481 6.672077254628275
    endloop
  endfacet
  facet normal -1 0 0
    outer loop
      vertex 14.09647631790025 0.21213203435596426 5.672132034355964
      vertex 14.09647631790025 0.19283628290596178 5.689813332935693
      vertex 14.09647631790025 1.4791639160924481 6.672077254628275
    endloop
  endfacet
  facet normal -1 0 0
    outer loop
      vertex 14.09647631790025 0.02614672282429745 5.758858409427523
      vertex 14.09647631790025 1.4791639160924481 6.672077254628275
      vertex 14.09647631790025 0.0520944533000791 5.755442325903662
    endloop
  endfacet
  facet normal -1 0 0
    outer loop
      vertex 14.09647631790025 0.07764571353075622 5.7497777478867205
      vertex 14.09647631790025 0.0520944533000791 5.755442325903662
      vertex 14.09647631790025 1.4791639160924481 6.672077254628275
    endloop
  endfacet
  facet normal -1 0 0
    outer loop
      vertex 14.09647631790025 0.19283628290596178 5.689813332935693
      vertex 14.09647631790025 0.1720729309053138 5.705745613286697
      vertex 14.09647631790025 1.4791639160924481 6.672077254628275
    endloop
  endfacet
  facet normal -1 0 0
    outer loop
      vertex 14.09647631790025 0.15 5.719807621135331
      vertex 14.09647631790025 1.4791639160924481 6.672077254628275
      vertex 14.09647631790025 0.1720729309053138 5.705745613286697
    endloop
  endfacet
  facet normal -1 0 0
    outer loop
      vertex 14.09647631790025 0.15 5.719807621135331
      vertex 14.09647631790025 0.12678547852220984 5.731892336110995
      vertex 14.09647631790025 1.4791639160924481 6.672077254628275
    endloop
  endfacet
  facet normal -1 0 0
    outer loop
      vertex 14.09647631790025 0.10260604299770061 5.741907786235773
      vertex 14.09647631790025 1.4791639160924481 6.672077254628275
      vertex 14.09647631790025 0.12678547852220984 5.731892336110995
    endloop
  endfacet
  facet normal -1 0 0
    outer loop
      vertex 14.09647631790025 0.10260604299770061 5.741907786235773
      vertex 14.09647631790025 0.07764571353075622 5.7497777478867205
      vertex 14.09647631790025 1.4791639160924481 6.672077254628275
    endloop
  endfacet
  facet normal -1 0 0
    outer loop
      vertex 14.09647631790025 -0.15 5.719807621135331
      vertex 14.09647631790025 1.2366570516481223 6.772526886849688
      vertex 14.09647631790025 -0.12678547852220984 5.731892336110995
    endloop
  endfacet
  facet normal -1 0 0
    outer loop
      vertex 14.09647631790025 -0.12678547852220984 5.731892336110995
      vertex 14.09647631790025 1.2366570516481223 6.772526886849688
      vertex 14.09647631790025 -0.10260604299770061 5.741907786235773
    endloop
  endfacet
  facet normal -1 0 0
    outer loop
      vertex 14.09647631790025 -0.10260604299770061 5.741907786235773
      vertex 14.09647631790025 1.2366570516481223 6.772526886849688
      vertex 14.09647631790025 -0.07764571353075622 5.7497777478867205
    endloop
  endfacet
  facet normal -1 0 0
    outer loop
      vertex 14.09647631790025 -0.07764571353075622 5.7497777478867205
      vertex 14.09647631790025 1.2366570516481223 6.772526886849688
      vertex 14.09647631790025 -0.0520944533000791 5.755442325903662
    endloop
  endfacet
  facet normal -1 0 0
    outer loop
      vertex 14.09647631790025 -0.0520944533000791 5.755442325903662
      vertex 14.09647631790025 1.2366570516481223 6.772526886849688
      vertex 14.09647631790025 -0.02614672282429745 5.758858409427523
    endloop
  endfacet
  facet normal -1 0 0
    outer loop
      vertex 14.09647631790025 -0.02614672282429745 5.758858409427523
      vertex 14.09647631790025 1.2366570516481223 6.772526886849688
      vertex 14.09647631790025 0 5.76
    endloop
  endfacet
  facet normal -1 0 0
    outer loop
      vertex 14.09647631790025 0 5.76
      vertex 14.09647631790025 1.2366570516481223 6.772526886849688
      vertex 14.09647631790025 0.02614672282429745 5.758858409427523
    endloop
  endfacet
  facet normal -1 0 0
    outer loop
      vertex 14.09647631790025 1.212435565298214 4.2
      vertex 14.09647631790025 1.7861377825477707 6.508066606692822
      vertex 14.09647631790025 2.007517527228661 6.367032155011471
    endloop
  endfacet
  facet normal -1 0 0
    outer loop
      vertex 14.09647631790025 1.212435565298214 4.2
      vertex 14.09647631790025 1.75 6.531088913245535
      vertex 14.09647631790025 1.7861377825477707 6.508066606692822
    endloop
  endfacet
  facet normal -1 0 0
    outer loop
      vertex 14.09647631790025 1.212435565298214 4.2
      vertex 14.09647631790025 1.7119932063977523 6.550873997691986
      vertex 14.09647631790025 1.75 6.531088913245535
    endloop
  endfacet
  facet normal -1 0 0
    outer loop
      vertex 14.09647631790025 1.212435565298214 4.2
      vertex 14.09647631790025 1.4791639160924481 6.672077254628275
      vertex 14.09647631790025 1.7119932063977523 6.550873997691986
    endloop
  endfacet
  facet normal -1 0 0
    outer loop
      vertex 14.09647631790025 -0.15 5.719807621135331
      vertex 14.09647631790025 -1.1970705016398404 6.788924172750679
      vertex 14.09647631790025 -0.9058666578588226 6.880740392011739
    endloop
  endfacet
  facet normal -1 0 0
    outer loop
      vertex 14.09647631790025 -0.15 5.719807621135331
      vertex 14.09647631790025 -0.9058666578588226 6.880740392011739
      vertex 14.09647631790025 -0.6077686218342562 6.946827135542728
    endloop
  endfacet
  facet normal -1 0 0
    outer loop
      vertex 14.09647631790025 -0.15 5.719807621135331
      vertex 14.09647631790025 -0.6077686218342562 6.946827135542728
      vertex 14.09647631790025 -0.3050450996168036 6.9866814433211095
    endloop
  endfacet
  facet normal -1 0 0
    outer loop
      vertex 14.09647631790025 -0.15 5.719807621135331
      vertex 14.09647631790025 0.3050450996168036 6.9866814433211095
      vertex 14.09647631790025 0.6077686218342562 6.946827135542728
    endloop
  endfacet
  facet normal -1 0 0
    outer loop
      vertex 14.09647631790025 -0.15 5.719807621135331
      vertex 14.09647631790025 1.1562054727740996 6.8018088668595516
      vertex 14.09647631790025 1.1970705016398404 6.788924172750679
    endloop
  endfacet
  facet normal -1 0 0
    outer loop
      vertex 14.09647631790025 -0.15 5.719807621135331
      vertex 14.09647631790025 1.1970705016398404 6.788924172750679
      vertex 14.09647631790025 1.2366570516481223 6.772526886849688
    endloop
  endfacet
  facet normal -1 0 0
    outer loop
      vertex 14.09647631790025 0.02614672282429745 5.758858409427523
      vertex 14.09647631790025 1.2366570516481223 6.772526886849688
      vertex 14.09647631790025 1.4791639160924481 6.672077254628275
    endloop
  endfacet
  facet normal -1 0 0
    outer loop
      vertex 14.09647631790025 -0.15 5.719807621135331
      vertex 14.09647631790025 0.9467316867245633 6.867855697902866
      vertex 14.09647631790025 1.1562054727740996 6.8018088668595516
    endloop
  endfacet
  facet normal -1 0 0
    outer loop
      vertex 14.09647631790025 -0.15 5.719807621135331
      vertex 14.09647631790025 0.9058666578588226 6.880740392011739
      vertex 14.09647631790025 0.9467316867245633 6.867855697902866
    endloop
  endfacet
  facet normal -1 0 0
    outer loop
      vertex 14.09647631790025 -0.15 5.719807621135331
      vertex 14.09647631790025 0.6077686218342562 6.946827135542728
      vertex 14.09647631790025 0.6496011220128084 6.937553093528133
    endloop
  endfacet
  facet normal -1 0 0
    outer loop
      vertex 14.09647631790025 -0.15 5.719807621135331
      vertex 14.09647631790025 0.6496011220128084 6.937553093528133
      vertex 14.09647631790025 0.9058666578588226 6.880740392011739
    endloop
  endfacet
  facet normal -1 0 0
    outer loop
      vertex 14.09647631790025 -0.15 5.719807621135331
      vertex 14.09647631790025 -0.3050450996168036 6.9866814433211095
      vertex 14.09647631790025 0 7
    endloop
  endfacet
  facet normal -1 0 0
    outer loop
      vertex 14.09647631790025 -0.15 5.719807621135331
      vertex 14.09647631790025 0 7
      vertex 14.09647631790025 0.0428073909991638 6.998130988945523
    endloop
  endfacet
  facet normal -1 0 0
    outer loop
      vertex 14.09647631790025 -0.15 5.719807621135331
      vertex 14.09647631790025 0.0428073909991638 6.998130988945523
      vertex 14.09647631790025 0.2622377086176398 6.988550454375586
    endloop
  endfacet
  facet normal -1 0 0
    outer loop
      vertex 14.09647631790025 -0.15 5.719807621135331
      vertex 14.09647631790025 0.2622377086176398 6.988550454375586
      vertex 14.09647631790025 0.3050450996168036 6.9866814433211095
    endloop
  endfacet
  facet normal -2.2835831439532683e-19 0.5735764363510454 0.8191520442889922
    outer loop
      vertex -17.146476317900248 -0.7 2.2875644347017863
      vertex -17.146476317900248 -0.8999026535611548 2.4275377796334308
      vertex -14.09647631790025 -0.8999026535611548 2.4275377796334308
    endloop
  endfacet
  facet normal -1.5160618480366223e-18 0.7071067811865474 0.7071067811865478
    outer loop
      vertex -17.146476317900248 -0.8999026535611548 2.4275377796334308
      vertex -17.146476317900248 -1.0724622203665692 2.600097346438845
      vertex -14.09647631790025 -1.0724622203665692 2.600097346438845
    endloop
  endfacet
  facet normal 0 0.7071067811865474 0.7071067811865478
    outer loop
      vertex -17.146476317900248 -0.8999026535611548 2.4275377796334308
      vertex -14.09647631790025 -1.0724622203665692 2.600097346438845
      vertex -14.09647631790025 -0.8999026535611548 2.4275377796334308
    endloop
  endfacet
  facet normal 0 0.2588190451025196 0.9659258262890686
    outer loop
      vertex -17.146476317900248 -0.4788282006559362 2.1844303308997284
      vertex -14.09647631790025 -0.4788282006559362 2.1844303308997284
      vertex -17.146476317900248 -0.24310744873370244 2.121269145782909
    endloop
  endfacet
  facet normal 0 0.0871557427476596 0.9961946980917454
    outer loop
      vertex -17.146476317900248 -0.24310744873370244 2.121269145782909
      vertex -14.09647631790025 -0.24310744873370244 2.121269145782909
      vertex -17.146476317900248 0 2.1
    endloop
  endfacet
  facet normal 0 -0.0871557427476596 0.9961946980917454
    outer loop
      vertex -17.146476317900248 0 2.1
      vertex -14.09647631790025 0 2.1
      vertex -17.146476317900248 0.24310744873370244 2.121269145782909
    endloop
  endfacet
  facet normal 0 -0.2588190451025196 0.9659258262890686
    outer loop
      vertex -17.146476317900248 0.24310744873370244 2.121269145782909
      vertex -14.09647631790025 0.24310744873370244 2.121269145782909
      vertex -17.146476317900248 0.4788282006559362 2.1844303308997284
    endloop
  endfacet
  facet normal 0 0.2588190451025196 0.9659258262890686
    outer loop
      vertex -17.146476317900248 -0.24310744873370244 2.121269145782909
      vertex -14.09647631790025 -0.4788282006559362 2.1844303308997284
      vertex -14.09647631790025 -0.24310744873370244 2.121269145782909
    endloop
  endfacet
  facet normal 0 0.0871557427476596 0.9961946980917454
    outer loop
      vertex -17.146476317900248 0 2.1
      vertex -14.09647631790025 -0.24310744873370244 2.121269145782909
      vertex -14.09647631790025 0 2.1
    endloop
  endfacet
  facet normal 0 -0.0871557427476596 0.9961946980917454
    outer loop
      vertex -17.146476317900248 0.24310744873370244 2.121269145782909
      vertex -14.09647631790025 0 2.1
      vertex -14.09647631790025 0.24310744873370244 2.121269145782909
    endloop
  endfacet
  facet normal 0 -0.2588190451025196 0.9659258262890686
    outer loop
      vertex -17.146476317900248 0.4788282006559362 2.1844303308997284
      vertex -14.09647631790025 0.24310744873370244 2.121269145782909
      vertex -14.09647631790025 0.4788282006559362 2.1844303308997284
    endloop
  endfacet
  facet normal -3.474870743661978e-19 0.42261826174070033 0.9063077870366495
    outer loop
      vertex -17.146476317900248 -0.4788282006559362 2.1844303308997284
      vertex -17.146476317900248 -0.7 2.2875644347017863
      vertex -14.09647631790025 -0.7 2.2875644347017863
    endloop
  endfacet
  facet normal 0 -0.42261826174070033 0.9063077870366495
    outer loop
      vertex -17.146476317900248 0.4788282006559362 2.1844303308997284
      vertex -14.09647631790025 0.4788282006559362 2.1844303308997284
      vertex -17.146476317900248 0.7 2.2875644347017863
    endloop
  endfacet
  facet normal 0 -0.5735764363510454 0.8191520442889922
    outer loop
      vertex -17.146476317900248 0.7 2.2875644347017863
      vertex -14.09647631790025 0.7 2.2875644347017863
      vertex -17.146476317900248 0.8999026535611548 2.4275377796334308
    endloop
  endfacet
  facet normal 0 -0.7071067811865474 0.7071067811865478
    outer loop
      vertex -17.146476317900248 0.8999026535611548 2.4275377796334308
      vertex -14.09647631790025 0.8999026535611548 2.4275377796334308
      vertex -17.146476317900248 1.0724622203665692 2.600097346438845
    endloop
  endfacet
  facet normal 0 0.42261826174070033 0.9063077870366495
    outer loop
      vertex -17.146476317900248 -0.4788282006559362 2.1844303308997284
      vertex -14.09647631790025 -0.7 2.2875644347017863
      vertex -14.09647631790025 -0.4788282006559362 2.1844303308997284
    endloop
  endfacet
  facet normal 0 0.5735764363510454 0.8191520442889922
    outer loop
      vertex -17.146476317900248 -0.7 2.2875644347017863
      vertex -14.09647631790025 -0.8999026535611548 2.4275377796334308
      vertex -14.09647631790025 -0.7 2.2875644347017863
    endloop
  endfacet
  facet normal 0 -0.42261826174070033 0.9063077870366495
    outer loop
      vertex -17.146476317900248 0.7 2.2875644347017863
      vertex -14.09647631790025 0.4788282006559362 2.1844303308997284
      vertex -14.09647631790025 0.7 2.2875644347017863
    endloop
  endfacet
  facet normal 0 -0.5735764363510454 0.8191520442889922
    outer loop
      vertex -17.146476317900248 0.8999026535611548 2.4275377796334308
      vertex -14.09647631790025 0.7 2.2875644347017863
      vertex -14.09647631790025 0.8999026535611548 2.4275377796334308
    endloop
  endfacet
  facet normal 0 -0.7071067811865474 0.7071067811865478
    outer loop
      vertex -17.146476317900248 1.0724622203665692 2.600097346438845
      vertex -14.09647631790025 0.8999026535611548 2.4275377796334308
      vertex -14.09647631790025 1.0724622203665692 2.600097346438845
    endloop
  endfacet
  facet normal -1.6949072214033032e-18 0.8191520442889917 0.5735764363510463
    outer loop
      vertex -17.146476317900248 -1.0724622203665692 2.600097346438845
      vertex -17.146476317900248 -1.212435565298214 2.8
      vertex -14.09647631790025 -1.212435565298214 2.8
    endloop
  endfacet
  facet normal 2.005764189043586e-18 0.9063077870366499 0.42261826174069944
    outer loop
      vertex -17.146476317900248 -1.212435565298214 2.8
      vertex -17.146476317900248 -1.3155696691002716 3.0211717993440637
      vertex -14.09647631790025 -1.3155696691002716 3.0211717993440637
    endloop
  endfacet
  facet normal 0 0.8191520442889917 0.5735764363510463
    outer loop
      vertex -17.146476317900248 -1.0724622203665692 2.600097346438845
      vertex -14.09647631790025 -1.212435565298214 2.8
      vertex -14.09647631790025 -1.0724622203665692 2.600097346438845
    endloop
  endfacet
  facet normal 0 0.9063077870366499 0.42261826174069944
    outer loop
      vertex -17.146476317900248 -1.212435565298214 2.8
      vertex -14.09647631790025 -1.3155696691002716 3.0211717993440637
      vertex -14.09647631790025 -1.212435565298214 2.8
    endloop
  endfacet
  facet normal 7.789619080781047e-19 0.9659258262890684 0.25881904510252013
    outer loop
      vertex -17.146476317900248 -1.3155696691002716 3.0211717993440637
      vertex -17.146476317900248 -1.378730854217091 3.2568925512662976
      vertex -14.09647631790025 -1.378730854217091 3.2568925512662976
    endloop
  endfacet
  facet normal 7.905756873121939e-21 0.9961946980917454 0.08715574274765871
    outer loop
      vertex -17.146476317900248 -1.378730854217091 3.2568925512662976
      vertex -17.146476317900248 -1.4 3.5
      vertex -14.09647631790025 -1.4 3.5
    endloop
  endfacet
  facet normal 0 0.9659258262890684 0.25881904510252013
    outer loop
      vertex -17.146476317900248 -1.3155696691002716 3.0211717993440637
      vertex -14.09647631790025 -1.378730854217091 3.2568925512662976
      vertex -14.09647631790025 -1.3155696691002716 3.0211717993440637
    endloop
  endfacet
  facet normal 0 0.9961946980917454 0.08715574274765871
    outer loop
      vertex -17.146476317900248 -1.378730854217091 3.2568925512662976
      vertex -14.09647631790025 -1.4 3.5
      vertex -14.09647631790025 -1.378730854217091 3.2568925512662976
    endloop
  endfacet
  facet normal 0 -0.8191520442889917 0.5735764363510463
    outer loop
      vertex -17.146476317900248 1.0724622203665692 2.600097346438845
      vertex -14.09647631790025 1.0724622203665692 2.600097346438845
      vertex -17.146476317900248 1.212435565298214 2.8
    endloop
  endfacet
  facet normal 0 -0.9063077870366499 0.42261826174069944
    outer loop
      vertex -17.146476317900248 1.212435565298214 2.8
      vertex -14.09647631790025 1.212435565298214 2.8
      vertex -17.146476317900248 1.3155696691002716 3.0211717993440637
    endloop
  endfacet
  facet normal 0 -0.8191520442889917 0.5735764363510463
    outer loop
      vertex -17.146476317900248 1.212435565298214 2.8
      vertex -14.09647631790025 1.0724622203665692 2.600097346438845
      vertex -14.09647631790025 1.212435565298214 2.8
    endloop
  endfacet
  facet normal 0 -0.9063077870366499 0.42261826174069944
    outer loop
      vertex -17.146476317900248 1.3155696691002716 3.0211717993440637
      vertex -14.09647631790025 1.212435565298214 2.8
      vertex -14.09647631790025 1.3155696691002716 3.0211717993440637
    endloop
  endfacet
  facet normal 0 -0.9659258262890684 0.25881904510252013
    outer loop
      vertex -17.146476317900248 1.3155696691002716 3.0211717993440637
      vertex -14.09647631790025 1.3155696691002716 3.0211717993440637
      vertex -17.146476317900248 1.378730854217091 3.2568925512662976
    endloop
  endfacet
  facet normal 0 -0.9961946980917454 0.08715574274765871
    outer loop
      vertex -17.146476317900248 1.378730854217091 3.2568925512662976
      vertex -14.09647631790025 1.378730854217091 3.2568925512662976
      vertex -17.146476317900248 1.4 3.5
    endloop
  endfacet
  facet normal 0 -0.9659258262890684 0.25881904510252013
    outer loop
      vertex -17.146476317900248 1.378730854217091 3.2568925512662976
      vertex -14.09647631790025 1.3155696691002716 3.0211717993440637
      vertex -14.09647631790025 1.378730854217091 3.2568925512662976
    endloop
  endfacet
  facet normal 0 -0.9961946980917454 0.08715574274765871
    outer loop
      vertex -17.146476317900248 1.4 3.5
      vertex -14.09647631790025 1.378730854217091 3.2568925512662976
      vertex -14.09647631790025 1.4 3.5
    endloop
  endfacet
  facet normal -4.197522129985551e-20 0.5735764363510455 0.8191520442889924
    outer loop
      vertex -8.296476317900249 -0.7 2.2875644347017863
      vertex -8.296476317900249 -0.8999026535611548 2.4275377796334308
      vertex 8.296476317900249 -0.8999026535611548 2.4275377796334308
    endloop
  endfacet
  facet normal -2.786718396661427e-19 0.7071067811865474 0.7071067811865478
    outer loop
      vertex -8.296476317900249 -0.8999026535611548 2.4275377796334308
      vertex -8.296476317900249 -1.0724622203665692 2.600097346438845
      vertex 8.296476317900249 -1.0724622203665692 2.600097346438845
    endloop
  endfacet
  facet normal 0 0.2588190451025196 0.9659258262890686
    outer loop
      vertex -8.296476317900249 -0.4788282006559362 2.1844303308997284
      vertex 8.296476317900249 -0.4788282006559362 2.1844303308997284
      vertex -8.296476317900249 -0.24310744873370244 2.121269145782909
    endloop
  endfacet
  facet normal 0 0.08715574274765958 0.9961946980917454
    outer loop
      vertex -8.296476317900249 -0.24310744873370244 2.121269145782909
      vertex 8.296476317900249 -0.24310744873370244 2.121269145782909
      vertex -8.296476317900249 0 2.1
    endloop
  endfacet
  facet normal 0 -0.08715574274765958 0.9961946980917454
    outer loop
      vertex -8.296476317900249 0 2.1
      vertex 8.296476317900249 0 2.1
      vertex -8.296476317900249 0.24310744873370244 2.121269145782909
    endloop
  endfacet
  facet normal 0 -0.2588190451025196 0.9659258262890686
    outer loop
      vertex -8.296476317900249 0.24310744873370244 2.121269145782909
      vertex 8.296476317900249 0.24310744873370244 2.121269145782909
      vertex -8.296476317900249 0.4788282006559362 2.1844303308997284
    endloop
  endfacet
  facet normal -6.38726331641682e-20 0.4226182617407004 0.9063077870366496
    outer loop
      vertex -8.296476317900249 -0.4788282006559362 2.1844303308997284
      vertex -8.296476317900249 -0.7 2.2875644347017863
      vertex 8.296476317900249 -0.7 2.2875644347017863
    endloop
  endfacet
  facet normal 0 -0.4226182617407004 0.9063077870366496
    outer loop
      vertex -8.296476317900249 0.4788282006559362 2.1844303308997284
      vertex 8.296476317900249 0.4788282006559362 2.1844303308997284
      vertex -8.296476317900249 0.7 2.2875644347017863
    endloop
  endfacet
  facet normal 0 -0.5735764363510455 0.8191520442889924
    outer loop
      vertex -8.296476317900249 0.7 2.2875644347017863
      vertex 8.296476317900249 0.7 2.2875644347017863
      vertex -8.296476317900249 0.8999026535611548 2.4275377796334308
    endloop
  endfacet
  facet normal 0 -0.7071067811865474 0.7071067811865478
    outer loop
      vertex -8.296476317900249 0.8999026535611548 2.4275377796334308
      vertex 8.296476317900249 0.8999026535611548 2.4275377796334308
      vertex -8.296476317900249 1.0724622203665692 2.600097346438845
    endloop
  endfacet
  facet normal -3.11545939938777e-19 0.8191520442889917 0.5735764363510462
    outer loop
      vertex -8.296476317900249 -1.0724622203665692 2.600097346438845
      vertex -8.296476317900249 -1.212435565298214 2.8
      vertex 8.296476317900249 -1.212435565298214 2.8
    endloop
  endfacet
  facet normal 3.686854841846419e-19 0.90630778703665 0.4226182617406995
    outer loop
      vertex -8.296476317900249 -1.212435565298214 2.8
      vertex -8.296476317900249 -1.3155696691002716 3.0211717993440637
      vertex 8.296476317900249 -1.3155696691002716 3.0211717993440637
    endloop
  endfacet
  facet normal 1.4318330629789087e-19 0.9659258262890684 0.2588190451025202
    outer loop
      vertex -8.296476317900249 -1.3155696691002716 3.0211717993440637
      vertex -8.296476317900249 -1.378730854217091 3.2568925512662976
      vertex 8.296476317900249 -1.378730854217091 3.2568925512662976
    endloop
  endfacet
  facet normal 1.4531806961828668e-21 0.9961946980917454 0.0871557427476587
    outer loop
      vertex -8.296476317900249 -1.378730854217091 3.2568925512662976
      vertex -8.296476317900249 -1.4 3.5
      vertex 8.296476317900249 -1.4 3.5
    endloop
  endfacet
  facet normal 0 -0.8191520442889917 0.5735764363510462
    outer loop
      vertex -8.296476317900249 1.0724622203665692 2.600097346438845
      vertex 8.296476317900249 1.0724622203665692 2.600097346438845
      vertex -8.296476317900249 1.212435565298214 2.8
    endloop
  endfacet
  facet normal 0 -0.90630778703665 0.4226182617406995
    outer loop
      vertex -8.296476317900249 1.212435565298214 2.8
      vertex 8.296476317900249 1.212435565298214 2.8
      vertex -8.296476317900249 1.3155696691002716 3.0211717993440637
    endloop
  endfacet
  facet normal 0 -0.9659258262890684 0.2588190451025202
    outer loop
      vertex -8.296476317900249 1.3155696691002716 3.0211717993440637
      vertex 8.296476317900249 1.3155696691002716 3.0211717993440637
      vertex -8.296476317900249 1.378730854217091 3.2568925512662976
    endloop
  endfacet
  facet normal 0 -0.9961946980917454 0.0871557427476587
    outer loop
      vertex -8.296476317900249 1.378730854217091 3.2568925512662976
      vertex 8.296476317900249 1.378730854217091 3.2568925512662976
      vertex -8.296476317900249 1.4 3.5
    endloop
  endfacet
  facet normal -7.905756873121939e-21 0.9961946980917454 -0.08715574274765871
    outer loop
      vertex -17.146476317900248 -1.4 3.5
      vertex -17.146476317900248 -1.378730854217091 3.7431074487337024
      vertex -14.09647631790025 -1.378730854217091 3.7431074487337024
    endloop
  endfacet
  facet normal -7.789619080781047e-19 0.9659258262890684 -0.25881904510252013
    outer loop
      vertex -17.146476317900248 -1.378730854217091 3.7431074487337024
      vertex -17.146476317900248 -1.3155696691002716 3.9788282006559363
      vertex -14.09647631790025 -1.3155696691002716 3.9788282006559363
    endloop
  endfacet
  facet normal 0 0.9961946980917454 -0.08715574274765871
    outer loop
      vertex -17.146476317900248 -1.4 3.5
      vertex -14.09647631790025 -1.378730854217091 3.7431074487337024
      vertex -14.09647631790025 -1.4 3.5
    endloop
  endfacet
  facet normal 0 0.9659258262890684 -0.25881904510252013
    outer loop
      vertex -17.146476317900248 -1.378730854217091 3.7431074487337024
      vertex -14.09647631790025 -1.3155696691002716 3.9788282006559363
      vertex -14.09647631790025 -1.378730854217091 3.7431074487337024
    endloop
  endfacet
  facet normal -2.005764189043586e-18 0.9063077870366499 -0.42261826174069944
    outer loop
      vertex -17.146476317900248 -1.3155696691002716 3.9788282006559363
      vertex -17.146476317900248 -1.212435565298214 4.2
      vertex -14.09647631790025 -1.212435565298214 4.2
    endloop
  endfacet
  facet normal 0 0.9063077870366499 -0.42261826174069944
    outer loop
      vertex -17.146476317900248 -1.3155696691002716 3.9788282006559363
      vertex -14.09647631790025 -1.212435565298214 4.2
      vertex -14.09647631790025 -1.3155696691002716 3.9788282006559363
    endloop
  endfacet
  facet normal 0 -0.9961946980917454 -0.08715574274765871
    outer loop
      vertex -17.146476317900248 1.4 3.5
      vertex -14.09647631790025 1.4 3.5
      vertex -17.146476317900248 1.378730854217091 3.7431074487337024
    endloop
  endfacet
  facet normal 0 -0.9659258262890684 -0.25881904510252013
    outer loop
      vertex -17.146476317900248 1.378730854217091 3.7431074487337024
      vertex -14.09647631790025 1.378730854217091 3.7431074487337024
      vertex -17.146476317900248 1.3155696691002716 3.9788282006559363
    endloop
  endfacet
  facet normal 0 -0.9659258262890684 -0.25881904510252013
    outer loop
      vertex -17.146476317900248 1.3155696691002716 3.9788282006559363
      vertex -14.09647631790025 1.378730854217091 3.7431074487337024
      vertex -14.09647631790025 1.3155696691002716 3.9788282006559363
    endloop
  endfacet
  facet normal 0 -0.9961946980917454 -0.08715574274765871
    outer loop
      vertex -17.146476317900248 1.378730854217091 3.7431074487337024
      vertex -14.09647631790025 1.4 3.5
      vertex -14.09647631790025 1.378730854217091 3.7431074487337024
    endloop
  endfacet
  facet normal 0 -0.9063077870366499 -0.42261826174069944
    outer loop
      vertex -17.146476317900248 1.3155696691002716 3.9788282006559363
      vertex -14.09647631790025 1.3155696691002716 3.9788282006559363
      vertex -17.146476317900248 1.212435565298214 4.2
    endloop
  endfacet
  facet normal 0 -0.9063077870366499 -0.42261826174069944
    outer loop
      vertex -17.146476317900248 1.212435565298214 4.2
      vertex -14.09647631790025 1.3155696691002716 3.9788282006559363
      vertex -14.09647631790025 1.212435565298214 4.2
    endloop
  endfacet
  facet normal 0 0.8288377442902042 -0.5594890469347241
    outer loop
      vertex -17.146476317900248 -1.212435565298214 4.2
      vertex -14.09647631790025 -0.24574561328669753 5.632072930905314
      vertex -14.09647631790025 -1.212435565298214 4.2
    endloop
  endfacet
  facet normal 0 -0.8288377442902042 -0.5594890469347241
    outer loop
      vertex -17.146476317900248 1.212435565298214 4.2
      vertex -14.09647631790025 1.212435565298214 4.2
      vertex -17.146476317900248 0.24574561328669753 5.632072930905314
    endloop
  endfacet
  facet normal -1.5219118907426262e-17 0.8288377442902042 -0.5594890469347241
    outer loop
      vertex -17.146476317900248 -1.212435565298214 4.2
      vertex -17.146476317900248 -0.24574561328669753 5.632072930905314
      vertex -14.09647631790025 -0.24574561328669753 5.632072930905314
    endloop
  endfacet
  facet normal 1.5219118907426262e-17 -0.8288377442902042 -0.5594890469347241
    outer loop
      vertex -14.09647631790025 1.212435565298214 4.2
      vertex -14.09647631790025 0.24574561328669753 5.632072930905314
      vertex -17.146476317900248 0.24574561328669753 5.632072930905314
    endloop
  endfacet
  facet normal 1.8810800010693428e-19 0.793353340291233 -0.6087614290087234
    outer loop
      vertex -17.146476317900248 -0.24574561328669753 5.632072930905314
      vertex -17.146476317900248 -0.2298133329356934 5.6528362829059615
      vertex -14.09647631790025 -0.2298133329356934 5.6528362829059615
    endloop
  endfacet
  facet normal -1.7439248213655686e-19 0.7372773368101212 -0.6755902076156632
    outer loop
      vertex -17.146476317900248 -0.2298133329356934 5.6528362829059615
      vertex -17.146476317900248 -0.21213203435596426 5.672132034355964
      vertex -14.09647631790025 -0.21213203435596426 5.672132034355964
    endloop
  endfacet
  facet normal -1.4488703607963649e-19 0.6755902076156659 -0.737277336810119
    outer loop
      vertex -17.146476317900248 -0.21213203435596426 5.672132034355964
      vertex -17.146476317900248 -0.19283628290596178 5.689813332935693
      vertex -14.09647631790025 -0.19283628290596178 5.689813332935693
    endloop
  endfacet
  facet normal -1.8810800010693428e-19 -0.793353340291233 -0.6087614290087234
    outer loop
      vertex -17.146476317900248 0.2298133329356934 5.6528362829059615
      vertex -17.146476317900248 0.24574561328669753 5.632072930905314
      vertex -14.09647631790025 0.24574561328669753 5.632072930905314
    endloop
  endfacet
  facet normal 0 -0.7372773368101212 -0.6755902076156632
    outer loop
      vertex -17.146476317900248 0.2298133329356934 5.6528362829059615
      vertex -14.09647631790025 0.2298133329356934 5.6528362829059615
      vertex -17.146476317900248 0.21213203435596426 5.672132034355964
    endloop
  endfacet
  facet normal 0 -0.6755902076156659 -0.737277336810119
    outer loop
      vertex -17.146476317900248 0.21213203435596426 5.672132034355964
      vertex -14.09647631790025 0.21213203435596426 5.672132034355964
      vertex -17.146476317900248 0.19283628290596178 5.689813332935693
    endloop
  endfacet
  facet normal 0 0.793353340291233 -0.6087614290087234
    outer loop
      vertex -17.146476317900248 -0.24574561328669753 5.632072930905314
      vertex -14.09647631790025 -0.2298133329356934 5.6528362829059615
      vertex -14.09647631790025 -0.24574561328669753 5.632072930905314
    endloop
  endfacet
  facet normal 0 0.7372773368101212 -0.6755902076156632
    outer loop
      vertex -17.146476317900248 -0.2298133329356934 5.6528362829059615
      vertex -14.09647631790025 -0.21213203435596426 5.672132034355964
      vertex -14.09647631790025 -0.2298133329356934 5.6528362829059615
    endloop
  endfacet
  facet normal 0 0.6755902076156659 -0.737277336810119
    outer loop
      vertex -17.146476317900248 -0.21213203435596426 5.672132034355964
      vertex -14.09647631790025 -0.19283628290596178 5.689813332935693
      vertex -14.09647631790025 -0.21213203435596426 5.672132034355964
    endloop
  endfacet
  facet normal 0 -0.793353340291233 -0.6087614290087234
    outer loop
      vertex -17.146476317900248 0.2298133329356934 5.6528362829059615
      vertex -14.09647631790025 0.24574561328669753 5.632072930905314
      vertex -14.09647631790025 0.2298133329356934 5.6528362829059615
    endloop
  endfacet
  facet normal 0 -0.7372773368101212 -0.6755902076156632
    outer loop
      vertex -17.146476317900248 0.21213203435596426 5.672132034355964
      vertex -14.09647631790025 0.2298133329356934 5.6528362829059615
      vertex -14.09647631790025 0.21213203435596426 5.672132034355964
    endloop
  endfacet
  facet normal 0 -0.6755902076156659 -0.737277336810119
    outer loop
      vertex -17.146476317900248 0.19283628290596178 5.689813332935693
      vertex -14.09647631790025 0.21213203435596426 5.672132034355964
      vertex -14.09647631790025 0.19283628290596178 5.689813332935693
    endloop
  endfacet
  facet normal -3.1220817039759468e-19 0.6087614290087182 -0.793353340291237
    outer loop
      vertex -17.146476317900248 -0.19283628290596178 5.689813332935693
      vertex -17.146476317900248 -0.1720729309053138 5.705745613286697
      vertex -14.09647631790025 -0.1720729309053138 5.705745613286697
    endloop
  endfacet
  facet normal -2.170441675597213e-19 0.537299608346816 -0.8433914458128906
    outer loop
      vertex -17.146476317900248 -0.1720729309053138 5.705745613286697
      vertex -17.146476317900248 -0.15 5.719807621135331
      vertex -14.09647631790025 -0.15 5.719807621135331
    endloop
  endfacet
  facet normal 3.0048503531230534e-19 0.4617486132350587 -0.8870108331782088
    outer loop
      vertex -17.146476317900248 -0.15 5.719807621135331
      vertex -17.146476317900248 -0.12678547852220984 5.731892336110995
      vertex -14.09647631790025 -0.12678547852220984 5.731892336110995
    endloop
  endfacet
  facet normal -1.5857420014499393e-19 0.3826834323650906 -0.9238795325112864
    outer loop
      vertex -17.146476317900248 -0.12678547852220984 5.731892336110995
      vertex -17.146476317900248 -0.10260604299770061 5.741907786235773
      vertex -14.09647631790025 -0.10260604299770061 5.741907786235773
    endloop
  endfacet
  facet normal 0 -0.6087614290087182 -0.793353340291237
    outer loop
      vertex -17.146476317900248 0.19283628290596178 5.689813332935693
      vertex -14.09647631790025 0.19283628290596178 5.689813332935693
      vertex -17.146476317900248 0.1720729309053138 5.705745613286697
    endloop
  endfacet
  facet normal 2.170441675597213e-19 -0.537299608346816 -0.8433914458128906
    outer loop
      vertex -17.146476317900248 0.15 5.719807621135331
      vertex -17.146476317900248 0.1720729309053138 5.705745613286697
      vertex -14.09647631790025 0.1720729309053138 5.705745613286697
    endloop
  endfacet
  facet normal 0 -0.4617486132350587 -0.8870108331782088
    outer loop
      vertex -17.146476317900248 0.15 5.719807621135331
      vertex -14.09647631790025 0.15 5.719807621135331
      vertex -17.146476317900248 0.12678547852220984 5.731892336110995
    endloop
  endfacet
  facet normal 1.5857420014499393e-19 -0.3826834323650906 -0.9238795325112864
    outer loop
      vertex -17.146476317900248 0.10260604299770061 5.741907786235773
      vertex -17.146476317900248 0.12678547852220984 5.731892336110995
      vertex -14.09647631790025 0.12678547852220984 5.731892336110995
    endloop
  endfacet
  facet normal -1.0988501019031426e-19 0.3007057995042625 -0.9537169507482303
    outer loop
      vertex -17.146476317900248 -0.10260604299770061 5.741907786235773
      vertex -17.146476317900248 -0.07764571353075622 5.7497777478867205
      vertex -14.09647631790025 -0.07764571353075622 5.7497777478867205
    endloop
  endfacet
  facet normal -2.6515524272105076e-21 0.21643961393808037 -0.9762960071199384
    outer loop
      vertex -17.146476317900248 -0.07764571353075622 5.7497777478867205
      vertex -17.146476317900248 -0.0520944533000791 5.755442325903662
      vertex -14.09647631790025 -0.0520944533000791 5.755442325903662
    endloop
  endfacet
  facet normal -1.4746446753934484e-20 0.1305261922200518 -0.9914448613738104
    outer loop
      vertex -17.146476317900248 -0.0520944533000791 5.755442325903662
      vertex -17.146476317900248 -0.02614672282429745 5.758858409427523
      vertex -14.09647631790025 -0.02614672282429745 5.758858409427523
    endloop
  endfacet
  facet normal 0 0.043619387365351946 -0.999048221581857
    outer loop
      vertex -17.146476317900248 0 5.76
      vertex -14.09647631790025 0 5.76
      vertex -17.146476317900248 -0.02614672282429745 5.758858409427523
    endloop
  endfacet
  facet normal 0 -0.21643961393808037 -0.9762960071199384
    outer loop
      vertex -17.146476317900248 0.07764571353075622 5.7497777478867205
      vertex -14.09647631790025 0.07764571353075622 5.7497777478867205
      vertex -17.146476317900248 0.0520944533000791 5.755442325903662
    endloop
  endfacet
  facet normal 0 -0.3007057995042625 -0.9537169507482303
    outer loop
      vertex -17.146476317900248 0.10260604299770061 5.741907786235773
      vertex -14.09647631790025 0.10260604299770061 5.741907786235773
      vertex -17.146476317900248 0.07764571353075622 5.7497777478867205
    endloop
  endfacet
  facet normal 1.3001070490753094e-20 -0.043619387365351946 -0.999048221581857
    outer loop
      vertex -17.146476317900248 0 5.76
      vertex -17.146476317900248 0.02614672282429745 5.758858409427523
      vertex -14.09647631790025 0.02614672282429745 5.758858409427523
    endloop
  endfacet
  facet normal 1.4746446753934484e-20 -0.1305261922200518 -0.9914448613738104
    outer loop
      vertex -17.146476317900248 0.02614672282429745 5.758858409427523
      vertex -17.146476317900248 0.0520944533000791 5.755442325903662
      vertex -14.09647631790025 0.0520944533000791 5.755442325903662
    endloop
  endfacet
  facet normal 0 0.6087614290087182 -0.793353340291237
    outer loop
      vertex -17.146476317900248 -0.19283628290596178 5.689813332935693
      vertex -14.09647631790025 -0.1720729309053138 5.705745613286697
      vertex -14.09647631790025 -0.19283628290596178 5.689813332935693
    endloop
  endfacet
  facet normal 0 0.537299608346816 -0.8433914458128906
    outer loop
      vertex -17.146476317900248 -0.1720729309053138 5.705745613286697
      vertex -14.09647631790025 -0.15 5.719807621135331
      vertex -14.09647631790025 -0.1720729309053138 5.705745613286697
    endloop
  endfacet
  facet normal 0 0.4617486132350587 -0.8870108331782088
    outer loop
      vertex -17.146476317900248 -0.15 5.719807621135331
      vertex -14.09647631790025 -0.12678547852220984 5.731892336110995
      vertex -14.09647631790025 -0.15 5.719807621135331
    endloop
  endfacet
  facet normal 0 0.3826834323650906 -0.9238795325112864
    outer loop
      vertex -17.146476317900248 -0.12678547852220984 5.731892336110995
      vertex -14.09647631790025 -0.10260604299770061 5.741907786235773
      vertex -14.09647631790025 -0.12678547852220984 5.731892336110995
    endloop
  endfacet
  facet normal 0 -0.6087614290087182 -0.793353340291237
    outer loop
      vertex -17.146476317900248 0.1720729309053138 5.705745613286697
      vertex -14.09647631790025 0.19283628290596178 5.689813332935693
      vertex -14.09647631790025 0.1720729309053138 5.705745613286697
    endloop
  endfacet
  facet normal 0 -0.4617486132350587 -0.8870108331782088
    outer loop
      vertex -17.146476317900248 0.12678547852220984 5.731892336110995
      vertex -14.09647631790025 0.15 5.719807621135331
      vertex -14.09647631790025 0.12678547852220984 5.731892336110995
    endloop
  endfacet
  facet normal 0 -0.3826834323650906 -0.9238795325112864
    outer loop
      vertex -17.146476317900248 0.10260604299770061 5.741907786235773
      vertex -14.09647631790025 0.12678547852220984 5.731892336110995
      vertex -14.09647631790025 0.10260604299770061 5.741907786235773
    endloop
  endfacet
  facet normal 0 -0.537299608346816 -0.8433914458128906
    outer loop
      vertex -17.146476317900248 0.15 5.719807621135331
      vertex -14.09647631790025 0.1720729309053138 5.705745613286697
      vertex -14.09647631790025 0.15 5.719807621135331
    endloop
  endfacet
  facet normal 0 0.3007057995042625 -0.9537169507482303
    outer loop
      vertex -17.146476317900248 -0.10260604299770061 5.741907786235773
      vertex -14.09647631790025 -0.07764571353075622 5.7497777478867205
      vertex -14.09647631790025 -0.10260604299770061 5.741907786235773
    endloop
  endfacet
  facet normal 0 0.21643961393808037 -0.9762960071199384
    outer loop
      vertex -17.146476317900248 -0.07764571353075622 5.7497777478867205
      vertex -14.09647631790025 -0.0520944533000791 5.755442325903662
      vertex -14.09647631790025 -0.07764571353075622 5.7497777478867205
    endloop
  endfacet
  facet normal 0 0.1305261922200518 -0.9914448613738104
    outer loop
      vertex -17.146476317900248 -0.0520944533000791 5.755442325903662
      vertex -14.09647631790025 -0.02614672282429745 5.758858409427523
      vertex -14.09647631790025 -0.0520944533000791 5.755442325903662
    endloop
  endfacet
  facet normal 0 0.043619387365351946 -0.999048221581857
    outer loop
      vertex -17.146476317900248 -0.02614672282429745 5.758858409427523
      vertex -14.09647631790025 0 5.76
      vertex -14.09647631790025 -0.02614672282429745 5.758858409427523
    endloop
  endfacet
  facet normal 0 -0.043619387365351946 -0.999048221581857
    outer loop
      vertex -17.146476317900248 0 5.76
      vertex -14.09647631790025 0.02614672282429745 5.758858409427523
      vertex -14.09647631790025 0 5.76
    endloop
  endfacet
  facet normal 0 -0.21643961393808037 -0.9762960071199384
    outer loop
      vertex -17.146476317900248 0.0520944533000791 5.755442325903662
      vertex -14.09647631790025 0.07764571353075622 5.7497777478867205
      vertex -14.09647631790025 0.0520944533000791 5.755442325903662
    endloop
  endfacet
  facet normal 0 -0.3007057995042625 -0.9537169507482303
    outer loop
      vertex -17.146476317900248 0.07764571353075622 5.7497777478867205
      vertex -14.09647631790025 0.10260604299770061 5.741907786235773
      vertex -14.09647631790025 0.07764571353075622 5.7497777478867205
    endloop
  endfacet
  facet normal 0 -0.1305261922200518 -0.9914448613738104
    outer loop
      vertex -17.146476317900248 0.02614672282429745 5.758858409427523
      vertex -14.09647631790025 0.0520944533000791 5.755442325903662
      vertex -14.09647631790025 0.02614672282429745 5.758858409427523
    endloop
  endfacet
  facet normal -1.4531806961828668e-21 0.9961946980917454 -0.0871557427476587
    outer loop
      vertex -8.296476317900249 -1.4 3.5
      vertex -8.296476317900249 -1.378730854217091 3.7431074487337024
      vertex 8.296476317900249 -1.378730854217091 3.7431074487337024
    endloop
  endfacet
  facet normal -1.4318330629789087e-19 0.9659258262890684 -0.2588190451025202
    outer loop
      vertex -8.296476317900249 -1.378730854217091 3.7431074487337024
      vertex -8.296476317900249 -1.3155696691002716 3.9788282006559363
      vertex 8.296476317900249 -1.3155696691002716 3.9788282006559363
    endloop
  endfacet
  facet normal -3.686854841846419e-19 0.90630778703665 -0.4226182617406995
    outer loop
      vertex -8.296476317900249 -1.3155696691002716 3.9788282006559363
      vertex -8.296476317900249 -1.212435565298214 4.2
      vertex 8.296476317900249 -1.212435565298214 4.2
    endloop
  endfacet
  facet normal 0 -0.9961946980917454 -0.0871557427476587
    outer loop
      vertex -8.296476317900249 1.4 3.5
      vertex 8.296476317900249 1.4 3.5
      vertex -8.296476317900249 1.378730854217091 3.7431074487337024
    endloop
  endfacet
  facet normal 0 -0.9659258262890684 -0.2588190451025202
    outer loop
      vertex -8.296476317900249 1.378730854217091 3.7431074487337024
      vertex 8.296476317900249 1.378730854217091 3.7431074487337024
      vertex -8.296476317900249 1.3155696691002716 3.9788282006559363
    endloop
  endfacet
  facet normal 0 -0.90630778703665 -0.4226182617406995
    outer loop
      vertex -8.296476317900249 1.3155696691002716 3.9788282006559363
      vertex 8.296476317900249 1.3155696691002716 3.9788282006559363
      vertex -8.296476317900249 1.212435565298214 4.2
    endloop
  endfacet
  facet normal 0 -0.8288377442902042 -0.5594890469347243
    outer loop
      vertex -8.296476317900249 1.212435565298214 4.2
      vertex 8.296476317900249 1.212435565298214 4.2
      vertex -8.296476317900249 0.24574561328669753 5.632072930905314
    endloop
  endfacet
  facet normal -2.7974715342403385e-18 0.8288377442902042 -0.5594890469347243
    outer loop
      vertex -8.296476317900249 -1.212435565298214 4.2
      vertex -8.296476317900249 -0.24574561328669753 5.632072930905314
      vertex 8.296476317900249 -0.24574561328669753 5.632072930905314
    endloop
  endfacet
  facet normal 3.457669125676202e-20 0.793353340291233 -0.6087614290087234
    outer loop
      vertex -8.296476317900249 -0.24574561328669753 5.632072930905314
      vertex -8.296476317900249 -0.2298133329356934 5.6528362829059615
      vertex 8.296476317900249 -0.2298133329356934 5.6528362829059615
    endloop
  endfacet
  facet normal -3.2055601085058954e-20 0.7372773368101213 -0.6755902076156632
    outer loop
      vertex -8.296476317900249 -0.2298133329356934 5.6528362829059615
      vertex -8.296476317900249 -0.21213203435596426 5.672132034355964
      vertex 8.296476317900249 -0.21213203435596426 5.672132034355964
    endloop
  endfacet
  facet normal -2.6632117245332697e-20 0.6755902076156659 -0.7372773368101188
    outer loop
      vertex -8.296476317900249 -0.21213203435596426 5.672132034355964
      vertex -8.296476317900249 -0.19283628290596178 5.689813332935693
      vertex 8.296476317900249 -0.19283628290596178 5.689813332935693
    endloop
  endfacet
  facet normal -3.457669125676202e-20 -0.793353340291233 -0.6087614290087234
    outer loop
      vertex -8.296476317900249 0.2298133329356934 5.6528362829059615
      vertex -8.296476317900249 0.24574561328669753 5.632072930905314
      vertex 8.296476317900249 0.24574561328669753 5.632072930905314
    endloop
  endfacet
  facet normal 0 -0.7372773368101213 -0.6755902076156632
    outer loop
      vertex -8.296476317900249 0.2298133329356934 5.6528362829059615
      vertex 8.296476317900249 0.2298133329356934 5.6528362829059615
      vertex -8.296476317900249 0.21213203435596426 5.672132034355964
    endloop
  endfacet
  facet normal 0 -0.6755902076156659 -0.7372773368101188
    outer loop
      vertex -8.296476317900249 0.21213203435596426 5.672132034355964
      vertex 8.296476317900249 0.21213203435596426 5.672132034355964
      vertex -8.296476317900249 0.19283628290596178 5.689813332935693
    endloop
  endfacet
  facet normal -5.738791284549006e-20 0.6087614290087183 -0.7933533402912369
    outer loop
      vertex -8.296476317900249 -0.19283628290596178 5.689813332935693
      vertex -8.296476317900249 -0.1720729309053138 5.705745613286697
      vertex 8.296476317900249 -0.1720729309053138 5.705745613286697
    endloop
  endfacet
  facet normal -3.989553430224768e-20 0.537299608346816 -0.8433914458128907
    outer loop
      vertex -8.296476317900249 -0.1720729309053138 5.705745613286697
      vertex -8.296476317900249 -0.15 5.719807621135331
      vertex 8.296476317900249 -0.15 5.719807621135331
    endloop
  endfacet
  facet normal 5.523304850067252e-20 0.4617486132350587 -0.8870108331782088
    outer loop
      vertex -8.296476317900249 -0.15 5.719807621135331
      vertex -8.296476317900249 -0.12678547852220984 5.731892336110995
      vertex 8.296476317900249 -0.12678547852220984 5.731892336110995
    endloop
  endfacet
  facet normal -2.914799560138071e-20 0.3826834323650906 -0.9238795325112865
    outer loop
      vertex -8.296476317900249 -0.12678547852220984 5.731892336110995
      vertex -8.296476317900249 -0.10260604299770061 5.741907786235773
      vertex 8.296476317900249 -0.10260604299770061 5.741907786235773
    endloop
  endfacet
  facet normal 0 -0.6087614290087183 -0.7933533402912369
    outer loop
      vertex -8.296476317900249 0.19283628290596178 5.689813332935693
      vertex 8.296476317900249 0.19283628290596178 5.689813332935693
      vertex -8.296476317900249 0.1720729309053138 5.705745613286697
    endloop
  endfacet
  facet normal 3.989553430224768e-20 -0.537299608346816 -0.8433914458128907
    outer loop
      vertex -8.296476317900249 0.15 5.719807621135331
      vertex -8.296476317900249 0.1720729309053138 5.705745613286697
      vertex 8.296476317900249 0.1720729309053138 5.705745613286697
    endloop
  endfacet
  facet normal 0 -0.4617486132350587 -0.8870108331782088
    outer loop
      vertex -8.296476317900249 0.15 5.719807621135331
      vertex 8.296476317900249 0.15 5.719807621135331
      vertex -8.296476317900249 0.12678547852220984 5.731892336110995
    endloop
  endfacet
  facet normal 2.914799560138071e-20 -0.3826834323650906 -0.9238795325112865
    outer loop
      vertex -8.296476317900249 0.10260604299770061 5.741907786235773
      vertex -8.296476317900249 0.12678547852220984 5.731892336110995
      vertex 8.296476317900249 0.12678547852220984 5.731892336110995
    endloop
  endfacet
  facet normal -2.0198290710319363e-20 0.3007057995042625 -0.9537169507482303
    outer loop
      vertex -8.296476317900249 -0.10260604299770061 5.741907786235773
      vertex -8.296476317900249 -0.07764571353075622 5.7497777478867205
      vertex 8.296476317900249 -0.07764571353075622 5.7497777478867205
    endloop
  endfacet
  facet normal -4.873897419283442e-22 0.21643961393808034 -0.9762960071199382
    outer loop
      vertex -8.296476317900249 -0.07764571353075622 5.7497777478867205
      vertex -8.296476317900249 -0.0520944533000791 5.755442325903662
      vertex 8.296476317900249 -0.0520944533000791 5.755442325903662
    endloop
  endfacet
  facet normal -2.7105882591661077e-21 0.13052619222005177 -0.9914448613738104
    outer loop
      vertex -8.296476317900249 -0.0520944533000791 5.755442325903662
      vertex -8.296476317900249 -0.02614672282429745 5.758858409427523
      vertex 8.296476317900249 -0.02614672282429745 5.758858409427523
    endloop
  endfacet
  facet normal -2.3897654544762655e-21 0.04361938736535195 -0.9990482215818571
    outer loop
      vertex -8.296476317900249 -0.02614672282429745 5.758858409427523
      vertex -8.296476317900249 0 5.76
      vertex 8.296476317900249 0 5.76
    endloop
  endfacet
  facet normal 0 -0.21643961393808034 -0.9762960071199382
    outer loop
      vertex -8.296476317900249 0.07764571353075622 5.7497777478867205
      vertex 8.296476317900249 0.07764571353075622 5.7497777478867205
      vertex -8.296476317900249 0.0520944533000791 5.755442325903662
    endloop
  endfacet
  facet normal 0 -0.3007057995042625 -0.9537169507482303
    outer loop
      vertex -8.296476317900249 0.10260604299770061 5.741907786235773
      vertex 8.296476317900249 0.10260604299770061 5.741907786235773
      vertex -8.296476317900249 0.07764571353075622 5.7497777478867205
    endloop
  endfacet
  facet normal 2.3897654544762655e-21 -0.04361938736535195 -0.9990482215818571
    outer loop
      vertex -8.296476317900249 0 5.76
      vertex -8.296476317900249 0.02614672282429745 5.758858409427523
      vertex 8.296476317900249 0.02614672282429745 5.758858409427523
    endloop
  endfacet
  facet normal 2.7105882591661077e-21 -0.13052619222005177 -0.9914448613738104
    outer loop
      vertex -8.296476317900249 0.02614672282429745 5.758858409427523
      vertex -8.296476317900249 0.0520944533000791 5.755442325903662
      vertex 8.296476317900249 0.0520944533000791 5.755442325903662
    endloop
  endfacet
  facet normal 0 0.7071067811865474 0.7071067811865478
    outer loop
      vertex -8.296476317900249 -0.8999026535611548 2.4275377796334308
      vertex 8.296476317900249 -1.0724622203665692 2.600097346438845
      vertex 8.296476317900249 -0.8999026535611548 2.4275377796334308
    endloop
  endfacet
  facet normal 0 0.2588190451025196 0.9659258262890686
    outer loop
      vertex -8.296476317900249 -0.24310744873370244 2.121269145782909
      vertex 8.296476317900249 -0.4788282006559362 2.1844303308997284
      vertex 8.296476317900249 -0.24310744873370244 2.121269145782909
    endloop
  endfacet
  facet normal 0 0.08715574274765958 0.9961946980917454
    outer loop
      vertex -8.296476317900249 0 2.1
      vertex 8.296476317900249 -0.24310744873370244 2.121269145782909
      vertex 8.296476317900249 0 2.1
    endloop
  endfacet
  facet normal 0 -0.08715574274765958 0.9961946980917454
    outer loop
      vertex -8.296476317900249 0.24310744873370244 2.121269145782909
      vertex 8.296476317900249 0 2.1
      vertex 8.296476317900249 0.24310744873370244 2.121269145782909
    endloop
  endfacet
  facet normal 0 -0.2588190451025196 0.9659258262890686
    outer loop
      vertex -8.296476317900249 0.4788282006559362 2.1844303308997284
      vertex 8.296476317900249 0.24310744873370244 2.121269145782909
      vertex 8.296476317900249 0.4788282006559362 2.1844303308997284
    endloop
  endfacet
  facet normal 0 0.4226182617407004 0.9063077870366496
    outer loop
      vertex -8.296476317900249 -0.4788282006559362 2.1844303308997284
      vertex 8.296476317900249 -0.7 2.2875644347017863
      vertex 8.296476317900249 -0.4788282006559362 2.1844303308997284
    endloop
  endfacet
  facet normal 0 0.5735764363510455 0.8191520442889924
    outer loop
      vertex -8.296476317900249 -0.7 2.2875644347017863
      vertex 8.296476317900249 -0.8999026535611548 2.4275377796334308
      vertex 8.296476317900249 -0.7 2.2875644347017863
    endloop
  endfacet
  facet normal 0 -0.4226182617407004 0.9063077870366496
    outer loop
      vertex -8.296476317900249 0.7 2.2875644347017863
      vertex 8.296476317900249 0.4788282006559362 2.1844303308997284
      vertex 8.296476317900249 0.7 2.2875644347017863
    endloop
  endfacet
  facet normal 0 -0.5735764363510455 0.8191520442889924
    outer loop
      vertex -8.296476317900249 0.8999026535611548 2.4275377796334308
      vertex 8.296476317900249 0.7 2.2875644347017863
      vertex 8.296476317900249 0.8999026535611548 2.4275377796334308
    endloop
  endfacet
  facet normal 0 -0.7071067811865474 0.7071067811865478
    outer loop
      vertex -8.296476317900249 1.0724622203665692 2.600097346438845
      vertex 8.296476317900249 0.8999026535611548 2.4275377796334308
      vertex 8.296476317900249 1.0724622203665692 2.600097346438845
    endloop
  endfacet
  facet normal 0 0.8191520442889917 0.5735764363510462
    outer loop
      vertex -8.296476317900249 -1.0724622203665692 2.600097346438845
      vertex 8.296476317900249 -1.212435565298214 2.8
      vertex 8.296476317900249 -1.0724622203665692 2.600097346438845
    endloop
  endfacet
  facet normal 0 0.90630778703665 0.4226182617406995
    outer loop
      vertex -8.296476317900249 -1.212435565298214 2.8
      vertex 8.296476317900249 -1.3155696691002716 3.0211717993440637
      vertex 8.296476317900249 -1.212435565298214 2.8
    endloop
  endfacet
  facet normal 0 0.9659258262890684 0.2588190451025202
    outer loop
      vertex -8.296476317900249 -1.3155696691002716 3.0211717993440637
      vertex 8.296476317900249 -1.378730854217091 3.2568925512662976
      vertex 8.296476317900249 -1.3155696691002716 3.0211717993440637
    endloop
  endfacet
  facet normal 0 0.9961946980917454 0.0871557427476587
    outer loop
      vertex -8.296476317900249 -1.378730854217091 3.2568925512662976
      vertex 8.296476317900249 -1.4 3.5
      vertex 8.296476317900249 -1.378730854217091 3.2568925512662976
    endloop
  endfacet
  facet normal 0 -0.8191520442889917 0.5735764363510462
    outer loop
      vertex -8.296476317900249 1.212435565298214 2.8
      vertex 8.296476317900249 1.0724622203665692 2.600097346438845
      vertex 8.296476317900249 1.212435565298214 2.8
    endloop
  endfacet
  facet normal 0 -0.90630778703665 0.4226182617406995
    outer loop
      vertex -8.296476317900249 1.3155696691002716 3.0211717993440637
      vertex 8.296476317900249 1.212435565298214 2.8
      vertex 8.296476317900249 1.3155696691002716 3.0211717993440637
    endloop
  endfacet
  facet normal 0 -0.9659258262890684 0.2588190451025202
    outer loop
      vertex -8.296476317900249 1.378730854217091 3.2568925512662976
      vertex 8.296476317900249 1.3155696691002716 3.0211717993440637
      vertex 8.296476317900249 1.378730854217091 3.2568925512662976
    endloop
  endfacet
  facet normal 0 -0.9961946980917454 0.0871557427476587
    outer loop
      vertex -8.296476317900249 1.4 3.5
      vertex 8.296476317900249 1.378730854217091 3.2568925512662976
      vertex 8.296476317900249 1.4 3.5
    endloop
  endfacet
  facet normal -2.2835831439532683e-19 0.5735764363510454 0.8191520442889922
    outer loop
      vertex 14.09647631790025 -0.7 2.2875644347017863
      vertex 14.09647631790025 -0.8999026535611548 2.4275377796334308
      vertex 17.146476317900248 -0.8999026535611548 2.4275377796334308
    endloop
  endfacet
  facet normal -1.5160618480366223e-18 0.7071067811865474 0.7071067811865478
    outer loop
      vertex 14.09647631790025 -0.8999026535611548 2.4275377796334308
      vertex 14.09647631790025 -1.0724622203665692 2.600097346438845
      vertex 17.146476317900248 -1.0724622203665692 2.600097346438845
    endloop
  endfacet
  facet normal 0 0.7071067811865474 0.7071067811865478
    outer loop
      vertex 14.09647631790025 -0.8999026535611548 2.4275377796334308
      vertex 17.146476317900248 -1.0724622203665692 2.600097346438845
      vertex 17.146476317900248 -0.8999026535611548 2.4275377796334308
    endloop
  endfacet
  facet normal 0 0.2588190451025196 0.9659258262890686
    outer loop
      vertex 14.09647631790025 -0.4788282006559362 2.1844303308997284
      vertex 17.146476317900248 -0.4788282006559362 2.1844303308997284
      vertex 14.09647631790025 -0.24310744873370244 2.121269145782909
    endloop
  endfacet
  facet normal 0 0.0871557427476596 0.9961946980917454
    outer loop
      vertex 14.09647631790025 -0.24310744873370244 2.121269145782909
      vertex 17.146476317900248 -0.24310744873370244 2.121269145782909
      vertex 14.09647631790025 0 2.1
    endloop
  endfacet
  facet normal 0 -0.0871557427476596 0.9961946980917454
    outer loop
      vertex 14.09647631790025 0 2.1
      vertex 17.146476317900248 0 2.1
      vertex 14.09647631790025 0.24310744873370244 2.121269145782909
    endloop
  endfacet
  facet normal 0 -0.2588190451025196 0.9659258262890686
    outer loop
      vertex 14.09647631790025 0.24310744873370244 2.121269145782909
      vertex 17.146476317900248 0.24310744873370244 2.121269145782909
      vertex 14.09647631790025 0.4788282006559362 2.1844303308997284
    endloop
  endfacet
  facet normal 0 0.2588190451025196 0.9659258262890686
    outer loop
      vertex 14.09647631790025 -0.24310744873370244 2.121269145782909
      vertex 17.146476317900248 -0.4788282006559362 2.1844303308997284
      vertex 17.146476317900248 -0.24310744873370244 2.121269145782909
    endloop
  endfacet
  facet normal 0 0.0871557427476596 0.9961946980917454
    outer loop
      vertex 14.09647631790025 0 2.1
      vertex 17.146476317900248 -0.24310744873370244 2.121269145782909
      vertex 17.146476317900248 0 2.1
    endloop
  endfacet
  facet normal 0 -0.0871557427476596 0.9961946980917454
    outer loop
      vertex 14.09647631790025 0.24310744873370244 2.121269145782909
      vertex 17.146476317900248 0 2.1
      vertex 17.146476317900248 0.24310744873370244 2.121269145782909
    endloop
  endfacet
  facet normal 0 -0.2588190451025196 0.9659258262890686
    outer loop
      vertex 14.09647631790025 0.4788282006559362 2.1844303308997284
      vertex 17.146476317900248 0.24310744873370244 2.121269145782909
      vertex 17.146476317900248 0.4788282006559362 2.1844303308997284
    endloop
  endfacet
  facet normal -3.474870743661978e-19 0.42261826174070033 0.9063077870366495
    outer loop
      vertex 14.09647631790025 -0.4788282006559362 2.1844303308997284
      vertex 14.09647631790025 -0.7 2.2875644347017863
      vertex 17.146476317900248 -0.7 2.2875644347017863
    endloop
  endfacet
  facet normal 0 -0.42261826174070033 0.9063077870366495
    outer loop
      vertex 14.09647631790025 0.4788282006559362 2.1844303308997284
      vertex 17.146476317900248 0.4788282006559362 2.1844303308997284
      vertex 14.09647631790025 0.7 2.2875644347017863
    endloop
  endfacet
  facet normal 0 -0.5735764363510454 0.8191520442889922
    outer loop
      vertex 14.09647631790025 0.7 2.2875644347017863
      vertex 17.146476317900248 0.7 2.2875644347017863
      vertex 14.09647631790025 0.8999026535611548 2.4275377796334308
    endloop
  endfacet
  facet normal 0 -0.7071067811865474 0.7071067811865478
    outer loop
      vertex 14.09647631790025 0.8999026535611548 2.4275377796334308
      vertex 17.146476317900248 0.8999026535611548 2.4275377796334308
      vertex 14.09647631790025 1.0724622203665692 2.600097346438845
    endloop
  endfacet
  facet normal 0 0.42261826174070033 0.9063077870366495
    outer loop
      vertex 14.09647631790025 -0.4788282006559362 2.1844303308997284
      vertex 17.146476317900248 -0.7 2.2875644347017863
      vertex 17.146476317900248 -0.4788282006559362 2.1844303308997284
    endloop
  endfacet
  facet normal 0 0.5735764363510454 0.8191520442889922
    outer loop
      vertex 14.09647631790025 -0.7 2.2875644347017863
      vertex 17.146476317900248 -0.8999026535611548 2.4275377796334308
      vertex 17.146476317900248 -0.7 2.2875644347017863
    endloop
  endfacet
  facet normal 0 -0.42261826174070033 0.9063077870366495
    outer loop
      vertex 14.09647631790025 0.7 2.2875644347017863
      vertex 17.146476317900248 0.4788282006559362 2.1844303308997284
      vertex 17.146476317900248 0.7 2.2875644347017863
    endloop
  endfacet
  facet normal 0 -0.5735764363510454 0.8191520442889922
    outer loop
      vertex 14.09647631790025 0.8999026535611548 2.4275377796334308
      vertex 17.146476317900248 0.7 2.2875644347017863
      vertex 17.146476317900248 0.8999026535611548 2.4275377796334308
    endloop
  endfacet
  facet normal 0 -0.7071067811865474 0.7071067811865478
    outer loop
      vertex 14.09647631790025 1.0724622203665692 2.600097346438845
      vertex 17.146476317900248 0.8999026535611548 2.4275377796334308
      vertex 17.146476317900248 1.0724622203665692 2.600097346438845
    endloop
  endfacet
  facet normal -1.6949072214033032e-18 0.8191520442889917 0.5735764363510463
    outer loop
      vertex 14.09647631790025 -1.0724622203665692 2.600097346438845
      vertex 14.09647631790025 -1.212435565298214 2.8
      vertex 17.146476317900248 -1.212435565298214 2.8
    endloop
  endfacet
  facet normal 2.005764189043586e-18 0.9063077870366499 0.42261826174069944
    outer loop
      vertex 14.09647631790025 -1.212435565298214 2.8
      vertex 14.09647631790025 -1.3155696691002716 3.0211717993440637
      vertex 17.146476317900248 -1.3155696691002716 3.0211717993440637
    endloop
  endfacet
  facet normal 0 0.8191520442889917 0.5735764363510463
    outer loop
      vertex 14.09647631790025 -1.0724622203665692 2.600097346438845
      vertex 17.146476317900248 -1.212435565298214 2.8
      vertex 17.146476317900248 -1.0724622203665692 2.600097346438845
    endloop
  endfacet
  facet normal 0 0.9063077870366499 0.42261826174069944
    outer loop
      vertex 14.09647631790025 -1.212435565298214 2.8
      vertex 17.146476317900248 -1.3155696691002716 3.0211717993440637
      vertex 17.146476317900248 -1.212435565298214 2.8
    endloop
  endfacet
  facet normal 7.789619080781047e-19 0.9659258262890684 0.25881904510252013
    outer loop
      vertex 14.09647631790025 -1.3155696691002716 3.0211717993440637
      vertex 14.09647631790025 -1.378730854217091 3.2568925512662976
      vertex 17.146476317900248 -1.378730854217091 3.2568925512662976
    endloop
  endfacet
  facet normal 7.905756873121939e-21 0.9961946980917454 0.08715574274765871
    outer loop
      vertex 14.09647631790025 -1.378730854217091 3.2568925512662976
      vertex 14.09647631790025 -1.4 3.5
      vertex 17.146476317900248 -1.4 3.5
    endloop
  endfacet
  facet normal 0 0.9659258262890684 0.25881904510252013
    outer loop
      vertex 14.09647631790025 -1.3155696691002716 3.0211717993440637
      vertex 17.146476317900248 -1.378730854217091 3.2568925512662976
      vertex 17.146476317900248 -1.3155696691002716 3.0211717993440637
    endloop
  endfacet
  facet normal 0 0.9961946980917454 0.08715574274765871
    outer loop
      vertex 14.09647631790025 -1.378730854217091 3.2568925512662976
      vertex 17.146476317900248 -1.4 3.5
      vertex 17.146476317900248 -1.378730854217091 3.2568925512662976
    endloop
  endfacet
  facet normal 0 -0.8191520442889917 0.5735764363510463
    outer loop
      vertex 14.09647631790025 1.0724622203665692 2.600097346438845
      vertex 17.146476317900248 1.0724622203665692 2.600097346438845
      vertex 14.09647631790025 1.212435565298214 2.8
    endloop
  endfacet
  facet normal 0 -0.9063077870366499 0.42261826174069944
    outer loop
      vertex 14.09647631790025 1.212435565298214 2.8
      vertex 17.146476317900248 1.212435565298214 2.8
      vertex 14.09647631790025 1.3155696691002716 3.0211717993440637
    endloop
  endfacet
  facet normal 0 -0.8191520442889917 0.5735764363510463
    outer loop
      vertex 14.09647631790025 1.212435565298214 2.8
      vertex 17.146476317900248 1.0724622203665692 2.600097346438845
      vertex 17.146476317900248 1.212435565298214 2.8
    endloop
  endfacet
  facet normal 0 -0.9063077870366499 0.42261826174069944
    outer loop
      vertex 14.09647631790025 1.3155696691002716 3.0211717993440637
      vertex 17.146476317900248 1.212435565298214 2.8
      vertex 17.146476317900248 1.3155696691002716 3.0211717993440637
    endloop
  endfacet
  facet normal 0 -0.9659258262890684 0.25881904510252013
    outer loop
      vertex 14.09647631790025 1.3155696691002716 3.0211717993440637
      vertex 17.146476317900248 1.3155696691002716 3.0211717993440637
      vertex 14.09647631790025 1.378730854217091 3.2568925512662976
    endloop
  endfacet
  facet normal 0 -0.9961946980917454 0.08715574274765871
    outer loop
      vertex 14.09647631790025 1.378730854217091 3.2568925512662976
      vertex 17.146476317900248 1.378730854217091 3.2568925512662976
      vertex 14.09647631790025 1.4 3.5
    endloop
  endfacet
  facet normal 0 -0.9659258262890684 0.25881904510252013
    outer loop
      vertex 14.09647631790025 1.378730854217091 3.2568925512662976
      vertex 17.146476317900248 1.3155696691002716 3.0211717993440637
      vertex 17.146476317900248 1.378730854217091 3.2568925512662976
    endloop
  endfacet
  facet normal 0 -0.9961946980917454 0.08715574274765871
    outer loop
      vertex 14.09647631790025 1.4 3.5
      vertex 17.146476317900248 1.378730854217091 3.2568925512662976
      vertex 17.146476317900248 1.4 3.5
    endloop
  endfacet
  facet normal 0 0.9961946980917454 -0.0871557427476587
    outer loop
      vertex -8.296476317900249 -1.4 3.5
      vertex 8.296476317900249 -1.378730854217091 3.7431074487337024
      vertex 8.296476317900249 -1.4 3.5
    endloop
  endfacet
  facet normal 0 0.9659258262890684 -0.2588190451025202
    outer loop
      vertex -8.296476317900249 -1.378730854217091 3.7431074487337024
      vertex 8.296476317900249 -1.3155696691002716 3.9788282006559363
      vertex 8.296476317900249 -1.378730854217091 3.7431074487337024
    endloop
  endfacet
  facet normal 0 0.90630778703665 -0.4226182617406995
    outer loop
      vertex -8.296476317900249 -1.3155696691002716 3.9788282006559363
      vertex 8.296476317900249 -1.212435565298214 4.2
      vertex 8.296476317900249 -1.3155696691002716 3.9788282006559363
    endloop
  endfacet
  facet normal 0 -0.9659258262890684 -0.2588190451025202
    outer loop
      vertex -8.296476317900249 1.3155696691002716 3.9788282006559363
      vertex 8.296476317900249 1.378730854217091 3.7431074487337024
      vertex 8.296476317900249 1.3155696691002716 3.9788282006559363
    endloop
  endfacet
  facet normal 0 -0.9961946980917454 -0.0871557427476587
    outer loop
      vertex -8.296476317900249 1.378730854217091 3.7431074487337024
      vertex 8.296476317900249 1.4 3.5
      vertex 8.296476317900249 1.378730854217091 3.7431074487337024
    endloop
  endfacet
  facet normal 0 -0.90630778703665 -0.4226182617406995
    outer loop
      vertex -8.296476317900249 1.212435565298214 4.2
      vertex 8.296476317900249 1.3155696691002716 3.9788282006559363
      vertex 8.296476317900249 1.212435565298214 4.2
    endloop
  endfacet
  facet normal 0 0.8288377442902042 -0.5594890469347243
    outer loop
      vertex -8.296476317900249 -1.212435565298214 4.2
      vertex 8.296476317900249 -0.24574561328669753 5.632072930905314
      vertex 8.296476317900249 -1.212435565298214 4.2
    endloop
  endfacet
  facet normal 0 -0.8288377442902042 -0.5594890469347243
    outer loop
      vertex -8.296476317900249 0.24574561328669753 5.632072930905314
      vertex 8.296476317900249 1.212435565298214 4.2
      vertex 8.296476317900249 0.24574561328669753 5.632072930905314
    endloop
  endfacet
  facet normal 0 0.793353340291233 -0.6087614290087234
    outer loop
      vertex -8.296476317900249 -0.24574561328669753 5.632072930905314
      vertex 8.296476317900249 -0.2298133329356934 5.6528362829059615
      vertex 8.296476317900249 -0.24574561328669753 5.632072930905314
    endloop
  endfacet
  facet normal 0 0.7372773368101213 -0.6755902076156632
    outer loop
      vertex -8.296476317900249 -0.2298133329356934 5.6528362829059615
      vertex 8.296476317900249 -0.21213203435596426 5.672132034355964
      vertex 8.296476317900249 -0.2298133329356934 5.6528362829059615
    endloop
  endfacet
  facet normal 0 0.6755902076156659 -0.7372773368101188
    outer loop
      vertex -8.296476317900249 -0.21213203435596426 5.672132034355964
      vertex 8.296476317900249 -0.19283628290596178 5.689813332935693
      vertex 8.296476317900249 -0.21213203435596426 5.672132034355964
    endloop
  endfacet
  facet normal 0 -0.793353340291233 -0.6087614290087234
    outer loop
      vertex -8.296476317900249 0.2298133329356934 5.6528362829059615
      vertex 8.296476317900249 0.24574561328669753 5.632072930905314
      vertex 8.296476317900249 0.2298133329356934 5.6528362829059615
    endloop
  endfacet
  facet normal 0 -0.7372773368101213 -0.6755902076156632
    outer loop
      vertex -8.296476317900249 0.21213203435596426 5.672132034355964
      vertex 8.296476317900249 0.2298133329356934 5.6528362829059615
      vertex 8.296476317900249 0.21213203435596426 5.672132034355964
    endloop
  endfacet
  facet normal 0 -0.6755902076156659 -0.7372773368101188
    outer loop
      vertex -8.296476317900249 0.19283628290596178 5.689813332935693
      vertex 8.296476317900249 0.21213203435596426 5.672132034355964
      vertex 8.296476317900249 0.19283628290596178 5.689813332935693
    endloop
  endfacet
  facet normal 0 0.6087614290087183 -0.7933533402912369
    outer loop
      vertex -8.296476317900249 -0.19283628290596178 5.689813332935693
      vertex 8.296476317900249 -0.1720729309053138 5.705745613286697
      vertex 8.296476317900249 -0.19283628290596178 5.689813332935693
    endloop
  endfacet
  facet normal 0 0.537299608346816 -0.8433914458128907
    outer loop
      vertex -8.296476317900249 -0.1720729309053138 5.705745613286697
      vertex 8.296476317900249 -0.15 5.719807621135331
      vertex 8.296476317900249 -0.1720729309053138 5.705745613286697
    endloop
  endfacet
  facet normal 0 0.4617486132350587 -0.8870108331782088
    outer loop
      vertex -8.296476317900249 -0.15 5.719807621135331
      vertex 8.296476317900249 -0.12678547852220984 5.731892336110995
      vertex 8.296476317900249 -0.15 5.719807621135331
    endloop
  endfacet
  facet normal 0 0.3826834323650906 -0.9238795325112865
    outer loop
      vertex -8.296476317900249 -0.12678547852220984 5.731892336110995
      vertex 8.296476317900249 -0.10260604299770061 5.741907786235773
      vertex 8.296476317900249 -0.12678547852220984 5.731892336110995
    endloop
  endfacet
  facet normal 0 -0.6087614290087183 -0.7933533402912369
    outer loop
      vertex -8.296476317900249 0.1720729309053138 5.705745613286697
      vertex 8.296476317900249 0.19283628290596178 5.689813332935693
      vertex 8.296476317900249 0.1720729309053138 5.705745613286697
    endloop
  endfacet
  facet normal 0 -0.4617486132350587 -0.8870108331782088
    outer loop
      vertex -8.296476317900249 0.12678547852220984 5.731892336110995
      vertex 8.296476317900249 0.15 5.719807621135331
      vertex 8.296476317900249 0.12678547852220984 5.731892336110995
    endloop
  endfacet
  facet normal 0 -0.3826834323650906 -0.9238795325112865
    outer loop
      vertex -8.296476317900249 0.10260604299770061 5.741907786235773
      vertex 8.296476317900249 0.12678547852220984 5.731892336110995
      vertex 8.296476317900249 0.10260604299770061 5.741907786235773
    endloop
  endfacet
  facet normal 0 -0.537299608346816 -0.8433914458128907
    outer loop
      vertex -8.296476317900249 0.15 5.719807621135331
      vertex 8.296476317900249 0.1720729309053138 5.705745613286697
      vertex 8.296476317900249 0.15 5.719807621135331
    endloop
  endfacet
  facet normal 0 0.3007057995042625 -0.9537169507482303
    outer loop
      vertex -8.296476317900249 -0.10260604299770061 5.741907786235773
      vertex 8.296476317900249 -0.07764571353075622 5.7497777478867205
      vertex 8.296476317900249 -0.10260604299770061 5.741907786235773
    endloop
  endfacet
  facet normal 0 0.21643961393808034 -0.9762960071199382
    outer loop
      vertex -8.296476317900249 -0.07764571353075622 5.7497777478867205
      vertex 8.296476317900249 -0.0520944533000791 5.755442325903662
      vertex 8.296476317900249 -0.07764571353075622 5.7497777478867205
    endloop
  endfacet
  facet normal 0 0.13052619222005177 -0.9914448613738104
    outer loop
      vertex -8.296476317900249 -0.0520944533000791 5.755442325903662
      vertex 8.296476317900249 -0.02614672282429745 5.758858409427523
      vertex 8.296476317900249 -0.0520944533000791 5.755442325903662
    endloop
  endfacet
  facet normal 0 0.04361938736535195 -0.9990482215818571
    outer loop
      vertex -8.296476317900249 -0.02614672282429745 5.758858409427523
      vertex 8.296476317900249 0 5.76
      vertex 8.296476317900249 -0.02614672282429745 5.758858409427523
    endloop
  endfacet
  facet normal 0 -0.04361938736535195 -0.9990482215818571
    outer loop
      vertex -8.296476317900249 0 5.76
      vertex 8.296476317900249 0.02614672282429745 5.758858409427523
      vertex 8.296476317900249 0 5.76
    endloop
  endfacet
  facet normal 0 -0.21643961393808034 -0.9762960071199382
    outer loop
      vertex -8.296476317900249 0.0520944533000791 5.755442325903662
      vertex 8.296476317900249 0.07764571353075622 5.7497777478867205
      vertex 8.296476317900249 0.0520944533000791 5.755442325903662
    endloop
  endfacet
  facet normal 0 -0.3007057995042625 -0.9537169507482303
    outer loop
      vertex -8.296476317900249 0.07764571353075622 5.7497777478867205
      vertex 8.296476317900249 0.10260604299770061 5.741907786235773
      vertex 8.296476317900249 0.07764571353075622 5.7497777478867205
    endloop
  endfacet
  facet normal 0 -0.13052619222005177 -0.9914448613738104
    outer loop
      vertex -8.296476317900249 0.02614672282429745 5.758858409427523
      vertex 8.296476317900249 0.0520944533000791 5.755442325903662
      vertex 8.296476317900249 0.02614672282429745 5.758858409427523
    endloop
  endfacet
  facet normal -7.905756873121939e-21 0.9961946980917454 -0.08715574274765871
    outer loop
      vertex 14.09647631790025 -1.4 3.5
      vertex 14.09647631790025 -1.378730854217091 3.7431074487337024
      vertex 17.146476317900248 -1.378730854217091 3.7431074487337024
    endloop
  endfacet
  facet normal -7.789619080781047e-19 0.9659258262890684 -0.25881904510252013
    outer loop
      vertex 14.09647631790025 -1.378730854217091 3.7431074487337024
      vertex 14.09647631790025 -1.3155696691002716 3.9788282006559363
      vertex 17.146476317900248 -1.3155696691002716 3.9788282006559363
    endloop
  endfacet
  facet normal 0 0.9961946980917454 -0.08715574274765871
    outer loop
      vertex 14.09647631790025 -1.4 3.5
      vertex 17.146476317900248 -1.378730854217091 3.7431074487337024
      vertex 17.146476317900248 -1.4 3.5
    endloop
  endfacet
  facet normal 0 0.9659258262890684 -0.25881904510252013
    outer loop
      vertex 14.09647631790025 -1.378730854217091 3.7431074487337024
      vertex 17.146476317900248 -1.3155696691002716 3.9788282006559363
      vertex 17.146476317900248 -1.378730854217091 3.7431074487337024
    endloop
  endfacet
  facet normal -2.005764189043586e-18 0.9063077870366499 -0.42261826174069944
    outer loop
      vertex 14.09647631790025 -1.3155696691002716 3.9788282006559363
      vertex 14.09647631790025 -1.212435565298214 4.2
      vertex 17.146476317900248 -1.212435565298214 4.2
    endloop
  endfacet
  facet normal 0 0.9063077870366499 -0.42261826174069944
    outer loop
      vertex 14.09647631790025 -1.3155696691002716 3.9788282006559363
      vertex 17.146476317900248 -1.212435565298214 4.2
      vertex 17.146476317900248 -1.3155696691002716 3.9788282006559363
    endloop
  endfacet
  facet normal 0 -0.9961946980917454 -0.08715574274765871
    outer loop
      vertex 14.09647631790025 1.4 3.5
      vertex 17.146476317900248 1.4 3.5
      vertex 14.09647631790025 1.378730854217091 3.7431074487337024
    endloop
  endfacet
  facet normal 0 -0.9659258262890684 -0.25881904510252013
    outer loop
      vertex 14.09647631790025 1.378730854217091 3.7431074487337024
      vertex 17.146476317900248 1.378730854217091 3.7431074487337024
      vertex 14.09647631790025 1.3155696691002716 3.9788282006559363
    endloop
  endfacet
  facet normal 0 -0.9659258262890684 -0.25881904510252013
    outer loop
      vertex 14.09647631790025 1.3155696691002716 3.9788282006559363
      vertex 17.146476317900248 1.378730854217091 3.7431074487337024
      vertex 17.146476317900248 1.3155696691002716 3.9788282006559363
    endloop
  endfacet
  facet normal 0 -0.9961946980917454 -0.08715574274765871
    outer loop
      vertex 14.09647631790025 1.378730854217091 3.7431074487337024
      vertex 17.146476317900248 1.4 3.5
      vertex 17.146476317900248 1.378730854217091 3.7431074487337024
    endloop
  endfacet
  facet normal 0 -0.9063077870366499 -0.42261826174069944
    outer loop
      vertex 14.09647631790025 1.3155696691002716 3.9788282006559363
      vertex 17.146476317900248 1.3155696691002716 3.9788282006559363
      vertex 14.09647631790025 1.212435565298214 4.2
    endloop
  endfacet
  facet normal 0 -0.9063077870366499 -0.42261826174069944
    outer loop
      vertex 14.09647631790025 1.212435565298214 4.2
      vertex 17.146476317900248 1.3155696691002716 3.9788282006559363
      vertex 17.146476317900248 1.212435565298214 4.2
    endloop
  endfacet
  facet normal 0 0.8288377442902042 -0.5594890469347241
    outer loop
      vertex 14.09647631790025 -1.212435565298214 4.2
      vertex 17.146476317900248 -0.24574561328669753 5.632072930905314
      vertex 17.146476317900248 -1.212435565298214 4.2
    endloop
  endfacet
  facet normal 0 -0.8288377442902042 -0.5594890469347241
    outer loop
      vertex 14.09647631790025 1.212435565298214 4.2
      vertex 17.146476317900248 1.212435565298214 4.2
      vertex 14.09647631790025 0.24574561328669753 5.632072930905314
    endloop
  endfacet
  facet normal -1.5219118907426262e-17 0.8288377442902042 -0.5594890469347241
    outer loop
      vertex 14.09647631790025 -1.212435565298214 4.2
      vertex 14.09647631790025 -0.24574561328669753 5.632072930905314
      vertex 17.146476317900248 -0.24574561328669753 5.632072930905314
    endloop
  endfacet
  facet normal 1.5219118907426262e-17 -0.8288377442902042 -0.5594890469347241
    outer loop
      vertex 17.146476317900248 1.212435565298214 4.2
      vertex 17.146476317900248 0.24574561328669753 5.632072930905314
      vertex 14.09647631790025 0.24574561328669753 5.632072930905314
    endloop
  endfacet
  facet normal 1.8810800010693428e-19 0.793353340291233 -0.6087614290087234
    outer loop
      vertex 14.09647631790025 -0.24574561328669753 5.632072930905314
      vertex 14.09647631790025 -0.2298133329356934 5.6528362829059615
      vertex 17.146476317900248 -0.2298133329356934 5.6528362829059615
    endloop
  endfacet
  facet normal -1.7439248213655686e-19 0.7372773368101212 -0.6755902076156632
    outer loop
      vertex 14.09647631790025 -0.2298133329356934 5.6528362829059615
      vertex 14.09647631790025 -0.21213203435596426 5.672132034355964
      vertex 17.146476317900248 -0.21213203435596426 5.672132034355964
    endloop
  endfacet
  facet normal -1.4488703607963649e-19 0.6755902076156659 -0.737277336810119
    outer loop
      vertex 14.09647631790025 -0.21213203435596426 5.672132034355964
      vertex 14.09647631790025 -0.19283628290596178 5.689813332935693
      vertex 17.146476317900248 -0.19283628290596178 5.689813332935693
    endloop
  endfacet
  facet normal -1.8810800010693428e-19 -0.793353340291233 -0.6087614290087234
    outer loop
      vertex 14.09647631790025 0.2298133329356934 5.6528362829059615
      vertex 14.09647631790025 0.24574561328669753 5.632072930905314
      vertex 17.146476317900248 0.24574561328669753 5.632072930905314
    endloop
  endfacet
  facet normal 0 -0.7372773368101212 -0.6755902076156632
    outer loop
      vertex 14.09647631790025 0.2298133329356934 5.6528362829059615
      vertex 17.146476317900248 0.2298133329356934 5.6528362829059615
      vertex 14.09647631790025 0.21213203435596426 5.672132034355964
    endloop
  endfacet
  facet normal 0 -0.6755902076156659 -0.737277336810119
    outer loop
      vertex 14.09647631790025 0.21213203435596426 5.672132034355964
      vertex 17.146476317900248 0.21213203435596426 5.672132034355964
      vertex 14.09647631790025 0.19283628290596178 5.689813332935693
    endloop
  endfacet
  facet normal 0 0.793353340291233 -0.6087614290087234
    outer loop
      vertex 14.09647631790025 -0.24574561328669753 5.632072930905314
      vertex 17.146476317900248 -0.2298133329356934 5.6528362829059615
      vertex 17.146476317900248 -0.24574561328669753 5.632072930905314
    endloop
  endfacet
  facet normal 0 0.7372773368101212 -0.6755902076156632
    outer loop
      vertex 14.09647631790025 -0.2298133329356934 5.6528362829059615
      vertex 17.146476317900248 -0.21213203435596426 5.672132034355964
      vertex 17.146476317900248 -0.2298133329356934 5.6528362829059615
    endloop
  endfacet
  facet normal 0 0.6755902076156659 -0.737277336810119
    outer loop
      vertex 14.09647631790025 -0.21213203435596426 5.672132034355964
      vertex 17.146476317900248 -0.19283628290596178 5.689813332935693
      vertex 17.146476317900248 -0.21213203435596426 5.672132034355964
    endloop
  endfacet
  facet normal 0 -0.793353340291233 -0.6087614290087234
    outer loop
      vertex 14.09647631790025 0.2298133329356934 5.6528362829059615
      vertex 17.146476317900248 0.24574561328669753 5.632072930905314
      vertex 17.146476317900248 0.2298133329356934 5.6528362829059615
    endloop
  endfacet
  facet normal 0 -0.7372773368101212 -0.6755902076156632
    outer loop
      vertex 14.09647631790025 0.21213203435596426 5.672132034355964
      vertex 17.146476317900248 0.2298133329356934 5.6528362829059615
      vertex 17.146476317900248 0.21213203435596426 5.672132034355964
    endloop
  endfacet
  facet normal 0 -0.6755902076156659 -0.737277336810119
    outer loop
      vertex 14.09647631790025 0.19283628290596178 5.689813332935693
      vertex 17.146476317900248 0.21213203435596426 5.672132034355964
      vertex 17.146476317900248 0.19283628290596178 5.689813332935693
    endloop
  endfacet
  facet normal -3.1220817039759468e-19 0.6087614290087182 -0.793353340291237
    outer loop
      vertex 14.09647631790025 -0.19283628290596178 5.689813332935693
      vertex 14.09647631790025 -0.1720729309053138 5.705745613286697
      vertex 17.146476317900248 -0.1720729309053138 5.705745613286697
    endloop
  endfacet
  facet normal -2.170441675597213e-19 0.537299608346816 -0.8433914458128906
    outer loop
      vertex 14.09647631790025 -0.1720729309053138 5.705745613286697
      vertex 14.09647631790025 -0.15 5.719807621135331
      vertex 17.146476317900248 -0.15 5.719807621135331
    endloop
  endfacet
  facet normal 3.0048503531230534e-19 0.4617486132350587 -0.8870108331782088
    outer loop
      vertex 14.09647631790025 -0.15 5.719807621135331
      vertex 14.09647631790025 -0.12678547852220984 5.731892336110995
      vertex 17.146476317900248 -0.12678547852220984 5.731892336110995
    endloop
  endfacet
  facet normal -1.5857420014499393e-19 0.3826834323650906 -0.9238795325112864
    outer loop
      vertex 14.09647631790025 -0.12678547852220984 5.731892336110995
      vertex 14.09647631790025 -0.10260604299770061 5.741907786235773
      vertex 17.146476317900248 -0.10260604299770061 5.741907786235773
    endloop
  endfacet
  facet normal 0 -0.6087614290087182 -0.793353340291237
    outer loop
      vertex 14.09647631790025 0.19283628290596178 5.689813332935693
      vertex 17.146476317900248 0.19283628290596178 5.689813332935693
      vertex 14.09647631790025 0.1720729309053138 5.705745613286697
    endloop
  endfacet
  facet normal 2.170441675597213e-19 -0.537299608346816 -0.8433914458128906
    outer loop
      vertex 14.09647631790025 0.15 5.719807621135331
      vertex 14.09647631790025 0.1720729309053138 5.705745613286697
      vertex 17.146476317900248 0.1720729309053138 5.705745613286697
    endloop
  endfacet
  facet normal 0 -0.4617486132350587 -0.8870108331782088
    outer loop
      vertex 14.09647631790025 0.15 5.719807621135331
      vertex 17.146476317900248 0.15 5.719807621135331
      vertex 14.09647631790025 0.12678547852220984 5.731892336110995
    endloop
  endfacet
  facet normal 1.5857420014499393e-19 -0.3826834323650906 -0.9238795325112864
    outer loop
      vertex 14.09647631790025 0.10260604299770061 5.741907786235773
      vertex 14.09647631790025 0.12678547852220984 5.731892336110995
      vertex 17.146476317900248 0.12678547852220984 5.731892336110995
    endloop
  endfacet
  facet normal -1.0988501019031426e-19 0.3007057995042625 -0.9537169507482303
    outer loop
      vertex 14.09647631790025 -0.10260604299770061 5.741907786235773
      vertex 14.09647631790025 -0.07764571353075622 5.7497777478867205
      vertex 17.146476317900248 -0.07764571353075622 5.7497777478867205
    endloop
  endfacet
  facet normal -2.6515524272105076e-21 0.21643961393808037 -0.9762960071199384
    outer loop
      vertex 14.09647631790025 -0.07764571353075622 5.7497777478867205
      vertex 14.09647631790025 -0.0520944533000791 5.755442325903662
      vertex 17.146476317900248 -0.0520944533000791 5.755442325903662
    endloop
  endfacet
  facet normal -1.4746446753934484e-20 0.1305261922200518 -0.9914448613738104
    outer loop
      vertex 14.09647631790025 -0.0520944533000791 5.755442325903662
      vertex 14.09647631790025 -0.02614672282429745 5.758858409427523
      vertex 17.146476317900248 -0.02614672282429745 5.758858409427523
    endloop
  endfacet
  facet normal -1.3001070490753094e-20 0.043619387365351946 -0.999048221581857
    outer loop
      vertex 14.09647631790025 -0.02614672282429745 5.758858409427523
      vertex 14.09647631790025 0 5.76
      vertex 17.146476317900248 0 5.76
    endloop
  endfacet
  facet normal 0 -0.21643961393808037 -0.9762960071199384
    outer loop
      vertex 14.09647631790025 0.07764571353075622 5.7497777478867205
      vertex 17.146476317900248 0.07764571353075622 5.7497777478867205
      vertex 14.09647631790025 0.0520944533000791 5.755442325903662
    endloop
  endfacet
  facet normal 0 -0.3007057995042625 -0.9537169507482303
    outer loop
      vertex 14.09647631790025 0.10260604299770061 5.741907786235773
      vertex 17.146476317900248 0.10260604299770061 5.741907786235773
      vertex 14.09647631790025 0.07764571353075622 5.7497777478867205
    endloop
  endfacet
  facet normal 1.3001070490753094e-20 -0.043619387365351946 -0.999048221581857
    outer loop
      vertex 14.09647631790025 0 5.76
      vertex 14.09647631790025 0.02614672282429745 5.758858409427523
      vertex 17.146476317900248 0.02614672282429745 5.758858409427523
    endloop
  endfacet
  facet normal 1.4746446753934484e-20 -0.1305261922200518 -0.9914448613738104
    outer loop
      vertex 14.09647631790025 0.02614672282429745 5.758858409427523
      vertex 14.09647631790025 0.0520944533000791 5.755442325903662
      vertex 17.146476317900248 0.0520944533000791 5.755442325903662
    endloop
  endfacet
  facet normal 0 0.6087614290087182 -0.793353340291237
    outer loop
      vertex 14.09647631790025 -0.19283628290596178 5.689813332935693
      vertex 17.146476317900248 -0.1720729309053138 5.705745613286697
      vertex 17.146476317900248 -0.19283628290596178 5.689813332935693
    endloop
  endfacet
  facet normal 0 0.537299608346816 -0.8433914458128906
    outer loop
      vertex 14.09647631790025 -0.1720729309053138 5.705745613286697
      vertex 17.146476317900248 -0.15 5.719807621135331
      vertex 17.146476317900248 -0.1720729309053138 5.705745613286697
    endloop
  endfacet
  facet normal 0 0.4617486132350587 -0.8870108331782088
    outer loop
      vertex 14.09647631790025 -0.15 5.719807621135331
      vertex 17.146476317900248 -0.12678547852220984 5.731892336110995
      vertex 17.146476317900248 -0.15 5.719807621135331
    endloop
  endfacet
  facet normal 0 0.3826834323650906 -0.9238795325112864
    outer loop
      vertex 14.09647631790025 -0.12678547852220984 5.731892336110995
      vertex 17.146476317900248 -0.10260604299770061 5.741907786235773
      vertex 17.146476317900248 -0.12678547852220984 5.731892336110995
    endloop
  endfacet
  facet normal 0 -0.6087614290087182 -0.793353340291237
    outer loop
      vertex 14.09647631790025 0.1720729309053138 5.705745613286697
      vertex 17.146476317900248 0.19283628290596178 5.689813332935693
      vertex 17.146476317900248 0.1720729309053138 5.705745613286697
    endloop
  endfacet
  facet normal 0 -0.4617486132350587 -0.8870108331782088
    outer loop
      vertex 14.09647631790025 0.12678547852220984 5.731892336110995
      vertex 17.146476317900248 0.15 5.719807621135331
      vertex 17.146476317900248 0.12678547852220984 5.731892336110995
    endloop
  endfacet
  facet normal 0 -0.3826834323650906 -0.9238795325112864
    outer loop
      vertex 14.09647631790025 0.10260604299770061 5.741907786235773
      vertex 17.146476317900248 0.12678547852220984 5.731892336110995
      vertex 17.146476317900248 0.10260604299770061 5.741907786235773
    endloop
  endfacet
  facet normal 0 -0.537299608346816 -0.8433914458128906
    outer loop
      vertex 14.09647631790025 0.15 5.719807621135331
      vertex 17.146476317900248 0.1720729309053138 5.705745613286697
      vertex 17.146476317900248 0.15 5.719807621135331
    endloop
  endfacet
  facet normal 0 0.3007057995042625 -0.9537169507482303
    outer loop
      vertex 14.09647631790025 -0.10260604299770061 5.741907786235773
      vertex 17.146476317900248 -0.07764571353075622 5.7497777478867205
      vertex 17.146476317900248 -0.10260604299770061 5.741907786235773
    endloop
  endfacet
  facet normal 0 0.21643961393808037 -0.9762960071199384
    outer loop
      vertex 14.09647631790025 -0.07764571353075622 5.7497777478867205
      vertex 17.146476317900248 -0.0520944533000791 5.755442325903662
      vertex 17.146476317900248 -0.07764571353075622 5.7497777478867205
    endloop
  endfacet
  facet normal 0 0.1305261922200518 -0.9914448613738104
    outer loop
      vertex 14.09647631790025 -0.0520944533000791 5.755442325903662
      vertex 17.146476317900248 -0.02614672282429745 5.758858409427523
      vertex 17.146476317900248 -0.0520944533000791 5.755442325903662
    endloop
  endfacet
  facet normal 0 -0.043619387365351946 -0.999048221581857
    outer loop
      vertex 14.09647631790025 0 5.76
      vertex 17.146476317900248 0.02614672282429745 5.758858409427523
      vertex 17.146476317900248 0 5.76
    endloop
  endfacet
  facet normal 0 0.043619387365351946 -0.999048221581857
    outer loop
      vertex 14.09647631790025 -0.02614672282429745 5.758858409427523
      vertex 17.146476317900248 0 5.76
      vertex 17.146476317900248 -0.02614672282429745 5.758858409427523
    endloop
  endfacet
  facet normal 0 -0.21643961393808037 -0.9762960071199384
    outer loop
      vertex 14.09647631790025 0.0520944533000791 5.755442325903662
      vertex 17.146476317900248 0.07764571353075622 5.7497777478867205
      vertex 17.146476317900248 0.0520944533000791 5.755442325903662
    endloop
  endfacet
  facet normal 0 -0.3007057995042625 -0.9537169507482303
    outer loop
      vertex 14.09647631790025 0.07764571353075622 5.7497777478867205
      vertex 17.146476317900248 0.10260604299770061 5.741907786235773
      vertex 17.146476317900248 0.07764571353075622 5.7497777478867205
    endloop
  endfacet
  facet normal 0 -0.1305261922200518 -0.9914448613738104
    outer loop
      vertex 14.09647631790025 0.02614672282429745 5.758858409427523
      vertex 17.146476317900248 0.0520944533000791 5.755442325903662
      vertex 17.146476317900248 0.02614672282429745 5.758858409427523
    endloop
  endfacet
  facet normal 0 0.4226182617406998 0.9063077870366498
    outer loop
      vertex -17.146476317900248 -1.15 1.5081415712957913
      vertex -19.596476317900247 -0.786646329649038 1.3387069721924107
      vertex -19.596476317900247 -1.15 1.5081415712957913
    endloop
  endfacet
  facet normal 0 0.5735764363510466 0.8191520442889914
    outer loop
      vertex -17.146476317900248 -1.15 1.5081415712957913
      vertex -19.596476317900247 -1.15 1.5081415712957913
      vertex -19.596476317900247 -1.4249120251018812 1.7006370436166258
    endloop
  endfacet
  facet normal 0 0.5735764363510452 0.8191520442889925
    outer loop
      vertex -17.146476317900248 -1.47841150227904 1.7380977808263507
      vertex -19.596476317900247 -1.4249120251018812 1.7006370436166258
      vertex -19.596476317900247 -1.47841150227904 1.7380977808263507
    endloop
  endfacet
  facet normal 0 0.4226182617406998 0.9063077870366498
    outer loop
      vertex -17.146476317900248 -0.786646329649038 1.3387069721924107
      vertex -19.596476317900247 -0.786646329649038 1.3387069721924107
      vertex -17.146476317900248 -1.15 1.5081415712957913
    endloop
  endfacet
  facet normal 3.555686800732443e-17 0.5735764363510465 0.8191520442889915
    outer loop
      vertex -17.146476317900248 -1.15 1.5081415712957913
      vertex -19.596476317900247 -1.4249120251018812 1.7006370436166258
      vertex -17.146476317900248 -1.47841150227904 1.7380977808263507
    endloop
  endfacet
  facet normal 0 0.08715574274765676 0.9961946980917457
    outer loop
      vertex -17.146476317900248 0 1.2000000000000002
      vertex -19.596476317900247 0 1.2000000000000002
      vertex -19.596476317900247 -0.05986206537458107 1.2052372520955237
    endloop
  endfacet
  facet normal 0 0.08715574274765925 0.9961946980917454
    outer loop
      vertex -17.146476317900248 -0.3993908086339397 1.234942168071922
      vertex -19.596476317900247 -0.05986206537458107 1.2052372520955237
      vertex -19.596476317900247 -0.3993908086339397 1.234942168071922
    endloop
  endfacet
  facet normal 0 0.2588190451025189 0.9659258262890688
    outer loop
      vertex -17.146476317900248 -0.3993908086339397 1.234942168071922
      vertex -19.596476317900247 -0.3993908086339397 1.234942168071922
      vertex -19.596476317900247 -0.5315454274778864 1.2703528914672
    endloop
  endfacet
  facet normal 0 -0.08715574274765896 0.9961946980917455
    outer loop
      vertex -17.146476317900248 0 1.2000000000000002
      vertex -19.596476317900247 0.3379865138505489 1.2295699883865712
      vertex -19.596476317900247 0 1.2000000000000002
    endloop
  endfacet
  facet normal 0 -0.08715574274765854 0.9961946980917455
    outer loop
      vertex -17.146476317900248 0.3993908086339397 1.234942168071922
      vertex -19.596476317900247 0.3993908086339397 1.234942168071922
      vertex -19.596476317900247 0.3379865138505489 1.2295699883865712
    endloop
  endfacet
  facet normal 0 -0.25881904510251974 0.9659258262890685
    outer loop
      vertex -17.146476317900248 0.3993908086339397 1.234942168071922
      vertex -19.596476317900247 0.786646329649038 1.3387069721924107
      vertex -19.596476317900247 0.3993908086339397 1.234942168071922
    endloop
  endfacet
  facet normal -4.83361970625319e-17 0.25881904510251974 0.9659258262890685
    outer loop
      vertex -17.146476317900248 -0.786646329649038 1.3387069721924107
      vertex -17.146476317900248 -0.3993908086339397 1.234942168071922
      vertex -19.596476317900247 -0.5315454274778864 1.2703528914672
    endloop
  endfacet
  facet normal -5.1138258214472366e-17 0.08715574274765887 0.9961946980917454
    outer loop
      vertex -17.146476317900248 -0.3993908086339397 1.234942168071922
      vertex -17.146476317900248 0 1.2000000000000002
      vertex -19.596476317900247 -0.05986206537458107 1.2052372520955237
    endloop
  endfacet
  facet normal 8.774044062833302e-18 -0.08715574274765887 0.9961946980917454
    outer loop
      vertex -17.146476317900248 0 1.2000000000000002
      vertex -17.146476317900248 0.3993908086339397 1.234942168071922
      vertex -19.596476317900247 0.3379865138505489 1.2295699883865712
    endloop
  endfacet
  facet normal -2.3335791875952497e-18 -0.25881904510251974 0.9659258262890685
    outer loop
      vertex -17.146476317900248 0.3993908086339397 1.234942168071922
      vertex -17.146476317900248 0.786646329649038 1.3387069721924107
      vertex -19.596476317900247 0.786646329649038 1.3387069721924107
    endloop
  endfacet
  facet normal 0 0.2588190451025202 0.9659258262890684
    outer loop
      vertex -17.146476317900248 -0.786646329649038 1.3387069721924107
      vertex -19.596476317900247 -0.5315454274778864 1.2703528914672
      vertex -19.596476317900247 -0.786646329649038 1.3387069721924107
    endloop
  endfacet
  facet normal 0 -0.4226182617406998 0.9063077870366498
    outer loop
      vertex -17.146476317900248 0.786646329649038 1.3387069721924107
      vertex -19.596476317900247 1.15 1.5081415712957913
      vertex -19.596476317900247 0.786646329649038 1.3387069721924107
    endloop
  endfacet
  facet normal 0 -0.573576436351046 0.8191520442889918
    outer loop
      vertex -17.146476317900248 1.15 1.5081415712957913
      vertex -19.596476317900247 1.1970705016398404 1.54110069137132
      vertex -19.596476317900247 1.15 1.5081415712957913
    endloop
  endfacet
  facet normal 0 -0.5735764363510465 0.8191520442889916
    outer loop
      vertex -17.146476317900248 1.47841150227904 1.7380977808263507
      vertex -19.596476317900247 1.47841150227904 1.7380977808263507
      vertex -19.596476317900247 1.1970705016398404 1.54110069137132
    endloop
  endfacet
  facet normal 2.3371256637906115e-18 -0.4226182617406998 0.9063077870366498
    outer loop
      vertex -17.146476317900248 0.786646329649038 1.3387069721924107
      vertex -17.146476317900248 1.15 1.5081415712957913
      vertex -19.596476317900247 1.15 1.5081415712957913
    endloop
  endfacet
  facet normal -1.2573371546504252e-17 -0.5735764363510465 0.8191520442889915
    outer loop
      vertex -17.146476317900248 1.15 1.5081415712957913
      vertex -17.146476317900248 1.47841150227904 1.7380977808263507
      vertex -19.596476317900247 1.1970705016398404 1.54110069137132
    endloop
  endfacet
  facet normal -1 0 0
    outer loop
      vertex -17.146476317900248 -0.3993908086339397 1.234942168071922
      vertex -17.146476317900248 -0.24310744873370244 2.121269145782909
      vertex -17.146476317900248 0 1.2000000000000002
    endloop
  endfacet
  facet normal -1 0 0
    outer loop
      vertex -17.146476317900248 0 1.2000000000000002
      vertex -17.146476317900248 0 2.1
      vertex -17.146476317900248 0.3993908086339397 1.234942168071922
    endloop
  endfacet
  facet normal -1 0 0
    outer loop
      vertex -17.146476317900248 -0.786646329649038 1.3387069721924107
      vertex -17.146476317900248 -0.7 2.2875644347017863
      vertex -17.146476317900248 -0.3993908086339397 1.234942168071922
    endloop
  endfacet
  facet normal -1 0 0
    outer loop
      vertex -17.146476317900248 0.3993908086339397 1.234942168071922
      vertex -17.146476317900248 0.24310744873370244 2.121269145782909
      vertex -17.146476317900248 0.786646329649038 1.3387069721924107
    endloop
  endfacet
  facet normal -1 0 0
    outer loop
      vertex -17.146476317900248 0.786646329649038 1.3387069721924107
      vertex -17.146476317900248 0.7 2.2875644347017863
      vertex -17.146476317900248 1.15 1.5081415712957913
    endloop
  endfacet
  facet normal 6.693782129335617e-17 0.7071067811865478 0.7071067811865472
    outer loop
      vertex -17.146476317900248 -1.7619022191736493 2.02158849772096
      vertex -19.596476317900247 -1.47841150227904 1.7380977808263507
      vertex -19.596476317900247 -1.75 2.009686278547311
    endloop
  endfacet
  facet normal 0 0.7071067811865409 0.7071067811865541
    outer loop
      vertex -17.146476317900248 -1.7619022191736493 2.02158849772096
      vertex -19.596476317900247 -1.75 2.009686278547311
      vertex -19.596476317900247 -1.7619022191736493 2.02158849772096
    endloop
  endfacet
  facet normal -9.376024867405558e-19 0.7071067811865476 0.7071067811865476
    outer loop
      vertex -17.146476317900248 -1.7619022191736493 2.02158849772096
      vertex -17.146476317900248 -1.47841150227904 1.7380977808263507
      vertex -19.596476317900247 -1.47841150227904 1.7380977808263507
    endloop
  endfacet
  facet normal 0 0.8191520442889915 0.5735764363510465
    outer loop
      vertex -17.146476317900248 -1.7619022191736493 2.02158849772096
      vertex -19.596476317900247 -1.7619022191736493 2.02158849772096
      vertex -17.146476317900248 -1.9918584287042087 2.35
    endloop
  endfacet
  facet normal -2.5280420557932666e-17 0.8191520442889915 0.5735764363510466
    outer loop
      vertex -17.146476317900248 -1.9918584287042087 2.35
      vertex -19.596476317900247 -1.7619022191736493 2.02158849772096
      vertex -19.596476317900247 -1.929918571594826 2.2615407165313437
    endloop
  endfacet
  facet normal 0 0.8191520442889918 0.573576436351046
    outer loop
      vertex -17.146476317900248 -1.9918584287042087 2.35
      vertex -19.596476317900247 -1.929918571594826 2.2615407165313437
      vertex -19.596476317900247 -1.9918584287042087 2.35
    endloop
  endfacet
  facet normal 0 0.9063077870366498 0.4226182617406998
    outer loop
      vertex -17.146476317900248 -2.1612930278075893 2.713353670350962
      vertex -19.596476317900247 -1.9918584287042087 2.35
      vertex -19.596476317900247 -2.1612930278075893 2.713353670350962
    endloop
  endfacet
  facet normal 0 0.9063077870366498 0.4226182617406998
    outer loop
      vertex -17.146476317900248 -1.9918584287042087 2.35
      vertex -19.596476317900247 -1.9918584287042087 2.35
      vertex -17.146476317900248 -2.1612930278075893 2.713353670350962
    endloop
  endfacet
  facet normal 0 -0.7071067811865476 0.7071067811865476
    outer loop
      vertex -17.146476317900248 1.47841150227904 1.7380977808263507
      vertex -19.596476317900247 1.5435787513475254 1.803265029894836
      vertex -19.596476317900247 1.47841150227904 1.7380977808263507
    endloop
  endfacet
  facet normal 7.285576294814932e-19 -0.7071067811865476 0.7071067811865476
    outer loop
      vertex -17.146476317900248 1.47841150227904 1.7380977808263507
      vertex -19.596476317900247 1.7619022191736493 2.02158849772096
      vertex -19.596476317900247 1.5435787513475254 1.803265029894836
    endloop
  endfacet
  facet normal 0 -0.8191520442889909 0.5735764363510472
    outer loop
      vertex -17.146476317900248 1.7619022191736493 2.02158849772096
      vertex -19.596476317900247 1.7982830335742477 2.073545685290829
      vertex -19.596476317900247 1.7619022191736493 2.02158849772096
    endloop
  endfacet
  facet normal -3.086044583175076e-17 -0.8191520442889917 0.5735764363510464
    outer loop
      vertex -17.146476317900248 1.7619022191736493 2.02158849772096
      vertex -19.596476317900247 1.9918584287042087 2.35
      vertex -19.596476317900247 1.7982830335742477 2.073545685290829
    endloop
  endfacet
  facet normal 9.376024867405558e-19 -0.7071067811865476 0.7071067811865476
    outer loop
      vertex -17.146476317900248 1.47841150227904 1.7380977808263507
      vertex -17.146476317900248 1.7619022191736493 2.02158849772096
      vertex -19.596476317900247 1.7619022191736493 2.02158849772096
    endloop
  endfacet
  facet normal 0 -0.9063077870366502 0.4226182617406991
    outer loop
      vertex -17.146476317900248 1.9918584287042087 2.35
      vertex -19.596476317900247 2.091846800809341 2.5644257559499413
      vertex -19.596476317900247 1.9918584287042087 2.35
    endloop
  endfacet
  facet normal 1.7481122974657942e-16 -0.9063077870366493 0.42261826174070066
    outer loop
      vertex -19.596476317900247 2.091846800809341 2.5644257559499413
      vertex -17.146476317900248 1.9918584287042087 2.35
      vertex -19.596476317900247 2.1612930278075893 2.713353670350962
    endloop
  endfacet
  facet normal 5.669649225371384e-18 -0.8191520442889915 0.5735764363510465
    outer loop
      vertex -17.146476317900248 1.7619022191736493 2.02158849772096
      vertex -17.146476317900248 1.9918584287042087 2.35
      vertex -19.596476317900247 1.9918584287042087 2.35
    endloop
  endfacet
  facet normal 2.3371256637906115e-18 -0.9063077870366498 0.4226182617406998
    outer loop
      vertex -17.146476317900248 1.9918584287042087 2.35
      vertex -17.146476317900248 2.1612930278075893 2.713353670350962
      vertex -19.596476317900247 2.1612930278075893 2.713353670350962
    endloop
  endfacet
  facet normal -1 0 0
    outer loop
      vertex -17.146476317900248 -0.786646329649038 1.3387069721924107
      vertex -17.146476317900248 -1.15 1.5081415712957913
      vertex -17.146476317900248 -0.8999026535611548 2.4275377796334308
    endloop
  endfacet
  facet normal -1 0 0
    outer loop
      vertex -17.146476317900248 -0.786646329649038 1.3387069721924107
      vertex -17.146476317900248 -0.8999026535611548 2.4275377796334308
      vertex -17.146476317900248 -0.7 2.2875644347017863
    endloop
  endfacet
  facet normal -1 0 0
    outer loop
      vertex -17.146476317900248 -1.15 1.5081415712957913
      vertex -17.146476317900248 -1.47841150227904 1.7380977808263507
      vertex -17.146476317900248 -1.3155696691002716 3.0211717993440637
    endloop
  endfacet
  facet normal -1 0 0
    outer loop
      vertex -17.146476317900248 -1.15 1.5081415712957913
      vertex -17.146476317900248 -1.0724622203665692 2.600097346438845
      vertex -17.146476317900248 -0.8999026535611548 2.4275377796334308
    endloop
  endfacet
  facet normal -1 0 0
    outer loop
      vertex -17.146476317900248 -1.15 1.5081415712957913
      vertex -17.146476317900248 -1.212435565298214 2.8
      vertex -17.146476317900248 -1.0724622203665692 2.600097346438845
    endloop
  endfacet
  facet normal -1 0 0
    outer loop
      vertex -17.146476317900248 -1.15 1.5081415712957913
      vertex -17.146476317900248 -1.3155696691002716 3.0211717993440637
      vertex -17.146476317900248 -1.212435565298214 2.8
    endloop
  endfacet
  facet normal -1 0 0
    outer loop
      vertex -17.146476317900248 -0.3993908086339397 1.234942168071922
      vertex -17.146476317900248 -0.4788282006559362 2.1844303308997284
      vertex -17.146476317900248 -0.24310744873370244 2.121269145782909
    endloop
  endfacet
  facet normal -1 0 0
    outer loop
      vertex -17.146476317900248 0 1.2000000000000002
      vertex -17.146476317900248 -0.24310744873370244 2.121269145782909
      vertex -17.146476317900248 0 2.1
    endloop
  endfacet
  facet normal -1 0 0
    outer loop
      vertex -17.146476317900248 0.3993908086339397 1.234942168071922
      vertex -17.146476317900248 0 2.1
      vertex -17.146476317900248 0.24310744873370244 2.121269145782909
    endloop
  endfacet
  facet normal -1 0 0
    outer loop
      vertex -17.146476317900248 -0.3993908086339397 1.234942168071922
      vertex -17.146476317900248 -0.7 2.2875644347017863
      vertex -17.146476317900248 -0.4788282006559362 2.1844303308997284
    endloop
  endfacet
  facet normal -1 0 0
    outer loop
      vertex -17.146476317900248 0.786646329649038 1.3387069721924107
      vertex -17.146476317900248 0.24310744873370244 2.121269145782909
      vertex -17.146476317900248 0.4788282006559362 2.1844303308997284
    endloop
  endfacet
  facet normal -1 0 0
    outer loop
      vertex -17.146476317900248 0.786646329649038 1.3387069721924107
      vertex -17.146476317900248 0.4788282006559362 2.1844303308997284
      vertex -17.146476317900248 0.7 2.2875644347017863
    endloop
  endfacet
  facet normal -1 0 0
    outer loop
      vertex -17.146476317900248 1.15 1.5081415712957913
      vertex -17.146476317900248 1.0724622203665692 2.600097346438845
      vertex -17.146476317900248 1.47841150227904 1.7380977808263507
    endloop
  endfacet
  facet normal -1 0 0
    outer loop
      vertex -17.146476317900248 1.15 1.5081415712957913
      vertex -17.146476317900248 0.7 2.2875644347017863
      vertex -17.146476317900248 0.8999026535611548 2.4275377796334308
    endloop
  endfacet
  facet normal -1 0 0
    outer loop
      vertex -17.146476317900248 1.15 1.5081415712957913
      vertex -17.146476317900248 0.8999026535611548 2.4275377796334308
      vertex -17.146476317900248 1.0724622203665692 2.600097346438845
    endloop
  endfacet
  facet normal -1 0 0
    outer loop
      vertex -17.146476317900248 1.47841150227904 1.7380977808263507
      vertex -17.146476317900248 1.0724622203665692 2.600097346438845
      vertex -17.146476317900248 1.212435565298214 2.8
    endloop
  endfacet
  facet normal -1 0 0
    outer loop
      vertex -17.146476317900248 1.47841150227904 1.7380977808263507
      vertex -17.146476317900248 1.212435565298214 2.8
      vertex -17.146476317900248 1.3155696691002716 3.0211717993440637
    endloop
  endfacet
  facet normal 0 0.9659258262890685 0.25881904510251974
    outer loop
      vertex -17.146476317900248 -2.265057831928078 3.1006091913660603
      vertex -19.596476317900247 -2.1612930278075893 2.713353670350962
      vertex -19.596476317900247 -2.265057831928078 3.1006091913660603
    endloop
  endfacet
  facet normal 0 0.9659258262890685 0.25881904510251974
    outer loop
      vertex -17.146476317900248 -2.1612930278075893 2.713353670350962
      vertex -19.596476317900247 -2.1612930278075893 2.713353670350962
      vertex -17.146476317900248 -2.265057831928078 3.1006091913660603
    endloop
  endfacet
  facet normal 0 0.9961946980917454 0.08715574274765887
    outer loop
      vertex -17.146476317900248 -2.3 3.5
      vertex -19.596476317900247 -2.265057831928078 3.1006091913660603
      vertex -19.596476317900247 -2.3 3.5
    endloop
  endfacet
  facet normal 0 0.9961946980917454 0.08715574274765887
    outer loop
      vertex -17.146476317900248 -2.265057831928078 3.1006091913660603
      vertex -19.596476317900247 -2.265057831928078 3.1006091913660603
      vertex -17.146476317900248 -2.3 3.5
    endloop
  endfacet
  facet normal 0 -0.9659258262890685 0.25881904510251974
    outer loop
      vertex -17.146476317900248 2.1612930278075893 2.713353670350962
      vertex -19.596476317900247 2.265057831928078 3.1006091913660603
      vertex -19.596476317900247 2.1612930278075893 2.713353670350962
    endloop
  endfacet
  facet normal -2.3335791875952497e-18 -0.9659258262890685 0.25881904510251974
    outer loop
      vertex -17.146476317900248 2.1612930278075893 2.713353670350962
      vertex -17.146476317900248 2.265057831928078 3.1006091913660603
      vertex -19.596476317900247 2.265057831928078 3.1006091913660603
    endloop
  endfacet
  facet normal 0 -0.9961946980917454 0.08715574274765887
    outer loop
      vertex -17.146476317900248 2.265057831928078 3.1006091913660603
      vertex -19.596476317900247 2.3 3.5
      vertex -19.596476317900247 2.265057831928078 3.1006091913660603
    endloop
  endfacet
  facet normal 7.113465195861407e-19 -0.9961946980917454 0.08715574274765887
    outer loop
      vertex -17.146476317900248 2.265057831928078 3.1006091913660603
      vertex -17.146476317900248 2.3 3.5
      vertex -19.596476317900247 2.3 3.5
    endloop
  endfacet
  facet normal -1 0 0
    outer loop
      vertex -17.146476317900248 -1.47841150227904 1.7380977808263507
      vertex -17.146476317900248 -1.378730854217091 3.2568925512662976
      vertex -17.146476317900248 -1.3155696691002716 3.0211717993440637
    endloop
  endfacet
  facet normal -1 0 0
    outer loop
      vertex -17.146476317900248 -1.47841150227904 1.7380977808263507
      vertex -17.146476317900248 -1.4 3.5
      vertex -17.146476317900248 -1.378730854217091 3.2568925512662976
    endloop
  endfacet
  facet normal -1 0 0
    outer loop
      vertex -17.146476317900248 -1.7619022191736493 2.02158849772096
      vertex -17.146476317900248 -1.9918584287042087 2.35
      vertex -17.146476317900248 -1.9918584287042087 4.65
    endloop
  endfacet
  facet normal -1 0 0
    outer loop
      vertex -17.146476317900248 -1.7619022191736493 2.02158849772096
      vertex -17.146476317900248 -1.7619022191736493 4.97841150227904
      vertex -17.146476317900248 -1.47841150227904 1.7380977808263507
    endloop
  endfacet
  facet normal -1 0 0
    outer loop
      vertex -17.146476317900248 -1.9918584287042087 2.35
      vertex -17.146476317900248 -2.1612930278075893 2.713353670350962
      vertex -17.146476317900248 -2.1612930278075893 4.286646329649038
    endloop
  endfacet
  facet normal -1 0 0
    outer loop
      vertex -17.146476317900248 -2.1612930278075893 2.713353670350962
      vertex -17.146476317900248 -2.265057831928078 3.1006091913660603
      vertex -17.146476317900248 -2.265057831928078 3.8993908086339397
    endloop
  endfacet
  facet normal -1 0 0
    outer loop
      vertex -17.146476317900248 1.47841150227904 1.7380977808263507
      vertex -17.146476317900248 1.3155696691002716 3.0211717993440637
      vertex -17.146476317900248 1.378730854217091 3.2568925512662976
    endloop
  endfacet
  facet normal -1 0 0
    outer loop
      vertex -17.146476317900248 1.47841150227904 1.7380977808263507
      vertex -17.146476317900248 1.378730854217091 3.2568925512662976
      vertex -17.146476317900248 1.4 3.5
    endloop
  endfacet
  facet normal -1 0 0
    outer loop
      vertex -17.146476317900248 1.47841150227904 1.7380977808263507
      vertex -17.146476317900248 1.47841150227904 5.261902219173649
      vertex -17.146476317900248 1.7619022191736493 2.02158849772096
    endloop
  endfacet
  facet normal -1 0 0
    outer loop
      vertex -17.146476317900248 1.7619022191736493 2.02158849772096
      vertex -17.146476317900248 1.7619022191736493 4.97841150227904
      vertex -17.146476317900248 1.9918584287042087 2.35
    endloop
  endfacet
  facet normal -1 0 0
    outer loop
      vertex -17.146476317900248 1.9918584287042087 2.35
      vertex -17.146476317900248 1.9918584287042087 4.65
      vertex -17.146476317900248 2.1612930278075893 2.713353670350962
    endloop
  endfacet
  facet normal -1 0 0
    outer loop
      vertex -17.146476317900248 2.1612930278075893 2.713353670350962
      vertex -17.146476317900248 2.1612930278075893 4.286646329649038
      vertex -17.146476317900248 2.265057831928078 3.1006091913660603
    endloop
  endfacet
  facet normal 0 0.9961946980917454 -0.08715574274765887
    outer loop
      vertex -17.146476317900248 -2.265057831928078 3.8993908086339397
      vertex -19.596476317900247 -2.3 3.5
      vertex -19.596476317900247 -2.265057831928078 3.8993908086339397
    endloop
  endfacet
  facet normal 0 0.9961946980917454 -0.08715574274765887
    outer loop
      vertex -17.146476317900248 -2.3 3.5
      vertex -19.596476317900247 -2.3 3.5
      vertex -17.146476317900248 -2.265057831928078 3.8993908086339397
    endloop
  endfacet
  facet normal 0 0.9659258262890685 -0.25881904510251974
    outer loop
      vertex -17.146476317900248 -2.1612930278075893 4.286646329649038
      vertex -19.596476317900247 -2.265057831928078 3.8993908086339397
      vertex -19.596476317900247 -2.1612930278075893 4.286646329649038
    endloop
  endfacet
  facet normal 0 0.9659258262890685 -0.25881904510251974
    outer loop
      vertex -17.146476317900248 -2.265057831928078 3.8993908086339397
      vertex -19.596476317900247 -2.265057831928078 3.8993908086339397
      vertex -17.146476317900248 -2.1612930278075893 4.286646329649038
    endloop
  endfacet
  facet normal 0 -0.9961946980917454 -0.08715574274765887
    outer loop
      vertex -17.146476317900248 2.3 3.5
      vertex -19.596476317900247 2.265057831928078 3.8993908086339397
      vertex -19.596476317900247 2.3 3.5
    endloop
  endfacet
  facet normal -7.113465195861407e-19 -0.9961946980917454 -0.08715574274765887
    outer loop
      vertex -17.146476317900248 2.3 3.5
      vertex -17.146476317900248 2.265057831928078 3.8993908086339397
      vertex -19.596476317900247 2.265057831928078 3.8993908086339397
    endloop
  endfacet
  facet normal 0 -0.9659258262890685 -0.25881904510252
    outer loop
      vertex -17.146476317900248 2.265057831928078 3.8993908086339397
      vertex -19.596476317900247 2.1662352631252024 4.268201656340744
      vertex -19.596476317900247 2.265057831928078 3.8993908086339397
    endloop
  endfacet
  facet normal 8.792556516386847e-16 -0.96592582628907 -0.25881904510251447
    outer loop
      vertex -17.146476317900248 2.265057831928078 3.8993908086339397
      vertex -19.596476317900247 2.1612930278075893 4.286646329649038
      vertex -19.596476317900247 2.1662352631252024 4.268201656340744
    endloop
  endfacet
  facet normal 2.3335791875952497e-18 -0.9659258262890685 -0.25881904510251974
    outer loop
      vertex -17.146476317900248 2.265057831928078 3.8993908086339397
      vertex -17.146476317900248 2.1612930278075893 4.286646329649038
      vertex -19.596476317900247 2.1612930278075893 4.286646329649038
    endloop
  endfacet
  facet normal -1 0 0
    outer loop
      vertex -17.146476317900248 -2.265057831928078 3.1006091913660603
      vertex -17.146476317900248 -2.3 3.5
      vertex -17.146476317900248 -2.265057831928078 3.8993908086339397
    endloop
  endfacet
  facet normal -1 0 0
    outer loop
      vertex -17.146476317900248 -2.1612930278075893 2.713353670350962
      vertex -17.146476317900248 -2.265057831928078 3.8993908086339397
      vertex -17.146476317900248 -2.1612930278075893 4.286646329649038
    endloop
  endfacet
  facet normal -1 0 0
    outer loop
      vertex -17.146476317900248 -1.47841150227904 1.7380977808263507
      vertex -17.146476317900248 -1.47841150227904 5.261902219173649
      vertex -17.146476317900248 -1.4 3.5
    endloop
  endfacet
  facet normal -1 0 0
    outer loop
      vertex -17.146476317900248 -1.9918584287042087 2.35
      vertex -17.146476317900248 -2.1612930278075893 4.286646329649038
      vertex -17.146476317900248 -1.9918584287042087 4.65
    endloop
  endfacet
  facet normal -1 0 0
    outer loop
      vertex -17.146476317900248 -1.7619022191736493 2.02158849772096
      vertex -17.146476317900248 -1.9918584287042087 4.65
      vertex -17.146476317900248 -1.7619022191736493 4.97841150227904
    endloop
  endfacet
  facet normal -1 0 0
    outer loop
      vertex -17.146476317900248 -1.47841150227904 1.7380977808263507
      vertex -17.146476317900248 -1.7619022191736493 4.97841150227904
      vertex -17.146476317900248 -1.47841150227904 5.261902219173649
    endloop
  endfacet
  facet normal -1 0 0
    outer loop
      vertex -17.146476317900248 -1.4 3.5
      vertex -17.146476317900248 -1.47841150227904 5.261902219173649
      vertex -17.146476317900248 -1.378730854217091 3.7431074487337024
    endloop
  endfacet
  facet normal -1 0 0
    outer loop
      vertex -17.146476317900248 -1.378730854217091 3.7431074487337024
      vertex -17.146476317900248 -1.47841150227904 5.261902219173649
      vertex -17.146476317900248 -1.3155696691002716 3.9788282006559363
    endloop
  endfacet
  facet normal -1 0 0
    outer loop
      vertex -17.146476317900248 1.47841150227904 1.7380977808263507
      vertex -17.146476317900248 1.4 3.5
      vertex -17.146476317900248 1.47841150227904 5.261902219173649
    endloop
  endfacet
  facet normal -1 0 0
    outer loop
      vertex -17.146476317900248 2.265057831928078 3.1006091913660603
      vertex -17.146476317900248 2.265057831928078 3.8993908086339397
      vertex -17.146476317900248 2.3 3.5
    endloop
  endfacet
  facet normal -1 0 0
    outer loop
      vertex -17.146476317900248 2.265057831928078 3.1006091913660603
      vertex -17.146476317900248 2.1612930278075893 4.286646329649038
      vertex -17.146476317900248 2.265057831928078 3.8993908086339397
    endloop
  endfacet
  facet normal -1 0 0
    outer loop
      vertex -17.146476317900248 2.1612930278075893 2.713353670350962
      vertex -17.146476317900248 1.9918584287042087 4.65
      vertex -17.146476317900248 2.1612930278075893 4.286646329649038
    endloop
  endfacet
  facet normal -1 0 0
    outer loop
      vertex -17.146476317900248 1.9918584287042087 2.35
      vertex -17.146476317900248 1.7619022191736493 4.97841150227904
      vertex -17.146476317900248 1.9918584287042087 4.65
    endloop
  endfacet
  facet normal -1 0 0
    outer loop
      vertex -17.146476317900248 1.7619022191736493 2.02158849772096
      vertex -17.146476317900248 1.47841150227904 5.261902219173649
      vertex -17.146476317900248 1.7619022191736493 4.97841150227904
    endloop
  endfacet
  facet normal -1 0 0
    outer loop
      vertex -17.146476317900248 1.4 3.5
      vertex -17.146476317900248 1.378730854217091 3.7431074487337024
      vertex -17.146476317900248 1.47841150227904 5.261902219173649
    endloop
  endfacet
  facet normal -1 0 0
    outer loop
      vertex -17.146476317900248 1.378730854217091 3.7431074487337024
      vertex -17.146476317900248 1.3155696691002716 3.9788282006559363
      vertex -17.146476317900248 1.47841150227904 5.261902219173649
    endloop
  endfacet
  facet normal 0 0.9063077870366499 -0.42261826174069933
    outer loop
      vertex -17.146476317900248 -1.9918584287042087 4.65
      vertex -19.596476317900247 -2.1612930278075893 4.286646329649038
      vertex -19.596476317900247 -1.9918584287042087 4.65
    endloop
  endfacet
  facet normal 0 0.9063077870366499 -0.42261826174069933
    outer loop
      vertex -17.146476317900248 -2.1612930278075893 4.286646329649038
      vertex -19.596476317900247 -2.1612930278075893 4.286646329649038
      vertex -17.146476317900248 -1.9918584287042087 4.65
    endloop
  endfacet
  facet normal 0 0.8191520442889911 -0.5735764363510469
    outer loop
      vertex -17.146476317900248 -1.9918584287042087 4.65
      vertex -19.596476317900247 -1.9918584287042087 4.65
      vertex -17.146476317900248 -1.7619022191736493 4.97841150227904
    endloop
  endfacet
  facet normal 0 0.8191520442889911 -0.5735764363510469
    outer loop
      vertex -17.146476317900248 -1.7619022191736493 4.97841150227904
      vertex -19.596476317900247 -1.9918584287042087 4.65
      vertex -19.596476317900247 -1.7619022191736493 4.97841150227904
    endloop
  endfacet
  facet normal 0 0.7071067811865474 -0.7071067811865478
    outer loop
      vertex -17.146476317900248 -1.47841150227904 5.261902219173649
      vertex -19.596476317900247 -1.7619022191736493 4.97841150227904
      vertex -19.596476317900247 -1.47841150227904 5.261902219173649
    endloop
  endfacet
  facet normal 0 0.7071067811865474 -0.7071067811865478
    outer loop
      vertex -17.146476317900248 -1.7619022191736493 4.97841150227904
      vertex -19.596476317900247 -1.7619022191736493 4.97841150227904
      vertex -17.146476317900248 -1.47841150227904 5.261902219173649
    endloop
  endfacet
  facet normal 0 -0.9063077870366499 -0.42261826174069933
    outer loop
      vertex -17.146476317900248 2.1612930278075893 4.286646329649038
      vertex -19.596476317900247 1.9918584287042087 4.65
      vertex -19.596476317900247 2.1612930278075893 4.286646329649038
    endloop
  endfacet
  facet normal 0 -0.8191520442889911 -0.5735764363510469
    outer loop
      vertex -17.146476317900248 1.9918584287042087 4.65
      vertex -19.596476317900247 1.7619022191736493 4.97841150227904
      vertex -19.596476317900247 1.9918584287042087 4.65
    endloop
  endfacet
  facet normal -1.2337803046227266e-18 -0.9063077870366499 -0.42261826174069933
    outer loop
      vertex -17.146476317900248 2.1612930278075893 4.286646329649038
      vertex -17.146476317900248 1.9918584287042087 4.65
      vertex -19.596476317900247 1.9918584287042087 4.65
    endloop
  endfacet
  facet normal 0 -0.7071067811865474 -0.7071067811865478
    outer loop
      vertex -17.146476317900248 1.7619022191736493 4.97841150227904
      vertex -19.596476317900247 1.47841150227904 5.261902219173649
      vertex -19.596476317900247 1.7619022191736493 4.97841150227904
    endloop
  endfacet
  facet normal -6.031376958381843e-19 -0.8191520442889911 -0.5735764363510469
    outer loop
      vertex -17.146476317900248 1.9918584287042087 4.65
      vertex -17.146476317900248 1.7619022191736493 4.97841150227904
      vertex -19.596476317900247 1.7619022191736493 4.97841150227904
    endloop
  endfacet
  facet normal 0 -0.7071067811865474 -0.7071067811865478
    outer loop
      vertex -17.146476317900248 1.47841150227904 5.261902219173649
      vertex -19.596476317900247 1.47841150227904 5.261902219173649
      vertex -17.146476317900248 1.7619022191736493 4.97841150227904
    endloop
  endfacet
  facet normal -1 0 0
    outer loop
      vertex -17.146476317900248 -1.3155696691002716 3.9788282006559363
      vertex -17.146476317900248 -1.47841150227904 5.261902219173649
      vertex -17.146476317900248 -1.212435565298214 4.2
    endloop
  endfacet
  facet normal -1 0 0
    outer loop
      vertex -17.146476317900248 -1.212435565298214 4.2
      vertex -17.146476317900248 -1.47841150227904 5.261902219173649
      vertex -17.146476317900248 -0.24574561328669753 5.632072930905314
    endloop
  endfacet
  facet normal -1 0 0
    outer loop
      vertex -17.146476317900248 1.3155696691002716 3.9788282006559363
      vertex -17.146476317900248 1.212435565298214 4.2
      vertex -17.146476317900248 1.15 5.491858428704209
    endloop
  endfacet
  facet normal -1 0 0
    outer loop
      vertex -17.146476317900248 1.3155696691002716 3.9788282006559363
      vertex -17.146476317900248 1.15 5.491858428704209
      vertex -17.146476317900248 1.47841150227904 5.261902219173649
    endloop
  endfacet
  facet normal -1 0 0
    outer loop
      vertex -17.146476317900248 1.212435565298214 4.2
      vertex -17.146476317900248 0.786646329649038 5.66129302780759
      vertex -17.146476317900248 1.15 5.491858428704209
    endloop
  endfacet
  facet normal -1 0 0
    outer loop
      vertex -17.146476317900248 1.212435565298214 4.2
      vertex -17.146476317900248 0.24574561328669753 5.632072930905314
      vertex -17.146476317900248 0.3993908086339397 5.765057831928078
    endloop
  endfacet
  facet normal -1 0 0
    outer loop
      vertex -17.146476317900248 1.212435565298214 4.2
      vertex -17.146476317900248 0.3993908086339397 5.765057831928078
      vertex -17.146476317900248 0.786646329649038 5.66129302780759
    endloop
  endfacet
  facet normal 0 0.5735764363510463 -0.8191520442889916
    outer loop
      vertex -17.146476317900248 -1.47841150227904 5.261902219173649
      vertex -19.596476317900247 -1.47841150227904 5.261902219173649
      vertex -19.596476317900247 -1.2254933861694306 5.438997390623396
    endloop
  endfacet
  facet normal 0 0.5735764363510484 -0.8191520442889901
    outer loop
      vertex -17.146476317900248 -1.15 5.491858428704209
      vertex -19.596476317900247 -1.2254933861694306 5.438997390623396
      vertex -19.596476317900247 -1.15 5.491858428704209
    endloop
  endfacet
  facet normal 0 0.4226182617407007 -0.9063077870366494
    outer loop
      vertex -17.146476317900248 -0.786646329649038 5.66129302780759
      vertex -19.596476317900247 -1.15 5.491858428704209
      vertex -19.596476317900247 -0.786646329649038 5.66129302780759
    endloop
  endfacet
  facet normal 7.587381197512943e-17 0.5735764363510468 -0.8191520442889914
    outer loop
      vertex -17.146476317900248 -1.47841150227904 5.261902219173649
      vertex -19.596476317900247 -1.2254933861694306 5.438997390623396
      vertex -17.146476317900248 -1.15 5.491858428704209
    endloop
  endfacet
  facet normal 0 0.4226182617407007 -0.9063077870366494
    outer loop
      vertex -17.146476317900248 -1.15 5.491858428704209
      vertex -19.596476317900247 -1.15 5.491858428704209
      vertex -17.146476317900248 -0.786646329649038 5.66129302780759
    endloop
  endfacet
  facet normal 0 -0.4226182617407007 -0.9063077870366494
    outer loop
      vertex -17.146476317900248 1.15 5.491858428704209
      vertex -19.596476317900247 0.786646329649038 5.66129302780759
      vertex -19.596476317900247 1.15 5.491858428704209
    endloop
  endfacet
  facet normal 0 -0.2588190451025168 -0.9659258262890693
    outer loop
      vertex -17.146476317900248 0.786646329649038 5.66129302780759
      vertex -19.596476317900247 0.6279217541428856 5.703823149633435
      vertex -19.596476317900247 0.786646329649038 5.66129302780759
    endloop
  endfacet
  facet normal 0 -0.5735764363510468 -0.8191520442889914
    outer loop
      vertex -17.146476317900248 1.47841150227904 5.261902219173649
      vertex -19.596476317900247 1.15 5.491858428704209
      vertex -19.596476317900247 1.47841150227904 5.261902219173649
    endloop
  endfacet
  facet normal 4.862063580961066e-18 -0.5735764363510468 -0.8191520442889914
    outer loop
      vertex -17.146476317900248 1.47841150227904 5.261902219173649
      vertex -17.146476317900248 1.15 5.491858428704209
      vertex -19.596476317900247 1.15 5.491858428704209
    endloop
  endfacet
  facet normal 2.9283714057301282e-18 -0.4226182617407007 -0.9063077870366494
    outer loop
      vertex -17.146476317900248 1.15 5.491858428704209
      vertex -17.146476317900248 0.786646329649038 5.66129302780759
      vertex -19.596476317900247 0.786646329649038 5.66129302780759
    endloop
  endfacet
  facet normal 0 0.25881904510251874 -0.9659258262890689
    outer loop
      vertex -17.146476317900248 -0.3993908086339397 5.765057831928078
      vertex -19.596476317900247 -0.786646329649038 5.66129302780759
      vertex -19.596476317900247 -0.3993908086339397 5.765057831928078
    endloop
  endfacet
  facet normal 0 0.08715574274766023 -0.9961946980917454
    outer loop
      vertex -17.146476317900248 -0.3993908086339397 5.765057831928078
      vertex -19.596476317900247 -0.3993908086339397 5.765057831928078
      vertex -19.596476317900247 -0.3096444408894273 5.772909621698352
    endloop
  endfacet
  facet normal 1.8177934495306767e-16 0.0871557427476652 -0.9961946980917451
    outer loop
      vertex -17.146476317900248 -0.3993908086339397 5.765057831928078
      vertex -19.596476317900247 -0.3096444408894273 5.772909621698352
      vertex -19.596476317900247 -0.2549929897920673 5.777691004114613
    endloop
  endfacet
  facet normal 0 0.08715574274765706 -0.9961946980917457
    outer loop
      vertex -17.146476317900248 0 5.8
      vertex -19.596476317900247 -0.2549929897920673 5.777691004114613
      vertex -19.596476317900247 0 5.8
    endloop
  endfacet
  facet normal 0 -0.08715574274765887 -0.9961946980917454
    outer loop
      vertex -17.146476317900248 0.3993908086339397 5.765057831928078
      vertex -19.596476317900247 0 5.8
      vertex -19.596476317900247 0.3993908086339397 5.765057831928078
    endloop
  endfacet
  facet normal -2.0927669180508915e-16 -0.25881904510252224 -0.965925826289068
    outer loop
      vertex -17.146476317900248 0.3993908086339397 5.765057831928078
      vertex -19.596476317900247 0.4742735341977975 5.744993066086201
      vertex -19.596476317900247 0.6279217541428856 5.703823149633435
    endloop
  endfacet
  facet normal 0 -0.2588190451025158 -0.9659258262890698
    outer loop
      vertex -17.146476317900248 0.3993908086339397 5.765057831928078
      vertex -19.596476317900247 0.3993908086339397 5.765057831928078
      vertex -19.596476317900247 0.4742735341977975 5.744993066086201
    endloop
  endfacet
  facet normal 0 0.25881904510251874 -0.9659258262890689
    outer loop
      vertex -17.146476317900248 -0.786646329649038 5.66129302780759
      vertex -19.596476317900247 -0.786646329649038 5.66129302780759
      vertex -17.146476317900248 -0.3993908086339397 5.765057831928078
    endloop
  endfacet
  facet normal -1.9202731119255537e-16 0.08715574274765887 -0.9961946980917454
    outer loop
      vertex -17.146476317900248 -0.3993908086339397 5.765057831928078
      vertex -19.596476317900247 -0.2549929897920673 5.777691004114613
      vertex -17.146476317900248 0 5.8
    endloop
  endfacet
  facet normal 0 -0.08715574274765887 -0.9961946980917454
    outer loop
      vertex -17.146476317900248 0 5.8
      vertex -19.596476317900247 0 5.8
      vertex -17.146476317900248 0.3993908086339397 5.765057831928078
    endloop
  endfacet
  facet normal 1.3515908752188283e-16 -0.25881904510251874 -0.9659258262890689
    outer loop
      vertex -17.146476317900248 0.3993908086339397 5.765057831928078
      vertex -19.596476317900247 0.6279217541428856 5.703823149633435
      vertex -17.146476317900248 0.786646329649038 5.66129302780759
    endloop
  endfacet
  facet normal -1 0 0
    outer loop
      vertex -17.146476317900248 -1.47841150227904 5.261902219173649
      vertex -17.146476317900248 -1.15 5.491858428704209
      vertex -17.146476317900248 -0.24574561328669753 5.632072930905314
    endloop
  endfacet
  facet normal -1 0 0
    outer loop
      vertex -17.146476317900248 -1.15 5.491858428704209
      vertex -17.146476317900248 -0.786646329649038 5.66129302780759
      vertex -17.146476317900248 -0.24574561328669753 5.632072930905314
    endloop
  endfacet
  facet normal -1 0 0
    outer loop
      vertex -17.146476317900248 -0.786646329649038 5.66129302780759
      vertex -17.146476317900248 -0.3993908086339397 5.765057831928078
      vertex -17.146476317900248 -0.24574561328669753 5.632072930905314
    endloop
  endfacet
  facet normal -1 0 0
    outer loop
      vertex -17.146476317900248 -0.24574561328669753 5.632072930905314
      vertex -17.146476317900248 -0.3993908086339397 5.765057831928078
      vertex -17.146476317900248 -0.2298133329356934 5.6528362829059615
    endloop
  endfacet
  facet normal -1 0 0
    outer loop
      vertex -17.146476317900248 0.2298133329356934 5.6528362829059615
      vertex -17.146476317900248 0.3993908086339397 5.765057831928078
      vertex -17.146476317900248 0.24574561328669753 5.632072930905314
    endloop
  endfacet
  facet normal -1 0 0
    outer loop
      vertex -17.146476317900248 -0.2298133329356934 5.6528362829059615
      vertex -17.146476317900248 -0.3993908086339397 5.765057831928078
      vertex -17.146476317900248 -0.21213203435596426 5.672132034355964
    endloop
  endfacet
  facet normal -1 0 0
    outer loop
      vertex -17.146476317900248 -0.21213203435596426 5.672132034355964
      vertex -17.146476317900248 -0.3993908086339397 5.765057831928078
      vertex -17.146476317900248 -0.19283628290596178 5.689813332935693
    endloop
  endfacet
  facet normal -1 0 0
    outer loop
      vertex -17.146476317900248 -0.19283628290596178 5.689813332935693
      vertex -17.146476317900248 -0.3993908086339397 5.765057831928078
      vertex -17.146476317900248 -0.1720729309053138 5.705745613286697
    endloop
  endfacet
  facet normal -1 0 0
    outer loop
      vertex -17.146476317900248 -0.1720729309053138 5.705745613286697
      vertex -17.146476317900248 -0.3993908086339397 5.765057831928078
      vertex -17.146476317900248 -0.15 5.719807621135331
    endloop
  endfacet
  facet normal -1 0 0
    outer loop
      vertex -17.146476317900248 -0.15 5.719807621135331
      vertex -17.146476317900248 -0.3993908086339397 5.765057831928078
      vertex -17.146476317900248 -0.12678547852220984 5.731892336110995
    endloop
  endfacet
  facet normal -1 0 0
    outer loop
      vertex -17.146476317900248 0.2298133329356934 5.6528362829059615
      vertex -17.146476317900248 0.21213203435596426 5.672132034355964
      vertex -17.146476317900248 0.3993908086339397 5.765057831928078
    endloop
  endfacet
  facet normal -1 0 0
    outer loop
      vertex -17.146476317900248 0.21213203435596426 5.672132034355964
      vertex -17.146476317900248 0.19283628290596178 5.689813332935693
      vertex -17.146476317900248 0.3993908086339397 5.765057831928078
    endloop
  endfacet
  facet normal -1 0 0
    outer loop
      vertex -17.146476317900248 0.19283628290596178 5.689813332935693
      vertex -17.146476317900248 0.1720729309053138 5.705745613286697
      vertex -17.146476317900248 0.3993908086339397 5.765057831928078
    endloop
  endfacet
  facet normal -1 0 0
    outer loop
      vertex -17.146476317900248 0.15 5.719807621135331
      vertex -17.146476317900248 0.3993908086339397 5.765057831928078
      vertex -17.146476317900248 0.1720729309053138 5.705745613286697
    endloop
  endfacet
  facet normal -1 0 0
    outer loop
      vertex -17.146476317900248 0.15 5.719807621135331
      vertex -17.146476317900248 0.12678547852220984 5.731892336110995
      vertex -17.146476317900248 0.3993908086339397 5.765057831928078
    endloop
  endfacet
  facet normal -1 0 0
    outer loop
      vertex -17.146476317900248 -0.3993908086339397 5.765057831928078
      vertex -17.146476317900248 -0.10260604299770061 5.741907786235773
      vertex -17.146476317900248 -0.12678547852220984 5.731892336110995
    endloop
  endfacet
  facet normal -1 0 0
    outer loop
      vertex -17.146476317900248 -0.3993908086339397 5.765057831928078
      vertex -17.146476317900248 -0.07764571353075622 5.7497777478867205
      vertex -17.146476317900248 -0.10260604299770061 5.741907786235773
    endloop
  endfacet
  facet normal -1 0 0
    outer loop
      vertex -17.146476317900248 -0.3993908086339397 5.765057831928078
      vertex -17.146476317900248 -0.0520944533000791 5.755442325903662
      vertex -17.146476317900248 -0.07764571353075622 5.7497777478867205
    endloop
  endfacet
  facet normal -1 0 0
    outer loop
      vertex -17.146476317900248 -0.3993908086339397 5.765057831928078
      vertex -17.146476317900248 0 5.8
      vertex -17.146476317900248 -0.0520944533000791 5.755442325903662
    endloop
  endfacet
  facet normal -1 0 0
    outer loop
      vertex -17.146476317900248 0 5.76
      vertex -17.146476317900248 0 5.8
      vertex -17.146476317900248 0.02614672282429745 5.758858409427523
    endloop
  endfacet
  facet normal -1 0 0
    outer loop
      vertex -17.146476317900248 0 5.76
      vertex -17.146476317900248 -0.02614672282429745 5.758858409427523
      vertex -17.146476317900248 0 5.8
    endloop
  endfacet
  facet normal -1 0 0
    outer loop
      vertex -17.146476317900248 -0.0520944533000791 5.755442325903662
      vertex -17.146476317900248 0 5.8
      vertex -17.146476317900248 -0.02614672282429745 5.758858409427523
    endloop
  endfacet
  facet normal -1 0 0
    outer loop
      vertex -17.146476317900248 0.10260604299770061 5.741907786235773
      vertex -17.146476317900248 0.3993908086339397 5.765057831928078
      vertex -17.146476317900248 0.12678547852220984 5.731892336110995
    endloop
  endfacet
  facet normal -1 0 0
    outer loop
      vertex -17.146476317900248 0.10260604299770061 5.741907786235773
      vertex -17.146476317900248 0.07764571353075622 5.7497777478867205
      vertex -17.146476317900248 0.3993908086339397 5.765057831928078
    endloop
  endfacet
  facet normal -1 0 0
    outer loop
      vertex -17.146476317900248 0.07764571353075622 5.7497777478867205
      vertex -17.146476317900248 0.0520944533000791 5.755442325903662
      vertex -17.146476317900248 0.3993908086339397 5.765057831928078
    endloop
  endfacet
  facet normal -1 0 0
    outer loop
      vertex -17.146476317900248 0.02614672282429745 5.758858409427523
      vertex -17.146476317900248 0 5.8
      vertex -17.146476317900248 0.0520944533000791 5.755442325903662
    endloop
  endfacet
  facet normal -1 0 0
    outer loop
      vertex -17.146476317900248 0.0520944533000791 5.755442325903662
      vertex -17.146476317900248 0 5.8
      vertex -17.146476317900248 0.3993908086339397 5.765057831928078
    endloop
  endfacet
  facet normal 1 0 0
    outer loop
      vertex 17.146476317900248 -0.786646329649038 1.3387069721924107
      vertex 17.146476317900248 -0.7 2.2875644347017863
      vertex 17.146476317900248 -1.15 1.5081415712957913
    endloop
  endfacet
  facet normal 1 0 0
    outer loop
      vertex 17.146476317900248 -0.3993908086339397 1.234942168071922
      vertex 17.146476317900248 0 1.2000000000000002
      vertex 17.146476317900248 -0.24310744873370244 2.121269145782909
    endloop
  endfacet
  facet normal 1 0 0
    outer loop
      vertex 17.146476317900248 0 1.2000000000000002
      vertex 17.146476317900248 0.3993908086339397 1.234942168071922
      vertex 17.146476317900248 0.24310744873370244 2.121269145782909
    endloop
  endfacet
  facet normal 1 0 0
    outer loop
      vertex 17.146476317900248 -0.786646329649038 1.3387069721924107
      vertex 17.146476317900248 -0.3993908086339397 1.234942168071922
      vertex 17.146476317900248 -0.24310744873370244 2.121269145782909
    endloop
  endfacet
  facet normal 1 0 0
    outer loop
      vertex 17.146476317900248 0.3993908086339397 1.234942168071922
      vertex 17.146476317900248 0.786646329649038 1.3387069721924107
      vertex 17.146476317900248 0.7 2.2875644347017863
    endloop
  endfacet
  facet normal -2.3371256637906115e-18 0.4226182617406998 0.9063077870366498
    outer loop
      vertex 17.146476317900248 -0.786646329649038 1.3387069721924107
      vertex 17.146476317900248 -1.15 1.5081415712957913
      vertex 19.596476317900247 -1.15 1.5081415712957913
    endloop
  endfacet
  facet normal -5.669649225371384e-18 0.5735764363510465 0.8191520442889915
    outer loop
      vertex 17.146476317900248 -1.15 1.5081415712957913
      vertex 17.146476317900248 -1.47841150227904 1.7380977808263507
      vertex 19.596476317900247 -1.47841150227904 1.7380977808263507
    endloop
  endfacet
  facet normal 0 0.4226182617406998 0.9063077870366498
    outer loop
      vertex 17.146476317900248 -0.786646329649038 1.3387069721924107
      vertex 19.596476317900247 -1.15 1.5081415712957913
      vertex 19.596476317900247 -0.786646329649038 1.3387069721924107
    endloop
  endfacet
  facet normal 0 0.5735764363510465 0.8191520442889915
    outer loop
      vertex 17.146476317900248 -1.15 1.5081415712957913
      vertex 19.596476317900247 -1.47841150227904 1.7380977808263507
      vertex 19.596476317900247 -1.15 1.5081415712957913
    endloop
  endfacet
  facet normal 0 0.08715574274765887 0.9961946980917454
    outer loop
      vertex 17.146476317900248 -0.3993908086339397 1.234942168071922
      vertex 19.596476317900247 -0.3993908086339397 1.234942168071922
      vertex 17.146476317900248 0 1.2000000000000002
    endloop
  endfacet
  facet normal 0 0.25881904510251974 0.9659258262890685
    outer loop
      vertex 17.146476317900248 -0.786646329649038 1.3387069721924107
      vertex 19.596476317900247 -0.786646329649038 1.3387069721924107
      vertex 17.146476317900248 -0.3993908086339397 1.234942168071922
    endloop
  endfacet
  facet normal 0 -0.08715574274765887 0.9961946980917454
    outer loop
      vertex 17.146476317900248 0 1.2000000000000002
      vertex 19.596476317900247 0 1.2000000000000002
      vertex 17.146476317900248 0.3993908086339397 1.234942168071922
    endloop
  endfacet
  facet normal -1.1667895937976248e-18 -0.25881904510251974 0.9659258262890685
    outer loop
      vertex 17.146476317900248 0.3993908086339397 1.234942168071922
      vertex 19.596476317900247 0.5930185691414889 1.2868245701321663
      vertex 17.146476317900248 0.786646329649038 1.3387069721924107
    endloop
  endfacet
  facet normal 0 0.25881904510251974 0.9659258262890685
    outer loop
      vertex 17.146476317900248 -0.3993908086339397 1.234942168071922
      vertex 19.596476317900247 -0.786646329649038 1.3387069721924107
      vertex 19.596476317900247 -0.3993908086339397 1.234942168071922
    endloop
  endfacet
  facet normal 0 0.08715574274765887 0.9961946980917454
    outer loop
      vertex 17.146476317900248 0 1.2000000000000002
      vertex 19.596476317900247 -0.3993908086339397 1.234942168071922
      vertex 19.596476317900247 0 1.2000000000000002
    endloop
  endfacet
  facet normal 0 -0.08715574274765887 0.9961946980917454
    outer loop
      vertex 17.146476317900248 0.3993908086339397 1.234942168071922
      vertex 19.596476317900247 0 1.2000000000000002
      vertex 19.596476317900247 0.3993908086339397 1.234942168071922
    endloop
  endfacet
  facet normal 0 -0.25881904510251974 0.9659258262890685
    outer loop
      vertex 17.146476317900248 0.3993908086339397 1.234942168071922
      vertex 19.596476317900247 0.3993908086339397 1.234942168071922
      vertex 19.596476317900247 0.5930185691414889 1.2868245701321663
    endloop
  endfacet
  facet normal 0 -0.4226182617406998 0.9063077870366498
    outer loop
      vertex 17.146476317900248 0.786646329649038 1.3387069721924107
      vertex 19.596476317900247 0.786646329649038 1.3387069721924107
      vertex 17.146476317900248 1.15 1.5081415712957913
    endloop
  endfacet
  facet normal 0 -0.5735764363510465 0.8191520442889915
    outer loop
      vertex 17.146476317900248 1.15 1.5081415712957913
      vertex 19.596476317900247 1.15 1.5081415712957913
      vertex 17.146476317900248 1.47841150227904 1.7380977808263507
    endloop
  endfacet
  facet normal 0 -0.25881904510251974 0.9659258262890685
    outer loop
      vertex 17.146476317900248 0.786646329649038 1.3387069721924107
      vertex 19.596476317900247 0.5930185691414889 1.2868245701321663
      vertex 19.596476317900247 0.786646329649038 1.3387069721924107
    endloop
  endfacet
  facet normal 0 -0.4226182617406998 0.9063077870366498
    outer loop
      vertex 17.146476317900248 1.15 1.5081415712957913
      vertex 19.596476317900247 0.786646329649038 1.3387069721924107
      vertex 19.596476317900247 1.15 1.5081415712957913
    endloop
  endfacet
  facet normal 0 -0.5735764363510465 0.8191520442889915
    outer loop
      vertex 17.146476317900248 1.47841150227904 1.7380977808263507
      vertex 19.596476317900247 1.15 1.5081415712957913
      vertex 19.596476317900247 1.47841150227904 1.7380977808263507
    endloop
  endfacet
  facet normal 1 0 0
    outer loop
      vertex 17.146476317900248 -1.15 1.5081415712957913
      vertex 17.146476317900248 -1.0724622203665692 2.600097346438845
      vertex 17.146476317900248 -1.47841150227904 1.7380977808263507
    endloop
  endfacet
  facet normal 1 0 0
    outer loop
      vertex 17.146476317900248 -1.15 1.5081415712957913
      vertex 17.146476317900248 -0.7 2.2875644347017863
      vertex 17.146476317900248 -0.8999026535611548 2.4275377796334308
    endloop
  endfacet
  facet normal 1 0 0
    outer loop
      vertex 17.146476317900248 -1.15 1.5081415712957913
      vertex 17.146476317900248 -0.8999026535611548 2.4275377796334308
      vertex 17.146476317900248 -1.0724622203665692 2.600097346438845
    endloop
  endfacet
  facet normal 1 0 0
    outer loop
      vertex 17.146476317900248 -1.47841150227904 1.7380977808263507
      vertex 17.146476317900248 -1.0724622203665692 2.600097346438845
      vertex 17.146476317900248 -1.212435565298214 2.8
    endloop
  endfacet
  facet normal 1 0 0
    outer loop
      vertex 17.146476317900248 -1.47841150227904 1.7380977808263507
      vertex 17.146476317900248 -1.212435565298214 2.8
      vertex 17.146476317900248 -1.3155696691002716 3.0211717993440637
    endloop
  endfacet
  facet normal 1 0 0
    outer loop
      vertex 17.146476317900248 0 1.2000000000000002
      vertex 17.146476317900248 0 2.1
      vertex 17.146476317900248 -0.24310744873370244 2.121269145782909
    endloop
  endfacet
  facet normal 1 0 0
    outer loop
      vertex 17.146476317900248 0 1.2000000000000002
      vertex 17.146476317900248 0.24310744873370244 2.121269145782909
      vertex 17.146476317900248 0 2.1
    endloop
  endfacet
  facet normal 1 0 0
    outer loop
      vertex 17.146476317900248 -0.786646329649038 1.3387069721924107
      vertex 17.146476317900248 -0.24310744873370244 2.121269145782909
      vertex 17.146476317900248 -0.4788282006559362 2.1844303308997284
    endloop
  endfacet
  facet normal 1 0 0
    outer loop
      vertex 17.146476317900248 -0.786646329649038 1.3387069721924107
      vertex 17.146476317900248 -0.4788282006559362 2.1844303308997284
      vertex 17.146476317900248 -0.7 2.2875644347017863
    endloop
  endfacet
  facet normal 1 0 0
    outer loop
      vertex 17.146476317900248 0.3993908086339397 1.234942168071922
      vertex 17.146476317900248 0.4788282006559362 2.1844303308997284
      vertex 17.146476317900248 0.24310744873370244 2.121269145782909
    endloop
  endfacet
  facet normal 1 0 0
    outer loop
      vertex 17.146476317900248 0.786646329649038 1.3387069721924107
      vertex 17.146476317900248 1.15 1.5081415712957913
      vertex 17.146476317900248 0.8999026535611548 2.4275377796334308
    endloop
  endfacet
  facet normal 1 0 0
    outer loop
      vertex 17.146476317900248 0.3993908086339397 1.234942168071922
      vertex 17.146476317900248 0.7 2.2875644347017863
      vertex 17.146476317900248 0.4788282006559362 2.1844303308997284
    endloop
  endfacet
  facet normal 1 0 0
    outer loop
      vertex 17.146476317900248 0.786646329649038 1.3387069721924107
      vertex 17.146476317900248 0.8999026535611548 2.4275377796334308
      vertex 17.146476317900248 0.7 2.2875644347017863
    endloop
  endfacet
  facet normal 1 0 0
    outer loop
      vertex 17.146476317900248 1.15 1.5081415712957913
      vertex 17.146476317900248 1.47841150227904 1.7380977808263507
      vertex 17.146476317900248 1.3155696691002716 3.0211717993440637
    endloop
  endfacet
  facet normal 1 0 0
    outer loop
      vertex 17.146476317900248 1.15 1.5081415712957913
      vertex 17.146476317900248 1.0724622203665692 2.600097346438845
      vertex 17.146476317900248 0.8999026535611548 2.4275377796334308
    endloop
  endfacet
  facet normal 1 0 0
    outer loop
      vertex 17.146476317900248 1.15 1.5081415712957913
      vertex 17.146476317900248 1.212435565298214 2.8
      vertex 17.146476317900248 1.0724622203665692 2.600097346438845
    endloop
  endfacet
  facet normal 1 0 0
    outer loop
      vertex 17.146476317900248 1.15 1.5081415712957913
      vertex 17.146476317900248 1.3155696691002716 3.0211717993440637
      vertex 17.146476317900248 1.212435565298214 2.8
    endloop
  endfacet
  facet normal 0 0.7071067811865476 0.7071067811865476
    outer loop
      vertex 17.146476317900248 -1.7619022191736493 2.02158849772096
      vertex 19.596476317900247 -1.7619022191736493 2.02158849772096
      vertex 17.146476317900248 -1.47841150227904 1.7380977808263507
    endloop
  endfacet
  facet normal 0 0.7071067811865476 0.7071067811865476
    outer loop
      vertex 17.146476317900248 -1.47841150227904 1.7380977808263507
      vertex 19.596476317900247 -1.7619022191736493 2.02158849772096
      vertex 19.596476317900247 -1.47841150227904 1.7380977808263507
    endloop
  endfacet
  facet normal 0 0.8191520442889915 0.5735764363510465
    outer loop
      vertex 17.146476317900248 -1.7619022191736493 2.02158849772096
      vertex 19.596476317900247 -1.9918584287042087 2.35
      vertex 19.596476317900247 -1.7619022191736493 2.02158849772096
    endloop
  endfacet
  facet normal -5.669649225371384e-18 0.8191520442889915 0.5735764363510465
    outer loop
      vertex 17.146476317900248 -1.7619022191736493 2.02158849772096
      vertex 17.146476317900248 -1.9918584287042087 2.35
      vertex 19.596476317900247 -1.9918584287042087 2.35
    endloop
  endfacet
  facet normal -2.3371256637906115e-18 0.9063077870366498 0.4226182617406998
    outer loop
      vertex 17.146476317900248 -1.9918584287042087 2.35
      vertex 17.146476317900248 -2.1612930278075893 2.713353670350962
      vertex 19.596476317900247 -2.1612930278075893 2.713353670350962
    endloop
  endfacet
  facet normal 0 0.9063077870366498 0.4226182617406998
    outer loop
      vertex 17.146476317900248 -1.9918584287042087 2.35
      vertex 19.596476317900247 -2.1612930278075893 2.713353670350962
      vertex 19.596476317900247 -1.9918584287042087 2.35
    endloop
  endfacet
  facet normal 0 -0.7071067811865476 0.7071067811865476
    outer loop
      vertex 17.146476317900248 1.47841150227904 1.7380977808263507
      vertex 19.596476317900247 1.47841150227904 1.7380977808263507
      vertex 17.146476317900248 1.7619022191736493 2.02158849772096
    endloop
  endfacet
  facet normal 0 -0.8191520442889915 0.5735764363510465
    outer loop
      vertex 17.146476317900248 1.7619022191736493 2.02158849772096
      vertex 19.596476317900247 1.7619022191736493 2.02158849772096
      vertex 17.146476317900248 1.9918584287042087 2.35
    endloop
  endfacet
  facet normal 0 -0.7071067811865476 0.7071067811865476
    outer loop
      vertex 17.146476317900248 1.7619022191736493 2.02158849772096
      vertex 19.596476317900247 1.47841150227904 1.7380977808263507
      vertex 19.596476317900247 1.7619022191736493 2.02158849772096
    endloop
  endfacet
  facet normal 0 -0.9063077870366498 0.4226182617406998
    outer loop
      vertex 17.146476317900248 1.9918584287042087 2.35
      vertex 19.596476317900247 1.9918584287042087 2.35
      vertex 17.146476317900248 2.1612930278075893 2.713353670350962
    endloop
  endfacet
  facet normal 0 -0.8191520442889915 0.5735764363510465
    outer loop
      vertex 17.146476317900248 1.9918584287042087 2.35
      vertex 19.596476317900247 1.7619022191736493 2.02158849772096
      vertex 19.596476317900247 1.9918584287042087 2.35
    endloop
  endfacet
  facet normal 0 -0.9063077870366498 0.4226182617406998
    outer loop
      vertex 17.146476317900248 2.1612930278075893 2.713353670350962
      vertex 19.596476317900247 1.9918584287042087 2.35
      vertex 19.596476317900247 2.1612930278075893 2.713353670350962
    endloop
  endfacet
  facet normal 1 0 0
    outer loop
      vertex 17.146476317900248 -1.47841150227904 1.7380977808263507
      vertex 17.146476317900248 -1.3155696691002716 3.0211717993440637
      vertex 17.146476317900248 -1.378730854217091 3.2568925512662976
    endloop
  endfacet
  facet normal 1 0 0
    outer loop
      vertex 17.146476317900248 -1.47841150227904 1.7380977808263507
      vertex 17.146476317900248 -1.378730854217091 3.2568925512662976
      vertex 17.146476317900248 -1.4 3.5
    endloop
  endfacet
  facet normal 1 0 0
    outer loop
      vertex 17.146476317900248 -1.7619022191736493 2.02158849772096
      vertex 17.146476317900248 -1.47841150227904 1.7380977808263507
      vertex 17.146476317900248 -1.47841150227904 5.261902219173649
    endloop
  endfacet
  facet normal 1 0 0
    outer loop
      vertex 17.146476317900248 -1.9918584287042087 2.35
      vertex 17.146476317900248 -1.9918584287042087 4.65
      vertex 17.146476317900248 -2.1612930278075893 2.713353670350962
    endloop
  endfacet
  facet normal 1 0 0
    outer loop
      vertex 17.146476317900248 -1.7619022191736493 2.02158849772096
      vertex 17.146476317900248 -1.7619022191736493 4.97841150227904
      vertex 17.146476317900248 -1.9918584287042087 2.35
    endloop
  endfacet
  facet normal 1 0 0
    outer loop
      vertex 17.146476317900248 -2.1612930278075893 2.713353670350962
      vertex 17.146476317900248 -2.1612930278075893 4.286646329649038
      vertex 17.146476317900248 -2.265057831928078 3.1006091913660603
    endloop
  endfacet
  facet normal 1 0 0
    outer loop
      vertex 17.146476317900248 1.47841150227904 1.7380977808263507
      vertex 17.146476317900248 1.378730854217091 3.2568925512662976
      vertex 17.146476317900248 1.3155696691002716 3.0211717993440637
    endloop
  endfacet
  facet normal 1 0 0
    outer loop
      vertex 17.146476317900248 1.47841150227904 1.7380977808263507
      vertex 17.146476317900248 1.4 3.5
      vertex 17.146476317900248 1.378730854217091 3.2568925512662976
    endloop
  endfacet
  facet normal 1 0 0
    outer loop
      vertex 17.146476317900248 1.47841150227904 1.7380977808263507
      vertex 17.146476317900248 1.7619022191736493 2.02158849772096
      vertex 17.146476317900248 1.7619022191736493 4.97841150227904
    endloop
  endfacet
  facet normal 1 0 0
    outer loop
      vertex 17.146476317900248 1.7619022191736493 2.02158849772096
      vertex 17.146476317900248 1.9918584287042087 2.35
      vertex 17.146476317900248 1.9918584287042087 4.65
    endloop
  endfacet
  facet normal 1 0 0
    outer loop
      vertex 17.146476317900248 1.9918584287042087 2.35
      vertex 17.146476317900248 2.1612930278075893 2.713353670350962
      vertex 17.146476317900248 2.1612930278075893 4.286646329649038
    endloop
  endfacet
  facet normal 1 0 0
    outer loop
      vertex 17.146476317900248 2.1612930278075893 2.713353670350962
      vertex 17.146476317900248 2.265057831928078 3.1006091913660603
      vertex 17.146476317900248 2.265057831928078 3.8993908086339397
    endloop
  endfacet
  facet normal 2.3335791875952497e-18 0.9659258262890685 0.25881904510251974
    outer loop
      vertex 17.146476317900248 -2.1612930278075893 2.713353670350962
      vertex 17.146476317900248 -2.265057831928078 3.1006091913660603
      vertex 19.596476317900247 -2.265057831928078 3.1006091913660603
    endloop
  endfacet
  facet normal 0 0.9659258262890685 0.25881904510251974
    outer loop
      vertex 17.146476317900248 -2.1612930278075893 2.713353670350962
      vertex 19.596476317900247 -2.265057831928078 3.1006091913660603
      vertex 19.596476317900247 -2.1612930278075893 2.713353670350962
    endloop
  endfacet
  facet normal -7.113465195861407e-19 0.9961946980917454 0.08715574274765887
    outer loop
      vertex 17.146476317900248 -2.265057831928078 3.1006091913660603
      vertex 17.146476317900248 -2.3 3.5
      vertex 19.596476317900247 -2.3 3.5
    endloop
  endfacet
  facet normal 0 0.9961946980917454 0.08715574274765887
    outer loop
      vertex 17.146476317900248 -2.265057831928078 3.1006091913660603
      vertex 19.596476317900247 -2.3 3.5
      vertex 19.596476317900247 -2.265057831928078 3.1006091913660603
    endloop
  endfacet
  facet normal 0 -0.9659258262890685 0.25881904510251974
    outer loop
      vertex 17.146476317900248 2.1612930278075893 2.713353670350962
      vertex 19.596476317900247 2.1612930278075893 2.713353670350962
      vertex 17.146476317900248 2.265057831928078 3.1006091913660603
    endloop
  endfacet
  facet normal 0 -0.9659258262890685 0.25881904510251974
    outer loop
      vertex 17.146476317900248 2.265057831928078 3.1006091913660603
      vertex 19.596476317900247 2.1612930278075893 2.713353670350962
      vertex 19.596476317900247 2.265057831928078 3.1006091913660603
    endloop
  endfacet
  facet normal 0 -0.9961946980917454 0.08715574274765887
    outer loop
      vertex 17.146476317900248 2.265057831928078 3.1006091913660603
      vertex 19.596476317900247 2.265057831928078 3.1006091913660603
      vertex 17.146476317900248 2.3 3.5
    endloop
  endfacet
  facet normal 0 -0.9961946980917454 0.08715574274765887
    outer loop
      vertex 17.146476317900248 2.3 3.5
      vertex 19.596476317900247 2.265057831928078 3.1006091913660603
      vertex 19.596476317900247 2.3 3.5
    endloop
  endfacet
  facet normal 1 0 0
    outer loop
      vertex 17.146476317900248 -2.265057831928078 3.1006091913660603
      vertex 17.146476317900248 -2.265057831928078 3.8993908086339397
      vertex 17.146476317900248 -2.3 3.5
    endloop
  endfacet
  facet normal 1 0 0
    outer loop
      vertex 17.146476317900248 -1.47841150227904 1.7380977808263507
      vertex 17.146476317900248 -1.4 3.5
      vertex 17.146476317900248 -1.47841150227904 5.261902219173649
    endloop
  endfacet
  facet normal 1 0 0
    outer loop
      vertex 17.146476317900248 -2.265057831928078 3.1006091913660603
      vertex 17.146476317900248 -2.1612930278075893 4.286646329649038
      vertex 17.146476317900248 -2.265057831928078 3.8993908086339397
    endloop
  endfacet
  facet normal 1 0 0
    outer loop
      vertex 17.146476317900248 -2.1612930278075893 2.713353670350962
      vertex 17.146476317900248 -1.9918584287042087 4.65
      vertex 17.146476317900248 -2.1612930278075893 4.286646329649038
    endloop
  endfacet
  facet normal 1 0 0
    outer loop
      vertex 17.146476317900248 -1.9918584287042087 2.35
      vertex 17.146476317900248 -1.7619022191736493 4.97841150227904
      vertex 17.146476317900248 -1.9918584287042087 4.65
    endloop
  endfacet
  facet normal 1 0 0
    outer loop
      vertex 17.146476317900248 -1.7619022191736493 2.02158849772096
      vertex 17.146476317900248 -1.47841150227904 5.261902219173649
      vertex 17.146476317900248 -1.7619022191736493 4.97841150227904
    endloop
  endfacet
  facet normal 1 0 0
    outer loop
      vertex 17.146476317900248 -1.4 3.5
      vertex 17.146476317900248 -1.378730854217091 3.7431074487337024
      vertex 17.146476317900248 -1.47841150227904 5.261902219173649
    endloop
  endfacet
  facet normal 1 0 0
    outer loop
      vertex 17.146476317900248 -1.378730854217091 3.7431074487337024
      vertex 17.146476317900248 -1.3155696691002716 3.9788282006559363
      vertex 17.146476317900248 -1.47841150227904 5.261902219173649
    endloop
  endfacet
  facet normal 1 0 0
    outer loop
      vertex 17.146476317900248 1.47841150227904 1.7380977808263507
      vertex 17.146476317900248 1.47841150227904 5.261902219173649
      vertex 17.146476317900248 1.4 3.5
    endloop
  endfacet
  facet normal 1 0 0
    outer loop
      vertex 17.146476317900248 2.265057831928078 3.1006091913660603
      vertex 17.146476317900248 2.3 3.5
      vertex 17.146476317900248 2.265057831928078 3.8993908086339397
    endloop
  endfacet
  facet normal 1 0 0
    outer loop
      vertex 17.146476317900248 2.1612930278075893 2.713353670350962
      vertex 17.146476317900248 2.265057831928078 3.8993908086339397
      vertex 17.146476317900248 2.1612930278075893 4.286646329649038
    endloop
  endfacet
  facet normal 1 0 0
    outer loop
      vertex 17.146476317900248 1.9918584287042087 2.35
      vertex 17.146476317900248 2.1612930278075893 4.286646329649038
      vertex 17.146476317900248 1.9918584287042087 4.65
    endloop
  endfacet
  facet normal 1 0 0
    outer loop
      vertex 17.146476317900248 1.7619022191736493 2.02158849772096
      vertex 17.146476317900248 1.9918584287042087 4.65
      vertex 17.146476317900248 1.7619022191736493 4.97841150227904
    endloop
  endfacet
  facet normal 1 0 0
    outer loop
      vertex 17.146476317900248 1.47841150227904 1.7380977808263507
      vertex 17.146476317900248 1.7619022191736493 4.97841150227904
      vertex 17.146476317900248 1.47841150227904 5.261902219173649
    endloop
  endfacet
  facet normal 1 0 0
    outer loop
      vertex 17.146476317900248 1.4 3.5
      vertex 17.146476317900248 1.47841150227904 5.261902219173649
      vertex 17.146476317900248 1.378730854217091 3.7431074487337024
    endloop
  endfacet
  facet normal 1 0 0
    outer loop
      vertex 17.146476317900248 1.378730854217091 3.7431074487337024
      vertex 17.146476317900248 1.47841150227904 5.261902219173649
      vertex 17.146476317900248 1.3155696691002716 3.9788282006559363
    endloop
  endfacet
  facet normal 7.113465195861407e-19 0.9961946980917454 -0.08715574274765887
    outer loop
      vertex 17.146476317900248 -2.3 3.5
      vertex 17.146476317900248 -2.265057831928078 3.8993908086339397
      vertex 19.596476317900247 -2.265057831928078 3.8993908086339397
    endloop
  endfacet
  facet normal 0 0.9961946980917454 -0.08715574274765887
    outer loop
      vertex 17.146476317900248 -2.3 3.5
      vertex 19.596476317900247 -2.265057831928078 3.8993908086339397
      vertex 19.596476317900247 -2.3 3.5
    endloop
  endfacet
  facet normal -2.3335791875952497e-18 0.9659258262890685 -0.25881904510251974
    outer loop
      vertex 17.146476317900248 -2.265057831928078 3.8993908086339397
      vertex 17.146476317900248 -2.1612930278075893 4.286646329649038
      vertex 19.596476317900247 -2.1612930278075893 4.286646329649038
    endloop
  endfacet
  facet normal 0 0.9659258262890685 -0.25881904510251974
    outer loop
      vertex 17.146476317900248 -2.265057831928078 3.8993908086339397
      vertex 19.596476317900247 -2.1612930278075893 4.286646329649038
      vertex 19.596476317900247 -2.265057831928078 3.8993908086339397
    endloop
  endfacet
  facet normal 0 -0.9961946980917454 -0.08715574274765887
    outer loop
      vertex 17.146476317900248 2.3 3.5
      vertex 19.596476317900247 2.3 3.5
      vertex 17.146476317900248 2.265057831928078 3.8993908086339397
    endloop
  endfacet
  facet normal 0 -0.9961946980917454 -0.08715574274765887
    outer loop
      vertex 17.146476317900248 2.265057831928078 3.8993908086339397
      vertex 19.596476317900247 2.3 3.5
      vertex 19.596476317900247 2.265057831928078 3.8993908086339397
    endloop
  endfacet
  facet normal 0 -0.9659258262890685 -0.25881904510251974
    outer loop
      vertex 17.146476317900248 2.265057831928078 3.8993908086339397
      vertex 19.596476317900247 2.265057831928078 3.8993908086339397
      vertex 17.146476317900248 2.1612930278075893 4.286646329649038
    endloop
  endfacet
  facet normal 0 -0.9659258262890685 -0.25881904510251974
    outer loop
      vertex 17.146476317900248 2.1612930278075893 4.286646329649038
      vertex 19.596476317900247 2.265057831928078 3.8993908086339397
      vertex 19.596476317900247 2.1612930278075893 4.286646329649038
    endloop
  endfacet
  facet normal 1 0 0
    outer loop
      vertex 17.146476317900248 -1.3155696691002716 3.9788282006559363
      vertex 17.146476317900248 -1.212435565298214 4.2
      vertex 17.146476317900248 -1.15 5.491858428704209
    endloop
  endfacet
  facet normal 1 0 0
    outer loop
      vertex 17.146476317900248 -1.3155696691002716 3.9788282006559363
      vertex 17.146476317900248 -1.15 5.491858428704209
      vertex 17.146476317900248 -1.47841150227904 5.261902219173649
    endloop
  endfacet
  facet normal 1 0 0
    outer loop
      vertex 17.146476317900248 -1.212435565298214 4.2
      vertex 17.146476317900248 -0.786646329649038 5.66129302780759
      vertex 17.146476317900248 -1.15 5.491858428704209
    endloop
  endfacet
  facet normal 1 0 0
    outer loop
      vertex 17.146476317900248 -1.212435565298214 4.2
      vertex 17.146476317900248 -0.3993908086339397 5.765057831928078
      vertex 17.146476317900248 -0.786646329649038 5.66129302780759
    endloop
  endfacet
  facet normal 1 0 0
    outer loop
      vertex 17.146476317900248 1.3155696691002716 3.9788282006559363
      vertex 17.146476317900248 1.47841150227904 5.261902219173649
      vertex 17.146476317900248 1.212435565298214 4.2
    endloop
  endfacet
  facet normal 1 0 0
    outer loop
      vertex 17.146476317900248 -1.212435565298214 4.2
      vertex 17.146476317900248 -0.24574561328669753 5.632072930905314
      vertex 17.146476317900248 -0.3993908086339397 5.765057831928078
    endloop
  endfacet
  facet normal 1 0 0
    outer loop
      vertex 17.146476317900248 1.212435565298214 4.2
      vertex 17.146476317900248 1.47841150227904 5.261902219173649
      vertex 17.146476317900248 0.24574561328669753 5.632072930905314
    endloop
  endfacet
  facet normal 1.2337803046227266e-18 0.9063077870366499 -0.42261826174069933
    outer loop
      vertex 17.146476317900248 -2.1612930278075893 4.286646329649038
      vertex 17.146476317900248 -1.9918584287042087 4.65
      vertex 19.596476317900247 -1.9918584287042087 4.65
    endloop
  endfacet
  facet normal 0 0.9063077870366499 -0.42261826174069933
    outer loop
      vertex 17.146476317900248 -2.1612930278075893 4.286646329649038
      vertex 19.596476317900247 -1.9918584287042087 4.65
      vertex 19.596476317900247 -2.1612930278075893 4.286646329649038
    endloop
  endfacet
  facet normal 0 0.8191520442889911 -0.5735764363510469
    outer loop
      vertex 17.146476317900248 -1.9918584287042087 4.65
      vertex 19.596476317900247 -1.7619022191736493 4.97841150227904
      vertex 19.596476317900247 -1.9918584287042087 4.65
    endloop
  endfacet
  facet normal 6.031376958381843e-19 0.8191520442889911 -0.5735764363510469
    outer loop
      vertex 17.146476317900248 -1.9918584287042087 4.65
      vertex 17.146476317900248 -1.7619022191736493 4.97841150227904
      vertex 19.596476317900247 -1.7619022191736493 4.97841150227904
    endloop
  endfacet
  facet normal -6.6332493171699735e-18 0.7071067811865474 -0.7071067811865478
    outer loop
      vertex 17.146476317900248 -1.7619022191736493 4.97841150227904
      vertex 17.146476317900248 -1.47841150227904 5.261902219173649
      vertex 19.596476317900247 -1.47841150227904 5.261902219173649
    endloop
  endfacet
  facet normal 0 0.7071067811865474 -0.7071067811865478
    outer loop
      vertex 17.146476317900248 -1.7619022191736493 4.97841150227904
      vertex 19.596476317900247 -1.47841150227904 5.261902219173649
      vertex 19.596476317900247 -1.7619022191736493 4.97841150227904
    endloop
  endfacet
  facet normal 0 -0.9063077870366499 -0.42261826174069933
    outer loop
      vertex 17.146476317900248 2.1612930278075893 4.286646329649038
      vertex 19.596476317900247 2.1612930278075893 4.286646329649038
      vertex 17.146476317900248 1.9918584287042087 4.65
    endloop
  endfacet
  facet normal 0 -0.8191520442889911 -0.5735764363510469
    outer loop
      vertex 17.146476317900248 1.9918584287042087 4.65
      vertex 19.596476317900247 1.9918584287042087 4.65
      vertex 17.146476317900248 1.7619022191736493 4.97841150227904
    endloop
  endfacet
  facet normal 0 -0.9063077870366499 -0.42261826174069933
    outer loop
      vertex 17.146476317900248 1.9918584287042087 4.65
      vertex 19.596476317900247 2.1612930278075893 4.286646329649038
      vertex 19.596476317900247 1.9918584287042087 4.65
    endloop
  endfacet
  facet normal 6.6332493171699735e-18 -0.7071067811865474 -0.7071067811865478
    outer loop
      vertex 17.146476317900248 1.47841150227904 5.261902219173649
      vertex 17.146476317900248 1.7619022191736493 4.97841150227904
      vertex 19.596476317900247 1.7619022191736493 4.97841150227904
    endloop
  endfacet
  facet normal 0 -0.8191520442889911 -0.5735764363510469
    outer loop
      vertex 17.146476317900248 1.7619022191736493 4.97841150227904
      vertex 19.596476317900247 1.9918584287042087 4.65
      vertex 19.596476317900247 1.7619022191736493 4.97841150227904
    endloop
  endfacet
  facet normal 0 -0.7071067811865474 -0.7071067811865478
    outer loop
      vertex 17.146476317900248 1.47841150227904 5.261902219173649
      vertex 19.596476317900247 1.7619022191736493 4.97841150227904
      vertex 19.596476317900247 1.47841150227904 5.261902219173649
    endloop
  endfacet
  facet normal 1 0 0
    outer loop
      vertex 17.146476317900248 1.47841150227904 5.261902219173649
      vertex 17.146476317900248 1.15 5.491858428704209
      vertex 17.146476317900248 0.24574561328669753 5.632072930905314
    endloop
  endfacet
  facet normal 1 0 0
    outer loop
      vertex 17.146476317900248 -0.24574561328669753 5.632072930905314
      vertex 17.146476317900248 -0.2298133329356934 5.6528362829059615
      vertex 17.146476317900248 -0.3993908086339397 5.765057831928078
    endloop
  endfacet
  facet normal 1 0 0
    outer loop
      vertex 17.146476317900248 1.15 5.491858428704209
      vertex 17.146476317900248 0.786646329649038 5.66129302780759
      vertex 17.146476317900248 0.24574561328669753 5.632072930905314
    endloop
  endfacet
  facet normal 1 0 0
    outer loop
      vertex 17.146476317900248 0.2298133329356934 5.6528362829059615
      vertex 17.146476317900248 0.24574561328669753 5.632072930905314
      vertex 17.146476317900248 0.3993908086339397 5.765057831928078
    endloop
  endfacet
  facet normal 1 0 0
    outer loop
      vertex 17.146476317900248 0.24574561328669753 5.632072930905314
      vertex 17.146476317900248 0.786646329649038 5.66129302780759
      vertex 17.146476317900248 0.3993908086339397 5.765057831928078
    endloop
  endfacet
  facet normal 1 0 0
    outer loop
      vertex 17.146476317900248 -0.2298133329356934 5.6528362829059615
      vertex 17.146476317900248 -0.21213203435596426 5.672132034355964
      vertex 17.146476317900248 -0.3993908086339397 5.765057831928078
    endloop
  endfacet
  facet normal 1 0 0
    outer loop
      vertex 17.146476317900248 -0.21213203435596426 5.672132034355964
      vertex 17.146476317900248 -0.19283628290596178 5.689813332935693
      vertex 17.146476317900248 -0.3993908086339397 5.765057831928078
    endloop
  endfacet
  facet normal 1 0 0
    outer loop
      vertex 17.146476317900248 -0.19283628290596178 5.689813332935693
      vertex 17.146476317900248 -0.1720729309053138 5.705745613286697
      vertex 17.146476317900248 -0.3993908086339397 5.765057831928078
    endloop
  endfacet
  facet normal 1 0 0
    outer loop
      vertex 17.146476317900248 -0.1720729309053138 5.705745613286697
      vertex 17.146476317900248 -0.15 5.719807621135331
      vertex 17.146476317900248 -0.3993908086339397 5.765057831928078
    endloop
  endfacet
  facet normal 1 0 0
    outer loop
      vertex 17.146476317900248 -0.15 5.719807621135331
      vertex 17.146476317900248 -0.12678547852220984 5.731892336110995
      vertex 17.146476317900248 -0.3993908086339397 5.765057831928078
    endloop
  endfacet
  facet normal 1 0 0
    outer loop
      vertex 17.146476317900248 0.2298133329356934 5.6528362829059615
      vertex 17.146476317900248 0.3993908086339397 5.765057831928078
      vertex 17.146476317900248 0.21213203435596426 5.672132034355964
    endloop
  endfacet
  facet normal 1 0 0
    outer loop
      vertex 17.146476317900248 0.21213203435596426 5.672132034355964
      vertex 17.146476317900248 0.3993908086339397 5.765057831928078
      vertex 17.146476317900248 0.19283628290596178 5.689813332935693
    endloop
  endfacet
  facet normal 1 0 0
    outer loop
      vertex 17.146476317900248 0.19283628290596178 5.689813332935693
      vertex 17.146476317900248 0.3993908086339397 5.765057831928078
      vertex 17.146476317900248 0.1720729309053138 5.705745613286697
    endloop
  endfacet
  facet normal 1 0 0
    outer loop
      vertex 17.146476317900248 0.15 5.719807621135331
      vertex 17.146476317900248 0.1720729309053138 5.705745613286697
      vertex 17.146476317900248 0.3993908086339397 5.765057831928078
    endloop
  endfacet
  facet normal 1 0 0
    outer loop
      vertex 17.146476317900248 0.15 5.719807621135331
      vertex 17.146476317900248 0.3993908086339397 5.765057831928078
      vertex 17.146476317900248 0.12678547852220984 5.731892336110995
    endloop
  endfacet
  facet normal 1 0 0
    outer loop
      vertex 17.146476317900248 -0.3993908086339397 5.765057831928078
      vertex 17.146476317900248 -0.12678547852220984 5.731892336110995
      vertex 17.146476317900248 -0.10260604299770061 5.741907786235773
    endloop
  endfacet
  facet normal 1 0 0
    outer loop
      vertex 17.146476317900248 -0.3993908086339397 5.765057831928078
      vertex 17.146476317900248 -0.10260604299770061 5.741907786235773
      vertex 17.146476317900248 -0.07764571353075622 5.7497777478867205
    endloop
  endfacet
  facet normal 1 0 0
    outer loop
      vertex 17.146476317900248 -0.3993908086339397 5.765057831928078
      vertex 17.146476317900248 -0.07764571353075622 5.7497777478867205
      vertex 17.146476317900248 -0.0520944533000791 5.755442325903662
    endloop
  endfacet
  facet normal 1 0 0
    outer loop
      vertex 17.146476317900248 -0.3993908086339397 5.765057831928078
      vertex 17.146476317900248 -0.0520944533000791 5.755442325903662
      vertex 17.146476317900248 0 5.8
    endloop
  endfacet
  facet normal 1 0 0
    outer loop
      vertex 17.146476317900248 -0.02614672282429745 5.758858409427523
      vertex 17.146476317900248 0 5.76
      vertex 17.146476317900248 0 5.8
    endloop
  endfacet
  facet normal 1 0 0
    outer loop
      vertex 17.146476317900248 -0.0520944533000791 5.755442325903662
      vertex 17.146476317900248 -0.02614672282429745 5.758858409427523
      vertex 17.146476317900248 0 5.8
    endloop
  endfacet
  facet normal 1 0 0
    outer loop
      vertex 17.146476317900248 0 5.76
      vertex 17.146476317900248 0.02614672282429745 5.758858409427523
      vertex 17.146476317900248 0 5.8
    endloop
  endfacet
  facet normal 1 0 0
    outer loop
      vertex 17.146476317900248 0.10260604299770061 5.741907786235773
      vertex 17.146476317900248 0.12678547852220984 5.731892336110995
      vertex 17.146476317900248 0.3993908086339397 5.765057831928078
    endloop
  endfacet
  facet normal 1 0 0
    outer loop
      vertex 17.146476317900248 0.10260604299770061 5.741907786235773
      vertex 17.146476317900248 0.3993908086339397 5.765057831928078
      vertex 17.146476317900248 0.07764571353075622 5.7497777478867205
    endloop
  endfacet
  facet normal 1 0 0
    outer loop
      vertex 17.146476317900248 0.02614672282429745 5.758858409427523
      vertex 17.146476317900248 0.0520944533000791 5.755442325903662
      vertex 17.146476317900248 0.3993908086339397 5.765057831928078
    endloop
  endfacet
  facet normal 1 0 0
    outer loop
      vertex 17.146476317900248 0.07764571353075622 5.7497777478867205
      vertex 17.146476317900248 0.3993908086339397 5.765057831928078
      vertex 17.146476317900248 0.0520944533000791 5.755442325903662
    endloop
  endfacet
  facet normal 1 0 0
    outer loop
      vertex 17.146476317900248 0.02614672282429745 5.758858409427523
      vertex 17.146476317900248 0.3993908086339397 5.765057831928078
      vertex 17.146476317900248 0 5.8
    endloop
  endfacet
  facet normal -4.862063580961066e-18 0.5735764363510468 -0.8191520442889914
    outer loop
      vertex 17.146476317900248 -1.47841150227904 5.261902219173649
      vertex 17.146476317900248 -1.15 5.491858428704209
      vertex 19.596476317900247 -1.15 5.491858428704209
    endloop
  endfacet
  facet normal -2.9283714057301282e-18 0.4226182617407007 -0.9063077870366494
    outer loop
      vertex 17.146476317900248 -1.15 5.491858428704209
      vertex 17.146476317900248 -0.786646329649038 5.66129302780759
      vertex 19.596476317900247 -0.786646329649038 5.66129302780759
    endloop
  endfacet
  facet normal 0 0.5735764363510468 -0.8191520442889914
    outer loop
      vertex 17.146476317900248 -1.47841150227904 5.261902219173649
      vertex 19.596476317900247 -1.15 5.491858428704209
      vertex 19.596476317900247 -1.47841150227904 5.261902219173649
    endloop
  endfacet
  facet normal 0 0.4226182617407007 -0.9063077870366494
    outer loop
      vertex 17.146476317900248 -1.15 5.491858428704209
      vertex 19.596476317900247 -0.786646329649038 5.66129302780759
      vertex 19.596476317900247 -1.15 5.491858428704209
    endloop
  endfacet
  facet normal 0 -0.4226182617407007 -0.9063077870366494
    outer loop
      vertex 17.146476317900248 1.15 5.491858428704209
      vertex 19.596476317900247 1.15 5.491858428704209
      vertex 17.146476317900248 0.786646329649038 5.66129302780759
    endloop
  endfacet
  facet normal 0 -0.5735764363510468 -0.8191520442889914
    outer loop
      vertex 17.146476317900248 1.47841150227904 5.261902219173649
      vertex 19.596476317900247 1.47841150227904 5.261902219173649
      vertex 17.146476317900248 1.15 5.491858428704209
    endloop
  endfacet
  facet normal 0 -0.5735764363510468 -0.8191520442889914
    outer loop
      vertex 17.146476317900248 1.15 5.491858428704209
      vertex 19.596476317900247 1.47841150227904 5.261902219173649
      vertex 19.596476317900247 1.15 5.491858428704209
    endloop
  endfacet
  facet normal 0 0.2588190451025208 -0.9659258262890683
    outer loop
      vertex 17.146476317900248 -0.786646329649038 5.66129302780759
      vertex 19.596476317900247 -0.5930185691414889 5.713175429867834
      vertex 19.596476317900247 -0.786646329649038 5.66129302780759
    endloop
  endfacet
  facet normal 0 -0.4226182617407007 -0.9063077870366494
    outer loop
      vertex 17.146476317900248 0.786646329649038 5.66129302780759
      vertex 19.596476317900247 1.15 5.491858428704209
      vertex 19.596476317900247 0.786646329649038 5.66129302780759
    endloop
  endfacet
  facet normal 1.74679495342013e-16 0.25881904510251874 -0.9659258262890689
    outer loop
      vertex 17.146476317900248 -0.786646329649038 5.66129302780759
      vertex 17.146476317900248 -0.3993908086339397 5.765057831928078
      vertex 19.596476317900247 -0.5930185691414889 5.713175429867834
    endloop
  endfacet
  facet normal 7.113465195861407e-19 0.08715574274765887 -0.9961946980917454
    outer loop
      vertex 17.146476317900248 -0.3993908086339397 5.765057831928078
      vertex 17.146476317900248 0 5.8
      vertex 19.596476317900247 0 5.8
    endloop
  endfacet
  facet normal -7.113465195861407e-19 -0.08715574274765887 -0.9961946980917454
    outer loop
      vertex 17.146476317900248 0 5.8
      vertex 17.146476317900248 0.3993908086339397 5.765057831928078
      vertex 19.596476317900247 0.3993908086339397 5.765057831928078
    endloop
  endfacet
  facet normal 8.101823531018219e-19 -0.25881904510251874 -0.9659258262890689
    outer loop
      vertex 17.146476317900248 0.3993908086339397 5.765057831928078
      vertex 17.146476317900248 0.786646329649038 5.66129302780759
      vertex 19.596476317900247 0.786646329649038 5.66129302780759
    endloop
  endfacet
  facet normal 0 0.2588190451025167 -0.9659258262890694
    outer loop
      vertex 17.146476317900248 -0.3993908086339397 5.765057831928078
      vertex 19.596476317900247 -0.3993908086339397 5.765057831928078
      vertex 19.596476317900247 -0.5930185691414889 5.713175429867834
    endloop
  endfacet
  facet normal 0 0.08715574274765887 -0.9961946980917454
    outer loop
      vertex 17.146476317900248 -0.3993908086339397 5.765057831928078
      vertex 19.596476317900247 0 5.8
      vertex 19.596476317900247 -0.3993908086339397 5.765057831928078
    endloop
  endfacet
  facet normal 0 -0.08715574274765887 -0.9961946980917454
    outer loop
      vertex 17.146476317900248 0 5.8
      vertex 19.596476317900247 0.3993908086339397 5.765057831928078
      vertex 19.596476317900247 0 5.8
    endloop
  endfacet
  facet normal 0 -0.25881904510251874 -0.9659258262890689
    outer loop
      vertex 17.146476317900248 0.3993908086339397 5.765057831928078
      vertex 19.596476317900247 0.786646329649038 5.66129302780759
      vertex 19.596476317900247 0.3993908086339397 5.765057831928078
    endloop
  endfacet
  facet normal 0.953716950748227 0.30070579950427295 0
    outer loop
      vertex -6.278517870878944 -57.80116858527439 2.5
      vertex -6.108002035108405 -58.34197572372485 0
      vertex -6.278517870878944 -57.80116858527439 0
    endloop
  endfacet
  facet normal 0.9914448613738105 0.13052619222005182 0
    outer loop
      vertex -6.475265537596346 -56.68535711996778 2.5
      vertex -6.401250394579352 -57.247557946943054 0
      vertex -6.475265537596346 -56.68535711996778 0
    endloop
  endfacet
  facet normal 0.9762960071199333 0.21643961393810365 0
    outer loop
      vertex -6.401250394579352 -57.247557946943054 2.5
      vertex -6.278517870878944 -57.80116858527439 0
      vertex -6.401250394579352 -57.247557946943054 0
    endloop
  endfacet
  facet normal 0.8433914458128855 0.5372996083468242 0
    outer loop
      vertex -5.629165124598851 -59.36884479210801 2.5
      vertex -5.324488287878447 -59.847091628389805 0
      vertex -5.629165124598851 -59.36884479210801 0
    endloop
  endfacet
  facet normal 0.8870108331782218 0.4617486132350336 0
    outer loop
      vertex -5.891000615738225 -58.86586349342255 2.5
      vertex -5.629165124598851 -59.36884479210801 0
      vertex -5.891000615738225 -58.86586349342255 0
    endloop
  endfacet
  facet normal 0.793353340291236 0.6087614290087197 0
    outer loop
      vertex -5.324488287878447 -59.847091628389805 2.5
      vertex -4.979288880273357 -60.29696425507051 0
      vertex -5.324488287878447 -59.847091628389805 0
    endloop
  endfacet
  facet normal 0.9238795325112871 0.3826834323650893 0
    outer loop
      vertex -6.108002035108405 -58.34197572372485 2.5
      vertex -5.891000615738225 -58.86586349342255 0
      vertex -6.108002035108405 -58.34197572372485 0
    endloop
  endfacet
  facet normal 0.953716950748227 0.30070579950427295 -4.3032298176282974e-18
    outer loop
      vertex -6.278517870878944 -57.80116858527439 2.5
      vertex -6.108002035108405 -58.34197572372485 2.5
      vertex -6.108002035108405 -58.34197572372485 0
    endloop
  endfacet
  facet normal 0.9762960071199333 0.21643961393810365 3.9726734727026096e-18
    outer loop
      vertex -6.401250394579352 -57.247557946943054 2.5
      vertex -6.278517870878944 -57.80116858527439 2.5
      vertex -6.278517870878944 -57.80116858527439 0
    endloop
  endfacet
  facet normal 0.9914448613738105 0.13052619222005182 -1.7260700814589856e-18
    outer loop
      vertex -6.475265537596346 -56.68535711996778 2.5
      vertex -6.401250394579352 -57.247557946943054 2.5
      vertex -6.401250394579352 -57.247557946943054 0
    endloop
  endfacet
  facet normal 0.9238795325112871 0.3826834323650893 -3.538813336904788e-18
    outer loop
      vertex -6.108002035108405 -58.34197572372485 2.5
      vertex -5.891000615738225 -58.86586349342255 2.5
      vertex -5.891000615738225 -58.86586349342255 0
    endloop
  endfacet
  facet normal 0.8870108331782218 0.4617486132350336 -3.0783381010629115e-18
    outer loop
      vertex -5.891000615738225 -58.86586349342255 2.5
      vertex -5.629165124598851 -59.36884479210801 2.5
      vertex -5.629165124598851 -59.36884479210801 0
    endloop
  endfacet
  facet normal 0.793353340291236 0.6087614290087197 3.2679450774609295e-18
    outer loop
      vertex -5.324488287878447 -59.847091628389805 2.5
      vertex -4.979288880273357 -60.29696425507051 2.5
      vertex -4.979288880273357 -60.29696425507051 0
    endloop
  endfacet
  facet normal 0.8433914458128855 0.5372996083468242 -5.719234241458535e-18
    outer loop
      vertex -5.629165124598851 -59.36884479210801 2.5
      vertex -5.324488287878447 -59.847091628389805 2.5
      vertex -5.324488287878447 -59.847091628389805 0
    endloop
  endfacet
  facet normal 0.9990482215818579 0.043619387365335424 0
    outer loop
      vertex -6.5 -56.11884479210801 2.5
      vertex -6.475265537596346 -56.68535711996778 0
      vertex -6.5 -56.11884479210801 0
    endloop
  endfacet
  facet normal 0.9990482215818579 -0.043619387365335424 0
    outer loop
      vertex -6.475265537596346 -55.55233246424823 2.5
      vertex -6.5 -56.11884479210801 0
      vertex -6.475265537596346 -55.55233246424823 0
    endloop
  endfacet
  facet normal 0.9914448613738105 -0.13052619222005182 0
    outer loop
      vertex -6.401250394579352 -54.99013163727296 2.5
      vertex -6.475265537596346 -55.55233246424823 0
      vertex -6.401250394579352 -54.99013163727296 0
    endloop
  endfacet
  facet normal 0.9762960071199333 -0.21643961393810365 0
    outer loop
      vertex -6.278517870878944 -54.436520998941624 2.5
      vertex -6.401250394579352 -54.99013163727296 0
      vertex -6.278517870878944 -54.436520998941624 0
    endloop
  endfacet
  facet normal 0.953716950748227 -0.30070579950427295 0
    outer loop
      vertex -6.108002035108405 -53.89571386049116 2.5
      vertex -6.278517870878944 -54.436520998941624 0
      vertex -6.108002035108405 -53.89571386049116 0
    endloop
  endfacet
  facet normal 0.9238795325112871 -0.3826834323650893 0
    outer loop
      vertex -5.891000615738225 -53.37182609079346 2.5
      vertex -6.108002035108405 -53.89571386049116 0
      vertex -5.891000615738225 -53.37182609079346 0
    endloop
  endfacet
  facet normal 0.8870108331782218 -0.4617486132350336 0
    outer loop
      vertex -5.629165124598851 -52.86884479210801 2.5
      vertex -5.891000615738225 -53.37182609079346 0
      vertex -5.629165124598851 -52.86884479210801 0
    endloop
  endfacet
  facet normal 0.8433914458128855 -0.5372996083468242 0
    outer loop
      vertex -5.324488287878447 -52.39059795582621 2.5
      vertex -5.629165124598851 -52.86884479210801 0
      vertex -5.324488287878447 -52.39059795582621 0
    endloop
  endfacet
  facet normal 0.793353340291236 -0.6087614290087197 0
    outer loop
      vertex -4.979288880273357 -51.9407253291455 2.5
      vertex -5.324488287878447 -52.39059795582621 0
      vertex -4.979288880273357 -51.9407253291455 0
    endloop
  endfacet
  facet normal 0.9990482215818579 0.043619387365335424 -4.344910036547895e-19
    outer loop
      vertex -6.5 -56.11884479210801 2.5
      vertex -6.475265537596346 -56.68535711996778 2.5
      vertex -6.475265537596346 -56.68535711996778 0
    endloop
  endfacet
  facet normal 0.9990482215818579 -0.043619387365335424 4.344910036547895e-19
    outer loop
      vertex -6.475265537596346 -55.55233246424823 2.5
      vertex -6.5 -56.11884479210801 2.5
      vertex -6.5 -56.11884479210801 0
    endloop
  endfacet
  facet normal 0.9914448613738105 -0.13052619222005182 1.7260700814589856e-18
    outer loop
      vertex -6.401250394579352 -54.99013163727296 2.5
      vertex -6.475265537596346 -55.55233246424823 2.5
      vertex -6.475265537596346 -55.55233246424823 0
    endloop
  endfacet
  facet normal 0.9762960071199333 -0.21643961393810365 -3.9726734727026096e-18
    outer loop
      vertex -6.278517870878944 -54.436520998941624 2.5
      vertex -6.401250394579352 -54.99013163727296 2.5
      vertex -6.401250394579352 -54.99013163727296 0
    endloop
  endfacet
  facet normal 0.953716950748227 -0.30070579950427295 4.3032298176282974e-18
    outer loop
      vertex -6.108002035108405 -53.89571386049116 2.5
      vertex -6.278517870878944 -54.436520998941624 2.5
      vertex -6.278517870878944 -54.436520998941624 0
    endloop
  endfacet
  facet normal 0.9238795325112871 -0.3826834323650893 3.538813336904788e-18
    outer loop
      vertex -5.891000615738225 -53.37182609079346 2.5
      vertex -6.108002035108405 -53.89571386049116 2.5
      vertex -6.108002035108405 -53.89571386049116 0
    endloop
  endfacet
  facet normal 0.8870108331782218 -0.4617486132350336 3.0783381010629115e-18
    outer loop
      vertex -5.629165124598851 -52.86884479210801 2.5
      vertex -5.891000615738225 -53.37182609079346 2.5
      vertex -5.891000615738225 -53.37182609079346 0
    endloop
  endfacet
  facet normal 0.8433914458128855 -0.5372996083468242 5.719234241458535e-18
    outer loop
      vertex -5.324488287878447 -52.39059795582621 2.5
      vertex -5.629165124598851 -52.86884479210801 2.5
      vertex -5.629165124598851 -52.86884479210801 0
    endloop
  endfacet
  facet normal 0.793353340291236 -0.6087614290087197 -3.2679450774609295e-18
    outer loop
      vertex -4.979288880273357 -51.9407253291455 2.5
      vertex -5.324488287878447 -52.39059795582621 2.5
      vertex -5.324488287878447 -52.39059795582621 0
    endloop
  endfacet
  facet normal 0.6755902076156592 0.7372773368101251 0
    outer loop
      vertex -4.59619407771256 -60.71503886982057 2.5
      vertex -4.178119462962505 -61.098133672381365 0
      vertex -4.59619407771256 -60.71503886982057 0
    endloop
  endfacet
  facet normal 0.6087614290087174 0.7933533402912375 0
    outer loop
      vertex -4.178119462962505 -61.098133672381365 2.5
      vertex -3.7282468362817993 -61.44333307998645 0
      vertex -4.178119462962505 -61.098133672381365 0
    endloop
  endfacet
  facet normal 0.5372996083468231 0.8433914458128863 0
    outer loop
      vertex -3.7282468362817993 -61.44333307998645 2.5
      vertex -3.25 -61.748009916706856 0
      vertex -3.7282468362817993 -61.44333307998645 0
    endloop
  endfacet
  facet normal 0.4617486132350321 0.8870108331782226 0
    outer loop
      vertex -3.25 -61.748009916706856 2.5
      vertex -2.747018701314546 -62.00984540784623 0
      vertex -3.25 -61.748009916706856 0
    endloop
  endfacet
  facet normal 0.38268343236509705 0.9238795325112837 0
    outer loop
      vertex -2.747018701314546 -62.00984540784623 2.5
      vertex -2.2231309316168466 -62.22684682721641 0
      vertex -2.747018701314546 -62.00984540784623 0
    endloop
  endfacet
  facet normal 0.7372773368101257 0.6755902076156582 0
    outer loop
      vertex -4.979288880273357 -60.29696425507051 2.5
      vertex -4.59619407771256 -60.71503886982057 0
      vertex -4.979288880273357 -60.29696425507051 0
    endloop
  endfacet
  facet normal 0.3007057995042696 0.9537169507482279 0
    outer loop
      vertex -2.2231309316168466 -62.22684682721641 2.5
      vertex -1.6823237931663848 -62.39736266298695 0
      vertex -2.2231309316168466 -62.22684682721641 0
    endloop
  endfacet
  facet normal 0.21643961393809974 0.9762960071199341 0
    outer loop
      vertex -1.6823237931663848 -62.39736266298695 2.5
      vertex -1.128713154835047 -62.52009518668736 0
      vertex -1.6823237931663848 -62.39736266298695 0
    endloop
  endfacet
  facet normal 0.1305261922200508 0.9914448613738106 0
    outer loop
      vertex -1.128713154835047 -62.52009518668736 2.5
      vertex -0.5665123278597781 -62.59411032970435 0
      vertex -1.128713154835047 -62.52009518668736 0
    endloop
  endfacet
  facet normal 0.04361938736534152 0.9990482215818576 0
    outer loop
      vertex -0.5665123278597781 -62.59411032970435 2.5
      vertex 0 -62.61884479210801 0
      vertex -0.5665123278597781 -62.59411032970435 0
    endloop
  endfacet
  facet normal 0.6755902076156592 0.7372773368101251 0
    outer loop
      vertex -4.178119462962505 -61.098133672381365 2.5
      vertex -4.178119462962505 -61.098133672381365 0
      vertex -4.59619407771256 -60.71503886982057 2.5
    endloop
  endfacet
  facet normal 0.6087614290087174 0.7933533402912375 0
    outer loop
      vertex -3.7282468362817993 -61.44333307998645 2.5
      vertex -3.7282468362817993 -61.44333307998645 0
      vertex -4.178119462962505 -61.098133672381365 2.5
    endloop
  endfacet
  facet normal 0.5372996083468231 0.8433914458128863 0
    outer loop
      vertex -3.25 -61.748009916706856 2.5
      vertex -3.25 -61.748009916706856 0
      vertex -3.7282468362817993 -61.44333307998645 2.5
    endloop
  endfacet
  facet normal 0.4617486132350321 0.8870108331782226 0
    outer loop
      vertex -2.747018701314546 -62.00984540784623 2.5
      vertex -2.747018701314546 -62.00984540784623 0
      vertex -3.25 -61.748009916706856 2.5
    endloop
  endfacet
  facet normal 0.7372773368101257 0.6755902076156582 8.768624202383754e-18
    outer loop
      vertex -4.979288880273357 -60.29696425507051 2.5
      vertex -4.59619407771256 -60.71503886982057 2.5
      vertex -4.59619407771256 -60.71503886982057 0
    endloop
  endfacet
  facet normal 0.38268343236509705 0.9238795325112837 0
    outer loop
      vertex -2.2231309316168466 -62.22684682721641 2.5
      vertex -2.2231309316168466 -62.22684682721641 0
      vertex -2.747018701314546 -62.00984540784623 2.5
    endloop
  endfacet
  facet normal 0.3007057995042696 0.9537169507482279 0
    outer loop
      vertex -1.6823237931663848 -62.39736266298695 2.5
      vertex -1.6823237931663848 -62.39736266298695 0
      vertex -2.2231309316168466 -62.22684682721641 2.5
    endloop
  endfacet
  facet normal 0.21643961393809974 0.9762960071199341 -3.2593885472603425e-18
    outer loop
      vertex -1.6823237931663848 -62.39736266298695 2.5
      vertex -1.128713154835047 -62.52009518668736 2.5
      vertex -1.128713154835047 -62.52009518668736 0
    endloop
  endfacet
  facet normal 0.1305261922200508 0.9914448613738106 0
    outer loop
      vertex -0.5665123278597781 -62.59411032970435 2.5
      vertex -0.5665123278597781 -62.59411032970435 0
      vertex -1.128713154835047 -62.52009518668736 2.5
    endloop
  endfacet
  facet normal 0.04361938736534152 0.9990482215818576 0
    outer loop
      vertex 0 -62.61884479210801 2.5
      vertex 0 -62.61884479210801 0
      vertex -0.5665123278597781 -62.59411032970435 2.5
    endloop
  endfacet
  facet normal 0.7372773368101257 -0.6755902076156582 0
    outer loop
      vertex -4.59619407771256 -51.522650714395446 2.5
      vertex -4.979288880273357 -51.9407253291455 0
      vertex -4.59619407771256 -51.522650714395446 0
    endloop
  endfacet
  facet normal 0.6755902076156592 -0.7372773368101251 0
    outer loop
      vertex -4.178119462962505 -51.13955591183465 2.5
      vertex -4.59619407771256 -51.522650714395446 0
      vertex -4.178119462962505 -51.13955591183465 0
    endloop
  endfacet
  facet normal 0.6087614290087174 -0.7933533402912375 0
    outer loop
      vertex -3.7282468362817993 -50.79435650422956 2.5
      vertex -4.178119462962505 -51.13955591183465 0
      vertex -3.7282468362817993 -50.79435650422956 0
    endloop
  endfacet
  facet normal 0.5372996083468231 -0.8433914458128863 0
    outer loop
      vertex -3.25 -50.48967966750916 2.5
      vertex -3.7282468362817993 -50.79435650422956 0
      vertex -3.25 -50.48967966750916 0
    endloop
  endfacet
  facet normal 0.4617486132350321 -0.8870108331782226 0
    outer loop
      vertex -2.747018701314546 -50.227844176369786 2.5
      vertex -3.25 -50.48967966750916 0
      vertex -2.747018701314546 -50.227844176369786 0
    endloop
  endfacet
  facet normal 0.38268343236509705 -0.9238795325112837 0
    outer loop
      vertex -2.2231309316168466 -50.0108427569996 2.5
      vertex -2.747018701314546 -50.227844176369786 0
      vertex -2.2231309316168466 -50.0108427569996 0
    endloop
  endfacet
  facet normal 0.3007057995042696 -0.9537169507482279 0
    outer loop
      vertex -1.6823237931663848 -49.840326921229064 2.5
      vertex -2.2231309316168466 -50.0108427569996 0
      vertex -1.6823237931663848 -49.840326921229064 0
    endloop
  endfacet
  facet normal 0.21643961393809974 -0.9762960071199341 0
    outer loop
      vertex -1.128713154835047 -49.71759439752866 2.5
      vertex -1.6823237931663848 -49.840326921229064 0
      vertex -1.128713154835047 -49.71759439752866 0
    endloop
  endfacet
  facet normal 0.1305261922200508 -0.9914448613738106 0
    outer loop
      vertex -0.5665123278597781 -49.643579254511664 2.5
      vertex -1.128713154835047 -49.71759439752866 0
      vertex -0.5665123278597781 -49.643579254511664 0
    endloop
  endfacet
  facet normal 0.04361938736534152 -0.9990482215818576 8.127393274291439e-20
    outer loop
      vertex -0.5665123278597781 -49.643579254511664 0
      vertex 0 -49.61884479210801 0
      vertex 0 -49.61884479210801 2.5
    endloop
  endfacet
  facet normal 0.7372773368101257 -0.6755902076156582 -8.768624202383754e-18
    outer loop
      vertex -4.59619407771256 -51.522650714395446 2.5
      vertex -4.979288880273357 -51.9407253291455 2.5
      vertex -4.979288880273357 -51.9407253291455 0
    endloop
  endfacet
  facet normal 0.6755902076156592 -0.7372773368101251 0
    outer loop
      vertex -4.59619407771256 -51.522650714395446 2.5
      vertex -4.59619407771256 -51.522650714395446 0
      vertex -4.178119462962505 -51.13955591183465 2.5
    endloop
  endfacet
  facet normal 0.6087614290087174 -0.7933533402912375 0
    outer loop
      vertex -4.178119462962505 -51.13955591183465 2.5
      vertex -4.178119462962505 -51.13955591183465 0
      vertex -3.7282468362817993 -50.79435650422956 2.5
    endloop
  endfacet
  facet normal 0.5372996083468231 -0.8433914458128863 0
    outer loop
      vertex -3.7282468362817993 -50.79435650422956 2.5
      vertex -3.7282468362817993 -50.79435650422956 0
      vertex -3.25 -50.48967966750916 2.5
    endloop
  endfacet
  facet normal 0.4617486132350321 -0.8870108331782226 0
    outer loop
      vertex -3.25 -50.48967966750916 2.5
      vertex -3.25 -50.48967966750916 0
      vertex -2.747018701314546 -50.227844176369786 2.5
    endloop
  endfacet
  facet normal 0.38268343236509705 -0.9238795325112837 0
    outer loop
      vertex -2.747018701314546 -50.227844176369786 2.5
      vertex -2.747018701314546 -50.227844176369786 0
      vertex -2.2231309316168466 -50.0108427569996 2.5
    endloop
  endfacet
  facet normal 0.3007057995042696 -0.9537169507482279 0
    outer loop
      vertex -2.2231309316168466 -50.0108427569996 2.5
      vertex -2.2231309316168466 -50.0108427569996 0
      vertex -1.6823237931663848 -49.840326921229064 2.5
    endloop
  endfacet
  facet normal 0.21643961393809974 -0.9762960071199341 0
    outer loop
      vertex -1.6823237931663848 -49.840326921229064 2.5
      vertex -1.6823237931663848 -49.840326921229064 0
      vertex -1.128713154835047 -49.71759439752866 2.5
    endloop
  endfacet
  facet normal 0.1305261922200508 -0.9914448613738106 0
    outer loop
      vertex -1.128713154835047 -49.71759439752866 2.5
      vertex -1.128713154835047 -49.71759439752866 0
      vertex -0.5665123278597781 -49.643579254511664 2.5
    endloop
  endfacet
  facet normal 0.04361938736534152 -0.9990482215818576 0
    outer loop
      vertex -0.5665123278597781 -49.643579254511664 2.5
      vertex -0.5665123278597781 -49.643579254511664 0
      vertex 0 -49.61884479210801 2.5
    endloop
  endfacet
  facet normal -0.04361938736534152 0.9990482215818576 0
    outer loop
      vertex 0 -62.61884479210801 2.5
      vertex 0.5665123278597781 -62.59411032970435 0
      vertex 0 -62.61884479210801 0
    endloop
  endfacet
  facet normal -0.1305261922200508 0.9914448613738106 0
    outer loop
      vertex 0.5665123278597781 -62.59411032970435 2.5
      vertex 1.128713154835047 -62.52009518668736 0
      vertex 0.5665123278597781 -62.59411032970435 0
    endloop
  endfacet
  facet normal -0.21643961393809974 0.9762960071199341 0
    outer loop
      vertex 1.128713154835047 -62.52009518668736 2.5
      vertex 1.6823237931663848 -62.39736266298695 0
      vertex 1.128713154835047 -62.52009518668736 0
    endloop
  endfacet
  facet normal -0.3007057995042696 0.9537169507482279 0
    outer loop
      vertex 1.6823237931663848 -62.39736266298695 2.5
      vertex 2.2231309316168466 -62.22684682721641 0
      vertex 1.6823237931663848 -62.39736266298695 0
    endloop
  endfacet
  facet normal -0.38268343236509705 0.9238795325112837 0
    outer loop
      vertex 2.2231309316168466 -62.22684682721641 2.5
      vertex 2.747018701314546 -62.00984540784623 0
      vertex 2.2231309316168466 -62.22684682721641 0
    endloop
  endfacet
  facet normal -0.4617486132350321 0.8870108331782226 0
    outer loop
      vertex 2.747018701314546 -62.00984540784623 2.5
      vertex 3.25 -61.748009916706856 0
      vertex 2.747018701314546 -62.00984540784623 0
    endloop
  endfacet
  facet normal -0.5372996083468231 0.8433914458128863 0
    outer loop
      vertex 3.25 -61.748009916706856 2.5
      vertex 3.7282468362817993 -61.44333307998645 0
      vertex 3.25 -61.748009916706856 0
    endloop
  endfacet
  facet normal -0.6087614290087174 0.7933533402912375 0
    outer loop
      vertex 3.7282468362817993 -61.44333307998645 2.5
      vertex 4.178119462962505 -61.098133672381365 0
      vertex 3.7282468362817993 -61.44333307998645 0
    endloop
  endfacet
  facet normal -0.6755902076156592 0.7372773368101251 0
    outer loop
      vertex 4.178119462962505 -61.098133672381365 2.5
      vertex 4.59619407771256 -60.71503886982057 0
      vertex 4.178119462962505 -61.098133672381365 0
    endloop
  endfacet
  facet normal -0.7372773368101257 0.6755902076156582 0
    outer loop
      vertex 4.59619407771256 -60.71503886982057 0
      vertex 4.59619407771256 -60.71503886982057 2.5
      vertex 4.979288880273357 -60.29696425507051 0
    endloop
  endfacet
  facet normal -0.04361938736534152 0.9990482215818576 0
    outer loop
      vertex 0.5665123278597781 -62.59411032970435 2.5
      vertex 0.5665123278597781 -62.59411032970435 0
      vertex 0 -62.61884479210801 2.5
    endloop
  endfacet
  facet normal -0.1305261922200508 0.9914448613738106 0
    outer loop
      vertex 1.128713154835047 -62.52009518668736 2.5
      vertex 1.128713154835047 -62.52009518668736 0
      vertex 0.5665123278597781 -62.59411032970435 2.5
    endloop
  endfacet
  facet normal -0.21643961393809974 0.9762960071199341 3.2593885472603425e-18
    outer loop
      vertex 1.128713154835047 -62.52009518668736 2.5
      vertex 1.6823237931663848 -62.39736266298695 2.5
      vertex 1.6823237931663848 -62.39736266298695 0
    endloop
  endfacet
  facet normal -0.3007057995042696 0.9537169507482279 0
    outer loop
      vertex 2.2231309316168466 -62.22684682721641 2.5
      vertex 2.2231309316168466 -62.22684682721641 0
      vertex 1.6823237931663848 -62.39736266298695 2.5
    endloop
  endfacet
  facet normal -0.38268343236509705 0.9238795325112837 0
    outer loop
      vertex 2.747018701314546 -62.00984540784623 2.5
      vertex 2.747018701314546 -62.00984540784623 0
      vertex 2.2231309316168466 -62.22684682721641 2.5
    endloop
  endfacet
  facet normal -0.4617486132350321 0.8870108331782226 0
    outer loop
      vertex 3.25 -61.748009916706856 2.5
      vertex 3.25 -61.748009916706856 0
      vertex 2.747018701314546 -62.00984540784623 2.5
    endloop
  endfacet
  facet normal -0.5372996083468231 0.8433914458128863 0
    outer loop
      vertex 3.7282468362817993 -61.44333307998645 2.5
      vertex 3.7282468362817993 -61.44333307998645 0
      vertex 3.25 -61.748009916706856 2.5
    endloop
  endfacet
  facet normal -0.6087614290087174 0.7933533402912375 0
    outer loop
      vertex 4.178119462962505 -61.098133672381365 2.5
      vertex 4.178119462962505 -61.098133672381365 0
      vertex 3.7282468362817993 -61.44333307998645 2.5
    endloop
  endfacet
  facet normal -0.6755902076156592 0.7372773368101251 0
    outer loop
      vertex 4.59619407771256 -60.71503886982057 2.5
      vertex 4.59619407771256 -60.71503886982057 0
      vertex 4.178119462962505 -61.098133672381365 2.5
    endloop
  endfacet
  facet normal -0.7372773368101257 0.6755902076156582 -8.768624202383754e-18
    outer loop
      vertex 4.59619407771256 -60.71503886982057 2.5
      vertex 4.979288880273357 -60.29696425507051 2.5
      vertex 4.979288880273357 -60.29696425507051 0
    endloop
  endfacet
  facet normal -0.04361938736534152 -0.9990482215818576 0
    outer loop
      vertex 0.5665123278597781 -49.643579254511664 2.5
      vertex 0 -49.61884479210801 0
      vertex 0.5665123278597781 -49.643579254511664 0
    endloop
  endfacet
  facet normal -0.1305261922200508 -0.9914448613738106 0
    outer loop
      vertex 1.128713154835047 -49.71759439752866 2.5
      vertex 0.5665123278597781 -49.643579254511664 0
      vertex 1.128713154835047 -49.71759439752866 0
    endloop
  endfacet
  facet normal -0.21643961393809974 -0.9762960071199341 0
    outer loop
      vertex 1.6823237931663848 -49.840326921229064 2.5
      vertex 1.128713154835047 -49.71759439752866 0
      vertex 1.6823237931663848 -49.840326921229064 0
    endloop
  endfacet
  facet normal -0.3007057995042696 -0.9537169507482279 0
    outer loop
      vertex 2.2231309316168466 -50.0108427569996 2.5
      vertex 1.6823237931663848 -49.840326921229064 0
      vertex 2.2231309316168466 -50.0108427569996 0
    endloop
  endfacet
  facet normal -0.38268343236509705 -0.9238795325112837 0
    outer loop
      vertex 2.747018701314546 -50.227844176369786 2.5
      vertex 2.2231309316168466 -50.0108427569996 0
      vertex 2.747018701314546 -50.227844176369786 0
    endloop
  endfacet
  facet normal -0.4617486132350321 -0.8870108331782226 0
    outer loop
      vertex 3.25 -50.48967966750916 2.5
      vertex 2.747018701314546 -50.227844176369786 0
      vertex 3.25 -50.48967966750916 0
    endloop
  endfacet
  facet normal -0.5372996083468231 -0.8433914458128863 0
    outer loop
      vertex 3.7282468362817993 -50.79435650422956 2.5
      vertex 3.25 -50.48967966750916 0
      vertex 3.7282468362817993 -50.79435650422956 0
    endloop
  endfacet
  facet normal -0.6087614290087174 -0.7933533402912375 0
    outer loop
      vertex 4.178119462962505 -51.13955591183465 2.5
      vertex 3.7282468362817993 -50.79435650422956 0
      vertex 4.178119462962505 -51.13955591183465 0
    endloop
  endfacet
  facet normal -0.6755902076156592 -0.7372773368101251 1.3602263974895777e-18
    outer loop
      vertex 4.178119462962505 -51.13955591183465 0
      vertex 4.59619407771256 -51.522650714395446 0
      vertex 4.59619407771256 -51.522650714395446 2.5
    endloop
  endfacet
  facet normal -0.7372773368101257 -0.6755902076156582 0
    outer loop
      vertex 4.979288880273357 -51.9407253291455 2.5
      vertex 4.59619407771256 -51.522650714395446 0
      vertex 4.979288880273357 -51.9407253291455 0
    endloop
  endfacet
  facet normal -0.04361938736534152 -0.9990482215818576 0
    outer loop
      vertex 0 -49.61884479210801 2.5
      vertex 0 -49.61884479210801 0
      vertex 0.5665123278597781 -49.643579254511664 2.5
    endloop
  endfacet
  facet normal -0.1305261922200508 -0.9914448613738106 0
    outer loop
      vertex 0.5665123278597781 -49.643579254511664 2.5
      vertex 0.5665123278597781 -49.643579254511664 0
      vertex 1.128713154835047 -49.71759439752866 2.5
    endloop
  endfacet
  facet normal -0.21643961393809974 -0.9762960071199341 0
    outer loop
      vertex 1.128713154835047 -49.71759439752866 2.5
      vertex 1.128713154835047 -49.71759439752866 0
      vertex 1.6823237931663848 -49.840326921229064 2.5
    endloop
  endfacet
  facet normal -0.3007057995042696 -0.9537169507482279 0
    outer loop
      vertex 1.6823237931663848 -49.840326921229064 2.5
      vertex 1.6823237931663848 -49.840326921229064 0
      vertex 2.2231309316168466 -50.0108427569996 2.5
    endloop
  endfacet
  facet normal -0.38268343236509705 -0.9238795325112837 0
    outer loop
      vertex 2.2231309316168466 -50.0108427569996 2.5
      vertex 2.2231309316168466 -50.0108427569996 0
      vertex 2.747018701314546 -50.227844176369786 2.5
    endloop
  endfacet
  facet normal -0.4617486132350321 -0.8870108331782226 0
    outer loop
      vertex 2.747018701314546 -50.227844176369786 2.5
      vertex 2.747018701314546 -50.227844176369786 0
      vertex 3.25 -50.48967966750916 2.5
    endloop
  endfacet
  facet normal -0.5372996083468231 -0.8433914458128863 0
    outer loop
      vertex 3.25 -50.48967966750916 2.5
      vertex 3.25 -50.48967966750916 0
      vertex 3.7282468362817993 -50.79435650422956 2.5
    endloop
  endfacet
  facet normal -0.6087614290087174 -0.7933533402912375 0
    outer loop
      vertex 3.7282468362817993 -50.79435650422956 2.5
      vertex 3.7282468362817993 -50.79435650422956 0
      vertex 4.178119462962505 -51.13955591183465 2.5
    endloop
  endfacet
  facet normal -0.6755902076156592 -0.7372773368101251 0
    outer loop
      vertex 4.178119462962505 -51.13955591183465 2.5
      vertex 4.178119462962505 -51.13955591183465 0
      vertex 4.59619407771256 -51.522650714395446 2.5
    endloop
  endfacet
  facet normal -0.7372773368101257 -0.6755902076156582 8.768624202383754e-18
    outer loop
      vertex 4.979288880273357 -51.9407253291455 2.5
      vertex 4.59619407771256 -51.522650714395446 2.5
      vertex 4.59619407771256 -51.522650714395446 0
    endloop
  endfacet
  facet normal -0.793353340291236 0.6087614290087197 0
    outer loop
      vertex 4.979288880273357 -60.29696425507051 2.5
      vertex 5.324488287878447 -59.847091628389805 0
      vertex 4.979288880273357 -60.29696425507051 0
    endloop
  endfacet
  facet normal -0.8433914458128855 0.5372996083468242 0
    outer loop
      vertex 5.324488287878447 -59.847091628389805 2.5
      vertex 5.629165124598851 -59.36884479210801 0
      vertex 5.324488287878447 -59.847091628389805 0
    endloop
  endfacet
  facet normal -0.8870108331782218 0.4617486132350336 0
    outer loop
      vertex 5.629165124598851 -59.36884479210801 2.5
      vertex 5.891000615738225 -58.86586349342255 0
      vertex 5.629165124598851 -59.36884479210801 0
    endloop
  endfacet
  facet normal -0.9238795325112871 0.3826834323650893 0
    outer loop
      vertex 5.891000615738225 -58.86586349342255 2.5
      vertex 6.108002035108405 -58.34197572372485 0
      vertex 5.891000615738225 -58.86586349342255 0
    endloop
  endfacet
  facet normal -0.953716950748227 0.30070579950427295 0
    outer loop
      vertex 6.108002035108405 -58.34197572372485 2.5
      vertex 6.278517870878944 -57.80116858527439 0
      vertex 6.108002035108405 -58.34197572372485 0
    endloop
  endfacet
  facet normal -0.9762960071199333 0.21643961393810365 0
    outer loop
      vertex 6.278517870878944 -57.80116858527439 2.5
      vertex 6.401250394579352 -57.247557946943054 0
      vertex 6.278517870878944 -57.80116858527439 0
    endloop
  endfacet
  facet normal -0.9914448613738105 0.13052619222005182 0
    outer loop
      vertex 6.401250394579352 -57.247557946943054 2.5
      vertex 6.475265537596346 -56.68535711996778 0
      vertex 6.401250394579352 -57.247557946943054 0
    endloop
  endfacet
  facet normal -0.793353340291236 0.6087614290087197 -3.2679450774609295e-18
    outer loop
      vertex 4.979288880273357 -60.29696425507051 2.5
      vertex 5.324488287878447 -59.847091628389805 2.5
      vertex 5.324488287878447 -59.847091628389805 0
    endloop
  endfacet
  facet normal -0.8433914458128855 0.5372996083468242 5.719234241458535e-18
    outer loop
      vertex 5.324488287878447 -59.847091628389805 2.5
      vertex 5.629165124598851 -59.36884479210801 2.5
      vertex 5.629165124598851 -59.36884479210801 0
    endloop
  endfacet
  facet normal -0.8870108331782218 0.4617486132350336 3.0783381010629115e-18
    outer loop
      vertex 5.629165124598851 -59.36884479210801 2.5
      vertex 5.891000615738225 -58.86586349342255 2.5
      vertex 5.891000615738225 -58.86586349342255 0
    endloop
  endfacet
  facet normal -0.9238795325112871 0.3826834323650893 3.538813336904788e-18
    outer loop
      vertex 5.891000615738225 -58.86586349342255 2.5
      vertex 6.108002035108405 -58.34197572372485 2.5
      vertex 6.108002035108405 -58.34197572372485 0
    endloop
  endfacet
  facet normal -0.953716950748227 0.30070579950427295 4.3032298176282974e-18
    outer loop
      vertex 6.108002035108405 -58.34197572372485 2.5
      vertex 6.278517870878944 -57.80116858527439 2.5
      vertex 6.278517870878944 -57.80116858527439 0
    endloop
  endfacet
  facet normal -0.9762960071199333 0.21643961393810365 -3.9726734727026096e-18
    outer loop
      vertex 6.278517870878944 -57.80116858527439 2.5
      vertex 6.401250394579352 -57.247557946943054 2.5
      vertex 6.401250394579352 -57.247557946943054 0
    endloop
  endfacet
  facet normal -0.9914448613738105 0.13052619222005182 1.7260700814589856e-18
    outer loop
      vertex 6.401250394579352 -57.247557946943054 2.5
      vertex 6.475265537596346 -56.68535711996778 2.5
      vertex 6.475265537596346 -56.68535711996778 0
    endloop
  endfacet
  facet normal -0.9238795325112871 -0.3826834323650893 0
    outer loop
      vertex 6.108002035108405 -53.89571386049116 2.5
      vertex 5.891000615738225 -53.37182609079346 0
      vertex 6.108002035108405 -53.89571386049116 0
    endloop
  endfacet
  facet normal -0.8870108331782218 -0.4617486132350336 0
    outer loop
      vertex 5.891000615738225 -53.37182609079346 2.5
      vertex 5.629165124598851 -52.86884479210801 0
      vertex 5.891000615738225 -53.37182609079346 0
    endloop
  endfacet
  facet normal -0.8433914458128855 -0.5372996083468242 0
    outer loop
      vertex 5.629165124598851 -52.86884479210801 2.5
      vertex 5.324488287878447 -52.39059795582621 0
      vertex 5.629165124598851 -52.86884479210801 0
    endloop
  endfacet
  facet normal -0.9990482215818579 0.043619387365335424 0
    outer loop
      vertex 6.475265537596346 -56.68535711996778 2.5
      vertex 6.5 -56.11884479210801 0
      vertex 6.475265537596346 -56.68535711996778 0
    endloop
  endfacet
  facet normal -0.9990482215818579 -0.043619387365335424 0
    outer loop
      vertex 6.5 -56.11884479210801 2.5
      vertex 6.475265537596346 -55.55233246424823 0
      vertex 6.5 -56.11884479210801 0
    endloop
  endfacet
  facet normal -0.9762960071199333 -0.21643961393810365 0
    outer loop
      vertex 6.401250394579352 -54.99013163727296 2.5
      vertex 6.278517870878944 -54.436520998941624 0
      vertex 6.401250394579352 -54.99013163727296 0
    endloop
  endfacet
  facet normal -0.9914448613738105 -0.13052619222005182 0
    outer loop
      vertex 6.475265537596346 -55.55233246424823 2.5
      vertex 6.401250394579352 -54.99013163727296 0
      vertex 6.475265537596346 -55.55233246424823 0
    endloop
  endfacet
  facet normal -0.953716950748227 -0.30070579950427295 0
    outer loop
      vertex 6.278517870878944 -54.436520998941624 2.5
      vertex 6.108002035108405 -53.89571386049116 0
      vertex 6.278517870878944 -54.436520998941624 0
    endloop
  endfacet
  facet normal -0.793353340291236 -0.6087614290087197 0
    outer loop
      vertex 5.324488287878447 -52.39059795582621 2.5
      vertex 4.979288880273357 -51.9407253291455 0
      vertex 5.324488287878447 -52.39059795582621 0
    endloop
  endfacet
  facet normal -0.8433914458128855 -0.5372996083468242 -5.719234241458535e-18
    outer loop
      vertex 5.629165124598851 -52.86884479210801 2.5
      vertex 5.324488287878447 -52.39059795582621 2.5
      vertex 5.324488287878447 -52.39059795582621 0
    endloop
  endfacet
  facet normal -0.9238795325112871 -0.3826834323650893 -3.538813336904788e-18
    outer loop
      vertex 6.108002035108405 -53.89571386049116 2.5
      vertex 5.891000615738225 -53.37182609079346 2.5
      vertex 5.891000615738225 -53.37182609079346 0
    endloop
  endfacet
  facet normal -0.8870108331782218 -0.4617486132350336 -3.0783381010629115e-18
    outer loop
      vertex 5.891000615738225 -53.37182609079346 2.5
      vertex 5.629165124598851 -52.86884479210801 2.5
      vertex 5.629165124598851 -52.86884479210801 0
    endloop
  endfacet
  facet normal -0.9990482215818579 0.043619387365335424 4.344910036547895e-19
    outer loop
      vertex 6.475265537596346 -56.68535711996778 2.5
      vertex 6.5 -56.11884479210801 2.5
      vertex 6.5 -56.11884479210801 0
    endloop
  endfacet
  facet normal -0.9990482215818579 -0.043619387365335424 -4.344910036547895e-19
    outer loop
      vertex 6.5 -56.11884479210801 2.5
      vertex 6.475265537596346 -55.55233246424823 2.5
      vertex 6.475265537596346 -55.55233246424823 0
    endloop
  endfacet
  facet normal -0.9914448613738105 -0.13052619222005182 -1.7260700814589856e-18
    outer loop
      vertex 6.475265537596346 -55.55233246424823 2.5
      vertex 6.401250394579352 -54.99013163727296 2.5
      vertex 6.401250394579352 -54.99013163727296 0
    endloop
  endfacet
  facet normal -0.9762960071199333 -0.21643961393810365 3.9726734727026096e-18
    outer loop
      vertex 6.401250394579352 -54.99013163727296 2.5
      vertex 6.278517870878944 -54.436520998941624 2.5
      vertex 6.278517870878944 -54.436520998941624 0
    endloop
  endfacet
  facet normal -0.953716950748227 -0.30070579950427295 -4.3032298176282974e-18
    outer loop
      vertex 6.278517870878944 -54.436520998941624 2.5
      vertex 6.108002035108405 -53.89571386049116 2.5
      vertex 6.108002035108405 -53.89571386049116 0
    endloop
  endfacet
  facet normal -0.793353340291236 -0.6087614290087197 3.2679450774609295e-18
    outer loop
      vertex 5.324488287878447 -52.39059795582621 2.5
      vertex 4.979288880273357 -51.9407253291455 2.5
      vertex 4.979288880273357 -51.9407253291455 0
    endloop
  endfacet
endsolid OpenSCAD_Model
