solid OpenSCAD_Model
  facet normal 0 0 -1
    outer loop
      vertex 4.399999999999999 92.57 0
      vertex 4.399999999999999 85.9 0
      vertex 1.6 85.9 0
    endloop
  endfacet
  facet normal -0.7071067811865475 0 -0.7071067811865475
    outer loop
      vertex 1.6 104.90000000447034 0
      vertex 1.6 85.9 0
      vertex 0 85.9 1.6
    endloop
  endfacet
  facet normal -1 0 0
    outer loop
      vertex 0 104.89999999850988 1.6
      vertex 0 85.9 1.6
      vertex 0 85.9 13.299999999999999
    endloop
  endfacet
  facet normal 0 0 -1
    outer loop
      vertex 4.399999999999999 92.57 0
      vertex 1.6 85.9 0
      vertex 2.1059379488229752 107.18213862031698 0
    endloop
  endfacet
  facet normal -0.7071067811865475 4.9581867120218304e-18 -0.7071067811865475
    outer loop
      vertex 1.6 104.90000000447034 0
      vertex 0 85.9 1.6
      vertex 0 104.89999999850988 1.6
    endloop
  endfacet
  facet normal -0.7071067811865475 0 0.7071067811865477
    outer loop
      vertex 0 104.89999999850988 13.299999999999999
      vertex 0 85.9 13.299999999999999
      vertex 1.6 85.9 14.899999999999999
    endloop
  endfacet
  facet normal 0 0 1
    outer loop
      vertex 1.6 104.90000000447034 14.899999999999999
      vertex 1.6 85.9 14.899999999999999
      vertex 4.2 85.9 14.899999999999999
    endloop
  endfacet
  facet normal -1 0 0
    outer loop
      vertex 0 104.89999999850988 1.6
      vertex 0 85.9 13.299999999999999
      vertex 0 104.89999999850988 13.299999999999999
    endloop
  endfacet
  facet normal -0.7071067811865474 -8.26364451744402e-19 0.7071067811865476
    outer loop
      vertex 0 104.89999999850988 13.299999999999999
      vertex 1.6 85.9 14.899999999999999
      vertex 1.6 104.90000000447034 14.899999999999999
    endloop
  endfacet
  facet normal 0 0 -1
    outer loop
      vertex 1.6 104.90000000447034 0
      vertex 2.1059379488229752 107.18213862031698 0
      vertex 1.6 85.9 0
    endloop
  endfacet
  facet normal -0.706770036548048 0.030858241010079477 -0.7067700364330922
    outer loop
      vertex 1.6 104.90000000447034 0
      vertex 0 104.89999999850988 1.6
      vertex 1.62054862678051 105.3706410139799 0
    endloop
  endfacet
  facet normal -0.7067700373967736 0.03085824783012471 -0.7067700352865972
    outer loop
      vertex 0 104.89999999850988 1.6
      vertex 0.026637114584445953 105.51009019464254 1.6
      vertex 1.62054862678051 105.3706410139799 0
    endloop
  endfacet
  facet normal -0.9990482214846608 0.04361938959151427 0
    outer loop
      vertex 0 104.89999999850988 1.6
      vertex 0 104.89999999850988 13.299999999999999
      vertex 0.026637114584445953 105.51009019464254 1.6
    endloop
  endfacet
  facet normal 0 0 -1
    outer loop
      vertex 1.6 104.90000000447034 0
      vertex 1.62054862678051 105.3706410139799 0
      vertex 1.784000536799431 106.2976228505373 0
    endloop
  endfacet
  facet normal 0 0 -1
    outer loop
      vertex 1.62054862678051 105.3706410139799 0
      vertex 1.6820381343364716 105.83770016431808 0
      vertex 1.784000536799431 106.2976228505373 0
    endloop
  endfacet
  facet normal 0 0 -1
    outer loop
      vertex 1.6 104.90000000447034 0
      vertex 1.784000536799431 106.2976228505373 0
      vertex 2.1059379488229752 107.18213862031698 0
    endloop
  endfacet
  facet normal -0.7013910886520988 0.09233989445262021 -0.7067700366115578
    outer loop
      vertex 1.62054862678051 105.3706410139799 0
      vertex 0.10634572803974152 106.11553724110126 1.6
      vertex 1.6820381343364716 105.83770016431808 0
    endloop
  endfacet
  facet normal -0.6906741338973857 0.15311876565626747 -0.7067700364114179
    outer loop
      vertex 1.6820381343364716 105.83770016431808 0
      vertex 0.10634572803974152 106.11553724110126 1.6
      vertex 1.784000536799431 106.2976228505373 0
    endloop
  endfacet
  facet normal 0 0 -1
    outer loop
      vertex 1.784000536799431 106.2976228505373 0
      vertex 1.9256598487496377 106.74690877497196 0
      vertex 2.1059379488229752 107.18213862031698 0
    endloop
  endfacet
  facet normal -0.6747007277099584 0.212732328483164 -0.7067700364657404
    outer loop
      vertex 1.784000536799431 106.2976228505373 0
      vertex 0.422151654958725 107.29414100199938 1.6
      vertex 1.9256598487496377 106.74690877497196 0
    endloop
  endfacet
  facet normal -0.7013910911906709 0.0923398861976559 -0.7067700351708213
    outer loop
      vertex 1.62054862678051 105.3706410139799 0
      vertex 0.026637114584445953 105.51009019464254 1.6
      vertex 0.10634572803974152 106.11553724110126 1.6
    endloop
  endfacet
  facet normal -0.6906741337602177 0.15311876835816804 -0.7067700359601067
    outer loop
      vertex 1.784000536799431 106.2976228505373 0
      vertex 0.10634572803974152 106.11553724110126 1.6
      vertex 0.23851921409368515 106.71173331141472 1.6
    endloop
  endfacet
  facet normal -0.67470072972331 0.21273232454767038 -0.7067700357282966
    outer loop
      vertex 1.784000536799431 106.2976228505373 0
      vertex 0.23851921409368515 106.71173331141472 1.6
      vertex 0.422151654958725 107.29414100199938 1.6
    endloop
  endfacet
  facet normal -0.6535924483868538 0.2707268494513667 -0.7067700364318048
    outer loop
      vertex 1.9256598487496377 106.74690877497196 0
      vertex 0.422151654958725 107.29414100199938 1.6
      vertex 2.1059379488229752 107.18213862031698 0
    endloop
  endfacet
  facet normal -0.6275099285597613 0.32666099479047084 -0.7067700361796779
    outer loop
      vertex 2.1059379488229752 107.18213862031698 0
      vertex 0.9378221705555916 108.39999999850988 1.6
      vertex 2.3234628200531007 107.60000000745057 0
    endloop
  endfacet
  facet normal -0.5966516839350469 0.3801090426428385 -0.7067700359796089
    outer loop
      vertex 2.3234628200531007 107.60000000745057 0
      vertex 0.9378221705555916 108.39999999850988 1.6
      vertex 2.5765789583325387 107.99731276035308 0
    endloop
  endfacet
  facet normal 0 0 -1
    outer loop
      vertex 2.1059379488229752 107.18213862031698 0
      vertex 2.3234628200531007 107.60000000745057 0
      vertex 2.5765789583325387 107.99731276035308 0
    endloop
  endfacet
  facet normal 0 0 -1
    outer loop
      vertex 2.1059379488229752 107.18213862031698 0
      vertex 2.5765789583325387 107.99731276035308 0
      vertex 2.863360008597374 108.37105309814214 0
    endloop
  endfacet
  facet normal 0 0 -1
    outer loop
      vertex 2.1059379488229752 107.18213862031698 0
      vertex 2.863360008597374 108.37105309814214 0
      vertex 3.902687242627144 109.32342104464769 0
    endloop
  endfacet
  facet normal -0.5612525557469616 0.4306642369756234 -0.7067700359082209
    outer loop
      vertex 2.5765789583325387 107.99731276035308 0
      vertex 1.637688897550106 109.39951326698065 1.6
      vertex 2.863360008597374 108.37105309814214 0
    endloop
  endfacet
  facet normal -0.6535924462241757 0.2707268588893806 -0.7067700348165501
    outer loop
      vertex 2.1059379488229752 107.18213862031698 0
      vertex 0.422151654958725 107.29414100199938 1.6
      vertex 0.6558454930782318 107.85832782834768 1.6
    endloop
  endfacet
  facet normal -0.6275099337845 0.3266609878805599 -0.7067700347345444
    outer loop
      vertex 2.1059379488229752 107.18213862031698 0
      vertex 0.6558454930782318 107.85832782834768 1.6
      vertex 0.9378221705555916 108.39999999850988 1.6
    endloop
  endfacet
  facet normal -0.5966516829496717 0.3801090449748384 -0.7067700355572815
    outer loop
      vertex 2.5765789583325387 107.99731276035308 0
      vertex 0.9378221705555916 108.39999999850988 1.6
      vertex 1.2659356892108917 108.91503505408764 1.6
    endloop
  endfacet
  facet normal 0 0 -1
    outer loop
      vertex 2.863360008597374 108.37105309814214 0
      vertex 3.1816233828663827 108.71837662011384 0
      vertex 3.5289469048380853 109.03663999438285 0
    endloop
  endfacet
  facet normal 0 0 -1
    outer loop
      vertex 2.863360008597374 108.37105309814214 0
      vertex 3.5289469048380853 109.03663999438285 0
      vertex 3.902687242627144 109.32342104464769 0
    endloop
  endfacet
  facet normal -0.5215819584559109 0.47794181376964334 -0.7067700356296098
    outer loop
      vertex 2.863360008597374 108.37105309814214 0
      vertex 1.637688897550106 109.39951326698065 1.6
      vertex 3.1816233828663827 108.71837662011384 0
    endloop
  endfacet
  facet normal -0.47794181381083034 0.5215819585008586 -0.7067700355685873
    outer loop
      vertex 3.1816233828663827 108.71837662011384 0
      vertex 2.500486731529236 110.26231110095978 1.6
      vertex 3.5289469048380853 109.03663999438285 0
    endloop
  endfacet
  facet normal -0.4306642370866794 0.5612525558916927 -0.7067700357256176
    outer loop
      vertex 3.5289469048380853 109.03663999438285 0
      vertex 2.500486731529236 110.26231110095978 1.6
      vertex 3.902687242627144 109.32342104464769 0
    endloop
  endfacet
  facet normal -0.3801090428053753 0.5966516841901779 -0.7067700356768145
    outer loop
      vertex 3.902687242627144 109.32342104464769 0
      vertex 3.5 110.96217782795429 1.6
      vertex 4.299999995529651 109.57653718292713 0
    endloop
  endfacet
  facet normal -0.5612525576925264 0.4306642351672972 -0.7067700354651181
    outer loop
      vertex 2.5765789583325387 107.99731276035308 0
      vertex 1.2659356892108917 108.91503505408764 1.6
      vertex 1.637688897550106 109.39951326698065 1.6
    endloop
  endfacet
  facet normal -0.5215819576007034 0.47794181509127637 -0.7067700353670026
    outer loop
      vertex 3.1816233828663827 108.71837662011384 0
      vertex 1.637688897550106 109.39951326698065 1.6
      vertex 2.0502525344491005 109.84974746406078 1.6
    endloop
  endfacet
  facet normal -0.4779418151324635 0.5215819576456512 -0.70677003530598
    outer loop
      vertex 3.1816233828663827 108.71837662011384 0
      vertex 2.0502525344491005 109.84974746406078 1.6
      vertex 2.500486731529236 110.26231110095978 1.6
    endloop
  endfacet
  facet normal -0.43066423527835296 0.5612525578372577 -0.7067700352825148
    outer loop
      vertex 3.902687242627144 109.32342104464769 0
      vertex 2.500486731529236 110.26231110095978 1.6
      vertex 2.984964944422245 110.63406430929899 1.6
    endloop
  endfacet
  facet normal -0.3801090451373748 0.5966516832048027 -0.7067700352544872
    outer loop
      vertex 3.902687242627144 109.32342104464769 0
      vertex 2.984964944422245 110.63406430929899 1.6
      vertex 3.5 110.96217782795429 1.6
    endloop
  endfacet
  facet normal 0 0 -1
    outer loop
      vertex 2.1059379488229752 107.18213862031698 0
      vertex 3.902687242627144 109.32342104464769 0
      vertex 6.9999999985098835 110.30000000298023 0
    endloop
  endfacet
  facet normal 0 0 -1
    outer loop
      vertex 3.902687242627144 109.32342104464769 0
      vertex 4.299999995529651 109.57653718292713 0
      vertex 4.71786138266325 109.79406205415725 0
    endloop
  endfacet
  facet normal 0 0 -1
    outer loop
      vertex 3.902687242627144 109.32342104464769 0
      vertex 4.71786138266325 109.79406205415725 0
      vertex 5.602377152442932 110.1159994661808 0
    endloop
  endfacet
  facet normal 0 0 -1
    outer loop
      vertex 4.71786138266325 109.79406205415725 0
      vertex 5.15309122800827 109.97434015423059 0
      vertex 5.602377152442932 110.1159994661808 0
    endloop
  endfacet
  facet normal 0 0 -1
    outer loop
      vertex 3.902687242627144 109.32342104464769 0
      vertex 5.602377152442932 110.1159994661808 0
      vertex 6.9999999985098835 110.30000000298023 0
    endloop
  endfacet
  facet normal -0.32666099498453466 0.6275099289325546 -0.7067700357589972
    outer loop
      vertex 3.5 110.96217782795429 1.6
      vertex 4.71786138266325 109.79406205415725 0
      vertex 4.299999995529651 109.57653718292713 0
    endloop
  endfacet
  facet normal 0 0 -1
    outer loop
      vertex 5.602377152442932 110.1159994661808 0
      vertex 6.062299838662147 110.21796186864375 0
      vertex 6.52935898900032 110.27945137619972 0
    endloop
  endfacet
  facet normal 0 0 -1
    outer loop
      vertex 5.602377152442932 110.1159994661808 0
      vertex 6.52935898900032 110.27945137619972 0
      vertex 6.9999999985098835 110.30000000298023 0
    endloop
  endfacet
  facet normal -0.2707268496560473 0.6535924488809965 -0.7067700358964392
    outer loop
      vertex 4.71786138266325 109.79406205415725 0
      vertex 4.605858996510506 111.47784834355116 1.6
      vertex 5.15309122800827 109.97434015423059 0
    endloop
  endfacet
  facet normal -0.2127323286772279 0.6747007283254504 -0.7067700358197643
    outer loop
      vertex 5.15309122800827 109.97434015423059 0
      vertex 4.605858996510506 111.47784834355116 1.6
      vertex 5.602377152442932 110.1159994661808 0
    endloop
  endfacet
  facet normal -0.1531187658188039 0.6906741346305402 -0.7067700356597476
    outer loop
      vertex 5.602377152442932 110.1159994661808 0
      vertex 5.784462757408619 111.79365427047014 1.6
      vertex 6.062299838662147 110.21796186864375 0
    endloop
  endfacet
  facet normal -0.09233989456367624 0.701391089495653 -0.7067700357599139
    outer loop
      vertex 6.062299838662147 110.21796186864375 0
      vertex 5.784462757408619 111.79365427047014 1.6
      vertex 6.52935898900032 110.27945137619972 0
    endloop
  endfacet
  facet normal -0.03085824105126648 0.7067700374913857 -0.7067700354879566
    outer loop
      vertex 6.52935898900032 110.27945137619972 0
      vertex 7 111.89999999850988 1.6
      vertex 6.9999999985098835 110.30000000298023 0
    endloop
  endfacet
  facet normal -0.32666098807462396 0.6275099341572934 -0.7067700343138635
    outer loop
      vertex 3.5 110.96217782795429 1.6
      vertex 4.041672170162201 111.24415450543165 1.6
      vertex 4.71786138266325 109.79406205415725 0
    endloop
  endfacet
  facet normal -0.2707268590940613 0.6535924467183183 -0.7067700342811845
    outer loop
      vertex 4.71786138266325 109.79406205415725 0
      vertex 4.041672170162201 111.24415450543165 1.6
      vertex 4.605858996510506 111.47784834355116 1.6
    endloop
  endfacet
  facet normal -0.2127323247417343 0.674700730338802 -0.7067700350823204
    outer loop
      vertex 5.602377152442932 110.1159994661808 0
      vertex 4.605858996510506 111.47784834355116 1.6
      vertex 5.188266687095165 111.6614807844162 1.6
    endloop
  endfacet
  facet normal -0.1531187685207045 0.6906741344933719 -0.7067700352084364
    outer loop
      vertex 5.602377152442932 110.1159994661808 0
      vertex 5.188266687095165 111.6614807844162 1.6
      vertex 5.784462757408619 111.79365427047014 1.6
    endloop
  endfacet
  facet normal -0.092339886308712 0.7013910920342251 -0.7067700343191775
    outer loop
      vertex 6.52935898900032 110.27945137619972 0
      vertex 5.784462757408619 111.79365427047014 1.6
      vertex 6.38990980386734 111.87336288392544 1.6
    endloop
  endfacet
  facet normal -0.030858247871311608 0.7067700383401111 -0.7067700343414614
    outer loop
      vertex 6.52935898900032 110.27945137619972 0
      vertex 6.38990980386734 111.87336288392544 1.6
      vertex 7 111.89999999850988 1.6
    endloop
  endfacet
  facet normal -0.991444861875602 0.13052618840856667 0
    outer loop
      vertex 0.026637114584445953 105.51009019464254 1.6
      vertex 0.10634572803974152 106.11553724110126 13.299999999999999
      vertex 0.10634572803974152 106.11553724110126 1.6
    endloop
  endfacet
  facet normal -0.976296007335593 0.2164396129653254 0
    outer loop
      vertex 0.10634572803974152 106.11553724110126 1.6
      vertex 0.23851921409368515 106.71173331141472 13.299999999999999
      vertex 0.23851921409368515 106.71173331141472 1.6
    endloop
  endfacet
  facet normal -0.9537169500954956 0.30070580157447224 0
    outer loop
      vertex 0.23851921409368515 106.71173331141472 1.6
      vertex 0.422151654958725 107.29414100199938 13.299999999999999
      vertex 0.422151654958725 107.29414100199938 1.6
    endloop
  endfacet
  facet normal -0.9238795308127357 0.3826834364657549 0
    outer loop
      vertex 0.422151654958725 107.29414100199938 1.6
      vertex 0.6558454930782318 107.85832782834768 13.299999999999999
      vertex 0.6558454930782318 107.85832782834768 1.6
    endloop
  endfacet
  facet normal -0.887010837544425 0.46174860484763514 0
    outer loop
      vertex 0.6558454930782318 107.85832782834768 1.6
      vertex 0.6558454930782318 107.85832782834768 13.299999999999999
      vertex 0.9378221705555916 108.39999999850988 1.6
    endloop
  endfacet
  facet normal -0.843391444719553 0.5372996100630122 0
    outer loop
      vertex 0.9378221705555916 108.39999999850988 1.6
      vertex 0.9378221705555916 108.39999999850988 13.299999999999999
      vertex 1.2659356892108917 108.91503505408764 1.6
    endloop
  endfacet
  facet normal -0.7933533398969127 0.6087614295226117 0
    outer loop
      vertex 1.2659356892108917 108.91503505408764 1.6
      vertex 1.637688897550106 109.39951326698065 13.299999999999999
      vertex 1.637688897550106 109.39951326698065 1.6
    endloop
  endfacet
  facet normal -0.7372773315036651 0.675590213406644 0
    outer loop
      vertex 1.637688897550106 109.39951326698065 1.6
      vertex 2.0502525344491005 109.84974746406078 13.299999999999999
      vertex 2.0502525344491005 109.84974746406078 1.6
    endloop
  endfacet
  facet normal -0.675590213406644 0.7372773315036651 0
    outer loop
      vertex 2.0502525344491005 109.84974746406078 1.6
      vertex 2.0502525344491005 109.84974746406078 13.299999999999999
      vertex 2.500486731529236 110.26231110095978 1.6
    endloop
  endfacet
  facet normal -0.6087614295226117 0.7933533398969127 0
    outer loop
      vertex 2.500486731529236 110.26231110095978 1.6
      vertex 2.984964944422245 110.63406430929899 13.299999999999999
      vertex 2.984964944422245 110.63406430929899 1.6
    endloop
  endfacet
  facet normal -0.5372996100630122 0.843391444719553 0
    outer loop
      vertex 2.984964944422245 110.63406430929899 1.6
      vertex 3.5 110.96217782795429 13.299999999999999
      vertex 3.5 110.96217782795429 1.6
    endloop
  endfacet
  facet normal -0.46174860484763514 0.887010837544425 0
    outer loop
      vertex 3.5 110.96217782795429 1.6
      vertex 3.5 110.96217782795429 13.299999999999999
      vertex 4.041672170162201 111.24415450543165 1.6
    endloop
  endfacet
  facet normal -0.3826834364657549 0.9238795308127357 0
    outer loop
      vertex 4.041672170162201 111.24415450543165 1.6
      vertex 4.605858996510506 111.47784834355116 13.299999999999999
      vertex 4.605858996510506 111.47784834355116 1.6
    endloop
  endfacet
  facet normal -0.30070580157447224 0.9537169500954956 0
    outer loop
      vertex 4.605858996510506 111.47784834355116 1.6
      vertex 4.605858996510506 111.47784834355116 13.299999999999999
      vertex 5.188266687095165 111.6614807844162 1.6
    endloop
  endfacet
  facet normal -0.2164396129653254 0.976296007335593 0
    outer loop
      vertex 5.188266687095165 111.6614807844162 1.6
      vertex 5.784462757408619 111.79365427047014 13.299999999999999
      vertex 5.784462757408619 111.79365427047014 1.6
    endloop
  endfacet
  facet normal -0.13052618840856667 0.991444861875602 0
    outer loop
      vertex 5.784462757408619 111.79365427047014 1.6
      vertex 5.784462757408619 111.79365427047014 13.299999999999999
      vertex 6.38990980386734 111.87336288392544 1.6
    endloop
  endfacet
  facet normal -0.04361938959151427 0.9990482214846608 0
    outer loop
      vertex 6.38990980386734 111.87336288392544 1.6
      vertex 7 111.89999999850988 13.299999999999999
      vertex 7 111.89999999850988 1.6
    endloop
  endfacet
  facet normal 0 0 -1
    outer loop
      vertex 4.399999999999999 92.57 0
      vertex 2.1059379488229752 107.18213862031698 0
      vertex 61.07653718292713 107.60000000745057 0
    endloop
  endfacet
  facet normal 0 0 -1
    outer loop
      vertex 2.1059379488229752 107.18213862031698 0
      vertex 6.9999999985098835 110.30000000298023 0
      vertex 61.07653718292713 107.60000000745057 0
    endloop
  endfacet
  facet normal 1.2713299243220603e-18 0.7071067821743631 -0.707106780198732
    outer loop
      vertex 6.9999999985098835 110.30000000298023 0
      vertex 7 111.89999999850988 1.6
      vertex 56.399999998509884 111.89999999850988 1.6
    endloop
  endfacet
  facet normal 0 1 0
    outer loop
      vertex 7 111.89999999850988 1.6
      vertex 25.972727273404598 111.89999999850988 4.208975440263748
      vertex 26.324462448060512 111.89999999850988 4.025873696804046
    endloop
  endfacet
  facet normal 0 1 0
    outer loop
      vertex 7 111.89999999850988 1.6
      vertex 25.638288927078246 111.89999999850988 4.422036162018776
      vertex 25.972727273404598 111.89999999850988 4.208975440263748
    endloop
  endfacet
  facet normal 0 1 0
    outer loop
      vertex 7 111.89999999850988 1.6
      vertex 25.32369268387556 111.89999999850988 4.6634343475103375
      vertex 25.638288927078246 111.89999999850988 4.422036162018776
    endloop
  endfacet
  facet normal 0 1 0
    outer loop
      vertex 7 111.89999999850988 1.6
      vertex 27.06900433897972 111.89999999850988 3.7548826098442074
      vertex 27.456144650280475 111.89999999850988 3.669055669009685
    endloop
  endfacet
  facet normal 0 1 0
    outer loop
      vertex 7 111.89999999850988 1.6
      vertex 27.456144650280475 111.89999999850988 3.669055669009685
      vertex 27.849292081594466 111.89999999850988 3.617296828329563
    endloop
  endfacet
  facet normal 0 1 0
    outer loop
      vertex 7 111.89999999850988 1.6
      vertex 26.69081753194332 111.89999999850988 3.8741244509816166
      vertex 27.06900433897972 111.89999999850988 3.7548826098442074
    endloop
  endfacet
  facet normal 0 1 0
    outer loop
      vertex 7 111.89999999850988 1.6
      vertex 26.324462448060512 111.89999999850988 4.025873696804046
      vertex 26.69081753194332 111.89999999850988 3.8741244509816166
    endloop
  endfacet
  facet normal 0 1 0
    outer loop
      vertex 7 111.89999999850988 1.6
      vertex 27.849292081594466 111.89999999850988 3.617296828329563
      vertex 28.245454546809196 111.89999999850988 3.5999999999999996
    endloop
  endfacet
  facet normal 0 1 0
    outer loop
      vertex 7 111.89999999850988 1.6
      vertex 28.245454546809196 111.89999999850988 3.5999999999999996
      vertex 35.154545453190806 111.89999999850988 3.5999999999999996
    endloop
  endfacet
  facet normal 0 1 0
    outer loop
      vertex 7 111.89999999850988 1.6
      vertex 35.154545453190806 111.89999999850988 3.5999999999999996
      vertex 35.550707918405536 111.89999999850988 3.617296828329563
    endloop
  endfacet
  facet normal 0 1 0
    outer loop
      vertex 7 111.89999999850988 1.6
      vertex 24.522036162018775 111.89999999850988 5.538288927078247
      vertex 24.763434347510337 111.89999999850988 5.22369268387556
    endloop
  endfacet
  facet normal 0 1 0
    outer loop
      vertex 7 111.89999999850988 1.6
      vertex 25.031332817673682 111.89999999850988 4.931332817673683
      vertex 25.32369268387556 111.89999999850988 4.6634343475103375
    endloop
  endfacet
  facet normal 0 1 0
    outer loop
      vertex 7 111.89999999850988 1.6
      vertex 24.763434347510337 111.89999999850988 5.22369268387556
      vertex 25.031332817673682 111.89999999850988 4.931332817673683
    endloop
  endfacet
  facet normal 0 1 0
    outer loop
      vertex 7 111.89999999850988 1.6
      vertex 24.308975440263747 111.89999999850988 5.872727273404598
      vertex 24.522036162018775 111.89999999850988 5.538288927078247
    endloop
  endfacet
  facet normal 0 1 0
    outer loop
      vertex 7 111.89999999850988 1.6
      vertex 24.125873696804046 111.89999999850988 6.224462448060512
      vertex 24.308975440263747 111.89999999850988 5.872727273404598
    endloop
  endfacet
  facet normal 0 1 0
    outer loop
      vertex 7 111.89999999850988 1.6
      vertex 23.974124450981616 111.89999999850988 6.590817531943321
      vertex 24.125873696804046 111.89999999850988 6.224462448060512
    endloop
  endfacet
  facet normal 0 1 0
    outer loop
      vertex 7 111.89999999850988 1.6
      vertex 23.854882609844207 111.89999999850988 6.969004338979721
      vertex 23.974124450981616 111.89999999850988 6.590817531943321
    endloop
  endfacet
  facet normal 0 1 0
    outer loop
      vertex 7 111.89999999850988 1.6
      vertex 23.769055669009685 111.89999999850988 7.356144650280475
      vertex 23.854882609844207 111.89999999850988 6.969004338979721
    endloop
  endfacet
  facet normal 0 1 0
    outer loop
      vertex 7 111.89999999850988 1.6
      vertex 23.717296828329562 111.89999999850988 7.749292081594467
      vertex 23.769055669009685 111.89999999850988 7.356144650280475
    endloop
  endfacet
  facet normal 0 1 0
    outer loop
      vertex 7 111.89999999850988 1.6
      vertex 23.7 111.89999999850988 8.145454546809196
      vertex 23.717296828329562 111.89999999850988 7.749292081594467
    endloop
  endfacet
  facet normal 0 1 0
    outer loop
      vertex 7 111.89999999850988 1.6
      vertex 23.7 111.89999999850988 9.054545453190803
      vertex 23.7 111.89999999850988 8.145454546809196
    endloop
  endfacet
  facet normal -0.9990482214846608 0.04361938959151427 0
    outer loop
      vertex 0.026637114584445953 105.51009019464254 1.6
      vertex 0 104.89999999850988 13.299999999999999
      vertex 0.026637114584445953 105.51009019464254 13.299999999999999
    endloop
  endfacet
  facet normal 0 0 1
    outer loop
      vertex 1.6 104.90000000447034 14.899999999999999
      vertex 4.2 85.9 14.899999999999999
      vertex 2.1059379488229752 107.18213862031698 14.899999999999999
    endloop
  endfacet
  facet normal 0 0 1
    outer loop
      vertex 2.1059379488229752 107.18213862031698 14.899999999999999
      vertex 4.2 85.9 14.899999999999999
      vertex 4.2 104.90000000298024 14.899999999999999
    endloop
  endfacet
  facet normal -0.7067700373967735 0.030858247830124703 0.7067700352865973
    outer loop
      vertex 0 104.89999999850988 13.299999999999999
      vertex 1.62054862678051 105.3706410139799 14.899999999999999
      vertex 0.026637114584445953 105.51009019464254 13.299999999999999
    endloop
  endfacet
  facet normal -0.706770036548048 0.030858241010079442 0.7067700364330924
    outer loop
      vertex 0 104.89999999850988 13.299999999999999
      vertex 1.6 104.90000000447034 14.899999999999999
      vertex 1.62054862678051 105.3706410139799 14.899999999999999
    endloop
  endfacet
  facet normal 0 0 1
    outer loop
      vertex 1.6 104.90000000447034 14.899999999999999
      vertex 1.6820381343364716 105.83770016431808 14.899999999999999
      vertex 1.62054862678051 105.3706410139799 14.899999999999999
    endloop
  endfacet
  facet normal -0.991444861875602 0.13052618840856667 0
    outer loop
      vertex 0.026637114584445953 105.51009019464254 1.6
      vertex 0.026637114584445953 105.51009019464254 13.299999999999999
      vertex 0.10634572803974152 106.11553724110126 13.299999999999999
    endloop
  endfacet
  facet normal -0.976296007335593 0.2164396129653254 0
    outer loop
      vertex 0.10634572803974152 106.11553724110126 1.6
      vertex 0.10634572803974152 106.11553724110126 13.299999999999999
      vertex 0.23851921409368515 106.71173331141472 13.299999999999999
    endloop
  endfacet
  facet normal -0.9537169500954956 0.30070580157447224 0
    outer loop
      vertex 0.23851921409368515 106.71173331141472 1.6
      vertex 0.23851921409368515 106.71173331141472 13.299999999999999
      vertex 0.422151654958725 107.29414100199938 13.299999999999999
    endloop
  endfacet
  facet normal -0.9238795308127357 0.3826834364657549 0
    outer loop
      vertex 0.422151654958725 107.29414100199938 1.6
      vertex 0.422151654958725 107.29414100199938 13.299999999999999
      vertex 0.6558454930782318 107.85832782834768 13.299999999999999
    endloop
  endfacet
  facet normal -0.887010837544425 0.46174860484763514 0
    outer loop
      vertex 0.9378221705555916 108.39999999850988 1.6
      vertex 0.6558454930782318 107.85832782834768 13.299999999999999
      vertex 0.9378221705555916 108.39999999850988 13.299999999999999
    endloop
  endfacet
  facet normal -0.843391444719553 0.5372996100630122 0
    outer loop
      vertex 1.2659356892108917 108.91503505408764 1.6
      vertex 0.9378221705555916 108.39999999850988 13.299999999999999
      vertex 1.2659356892108917 108.91503505408764 13.299999999999999
    endloop
  endfacet
  facet normal -0.7933533398969127 0.6087614295226117 0
    outer loop
      vertex 1.2659356892108917 108.91503505408764 1.6
      vertex 1.2659356892108917 108.91503505408764 13.299999999999999
      vertex 1.637688897550106 109.39951326698065 13.299999999999999
    endloop
  endfacet
  facet normal -0.7372773315036651 0.675590213406644 0
    outer loop
      vertex 1.637688897550106 109.39951326698065 1.6
      vertex 1.637688897550106 109.39951326698065 13.299999999999999
      vertex 2.0502525344491005 109.84974746406078 13.299999999999999
    endloop
  endfacet
  facet normal -0.675590213406644 0.7372773315036651 0
    outer loop
      vertex 2.500486731529236 110.26231110095978 1.6
      vertex 2.0502525344491005 109.84974746406078 13.299999999999999
      vertex 2.500486731529236 110.26231110095978 13.299999999999999
    endloop
  endfacet
  facet normal -0.6087614295226117 0.7933533398969127 0
    outer loop
      vertex 2.500486731529236 110.26231110095978 1.6
      vertex 2.500486731529236 110.26231110095978 13.299999999999999
      vertex 2.984964944422245 110.63406430929899 13.299999999999999
    endloop
  endfacet
  facet normal -0.5372996100630122 0.843391444719553 0
    outer loop
      vertex 2.984964944422245 110.63406430929899 1.6
      vertex 2.984964944422245 110.63406430929899 13.299999999999999
      vertex 3.5 110.96217782795429 13.299999999999999
    endloop
  endfacet
  facet normal -0.46174860484763514 0.887010837544425 0
    outer loop
      vertex 4.041672170162201 111.24415450543165 1.6
      vertex 3.5 110.96217782795429 13.299999999999999
      vertex 4.041672170162201 111.24415450543165 13.299999999999999
    endloop
  endfacet
  facet normal -0.3826834364657549 0.9238795308127357 0
    outer loop
      vertex 4.041672170162201 111.24415450543165 1.6
      vertex 4.041672170162201 111.24415450543165 13.299999999999999
      vertex 4.605858996510506 111.47784834355116 13.299999999999999
    endloop
  endfacet
  facet normal -0.30070580157447224 0.9537169500954956 0
    outer loop
      vertex 5.188266687095165 111.6614807844162 1.6
      vertex 4.605858996510506 111.47784834355116 13.299999999999999
      vertex 5.188266687095165 111.6614807844162 13.299999999999999
    endloop
  endfacet
  facet normal -0.2164396129653254 0.976296007335593 0
    outer loop
      vertex 5.188266687095165 111.6614807844162 1.6
      vertex 5.188266687095165 111.6614807844162 13.299999999999999
      vertex 5.784462757408619 111.79365427047014 13.299999999999999
    endloop
  endfacet
  facet normal -0.13052618840856667 0.991444861875602 0
    outer loop
      vertex 6.38990980386734 111.87336288392544 1.6
      vertex 5.784462757408619 111.79365427047014 13.299999999999999
      vertex 6.38990980386734 111.87336288392544 13.299999999999999
    endloop
  endfacet
  facet normal -0.04361938959151427 0.9990482214846608 0
    outer loop
      vertex 6.38990980386734 111.87336288392544 1.6
      vertex 6.38990980386734 111.87336288392544 13.299999999999999
      vertex 7 111.89999999850988 13.299999999999999
    endloop
  endfacet
  facet normal 0 1 0
    outer loop
      vertex 7 111.89999999850988 1.6
      vertex 7 111.89999999850988 13.299999999999999
      vertex 23.7 111.89999999850988 9.054545453190803
    endloop
  endfacet
  facet normal -0.7013910911906708 0.0923398861976558 0.7067700351708214
    outer loop
      vertex 0.026637114584445953 105.51009019464254 13.299999999999999
      vertex 1.62054862678051 105.3706410139799 14.899999999999999
      vertex 0.10634572803974152 106.11553724110126 13.299999999999999
    endloop
  endfacet
  facet normal -0.6906741337602176 0.15311876835816793 0.7067700359601068
    outer loop
      vertex 0.10634572803974152 106.11553724110126 13.299999999999999
      vertex 1.784000536799431 106.2976228505373 14.899999999999999
      vertex 0.23851921409368515 106.71173331141472 13.299999999999999
    endloop
  endfacet
  facet normal -0.6747007297233099 0.21273232454767027 0.7067700357282967
    outer loop
      vertex 0.23851921409368515 106.71173331141472 13.299999999999999
      vertex 1.784000536799431 106.2976228505373 14.899999999999999
      vertex 0.422151654958725 107.29414100199938 13.299999999999999
    endloop
  endfacet
  facet normal -0.7013910886520985 0.0923398944526201 0.7067700366115579
    outer loop
      vertex 0.10634572803974152 106.11553724110126 13.299999999999999
      vertex 1.62054862678051 105.3706410139799 14.899999999999999
      vertex 1.6820381343364716 105.83770016431808 14.899999999999999
    endloop
  endfacet
  facet normal -0.6906741338973856 0.15311876565626742 0.706770036411418
    outer loop
      vertex 0.10634572803974152 106.11553724110126 13.299999999999999
      vertex 1.6820381343364716 105.83770016431808 14.899999999999999
      vertex 1.784000536799431 106.2976228505373 14.899999999999999
    endloop
  endfacet
  facet normal 0 0 1
    outer loop
      vertex 1.6 104.90000000447034 14.899999999999999
      vertex 1.784000536799431 106.2976228505373 14.899999999999999
      vertex 1.6820381343364716 105.83770016431808 14.899999999999999
    endloop
  endfacet
  facet normal 0 0 1
    outer loop
      vertex 1.6 104.90000000447034 14.899999999999999
      vertex 2.1059379488229752 107.18213862031698 14.899999999999999
      vertex 1.784000536799431 106.2976228505373 14.899999999999999
    endloop
  endfacet
  facet normal -0.6747007277099583 0.21273232848316395 0.7067700364657404
    outer loop
      vertex 0.422151654958725 107.29414100199938 13.299999999999999
      vertex 1.784000536799431 106.2976228505373 14.899999999999999
      vertex 1.9256598487496377 106.74690877497196 14.899999999999999
    endloop
  endfacet
  facet normal 0 0 1
    outer loop
      vertex 1.784000536799431 106.2976228505373 14.899999999999999
      vertex 2.1059379488229752 107.18213862031698 14.899999999999999
      vertex 1.9256598487496377 106.74690877497196 14.899999999999999
    endloop
  endfacet
  facet normal 0 0 1
    outer loop
      vertex 2.1059379488229752 107.18213862031698 14.899999999999999
      vertex 4.2 104.90000000298024 14.899999999999999
      vertex 4.210654844343662 105.1440360814333 14.899999999999999
    endloop
  endfacet
  facet normal 0 0 1
    outer loop
      vertex 2.1059379488229752 107.18213862031698 14.899999999999999
      vertex 4.210654844343662 105.1440360814333 14.899999999999999
      vertex 4.242538285255432 105.3862149015069 14.899999999999999
    endloop
  endfacet
  facet normal 0 0 1
    outer loop
      vertex 2.1059379488229752 107.18213862031698 14.899999999999999
      vertex 4.242538285255432 105.3862149015069 14.899999999999999
      vertex 4.29540768712759 105.6246933311224 14.899999999999999
    endloop
  endfacet
  facet normal 0 0 1
    outer loop
      vertex 2.1059379488229752 107.18213862031698 14.899999999999999
      vertex 4.29540768712759 105.6246933311224 14.899999999999999
      vertex 4.368860659003258 105.8576564013958 14.899999999999999
    endloop
  endfacet
  facet normal 0 0 1
    outer loop
      vertex 2.1059379488229752 107.18213862031698 14.899999999999999
      vertex 4.368860659003258 105.8576564013958 14.899999999999999
      vertex 4.462338191270828 106.08333113491535 14.899999999999999
    endloop
  endfacet
  facet normal 0 0 1
    outer loop
      vertex 2.1059379488229752 107.18213862031698 14.899999999999999
      vertex 4.462338191270828 106.08333113491535 14.899999999999999
      vertex 4.575128865242005 106.30000000149012 14.899999999999999
    endloop
  endfacet
  facet normal 0 0 1
    outer loop
      vertex 2.1059379488229752 107.18213862031698 14.899999999999999
      vertex 4.575128865242005 106.30000000149012 14.899999999999999
      vertex 4.706374269723892 106.50601402372122 14.899999999999999
    endloop
  endfacet
  facet normal 0 0 1
    outer loop
      vertex 2.1059379488229752 107.18213862031698 14.899999999999999
      vertex 4.706374269723892 106.50601402372122 14.899999999999999
      vertex 4.8550755575299265 106.69980530887842 14.899999999999999
    endloop
  endfacet
  facet normal -0.6535924462241756 0.2707268588893806 0.7067700348165502
    outer loop
      vertex 0.422151654958725 107.29414100199938 13.299999999999999
      vertex 2.1059379488229752 107.18213862031698 14.899999999999999
      vertex 0.6558454930782318 107.85832782834768 13.299999999999999
    endloop
  endfacet
  facet normal -0.6275099337844999 0.3266609878805599 0.7067700347345444
    outer loop
      vertex 0.6558454930782318 107.85832782834768 13.299999999999999
      vertex 2.1059379488229752 107.18213862031698 14.899999999999999
      vertex 0.9378221705555916 108.39999999850988 13.299999999999999
    endloop
  endfacet
  facet normal -0.5966516829496714 0.3801090449748384 0.7067700355572815
    outer loop
      vertex 0.9378221705555916 108.39999999850988 13.299999999999999
      vertex 2.5765789583325387 107.99731276035308 14.899999999999999
      vertex 1.2659356892108917 108.91503505408764 13.299999999999999
    endloop
  endfacet
  facet normal -0.6535924483868536 0.2707268494513668 0.7067700364318048
    outer loop
      vertex 0.422151654958725 107.29414100199938 13.299999999999999
      vertex 1.9256598487496377 106.74690877497196 14.899999999999999
      vertex 2.1059379488229752 107.18213862031698 14.899999999999999
    endloop
  endfacet
  facet normal -0.6275099285597612 0.3266609947904708 0.7067700361796782
    outer loop
      vertex 0.9378221705555916 108.39999999850988 13.299999999999999
      vertex 2.1059379488229752 107.18213862031698 14.899999999999999
      vertex 2.3234628200531007 107.60000000745057 14.899999999999999
    endloop
  endfacet
  facet normal -0.5966516839350469 0.3801090426428385 0.706770035979609
    outer loop
      vertex 0.9378221705555916 108.39999999850988 13.299999999999999
      vertex 2.3234628200531007 107.60000000745057 14.899999999999999
      vertex 2.5765789583325387 107.99731276035308 14.899999999999999
    endloop
  endfacet
  facet normal 0 0 1
    outer loop
      vertex 2.1059379488229752 107.18213862031698 14.899999999999999
      vertex 2.5765789583325387 107.99731276035308 14.899999999999999
      vertex 2.3234628200531007 107.60000000745057 14.899999999999999
    endloop
  endfacet
  facet normal -0.5612525557469615 0.43066423697562334 0.706770035908221
    outer loop
      vertex 1.637688897550106 109.39951326698065 13.299999999999999
      vertex 2.5765789583325387 107.99731276035308 14.899999999999999
      vertex 2.863360008597374 108.37105309814214 14.899999999999999
    endloop
  endfacet
  facet normal 0 0 1
    outer loop
      vertex 2.1059379488229752 107.18213862031698 14.899999999999999
      vertex 2.863360008597374 108.37105309814214 14.899999999999999
      vertex 2.5765789583325387 107.99731276035308 14.899999999999999
    endloop
  endfacet
  facet normal 0 0 1
    outer loop
      vertex 2.1059379488229752 107.18213862031698 14.899999999999999
      vertex 4.299999995529651 109.57653718292713 14.899999999999999
      vertex 2.863360008597374 108.37105309814214 14.899999999999999
    endloop
  endfacet
  facet normal 0 0 1
    outer loop
      vertex 2.1059379488229752 107.18213862031698 14.899999999999999
      vertex 4.8550755575299265 106.69980530887842 14.899999999999999
      vertex 5.020101007819176 106.87989899218083 14.899999999999999
    endloop
  endfacet
  facet normal 0 0 1
    outer loop
      vertex 2.1059379488229752 107.18213862031698 14.899999999999999
      vertex 5.020101007819176 106.87989899218083 14.899999999999999
      vertex 5.200194691121578 107.04492444247008 14.899999999999999
    endloop
  endfacet
  facet normal 0 0 1
    outer loop
      vertex 2.1059379488229752 107.18213862031698 14.899999999999999
      vertex 5.200194691121578 107.04492444247008 14.899999999999999
      vertex 5.393985976278782 107.19362573027611 14.899999999999999
    endloop
  endfacet
  facet normal 0 0 1
    outer loop
      vertex 2.1059379488229752 107.18213862031698 14.899999999999999
      vertex 5.393985976278782 107.19362573027611 14.899999999999999
      vertex 5.599999998509884 107.324871134758 14.899999999999999
    endloop
  endfacet
  facet normal 0 0 1
    outer loop
      vertex 2.1059379488229752 107.18213862031698 14.899999999999999
      vertex 5.599999998509884 107.324871134758 14.899999999999999
      vertex 6.9999999985098835 110.30000000298023 14.899999999999999
    endloop
  endfacet
  facet normal 0 0 1
    outer loop
      vertex 5.599999998509884 107.324871134758 14.899999999999999
      vertex 5.816668865084648 107.43766180872917 14.899999999999999
      vertex 6.9999999985098835 110.30000000298023 14.899999999999999
    endloop
  endfacet
  facet normal 0 0 1
    outer loop
      vertex 5.816668865084648 107.43766180872917 14.899999999999999
      vertex 6.0423435986042024 107.53113934099675 14.899999999999999
      vertex 6.9999999985098835 110.30000000298023 14.899999999999999
    endloop
  endfacet
  facet normal 0 0 1
    outer loop
      vertex 6.0423435986042024 107.53113934099675 14.899999999999999
      vertex 6.275306668877602 107.60459231287241 14.899999999999999
      vertex 6.9999999985098835 110.30000000298023 14.899999999999999
    endloop
  endfacet
  facet normal 0 0 1
    outer loop
      vertex 6.275306668877602 107.60459231287241 14.899999999999999
      vertex 6.513785098493099 107.65746171474457 14.899999999999999
      vertex 6.9999999985098835 110.30000000298023 14.899999999999999
    endloop
  endfacet
  facet normal 0 0 1
    outer loop
      vertex 6.513785098493099 107.65746171474457 14.899999999999999
      vertex 6.755963918566704 107.68934515565634 14.899999999999999
      vertex 6.9999999985098835 110.30000000298023 14.899999999999999
    endloop
  endfacet
  facet normal 0 0 1
    outer loop
      vertex 6.755963918566704 107.68934515565634 14.899999999999999
      vertex 6.999999997019768 107.7 14.899999999999999
      vertex 6.9999999985098835 110.30000000298023 14.899999999999999
    endloop
  endfacet
  facet normal -0.5612525576925265 0.430664235167297 0.7067700354651182
    outer loop
      vertex 1.2659356892108917 108.91503505408764 13.299999999999999
      vertex 2.5765789583325387 107.99731276035308 14.899999999999999
      vertex 1.637688897550106 109.39951326698065 13.299999999999999
    endloop
  endfacet
  facet normal -0.5215819576007034 0.4779418150912763 0.7067700353670027
    outer loop
      vertex 1.637688897550106 109.39951326698065 13.299999999999999
      vertex 3.1816233828663827 108.71837662011384 14.899999999999999
      vertex 2.0502525344491005 109.84974746406078 13.299999999999999
    endloop
  endfacet
  facet normal -0.4779418151324633 0.5215819576456512 0.7067700353059801
    outer loop
      vertex 2.0502525344491005 109.84974746406078 13.299999999999999
      vertex 3.1816233828663827 108.71837662011384 14.899999999999999
      vertex 2.500486731529236 110.26231110095978 13.299999999999999
    endloop
  endfacet
  facet normal -0.430664235278353 0.5612525578372575 0.7067700352825149
    outer loop
      vertex 2.500486731529236 110.26231110095978 13.299999999999999
      vertex 3.902687242627144 109.32342104464769 14.899999999999999
      vertex 2.984964944422245 110.63406430929899 13.299999999999999
    endloop
  endfacet
  facet normal -0.5215819584559107 0.4779418137696431 0.7067700356296099
    outer loop
      vertex 1.637688897550106 109.39951326698065 13.299999999999999
      vertex 2.863360008597374 108.37105309814214 14.899999999999999
      vertex 3.1816233828663827 108.71837662011384 14.899999999999999
    endloop
  endfacet
  facet normal -0.47794181381083034 0.5215819585008586 0.7067700355685873
    outer loop
      vertex 2.500486731529236 110.26231110095978 13.299999999999999
      vertex 3.1816233828663827 108.71837662011384 14.899999999999999
      vertex 3.5289469048380853 109.03663999438285 14.899999999999999
    endloop
  endfacet
  facet normal 0 0 1
    outer loop
      vertex 2.863360008597374 108.37105309814214 14.899999999999999
      vertex 3.5289469048380853 109.03663999438285 14.899999999999999
      vertex 3.1816233828663827 108.71837662011384 14.899999999999999
    endloop
  endfacet
  facet normal 0 0 1
    outer loop
      vertex 2.863360008597374 108.37105309814214 14.899999999999999
      vertex 4.299999995529651 109.57653718292713 14.899999999999999
      vertex 3.5289469048380853 109.03663999438285 14.899999999999999
    endloop
  endfacet
  facet normal 0 0 1
    outer loop
      vertex 3.5289469048380853 109.03663999438285 14.899999999999999
      vertex 4.299999995529651 109.57653718292713 14.899999999999999
      vertex 3.902687242627144 109.32342104464769 14.899999999999999
    endloop
  endfacet
  facet normal -0.43066423708667934 0.5612525558916927 0.7067700357256177
    outer loop
      vertex 2.500486731529236 110.26231110095978 13.299999999999999
      vertex 3.5289469048380853 109.03663999438285 14.899999999999999
      vertex 3.902687242627144 109.32342104464769 14.899999999999999
    endloop
  endfacet
  facet normal -0.3801090428053751 0.5966516841901778 0.7067700356768145
    outer loop
      vertex 3.5 110.96217782795429 13.299999999999999
      vertex 3.902687242627144 109.32342104464769 14.899999999999999
      vertex 4.299999995529651 109.57653718292713 14.899999999999999
    endloop
  endfacet
  facet normal -0.3801090451373748 0.5966516832048026 0.7067700352544873
    outer loop
      vertex 2.984964944422245 110.63406430929899 13.299999999999999
      vertex 3.902687242627144 109.32342104464769 14.899999999999999
      vertex 3.5 110.96217782795429 13.299999999999999
    endloop
  endfacet
  facet normal 0 0 1
    outer loop
      vertex 2.1059379488229752 107.18213862031698 14.899999999999999
      vertex 6.9999999985098835 110.30000000298023 14.899999999999999
      vertex 4.299999995529651 109.57653718292713 14.899999999999999
    endloop
  endfacet
  facet normal -0.32666099498453477 0.6275099289325546 0.7067700357589971
    outer loop
      vertex 3.5 110.96217782795429 13.299999999999999
      vertex 4.299999995529651 109.57653718292713 14.899999999999999
      vertex 4.71786138266325 109.79406205415725 14.899999999999999
    endloop
  endfacet
  facet normal 0 0 1
    outer loop
      vertex 4.299999995529651 109.57653718292713 14.899999999999999
      vertex 5.15309122800827 109.97434015423059 14.899999999999999
      vertex 4.71786138266325 109.79406205415725 14.899999999999999
    endloop
  endfacet
  facet normal 0 0 1
    outer loop
      vertex 4.299999995529651 109.57653718292713 14.899999999999999
      vertex 5.602377152442932 110.1159994661808 14.899999999999999
      vertex 5.15309122800827 109.97434015423059 14.899999999999999
    endloop
  endfacet
  facet normal 0 0 1
    outer loop
      vertex 4.299999995529651 109.57653718292713 14.899999999999999
      vertex 6.9999999985098835 110.30000000298023 14.899999999999999
      vertex 5.602377152442932 110.1159994661808 14.899999999999999
    endloop
  endfacet
  facet normal 0 0 1
    outer loop
      vertex 5.602377152442932 110.1159994661808 14.899999999999999
      vertex 6.52935898900032 110.27945137619972 14.899999999999999
      vertex 6.062299838662147 110.21796186864375 14.899999999999999
    endloop
  endfacet
  facet normal 0 0 1
    outer loop
      vertex 5.602377152442932 110.1159994661808 14.899999999999999
      vertex 6.9999999985098835 110.30000000298023 14.899999999999999
      vertex 6.52935898900032 110.27945137619972 14.899999999999999
    endloop
  endfacet
  facet normal -0.32666098807462385 0.6275099341572933 0.7067700343138636
    outer loop
      vertex 3.5 110.96217782795429 13.299999999999999
      vertex 4.71786138266325 109.79406205415725 14.899999999999999
      vertex 4.041672170162201 111.24415450543165 13.299999999999999
    endloop
  endfacet
  facet normal -0.27072685909406113 0.6535924467183183 0.7067700342811845
    outer loop
      vertex 4.041672170162201 111.24415450543165 13.299999999999999
      vertex 4.71786138266325 109.79406205415725 14.899999999999999
      vertex 4.605858996510506 111.47784834355116 13.299999999999999
    endloop
  endfacet
  facet normal -0.21273232474173415 0.674700730338802 0.7067700350823205
    outer loop
      vertex 4.605858996510506 111.47784834355116 13.299999999999999
      vertex 5.602377152442932 110.1159994661808 14.899999999999999
      vertex 5.188266687095165 111.6614807844162 13.299999999999999
    endloop
  endfacet
  facet normal -0.15311876852070433 0.6906741344933719 0.7067700352084365
    outer loop
      vertex 5.188266687095165 111.6614807844162 13.299999999999999
      vertex 5.602377152442932 110.1159994661808 14.899999999999999
      vertex 5.784462757408619 111.79365427047014 13.299999999999999
    endloop
  endfacet
  facet normal -0.09233988630871182 0.7013910920342251 0.7067700343191775
    outer loop
      vertex 5.784462757408619 111.79365427047014 13.299999999999999
      vertex 6.52935898900032 110.27945137619972 14.899999999999999
      vertex 6.38990980386734 111.87336288392544 13.299999999999999
    endloop
  endfacet
  facet normal -0.030858247871311712 0.7067700383401111 0.7067700343414615
    outer loop
      vertex 6.38990980386734 111.87336288392544 13.299999999999999
      vertex 6.52935898900032 110.27945137619972 14.899999999999999
      vertex 7 111.89999999850988 13.299999999999999
    endloop
  endfacet
  facet normal -0.2707268496560474 0.6535924488809964 0.7067700358964393
    outer loop
      vertex 4.605858996510506 111.47784834355116 13.299999999999999
      vertex 4.71786138266325 109.79406205415725 14.899999999999999
      vertex 5.15309122800827 109.97434015423059 14.899999999999999
    endloop
  endfacet
  facet normal -0.21273232867722777 0.6747007283254502 0.7067700358197644
    outer loop
      vertex 4.605858996510506 111.47784834355116 13.299999999999999
      vertex 5.15309122800827 109.97434015423059 14.899999999999999
      vertex 5.602377152442932 110.1159994661808 14.899999999999999
    endloop
  endfacet
  facet normal -0.15311876581880374 0.69067413463054 0.7067700356597477
    outer loop
      vertex 5.784462757408619 111.79365427047014 13.299999999999999
      vertex 5.602377152442932 110.1159994661808 14.899999999999999
      vertex 6.062299838662147 110.21796186864375 14.899999999999999
    endloop
  endfacet
  facet normal -0.09233989456367606 0.7013910894956529 0.7067700357599142
    outer loop
      vertex 5.784462757408619 111.79365427047014 13.299999999999999
      vertex 6.062299838662147 110.21796186864375 14.899999999999999
      vertex 6.52935898900032 110.27945137619972 14.899999999999999
    endloop
  endfacet
  facet normal -0.030858241051266354 0.7067700374913854 0.7067700354879566
    outer loop
      vertex 7 111.89999999850988 13.299999999999999
      vertex 6.52935898900032 110.27945137619972 14.899999999999999
      vertex 6.9999999985098835 110.30000000298023 14.899999999999999
    endloop
  endfacet
  facet normal 0 1 0
    outer loop
      vertex 7 111.89999999850988 13.299999999999999
      vertex 23.717296828329562 111.89999999850988 9.450707918405532
      vertex 23.7 111.89999999850988 9.054545453190803
    endloop
  endfacet
  facet normal 0 1 0
    outer loop
      vertex 7 111.89999999850988 13.299999999999999
      vertex 23.769055669009685 111.89999999850988 9.843855349719524
      vertex 23.717296828329562 111.89999999850988 9.450707918405532
    endloop
  endfacet
  facet normal 0 1 0
    outer loop
      vertex 7 111.89999999850988 13.299999999999999
      vertex 23.854882609844207 111.89999999850988 10.230995661020279
      vertex 23.769055669009685 111.89999999850988 9.843855349719524
    endloop
  endfacet
  facet normal 0 0 1
    outer loop
      vertex 6.999999997019768 107.7 14.899999999999999
      vertex 56.400000002980235 107.7 14.899999999999999
      vertex 6.9999999985098835 110.30000000298023 14.899999999999999
    endloop
  endfacet
  facet normal 0 1 0
    outer loop
      vertex 7 111.89999999850988 13.299999999999999
      vertex 23.974124450981616 111.89999999850988 10.609182468056678
      vertex 23.854882609844207 111.89999999850988 10.230995661020279
    endloop
  endfacet
  facet normal 0 1 0
    outer loop
      vertex 7 111.89999999850988 13.299999999999999
      vertex 24.125873696804046 111.89999999850988 10.975537551939487
      vertex 23.974124450981616 111.89999999850988 10.609182468056678
    endloop
  endfacet
  facet normal 0 1 0
    outer loop
      vertex 7 111.89999999850988 13.299999999999999
      vertex 24.308975440263747 111.89999999850988 11.327272726595401
      vertex 24.125873696804046 111.89999999850988 10.975537551939487
    endloop
  endfacet
  facet normal 0 1 0
    outer loop
      vertex 7 111.89999999850988 13.299999999999999
      vertex 24.522036162018775 111.89999999850988 11.661711072921753
      vertex 24.308975440263747 111.89999999850988 11.327272726595401
    endloop
  endfacet
  facet normal 0 1 0
    outer loop
      vertex 7 111.89999999850988 13.299999999999999
      vertex 24.763434347510337 111.89999999850988 11.976307316124439
      vertex 24.522036162018775 111.89999999850988 11.661711072921753
    endloop
  endfacet
  facet normal 0 1 0
    outer loop
      vertex 7 111.89999999850988 13.299999999999999
      vertex 25.031332817673682 111.89999999850988 12.268667182326316
      vertex 24.763434347510337 111.89999999850988 11.976307316124439
    endloop
  endfacet
  facet normal 0 1 0
    outer loop
      vertex 7 111.89999999850988 13.299999999999999
      vertex 25.32369268387556 111.89999999850988 12.536565652489662
      vertex 25.031332817673682 111.89999999850988 12.268667182326316
    endloop
  endfacet
  facet normal 0 1 0
    outer loop
      vertex 7 111.89999999850988 13.299999999999999
      vertex 25.638288927078246 111.89999999850988 12.777963837981224
      vertex 25.32369268387556 111.89999999850988 12.536565652489662
    endloop
  endfacet
  facet normal 0 1 0
    outer loop
      vertex 7 111.89999999850988 13.299999999999999
      vertex 25.972727273404598 111.89999999850988 12.991024559736251
      vertex 25.638288927078246 111.89999999850988 12.777963837981224
    endloop
  endfacet
  facet normal 0 1 0
    outer loop
      vertex 7 111.89999999850988 13.299999999999999
      vertex 26.324462448060512 111.89999999850988 13.174126303195953
      vertex 25.972727273404598 111.89999999850988 12.991024559736251
    endloop
  endfacet
  facet normal 0 1 0
    outer loop
      vertex 7 111.89999999850988 13.299999999999999
      vertex 26.62834843115954 111.89999999850988 13.299999999999999
      vertex 26.324462448060512 111.89999999850988 13.174126303195953
    endloop
  endfacet
  facet normal 0 0.707106782174387 0.707106780198708
    outer loop
      vertex 7 111.89999999850988 13.299999999999999
      vertex 26.652490563025122 111.89000000000001 13.309999998537808
      vertex 26.62834843115954 111.89999999850988 13.299999999999999
    endloop
  endfacet
  facet normal -2.7904402667437084e-16 0.7071067821741128 0.7071067801989822
    outer loop
      vertex 7 111.89999999850988 13.299999999999999
      vertex 26.69445905686088 111.88268982075402 13.317310177804218
      vertex 26.652490563025122 111.89000000000001 13.309999998537808
    endloop
  endfacet
  facet normal 1.978256559862377e-16 0.707106782174384 0.707106780198711
    outer loop
      vertex 7 111.89999999850988 13.299999999999999
      vertex 27.080050200954023 111.83048351809428 13.369516480609825
      vertex 26.69445905686088 111.88268982075402 13.317310177804218
    endloop
  endfacet
  facet normal 8.257861605851678e-15 0.7071067821755492 0.7071067801975458
    outer loop
      vertex 7 111.89999999850988 13.299999999999999
      vertex 27.09382577283954 111.82861840354624 13.371381595163081
      vertex 27.080050200954023 111.83048351809428 13.369516480609825
    endloop
  endfacet
  facet normal -3.198141559971263e-15 0.7071067821739369 0.7071067801991582
    outer loop
      vertex 7 111.89999999850988 13.299999999999999
      vertex 27.108463166530015 111.82720192645138 13.3727980722619
      vertex 27.09382577283954 111.82861840354624 13.371381595163081
    endloop
  endfacet
  facet normal 8.384795624940192e-18 0.7071067821743788 0.7071067801987164
    outer loop
      vertex 7 111.89999999850988 13.299999999999999
      vertex 27.48680219976705 111.79058963205118 13.409410366764396
      vertex 27.108463166530015 111.82720192645138 13.3727980722619
    endloop
  endfacet
  facet normal 9.066012904609244e-15 0.7071067821752295 0.7071067801978655
    outer loop
      vertex 7 111.89999999850988 13.299999999999999
      vertex 27.510139603450032 111.78923204246085 13.41076795635852
      vertex 27.48680219976705 111.79058963205118 13.409410366764396
    endloop
  endfacet
  facet normal -5.400045056719389e-16 0.7071067821743369 0.707106780198758
    outer loop
      vertex 7 111.89999999850988 13.299999999999999
      vertex 27.875022983131114 111.76800595101439 13.431994047864288
      vertex 27.510139603450032 111.78923204246085 13.41076795635852
    endloop
  endfacet
  facet normal -1.7434797649710085e-15 0.7071067821742413 0.7071067801988539
    outer loop
      vertex 7 111.89999999850988 13.299999999999999
      vertex 28.23043841593457 111.76109253916921 13.438907459728778
      vertex 27.875022983131114 111.76800595101439 13.431994047864288
    endloop
  endfacet
  facet normal -6.189939509149865e-14 0.7071067821696427 0.7071067802034525
    outer loop
      vertex 7 111.89999999850988 13.299999999999999
      vertex 28.26004696515362 111.76051660467473 13.43948339422486
      vertex 28.23043841593457 111.76109253916921 13.438907459728778
    endloop
  endfacet
  facet normal 1.11241367251387e-18 0.7071067821743628 0.7071067801987321
    outer loop
      vertex 7 111.89999999850988 13.299999999999999
      vertex 6.9999999985098835 110.30000000298023 14.899999999999999
      vertex 56.40000000447035 110.30000000298023 14.899999999999999
    endloop
  endfacet
  facet normal 8.50414883986657e-18 0.7071067821743631 0.7071067801987319
    outer loop
      vertex 7 111.89999999850988 13.299999999999999
      vertex 56.40000000447035 110.30000000298023 14.899999999999999
      vertex 28.26004696515362 111.76051660467473 13.43948339422486
    endloop
  endfacet
  facet normal 0 0 -1
    outer loop
      vertex 4.399999999999999 92.57 0
      vertex 61.07653718292713 107.60000000745057 0
      vertex 59 92.57 0
    endloop
  endfacet
  facet normal 0 0 -1
    outer loop
      vertex 61.800000002980234 104.90000000447034 0
      vertex 61.800000002980234 85.9 0
      vertex 59 85.9 0
    endloop
  endfacet
  facet normal 0.7071067821743646 0 -0.7071067801987304
    outer loop
      vertex 63.399999998509884 104.89999999850988 1.6
      vertex 63.399999998509884 85.9 1.6
      vertex 61.800000002980234 85.9 0
    endloop
  endfacet
  facet normal 0 0 -1
    outer loop
      vertex 59 92.57 0
      vertex 61.07653718292713 107.60000000745057 0
      vertex 59 85.9 0
    endloop
  endfacet
  facet normal 0.7071067821743646 0 -0.7071067801987304
    outer loop
      vertex 61.800000002980234 104.90000000447034 0
      vertex 63.399999998509884 104.89999999850988 1.6
      vertex 61.800000002980234 85.9 0
    endloop
  endfacet
  facet normal 1 0 0
    outer loop
      vertex 63.399999998509884 104.89999999850988 1.6
      vertex 63.399999998509884 104.89999999850988 13.299999999999999
      vertex 63.399999998509884 85.9 1.6
    endloop
  endfacet
  facet normal 1 0 0
    outer loop
      vertex 63.399999998509884 104.89999999850988 13.299999999999999
      vertex 63.399999998509884 85.9 13.299999999999999
      vertex 63.399999998509884 85.9 1.6
    endloop
  endfacet
  facet normal 0 0 1
    outer loop
      vertex 59.2 104.90000000298024 14.899999999999999
      vertex 59.2 85.9 14.899999999999999
      vertex 61.800000002980234 85.9 14.899999999999999
    endloop
  endfacet
  facet normal 0.7071067821743645 0 0.7071067801987305
    outer loop
      vertex 61.800000002980234 104.90000000447034 14.899999999999999
      vertex 61.800000002980234 85.9 14.899999999999999
      vertex 63.399999998509884 85.9 13.299999999999999
    endloop
  endfacet
  facet normal 0.7071067821743645 0 0.7071067801987305
    outer loop
      vertex 63.399999998509884 104.89999999850988 13.299999999999999
      vertex 61.800000002980234 104.90000000447034 14.899999999999999
      vertex 63.399999998509884 85.9 13.299999999999999
    endloop
  endfacet
  facet normal 0 1 0
    outer loop
      vertex 7 111.89999999850988 1.6
      vertex 35.550707918405536 111.89999999850988 3.617296828329563
      vertex 56.399999998509884 111.89999999850988 1.6
    endloop
  endfacet
  facet normal 0 0 -1
    outer loop
      vertex 6.9999999985098835 110.30000000298023 0
      vertex 56.87064101397991 110.27945137619972 0
      vertex 61.07653718292713 107.60000000745057 0
    endloop
  endfacet
  facet normal 0 0 -1
    outer loop
      vertex 6.9999999985098835 110.30000000298023 0
      vertex 56.40000000447035 110.30000000298023 0
      vertex 56.87064101397991 110.27945137619972 0
    endloop
  endfacet
  facet normal 0 0.7071067821743631 -0.707106780198732
    outer loop
      vertex 6.9999999985098835 110.30000000298023 0
      vertex 56.399999998509884 111.89999999850988 1.6
      vertex 56.40000000447035 110.30000000298023 0
    endloop
  endfacet
  facet normal 0 1 0
    outer loop
      vertex 35.550707918405536 111.89999999850988 3.617296828329563
      vertex 35.94385534971953 111.89999999850988 3.669055669009685
      vertex 56.399999998509884 111.89999999850988 1.6
    endloop
  endfacet
  facet normal 0 1 0
    outer loop
      vertex 35.94385534971953 111.89999999850988 3.669055669009685
      vertex 36.33099566102028 111.89999999850988 3.7548826098442074
      vertex 56.399999998509884 111.89999999850988 1.6
    endloop
  endfacet
  facet normal 0 1 0
    outer loop
      vertex 36.33099566102028 111.89999999850988 3.7548826098442074
      vertex 36.70918246805668 111.89999999850988 3.8741244509816166
      vertex 56.399999998509884 111.89999999850988 1.6
    endloop
  endfacet
  facet normal 0 1 0
    outer loop
      vertex 36.70918246805668 111.89999999850988 3.8741244509816166
      vertex 37.07553755193949 111.89999999850988 4.025873696804046
      vertex 56.399999998509884 111.89999999850988 1.6
    endloop
  endfacet
  facet normal 0 1 0
    outer loop
      vertex 37.07553755193949 111.89999999850988 4.025873696804046
      vertex 37.427272726595405 111.89999999850988 4.208975440263748
      vertex 56.399999998509884 111.89999999850988 1.6
    endloop
  endfacet
  facet normal 0 1 0
    outer loop
      vertex 37.427272726595405 111.89999999850988 4.208975440263748
      vertex 37.761711072921756 111.89999999850988 4.422036162018776
      vertex 56.399999998509884 111.89999999850988 1.6
    endloop
  endfacet
  facet normal 0 1 0
    outer loop
      vertex 37.761711072921756 111.89999999850988 4.422036162018776
      vertex 38.07630731612444 111.89999999850988 4.6634343475103375
      vertex 56.399999998509884 111.89999999850988 1.6
    endloop
  endfacet
  facet normal 0 1 0
    outer loop
      vertex 38.07630731612444 111.89999999850988 4.6634343475103375
      vertex 38.36866718232632 111.89999999850988 4.931332817673683
      vertex 56.399999998509884 111.89999999850988 1.6
    endloop
  endfacet
  facet normal 0 1 0
    outer loop
      vertex 38.36866718232632 111.89999999850988 4.931332817673683
      vertex 38.636565652489665 111.89999999850988 5.22369268387556
      vertex 56.399999998509884 111.89999999850988 1.6
    endloop
  endfacet
  facet normal 0 1 0
    outer loop
      vertex 38.636565652489665 111.89999999850988 5.22369268387556
      vertex 38.87796383798123 111.89999999850988 5.538288927078247
      vertex 56.399999998509884 111.89999999850988 1.6
    endloop
  endfacet
  facet normal 0 1 0
    outer loop
      vertex 38.87796383798123 111.89999999850988 5.538288927078247
      vertex 39.091024559736255 111.89999999850988 5.872727273404598
      vertex 56.399999998509884 111.89999999850988 1.6
    endloop
  endfacet
  facet normal 0 1 0
    outer loop
      vertex 39.091024559736255 111.89999999850988 5.872727273404598
      vertex 39.274126303195956 111.89999999850988 6.224462448060512
      vertex 56.399999998509884 111.89999999850988 1.6
    endloop
  endfacet
  facet normal 0 1 0
    outer loop
      vertex 39.274126303195956 111.89999999850988 6.224462448060512
      vertex 39.425875549018386 111.89999999850988 6.590817531943321
      vertex 56.399999998509884 111.89999999850988 1.6
    endloop
  endfacet
  facet normal 0 1 0
    outer loop
      vertex 39.425875549018386 111.89999999850988 6.590817531943321
      vertex 39.545117390155795 111.89999999850988 6.969004338979721
      vertex 56.399999998509884 111.89999999850988 1.6
    endloop
  endfacet
  facet normal 0 1 0
    outer loop
      vertex 39.545117390155795 111.89999999850988 6.969004338979721
      vertex 39.63094433099032 111.89999999850988 7.356144650280475
      vertex 56.399999998509884 111.89999999850988 1.6
    endloop
  endfacet
  facet normal 0 0 -1
    outer loop
      vertex 61.800000002980234 104.90000000447034 0
      vertex 59 85.9 0
      vertex 61.07653718292713 107.60000000745057 0
    endloop
  endfacet
  facet normal 0.7067700375344547 0.03085824105314691 -0.7067700354448055
    outer loop
      vertex 61.800000002980234 104.90000000447034 0
      vertex 61.779451376199724 105.3706410139799 0
      vertex 63.399999998509884 104.89999999850988 1.6
    endloop
  endfacet
  facet normal 0.70677003838318 0.03085824787319215 -0.7067700342983104
    outer loop
      vertex 63.399999998509884 104.89999999850988 1.6
      vertex 61.779451376199724 105.3706410139799 0
      vertex 63.37336288392544 105.51009019464254 1.6
    endloop
  endfacet
  facet normal 0.9990482214846608 0.04361938959151427 0
    outer loop
      vertex 63.399999998509884 104.89999999850988 1.6
      vertex 63.37336288392544 105.51009019464254 1.6
      vertex 63.37336288392544 105.51009019464254 13.299999999999999
    endloop
  endfacet
  facet normal 0 0 -1
    outer loop
      vertex 61.800000002980234 104.90000000447034 0
      vertex 61.6159994661808 106.2976228505373 0
      vertex 61.779451376199724 105.3706410139799 0
    endloop
  endfacet
  facet normal 0 0 -1
    outer loop
      vertex 61.779451376199724 105.3706410139799 0
      vertex 61.6159994661808 106.2976228505373 0
      vertex 61.71796186864376 105.83770016431808 0
    endloop
  endfacet
  facet normal 0.7013910896235481 0.09233989458051395 -0.7067700356307924
    outer loop
      vertex 61.779451376199724 105.3706410139799 0
      vertex 61.71796186864376 105.83770016431808 0
      vertex 63.29365427047014 106.11553724110126 1.6
    endloop
  endfacet
  facet normal 0.6906741348393752 0.1531187658651015 -0.7067700354456382
    outer loop
      vertex 61.6159994661808 106.2976228505373 0
      vertex 63.29365427047014 106.11553724110126 1.6
      vertex 61.71796186864376 105.83770016431808 0
    endloop
  endfacet
  facet normal 0 0 -1
    outer loop
      vertex 61.800000002980234 104.90000000447034 0
      vertex 61.07653718292713 107.60000000745057 0
      vertex 61.6159994661808 106.2976228505373 0
    endloop
  endfacet
  facet normal 0 0 -1
    outer loop
      vertex 61.29406205415726 107.18213862031698 0
      vertex 61.474340154230596 106.74690877497196 0
      vertex 61.6159994661808 106.2976228505373 0
    endloop
  endfacet
  facet normal 0.6747007286088803 0.212732328766593 -0.7067700355222964
    outer loop
      vertex 61.6159994661808 106.2976228505373 0
      vertex 61.474340154230596 106.74690877497196 0
      vertex 62.97784834355116 107.29414100199938 1.6
    endloop
  endfacet
  facet normal 0.7013910921621201 0.09233988632554939 -0.7067700341900559
    outer loop
      vertex 61.779451376199724 105.3706410139799 0
      vertex 63.29365427047014 106.11553724110126 1.6
      vertex 63.37336288392544 105.51009019464254 1.6
    endloop
  endfacet
  facet normal 0.6906741347022072 0.15311876856700196 -0.7067700349943271
    outer loop
      vertex 61.6159994661808 106.2976228505373 0
      vertex 63.1614807844162 106.71173331141472 1.6
      vertex 63.29365427047014 106.11553724110126 1.6
    endloop
  endfacet
  facet normal 0.6747007306222319 0.21273232483109944 -0.7067700347848526
    outer loop
      vertex 61.6159994661808 106.2976228505373 0
      vertex 62.97784834355116 107.29414100199938 1.6
      vertex 63.1614807844162 106.71173331141472 1.6
    endloop
  endfacet
  facet normal 0 0 -1
    outer loop
      vertex 61.29406205415726 107.18213862031698 0
      vertex 61.6159994661808 106.2976228505373 0
      vertex 61.07653718292713 107.60000000745057 0
    endloop
  endfacet
  facet normal 0 0 -1
    outer loop
      vertex 60.53663999438286 108.37105309814214 0
      vertex 61.07653718292713 107.60000000745057 0
      vertex 59.49731276035309 109.32342104464769 0
    endloop
  endfacet
  facet normal 0 0 -1
    outer loop
      vertex 60.53663999438286 108.37105309814214 0
      vertex 60.823421044647695 107.99731276035308 0
      vertex 61.07653718292713 107.60000000745057 0
    endloop
  endfacet
  facet normal 0.5612525563689987 0.43066423745292925 -0.7067700351234132
    outer loop
      vertex 60.53663999438286 108.37105309814214 0
      vertex 61.76231110095978 109.39951326698065 1.6
      vertex 60.823421044647695 107.99731276035308 0
    endloop
  endfacet
  facet normal 0.6535924492304094 0.2707268498007789 -0.706770035517877
    outer loop
      vertex 61.29406205415726 107.18213862031698 0
      vertex 62.97784834355116 107.29414100199938 1.6
      vertex 61.474340154230596 106.74690877497196 0
    endloop
  endfacet
  facet normal 0.6275099293373336 0.32666099519524944 -0.7067700353022216
    outer loop
      vertex 61.29406205415726 107.18213862031698 0
      vertex 61.07653718292713 107.60000000745057 0
      vertex 62.46217782795429 108.39999999850988 1.6
    endloop
  endfacet
  facet normal 0.5966516846380244 0.38010904309068455 -0.7067700351453022
    outer loop
      vertex 60.823421044647695 107.99731276035308 0
      vertex 62.46217782795429 108.39999999850988 1.6
      vertex 61.07653718292713 107.60000000745057 0
    endloop
  endfacet
  facet normal 0.6535924470677313 0.2707268592387927 -0.7067700339026223
    outer loop
      vertex 61.29406205415726 107.18213862031698 0
      vertex 62.74415450543165 107.85832782834768 1.6
      vertex 62.97784834355116 107.29414100199938 1.6
    endloop
  endfacet
  facet normal 0.6275099345620724 0.3266609882853386 -0.7067700338570879
    outer loop
      vertex 61.29406205415726 107.18213862031698 0
      vertex 62.46217782795429 108.39999999850988 1.6
      vertex 62.74415450543165 107.85832782834768 1.6
    endloop
  endfacet
  facet normal 0.5966516836526491 0.3801090454226844 -0.7067700347229746
    outer loop
      vertex 60.823421044647695 107.99731276035308 0
      vertex 62.13406430929899 108.91503505408764 1.6
      vertex 62.46217782795429 108.39999999850988 1.6
    endloop
  endfacet
  facet normal 0 0 -1
    outer loop
      vertex 56.87064101397991 110.27945137619972 0
      vertex 57.337700164318086 110.21796186864375 0
      vertex 57.7976228505373 110.1159994661808 0
    endloop
  endfacet
  facet normal 0 0 -1
    outer loop
      vertex 56.87064101397991 110.27945137619972 0
      vertex 59.49731276035309 109.32342104464769 0
      vertex 61.07653718292713 107.60000000745057 0
    endloop
  endfacet
  facet normal 0 0 -1
    outer loop
      vertex 56.87064101397991 110.27945137619972 0
      vertex 58.24690877497196 109.97434015423059 0
      vertex 59.49731276035309 109.32342104464769 0
    endloop
  endfacet
  facet normal 0 0 -1
    outer loop
      vertex 56.87064101397991 110.27945137619972 0
      vertex 57.7976228505373 110.1159994661808 0
      vertex 58.24690877497196 109.97434015423059 0
    endloop
  endfacet
  facet normal 0 0 -1
    outer loop
      vertex 58.24690877497196 109.97434015423059 0
      vertex 58.682138620316984 109.79406205415725 0
      vertex 59.49731276035309 109.32342104464769 0
    endloop
  endfacet
  facet normal 0 0 -1
    outer loop
      vertex 58.682138620316984 109.79406205415725 0
      vertex 59.10000000745058 109.57653718292713 0
      vertex 59.49731276035309 109.32342104464769 0
    endloop
  endfacet
  facet normal 0.32666099519524916 0.6275099293373332 -0.7067700353022224
    outer loop
      vertex 58.682138620316984 109.79406205415725 0
      vertex 59.899999998509884 110.96217782795429 1.6
      vertex 59.10000000745058 109.57653718292713 0
    endloop
  endfacet
  facet normal 0.03085824105314684 0.706770037534453 -0.7067700354448069
    outer loop
      vertex 56.40000000447035 110.30000000298023 0
      vertex 56.399999998509884 111.89999999850988 1.6
      vertex 56.87064101397991 110.27945137619972 0
    endloop
  endfacet
  facet normal 0.09233989458051378 0.7013910896235468 -0.7067700356307938
    outer loop
      vertex 56.87064101397991 110.27945137619972 0
      vertex 57.615537241101265 111.79365427047014 1.6
      vertex 57.337700164318086 110.21796186864375 0
    endloop
  endfacet
  facet normal 0.2127323287665927 0.6747007286088793 -0.7067700355222974
    outer loop
      vertex 57.7976228505373 110.1159994661808 0
      vertex 58.79414100199938 111.47784834355116 1.6
      vertex 58.24690877497196 109.97434015423059 0
    endloop
  endfacet
  facet normal 0.15311876586510126 0.6906741348393741 -0.7067700354456394
    outer loop
      vertex 57.337700164318086 110.21796186864375 0
      vertex 57.615537241101265 111.79365427047014 1.6
      vertex 57.7976228505373 110.1159994661808 0
    endloop
  endfacet
  facet normal 0.2707268498007786 0.6535924492304087 -0.7067700355178779
    outer loop
      vertex 58.24690877497196 109.97434015423059 0
      vertex 58.79414100199938 111.47784834355116 1.6
      vertex 58.682138620316984 109.79406205415725 0
    endloop
  endfacet
  facet normal 0.030858247873191927 0.7067700383831786 -0.7067700342983119
    outer loop
      vertex 56.87064101397991 110.27945137619972 0
      vertex 56.399999998509884 111.89999999850988 1.6
      vertex 57.010090194642544 111.87336288392544 1.6
    endloop
  endfacet
  facet normal 0.09233988632554939 0.7013910921621188 -0.7067700341900572
    outer loop
      vertex 56.87064101397991 110.27945137619972 0
      vertex 57.010090194642544 111.87336288392544 1.6
      vertex 57.615537241101265 111.79365427047014 1.6
    endloop
  endfacet
  facet normal 0.21273232483109902 0.674700730622231 -0.7067700347848538
    outer loop
      vertex 57.7976228505373 110.1159994661808 0
      vertex 58.21173331141472 111.6614807844162 1.6
      vertex 58.79414100199938 111.47784834355116 1.6
    endloop
  endfacet
  facet normal 0.32666098828533824 0.6275099345620719 -0.7067700338570886
    outer loop
      vertex 58.682138620316984 109.79406205415725 0
      vertex 59.35832782834768 111.24415450543165 1.6
      vertex 59.899999998509884 110.96217782795429 1.6
    endloop
  endfacet
  facet normal 0.2707268592387926 0.6535924470677306 -0.706770033902623
    outer loop
      vertex 58.682138620316984 109.79406205415725 0
      vertex 58.79414100199938 111.47784834355116 1.6
      vertex 59.35832782834768 111.24415450543165 1.6
    endloop
  endfacet
  facet normal 0.1531187685670016 0.6906741347022061 -0.7067700349943283
    outer loop
      vertex 57.7976228505373 110.1159994661808 0
      vertex 57.615537241101265 111.79365427047014 1.6
      vertex 58.21173331141472 111.6614807844162 1.6
    endloop
  endfacet
  facet normal 0 0 -1
    outer loop
      vertex 60.53663999438286 108.37105309814214 0
      vertex 59.87105309814215 109.03663999438285 0
      vertex 60.21837662011385 108.71837662011384 0
    endloop
  endfacet
  facet normal 0 0 -1
    outer loop
      vertex 60.53663999438286 108.37105309814214 0
      vertex 59.49731276035309 109.32342104464769 0
      vertex 59.87105309814215 109.03663999438285 0
    endloop
  endfacet
  facet normal 0.47794181426190635 0.5215819589931218 -0.7067700349002742
    outer loop
      vertex 59.87105309814215 109.03663999438285 0
      vertex 60.89951326698065 110.26231110095978 1.6
      vertex 60.21837662011385 108.71837662011384 0
    endloop
  endfacet
  facet normal 0.5215819589931219 0.47794181426190646 -0.7067700349002742
    outer loop
      vertex 60.53663999438286 108.37105309814214 0
      vertex 60.21837662011385 108.71837662011384 0
      vertex 61.76231110095978 109.39951326698065 1.6
    endloop
  endfacet
  facet normal 0.4306642374529291 0.5612525563689985 -0.7067700351234135
    outer loop
      vertex 59.87105309814215 109.03663999438285 0
      vertex 59.49731276035309 109.32342104464769 0
      vertex 60.89951326698065 110.26231110095978 1.6
    endloop
  endfacet
  facet normal 0.3801090430906843 0.5966516846380239 -0.7067700351453026
    outer loop
      vertex 59.10000000745058 109.57653718292713 0
      vertex 59.899999998509884 110.96217782795429 1.6
      vertex 59.49731276035309 109.32342104464769 0
    endloop
  endfacet
  facet normal 0.5215819581379143 0.4779418155835395 -0.7067700346376669
    outer loop
      vertex 60.21837662011385 108.71837662011384 0
      vertex 61.34974746406078 109.84974746406078 1.6
      vertex 61.76231110095978 109.39951326698065 1.6
    endloop
  endfacet
  facet normal 0.43066423564460277 0.5612525583145634 -0.7067700346803106
    outer loop
      vertex 59.49731276035309 109.32342104464769 0
      vertex 60.41503505408764 110.63406430929899 1.6
      vertex 60.89951326698065 110.26231110095978 1.6
    endloop
  endfacet
  facet normal 0.4779418155835395 0.5215819581379143 -0.706770034637667
    outer loop
      vertex 60.21837662011385 108.71837662011384 0
      vertex 60.89951326698065 110.26231110095978 1.6
      vertex 61.34974746406078 109.84974746406078 1.6
    endloop
  endfacet
  facet normal 0.5612525583145637 0.430664235644603 -0.7067700346803103
    outer loop
      vertex 60.823421044647695 107.99731276035308 0
      vertex 61.76231110095978 109.39951326698065 1.6
      vertex 62.13406430929899 108.91503505408764 1.6
    endloop
  endfacet
  facet normal 0.38010904542268437 0.5966516836526485 -0.7067700347229751
    outer loop
      vertex 59.49731276035309 109.32342104464769 0
      vertex 59.899999998509884 110.96217782795429 1.6
      vertex 60.41503505408764 110.63406430929899 1.6
    endloop
  endfacet
  facet normal 0 1 0
    outer loop
      vertex 39.63094433099032 111.89999999850988 7.356144650280475
      vertex 56.399999998509884 111.89999999850988 13.299999999999999
      vertex 56.399999998509884 111.89999999850988 1.6
    endloop
  endfacet
  facet normal 0.991444861875602 0.13052618840856667 0
    outer loop
      vertex 63.37336288392544 105.51009019464254 1.6
      vertex 63.29365427047014 106.11553724110126 1.6
      vertex 63.37336288392544 105.51009019464254 13.299999999999999
    endloop
  endfacet
  facet normal 0.976296007335593 0.2164396129653254 0
    outer loop
      vertex 63.29365427047014 106.11553724110126 1.6
      vertex 63.1614807844162 106.71173331141472 1.6
      vertex 63.1614807844162 106.71173331141472 13.299999999999999
    endloop
  endfacet
  facet normal 0.9537169500954956 0.30070580157447224 0
    outer loop
      vertex 62.97784834355116 107.29414100199938 1.6
      vertex 62.97784834355116 107.29414100199938 13.299999999999999
      vertex 63.1614807844162 106.71173331141472 1.6
    endloop
  endfacet
  facet normal 0.9238795308127357 0.3826834364657549 0
    outer loop
      vertex 62.74415450543165 107.85832782834768 1.6
      vertex 62.97784834355116 107.29414100199938 13.299999999999999
      vertex 62.97784834355116 107.29414100199938 1.6
    endloop
  endfacet
  facet normal 0.843391444719553 0.5372996100630122 0
    outer loop
      vertex 62.46217782795429 108.39999999850988 1.6
      vertex 62.13406430929899 108.91503505408764 1.6
      vertex 62.46217782795429 108.39999999850988 13.299999999999999
    endloop
  endfacet
  facet normal 0.887010837544425 0.46174860484763514 0
    outer loop
      vertex 62.46217782795429 108.39999999850988 1.6
      vertex 62.46217782795429 108.39999999850988 13.299999999999999
      vertex 62.74415450543165 107.85832782834768 1.6
    endloop
  endfacet
  facet normal 0.04361938959151427 0.9990482214846608 0
    outer loop
      vertex 56.399999998509884 111.89999999850988 1.6
      vertex 57.010090194642544 111.87336288392544 13.299999999999999
      vertex 57.010090194642544 111.87336288392544 1.6
    endloop
  endfacet
  facet normal 0.13052618840856667 0.991444861875602 0
    outer loop
      vertex 57.010090194642544 111.87336288392544 1.6
      vertex 57.010090194642544 111.87336288392544 13.299999999999999
      vertex 57.615537241101265 111.79365427047014 1.6
    endloop
  endfacet
  facet normal 0.30070580157447224 0.9537169500954956 0
    outer loop
      vertex 58.21173331141472 111.6614807844162 1.6
      vertex 58.21173331141472 111.6614807844162 13.299999999999999
      vertex 58.79414100199938 111.47784834355116 1.6
    endloop
  endfacet
  facet normal 0.2164396129653254 0.976296007335593 0
    outer loop
      vertex 57.615537241101265 111.79365427047014 1.6
      vertex 58.21173331141472 111.6614807844162 13.299999999999999
      vertex 58.21173331141472 111.6614807844162 1.6
    endloop
  endfacet
  facet normal 0.3826834364657549 0.9238795308127357 0
    outer loop
      vertex 58.79414100199938 111.47784834355116 1.6
      vertex 59.35832782834768 111.24415450543165 13.299999999999999
      vertex 59.35832782834768 111.24415450543165 1.6
    endloop
  endfacet
  facet normal 0.675590213406644 0.7372773315036651 0
    outer loop
      vertex 61.34974746406078 109.84974746406078 1.6
      vertex 60.89951326698065 110.26231110095978 1.6
      vertex 61.34974746406078 109.84974746406078 13.299999999999999
    endloop
  endfacet
  facet normal 0.7933533398969127 0.6087614295226117 0
    outer loop
      vertex 61.76231110095978 109.39951326698065 1.6
      vertex 62.13406430929899 108.91503505408764 13.299999999999999
      vertex 62.13406430929899 108.91503505408764 1.6
    endloop
  endfacet
  facet normal 0.7372773315036651 0.675590213406644 0
    outer loop
      vertex 61.34974746406078 109.84974746406078 1.6
      vertex 61.34974746406078 109.84974746406078 13.299999999999999
      vertex 61.76231110095978 109.39951326698065 1.6
    endloop
  endfacet
  facet normal 0.46174860484763514 0.887010837544425 0
    outer loop
      vertex 59.35832782834768 111.24415450543165 1.6
      vertex 59.899999998509884 110.96217782795429 13.299999999999999
      vertex 59.899999998509884 110.96217782795429 1.6
    endloop
  endfacet
  facet normal 0.5372996100630122 0.843391444719553 0
    outer loop
      vertex 59.899999998509884 110.96217782795429 1.6
      vertex 59.899999998509884 110.96217782795429 13.299999999999999
      vertex 60.41503505408764 110.63406430929899 1.6
    endloop
  endfacet
  facet normal 0.6087614295226117 0.7933533398969127 0
    outer loop
      vertex 60.41503505408764 110.63406430929899 1.6
      vertex 60.41503505408764 110.63406430929899 13.299999999999999
      vertex 60.89951326698065 110.26231110095978 1.6
    endloop
  endfacet
  facet normal 0 1 0
    outer loop
      vertex 39.63094433099032 111.89999999850988 7.356144650280475
      vertex 39.68270317167044 111.89999999850988 7.749292081594467
      vertex 56.399999998509884 111.89999999850988 13.299999999999999
    endloop
  endfacet
  facet normal 0 1 0
    outer loop
      vertex 39.68270317167044 111.89999999850988 7.749292081594467
      vertex 39.7 111.89999999850988 8.145454546809196
      vertex 56.399999998509884 111.89999999850988 13.299999999999999
    endloop
  endfacet
  facet normal 0 1 0
    outer loop
      vertex 39.7 111.89999999850988 8.145454546809196
      vertex 39.7 111.89999999850988 9.054545453190803
      vertex 56.399999998509884 111.89999999850988 13.299999999999999
    endloop
  endfacet
  facet normal 0 1 0
    outer loop
      vertex 39.7 111.89999999850988 9.054545453190803
      vertex 39.68270317167044 111.89999999850988 9.450707918405532
      vertex 56.399999998509884 111.89999999850988 13.299999999999999
    endloop
  endfacet
  facet normal 0 1 0
    outer loop
      vertex 39.68270317167044 111.89999999850988 9.450707918405532
      vertex 39.63094433099032 111.89999999850988 9.843855349719524
      vertex 56.399999998509884 111.89999999850988 13.299999999999999
    endloop
  endfacet
  facet normal 0 1 0
    outer loop
      vertex 39.545117390155795 111.89999999850988 10.230995661020279
      vertex 56.399999998509884 111.89999999850988 13.299999999999999
      vertex 39.63094433099032 111.89999999850988 9.843855349719524
    endloop
  endfacet
  facet normal 0 1 0
    outer loop
      vertex 39.545117390155795 111.89999999850988 10.230995661020279
      vertex 39.425875549018386 111.89999999850988 10.609182468056678
      vertex 56.399999998509884 111.89999999850988 13.299999999999999
    endloop
  endfacet
  facet normal 0 1 0
    outer loop
      vertex 39.425875549018386 111.89999999850988 10.609182468056678
      vertex 39.274126303195956 111.89999999850988 10.975537551939487
      vertex 56.399999998509884 111.89999999850988 13.299999999999999
    endloop
  endfacet
  facet normal 0 1 0
    outer loop
      vertex 39.274126303195956 111.89999999850988 10.975537551939487
      vertex 39.091024559736255 111.89999999850988 11.327272726595401
      vertex 56.399999998509884 111.89999999850988 13.299999999999999
    endloop
  endfacet
  facet normal 0 1 0
    outer loop
      vertex 39.091024559736255 111.89999999850988 11.327272726595401
      vertex 38.87796383798123 111.89999999850988 11.661711072921753
      vertex 56.399999998509884 111.89999999850988 13.299999999999999
    endloop
  endfacet
  facet normal 0 1 0
    outer loop
      vertex 38.636565652489665 111.89999999850988 11.976307316124439
      vertex 38.36866718232632 111.89999999850988 12.268667182326316
      vertex 56.399999998509884 111.89999999850988 13.299999999999999
    endloop
  endfacet
  facet normal 0 1 0
    outer loop
      vertex 38.87796383798123 111.89999999850988 11.661711072921753
      vertex 38.636565652489665 111.89999999850988 11.976307316124439
      vertex 56.399999998509884 111.89999999850988 13.299999999999999
    endloop
  endfacet
  facet normal 0 1 0
    outer loop
      vertex 38.36866718232632 111.89999999850988 12.268667182326316
      vertex 38.07630731612444 111.89999999850988 12.536565652489662
      vertex 56.399999998509884 111.89999999850988 13.299999999999999
    endloop
  endfacet
  facet normal 0 1 0
    outer loop
      vertex 38.07630731612444 111.89999999850988 12.536565652489662
      vertex 37.761711072921756 111.89999999850988 12.777963837981224
      vertex 56.399999998509884 111.89999999850988 13.299999999999999
    endloop
  endfacet
  facet normal 0 1 0
    outer loop
      vertex 37.427272726595405 111.89999999850988 12.991024559736251
      vertex 56.399999998509884 111.89999999850988 13.299999999999999
      vertex 37.761711072921756 111.89999999850988 12.777963837981224
    endloop
  endfacet
  facet normal 0 0 1
    outer loop
      vertex 6.9999999985098835 110.30000000298023 14.899999999999999
      vertex 56.400000002980235 107.7 14.899999999999999
      vertex 60.823421044647695 107.99731276035308 14.899999999999999
    endloop
  endfacet
  facet normal 0 0 1
    outer loop
      vertex 6.9999999985098835 110.30000000298023 14.899999999999999
      vertex 60.823421044647695 107.99731276035308 14.899999999999999
      vertex 56.40000000447035 110.30000000298023 14.899999999999999
    endloop
  endfacet
  facet normal 0 0.707106782174363 0.7071067801987321
    outer loop
      vertex 28.26004696515362 111.76051660467473 13.43948339422486
      vertex 56.40000000447035 110.30000000298023 14.899999999999999
      vertex 35.13995303484638 111.76051660467473 13.43948339422486
    endloop
  endfacet
  facet normal 0 1 0
    outer loop
      vertex 37.07553755193949 111.89999999850988 13.174126303195953
      vertex 36.77165156884046 111.89999999850988 13.299999999999999
      vertex 56.399999998509884 111.89999999850988 13.299999999999999
    endloop
  endfacet
  facet normal -9.473650049541256e-14 0.7071067821736735 0.7071067801994215
    outer loop
      vertex 35.13995303484638 111.76051660467473 13.43948339422486
      vertex 56.40000000447035 110.30000000298023 14.899999999999999
      vertex 35.169561584065434 111.76109253916921 13.438907459728778
    endloop
  endfacet
  facet normal -2.2841825127237674e-15 0.7071067821743451 0.7071067801987498
    outer loop
      vertex 35.169561584065434 111.76109253916921 13.438907459728778
      vertex 56.40000000447035 110.30000000298023 14.899999999999999
      vertex 35.52497701686889 111.76800595101439 13.431994047864288
    endloop
  endfacet
  facet normal -1.2395613953901747e-15 0.7071067821743526 0.7071067801987425
    outer loop
      vertex 35.52497701686889 111.76800595101439 13.431994047864288
      vertex 56.40000000447035 110.30000000298023 14.899999999999999
      vertex 35.88986039654997 111.78923204246085 13.41076795635852
    endloop
  endfacet
  facet normal 8.077322629812198e-14 0.7071067821749174 0.7071067801981777
    outer loop
      vertex 35.88986039654997 111.78923204246085 13.41076795635852
      vertex 56.40000000447035 110.30000000298023 14.899999999999999
      vertex 35.91319780023295 111.79058963205118 13.409410366764394
    endloop
  endfacet
  facet normal -5.980667141119438e-17 0.7071067821743618 0.7071067801987332
    outer loop
      vertex 35.91319780023295 111.79058963205118 13.409410366764394
      vertex 56.40000000447035 110.30000000298023 14.899999999999999
      vertex 36.29153683346999 111.82720192645138 13.3727980722619
    endloop
  endfacet
  facet normal 1.1269730983943777e-13 0.7071067821751026 0.7071067801979924
    outer loop
      vertex 36.30617422716046 111.82861840354624 13.371381595163081
      vertex 56.40000000447035 110.30000000298023 14.899999999999999
      vertex 36.31994979904598 111.83048351809428 13.369516480609825
    endloop
  endfacet
  facet normal -3.4761928690067634e-14 0.7071067821741335 0.7071067801989616
    outer loop
      vertex 36.30617422716046 111.82861840354624 13.371381595163081
      vertex 36.29153683346999 111.82720192645138 13.3727980722619
      vertex 56.40000000447035 110.30000000298023 14.899999999999999
    endloop
  endfacet
  facet normal 3.281568692960664e-15 0.707106782174383 0.707106780198712
    outer loop
      vertex 36.77165156884046 111.89999999850988 13.299999999999999
      vertex 36.74750943697488 111.89000000000001 13.309999998537808
      vertex 56.40000000447035 110.30000000298023 14.899999999999999
    endloop
  endfacet
  facet normal -2.7532546985542322e-14 0.7071067821741926 0.7071067801989024
    outer loop
      vertex 36.70554094313913 111.88268982075402 13.317310177804218
      vertex 56.40000000447035 110.30000000298023 14.899999999999999
      vertex 36.74750943697488 111.89000000000001 13.309999998537808
    endloop
  endfacet
  facet normal 1.96054535380954e-15 0.7071067821743762 0.7071067801987189
    outer loop
      vertex 36.31994979904598 111.83048351809428 13.369516480609825
      vertex 56.40000000447035 110.30000000298023 14.899999999999999
      vertex 36.70554094313913 111.88268982075402 13.317310177804218
    endloop
  endfacet
  facet normal 0 1 0
    outer loop
      vertex 37.427272726595405 111.89999999850988 12.991024559736251
      vertex 37.07553755193949 111.89999999850988 13.174126303195953
      vertex 56.399999998509884 111.89999999850988 13.299999999999999
    endloop
  endfacet
  facet normal 0.9990482214846608 0.04361938959151427 0
    outer loop
      vertex 63.399999998509884 104.89999999850988 1.6
      vertex 63.37336288392544 105.51009019464254 13.299999999999999
      vertex 63.399999998509884 104.89999999850988 13.299999999999999
    endloop
  endfacet
  facet normal 0 0 1
    outer loop
      vertex 59.2 104.90000000298024 14.899999999999999
      vertex 61.800000002980234 85.9 14.899999999999999
      vertex 60.823421044647695 107.99731276035308 14.899999999999999
    endloop
  endfacet
  facet normal 0 0 1
    outer loop
      vertex 61.800000002980234 104.90000000447034 14.899999999999999
      vertex 60.823421044647695 107.99731276035308 14.899999999999999
      vertex 61.800000002980234 85.9 14.899999999999999
    endloop
  endfacet
  facet normal 0.70677003838318 0.030858247873192142 0.7067700342983105
    outer loop
      vertex 63.399999998509884 104.89999999850988 13.299999999999999
      vertex 63.37336288392544 105.51009019464254 13.299999999999999
      vertex 61.779451376199724 105.3706410139799 14.899999999999999
    endloop
  endfacet
  facet normal 0.7067700375344546 0.030858241053146863 0.7067700354448055
    outer loop
      vertex 63.399999998509884 104.89999999850988 13.299999999999999
      vertex 61.779451376199724 105.3706410139799 14.899999999999999
      vertex 61.800000002980234 104.90000000447034 14.899999999999999
    endloop
  endfacet
  facet normal 0.991444861875602 0.13052618840856667 0
    outer loop
      vertex 63.29365427047014 106.11553724110126 1.6
      vertex 63.29365427047014 106.11553724110126 13.299999999999999
      vertex 63.37336288392544 105.51009019464254 13.299999999999999
    endloop
  endfacet
  facet normal 0.976296007335593 0.2164396129653254 0
    outer loop
      vertex 63.29365427047014 106.11553724110126 1.6
      vertex 63.1614807844162 106.71173331141472 13.299999999999999
      vertex 63.29365427047014 106.11553724110126 13.299999999999999
    endloop
  endfacet
  facet normal 0.9537169500954956 0.30070580157447224 0
    outer loop
      vertex 63.1614807844162 106.71173331141472 1.6
      vertex 62.97784834355116 107.29414100199938 13.299999999999999
      vertex 63.1614807844162 106.71173331141472 13.299999999999999
    endloop
  endfacet
  facet normal 0.9238795308127357 0.3826834364657549 0
    outer loop
      vertex 62.74415450543165 107.85832782834768 1.6
      vertex 62.74415450543165 107.85832782834768 13.299999999999999
      vertex 62.97784834355116 107.29414100199938 13.299999999999999
    endloop
  endfacet
  facet normal 0.887010837544425 0.46174860484763514 0
    outer loop
      vertex 62.74415450543165 107.85832782834768 1.6
      vertex 62.46217782795429 108.39999999850988 13.299999999999999
      vertex 62.74415450543165 107.85832782834768 13.299999999999999
    endloop
  endfacet
  facet normal 0.04361938959151427 0.9990482214846608 0
    outer loop
      vertex 56.399999998509884 111.89999999850988 1.6
      vertex 56.399999998509884 111.89999999850988 13.299999999999999
      vertex 57.010090194642544 111.87336288392544 13.299999999999999
    endloop
  endfacet
  facet normal 0.13052618840856667 0.991444861875602 0
    outer loop
      vertex 57.615537241101265 111.79365427047014 1.6
      vertex 57.010090194642544 111.87336288392544 13.299999999999999
      vertex 57.615537241101265 111.79365427047014 13.299999999999999
    endloop
  endfacet
  facet normal 0.2164396129653254 0.976296007335593 0
    outer loop
      vertex 57.615537241101265 111.79365427047014 1.6
      vertex 57.615537241101265 111.79365427047014 13.299999999999999
      vertex 58.21173331141472 111.6614807844162 13.299999999999999
    endloop
  endfacet
  facet normal 0.3826834364657549 0.9238795308127357 0
    outer loop
      vertex 58.79414100199938 111.47784834355116 1.6
      vertex 58.79414100199938 111.47784834355116 13.299999999999999
      vertex 59.35832782834768 111.24415450543165 13.299999999999999
    endloop
  endfacet
  facet normal 0.30070580157447224 0.9537169500954956 0
    outer loop
      vertex 58.79414100199938 111.47784834355116 1.6
      vertex 58.21173331141472 111.6614807844162 13.299999999999999
      vertex 58.79414100199938 111.47784834355116 13.299999999999999
    endloop
  endfacet
  facet normal 0.675590213406644 0.7372773315036651 0
    outer loop
      vertex 60.89951326698065 110.26231110095978 1.6
      vertex 60.89951326698065 110.26231110095978 13.299999999999999
      vertex 61.34974746406078 109.84974746406078 13.299999999999999
    endloop
  endfacet
  facet normal 0.843391444719553 0.5372996100630122 0
    outer loop
      vertex 62.13406430929899 108.91503505408764 1.6
      vertex 62.13406430929899 108.91503505408764 13.299999999999999
      vertex 62.46217782795429 108.39999999850988 13.299999999999999
    endloop
  endfacet
  facet normal 0.7933533398969127 0.6087614295226117 0
    outer loop
      vertex 61.76231110095978 109.39951326698065 1.6
      vertex 61.76231110095978 109.39951326698065 13.299999999999999
      vertex 62.13406430929899 108.91503505408764 13.299999999999999
    endloop
  endfacet
  facet normal 0.7372773315036651 0.675590213406644 0
    outer loop
      vertex 61.76231110095978 109.39951326698065 1.6
      vertex 61.34974746406078 109.84974746406078 13.299999999999999
      vertex 61.76231110095978 109.39951326698065 13.299999999999999
    endloop
  endfacet
  facet normal 0.5372996100630122 0.843391444719553 0
    outer loop
      vertex 60.41503505408764 110.63406430929899 1.6
      vertex 59.899999998509884 110.96217782795429 13.299999999999999
      vertex 60.41503505408764 110.63406430929899 13.299999999999999
    endloop
  endfacet
  facet normal 0.6087614295226117 0.7933533398969127 0
    outer loop
      vertex 60.89951326698065 110.26231110095978 1.6
      vertex 60.41503505408764 110.63406430929899 13.299999999999999
      vertex 60.89951326698065 110.26231110095978 13.299999999999999
    endloop
  endfacet
  facet normal 0.46174860484763514 0.887010837544425 0
    outer loop
      vertex 59.35832782834768 111.24415450543165 1.6
      vertex 59.35832782834768 111.24415450543165 13.299999999999999
      vertex 59.899999998509884 110.96217782795429 13.299999999999999
    endloop
  endfacet
  facet normal 0 0.7071067821743628 0.7071067801987321
    outer loop
      vertex 36.77165156884046 111.89999999850988 13.299999999999999
      vertex 56.40000000447035 110.30000000298023 14.899999999999999
      vertex 56.399999998509884 111.89999999850988 13.299999999999999
    endloop
  endfacet
  facet normal 0 0 1
    outer loop
      vertex 56.400000002980235 107.7 14.899999999999999
      vertex 56.6440360814333 107.68934515565634 14.899999999999999
      vertex 60.823421044647695 107.99731276035308 14.899999999999999
    endloop
  endfacet
  facet normal 0 0 1
    outer loop
      vertex 56.6440360814333 107.68934515565634 14.899999999999999
      vertex 56.886214901506904 107.65746171474457 14.899999999999999
      vertex 60.823421044647695 107.99731276035308 14.899999999999999
    endloop
  endfacet
  facet normal 0 0 1
    outer loop
      vertex 57.1246933311224 107.60459231287241 14.899999999999999
      vertex 57.3576564013958 107.53113934099675 14.899999999999999
      vertex 60.823421044647695 107.99731276035308 14.899999999999999
    endloop
  endfacet
  facet normal 0 0 1
    outer loop
      vertex 56.886214901506904 107.65746171474457 14.899999999999999
      vertex 57.1246933311224 107.60459231287241 14.899999999999999
      vertex 60.823421044647695 107.99731276035308 14.899999999999999
    endloop
  endfacet
  facet normal 0 0 1
    outer loop
      vertex 58.69362573027611 106.50601402372122 14.899999999999999
      vertex 60.823421044647695 107.99731276035308 14.899999999999999
      vertex 58.54492444247008 106.69980530887842 14.899999999999999
    endloop
  endfacet
  facet normal 0 0 1
    outer loop
      vertex 58.37989899218083 106.87989899218083 14.899999999999999
      vertex 58.54492444247008 106.69980530887842 14.899999999999999
      vertex 60.823421044647695 107.99731276035308 14.899999999999999
    endloop
  endfacet
  facet normal 0 0 1
    outer loop
      vertex 58.199805308878425 107.04492444247008 14.899999999999999
      vertex 58.37989899218083 106.87989899218083 14.899999999999999
      vertex 60.823421044647695 107.99731276035308 14.899999999999999
    endloop
  endfacet
  facet normal 0 0 1
    outer loop
      vertex 58.00601402372122 107.19362573027611 14.899999999999999
      vertex 58.199805308878425 107.04492444247008 14.899999999999999
      vertex 60.823421044647695 107.99731276035308 14.899999999999999
    endloop
  endfacet
  facet normal 0 0 1
    outer loop
      vertex 57.80000000149012 107.324871134758 14.899999999999999
      vertex 58.00601402372122 107.19362573027611 14.899999999999999
      vertex 60.823421044647695 107.99731276035308 14.899999999999999
    endloop
  endfacet
  facet normal 0 0 1
    outer loop
      vertex 57.583331134915355 107.43766180872917 14.899999999999999
      vertex 57.80000000149012 107.324871134758 14.899999999999999
      vertex 60.823421044647695 107.99731276035308 14.899999999999999
    endloop
  endfacet
  facet normal 0 0 1
    outer loop
      vertex 57.3576564013958 107.53113934099675 14.899999999999999
      vertex 57.583331134915355 107.43766180872917 14.899999999999999
      vertex 60.823421044647695 107.99731276035308 14.899999999999999
    endloop
  endfacet
  facet normal 0.7013910921621201 0.09233988632554953 0.7067700341900559
    outer loop
      vertex 63.37336288392544 105.51009019464254 13.299999999999999
      vertex 63.29365427047014 106.11553724110126 13.299999999999999
      vertex 61.779451376199724 105.3706410139799 14.899999999999999
    endloop
  endfacet
  facet normal 0.6906741347022071 0.15311876856700196 0.7067700349943271
    outer loop
      vertex 63.29365427047014 106.11553724110126 13.299999999999999
      vertex 63.1614807844162 106.71173331141472 13.299999999999999
      vertex 61.6159994661808 106.2976228505373 14.899999999999999
    endloop
  endfacet
  facet normal 0.674700730622232 0.21273232483109933 0.7067700347848528
    outer loop
      vertex 62.97784834355116 107.29414100199938 13.299999999999999
      vertex 61.6159994661808 106.2976228505373 14.899999999999999
      vertex 63.1614807844162 106.71173331141472 13.299999999999999
    endloop
  endfacet
  facet normal 0 0 1
    outer loop
      vertex 59.2 104.90000000298024 14.899999999999999
      vertex 60.823421044647695 107.99731276035308 14.899999999999999
      vertex 59.18934515565634 105.1440360814333 14.899999999999999
    endloop
  endfacet
  facet normal 0 0 1
    outer loop
      vertex 59.18934515565634 105.1440360814333 14.899999999999999
      vertex 60.823421044647695 107.99731276035308 14.899999999999999
      vertex 59.15746171474457 105.3862149015069 14.899999999999999
    endloop
  endfacet
  facet normal 0 0 1
    outer loop
      vertex 59.15746171474457 105.3862149015069 14.899999999999999
      vertex 60.823421044647695 107.99731276035308 14.899999999999999
      vertex 59.10459231287241 105.6246933311224 14.899999999999999
    endloop
  endfacet
  facet normal 0 0 1
    outer loop
      vertex 59.10459231287241 105.6246933311224 14.899999999999999
      vertex 60.823421044647695 107.99731276035308 14.899999999999999
      vertex 59.031139340996745 105.8576564013958 14.899999999999999
    endloop
  endfacet
  facet normal 0 0 1
    outer loop
      vertex 58.937661808729175 106.08333113491535 14.899999999999999
      vertex 59.031139340996745 105.8576564013958 14.899999999999999
      vertex 60.823421044647695 107.99731276035308 14.899999999999999
    endloop
  endfacet
  facet normal 0 0 1
    outer loop
      vertex 58.937661808729175 106.08333113491535 14.899999999999999
      vertex 60.823421044647695 107.99731276035308 14.899999999999999
      vertex 58.824871134758 106.30000000149012 14.899999999999999
    endloop
  endfacet
  facet normal 0 0 1
    outer loop
      vertex 58.69362573027611 106.50601402372122 14.899999999999999
      vertex 58.824871134758 106.30000000149012 14.899999999999999
      vertex 60.823421044647695 107.99731276035308 14.899999999999999
    endloop
  endfacet
  facet normal 0 0 1
    outer loop
      vertex 61.800000002980234 104.90000000447034 14.899999999999999
      vertex 61.6159994661808 106.2976228505373 14.899999999999999
      vertex 60.823421044647695 107.99731276035308 14.899999999999999
    endloop
  endfacet
  facet normal 0.7013910896235479 0.09233989458051386 0.7067700356307924
    outer loop
      vertex 63.29365427047014 106.11553724110126 13.299999999999999
      vertex 61.71796186864376 105.83770016431808 14.899999999999999
      vertex 61.779451376199724 105.3706410139799 14.899999999999999
    endloop
  endfacet
  facet normal 0.6906741348393751 0.1531187658651014 0.7067700354456384
    outer loop
      vertex 63.29365427047014 106.11553724110126 13.299999999999999
      vertex 61.6159994661808 106.2976228505373 14.899999999999999
      vertex 61.71796186864376 105.83770016431808 14.899999999999999
    endloop
  endfacet
  facet normal 0 0 1
    outer loop
      vertex 61.800000002980234 104.90000000447034 14.899999999999999
      vertex 61.779451376199724 105.3706410139799 14.899999999999999
      vertex 61.6159994661808 106.2976228505373 14.899999999999999
    endloop
  endfacet
  facet normal 0 0 1
    outer loop
      vertex 61.779451376199724 105.3706410139799 14.899999999999999
      vertex 61.71796186864376 105.83770016431808 14.899999999999999
      vertex 61.6159994661808 106.2976228505373 14.899999999999999
    endloop
  endfacet
  facet normal 0.6747007286088802 0.21273232876659318 0.7067700355222966
    outer loop
      vertex 62.97784834355116 107.29414100199938 13.299999999999999
      vertex 61.474340154230596 106.74690877497196 14.899999999999999
      vertex 61.6159994661808 106.2976228505373 14.899999999999999
    endloop
  endfacet
  facet normal 0 0 1
    outer loop
      vertex 61.29406205415726 107.18213862031698 14.899999999999999
      vertex 61.6159994661808 106.2976228505373 14.899999999999999
      vertex 61.474340154230596 106.74690877497196 14.899999999999999
    endloop
  endfacet
  facet normal 0.6535924470677312 0.27072685923879275 0.7067700339026224
    outer loop
      vertex 62.74415450543165 107.85832782834768 13.299999999999999
      vertex 61.29406205415726 107.18213862031698 14.899999999999999
      vertex 62.97784834355116 107.29414100199938 13.299999999999999
    endloop
  endfacet
  facet normal 0.6275099345620724 0.3266609882853385 0.7067700338570883
    outer loop
      vertex 62.46217782795429 108.39999999850988 13.299999999999999
      vertex 61.29406205415726 107.18213862031698 14.899999999999999
      vertex 62.74415450543165 107.85832782834768 13.299999999999999
    endloop
  endfacet
  facet normal 0.596651683652649 0.3801090454226844 0.7067700347229747
    outer loop
      vertex 62.46217782795429 108.39999999850988 13.299999999999999
      vertex 62.13406430929899 108.91503505408764 13.299999999999999
      vertex 60.823421044647695 107.99731276035308 14.899999999999999
    endloop
  endfacet
  facet normal 0 0 1
    outer loop
      vertex 60.823421044647695 107.99731276035308 14.899999999999999
      vertex 61.6159994661808 106.2976228505373 14.899999999999999
      vertex 61.29406205415726 107.18213862031698 14.899999999999999
    endloop
  endfacet
  facet normal 0 0 1
    outer loop
      vertex 60.823421044647695 107.99731276035308 14.899999999999999
      vertex 61.29406205415726 107.18213862031698 14.899999999999999
      vertex 61.07653718292713 107.60000000745057 14.899999999999999
    endloop
  endfacet
  facet normal 0.5612525563689986 0.4306642374529292 0.7067700351234134
    outer loop
      vertex 61.76231110095978 109.39951326698065 13.299999999999999
      vertex 60.53663999438286 108.37105309814214 14.899999999999999
      vertex 60.823421044647695 107.99731276035308 14.899999999999999
    endloop
  endfacet
  facet normal 0 0 1
    outer loop
      vertex 60.823421044647695 107.99731276035308 14.899999999999999
      vertex 60.21837662011385 108.71837662011384 14.899999999999999
      vertex 59.87105309814215 109.03663999438285 14.899999999999999
    endloop
  endfacet
  facet normal 0 0 1
    outer loop
      vertex 60.53663999438286 108.37105309814214 14.899999999999999
      vertex 60.21837662011385 108.71837662011384 14.899999999999999
      vertex 60.823421044647695 107.99731276035308 14.899999999999999
    endloop
  endfacet
  facet normal 0.6535924492304093 0.270726849800779 0.7067700355178771
    outer loop
      vertex 62.97784834355116 107.29414100199938 13.299999999999999
      vertex 61.29406205415726 107.18213862031698 14.899999999999999
      vertex 61.474340154230596 106.74690877497196 14.899999999999999
    endloop
  endfacet
  facet normal 0.6275099293373338 0.32666099519524927 0.7067700353022218
    outer loop
      vertex 62.46217782795429 108.39999999850988 13.299999999999999
      vertex 61.07653718292713 107.60000000745057 14.899999999999999
      vertex 61.29406205415726 107.18213862031698 14.899999999999999
    endloop
  endfacet
  facet normal 0.5966516846380243 0.3801090430906846 0.7067700351453023
    outer loop
      vertex 62.46217782795429 108.39999999850988 13.299999999999999
      vertex 60.823421044647695 107.99731276035308 14.899999999999999
      vertex 61.07653718292713 107.60000000745057 14.899999999999999
    endloop
  endfacet
  facet normal 0 0 1
    outer loop
      vertex 56.40000000447035 110.30000000298023 14.899999999999999
      vertex 57.7976228505373 110.1159994661808 14.899999999999999
      vertex 56.87064101397991 110.27945137619972 14.899999999999999
    endloop
  endfacet
  facet normal 0 0 1
    outer loop
      vertex 56.87064101397991 110.27945137619972 14.899999999999999
      vertex 57.7976228505373 110.1159994661808 14.899999999999999
      vertex 57.337700164318086 110.21796186864375 14.899999999999999
    endloop
  endfacet
  facet normal 0 0 1
    outer loop
      vertex 56.40000000447035 110.30000000298023 14.899999999999999
      vertex 60.823421044647695 107.99731276035308 14.899999999999999
      vertex 58.682138620316984 109.79406205415725 14.899999999999999
    endloop
  endfacet
  facet normal 0 0 1
    outer loop
      vertex 58.682138620316984 109.79406205415725 14.899999999999999
      vertex 59.87105309814215 109.03663999438285 14.899999999999999
      vertex 59.49731276035309 109.32342104464769 14.899999999999999
    endloop
  endfacet
  facet normal 0.3266609951952491 0.6275099293373331 0.7067700353022224
    outer loop
      vertex 58.682138620316984 109.79406205415725 14.899999999999999
      vertex 59.10000000745058 109.57653718292713 14.899999999999999
      vertex 59.899999998509884 110.96217782795429 13.299999999999999
    endloop
  endfacet
  facet normal 0 0 1
    outer loop
      vertex 56.40000000447035 110.30000000298023 14.899999999999999
      vertex 58.682138620316984 109.79406205415725 14.899999999999999
      vertex 57.7976228505373 110.1159994661808 14.899999999999999
    endloop
  endfacet
  facet normal 0 0 1
    outer loop
      vertex 57.7976228505373 110.1159994661808 14.899999999999999
      vertex 58.682138620316984 109.79406205415725 14.899999999999999
      vertex 58.24690877497196 109.97434015423059 14.899999999999999
    endloop
  endfacet
  facet normal 0 0 1
    outer loop
      vertex 58.682138620316984 109.79406205415725 14.899999999999999
      vertex 59.49731276035309 109.32342104464769 14.899999999999999
      vertex 59.10000000745058 109.57653718292713 14.899999999999999
    endloop
  endfacet
  facet normal 0.03085824787319208 0.7067700383831785 0.706770034298312
    outer loop
      vertex 56.399999998509884 111.89999999850988 13.299999999999999
      vertex 56.87064101397991 110.27945137619972 14.899999999999999
      vertex 57.010090194642544 111.87336288392544 13.299999999999999
    endloop
  endfacet
  facet normal 0.09233988632554935 0.7013910921621188 0.7067700341900572
    outer loop
      vertex 57.010090194642544 111.87336288392544 13.299999999999999
      vertex 56.87064101397991 110.27945137619972 14.899999999999999
      vertex 57.615537241101265 111.79365427047014 13.299999999999999
    endloop
  endfacet
  facet normal 0.21273232483109897 0.6747007306222309 0.7067700347848538
    outer loop
      vertex 58.21173331141472 111.6614807844162 13.299999999999999
      vertex 57.7976228505373 110.1159994661808 14.899999999999999
      vertex 58.79414100199938 111.47784834355116 13.299999999999999
    endloop
  endfacet
  facet normal 0.32666098828533824 0.6275099345620718 0.7067700338570889
    outer loop
      vertex 59.35832782834768 111.24415450543165 13.299999999999999
      vertex 58.682138620316984 109.79406205415725 14.899999999999999
      vertex 59.899999998509884 110.96217782795429 13.299999999999999
    endloop
  endfacet
  facet normal 0.2707268592387924 0.6535924470677305 0.7067700339026232
    outer loop
      vertex 58.79414100199938 111.47784834355116 13.299999999999999
      vertex 58.682138620316984 109.79406205415725 14.899999999999999
      vertex 59.35832782834768 111.24415450543165 13.299999999999999
    endloop
  endfacet
  facet normal 0.15311876856700174 0.690674134702206 0.7067700349943283
    outer loop
      vertex 57.615537241101265 111.79365427047014 13.299999999999999
      vertex 57.7976228505373 110.1159994661808 14.899999999999999
      vertex 58.21173331141472 111.6614807844162 13.299999999999999
    endloop
  endfacet
  facet normal 0.03085824105314696 0.7067700375344529 0.7067700354448071
    outer loop
      vertex 56.399999998509884 111.89999999850988 13.299999999999999
      vertex 56.40000000447035 110.30000000298023 14.899999999999999
      vertex 56.87064101397991 110.27945137619972 14.899999999999999
    endloop
  endfacet
  facet normal 0.09233989458051386 0.7013910896235466 0.7067700356307938
    outer loop
      vertex 57.615537241101265 111.79365427047014 13.299999999999999
      vertex 56.87064101397991 110.27945137619972 14.899999999999999
      vertex 57.337700164318086 110.21796186864375 14.899999999999999
    endloop
  endfacet
  facet normal 0.21273232876659262 0.6747007286088792 0.7067700355222977
    outer loop
      vertex 58.79414100199938 111.47784834355116 13.299999999999999
      vertex 57.7976228505373 110.1159994661808 14.899999999999999
      vertex 58.24690877497196 109.97434015423059 14.899999999999999
    endloop
  endfacet
  facet normal 0.1531187658651013 0.690674134839374 0.7067700354456395
    outer loop
      vertex 57.615537241101265 111.79365427047014 13.299999999999999
      vertex 57.337700164318086 110.21796186864375 14.899999999999999
      vertex 57.7976228505373 110.1159994661808 14.899999999999999
    endloop
  endfacet
  facet normal 0.27072684980077844 0.6535924492304086 0.7067700355178781
    outer loop
      vertex 58.79414100199938 111.47784834355116 13.299999999999999
      vertex 58.24690877497196 109.97434015423059 14.899999999999999
      vertex 58.682138620316984 109.79406205415725 14.899999999999999
    endloop
  endfacet
  facet normal 0.5215819581379143 0.4779418155835394 0.7067700346376671
    outer loop
      vertex 61.34974746406078 109.84974746406078 13.299999999999999
      vertex 60.21837662011385 108.71837662011384 14.899999999999999
      vertex 61.76231110095978 109.39951326698065 13.299999999999999
    endloop
  endfacet
  facet normal 0.43066423564460277 0.5612525583145633 0.7067700346803109
    outer loop
      vertex 60.41503505408764 110.63406430929899 13.299999999999999
      vertex 59.49731276035309 109.32342104464769 14.899999999999999
      vertex 60.89951326698065 110.26231110095978 13.299999999999999
    endloop
  endfacet
  facet normal 0.4779418155835393 0.5215819581379142 0.7067700346376671
    outer loop
      vertex 61.34974746406078 109.84974746406078 13.299999999999999
      vertex 60.89951326698065 110.26231110095978 13.299999999999999
      vertex 60.21837662011385 108.71837662011384 14.899999999999999
    endloop
  endfacet
  facet normal 0.5612525583145636 0.4306642356446029 0.7067700346803104
    outer loop
      vertex 61.76231110095978 109.39951326698065 13.299999999999999
      vertex 60.823421044647695 107.99731276035308 14.899999999999999
      vertex 62.13406430929899 108.91503505408764 13.299999999999999
    endloop
  endfacet
  facet normal 0.47794181426190624 0.5215819589931218 0.7067700349002745
    outer loop
      vertex 60.89951326698065 110.26231110095978 13.299999999999999
      vertex 59.87105309814215 109.03663999438285 14.899999999999999
      vertex 60.21837662011385 108.71837662011384 14.899999999999999
    endloop
  endfacet
  facet normal 0.5215819589931218 0.4779418142619065 0.7067700349002742
    outer loop
      vertex 61.76231110095978 109.39951326698065 13.299999999999999
      vertex 60.21837662011385 108.71837662011384 14.899999999999999
      vertex 60.53663999438286 108.37105309814214 14.899999999999999
    endloop
  endfacet
  facet normal 0 0 1
    outer loop
      vertex 58.682138620316984 109.79406205415725 14.899999999999999
      vertex 60.823421044647695 107.99731276035308 14.899999999999999
      vertex 59.87105309814215 109.03663999438285 14.899999999999999
    endloop
  endfacet
  facet normal 0.4306642374529291 0.5612525563689984 0.7067700351234139
    outer loop
      vertex 60.89951326698065 110.26231110095978 13.299999999999999
      vertex 59.49731276035309 109.32342104464769 14.899999999999999
      vertex 59.87105309814215 109.03663999438285 14.899999999999999
    endloop
  endfacet
  facet normal 0.3801090430906842 0.5966516846380239 0.7067700351453027
    outer loop
      vertex 59.10000000745058 109.57653718292713 14.899999999999999
      vertex 59.49731276035309 109.32342104464769 14.899999999999999
      vertex 59.899999998509884 110.96217782795429 13.299999999999999
    endloop
  endfacet
  facet normal 0.38010904542268414 0.5966516836526484 0.7067700347229752
    outer loop
      vertex 59.899999998509884 110.96217782795429 13.299999999999999
      vertex 59.49731276035309 109.32342104464769 14.899999999999999
      vertex 60.41503505408764 110.63406430929899 13.299999999999999
    endloop
  endfacet
  facet normal 0.6270670525499513 0 -0.7789652826707469
    outer loop
      vertex 6.399999999999999 90.57 1.62
      vertex 6.399999999999999 85.9 1.62
      vertex 4.399999999999999 85.9 0.01
    endloop
  endfacet
  facet normal 1 0 0
    outer loop
      vertex 4.399999999999999 92.57 0.01
      vertex 4.399999999999999 85.9 0.01
      vertex 4.399999999999999 85.9 0
    endloop
  endfacet
  facet normal 0.6270670525499513 0 -0.7789652826707469
    outer loop
      vertex 6.399999999999999 90.57 1.62
      vertex 4.399999999999999 85.9 0.01
      vertex 4.399999999999999 92.57 0.01
    endloop
  endfacet
  facet normal 1 0 0
    outer loop
      vertex 4.399999999999999 92.57 0.01
      vertex 4.399999999999999 85.9 0
      vertex 4.399999999999999 92.57 0
    endloop
  endfacet
  facet normal 0 -0.6270670525499513 -0.7789652826707468
    outer loop
      vertex 6.399999999999999 90.57 1.62
      vertex 4.399999999999999 92.57 0.01
      vertex 57 90.57 1.62
    endloop
  endfacet
  facet normal 0 -1 0
    outer loop
      vertex 4.399999999999999 92.57 0.01
      vertex 4.399999999999999 92.57 0
      vertex 59 92.57 0.01
    endloop
  endfacet
  facet normal 0 -0.6270670525499513 -0.7789652826707469
    outer loop
      vertex 4.399999999999999 92.57 0.01
      vertex 59 92.57 0.01
      vertex 57 90.57 1.62
    endloop
  endfacet
  facet normal 0 -1 0
    outer loop
      vertex 4.399999999999999 92.57 0
      vertex 59 92.57 0
      vertex 59 92.57 0.01
    endloop
  endfacet
  facet normal -1 0 0
    outer loop
      vertex 59 92.57 0
      vertex 59 85.9 0
      vertex 59 85.9 0.01
    endloop
  endfacet
  facet normal -0.6270670525499513 0 -0.7789652826707469
    outer loop
      vertex 59 92.57 0.01
      vertex 59 85.9 0.01
      vertex 57 85.9 1.62
    endloop
  endfacet
  facet normal -1 0 0
    outer loop
      vertex 59 92.57 0.01
      vertex 59 92.57 0
      vertex 59 85.9 0.01
    endloop
  endfacet
  facet normal -0.6270670525499513 0 -0.7789652826707469
    outer loop
      vertex 57 90.57 1.62
      vertex 59 92.57 0.01
      vertex 57 85.9 1.62
    endloop
  endfacet
  facet normal 1 0 0
    outer loop
      vertex 6.399999999999999 90.57 1.62
      vertex 6.399999999999999 90.57 2.2
      vertex 6.399999999999999 85.9 1.62
    endloop
  endfacet
  facet normal 1 0 0
    outer loop
      vertex 6.399999999999999 90.57 2.2
      vertex 6.399999999999999 85.9 2.2
      vertex 6.399999999999999 85.9 1.62
    endloop
  endfacet
  facet normal 0 -1 0
    outer loop
      vertex 6.399999999999999 90.57 1.62
      vertex 57 90.57 2.2
      vertex 6.399999999999999 90.57 2.2
    endloop
  endfacet
  facet normal 0 -1 0
    outer loop
      vertex 6.399999999999999 90.57 1.62
      vertex 57 90.57 1.62
      vertex 57 90.57 2.2
    endloop
  endfacet
  facet normal -1 0 0
    outer loop
      vertex 57 90.57 1.62
      vertex 57 85.9 1.62
      vertex 57 85.9 2.2
    endloop
  endfacet
  facet normal -1 0 0
    outer loop
      vertex 57 90.57 1.62
      vertex 57 85.9 2.2
      vertex 57 90.57 2.2
    endloop
  endfacet
  facet normal 0.21643961423908833 0 0.9762960070532066
    outer loop
      vertex 27.456144650280475 111.89000000000001 3.669055669009685
      vertex 27.456144650280475 111.89999999850988 3.669055669009685
      vertex 27.06900433897972 111.89000000000001 3.7548826098442074
    endloop
  endfacet
  facet normal 0.13052619080107408 0 0.9914448615606224
    outer loop
      vertex 27.456144650280475 111.89000000000001 3.669055669009685
      vertex 27.849292081594466 111.89999999850988 3.617296828329563
      vertex 27.456144650280475 111.89999999850988 3.669055669009685
    endloop
  endfacet
  facet normal 0.13052619080107408 0 0.9914448615606224
    outer loop
      vertex 27.456144650280475 111.89000000000001 3.669055669009685
      vertex 27.849292081594466 111.89000000000001 3.617296828329563
      vertex 27.849292081594466 111.89999999850988 3.617296828329563
    endloop
  endfacet
  facet normal 0.043619391275086496 0 0.9990482214111543
    outer loop
      vertex 27.849292081594466 111.89000000000001 3.617296828329563
      vertex 28.245454546809196 111.89000000000001 3.5999999999999996
      vertex 28.245454546809196 111.89999999850988 3.5999999999999996
    endloop
  endfacet
  facet normal 0.043619391275086496 0 0.9990482214111543
    outer loop
      vertex 27.849292081594466 111.89000000000001 3.617296828329563
      vertex 28.245454546809196 111.89999999850988 3.5999999999999996
      vertex 27.849292081594466 111.89999999850988 3.617296828329563
    endloop
  endfacet
  facet normal 0 0 1
    outer loop
      vertex 28.245454546809196 111.89000000000001 3.5999999999999996
      vertex 35.154545453190806 111.89999999850988 3.5999999999999996
      vertex 28.245454546809196 111.89999999850988 3.5999999999999996
    endloop
  endfacet
  facet normal 0.5372996033903543 0 0.843391448970505
    outer loop
      vertex 25.638288927078246 111.89000000000001 4.422036162018776
      vertex 25.972727273404598 111.89999999850988 4.208975440263748
      vertex 25.638288927078246 111.89999999850988 4.422036162018776
    endloop
  endfacet
  facet normal 0.6087614254617605 0 0.7933533430129134
    outer loop
      vertex 25.638288927078246 111.89000000000001 4.422036162018776
      vertex 25.638288927078246 111.89999999850988 4.422036162018776
      vertex 25.32369268387556 111.89000000000001 4.6634343475103375
    endloop
  endfacet
  facet normal 0.6087614254617605 0 0.7933533430129134
    outer loop
      vertex 25.638288927078246 111.89999999850988 4.422036162018776
      vertex 25.32369268387556 111.89999999850988 4.6634343475103375
      vertex 25.32369268387556 111.89000000000001 4.6634343475103375
    endloop
  endfacet
  facet normal 0.38268343545142947 0 0.9238795312328829
    outer loop
      vertex 26.69081753194332 111.89000000000001 3.8741244509816166
      vertex 26.69081753194332 111.89999999850988 3.8741244509816166
      vertex 26.324462448060512 111.89000000000001 4.025873696804046
    endloop
  endfacet
  facet normal 0.4617486152464871 0 0.8870108321311254
    outer loop
      vertex 26.324462448060512 111.89000000000001 4.025873696804046
      vertex 26.324462448060512 111.89999999850988 4.025873696804046
      vertex 25.972727273404598 111.89000000000001 4.208975440263748
    endloop
  endfacet
  facet normal 0.4617486152464871 0 0.8870108321311254
    outer loop
      vertex 26.324462448060512 111.89999999850988 4.025873696804046
      vertex 25.972727273404598 111.89999999850988 4.208975440263748
      vertex 25.972727273404598 111.89000000000001 4.208975440263748
    endloop
  endfacet
  facet normal 0.38268343545142947 0 0.9238795312328829
    outer loop
      vertex 26.69081753194332 111.89999999850988 3.8741244509816166
      vertex 26.324462448060512 111.89999999850988 4.025873696804046
      vertex 26.324462448060512 111.89000000000001 4.025873696804046
    endloop
  endfacet
  facet normal 0.3007057970013499 0 0.9537169515373958
    outer loop
      vertex 26.69081753194332 111.89000000000001 3.8741244509816166
      vertex 27.06900433897972 111.89999999850988 3.7548826098442074
      vertex 26.69081753194332 111.89999999850988 3.8741244509816166
    endloop
  endfacet
  facet normal 0.3007057970013499 0 0.9537169515373958
    outer loop
      vertex 26.69081753194332 111.89000000000001 3.8741244509816166
      vertex 27.06900433897972 111.89000000000001 3.7548826098442074
      vertex 27.06900433897972 111.89999999850988 3.7548826098442074
    endloop
  endfacet
  facet normal 0.21643961423908833 0 0.9762960070532066
    outer loop
      vertex 27.456144650280475 111.89999999850988 3.669055669009685
      vertex 27.06900433897972 111.89999999850988 3.7548826098442074
      vertex 27.06900433897972 111.89000000000001 3.7548826098442074
    endloop
  endfacet
  facet normal 0.2845624668995201 0.7875338456107901 0.5466394098942552
    outer loop
      vertex 26.324462448060512 111.89000000000001 4.025873696804046
      vertex 25.972727273404598 111.89000000000001 4.208975440263748
      vertex 26.79090908616781 110.68 5.526282800734043
    endloop
  endfacet
  facet normal 0.5372996033903543 0 0.843391448970505
    outer loop
      vertex 25.638288927078246 111.89000000000001 4.422036162018776
      vertex 25.972727273404598 111.89000000000001 4.208975440263748
      vertex 25.972727273404598 111.89999999850988 4.208975440263748
    endloop
  endfacet
  facet normal 0.1862760087837898 0.7850261331795255 0.5907920266699469
    outer loop
      vertex 26.69081753194332 111.89000000000001 3.8741244509816166
      vertex 27.29357226639986 110.68 5.291887110471725
      vertex 27.06900433897972 111.89000000000001 3.7548826098442074
    endloop
  endfacet
  facet normal 0.23638203429194024 0.7864169563001383 0.5706767076967749
    outer loop
      vertex 26.69081753194332 111.89000000000001 3.8741244509816166
      vertex 26.324462448060512 111.89000000000001 4.025873696804046
      vertex 27.29357226639986 110.68 5.291887110471725
    endloop
  endfacet
  facet normal 0.13453058370191298 0.783365177082592 0.6068282470214962
    outer loop
      vertex 27.456144650280475 111.89000000000001 3.669055669009685
      vertex 27.06900433897972 111.89000000000001 3.7548826098442074
      vertex 27.829301249980926 110.68 5.148338964581489
    endloop
  endfacet
  facet normal 0.6755902223257445 0 0.7372773233308149
    outer loop
      vertex 25.32369268387556 111.89000000000001 4.6634343475103375
      vertex 25.32369268387556 111.89999999850988 4.6634343475103375
      vertex 25.031332817673682 111.89000000000001 4.931332817673683
    endloop
  endfacet
  facet normal 0.6755902223257445 0 0.7372773233308149
    outer loop
      vertex 25.32369268387556 111.89999999850988 4.6634343475103375
      vertex 25.031332817673682 111.89999999850988 4.931332817673683
      vertex 25.031332817673682 111.89000000000001 4.931332817673683
    endloop
  endfacet
  facet normal 0.7372773233308149 0 0.6755902223257445
    outer loop
      vertex 25.031332817673682 111.89000000000001 4.931332817673683
      vertex 25.031332817673682 111.89999999850988 4.931332817673683
      vertex 24.763434347510337 111.89000000000001 5.22369268387556
    endloop
  endfacet
  facet normal 0.7933533430129134 0 0.6087614254617605
    outer loop
      vertex 24.763434347510337 111.89000000000001 5.22369268387556
      vertex 24.763434347510337 111.89999999850988 5.22369268387556
      vertex 24.522036162018775 111.89000000000001 5.538288927078247
    endloop
  endfacet
  facet normal 0.7933533430129134 0 0.6087614254617605
    outer loop
      vertex 24.763434347510337 111.89999999850988 5.22369268387556
      vertex 24.522036162018775 111.89999999850988 5.538288927078247
      vertex 24.522036162018775 111.89000000000001 5.538288927078247
    endloop
  endfacet
  facet normal 0.4148905862540406 0.7892159802353355 0.4527736056562451
    outer loop
      vertex 25.32369268387556 111.89000000000001 4.6634343475103375
      vertex 25.031332817673682 111.89000000000001 4.931332817673683
      vertex 26.13193296343088 110.68 6.031932963430881
    endloop
  endfacet
  facet normal 0.4527736056562451 0.7892159802353355 0.4148905862540406
    outer loop
      vertex 25.031332817673682 111.89000000000001 4.931332817673683
      vertex 24.763434347510337 111.89000000000001 5.22369268387556
      vertex 26.13193296343088 110.68 6.031932963430881
    endloop
  endfacet
  facet normal 0.7372773233308149 0 0.6755902223257445
    outer loop
      vertex 25.031332817673682 111.89999999850988 4.931332817673683
      vertex 24.763434347510337 111.89999999850988 5.22369268387556
      vertex 24.763434347510337 111.89000000000001 5.22369268387556
    endloop
  endfacet
  facet normal 0.2845624545603908 0.787533846762197 0.5466394146587873
    outer loop
      vertex 26.324462448060512 111.89000000000001 4.025873696804046
      vertex 26.79090908616781 110.68 5.526282800734043
      vertex 27.037123706936836 110.68 5.398111587762832
    endloop
  endfacet
  facet normal 0.13453058556828001 0.7833651773625777 0.6068282462462942
    outer loop
      vertex 27.06900433897972 111.89000000000001 3.7548826098442074
      vertex 27.558303032815456 110.68 5.208417823910713
      vertex 27.829301249980926 110.68 5.148338964581489
    endloop
  endfacet
  facet normal 0.1862760031204046 0.7850261336323557 0.5907920278538986
    outer loop
      vertex 27.06900433897972 111.89000000000001 3.7548826098442074
      vertex 27.29357226639986 110.68 5.291887110471725
      vertex 27.558303032815456 110.68 5.208417823910713
    endloop
  endfacet
  facet normal 0.23638204297523036 0.7864169576070894 0.5706767022990038
    outer loop
      vertex 26.324462448060512 111.89000000000001 4.025873696804046
      vertex 27.037123706936836 110.68 5.398111587762832
      vertex 27.29357226639986 110.68 5.291887110471725
    endloop
  endfacet
  facet normal 0.37406962959648105 0.7889350724454354 0.48749703966184965
    outer loop
      vertex 25.638288927078246 111.89000000000001 4.422036162018776
      vertex 26.336584877967834 110.68 5.844404040277004
      vertex 26.556802247464656 110.68 5.675425311923027
    endloop
  endfacet
  facet normal 0.330544778806897 0.7883739126833402 0.5188513496213153
    outer loop
      vertex 25.638288927078246 111.89000000000001 4.422036162018776
      vertex 26.556802247464656 110.68 5.675425311923027
      vertex 26.79090908616781 110.68 5.526282800734043
    endloop
  endfacet
  facet normal 0.414890568100224 0.7892159824860528 0.4527736183679961
    outer loop
      vertex 25.32369268387556 111.89000000000001 4.6634343475103375
      vertex 26.13193296343088 110.68 6.031932963430881
      vertex 26.336584877967834 110.68 5.844404040277004
    endloop
  endfacet
  facet normal 0.33054476693978396 0.7883739108376944 0.5188513599858855
    outer loop
      vertex 25.638288927078246 111.89000000000001 4.422036162018776
      vertex 26.79090908616781 110.68 5.526282800734043
      vertex 25.972727273404598 111.89000000000001 4.208975440263748
    endloop
  endfacet
  facet normal 0.3740696309988289 0.788935072288454 0.4874970388398394
    outer loop
      vertex 25.638288927078246 111.89000000000001 4.422036162018776
      vertex 25.32369268387556 111.89000000000001 4.6634343475103375
      vertex 26.336584877967834 110.68 5.844404040277004
    endloop
  endfacet
  facet normal 0.0814459627507213 0.7814389161256803 0.6186434963013272
    outer loop
      vertex 27.456144650280475 111.89000000000001 3.669055669009685
      vertex 27.829301249980926 110.68 5.148338964581489
      vertex 28.10450445562601 110.68 5.112107774615287
    endloop
  endfacet
  facet normal 0.027336655157352178 0.7792533484890959 0.6261125507074108
    outer loop
      vertex 28.245454546809196 111.89000000000001 3.5999999999999996
      vertex 28.10450445562601 110.68 5.112107774615287
      vertex 28.381818179786205 110.68 5.1
    endloop
  endfacet
  facet normal 0.08144596059505023 0.7814389157998702 0.6186434969966732
    outer loop
      vertex 27.456144650280475 111.89000000000001 3.669055669009685
      vertex 28.10450445562601 110.68 5.112107774615287
      vertex 27.849292081594466 111.89000000000001 3.617296828329563
    endloop
  endfacet
  facet normal 0.027336666805851274 0.7792533477093652 0.6261125511692711
    outer loop
      vertex 27.849292081594466 111.89000000000001 3.617296828329563
      vertex 28.10450445562601 110.68 5.112107774615287
      vertex 28.245454546809196 111.89000000000001 3.5999999999999996
    endloop
  endfacet
  facet normal 0 0.7783312410184143 0.6278538677548583
    outer loop
      vertex 28.245454546809196 111.89000000000001 3.5999999999999996
      vertex 28.381818179786205 110.68 5.1
      vertex 35.0181818202138 110.68 5.1
    endloop
  endfacet
  facet normal 0.452773618367996 0.7892159824860527 0.41489056810022396
    outer loop
      vertex 24.763434347510337 111.89000000000001 5.22369268387556
      vertex 25.944404040277004 110.68 6.236584877967834
      vertex 26.13193296343088 110.68 6.031932963430881
    endloop
  endfacet
  facet normal 0.48749703966184965 0.7889350724454354 0.37406962959648105
    outer loop
      vertex 24.522036162018775 111.89000000000001 5.538288927078247
      vertex 25.775425311923026 110.68 6.4568022474646565
      vertex 25.944404040277004 110.68 6.236584877967834
    endloop
  endfacet
  facet normal 0.5188513496213154 0.7883739126833403 0.33054477880689703
    outer loop
      vertex 24.522036162018775 111.89000000000001 5.538288927078247
      vertex 25.626282800734042 110.68 6.690909086167812
      vertex 25.775425311923026 110.68 6.4568022474646565
    endloop
  endfacet
  facet normal 0.843391448970505 0 0.5372996033903543
    outer loop
      vertex 24.522036162018775 111.89000000000001 5.538288927078247
      vertex 24.522036162018775 111.89999999850988 5.538288927078247
      vertex 24.308975440263747 111.89000000000001 5.872727273404598
    endloop
  endfacet
  facet normal 0.843391448970505 0 0.5372996033903543
    outer loop
      vertex 24.522036162018775 111.89999999850988 5.538288927078247
      vertex 24.308975440263747 111.89999999850988 5.872727273404598
      vertex 24.308975440263747 111.89000000000001 5.872727273404598
    endloop
  endfacet
  facet normal 0.8870108321311254 0 0.4617486152464871
    outer loop
      vertex 24.308975440263747 111.89000000000001 5.872727273404598
      vertex 24.308975440263747 111.89999999850988 5.872727273404598
      vertex 24.125873696804046 111.89000000000001 6.224462448060512
    endloop
  endfacet
  facet normal 0.4874970388398394 0.788935072288454 0.3740696309988289
    outer loop
      vertex 24.763434347510337 111.89000000000001 5.22369268387556
      vertex 24.522036162018775 111.89000000000001 5.538288927078247
      vertex 25.944404040277004 110.68 6.236584877967834
    endloop
  endfacet
  facet normal 0.5188513599858855 0.7883739108376944 0.33054476693978396
    outer loop
      vertex 24.522036162018775 111.89000000000001 5.538288927078247
      vertex 24.308975440263747 111.89000000000001 5.872727273404598
      vertex 25.626282800734042 110.68 6.690909086167812
    endloop
  endfacet
  facet normal 0.5466394098942552 0.7875338456107902 0.28456246689952014
    outer loop
      vertex 24.308975440263747 111.89000000000001 5.872727273404598
      vertex 24.125873696804046 111.89000000000001 6.224462448060512
      vertex 25.626282800734042 110.68 6.690909086167812
    endloop
  endfacet
  facet normal 0.8870108321311254 0 0.4617486152464871
    outer loop
      vertex 24.308975440263747 111.89999999850988 5.872727273404598
      vertex 24.125873696804046 111.89999999850988 6.224462448060512
      vertex 24.125873696804046 111.89000000000001 6.224462448060512
    endloop
  endfacet
  facet normal 0.9238795312328829 0 0.38268343545142947
    outer loop
      vertex 24.125873696804046 111.89000000000001 6.224462448060512
      vertex 24.125873696804046 111.89999999850988 6.224462448060512
      vertex 23.974124450981616 111.89000000000001 6.590817531943321
    endloop
  endfacet
  facet normal 0.9238795312328829 0 0.38268343545142947
    outer loop
      vertex 24.125873696804046 111.89999999850988 6.224462448060512
      vertex 23.974124450981616 111.89999999850988 6.590817531943321
      vertex 23.974124450981616 111.89000000000001 6.590817531943321
    endloop
  endfacet
  facet normal 0.5466394146587874 0.7875338467621972 0.28456245456039087
    outer loop
      vertex 24.125873696804046 111.89000000000001 6.224462448060512
      vertex 25.498111587762832 110.68 6.937123706936836
      vertex 25.626282800734042 110.68 6.690909086167812
    endloop
  endfacet
  facet normal 0.5706767022990038 0.7864169576070894 0.23638204297523036
    outer loop
      vertex 24.125873696804046 111.89000000000001 6.224462448060512
      vertex 25.391887110471725 110.68 7.19357226639986
      vertex 25.498111587762832 110.68 6.937123706936836
    endloop
  endfacet
  facet normal 0.5907920278538986 0.7850261336323557 0.1862760031204046
    outer loop
      vertex 23.854882609844207 111.89000000000001 6.969004338979721
      vertex 25.308417823910712 110.68 7.458303032815456
      vertex 25.391887110471725 110.68 7.19357226639986
    endloop
  endfacet
  facet normal 0.6068282462462942 0.7833651773625777 0.13453058556828001
    outer loop
      vertex 23.854882609844207 111.89000000000001 6.969004338979721
      vertex 25.24833896458149 110.68 7.729301249980926
      vertex 25.308417823910712 110.68 7.458303032815456
    endloop
  endfacet
  facet normal 0.5706767076967748 0.7864169563001384 0.2363820342919402
    outer loop
      vertex 24.125873696804046 111.89000000000001 6.224462448060512
      vertex 23.974124450981616 111.89000000000001 6.590817531943321
      vertex 25.391887110471725 110.68 7.19357226639986
    endloop
  endfacet
  facet normal 0.5907920266699469 0.7850261331795256 0.18627600878378983
    outer loop
      vertex 23.974124450981616 111.89000000000001 6.590817531943321
      vertex 23.854882609844207 111.89000000000001 6.969004338979721
      vertex 25.391887110471725 110.68 7.19357226639986
    endloop
  endfacet
  facet normal 0.9537169515373958 0 0.3007057970013499
    outer loop
      vertex 23.974124450981616 111.89000000000001 6.590817531943321
      vertex 23.974124450981616 111.89999999850988 6.590817531943321
      vertex 23.854882609844207 111.89000000000001 6.969004338979721
    endloop
  endfacet
  facet normal 0.9537169515373958 0 0.3007057970013499
    outer loop
      vertex 23.974124450981616 111.89999999850988 6.590817531943321
      vertex 23.854882609844207 111.89999999850988 6.969004338979721
      vertex 23.854882609844207 111.89000000000001 6.969004338979721
    endloop
  endfacet
  facet normal 0.6068282470214962 0.783365177082592 0.13453058370191298
    outer loop
      vertex 23.769055669009685 111.89000000000001 7.356144650280475
      vertex 25.24833896458149 110.68 7.729301249980926
      vertex 23.854882609844207 111.89000000000001 6.969004338979721
    endloop
  endfacet
  facet normal 0.9762960070532066 0 0.21643961423908833
    outer loop
      vertex 23.769055669009685 111.89000000000001 7.356144650280475
      vertex 23.854882609844207 111.89000000000001 6.969004338979721
      vertex 23.854882609844207 111.89999999850988 6.969004338979721
    endloop
  endfacet
  facet normal 0.9762960070532066 0 0.21643961423908833
    outer loop
      vertex 23.769055669009685 111.89000000000001 7.356144650280475
      vertex 23.854882609844207 111.89999999850988 6.969004338979721
      vertex 23.769055669009685 111.89999999850988 7.356144650280475
    endloop
  endfacet
  facet normal 0.9914448615606224 0 0.13052619080107408
    outer loop
      vertex 23.769055669009685 111.89000000000001 7.356144650280475
      vertex 23.769055669009685 111.89999999850988 7.356144650280475
      vertex 23.717296828329562 111.89000000000001 7.749292081594467
    endloop
  endfacet
  facet normal 0.9914448615606224 0 0.13052619080107408
    outer loop
      vertex 23.769055669009685 111.89999999850988 7.356144650280475
      vertex 23.717296828329562 111.89999999850988 7.749292081594467
      vertex 23.717296828329562 111.89000000000001 7.749292081594467
    endloop
  endfacet
  facet normal 0.9990482214111543 0 0.043619391275086496
    outer loop
      vertex 23.717296828329562 111.89000000000001 7.749292081594467
      vertex 23.717296828329562 111.89999999850988 7.749292081594467
      vertex 23.7 111.89000000000001 8.145454546809196
    endloop
  endfacet
  facet normal 0.9990482214111543 0 0.043619391275086496
    outer loop
      vertex 23.717296828329562 111.89999999850988 7.749292081594467
      vertex 23.7 111.89999999850988 8.145454546809196
      vertex 23.7 111.89000000000001 8.145454546809196
    endloop
  endfacet
  facet normal 1 0 0
    outer loop
      vertex 23.7 111.89000000000001 8.145454546809196
      vertex 23.7 111.89999999850988 8.145454546809196
      vertex 23.7 111.89000000000001 9.054545453190803
    endloop
  endfacet
  facet normal 1 0 0
    outer loop
      vertex 23.7 111.89999999850988 8.145454546809196
      vertex 23.7 111.89999999850988 9.054545453190803
      vertex 23.7 111.89000000000001 9.054545453190803
    endloop
  endfacet
  facet normal 0.9990482214111543 0 -0.043619391275086496
    outer loop
      vertex 23.7 111.89000000000001 9.054545453190803
      vertex 23.7 111.89999999850988 9.054545453190803
      vertex 23.717296828329562 111.89000000000001 9.450707918405532
    endloop
  endfacet
  facet normal 0.9990482214111543 0 -0.043619391275086496
    outer loop
      vertex 23.7 111.89999999850988 9.054545453190803
      vertex 23.717296828329562 111.89999999850988 9.450707918405532
      vertex 23.717296828329562 111.89000000000001 9.450707918405532
    endloop
  endfacet
  facet normal 0.9914448615606224 0 -0.13052619080107408
    outer loop
      vertex 23.717296828329562 111.89000000000001 9.450707918405532
      vertex 23.717296828329562 111.89999999850988 9.450707918405532
      vertex 23.769055669009685 111.89000000000001 9.843855349719524
    endloop
  endfacet
  facet normal 0.9914448615606224 0 -0.13052619080107408
    outer loop
      vertex 23.717296828329562 111.89999999850988 9.450707918405532
      vertex 23.769055669009685 111.89999999850988 9.843855349719524
      vertex 23.769055669009685 111.89000000000001 9.843855349719524
    endloop
  endfacet
  facet normal 0.6186434963013272 0.7814389161256803 0.0814459627507213
    outer loop
      vertex 23.769055669009685 111.89000000000001 7.356144650280475
      vertex 25.212107774615287 110.68 8.00450445562601
      vertex 25.24833896458149 110.68 7.729301249980926
    endloop
  endfacet
  facet normal 0.6261125507074106 0.7792533484890958 0.02733665515735217
    outer loop
      vertex 23.7 111.89000000000001 8.145454546809196
      vertex 25.2 110.68 8.281818179786205
      vertex 25.212107774615287 110.68 8.00450445562601
    endloop
  endfacet
  facet normal 0.6186434969966733 0.7814389157998703 0.08144596059505024
    outer loop
      vertex 23.769055669009685 111.89000000000001 7.356144650280475
      vertex 23.717296828329562 111.89000000000001 7.749292081594467
      vertex 25.212107774615287 110.68 8.00450445562601
    endloop
  endfacet
  facet normal 0.6261125511692711 0.7792533477093652 0.027336666805851274
    outer loop
      vertex 23.717296828329562 111.89000000000001 7.749292081594467
      vertex 23.7 111.89000000000001 8.145454546809196
      vertex 25.212107774615287 110.68 8.00450445562601
    endloop
  endfacet
  facet normal 0.6278538677548584 0.7783312410184143 0
    outer loop
      vertex 23.7 111.89000000000001 8.145454546809196
      vertex 25.2 110.68 8.918181820213794
      vertex 25.2 110.68 8.281818179786205
    endloop
  endfacet
  facet normal 0.6261125507074106 0.7792533484890958 -0.027336655157352004
    outer loop
      vertex 23.7 111.89000000000001 9.054545453190803
      vertex 25.212107774615287 110.68 9.195495544373989
      vertex 25.2 110.68 8.918181820213794
    endloop
  endfacet
  facet normal 0.6278538677548583 0.7783312410184143 0
    outer loop
      vertex 23.7 111.89000000000001 8.145454546809196
      vertex 23.7 111.89000000000001 9.054545453190803
      vertex 25.2 110.68 8.918181820213794
    endloop
  endfacet
  facet normal 0.6261125511692711 0.7792533477093652 -0.027336666805851274
    outer loop
      vertex 23.7 111.89000000000001 9.054545453190803
      vertex 23.717296828329562 111.89000000000001 9.450707918405532
      vertex 25.212107774615287 110.68 9.195495544373989
    endloop
  endfacet
  facet normal 0.6186434963013271 0.7814389161256802 -0.08144596275072118
    outer loop
      vertex 23.769055669009685 111.89000000000001 9.843855349719524
      vertex 25.24833896458149 110.68 9.470698750019073
      vertex 25.212107774615287 110.68 9.195495544373989
    endloop
  endfacet
  facet normal 0.6068282462462942 0.7833651773625777 -0.13453058556827993
    outer loop
      vertex 25.24833896458149 110.68 9.470698750019073
      vertex 23.854882609844207 111.89000000000001 10.230995661020279
      vertex 25.308417823910712 110.68 9.741696967184543
    endloop
  endfacet
  facet normal 0.5907920278538987 0.7850261336323557 -0.1862760031204044
    outer loop
      vertex 25.308417823910712 110.68 9.741696967184543
      vertex 23.854882609844207 111.89000000000001 10.230995661020279
      vertex 25.391887110471725 110.68 10.00642773360014
    endloop
  endfacet
  facet normal 0.6186434969966733 0.7814389157998703 -0.08144596059505024
    outer loop
      vertex 23.717296828329562 111.89000000000001 9.450707918405532
      vertex 23.769055669009685 111.89000000000001 9.843855349719524
      vertex 25.212107774615287 110.68 9.195495544373989
    endloop
  endfacet
  facet normal 0.6068282470214962 0.7833651770825918 -0.13453058370191298
    outer loop
      vertex 23.769055669009685 111.89000000000001 9.843855349719524
      vertex 23.854882609844207 111.89000000000001 10.230995661020279
      vertex 25.24833896458149 110.68 9.470698750019073
    endloop
  endfacet
  facet normal 0.9762960070532066 0 -0.21643961423908833
    outer loop
      vertex 23.769055669009685 111.89000000000001 9.843855349719524
      vertex 23.769055669009685 111.89999999850988 9.843855349719524
      vertex 23.854882609844207 111.89000000000001 10.230995661020279
    endloop
  endfacet
  facet normal 0.9762960070532066 0 -0.21643961423908833
    outer loop
      vertex 23.769055669009685 111.89999999850988 9.843855349719524
      vertex 23.854882609844207 111.89999999850988 10.230995661020279
      vertex 23.854882609844207 111.89000000000001 10.230995661020279
    endloop
  endfacet
  facet normal 0.5706767022990037 0.7864169576070894 -0.2363820429752302
    outer loop
      vertex 25.391887110471725 110.68 10.00642773360014
      vertex 24.125873696804046 111.89000000000001 10.975537551939487
      vertex 25.498111587762832 110.68 10.262876293063163
    endloop
  endfacet
  facet normal 0.5466394146587873 0.787533846762197 -0.28456245456039103
    outer loop
      vertex 25.498111587762832 110.68 10.262876293063163
      vertex 24.125873696804046 111.89000000000001 10.975537551939487
      vertex 25.626282800734042 110.68 10.509090913832187
    endloop
  endfacet
  facet normal 0.5188513496213154 0.7883739126833404 -0.3305447788068969
    outer loop
      vertex 25.626282800734042 110.68 10.509090913832187
      vertex 24.522036162018775 111.89000000000001 11.661711072921753
      vertex 25.775425311923026 110.68 10.743197752535343
    endloop
  endfacet
  facet normal 0.48749703966184976 0.7889350724454354 -0.3740696295964811
    outer loop
      vertex 25.775425311923026 110.68 10.743197752535343
      vertex 24.522036162018775 111.89000000000001 11.661711072921753
      vertex 25.944404040277004 110.68 10.963415122032165
    endloop
  endfacet
  facet normal 0.5907920266699469 0.7850261331795256 -0.18627600878378983
    outer loop
      vertex 23.854882609844207 111.89000000000001 10.230995661020279
      vertex 23.974124450981616 111.89000000000001 10.609182468056678
      vertex 25.391887110471725 110.68 10.00642773360014
    endloop
  endfacet
  facet normal 0.5706767076967749 0.7864169563001382 -0.23638203429194024
    outer loop
      vertex 25.391887110471725 110.68 10.00642773360014
      vertex 23.974124450981616 111.89000000000001 10.609182468056678
      vertex 24.125873696804046 111.89000000000001 10.975537551939487
    endloop
  endfacet
  facet normal 0.9537169515373958 0 -0.3007057970013499
    outer loop
      vertex 23.854882609844207 111.89000000000001 10.230995661020279
      vertex 23.854882609844207 111.89999999850988 10.230995661020279
      vertex 23.974124450981616 111.89000000000001 10.609182468056678
    endloop
  endfacet
  facet normal 0.9537169515373958 0 -0.3007057970013499
    outer loop
      vertex 23.854882609844207 111.89999999850988 10.230995661020279
      vertex 23.974124450981616 111.89999999850988 10.609182468056678
      vertex 23.974124450981616 111.89000000000001 10.609182468056678
    endloop
  endfacet
  facet normal 0.5466394098942552 0.7875338456107902 -0.28456246689952014
    outer loop
      vertex 25.626282800734042 110.68 10.509090913832187
      vertex 24.125873696804046 111.89000000000001 10.975537551939487
      vertex 24.308975440263747 111.89000000000001 11.327272726595401
    endloop
  endfacet
  facet normal 0.9238795312328829 0 -0.38268343545142947
    outer loop
      vertex 23.974124450981616 111.89000000000001 10.609182468056678
      vertex 23.974124450981616 111.89999999850988 10.609182468056678
      vertex 24.125873696804046 111.89000000000001 10.975537551939487
    endloop
  endfacet
  facet normal 0.9238795312328829 0 -0.38268343545142947
    outer loop
      vertex 23.974124450981616 111.89999999850988 10.609182468056678
      vertex 24.125873696804046 111.89999999850988 10.975537551939487
      vertex 24.125873696804046 111.89000000000001 10.975537551939487
    endloop
  endfacet
  facet normal 0.8870108321311254 0 -0.4617486152464871
    outer loop
      vertex 24.125873696804046 111.89000000000001 10.975537551939487
      vertex 24.125873696804046 111.89999999850988 10.975537551939487
      vertex 24.308975440263747 111.89000000000001 11.327272726595401
    endloop
  endfacet
  facet normal 0.5188513599858856 0.7883739108376944 -0.3305447669397839
    outer loop
      vertex 25.626282800734042 110.68 10.509090913832187
      vertex 24.308975440263747 111.89000000000001 11.327272726595401
      vertex 24.522036162018775 111.89000000000001 11.661711072921753
    endloop
  endfacet
  facet normal 0.4527736183679962 0.7892159824860527 -0.41489056810022396
    outer loop
      vertex 25.944404040277004 110.68 10.963415122032165
      vertex 24.763434347510337 111.89000000000001 11.976307316124439
      vertex 26.13193296343088 110.68 11.168067036569118
    endloop
  endfacet
  facet normal 0.8870108321311254 0 -0.4617486152464871
    outer loop
      vertex 24.125873696804046 111.89999999850988 10.975537551939487
      vertex 24.308975440263747 111.89999999850988 11.327272726595401
      vertex 24.308975440263747 111.89000000000001 11.327272726595401
    endloop
  endfacet
  facet normal 0.843391448970505 0 -0.5372996033903543
    outer loop
      vertex 24.308975440263747 111.89000000000001 11.327272726595401
      vertex 24.308975440263747 111.89999999850988 11.327272726595401
      vertex 24.522036162018775 111.89000000000001 11.661711072921753
    endloop
  endfacet
  facet normal 0.843391448970505 0 -0.5372996033903543
    outer loop
      vertex 24.308975440263747 111.89999999850988 11.327272726595401
      vertex 24.522036162018775 111.89999999850988 11.661711072921753
      vertex 24.522036162018775 111.89000000000001 11.661711072921753
    endloop
  endfacet
  facet normal 0.48749703883983947 0.788935072288454 -0.3740696309988289
    outer loop
      vertex 25.944404040277004 110.68 10.963415122032165
      vertex 24.522036162018775 111.89000000000001 11.661711072921753
      vertex 24.763434347510337 111.89000000000001 11.976307316124439
    endloop
  endfacet
  facet normal 0.7933533430129134 0 -0.6087614254617605
    outer loop
      vertex 24.522036162018775 111.89000000000001 11.661711072921753
      vertex 24.522036162018775 111.89999999850988 11.661711072921753
      vertex 24.763434347510337 111.89000000000001 11.976307316124439
    endloop
  endfacet
  facet normal 0.7933533430129134 0 -0.6087614254617605
    outer loop
      vertex 24.522036162018775 111.89999999850988 11.661711072921753
      vertex 24.763434347510337 111.89999999850988 11.976307316124439
      vertex 24.763434347510337 111.89000000000001 11.976307316124439
    endloop
  endfacet
  facet normal 0.4527736056562453 0.7892159802353356 -0.41489058625404074
    outer loop
      vertex 26.13193296343088 110.68 11.168067036569118
      vertex 24.763434347510337 111.89000000000001 11.976307316124439
      vertex 25.031332817673682 111.89000000000001 12.268667182326316
    endloop
  endfacet
  facet normal 0.41489058625404074 0.7892159802353356 -0.4527736056562453
    outer loop
      vertex 26.13193296343088 110.68 11.168067036569118
      vertex 25.031332817673682 111.89000000000001 12.268667182326316
      vertex 25.32369268387556 111.89000000000001 12.536565652489662
    endloop
  endfacet
  facet normal 0.7372773233308149 0 -0.6755902223257445
    outer loop
      vertex 24.763434347510337 111.89000000000001 11.976307316124439
      vertex 24.763434347510337 111.89999999850988 11.976307316124439
      vertex 25.031332817673682 111.89000000000001 12.268667182326316
    endloop
  endfacet
  facet normal 0.41489056810022396 0.7892159824860527 -0.4527736183679962
    outer loop
      vertex 26.13193296343088 110.68 11.168067036569118
      vertex 25.32369268387556 111.89000000000001 12.536565652489662
      vertex 26.336584877967834 110.68 11.355595959722995
    endloop
  endfacet
  facet normal 0.3740696295964811 0.7889350724454354 -0.48749703966184976
    outer loop
      vertex 26.336584877967834 110.68 11.355595959722995
      vertex 25.638288927078246 111.89000000000001 12.777963837981224
      vertex 26.556802247464656 110.68 11.524574688076973
    endloop
  endfacet
  facet normal 0.3305447788068969 0.7883739126833404 -0.5188513496213154
    outer loop
      vertex 26.556802247464656 110.68 11.524574688076973
      vertex 25.638288927078246 111.89000000000001 12.777963837981224
      vertex 26.79090908616781 110.68 11.673717199265957
    endloop
  endfacet
  facet normal 0.7372773233308149 0 -0.6755902223257445
    outer loop
      vertex 24.763434347510337 111.89999999850988 11.976307316124439
      vertex 25.031332817673682 111.89999999850988 12.268667182326316
      vertex 25.031332817673682 111.89000000000001 12.268667182326316
    endloop
  endfacet
  facet normal 0.6755902223257445 0 -0.7372773233308149
    outer loop
      vertex 25.031332817673682 111.89000000000001 12.268667182326316
      vertex 25.031332817673682 111.89999999850988 12.268667182326316
      vertex 25.32369268387556 111.89000000000001 12.536565652489662
    endloop
  endfacet
  facet normal 0.6755902223257445 0 -0.7372773233308149
    outer loop
      vertex 25.031332817673682 111.89999999850988 12.268667182326316
      vertex 25.32369268387556 111.89999999850988 12.536565652489662
      vertex 25.32369268387556 111.89000000000001 12.536565652489662
    endloop
  endfacet
  facet normal 0.6087614254617605 0 -0.7933533430129134
    outer loop
      vertex 25.32369268387556 111.89000000000001 12.536565652489662
      vertex 25.32369268387556 111.89999999850988 12.536565652489662
      vertex 25.638288927078246 111.89000000000001 12.777963837981224
    endloop
  endfacet
  facet normal 0.6087614254617605 0 -0.7933533430129134
    outer loop
      vertex 25.32369268387556 111.89999999850988 12.536565652489662
      vertex 25.638288927078246 111.89999999850988 12.777963837981224
      vertex 25.638288927078246 111.89000000000001 12.777963837981224
    endloop
  endfacet
  facet normal 0.5372996033903543 0 -0.843391448970505
    outer loop
      vertex 25.638288927078246 111.89000000000001 12.777963837981224
      vertex 25.638288927078246 111.89999999850988 12.777963837981224
      vertex 25.972727273404598 111.89000000000001 12.991024559736251
    endloop
  endfacet
  facet normal 0.28456245456039103 0.787533846762197 -0.5466394146587873
    outer loop
      vertex 26.79090908616781 110.68 11.673717199265957
      vertex 26.324462448060512 111.89000000000001 13.174126303195953
      vertex 27.037123706936836 110.68 11.801888412237167
    endloop
  endfacet
  facet normal 0.2363820429752302 0.7864169576070894 -0.5706767022990037
    outer loop
      vertex 27.037123706936836 110.68 11.801888412237167
      vertex 26.324462448060512 111.89000000000001 13.174126303195953
      vertex 27.29357226639986 110.68 11.908112889528274
    endloop
  endfacet
  facet normal 0.18627600312040404 0.7850261336323566 -0.5907920278538976
    outer loop
      vertex 27.29357226639986 110.68 11.908112889528274
      vertex 27.080050200954023 111.83048351809428 13.369516480609825
      vertex 27.558303032815456 110.68 11.991582176089286
    endloop
  endfacet
  facet normal 0.13453058556828018 0.7833651773625767 -0.6068282462462952
    outer loop
      vertex 27.558303032815456 110.68 11.991582176089286
      vertex 27.108463166530015 111.82720192645138 13.3727980722619
      vertex 27.829301249980926 110.68 12.05166103541851
    endloop
  endfacet
  facet normal 0.37406963099882884 0.7889350722884539 -0.4874970388398394
    outer loop
      vertex 26.336584877967834 110.68 11.355595959722995
      vertex 25.32369268387556 111.89000000000001 12.536565652489662
      vertex 25.638288927078246 111.89000000000001 12.777963837981224
    endloop
  endfacet
  facet normal 0.3305447669397839 0.7883739108376944 -0.5188513599858856
    outer loop
      vertex 26.79090908616781 110.68 11.673717199265957
      vertex 25.638288927078246 111.89000000000001 12.777963837981224
      vertex 25.972727273404598 111.89000000000001 12.991024559736251
    endloop
  endfacet
  facet normal 0.2845624668995201 0.7875338456107901 -0.5466394098942552
    outer loop
      vertex 26.79090908616781 110.68 11.673717199265957
      vertex 25.972727273404598 111.89000000000001 12.991024559736251
      vertex 26.324462448060512 111.89000000000001 13.174126303195953
    endloop
  endfacet
  facet normal 0.5372996033903543 0 -0.843391448970505
    outer loop
      vertex 25.638288927078246 111.89999999850988 12.777963837981224
      vertex 25.972727273404598 111.89999999850988 12.991024559736251
      vertex 25.972727273404598 111.89000000000001 12.991024559736251
    endloop
  endfacet
  facet normal 0.23638203429194757 0.7864169563001395 -0.5706767076967703
    outer loop
      vertex 27.29357226639986 110.68 11.908112889528274
      vertex 26.324462448060512 111.89000000000001 13.174126303195953
      vertex 26.69445905686088 111.88268982075402 13.317310177804218
    endloop
  endfacet
  facet normal 0.18627600878378814 0.7850261331795265 -0.5907920266699461
    outer loop
      vertex 27.29357226639986 110.68 11.908112889528274
      vertex 26.69445905686088 111.88268982075402 13.317310177804218
      vertex 27.080050200954023 111.83048351809428 13.369516480609825
    endloop
  endfacet
  facet normal 0.1862760031200256 0.7850261336323516 -0.5907920278540234
    outer loop
      vertex 27.558303032815456 110.68 11.991582176089286
      vertex 27.080050200954023 111.83048351809428 13.369516480609825
      vertex 27.09382577283954 111.82861840354624 13.371381595163081
    endloop
  endfacet
  facet normal 0.13453058556828246 0.783365177362577 -0.6068282462462943
    outer loop
      vertex 27.558303032815456 110.68 11.991582176089286
      vertex 27.09382577283954 111.82861840354624 13.371381595163081
      vertex 27.108463166530015 111.82720192645138 13.3727980722619
    endloop
  endfacet
  facet normal 0.13453058370191454 0.7833651770825912 -0.6068282470214967
    outer loop
      vertex 27.829301249980926 110.68 12.05166103541851
      vertex 27.108463166530015 111.82720192645138 13.3727980722619
      vertex 27.48680219976705 111.79058963205118 13.409410366764396
    endloop
  endfacet
  facet normal 0.08144596275059933 0.781438916125672 -0.6186434963013537
    outer loop
      vertex 27.829301249980926 110.68 12.05166103541851
      vertex 27.48680219976705 111.79058963205118 13.409410366764396
      vertex 27.510139603450032 111.78923204246085 13.41076795635852
    endloop
  endfacet
  facet normal 0.08144596275072158 0.7814389161256784 -0.6186434963013294
    outer loop
      vertex 27.829301249980926 110.68 12.05166103541851
      vertex 27.510139603450032 111.78923204246085 13.41076795635852
      vertex 28.10450445562601 110.68 12.087892225384712
    endloop
  endfacet
  facet normal 0.027336655157352074 0.7792533484890946 -0.6261125507074122
    outer loop
      vertex 28.10450445562601 110.68 12.087892225384712
      vertex 28.23043841593457 111.76109253916921 13.438907459728778
      vertex 28.381818179786205 110.68 12.1
    endloop
  endfacet
  facet normal 0.08144596059505155 0.7814389157998687 -0.6186434969966751
    outer loop
      vertex 28.10450445562601 110.68 12.087892225384712
      vertex 27.510139603450032 111.78923204246085 13.41076795635852
      vertex 27.875022983131114 111.76800595101439 13.431994047864288
    endloop
  endfacet
  facet normal 0.027336666805853817 0.7792533477093636 -0.6261125511692728
    outer loop
      vertex 28.10450445562601 110.68 12.087892225384712
      vertex 27.875022983131114 111.76800595101439 13.431994047864288
      vertex 28.23043841593457 111.76109253916921 13.438907459728778
    endloop
  endfacet
  facet normal 0.027336655157481387 0.779253348489099 -0.6261125507074011
    outer loop
      vertex 28.381818179786205 110.68 12.1
      vertex 28.23043841593457 111.76109253916921 13.438907459728778
      vertex 28.26004696515362 111.76051660467473 13.43948339422486
    endloop
  endfacet
  facet normal 0 0.7783312410184143 -0.6278538677548582
    outer loop
      vertex 28.381818179786205 110.68 12.1
      vertex 28.26004696515362 111.76051660467473 13.43948339422486
      vertex 35.0181818202138 110.68 12.1
    endloop
  endfacet
  facet normal 0.4617486152464871 0 -0.8870108321311254
    outer loop
      vertex 25.972727273404598 111.89000000000001 12.991024559736251
      vertex 25.972727273404598 111.89999999850988 12.991024559736251
      vertex 26.324462448060512 111.89000000000001 13.174126303195953
    endloop
  endfacet
  facet normal 0.4617486152464871 0 -0.8870108321311254
    outer loop
      vertex 25.972727273404598 111.89999999850988 12.991024559736251
      vertex 26.324462448060512 111.89999999850988 13.174126303195953
      vertex 26.324462448060512 111.89000000000001 13.174126303195953
    endloop
  endfacet
  facet normal 0.382683435451428 0 -0.9238795312328837
    outer loop
      vertex 26.324462448060512 111.89000000000001 13.174126303195953
      vertex 26.324462448060512 111.89999999850988 13.174126303195953
      vertex 26.652490563025122 111.89000000000001 13.309999998537808
    endloop
  endfacet
  facet normal 0.2363820342920351 0.7864169562999417 -0.5706767076970064
    outer loop
      vertex 26.324462448060512 111.89000000000001 13.174126303195953
      vertex 26.652490563025122 111.89000000000001 13.309999998537808
      vertex 26.69445905686088 111.88268982075402 13.317310177804218
    endloop
  endfacet
  facet normal 0.3826834354514309 1.1313813781160802e-13 -0.9238795312328825
    outer loop
      vertex 26.324462448060512 111.89999999850988 13.174126303195953
      vertex 26.62834843115954 111.89999999850988 13.299999999999999
      vertex 26.652490563025122 111.89000000000001 13.309999998537808
    endloop
  endfacet
  facet normal 0 0 1
    outer loop
      vertex 28.245454546809196 111.89000000000001 3.5999999999999996
      vertex 35.154545453190806 111.89000000000001 3.5999999999999996
      vertex 35.154545453190806 111.89999999850988 3.5999999999999996
    endloop
  endfacet
  facet normal -0.043619391275086496 0 0.9990482214111543
    outer loop
      vertex 35.154545453190806 111.89000000000001 3.5999999999999996
      vertex 35.550707918405536 111.89999999850988 3.617296828329563
      vertex 35.154545453190806 111.89999999850988 3.5999999999999996
    endloop
  endfacet
  facet normal -0.043619391275086496 0 0.9990482214111543
    outer loop
      vertex 35.154545453190806 111.89000000000001 3.5999999999999996
      vertex 35.550707918405536 111.89000000000001 3.617296828329563
      vertex 35.550707918405536 111.89999999850988 3.617296828329563
    endloop
  endfacet
  facet normal -0.13052619080107408 0 0.9914448615606224
    outer loop
      vertex 35.550707918405536 111.89000000000001 3.617296828329563
      vertex 35.94385534971953 111.89999999850988 3.669055669009685
      vertex 35.550707918405536 111.89999999850988 3.617296828329563
    endloop
  endfacet
  facet normal -0.13052619080107408 0 0.9914448615606224
    outer loop
      vertex 35.550707918405536 111.89000000000001 3.617296828329563
      vertex 35.94385534971953 111.89000000000001 3.669055669009685
      vertex 35.94385534971953 111.89999999850988 3.669055669009685
    endloop
  endfacet
  facet normal -0.21643961423908833 0 0.9762960070532066
    outer loop
      vertex 35.94385534971953 111.89000000000001 3.669055669009685
      vertex 36.33099566102028 111.89999999850988 3.7548826098442074
      vertex 35.94385534971953 111.89999999850988 3.669055669009685
    endloop
  endfacet
  facet normal 0 0.7783312410184142 0.6278538677548583
    outer loop
      vertex 28.245454546809196 111.89000000000001 3.5999999999999996
      vertex 35.0181818202138 110.68 5.1
      vertex 35.154545453190806 111.89000000000001 3.5999999999999996
    endloop
  endfacet
  facet normal -0.027336655157352008 0.7792533484890959 0.6261125507074108
    outer loop
      vertex 35.154545453190806 111.89000000000001 3.5999999999999996
      vertex 35.0181818202138 110.68 5.1
      vertex 35.29549554437399 110.68 5.112107774615287
    endloop
  endfacet
  facet normal -0.08144596275072118 0.7814389161256802 0.6186434963013271
    outer loop
      vertex 35.94385534971953 111.89000000000001 3.669055669009685
      vertex 35.29549554437399 110.68 5.112107774615287
      vertex 35.570698750019076 110.68 5.148338964581489
    endloop
  endfacet
  facet normal -0.027336666805851274 0.7792533477093652 0.6261125511692711
    outer loop
      vertex 35.154545453190806 111.89000000000001 3.5999999999999996
      vertex 35.29549554437399 110.68 5.112107774615287
      vertex 35.550707918405536 111.89000000000001 3.617296828329563
    endloop
  endfacet
  facet normal -0.08144596059505023 0.7814389157998702 0.6186434969966732
    outer loop
      vertex 35.550707918405536 111.89000000000001 3.617296828329563
      vertex 35.29549554437399 110.68 5.112107774615287
      vertex 35.94385534971953 111.89000000000001 3.669055669009685
    endloop
  endfacet
  facet normal -0.21643961423908833 0 0.9762960070532066
    outer loop
      vertex 35.94385534971953 111.89000000000001 3.669055669009685
      vertex 36.33099566102028 111.89000000000001 3.7548826098442074
      vertex 36.33099566102028 111.89999999850988 3.7548826098442074
    endloop
  endfacet
  facet normal -0.3007057970013499 0 0.9537169515373958
    outer loop
      vertex 36.33099566102028 111.89000000000001 3.7548826098442074
      vertex 36.70918246805668 111.89999999850988 3.8741244509816166
      vertex 36.33099566102028 111.89999999850988 3.7548826098442074
    endloop
  endfacet
  facet normal -0.3007057970013499 0 0.9537169515373958
    outer loop
      vertex 36.33099566102028 111.89000000000001 3.7548826098442074
      vertex 36.70918246805668 111.89000000000001 3.8741244509816166
      vertex 36.70918246805668 111.89999999850988 3.8741244509816166
    endloop
  endfacet
  facet normal -0.38268343545142947 0 0.9238795312328829
    outer loop
      vertex 36.70918246805668 111.89000000000001 3.8741244509816166
      vertex 37.07553755193949 111.89999999850988 4.025873696804046
      vertex 36.70918246805668 111.89999999850988 3.8741244509816166
    endloop
  endfacet
  facet normal -0.38268343545142947 0 0.9238795312328829
    outer loop
      vertex 36.70918246805668 111.89000000000001 3.8741244509816166
      vertex 37.07553755193949 111.89000000000001 4.025873696804046
      vertex 37.07553755193949 111.89999999850988 4.025873696804046
    endloop
  endfacet
  facet normal -0.4617486152464871 0 0.8870108321311254
    outer loop
      vertex 37.07553755193949 111.89000000000001 4.025873696804046
      vertex 37.427272726595405 111.89999999850988 4.208975440263748
      vertex 37.07553755193949 111.89999999850988 4.025873696804046
    endloop
  endfacet
  facet normal -0.4617486152464871 0 0.8870108321311254
    outer loop
      vertex 37.07553755193949 111.89000000000001 4.025873696804046
      vertex 37.427272726595405 111.89000000000001 4.208975440263748
      vertex 37.427272726595405 111.89999999850988 4.208975440263748
    endloop
  endfacet
  facet normal -0.13453058370191298 0.7833651770825918 0.6068282470214962
    outer loop
      vertex 35.94385534971953 111.89000000000001 3.669055669009685
      vertex 35.570698750019076 110.68 5.148338964581489
      vertex 36.33099566102028 111.89000000000001 3.7548826098442074
    endloop
  endfacet
  facet normal -0.1862760087837898 0.7850261331795255 0.5907920266699469
    outer loop
      vertex 36.33099566102028 111.89000000000001 3.7548826098442074
      vertex 36.10642773360014 110.68 5.291887110471725
      vertex 36.70918246805668 111.89000000000001 3.8741244509816166
    endloop
  endfacet
  facet normal -0.2363820342919402 0.7864169563001384 0.5706767076967748
    outer loop
      vertex 36.70918246805668 111.89000000000001 3.8741244509816166
      vertex 36.10642773360014 110.68 5.291887110471725
      vertex 37.07553755193949 111.89000000000001 4.025873696804046
    endloop
  endfacet
  facet normal -0.2845624668995201 0.7875338456107901 0.5466394098942552
    outer loop
      vertex 37.07553755193949 111.89000000000001 4.025873696804046
      vertex 36.60909091383219 110.68 5.526282800734043
      vertex 37.427272726595405 111.89000000000001 4.208975440263748
    endloop
  endfacet
  facet normal -0.5372996033903543 0 0.843391448970505
    outer loop
      vertex 37.427272726595405 111.89000000000001 4.208975440263748
      vertex 37.761711072921756 111.89999999850988 4.422036162018776
      vertex 37.427272726595405 111.89999999850988 4.208975440263748
    endloop
  endfacet
  facet normal -0.5372996033903543 0 0.843391448970505
    outer loop
      vertex 37.427272726595405 111.89000000000001 4.208975440263748
      vertex 37.761711072921756 111.89000000000001 4.422036162018776
      vertex 37.761711072921756 111.89999999850988 4.422036162018776
    endloop
  endfacet
  facet normal -0.6087614254617605 0 0.7933533430129134
    outer loop
      vertex 37.761711072921756 111.89000000000001 4.422036162018776
      vertex 38.07630731612444 111.89999999850988 4.6634343475103375
      vertex 37.761711072921756 111.89999999850988 4.422036162018776
    endloop
  endfacet
  facet normal -0.6087614254617605 0 0.7933533430129134
    outer loop
      vertex 37.761711072921756 111.89000000000001 4.422036162018776
      vertex 38.07630731612444 111.89000000000001 4.6634343475103375
      vertex 38.07630731612444 111.89999999850988 4.6634343475103375
    endloop
  endfacet
  facet normal -0.13453058556827993 0.7833651773625777 0.6068282462462942
    outer loop
      vertex 35.570698750019076 110.68 5.148338964581489
      vertex 35.84169696718455 110.68 5.208417823910713
      vertex 36.33099566102028 111.89000000000001 3.7548826098442074
    endloop
  endfacet
  facet normal -0.18627600312040432 0.7850261336323558 0.5907920278538987
    outer loop
      vertex 36.33099566102028 111.89000000000001 3.7548826098442074
      vertex 35.84169696718455 110.68 5.208417823910713
      vertex 36.10642773360014 110.68 5.291887110471725
    endloop
  endfacet
  facet normal -0.2363820429752302 0.7864169576070894 0.5706767022990037
    outer loop
      vertex 37.07553755193949 111.89000000000001 4.025873696804046
      vertex 36.10642773360014 110.68 5.291887110471725
      vertex 36.36287629306317 110.68 5.398111587762832
    endloop
  endfacet
  facet normal -0.28456245456039087 0.7875338467621971 0.5466394146587873
    outer loop
      vertex 37.07553755193949 111.89000000000001 4.025873696804046
      vertex 36.36287629306317 110.68 5.398111587762832
      vertex 36.60909091383219 110.68 5.526282800734043
    endloop
  endfacet
  facet normal -0.3305447788068968 0.7883739126833404 0.5188513496213154
    outer loop
      vertex 37.761711072921756 111.89000000000001 4.422036162018776
      vertex 36.60909091383219 110.68 5.526282800734043
      vertex 36.843197752535346 110.68 5.675425311923027
    endloop
  endfacet
  facet normal -0.37406962959648093 0.7889350724454355 0.48749703966184976
    outer loop
      vertex 37.761711072921756 111.89000000000001 4.422036162018776
      vertex 36.843197752535346 110.68 5.675425311923027
      vertex 37.06341512203217 110.68 5.844404040277004
    endloop
  endfacet
  facet normal -0.41489056810022396 0.7892159824860528 0.4527736183679963
    outer loop
      vertex 38.07630731612444 111.89000000000001 4.6634343475103375
      vertex 37.06341512203217 110.68 5.844404040277004
      vertex 37.26806703656912 110.68 6.031932963430881
    endloop
  endfacet
  facet normal -0.33054476693978396 0.7883739108376944 0.5188513599858855
    outer loop
      vertex 37.427272726595405 111.89000000000001 4.208975440263748
      vertex 36.60909091383219 110.68 5.526282800734043
      vertex 37.761711072921756 111.89000000000001 4.422036162018776
    endloop
  endfacet
  facet normal -0.3740696309988289 0.788935072288454 0.4874970388398394
    outer loop
      vertex 37.761711072921756 111.89000000000001 4.422036162018776
      vertex 37.06341512203217 110.68 5.844404040277004
      vertex 38.07630731612444 111.89000000000001 4.6634343475103375
    endloop
  endfacet
  facet normal -0.6755902223257445 0 0.7372773233308149
    outer loop
      vertex 38.07630731612444 111.89000000000001 4.6634343475103375
      vertex 38.36866718232632 111.89999999850988 4.931332817673683
      vertex 38.07630731612444 111.89999999850988 4.6634343475103375
    endloop
  endfacet
  facet normal -0.6755902223257445 0 0.7372773233308149
    outer loop
      vertex 38.07630731612444 111.89000000000001 4.6634343475103375
      vertex 38.36866718232632 111.89000000000001 4.931332817673683
      vertex 38.36866718232632 111.89999999850988 4.931332817673683
    endloop
  endfacet
  facet normal -0.7372773233308149 0 0.6755902223257445
    outer loop
      vertex 38.36866718232632 111.89000000000001 4.931332817673683
      vertex 38.636565652489665 111.89999999850988 5.22369268387556
      vertex 38.36866718232632 111.89999999850988 4.931332817673683
    endloop
  endfacet
  facet normal -0.4148905862540406 0.7892159802353355 0.4527736056562451
    outer loop
      vertex 38.07630731612444 111.89000000000001 4.6634343475103375
      vertex 37.26806703656912 110.68 6.031932963430881
      vertex 38.36866718232632 111.89000000000001 4.931332817673683
    endloop
  endfacet
  facet normal -0.4527736056562451 0.7892159802353355 0.4148905862540406
    outer loop
      vertex 38.36866718232632 111.89000000000001 4.931332817673683
      vertex 37.26806703656912 110.68 6.031932963430881
      vertex 38.636565652489665 111.89000000000001 5.22369268387556
    endloop
  endfacet
  facet normal -0.7372773233308149 0 0.6755902223257445
    outer loop
      vertex 38.36866718232632 111.89000000000001 4.931332817673683
      vertex 38.636565652489665 111.89000000000001 5.22369268387556
      vertex 38.636565652489665 111.89999999850988 5.22369268387556
    endloop
  endfacet
  facet normal -0.7933533430129134 0 0.6087614254617605
    outer loop
      vertex 38.636565652489665 111.89000000000001 5.22369268387556
      vertex 38.87796383798123 111.89999999850988 5.538288927078247
      vertex 38.636565652489665 111.89999999850988 5.22369268387556
    endloop
  endfacet
  facet normal -0.7933533430129134 0 0.6087614254617605
    outer loop
      vertex 38.636565652489665 111.89000000000001 5.22369268387556
      vertex 38.87796383798123 111.89000000000001 5.538288927078247
      vertex 38.87796383798123 111.89999999850988 5.538288927078247
    endloop
  endfacet
  facet normal -0.4527736183679963 0.7892159824860528 0.41489056810022396
    outer loop
      vertex 38.636565652489665 111.89000000000001 5.22369268387556
      vertex 37.26806703656912 110.68 6.031932963430881
      vertex 37.455595959723 110.68 6.236584877967834
    endloop
  endfacet
  facet normal -0.48749703966184976 0.7889350724454355 0.37406962959648093
    outer loop
      vertex 38.87796383798123 111.89000000000001 5.538288927078247
      vertex 37.455595959723 110.68 6.236584877967834
      vertex 37.624574688076976 110.68 6.4568022474646565
    endloop
  endfacet
  facet normal -0.5188513496213154 0.7883739126833404 0.3305447788068968
    outer loop
      vertex 38.87796383798123 111.89000000000001 5.538288927078247
      vertex 37.624574688076976 110.68 6.4568022474646565
      vertex 37.77371719926596 110.68 6.690909086167812
    endloop
  endfacet
  facet normal -0.4874970388398394 0.788935072288454 0.3740696309988289
    outer loop
      vertex 38.636565652489665 111.89000000000001 5.22369268387556
      vertex 37.455595959723 110.68 6.236584877967834
      vertex 38.87796383798123 111.89000000000001 5.538288927078247
    endloop
  endfacet
  facet normal -0.5188513599858855 0.7883739108376944 0.33054476693978396
    outer loop
      vertex 38.87796383798123 111.89000000000001 5.538288927078247
      vertex 37.77371719926596 110.68 6.690909086167812
      vertex 39.091024559736255 111.89000000000001 5.872727273404598
    endloop
  endfacet
  facet normal -0.843391448970505 0 0.5372996033903543
    outer loop
      vertex 38.87796383798123 111.89000000000001 5.538288927078247
      vertex 39.091024559736255 111.89999999850988 5.872727273404598
      vertex 38.87796383798123 111.89999999850988 5.538288927078247
    endloop
  endfacet
  facet normal -0.843391448970505 0 0.5372996033903543
    outer loop
      vertex 38.87796383798123 111.89000000000001 5.538288927078247
      vertex 39.091024559736255 111.89000000000001 5.872727273404598
      vertex 39.091024559736255 111.89999999850988 5.872727273404598
    endloop
  endfacet
  facet normal -0.8870108321311254 0 0.4617486152464871
    outer loop
      vertex 39.091024559736255 111.89000000000001 5.872727273404598
      vertex 39.274126303195956 111.89999999850988 6.224462448060512
      vertex 39.091024559736255 111.89999999850988 5.872727273404598
    endloop
  endfacet
  facet normal -0.5466394098942552 0.7875338456107902 0.28456246689952014
    outer loop
      vertex 39.091024559736255 111.89000000000001 5.872727273404598
      vertex 37.77371719926596 110.68 6.690909086167812
      vertex 39.274126303195956 111.89000000000001 6.224462448060512
    endloop
  endfacet
  facet normal -0.8870108321311254 0 0.4617486152464871
    outer loop
      vertex 39.091024559736255 111.89000000000001 5.872727273404598
      vertex 39.274126303195956 111.89000000000001 6.224462448060512
      vertex 39.274126303195956 111.89999999850988 6.224462448060512
    endloop
  endfacet
  facet normal -0.9238795312328829 0 0.38268343545142947
    outer loop
      vertex 39.274126303195956 111.89000000000001 6.224462448060512
      vertex 39.425875549018386 111.89999999850988 6.590817531943321
      vertex 39.274126303195956 111.89999999850988 6.224462448060512
    endloop
  endfacet
  facet normal -0.9238795312328829 0 0.38268343545142947
    outer loop
      vertex 39.274126303195956 111.89000000000001 6.224462448060512
      vertex 39.425875549018386 111.89000000000001 6.590817531943321
      vertex 39.425875549018386 111.89999999850988 6.590817531943321
    endloop
  endfacet
  facet normal -0.5466394146587873 0.7875338467621971 0.28456245456039087
    outer loop
      vertex 39.274126303195956 111.89000000000001 6.224462448060512
      vertex 37.77371719926596 110.68 6.690909086167812
      vertex 37.90188841223717 110.68 6.937123706936836
    endloop
  endfacet
  facet normal -0.5706767022990037 0.7864169576070894 0.2363820429752302
    outer loop
      vertex 39.274126303195956 111.89000000000001 6.224462448060512
      vertex 37.90188841223717 110.68 6.937123706936836
      vertex 38.00811288952828 110.68 7.19357226639986
    endloop
  endfacet
  facet normal -0.5907920278538987 0.7850261336323558 0.18627600312040432
    outer loop
      vertex 39.545117390155795 111.89000000000001 6.969004338979721
      vertex 38.00811288952828 110.68 7.19357226639986
      vertex 38.09158217608929 110.68 7.458303032815456
    endloop
  endfacet
  facet normal -0.6068282462462942 0.7833651773625777 0.13453058556827996
    outer loop
      vertex 39.545117390155795 111.89000000000001 6.969004338979721
      vertex 38.09158217608929 110.68 7.458303032815456
      vertex 38.15166103541851 110.68 7.729301249980926
    endloop
  endfacet
  facet normal -0.5706767076967748 0.7864169563001384 0.2363820342919402
    outer loop
      vertex 39.274126303195956 111.89000000000001 6.224462448060512
      vertex 38.00811288952828 110.68 7.19357226639986
      vertex 39.425875549018386 111.89000000000001 6.590817531943321
    endloop
  endfacet
  facet normal -0.5907920266699469 0.7850261331795256 0.18627600878378983
    outer loop
      vertex 39.425875549018386 111.89000000000001 6.590817531943321
      vertex 38.00811288952828 110.68 7.19357226639986
      vertex 39.545117390155795 111.89000000000001 6.969004338979721
    endloop
  endfacet
  facet normal -0.9537169515373958 0 0.3007057970013499
    outer loop
      vertex 39.425875549018386 111.89000000000001 6.590817531943321
      vertex 39.545117390155795 111.89999999850988 6.969004338979721
      vertex 39.425875549018386 111.89999999850988 6.590817531943321
    endloop
  endfacet
  facet normal -0.9537169515373958 0 0.3007057970013499
    outer loop
      vertex 39.425875549018386 111.89000000000001 6.590817531943321
      vertex 39.545117390155795 111.89000000000001 6.969004338979721
      vertex 39.545117390155795 111.89999999850988 6.969004338979721
    endloop
  endfacet
  facet normal -0.6068282470214962 0.7833651770825918 0.13453058370191298
    outer loop
      vertex 39.545117390155795 111.89000000000001 6.969004338979721
      vertex 38.15166103541851 110.68 7.729301249980926
      vertex 39.63094433099032 111.89000000000001 7.356144650280475
    endloop
  endfacet
  facet normal -0.9762960070532066 0 0.21643961423908833
    outer loop
      vertex 39.545117390155795 111.89000000000001 6.969004338979721
      vertex 39.63094433099032 111.89999999850988 7.356144650280475
      vertex 39.545117390155795 111.89999999850988 6.969004338979721
    endloop
  endfacet
  facet normal -0.9762960070532066 0 0.21643961423908833
    outer loop
      vertex 39.545117390155795 111.89000000000001 6.969004338979721
      vertex 39.63094433099032 111.89000000000001 7.356144650280475
      vertex 39.63094433099032 111.89999999850988 7.356144650280475
    endloop
  endfacet
  facet normal -0.6186434963013271 0.7814389161256802 0.08144596275072118
    outer loop
      vertex 39.63094433099032 111.89000000000001 7.356144650280475
      vertex 38.15166103541851 110.68 7.729301249980926
      vertex 38.187892225384715 110.68 8.00450445562601
    endloop
  endfacet
  facet normal -0.6261125507074106 0.7792533484890958 0.027336655157352004
    outer loop
      vertex 38.187892225384715 110.68 8.00450445562601
      vertex 38.2 110.68 8.281818179786205
      vertex 39.7 111.89000000000001 8.145454546809196
    endloop
  endfacet
  facet normal -0.6186434969966733 0.7814389157998703 0.08144596059505024
    outer loop
      vertex 39.63094433099032 111.89000000000001 7.356144650280475
      vertex 38.187892225384715 110.68 8.00450445562601
      vertex 39.68270317167044 111.89000000000001 7.749292081594467
    endloop
  endfacet
  facet normal -0.6261125511692711 0.7792533477093652 0.027336666805851405
    outer loop
      vertex 38.187892225384715 110.68 8.00450445562601
      vertex 39.7 111.89000000000001 8.145454546809196
      vertex 39.68270317167044 111.89000000000001 7.749292081594467
    endloop
  endfacet
  facet normal -0.6278538677548584 0.7783312410184143 0
    outer loop
      vertex 38.2 110.68 8.281818179786205
      vertex 38.2 110.68 8.918181820213794
      vertex 39.7 111.89000000000001 8.145454546809196
    endloop
  endfacet
  facet normal -0.6261125507074106 0.7792533484890958 -0.027336655157352004
    outer loop
      vertex 38.2 110.68 8.918181820213794
      vertex 38.187892225384715 110.68 9.195495544373989
      vertex 39.7 111.89000000000001 9.054545453190803
    endloop
  endfacet
  facet normal -0.6278538677548583 0.7783312410184143 0
    outer loop
      vertex 38.2 110.68 8.918181820213794
      vertex 39.7 111.89000000000001 9.054545453190803
      vertex 39.7 111.89000000000001 8.145454546809196
    endloop
  endfacet
  facet normal -0.6261125511692711 0.7792533477093652 -0.02733666680585139
    outer loop
      vertex 38.187892225384715 110.68 9.195495544373989
      vertex 39.68270317167044 111.89000000000001 9.450707918405532
      vertex 39.7 111.89000000000001 9.054545453190803
    endloop
  endfacet
  facet normal -0.6186434963013272 0.7814389161256802 -0.08144596275072129
    outer loop
      vertex 38.187892225384715 110.68 9.195495544373989
      vertex 38.15166103541851 110.68 9.470698750019073
      vertex 39.63094433099032 111.89000000000001 9.843855349719524
    endloop
  endfacet
  facet normal -0.6068282462462942 0.7833651773625777 -0.13453058556827993
    outer loop
      vertex 38.15166103541851 110.68 9.470698750019073
      vertex 38.09158217608929 110.68 9.741696967184543
      vertex 39.545117390155795 111.89000000000001 10.230995661020279
    endloop
  endfacet
  facet normal -0.5907920278538987 0.7850261336323557 -0.1862760031204044
    outer loop
      vertex 38.09158217608929 110.68 9.741696967184543
      vertex 38.00811288952828 110.68 10.00642773360014
      vertex 39.545117390155795 111.89000000000001 10.230995661020279
    endloop
  endfacet
  facet normal -0.6186434969966733 0.7814389157998703 -0.0814459605950501
    outer loop
      vertex 38.187892225384715 110.68 9.195495544373989
      vertex 39.63094433099032 111.89000000000001 9.843855349719524
      vertex 39.68270317167044 111.89000000000001 9.450707918405532
    endloop
  endfacet
  facet normal -0.6068282470214962 0.7833651770825918 -0.13453058370191298
    outer loop
      vertex 38.15166103541851 110.68 9.470698750019073
      vertex 39.545117390155795 111.89000000000001 10.230995661020279
      vertex 39.63094433099032 111.89000000000001 9.843855349719524
    endloop
  endfacet
  facet normal -0.9762960070532066 0 -0.21643961423908833
    outer loop
      vertex 39.545117390155795 111.89999999850988 10.230995661020279
      vertex 39.63094433099032 111.89999999850988 9.843855349719524
      vertex 39.63094433099032 111.89000000000001 9.843855349719524
    endloop
  endfacet
  facet normal -0.9762960070532066 0 -0.21643961423908833
    outer loop
      vertex 39.545117390155795 111.89000000000001 10.230995661020279
      vertex 39.545117390155795 111.89999999850988 10.230995661020279
      vertex 39.63094433099032 111.89000000000001 9.843855349719524
    endloop
  endfacet
  facet normal -0.5706767022990037 0.7864169576070894 -0.2363820429752302
    outer loop
      vertex 38.00811288952828 110.68 10.00642773360014
      vertex 37.90188841223717 110.68 10.262876293063163
      vertex 39.274126303195956 111.89000000000001 10.975537551939487
    endloop
  endfacet
  facet normal -0.5466394146587873 0.787533846762197 -0.28456245456039103
    outer loop
      vertex 37.90188841223717 110.68 10.262876293063163
      vertex 37.77371719926596 110.68 10.509090913832187
      vertex 39.274126303195956 111.89000000000001 10.975537551939487
    endloop
  endfacet
  facet normal -0.5188513496213154 0.7883739126833404 -0.3305447788068969
    outer loop
      vertex 37.624574688076976 110.68 10.743197752535343
      vertex 38.87796383798123 111.89000000000001 11.661711072921753
      vertex 37.77371719926596 110.68 10.509090913832187
    endloop
  endfacet
  facet normal -0.48749703966184976 0.7889350724454354 -0.3740696295964811
    outer loop
      vertex 37.624574688076976 110.68 10.743197752535343
      vertex 37.455595959723 110.68 10.963415122032165
      vertex 38.87796383798123 111.89000000000001 11.661711072921753
    endloop
  endfacet
  facet normal -0.5907920266699469 0.7850261331795256 -0.18627600878378994
    outer loop
      vertex 38.00811288952828 110.68 10.00642773360014
      vertex 39.425875549018386 111.89000000000001 10.609182468056678
      vertex 39.545117390155795 111.89000000000001 10.230995661020279
    endloop
  endfacet
  facet normal -0.5706767076967749 0.7864169563001384 -0.23638203429194035
    outer loop
      vertex 38.00811288952828 110.68 10.00642773360014
      vertex 39.274126303195956 111.89000000000001 10.975537551939487
      vertex 39.425875549018386 111.89000000000001 10.609182468056678
    endloop
  endfacet
  facet normal -0.9537169515373958 0 -0.3007057970013499
    outer loop
      vertex 39.545117390155795 111.89000000000001 10.230995661020279
      vertex 39.425875549018386 111.89999999850988 10.609182468056678
      vertex 39.545117390155795 111.89999999850988 10.230995661020279
    endloop
  endfacet
  facet normal -0.9537169515373958 0 -0.3007057970013499
    outer loop
      vertex 39.545117390155795 111.89000000000001 10.230995661020279
      vertex 39.425875549018386 111.89000000000001 10.609182468056678
      vertex 39.425875549018386 111.89999999850988 10.609182468056678
    endloop
  endfacet
  facet normal -0.5188513599858856 0.7883739108376944 -0.330544766939784
    outer loop
      vertex 37.77371719926596 110.68 10.509090913832187
      vertex 38.87796383798123 111.89000000000001 11.661711072921753
      vertex 39.091024559736255 111.89000000000001 11.327272726595401
    endloop
  endfacet
  facet normal -0.5466394098942552 0.7875338456107903 -0.2845624668995201
    outer loop
      vertex 37.77371719926596 110.68 10.509090913832187
      vertex 39.091024559736255 111.89000000000001 11.327272726595401
      vertex 39.274126303195956 111.89000000000001 10.975537551939487
    endloop
  endfacet
  facet normal -0.9238795312328829 0 -0.38268343545142947
    outer loop
      vertex 39.425875549018386 111.89000000000001 10.609182468056678
      vertex 39.274126303195956 111.89999999850988 10.975537551939487
      vertex 39.425875549018386 111.89999999850988 10.609182468056678
    endloop
  endfacet
  facet normal -0.9238795312328829 0 -0.38268343545142947
    outer loop
      vertex 39.425875549018386 111.89000000000001 10.609182468056678
      vertex 39.274126303195956 111.89000000000001 10.975537551939487
      vertex 39.274126303195956 111.89999999850988 10.975537551939487
    endloop
  endfacet
  facet normal -0.8870108321311254 0 -0.4617486152464871
    outer loop
      vertex 39.274126303195956 111.89000000000001 10.975537551939487
      vertex 39.091024559736255 111.89999999850988 11.327272726595401
      vertex 39.274126303195956 111.89999999850988 10.975537551939487
    endloop
  endfacet
  facet normal -0.9914448615606224 0 0.13052619080107408
    outer loop
      vertex 39.63094433099032 111.89000000000001 7.356144650280475
      vertex 39.68270317167044 111.89999999850988 7.749292081594467
      vertex 39.63094433099032 111.89999999850988 7.356144650280475
    endloop
  endfacet
  facet normal -0.9914448615606224 0 0.13052619080107408
    outer loop
      vertex 39.63094433099032 111.89000000000001 7.356144650280475
      vertex 39.68270317167044 111.89000000000001 7.749292081594467
      vertex 39.68270317167044 111.89999999850988 7.749292081594467
    endloop
  endfacet
  facet normal -0.9990482214111543 0 0.043619391275086496
    outer loop
      vertex 39.68270317167044 111.89000000000001 7.749292081594467
      vertex 39.7 111.89999999850988 8.145454546809196
      vertex 39.68270317167044 111.89999999850988 7.749292081594467
    endloop
  endfacet
  facet normal -0.9990482214111543 0 0.043619391275086496
    outer loop
      vertex 39.68270317167044 111.89000000000001 7.749292081594467
      vertex 39.7 111.89000000000001 8.145454546809196
      vertex 39.7 111.89999999850988 8.145454546809196
    endloop
  endfacet
  facet normal -1 0 0
    outer loop
      vertex 39.7 111.89000000000001 8.145454546809196
      vertex 39.7 111.89999999850988 9.054545453190803
      vertex 39.7 111.89999999850988 8.145454546809196
    endloop
  endfacet
  facet normal -1 0 0
    outer loop
      vertex 39.7 111.89000000000001 8.145454546809196
      vertex 39.7 111.89000000000001 9.054545453190803
      vertex 39.7 111.89999999850988 9.054545453190803
    endloop
  endfacet
  facet normal -0.9990482214111543 0 -0.043619391275086496
    outer loop
      vertex 39.7 111.89000000000001 9.054545453190803
      vertex 39.68270317167044 111.89999999850988 9.450707918405532
      vertex 39.7 111.89999999850988 9.054545453190803
    endloop
  endfacet
  facet normal -0.9990482214111543 0 -0.043619391275086496
    outer loop
      vertex 39.7 111.89000000000001 9.054545453190803
      vertex 39.68270317167044 111.89000000000001 9.450707918405532
      vertex 39.68270317167044 111.89999999850988 9.450707918405532
    endloop
  endfacet
  facet normal -0.9914448615606224 0 -0.13052619080107408
    outer loop
      vertex 39.68270317167044 111.89000000000001 9.450707918405532
      vertex 39.63094433099032 111.89999999850988 9.843855349719524
      vertex 39.68270317167044 111.89999999850988 9.450707918405532
    endloop
  endfacet
  facet normal -0.9914448615606224 0 -0.13052619080107408
    outer loop
      vertex 39.68270317167044 111.89000000000001 9.450707918405532
      vertex 39.63094433099032 111.89000000000001 9.843855349719524
      vertex 39.63094433099032 111.89999999850988 9.843855349719524
    endloop
  endfacet
  facet normal 0 0.7783312410184143 -0.6278538677548582
    outer loop
      vertex 28.26004696515362 111.76051660467473 13.43948339422486
      vertex 35.13995303484638 111.76051660467473 13.43948339422486
      vertex 35.0181818202138 110.68 12.1
    endloop
  endfacet
  facet normal -0.027336655157352074 0.7792533484890946 -0.6261125507074122
    outer loop
      vertex 35.0181818202138 110.68 12.1
      vertex 35.169561584065434 111.76109253916921 13.438907459728778
      vertex 35.29549554437399 110.68 12.087892225384712
    endloop
  endfacet
  facet normal -0.08144596275072158 0.7814389161256784 -0.6186434963013294
    outer loop
      vertex 35.29549554437399 110.68 12.087892225384712
      vertex 35.88986039654997 111.78923204246085 13.41076795635852
      vertex 35.570698750019076 110.68 12.05166103541851
    endloop
  endfacet
  facet normal -0.027336655157471235 0.7792533484890987 -0.6261125507074017
    outer loop
      vertex 35.0181818202138 110.68 12.1
      vertex 35.13995303484638 111.76051660467473 13.43948339422486
      vertex 35.169561584065434 111.76109253916921 13.438907459728778
    endloop
  endfacet
  facet normal -0.027336666805854094 0.7792533477093637 -0.6261125511692729
    outer loop
      vertex 35.29549554437399 110.68 12.087892225384712
      vertex 35.169561584065434 111.76109253916921 13.438907459728778
      vertex 35.52497701686889 111.76800595101439 13.431994047864288
    endloop
  endfacet
  facet normal -0.08144596059505183 0.7814389157998688 -0.6186434969966751
    outer loop
      vertex 35.29549554437399 110.68 12.087892225384712
      vertex 35.52497701686889 111.76800595101439 13.431994047864288
      vertex 35.88986039654997 111.78923204246085 13.41076795635852
    endloop
  endfacet
  facet normal -0.41489056810022396 0.7892159824860527 -0.4527736183679962
    outer loop
      vertex 37.26806703656912 110.68 11.168067036569118
      vertex 37.06341512203217 110.68 11.355595959722995
      vertex 38.07630731612444 111.89000000000001 12.536565652489662
    endloop
  endfacet
  facet normal -0.3305447788068969 0.7883739126833404 -0.5188513496213154
    outer loop
      vertex 36.843197752535346 110.68 11.524574688076973
      vertex 36.60909091383219 110.68 11.673717199265957
      vertex 37.761711072921756 111.89000000000001 12.777963837981224
    endloop
  endfacet
  facet normal -0.3740696295964811 0.7889350724454354 -0.48749703966184976
    outer loop
      vertex 37.06341512203217 110.68 11.355595959722995
      vertex 36.843197752535346 110.68 11.524574688076973
      vertex 37.761711072921756 111.89000000000001 12.777963837981224
    endloop
  endfacet
  facet normal -0.4527736183679962 0.7892159824860527 -0.41489056810022396
    outer loop
      vertex 37.455595959723 110.68 10.963415122032165
      vertex 37.26806703656912 110.68 11.168067036569118
      vertex 38.636565652489665 111.89000000000001 11.976307316124439
    endloop
  endfacet
  facet normal -0.48749703883983925 0.788935072288454 -0.37406963099882884
    outer loop
      vertex 37.455595959723 110.68 10.963415122032165
      vertex 38.636565652489665 111.89000000000001 11.976307316124439
      vertex 38.87796383798123 111.89000000000001 11.661711072921753
    endloop
  endfacet
  facet normal -0.8870108321311254 0 -0.4617486152464871
    outer loop
      vertex 39.274126303195956 111.89000000000001 10.975537551939487
      vertex 39.091024559736255 111.89000000000001 11.327272726595401
      vertex 39.091024559736255 111.89999999850988 11.327272726595401
    endloop
  endfacet
  facet normal -0.843391448970505 0 -0.5372996033903543
    outer loop
      vertex 39.091024559736255 111.89000000000001 11.327272726595401
      vertex 38.87796383798123 111.89999999850988 11.661711072921753
      vertex 39.091024559736255 111.89999999850988 11.327272726595401
    endloop
  endfacet
  facet normal -0.843391448970505 0 -0.5372996033903543
    outer loop
      vertex 39.091024559736255 111.89000000000001 11.327272726595401
      vertex 38.87796383798123 111.89000000000001 11.661711072921753
      vertex 38.87796383798123 111.89999999850988 11.661711072921753
    endloop
  endfacet
  facet normal -0.4527736056562451 0.7892159802353356 -0.41489058625404057
    outer loop
      vertex 37.26806703656912 110.68 11.168067036569118
      vertex 38.36866718232632 111.89000000000001 12.268667182326316
      vertex 38.636565652489665 111.89000000000001 11.976307316124439
    endloop
  endfacet
  facet normal -0.41489058625404057 0.7892159802353356 -0.4527736056562451
    outer loop
      vertex 37.26806703656912 110.68 11.168067036569118
      vertex 38.07630731612444 111.89000000000001 12.536565652489662
      vertex 38.36866718232632 111.89000000000001 12.268667182326316
    endloop
  endfacet
  facet normal -0.7372773233308149 0 -0.6755902223257445
    outer loop
      vertex 38.636565652489665 111.89000000000001 11.976307316124439
      vertex 38.36866718232632 111.89999999850988 12.268667182326316
      vertex 38.636565652489665 111.89999999850988 11.976307316124439
    endloop
  endfacet
  facet normal -0.7933533430129134 0 -0.6087614254617605
    outer loop
      vertex 38.87796383798123 111.89000000000001 11.661711072921753
      vertex 38.636565652489665 111.89999999850988 11.976307316124439
      vertex 38.87796383798123 111.89999999850988 11.661711072921753
    endloop
  endfacet
  facet normal -0.7933533430129134 0 -0.6087614254617605
    outer loop
      vertex 38.87796383798123 111.89000000000001 11.661711072921753
      vertex 38.636565652489665 111.89000000000001 11.976307316124439
      vertex 38.636565652489665 111.89999999850988 11.976307316124439
    endloop
  endfacet
  facet normal -0.2363820429752302 0.7864169576070894 -0.5706767022990037
    outer loop
      vertex 36.36287629306317 110.68 11.801888412237167
      vertex 36.10642773360014 110.68 11.908112889528274
      vertex 37.07553755193949 111.89000000000001 13.174126303195953
    endloop
  endfacet
  facet normal -0.18627600312040404 0.7850261336323566 -0.5907920278538976
    outer loop
      vertex 36.10642773360014 110.68 11.908112889528274
      vertex 35.84169696718455 110.68 11.991582176089286
      vertex 36.31994979904598 111.83048351809428 13.369516480609825
    endloop
  endfacet
  facet normal -0.13453058556828015 0.7833651773625769 -0.606828246246295
    outer loop
      vertex 35.570698750019076 110.68 12.05166103541851
      vertex 36.29153683346999 111.82720192645138 13.3727980722619
      vertex 35.84169696718455 110.68 11.991582176089286
    endloop
  endfacet
  facet normal -0.28456245456039103 0.787533846762197 -0.5466394146587873
    outer loop
      vertex 36.60909091383219 110.68 11.673717199265957
      vertex 36.36287629306317 110.68 11.801888412237167
      vertex 37.07553755193949 111.89000000000001 13.174126303195953
    endloop
  endfacet
  facet normal -0.37406963099882884 0.788935072288454 -0.48749703883983925
    outer loop
      vertex 37.06341512203217 110.68 11.355595959722995
      vertex 37.761711072921756 111.89000000000001 12.777963837981224
      vertex 38.07630731612444 111.89000000000001 12.536565652489662
    endloop
  endfacet
  facet normal -0.330544766939784 0.7883739108376944 -0.5188513599858856
    outer loop
      vertex 36.60909091383219 110.68 11.673717199265957
      vertex 37.427272726595405 111.89000000000001 12.991024559736251
      vertex 37.761711072921756 111.89000000000001 12.777963837981224
    endloop
  endfacet
  facet normal -0.2363820342919494 0.7864169563001399 -0.570676707696769
    outer loop
      vertex 36.10642773360014 110.68 11.908112889528274
      vertex 36.70554094313913 111.88268982075402 13.317310177804218
      vertex 37.07553755193949 111.89000000000001 13.174126303195953
    endloop
  endfacet
  facet normal -0.1345305855683139 0.7833651773625785 -0.6068282462462855
    outer loop
      vertex 35.84169696718455 110.68 11.991582176089286
      vertex 36.29153683346999 111.82720192645138 13.3727980722619
      vertex 36.30617422716046 111.82861840354624 13.371381595163081
    endloop
  endfacet
  facet normal -0.18627600312002937 0.7850261336323501 -0.5907920278540245
    outer loop
      vertex 35.84169696718455 110.68 11.991582176089286
      vertex 36.30617422716046 111.82861840354624 13.371381595163081
      vertex 36.31994979904598 111.83048351809428 13.369516480609825
    endloop
  endfacet
  facet normal -0.08144596275064306 0.7814389161256746 -0.6186434963013445
    outer loop
      vertex 35.570698750019076 110.68 12.05166103541851
      vertex 35.88986039654997 111.78923204246085 13.41076795635852
      vertex 35.91319780023295 111.79058963205118 13.409410366764394
    endloop
  endfacet
  facet normal -0.1345305837019107 0.7833651770825907 -0.6068282470214982
    outer loop
      vertex 35.570698750019076 110.68 12.05166103541851
      vertex 35.91319780023295 111.79058963205118 13.409410366764394
      vertex 36.29153683346999 111.82720192645138 13.3727980722619
    endloop
  endfacet
  facet normal -0.18627600878378622 0.7850261331795267 -0.5907920266699466
    outer loop
      vertex 36.10642773360014 110.68 11.908112889528274
      vertex 36.31994979904598 111.83048351809428 13.369516480609825
      vertex 36.70554094313913 111.88268982075402 13.317310177804218
    endloop
  endfacet
  facet normal -0.2845624668995201 0.7875338456107903 -0.5466394098942552
    outer loop
      vertex 36.60909091383219 110.68 11.673717199265957
      vertex 37.07553755193949 111.89000000000001 13.174126303195953
      vertex 37.427272726595405 111.89000000000001 12.991024559736251
    endloop
  endfacet
  facet normal -0.5372996033903543 0 -0.843391448970505
    outer loop
      vertex 37.427272726595405 111.89000000000001 12.991024559736251
      vertex 37.427272726595405 111.89999999850988 12.991024559736251
      vertex 37.761711072921756 111.89000000000001 12.777963837981224
    endloop
  endfacet
  facet normal -0.7372773233308149 0 -0.6755902223257445
    outer loop
      vertex 38.636565652489665 111.89000000000001 11.976307316124439
      vertex 38.36866718232632 111.89000000000001 12.268667182326316
      vertex 38.36866718232632 111.89999999850988 12.268667182326316
    endloop
  endfacet
  facet normal -0.6755902223257445 0 -0.7372773233308149
    outer loop
      vertex 38.36866718232632 111.89000000000001 12.268667182326316
      vertex 38.07630731612444 111.89999999850988 12.536565652489662
      vertex 38.36866718232632 111.89999999850988 12.268667182326316
    endloop
  endfacet
  facet normal -0.6755902223257445 0 -0.7372773233308149
    outer loop
      vertex 38.36866718232632 111.89000000000001 12.268667182326316
      vertex 38.07630731612444 111.89000000000001 12.536565652489662
      vertex 38.07630731612444 111.89999999850988 12.536565652489662
    endloop
  endfacet
  facet normal -0.6087614254617605 0 -0.7933533430129134
    outer loop
      vertex 38.07630731612444 111.89000000000001 12.536565652489662
      vertex 37.761711072921756 111.89999999850988 12.777963837981224
      vertex 38.07630731612444 111.89999999850988 12.536565652489662
    endloop
  endfacet
  facet normal -0.6087614254617605 0 -0.7933533430129134
    outer loop
      vertex 38.07630731612444 111.89000000000001 12.536565652489662
      vertex 37.761711072921756 111.89000000000001 12.777963837981224
      vertex 37.761711072921756 111.89999999850988 12.777963837981224
    endloop
  endfacet
  facet normal -0.5372996033903543 0 -0.843391448970505
    outer loop
      vertex 37.427272726595405 111.89999999850988 12.991024559736251
      vertex 37.761711072921756 111.89999999850988 12.777963837981224
      vertex 37.761711072921756 111.89000000000001 12.777963837981224
    endloop
  endfacet
  facet normal -0.23638203429205643 0.7864169562998979 -0.5706767076970579
    outer loop
      vertex 37.07553755193949 111.89000000000001 13.174126303195953
      vertex 36.70554094313913 111.88268982075402 13.317310177804218
      vertex 36.74750943697488 111.89000000000001 13.309999998537808
    endloop
  endfacet
  facet normal -0.382683435451428 1.0529596069187206e-13 -0.9238795312328837
    outer loop
      vertex 37.07553755193949 111.89000000000001 13.174126303195953
      vertex 36.74750943697488 111.89000000000001 13.309999998537808
      vertex 36.77165156884046 111.89999999850988 13.299999999999999
    endloop
  endfacet
  facet normal -0.3826834354514309 0 -0.9238795312328825
    outer loop
      vertex 37.07553755193949 111.89000000000001 13.174126303195953
      vertex 36.77165156884046 111.89999999850988 13.299999999999999
      vertex 37.07553755193949 111.89999999850988 13.174126303195953
    endloop
  endfacet
  facet normal -0.4617486152464871 0 -0.8870108321311254
    outer loop
      vertex 37.427272726595405 111.89000000000001 12.991024559736251
      vertex 37.07553755193949 111.89999999850988 13.174126303195953
      vertex 37.427272726595405 111.89999999850988 12.991024559736251
    endloop
  endfacet
  facet normal -0.4617486152464871 0 -0.8870108321311254
    outer loop
      vertex 37.427272726595405 111.89000000000001 12.991024559736251
      vertex 37.07553755193949 111.89000000000001 13.174126303195953
      vertex 37.07553755193949 111.89999999850988 13.174126303195953
    endloop
  endfacet
  facet normal 0 0 1
    outer loop
      vertex 4.2633185566788905 102.99495490038319 2.2
      vertex 4.2 85.9 2.2
      vertex 6.399999999999999 85.9 2.2
    endloop
  endfacet
  facet normal 0 0 1
    outer loop
      vertex 6.399999999999999 90.57 2.2
      vertex 4.461075827249321 102.10292949836015 2.2
      vertex 6.399999999999999 85.9 2.2
    endloop
  endfacet
  facet normal 0 0 1
    outer loop
      vertex 4.369259607988261 102.39413334214117 2.2
      vertex 6.399999999999999 85.9 2.2
      vertex 4.461075827249321 102.10292949836015 2.2
    endloop
  endfacet
  facet normal 0 0 1
    outer loop
      vertex 4.303172864457272 102.69223137816574 2.2
      vertex 6.399999999999999 85.9 2.2
      vertex 4.369259607988261 102.39413334214117 2.2
    endloop
  endfacet
  facet normal 0 0 1
    outer loop
      vertex 4.303172864457272 102.69223137816574 2.2
      vertex 4.2633185566788905 102.99495490038319 2.2
      vertex 6.399999999999999 85.9 2.2
    endloop
  endfacet
  facet normal 0 0 1
    outer loop
      vertex 6.399999999999999 90.57 2.2
      vertex 5.742482472771339 100.43296784498853 2.2
      vertex 5.500243366097113 100.61884444908357 2.2
    endloop
  endfacet
  facet normal 0 0 1
    outer loop
      vertex 6.399999999999999 90.57 2.2
      vertex 6.844133342141177 99.91925960798825 2.2
      vertex 6.552929498360159 100.01107582724931 2.2
    endloop
  endfacet
  facet normal 0 0 1
    outer loop
      vertex 6.399999999999999 90.57 2.2
      vertex 7.142231378165744 99.85317286445726 2.2
      vertex 6.844133342141177 99.91925960798825 2.2
    endloop
  endfacet
  facet normal 0 0 1
    outer loop
      vertex 6.399999999999999 90.57 2.2
      vertex 6.552929498360159 100.01107582724931 2.2
      vertex 6.270836083907552 100.12792274537172 2.2
    endloop
  endfacet
  facet normal 0 0 1
    outer loop
      vertex 6.399999999999999 90.57 2.2
      vertex 6.270836083907552 100.12792274537172 2.2
      vertex 6 100.26891108675446 2.2
    endloop
  endfacet
  facet normal 0 0 1
    outer loop
      vertex 6.399999999999999 90.57 2.2
      vertex 6 100.26891108675446 2.2
      vertex 5.742482472771339 100.43296784498853 2.2
    endloop
  endfacet
  facet normal 0 0 1
    outer loop
      vertex 6.399999999999999 90.57 2.2
      vertex 7.4449549003831965 99.8133185566789 2.2
      vertex 7.142231378165744 99.85317286445726 2.2
    endloop
  endfacet
  facet normal 0 0 1
    outer loop
      vertex 6.399999999999999 90.57 2.2
      vertex 7.75 99.8 2.2
      vertex 7.4449549003831965 99.8133185566789 2.2
    endloop
  endfacet
  facet normal 0 0 1
    outer loop
      vertex 4.2633185566788905 102.99495490038319 2.2
      vertex 4.25 103.3 2.2
      vertex 4.2 85.9 2.2
    endloop
  endfacet
  facet normal 0 0 1
    outer loop
      vertex 4.25 103.3 2.2
      vertex 4.2 104.90000000298024 2.2
      vertex 4.2 85.9 2.2
    endloop
  endfacet
  facet normal 0 0 1
    outer loop
      vertex 6.399999999999999 90.57 2.2
      vertex 5.500243366097113 100.61884444908357 2.2
      vertex 5.275126265847083 100.82512626584708 2.2
    endloop
  endfacet
  facet normal 0 0 1
    outer loop
      vertex 6.399999999999999 90.57 2.2
      vertex 5.275126265847083 100.82512626584708 2.2
      vertex 5.068844449083577 101.0502433660971 2.2
    endloop
  endfacet
  facet normal 0 0 1
    outer loop
      vertex 6.399999999999999 90.57 2.2
      vertex 5.068844449083577 101.0502433660971 2.2
      vertex 4.882967844988529 101.29248247277134 2.2
    endloop
  endfacet
  facet normal 0 0 1
    outer loop
      vertex 6.399999999999999 90.57 2.2
      vertex 4.882967844988529 101.29248247277134 2.2
      vertex 4.718911086754465 101.55 2.2
    endloop
  endfacet
  facet normal 0 0 1
    outer loop
      vertex 6.399999999999999 90.57 2.2
      vertex 4.718911086754465 101.55 2.2
      vertex 4.577922745371725 101.82083608390755 2.2
    endloop
  endfacet
  facet normal 0 0 1
    outer loop
      vertex 6.399999999999999 90.57 2.2
      vertex 4.577922745371725 101.82083608390755 2.2
      vertex 4.461075827249321 102.10292949836015 2.2
    endloop
  endfacet
  facet normal 1 0 0
    outer loop
      vertex 4.2 104.90000000298024 2.2
      vertex 4.2 104.90000000298024 14.899999999999999
      vertex 4.2 85.9 2.2
    endloop
  endfacet
  facet normal 0 0 1
    outer loop
      vertex 6.399999999999999 90.57 2.2
      vertex 57 90.57 2.2
      vertex 7.75 99.8 2.2
    endloop
  endfacet
  facet normal 0 0 1
    outer loop
      vertex 7.75 99.8 2.2
      vertex 57 90.57 2.2
      vertex 8.055045099616803 99.8133185566789 2.2
    endloop
  endfacet
  facet normal 0 0 1
    outer loop
      vertex 8.055045099616803 99.8133185566789 2.2
      vertex 57 90.57 2.2
      vertex 8.357768621834257 99.85317286445726 2.2
    endloop
  endfacet
  facet normal 0 0 1
    outer loop
      vertex 8.357768621834257 99.85317286445726 2.2
      vertex 57 90.57 2.2
      vertex 8.655866657858823 99.91925960798825 2.2
    endloop
  endfacet
  facet normal 0 0 1
    outer loop
      vertex 8.655866657858823 99.91925960798825 2.2
      vertex 57 90.57 2.2
      vertex 8.94707050163984 100.01107582724931 2.2
    endloop
  endfacet
  facet normal 0 0 1
    outer loop
      vertex 8.94707050163984 100.01107582724931 2.2
      vertex 57 90.57 2.2
      vertex 9.229163916092448 100.12792274537172 2.2
    endloop
  endfacet
  facet normal 0 0 1
    outer loop
      vertex 9.229163916092448 100.12792274537172 2.2
      vertex 57 90.57 2.2
      vertex 9.5 100.26891108675446 2.2
    endloop
  endfacet
  facet normal 0 0 1
    outer loop
      vertex 9.5 100.26891108675446 2.2
      vertex 57 90.57 2.2
      vertex 9.75751752722866 100.43296784498853 2.2
    endloop
  endfacet
  facet normal 0 0 1
    outer loop
      vertex 9.75751752722866 100.43296784498853 2.2
      vertex 57 90.57 2.2
      vertex 9.999756633902887 100.61884444908357 2.2
    endloop
  endfacet
  facet normal 0 0 1
    outer loop
      vertex 9.999756633902887 100.61884444908357 2.2
      vertex 57 90.57 2.2
      vertex 10.224873734152917 100.82512626584708 2.2
    endloop
  endfacet
  facet normal 0 0 1
    outer loop
      vertex 10.224873734152917 100.82512626584708 2.2
      vertex 57 90.57 2.2
      vertex 10.431155550916422 101.0502433660971 2.2
    endloop
  endfacet
  facet normal 0 0 1
    outer loop
      vertex 10.431155550916422 101.0502433660971 2.2
      vertex 57 90.57 2.2
      vertex 10.617032155011472 101.29248247277134 2.2
    endloop
  endfacet
  facet normal 0 0 1
    outer loop
      vertex 10.617032155011472 101.29248247277134 2.2
      vertex 57 90.57 2.2
      vertex 10.781088913245535 101.55 2.2
    endloop
  endfacet
  facet normal 0 0 1
    outer loop
      vertex 10.781088913245535 101.55 2.2
      vertex 57 90.57 2.2
      vertex 10.922077254628274 101.82083608390755 2.2
    endloop
  endfacet
  facet normal 0 0 1
    outer loop
      vertex 10.922077254628274 101.82083608390755 2.2
      vertex 57 90.57 2.2
      vertex 11.03892417275068 102.10292949836015 2.2
    endloop
  endfacet
  facet normal 0 0 1
    outer loop
      vertex 11.03892417275068 102.10292949836015 2.2
      vertex 57 90.57 2.2
      vertex 11.130740392011738 102.39413334214117 2.2
    endloop
  endfacet
  facet normal 0 0 1
    outer loop
      vertex 11.130740392011738 102.39413334214117 2.2
      vertex 57 90.57 2.2
      vertex 11.196827135542728 102.69223137816574 2.2
    endloop
  endfacet
  facet normal 1 0 0
    outer loop
      vertex 4.2 104.90000000298024 14.899999999999999
      vertex 4.2 85.9 14.899999999999999
      vertex 4.2 85.9 2.2
    endloop
  endfacet
  facet normal 0 0 1
    outer loop
      vertex 4.25 103.3 2.2
      vertex 4.2633185566788905 103.6050450996168 2.2
      vertex 4.2 104.90000000298024 2.2
    endloop
  endfacet
  facet normal 0 0 1
    outer loop
      vertex 4.2633185566788905 103.6050450996168 2.2
      vertex 4.303172864457272 103.90776862183425 2.2
      vertex 4.2 104.90000000298024 2.2
    endloop
  endfacet
  facet normal 0 0 1
    outer loop
      vertex 4.303172864457272 103.90776862183425 2.2
      vertex 4.369259607988261 104.20586665785882 2.2
      vertex 4.2 104.90000000298024 2.2
    endloop
  endfacet
  facet normal 0 0 1
    outer loop
      vertex 4.2 104.90000000298024 2.2
      vertex 4.369259607988261 104.20586665785882 2.2
      vertex 4.461075827249321 104.49707050163984 2.2
    endloop
  endfacet
  facet normal 0 0 1
    outer loop
      vertex 4.2 104.90000000298024 2.2
      vertex 4.461075827249321 104.49707050163984 2.2
      vertex 4.577922745371725 104.77916391609244 2.2
    endloop
  endfacet
  facet normal 0 0 1
    outer loop
      vertex 4.2 104.90000000298024 2.2
      vertex 4.577922745371725 104.77916391609244 2.2
      vertex 4.718911086754465 105.05 2.2
    endloop
  endfacet
  facet normal 0 0 1
    outer loop
      vertex 4.2 104.90000000298024 2.2
      vertex 4.718911086754465 105.05 2.2
      vertex 4.210654844343662 105.1440360814333 2.2
    endloop
  endfacet
  facet normal 0 0 1
    outer loop
      vertex 4.210654844343662 105.1440360814333 2.2
      vertex 4.882967844988529 105.30751752722865 2.2
      vertex 4.242538285255432 105.3862149015069 2.2
    endloop
  endfacet
  facet normal 0 0 1
    outer loop
      vertex 4.210654844343662 105.1440360814333 2.2
      vertex 4.718911086754465 105.05 2.2
      vertex 4.882967844988529 105.30751752722865 2.2
    endloop
  endfacet
  facet normal 0.9990482217504997 -0.04361938350280233 0
    outer loop
      vertex 4.2 104.90000000298024 2.2
      vertex 4.210654844343662 105.1440360814333 2.2
      vertex 4.210654844343662 105.1440360814333 14.899999999999999
    endloop
  endfacet
  facet normal 0.9914448643478514 -0.13052616962996633 0
    outer loop
      vertex 4.210654844343662 105.1440360814333 2.2
      vertex 4.242538285255432 105.3862149015069 2.2
      vertex 4.242538285255432 105.3862149015069 14.899999999999999
    endloop
  endfacet
  facet normal 0 0 1
    outer loop
      vertex 4.242538285255432 105.3862149015069 2.2
      vertex 5.068844449083577 105.54975663390289 2.2
      vertex 4.29540768712759 105.6246933311224 2.2
    endloop
  endfacet
  facet normal 0 0 1
    outer loop
      vertex 4.242538285255432 105.3862149015069 2.2
      vertex 4.882967844988529 105.30751752722865 2.2
      vertex 5.068844449083577 105.54975663390289 2.2
    endloop
  endfacet
  facet normal 0 0 1
    outer loop
      vertex 4.29540768712759 105.6246933311224 2.2
      vertex 5.275126265847083 105.77487373415292 2.2
      vertex 4.368860659003258 105.8576564013958 2.2
    endloop
  endfacet
  facet normal 0 0 1
    outer loop
      vertex 4.29540768712759 105.6246933311224 2.2
      vertex 5.068844449083577 105.54975663390289 2.2
      vertex 5.275126265847083 105.77487373415292 2.2
    endloop
  endfacet
  facet normal 0 0 1
    outer loop
      vertex 4.368860659003258 105.8576564013958 2.2
      vertex 5.500243366097113 105.98115555091643 2.2
      vertex 4.462338191270828 106.08333113491535 2.2
    endloop
  endfacet
  facet normal 0 0 1
    outer loop
      vertex 4.462338191270828 106.08333113491535 2.2
      vertex 5.742482472771339 106.16703215501147 2.2
      vertex 4.575128865242005 106.30000000149012 2.2
    endloop
  endfacet
  facet normal 0 0 1
    outer loop
      vertex 4.368860659003258 105.8576564013958 2.2
      vertex 5.275126265847083 105.77487373415292 2.2
      vertex 5.500243366097113 105.98115555091643 2.2
    endloop
  endfacet
  facet normal 0 0 1
    outer loop
      vertex 4.462338191270828 106.08333113491535 2.2
      vertex 5.500243366097113 105.98115555091643 2.2
      vertex 5.742482472771339 106.16703215501147 2.2
    endloop
  endfacet
  facet normal 0 0 1
    outer loop
      vertex 4.575128865242005 106.30000000149012 2.2
      vertex 6 106.33108891324554 2.2
      vertex 4.706374269723892 106.50601402372122 2.2
    endloop
  endfacet
  facet normal 0 0 1
    outer loop
      vertex 4.575128865242005 106.30000000149012 2.2
      vertex 5.742482472771339 106.16703215501147 2.2
      vertex 6 106.33108891324554 2.2
    endloop
  endfacet
  facet normal 0 0 1
    outer loop
      vertex 4.706374269723892 106.50601402372122 2.2
      vertex 6.552929498360159 106.58892417275068 2.2
      vertex 4.8550755575299265 106.69980530887842 2.2
    endloop
  endfacet
  facet normal 0 0 1
    outer loop
      vertex 4.706374269723892 106.50601402372122 2.2
      vertex 6 106.33108891324554 2.2
      vertex 6.270836083907552 106.47207725462827 2.2
    endloop
  endfacet
  facet normal 0 0 1
    outer loop
      vertex 4.706374269723892 106.50601402372122 2.2
      vertex 6.270836083907552 106.47207725462827 2.2
      vertex 6.552929498360159 106.58892417275068 2.2
    endloop
  endfacet
  facet normal 0 0 1
    outer loop
      vertex 4.8550755575299265 106.69980530887842 2.2
      vertex 7.142231378165744 106.74682713554273 2.2
      vertex 5.020101007819176 106.87989899218083 2.2
    endloop
  endfacet
  facet normal 0 0 1
    outer loop
      vertex 4.8550755575299265 106.69980530887842 2.2
      vertex 6.552929498360159 106.58892417275068 2.2
      vertex 6.844133342141177 106.68074039201174 2.2
    endloop
  endfacet
  facet normal 0 0 1
    outer loop
      vertex 4.8550755575299265 106.69980530887842 2.2
      vertex 6.844133342141177 106.68074039201174 2.2
      vertex 7.142231378165744 106.74682713554273 2.2
    endloop
  endfacet
  facet normal 0 0 1
    outer loop
      vertex 5.020101007819176 106.87989899218083 2.2
      vertex 7.142231378165744 106.74682713554273 2.2
      vertex 7.4449549003831965 106.7866814433211 2.2
    endloop
  endfacet
  facet normal 0 0 1
    outer loop
      vertex 5.020101007819176 106.87989899218083 2.2
      vertex 7.4449549003831965 106.7866814433211 2.2
      vertex 7.75 106.8 2.2
    endloop
  endfacet
  facet normal 0 0 1
    outer loop
      vertex 6.513785098493099 107.65746171474457 2.2
      vertex 6.999999997019768 107.7 2.2
      vertex 6.755963918566704 107.68934515565634 2.2
    endloop
  endfacet
  facet normal 0.9762960011761036 -0.2164396407489846 0
    outer loop
      vertex 4.242538285255432 105.3862149015069 2.2
      vertex 4.29540768712759 105.6246933311224 2.2
      vertex 4.29540768712759 105.6246933311224 14.899999999999999
    endloop
  endfacet
  facet normal 0.9537169531375339 -0.3007057919263593 0
    outer loop
      vertex 4.29540768712759 105.6246933311224 2.2
      vertex 4.368860659003258 105.8576564013958 2.2
      vertex 4.368860659003258 105.8576564013958 14.899999999999999
    endloop
  endfacet
  facet normal 0.9238795369130542 -0.3826834217382828 0
    outer loop
      vertex 4.368860659003258 105.8576564013958 2.2
      vertex 4.462338191270828 106.08333113491535 2.2
      vertex 4.462338191270828 106.08333113491535 14.899999999999999
    endloop
  endfacet
  facet normal 0.8870108312466768 -0.46174861694549724 0
    outer loop
      vertex 4.462338191270828 106.08333113491535 2.2
      vertex 4.575128865242005 106.30000000149012 2.2
      vertex 4.575128865242005 106.30000000149012 14.899999999999999
    endloop
  endfacet
  facet normal 0.8433914502483194 -0.5372996013845875 0
    outer loop
      vertex 4.575128865242005 106.30000000149012 2.2
      vertex 4.706374269723892 106.50601402372122 2.2
      vertex 4.706374269723892 106.50601402372122 14.899999999999999
    endloop
  endfacet
  facet normal 0.7933533310582297 -0.6087614410414076 0
    outer loop
      vertex 4.706374269723892 106.50601402372122 2.2
      vertex 4.8550755575299265 106.69980530887842 2.2
      vertex 4.8550755575299265 106.69980530887842 14.899999999999999
    endloop
  endfacet
  facet normal 0.737277348972284 -0.6755901943429914 0
    outer loop
      vertex 4.8550755575299265 106.69980530887842 2.2
      vertex 5.020101007819176 106.87989899218083 2.2
      vertex 5.020101007819176 106.87989899218083 14.899999999999999
    endloop
  endfacet
  facet normal 0.6755901943429914 -0.737277348972284 0
    outer loop
      vertex 5.020101007819176 106.87989899218083 2.2
      vertex 5.200194691121578 107.04492444247008 2.2
      vertex 5.200194691121578 107.04492444247008 14.899999999999999
    endloop
  endfacet
  facet normal 0.6087614410414076 -0.7933533310582297 0
    outer loop
      vertex 5.200194691121578 107.04492444247008 2.2
      vertex 5.393985976278782 107.19362573027611 2.2
      vertex 5.393985976278782 107.19362573027611 14.899999999999999
    endloop
  endfacet
  facet normal 0.5372996013845875 -0.8433914502483194 0
    outer loop
      vertex 5.393985976278782 107.19362573027611 2.2
      vertex 5.599999998509884 107.324871134758 2.2
      vertex 5.599999998509884 107.324871134758 14.899999999999999
    endloop
  endfacet
  facet normal 0.46174861694549724 -0.8870108312466768 0
    outer loop
      vertex 5.599999998509884 107.324871134758 2.2
      vertex 5.816668865084648 107.43766180872917 2.2
      vertex 5.816668865084648 107.43766180872917 14.899999999999999
    endloop
  endfacet
  facet normal 0.3826834217382828 -0.9238795369130542 0
    outer loop
      vertex 5.816668865084648 107.43766180872917 2.2
      vertex 6.0423435986042024 107.53113934099675 2.2
      vertex 6.0423435986042024 107.53113934099675 14.899999999999999
    endloop
  endfacet
  facet normal 0.3007057919263593 -0.9537169531375339 0
    outer loop
      vertex 6.0423435986042024 107.53113934099675 2.2
      vertex 6.275306668877602 107.60459231287241 2.2
      vertex 6.275306668877602 107.60459231287241 14.899999999999999
    endloop
  endfacet
  facet normal 0.2164396407489846 -0.9762960011761036 0
    outer loop
      vertex 6.275306668877602 107.60459231287241 2.2
      vertex 6.513785098493099 107.65746171474457 2.2
      vertex 6.513785098493099 107.65746171474457 14.899999999999999
    endloop
  endfacet
  facet normal 0.13052616962996633 -0.9914448643478514 0
    outer loop
      vertex 6.513785098493099 107.65746171474457 2.2
      vertex 6.755963918566704 107.68934515565634 2.2
      vertex 6.755963918566704 107.68934515565634 14.899999999999999
    endloop
  endfacet
  facet normal 0.04361938350280233 -0.9990482217504997 0
    outer loop
      vertex 6.755963918566704 107.68934515565634 2.2
      vertex 6.999999997019768 107.7 2.2
      vertex 6.999999997019768 107.7 14.899999999999999
    endloop
  endfacet
  facet normal 0 0 1
    outer loop
      vertex 11.196827135542728 102.69223137816574 2.2
      vertex 52.163318556678895 102.99495490038319 2.2
      vertex 11.23668144332111 102.99495490038319 2.2
    endloop
  endfacet
  facet normal 0 0 1
    outer loop
      vertex 11.23668144332111 102.99495490038319 2.2
      vertex 52.150000000000006 103.3 2.2
      vertex 11.25 103.3 2.2
    endloop
  endfacet
  facet normal 0 0 1
    outer loop
      vertex 11.25 103.3 2.2
      vertex 52.163318556678895 103.6050450996168 2.2
      vertex 11.23668144332111 103.6050450996168 2.2
    endloop
  endfacet
  facet normal 0 0 1
    outer loop
      vertex 11.23668144332111 103.6050450996168 2.2
      vertex 52.20317286445728 103.90776862183425 2.2
      vertex 11.196827135542728 103.90776862183425 2.2
    endloop
  endfacet
  facet normal 0 0 1
    outer loop
      vertex 11.196827135542728 103.90776862183425 2.2
      vertex 52.26925960798827 104.20586665785882 2.2
      vertex 11.130740392011738 104.20586665785882 2.2
    endloop
  endfacet
  facet normal 0 0 1
    outer loop
      vertex 11.130740392011738 104.20586665785882 2.2
      vertex 52.36107582724932 104.49707050163984 2.2
      vertex 11.03892417275068 104.49707050163984 2.2
    endloop
  endfacet
  facet normal 0 0 1
    outer loop
      vertex 10.922077254628274 104.77916391609244 2.2
      vertex 11.03892417275068 104.49707050163984 2.2
      vertex 52.47792274537173 104.77916391609244 2.2
    endloop
  endfacet
  facet normal 0 0 1
    outer loop
      vertex 10.922077254628274 104.77916391609244 2.2
      vertex 53.17512626584709 105.77487373415292 2.2
      vertex 10.781088913245535 105.05 2.2
    endloop
  endfacet
  facet normal 0 0 1
    outer loop
      vertex 5.020101007819176 106.87989899218083 2.2
      vertex 7.75 106.8 2.2
      vertex 58.00601402372122 107.19362573027611 2.2
    endloop
  endfacet
  facet normal 0 0 1
    outer loop
      vertex 5.020101007819176 106.87989899218083 2.2
      vertex 57.80000000149012 107.324871134758 2.2
      vertex 5.200194691121578 107.04492444247008 2.2
    endloop
  endfacet
  facet normal 0 0 1
    outer loop
      vertex 5.200194691121578 107.04492444247008 2.2
      vertex 57.583331134915355 107.43766180872917 2.2
      vertex 5.393985976278782 107.19362573027611 2.2
    endloop
  endfacet
  facet normal 0 0 1
    outer loop
      vertex 5.393985976278782 107.19362573027611 2.2
      vertex 57.3576564013958 107.53113934099675 2.2
      vertex 5.599999998509884 107.324871134758 2.2
    endloop
  endfacet
  facet normal 0 0 1
    outer loop
      vertex 5.599999998509884 107.324871134758 2.2
      vertex 57.1246933311224 107.60459231287241 2.2
      vertex 5.816668865084648 107.43766180872917 2.2
    endloop
  endfacet
  facet normal 0 0 1
    outer loop
      vertex 5.816668865084648 107.43766180872917 2.2
      vertex 56.886214901506904 107.65746171474457 2.2
      vertex 6.0423435986042024 107.53113934099675 2.2
    endloop
  endfacet
  facet normal 0 0 1
    outer loop
      vertex 6.0423435986042024 107.53113934099675 2.2
      vertex 56.6440360814333 107.68934515565634 2.2
      vertex 6.275306668877602 107.60459231287241 2.2
    endloop
  endfacet
  facet normal 0 0 1
    outer loop
      vertex 6.275306668877602 107.60459231287241 2.2
      vertex 56.400000002980235 107.7 2.2
      vertex 6.513785098493099 107.65746171474457 2.2
    endloop
  endfacet
  facet normal 0 0 1
    outer loop
      vertex 6.513785098493099 107.65746171474457 2.2
      vertex 56.400000002980235 107.7 2.2
      vertex 6.999999997019768 107.7 2.2
    endloop
  endfacet
  facet normal 0 0 1
    outer loop
      vertex 10.617032155011472 105.30751752722865 2.2
      vertex 10.781088913245535 105.05 2.2
      vertex 53.400243366097115 105.98115555091643 2.2
    endloop
  endfacet
  facet normal 0 0 1
    outer loop
      vertex 10.617032155011472 105.30751752722865 2.2
      vertex 53.64248247277134 106.16703215501147 2.2
      vertex 10.431155550916422 105.54975663390289 2.2
    endloop
  endfacet
  facet normal 0 0 1
    outer loop
      vertex 10.224873734152917 105.77487373415292 2.2
      vertex 10.431155550916422 105.54975663390289 2.2
      vertex 53.900000000000006 106.33108891324554 2.2
    endloop
  endfacet
  facet normal 0 0 1
    outer loop
      vertex 10.224873734152917 105.77487373415292 2.2
      vertex 54.17083608390756 106.47207725462827 2.2
      vertex 9.999756633902887 105.98115555091643 2.2
    endloop
  endfacet
  facet normal 0 0 1
    outer loop
      vertex 9.5 106.33108891324554 2.2
      vertex 9.75751752722866 106.16703215501147 2.2
      vertex 54.74413334214118 106.68074039201174 2.2
    endloop
  endfacet
  facet normal 0 0 1
    outer loop
      vertex 7.75 106.8 2.2
      vertex 8.055045099616803 106.7866814433211 2.2
      vertex 58.00601402372122 107.19362573027611 2.2
    endloop
  endfacet
  facet normal 0 0 1
    outer loop
      vertex 9.75751752722866 106.16703215501147 2.2
      vertex 9.999756633902887 105.98115555091643 2.2
      vertex 54.74413334214118 106.68074039201174 2.2
    endloop
  endfacet
  facet normal 0 0 1
    outer loop
      vertex 9.229163916092448 106.47207725462827 2.2
      vertex 9.5 106.33108891324554 2.2
      vertex 58.37989899218083 106.87989899218083 2.2
    endloop
  endfacet
  facet normal 0 0 1
    outer loop
      vertex 8.055045099616803 106.7866814433211 2.2
      vertex 8.357768621834257 106.74682713554273 2.2
      vertex 58.00601402372122 107.19362573027611 2.2
    endloop
  endfacet
  facet normal 0 0 1
    outer loop
      vertex 8.357768621834257 106.74682713554273 2.2
      vertex 8.655866657858823 106.68074039201174 2.2
      vertex 58.00601402372122 107.19362573027611 2.2
    endloop
  endfacet
  facet normal 0 0 1
    outer loop
      vertex 8.94707050163984 106.58892417275068 2.2
      vertex 9.229163916092448 106.47207725462827 2.2
      vertex 58.199805308878425 107.04492444247008 2.2
    endloop
  endfacet
  facet normal 0 0 1
    outer loop
      vertex 8.655866657858823 106.68074039201174 2.2
      vertex 8.94707050163984 106.58892417275068 2.2
      vertex 58.199805308878425 107.04492444247008 2.2
    endloop
  endfacet
  facet normal 0 -1 0
    outer loop
      vertex 6.999999997019768 107.7 2.2
      vertex 56.400000002980235 107.7 2.2
      vertex 28.10450445562601 107.7 5.112107774615287
    endloop
  endfacet
  facet normal 0 -1 0
    outer loop
      vertex 6.999999997019768 107.7 2.2
      vertex 26.13193296343088 107.7 6.031932963430881
      vertex 25.944404040277004 107.7 6.236584877967834
    endloop
  endfacet
  facet normal 0 -1 0
    outer loop
      vertex 6.999999997019768 107.7 2.2
      vertex 25.944404040277004 107.7 6.236584877967834
      vertex 25.775425311923026 107.7 6.4568022474646565
    endloop
  endfacet
  facet normal 0 -1 0
    outer loop
      vertex 6.999999997019768 107.7 2.2
      vertex 25.775425311923026 107.7 6.4568022474646565
      vertex 25.626282800734042 107.7 6.690909086167812
    endloop
  endfacet
  facet normal 0 -1 0
    outer loop
      vertex 6.999999997019768 107.7 2.2
      vertex 25.626282800734042 107.7 6.690909086167812
      vertex 25.498111587762832 107.7 6.937123706936836
    endloop
  endfacet
  facet normal 0 -1 0
    outer loop
      vertex 6.999999997019768 107.7 2.2
      vertex 25.498111587762832 107.7 6.937123706936836
      vertex 25.391887110471725 107.7 7.19357226639986
    endloop
  endfacet
  facet normal 0 -1 0
    outer loop
      vertex 6.999999997019768 107.7 2.2
      vertex 27.829301249980926 107.7 5.148338964581489
      vertex 27.558303032815456 107.7 5.208417823910713
    endloop
  endfacet
  facet normal 0 -1 0
    outer loop
      vertex 6.999999997019768 107.7 2.2
      vertex 28.10450445562601 107.7 5.112107774615287
      vertex 27.829301249980926 107.7 5.148338964581489
    endloop
  endfacet
  facet normal 0 -1 0
    outer loop
      vertex 6.999999997019768 107.7 2.2
      vertex 27.037123706936836 107.7 5.398111587762832
      vertex 26.79090908616781 107.7 5.526282800734043
    endloop
  endfacet
  facet normal 0 -1 0
    outer loop
      vertex 6.999999997019768 107.7 2.2
      vertex 27.29357226639986 107.7 5.291887110471725
      vertex 27.037123706936836 107.7 5.398111587762832
    endloop
  endfacet
  facet normal 0 -1 0
    outer loop
      vertex 6.999999997019768 107.7 2.2
      vertex 27.558303032815456 107.7 5.208417823910713
      vertex 27.29357226639986 107.7 5.291887110471725
    endloop
  endfacet
  facet normal 0 -1 0
    outer loop
      vertex 6.999999997019768 107.7 2.2
      vertex 26.79090908616781 107.7 5.526282800734043
      vertex 26.556802247464656 107.7 5.675425311923027
    endloop
  endfacet
  facet normal 0 -1 0
    outer loop
      vertex 6.999999997019768 107.7 2.2
      vertex 26.556802247464656 107.7 5.675425311923027
      vertex 26.336584877967834 107.7 5.844404040277004
    endloop
  endfacet
  facet normal 0 -1 0
    outer loop
      vertex 6.999999997019768 107.7 2.2
      vertex 26.336584877967834 107.7 5.844404040277004
      vertex 26.13193296343088 107.7 6.031932963430881
    endloop
  endfacet
  facet normal 0 -1 0
    outer loop
      vertex 6.999999997019768 107.7 2.2
      vertex 25.391887110471725 107.7 7.19357226639986
      vertex 25.308417823910712 107.7 7.458303032815456
    endloop
  endfacet
  facet normal 0 -1 0
    outer loop
      vertex 6.999999997019768 107.7 2.2
      vertex 25.308417823910712 107.7 7.458303032815456
      vertex 25.24833896458149 107.7 7.729301249980926
    endloop
  endfacet
  facet normal 0.9990482217504997 -0.04361938350280233 0
    outer loop
      vertex 4.2 104.90000000298024 2.2
      vertex 4.210654844343662 105.1440360814333 14.899999999999999
      vertex 4.2 104.90000000298024 14.899999999999999
    endloop
  endfacet
  facet normal 0.9914448643478514 -0.13052616962996633 0
    outer loop
      vertex 4.210654844343662 105.1440360814333 2.2
      vertex 4.242538285255432 105.3862149015069 14.899999999999999
      vertex 4.210654844343662 105.1440360814333 14.899999999999999
    endloop
  endfacet
  facet normal 0.9762960011761036 -0.2164396407489846 0
    outer loop
      vertex 4.242538285255432 105.3862149015069 2.2
      vertex 4.29540768712759 105.6246933311224 14.899999999999999
      vertex 4.242538285255432 105.3862149015069 14.899999999999999
    endloop
  endfacet
  facet normal 0.9537169531375339 -0.3007057919263593 0
    outer loop
      vertex 4.29540768712759 105.6246933311224 2.2
      vertex 4.368860659003258 105.8576564013958 14.899999999999999
      vertex 4.29540768712759 105.6246933311224 14.899999999999999
    endloop
  endfacet
  facet normal 0.9238795369130542 -0.3826834217382828 0
    outer loop
      vertex 4.368860659003258 105.8576564013958 2.2
      vertex 4.462338191270828 106.08333113491535 14.899999999999999
      vertex 4.368860659003258 105.8576564013958 14.899999999999999
    endloop
  endfacet
  facet normal 0.8870108312466768 -0.46174861694549724 0
    outer loop
      vertex 4.462338191270828 106.08333113491535 2.2
      vertex 4.575128865242005 106.30000000149012 14.899999999999999
      vertex 4.462338191270828 106.08333113491535 14.899999999999999
    endloop
  endfacet
  facet normal 0.8433914502483194 -0.5372996013845875 0
    outer loop
      vertex 4.575128865242005 106.30000000149012 2.2
      vertex 4.706374269723892 106.50601402372122 14.899999999999999
      vertex 4.575128865242005 106.30000000149012 14.899999999999999
    endloop
  endfacet
  facet normal 0.7933533310582297 -0.6087614410414076 0
    outer loop
      vertex 4.706374269723892 106.50601402372122 2.2
      vertex 4.8550755575299265 106.69980530887842 14.899999999999999
      vertex 4.706374269723892 106.50601402372122 14.899999999999999
    endloop
  endfacet
  facet normal 0.737277348972284 -0.6755901943429914 0
    outer loop
      vertex 4.8550755575299265 106.69980530887842 2.2
      vertex 5.020101007819176 106.87989899218083 14.899999999999999
      vertex 4.8550755575299265 106.69980530887842 14.899999999999999
    endloop
  endfacet
  facet normal 0.6755901943429914 -0.737277348972284 0
    outer loop
      vertex 5.020101007819176 106.87989899218083 2.2
      vertex 5.200194691121578 107.04492444247008 14.899999999999999
      vertex 5.020101007819176 106.87989899218083 14.899999999999999
    endloop
  endfacet
  facet normal 0.6087614410414076 -0.7933533310582297 0
    outer loop
      vertex 5.200194691121578 107.04492444247008 2.2
      vertex 5.393985976278782 107.19362573027611 14.899999999999999
      vertex 5.200194691121578 107.04492444247008 14.899999999999999
    endloop
  endfacet
  facet normal 0.5372996013845875 -0.8433914502483194 0
    outer loop
      vertex 5.393985976278782 107.19362573027611 2.2
      vertex 5.599999998509884 107.324871134758 14.899999999999999
      vertex 5.393985976278782 107.19362573027611 14.899999999999999
    endloop
  endfacet
  facet normal 0.46174861694549724 -0.8870108312466768 0
    outer loop
      vertex 5.599999998509884 107.324871134758 2.2
      vertex 5.816668865084648 107.43766180872917 14.899999999999999
      vertex 5.599999998509884 107.324871134758 14.899999999999999
    endloop
  endfacet
  facet normal 0.3826834217382828 -0.9238795369130542 0
    outer loop
      vertex 5.816668865084648 107.43766180872917 2.2
      vertex 6.0423435986042024 107.53113934099675 14.899999999999999
      vertex 5.816668865084648 107.43766180872917 14.899999999999999
    endloop
  endfacet
  facet normal 0.3007057919263593 -0.9537169531375339 0
    outer loop
      vertex 6.0423435986042024 107.53113934099675 2.2
      vertex 6.275306668877602 107.60459231287241 14.899999999999999
      vertex 6.0423435986042024 107.53113934099675 14.899999999999999
    endloop
  endfacet
  facet normal 0.2164396407489846 -0.9762960011761036 0
    outer loop
      vertex 6.275306668877602 107.60459231287241 2.2
      vertex 6.513785098493099 107.65746171474457 14.899999999999999
      vertex 6.275306668877602 107.60459231287241 14.899999999999999
    endloop
  endfacet
  facet normal 0.13052616962996633 -0.9914448643478514 0
    outer loop
      vertex 6.513785098493099 107.65746171474457 2.2
      vertex 6.755963918566704 107.68934515565634 14.899999999999999
      vertex 6.513785098493099 107.65746171474457 14.899999999999999
    endloop
  endfacet
  facet normal 0.04361938350280233 -0.9990482217504997 0
    outer loop
      vertex 6.755963918566704 107.68934515565634 2.2
      vertex 6.999999997019768 107.7 14.899999999999999
      vertex 6.755963918566704 107.68934515565634 14.899999999999999
    endloop
  endfacet
  facet normal 0 -1 0
    outer loop
      vertex 6.999999997019768 107.7 2.2
      vertex 25.24833896458149 107.7 7.729301249980926
      vertex 6.999999997019768 107.7 14.899999999999999
    endloop
  endfacet
  facet normal 0 -1 0
    outer loop
      vertex 6.999999997019768 107.7 14.899999999999999
      vertex 25.24833896458149 107.7 7.729301249980926
      vertex 25.212107774615287 107.7 8.00450445562601
    endloop
  endfacet
  facet normal 0 -1 0
    outer loop
      vertex 6.999999997019768 107.7 14.899999999999999
      vertex 25.212107774615287 107.7 8.00450445562601
      vertex 25.2 107.7 8.281818179786205
    endloop
  endfacet
  facet normal 0 -1 0
    outer loop
      vertex 6.999999997019768 107.7 14.899999999999999
      vertex 25.2 107.7 8.281818179786205
      vertex 25.2 107.7 8.918181820213794
    endloop
  endfacet
  facet normal 0 -1 0
    outer loop
      vertex 6.999999997019768 107.7 14.899999999999999
      vertex 25.2 107.7 8.918181820213794
      vertex 25.212107774615287 107.7 9.195495544373989
    endloop
  endfacet
  facet normal 0 -1 0
    outer loop
      vertex 6.999999997019768 107.7 14.899999999999999
      vertex 25.212107774615287 107.7 9.195495544373989
      vertex 25.24833896458149 107.7 9.470698750019073
    endloop
  endfacet
  facet normal 0 -1 0
    outer loop
      vertex 6.999999997019768 107.7 14.899999999999999
      vertex 25.24833896458149 107.7 9.470698750019073
      vertex 25.308417823910712 107.7 9.741696967184543
    endloop
  endfacet
  facet normal 0 -1 0
    outer loop
      vertex 6.999999997019768 107.7 14.899999999999999
      vertex 25.308417823910712 107.7 9.741696967184543
      vertex 25.391887110471725 107.7 10.00642773360014
    endloop
  endfacet
  facet normal 0 -1 0
    outer loop
      vertex 6.999999997019768 107.7 14.899999999999999
      vertex 25.391887110471725 107.7 10.00642773360014
      vertex 25.498111587762832 107.7 10.262876293063163
    endloop
  endfacet
  facet normal 0 -1 0
    outer loop
      vertex 6.999999997019768 107.7 14.899999999999999
      vertex 25.498111587762832 107.7 10.262876293063163
      vertex 25.626282800734042 107.7 10.509090913832187
    endloop
  endfacet
  facet normal 0 -1 0
    outer loop
      vertex 6.999999997019768 107.7 14.899999999999999
      vertex 25.626282800734042 107.7 10.509090913832187
      vertex 25.775425311923026 107.7 10.743197752535343
    endloop
  endfacet
  facet normal 0 -1 0
    outer loop
      vertex 6.999999997019768 107.7 14.899999999999999
      vertex 25.775425311923026 107.7 10.743197752535343
      vertex 25.944404040277004 107.7 10.963415122032165
    endloop
  endfacet
  facet normal 0 -1 0
    outer loop
      vertex 6.999999997019768 107.7 14.899999999999999
      vertex 25.944404040277004 107.7 10.963415122032165
      vertex 26.13193296343088 107.7 11.168067036569118
    endloop
  endfacet
  facet normal 0 -1 0
    outer loop
      vertex 6.999999997019768 107.7 14.899999999999999
      vertex 26.13193296343088 107.7 11.168067036569118
      vertex 26.336584877967834 107.7 11.355595959722995
    endloop
  endfacet
  facet normal 0 -1 0
    outer loop
      vertex 6.999999997019768 107.7 14.899999999999999
      vertex 26.336584877967834 107.7 11.355595959722995
      vertex 26.556802247464656 107.7 11.524574688076973
    endloop
  endfacet
  facet normal 0 -1 0
    outer loop
      vertex 6.999999997019768 107.7 14.899999999999999
      vertex 26.556802247464656 107.7 11.524574688076973
      vertex 26.79090908616781 107.7 11.673717199265957
    endloop
  endfacet
  facet normal 0 -1 0
    outer loop
      vertex 6.999999997019768 107.7 14.899999999999999
      vertex 26.79090908616781 107.7 11.673717199265957
      vertex 27.037123706936836 107.7 11.801888412237167
    endloop
  endfacet
  facet normal 0 -1 0
    outer loop
      vertex 6.999999997019768 107.7 14.899999999999999
      vertex 27.037123706936836 107.7 11.801888412237167
      vertex 27.29357226639986 107.7 11.908112889528274
    endloop
  endfacet
  facet normal 0 -1 0
    outer loop
      vertex 6.999999997019768 107.7 14.899999999999999
      vertex 27.29357226639986 107.7 11.908112889528274
      vertex 27.558303032815456 107.7 11.991582176089286
    endloop
  endfacet
  facet normal 0 -1 0
    outer loop
      vertex 6.999999997019768 107.7 14.899999999999999
      vertex 27.558303032815456 107.7 11.991582176089286
      vertex 27.829301249980926 107.7 12.05166103541851
    endloop
  endfacet
  facet normal 0 -1 0
    outer loop
      vertex 6.999999997019768 107.7 14.899999999999999
      vertex 27.829301249980926 107.7 12.05166103541851
      vertex 28.10450445562601 107.7 12.087892225384712
    endloop
  endfacet
  facet normal 0 -1 0
    outer loop
      vertex 6.999999997019768 107.7 14.899999999999999
      vertex 28.10450445562601 107.7 12.087892225384712
      vertex 56.400000002980235 107.7 14.899999999999999
    endloop
  endfacet
  facet normal 0 0 1
    outer loop
      vertex 11.196827135542728 102.69223137816574 2.2
      vertex 57 90.57 2.2
      vertex 55.3449549003832 99.8133185566789 2.2
    endloop
  endfacet
  facet normal 0 0 1
    outer loop
      vertex 57 90.57 2.2
      vertex 57 85.9 2.2
      vertex 59.2 85.9 2.2
    endloop
  endfacet
  facet normal -1 0 0
    outer loop
      vertex 59.2 104.90000000298024 2.2
      vertex 59.2 85.9 2.2
      vertex 59.2 85.9 14.899999999999999
    endloop
  endfacet
  facet normal 0 0 1
    outer loop
      vertex 57 90.57 2.2
      vertex 59.2 85.9 2.2
      vertex 58.93892417275069 102.10292949836015 2.2
    endloop
  endfacet
  facet normal 0 0 1
    outer loop
      vertex 55.3449549003832 99.8133185566789 2.2
      vertex 57 90.57 2.2
      vertex 55.650000000000006 99.8 2.2
    endloop
  endfacet
  facet normal 0 0 1
    outer loop
      vertex 57 90.57 2.2
      vertex 55.95504509961681 99.8133185566789 2.2
      vertex 55.650000000000006 99.8 2.2
    endloop
  endfacet
  facet normal 0 0 1
    outer loop
      vertex 57 90.57 2.2
      vertex 56.25776862183426 99.85317286445726 2.2
      vertex 55.95504509961681 99.8133185566789 2.2
    endloop
  endfacet
  facet normal 0 0 1
    outer loop
      vertex 57 90.57 2.2
      vertex 56.55586665785883 99.91925960798825 2.2
      vertex 56.25776862183426 99.85317286445726 2.2
    endloop
  endfacet
  facet normal 0 0 1
    outer loop
      vertex 57 90.57 2.2
      vertex 56.84707050163985 100.01107582724931 2.2
      vertex 56.55586665785883 99.91925960798825 2.2
    endloop
  endfacet
  facet normal 0 0 1
    outer loop
      vertex 57 90.57 2.2
      vertex 57.12916391609245 100.12792274537172 2.2
      vertex 56.84707050163985 100.01107582724931 2.2
    endloop
  endfacet
  facet normal 0 0 1
    outer loop
      vertex 57 90.57 2.2
      vertex 57.400000000000006 100.26891108675446 2.2
      vertex 57.12916391609245 100.12792274537172 2.2
    endloop
  endfacet
  facet normal 0 0 1
    outer loop
      vertex 57 90.57 2.2
      vertex 57.65751752722867 100.43296784498853 2.2
      vertex 57.400000000000006 100.26891108675446 2.2
    endloop
  endfacet
  facet normal 0 0 1
    outer loop
      vertex 57 90.57 2.2
      vertex 57.899756633902896 100.61884444908357 2.2
      vertex 57.65751752722867 100.43296784498853 2.2
    endloop
  endfacet
  facet normal 0 0 1
    outer loop
      vertex 58.93892417275069 102.10292949836015 2.2
      vertex 59.2 85.9 2.2
      vertex 59.030740392011744 102.39413334214117 2.2
    endloop
  endfacet
  facet normal 0 0 1
    outer loop
      vertex 59.030740392011744 102.39413334214117 2.2
      vertex 59.2 85.9 2.2
      vertex 59.09682713554273 102.69223137816574 2.2
    endloop
  endfacet
  facet normal 0 0 1
    outer loop
      vertex 59.09682713554273 102.69223137816574 2.2
      vertex 59.2 85.9 2.2
      vertex 59.136681443321116 102.99495490038319 2.2
    endloop
  endfacet
  facet normal 0 0 1
    outer loop
      vertex 57 90.57 2.2
      vertex 58.12487373415292 100.82512626584708 2.2
      vertex 57.899756633902896 100.61884444908357 2.2
    endloop
  endfacet
  facet normal 0 0 1
    outer loop
      vertex 57 90.57 2.2
      vertex 58.33115555091643 101.0502433660971 2.2
      vertex 58.12487373415292 100.82512626584708 2.2
    endloop
  endfacet
  facet normal 0 0 1
    outer loop
      vertex 57 90.57 2.2
      vertex 58.51703215501148 101.29248247277134 2.2
      vertex 58.33115555091643 101.0502433660971 2.2
    endloop
  endfacet
  facet normal 0 0 1
    outer loop
      vertex 57 90.57 2.2
      vertex 58.68108891324554 101.55 2.2
      vertex 58.51703215501148 101.29248247277134 2.2
    endloop
  endfacet
  facet normal 0 0 1
    outer loop
      vertex 57 90.57 2.2
      vertex 58.82207725462828 101.82083608390755 2.2
      vertex 58.68108891324554 101.55 2.2
    endloop
  endfacet
  facet normal 0 0 1
    outer loop
      vertex 59.136681443321116 102.99495490038319 2.2
      vertex 59.2 85.9 2.2
      vertex 59.150000000000006 103.3 2.2
    endloop
  endfacet
  facet normal 0 0 1
    outer loop
      vertex 59.150000000000006 103.3 2.2
      vertex 59.2 85.9 2.2
      vertex 59.2 104.90000000298024 2.2
    endloop
  endfacet
  facet normal 0 0 1
    outer loop
      vertex 57 90.57 2.2
      vertex 58.93892417275069 102.10292949836015 2.2
      vertex 58.82207725462828 101.82083608390755 2.2
    endloop
  endfacet
  facet normal -1 0 0
    outer loop
      vertex 59.2 104.90000000298024 2.2
      vertex 59.2 85.9 14.899999999999999
      vertex 59.2 104.90000000298024 14.899999999999999
    endloop
  endfacet
  facet normal 0 0 1
    outer loop
      vertex 11.196827135542728 102.69223137816574 2.2
      vertex 53.900000000000006 100.26891108675446 2.2
      vertex 53.64248247277134 100.43296784498853 2.2
    endloop
  endfacet
  facet normal 0 0 1
    outer loop
      vertex 11.196827135542728 102.69223137816574 2.2
      vertex 53.64248247277134 100.43296784498853 2.2
      vertex 53.400243366097115 100.61884444908357 2.2
    endloop
  endfacet
  facet normal 0 0 1
    outer loop
      vertex 11.196827135542728 102.69223137816574 2.2
      vertex 53.17512626584709 100.82512626584708 2.2
      vertex 52.96884444908358 101.0502433660971 2.2
    endloop
  endfacet
  facet normal 0 0 1
    outer loop
      vertex 11.196827135542728 102.69223137816574 2.2
      vertex 52.96884444908358 101.0502433660971 2.2
      vertex 52.782967844988534 101.29248247277134 2.2
    endloop
  endfacet
  facet normal 0 0 1
    outer loop
      vertex 11.196827135542728 102.69223137816574 2.2
      vertex 53.400243366097115 100.61884444908357 2.2
      vertex 53.17512626584709 100.82512626584708 2.2
    endloop
  endfacet
  facet normal 0 0 1
    outer loop
      vertex 11.196827135542728 102.69223137816574 2.2
      vertex 52.782967844988534 101.29248247277134 2.2
      vertex 52.61891108675447 101.55 2.2
    endloop
  endfacet
  facet normal 0 0 1
    outer loop
      vertex 11.196827135542728 102.69223137816574 2.2
      vertex 52.61891108675447 101.55 2.2
      vertex 52.47792274537173 101.82083608390755 2.2
    endloop
  endfacet
  facet normal 0 0 1
    outer loop
      vertex 11.196827135542728 102.69223137816574 2.2
      vertex 52.36107582724932 102.10292949836015 2.2
      vertex 52.26925960798827 102.39413334214117 2.2
    endloop
  endfacet
  facet normal 0 0 1
    outer loop
      vertex 11.196827135542728 102.69223137816574 2.2
      vertex 52.26925960798827 102.39413334214117 2.2
      vertex 52.20317286445728 102.69223137816574 2.2
    endloop
  endfacet
  facet normal 0 0 1
    outer loop
      vertex 11.196827135542728 102.69223137816574 2.2
      vertex 52.20317286445728 102.69223137816574 2.2
      vertex 52.163318556678895 102.99495490038319 2.2
    endloop
  endfacet
  facet normal 0 0 1
    outer loop
      vertex 11.196827135542728 102.69223137816574 2.2
      vertex 52.47792274537173 101.82083608390755 2.2
      vertex 52.36107582724932 102.10292949836015 2.2
    endloop
  endfacet
  facet normal 0 0 1
    outer loop
      vertex 11.23668144332111 102.99495490038319 2.2
      vertex 52.163318556678895 102.99495490038319 2.2
      vertex 52.150000000000006 103.3 2.2
    endloop
  endfacet
  facet normal 0 0 1
    outer loop
      vertex 11.25 103.3 2.2
      vertex 52.150000000000006 103.3 2.2
      vertex 52.163318556678895 103.6050450996168 2.2
    endloop
  endfacet
  facet normal 0 0 1
    outer loop
      vertex 11.23668144332111 103.6050450996168 2.2
      vertex 52.163318556678895 103.6050450996168 2.2
      vertex 52.20317286445728 103.90776862183425 2.2
    endloop
  endfacet
  facet normal 0 0 1
    outer loop
      vertex 11.196827135542728 103.90776862183425 2.2
      vertex 52.20317286445728 103.90776862183425 2.2
      vertex 52.26925960798827 104.20586665785882 2.2
    endloop
  endfacet
  facet normal 0 0 1
    outer loop
      vertex 11.130740392011738 104.20586665785882 2.2
      vertex 52.26925960798827 104.20586665785882 2.2
      vertex 52.36107582724932 104.49707050163984 2.2
    endloop
  endfacet
  facet normal 0 0 1
    outer loop
      vertex 11.03892417275068 104.49707050163984 2.2
      vertex 52.36107582724932 104.49707050163984 2.2
      vertex 52.47792274537173 104.77916391609244 2.2
    endloop
  endfacet
  facet normal 0 0 1
    outer loop
      vertex 10.922077254628274 104.77916391609244 2.2
      vertex 52.47792274537173 104.77916391609244 2.2
      vertex 52.61891108675447 105.05 2.2
    endloop
  endfacet
  facet normal 0 0 1
    outer loop
      vertex 10.922077254628274 104.77916391609244 2.2
      vertex 52.61891108675447 105.05 2.2
      vertex 52.782967844988534 105.30751752722865 2.2
    endloop
  endfacet
  facet normal 0 0 1
    outer loop
      vertex 10.922077254628274 104.77916391609244 2.2
      vertex 52.782967844988534 105.30751752722865 2.2
      vertex 52.96884444908358 105.54975663390289 2.2
    endloop
  endfacet
  facet normal 0 0 1
    outer loop
      vertex 10.922077254628274 104.77916391609244 2.2
      vertex 52.96884444908358 105.54975663390289 2.2
      vertex 53.17512626584709 105.77487373415292 2.2
    endloop
  endfacet
  facet normal 0 0 1
    outer loop
      vertex 11.196827135542728 102.69223137816574 2.2
      vertex 55.04223137816575 99.85317286445726 2.2
      vertex 54.74413334214118 99.91925960798825 2.2
    endloop
  endfacet
  facet normal 0 0 1
    outer loop
      vertex 11.196827135542728 102.69223137816574 2.2
      vertex 54.74413334214118 99.91925960798825 2.2
      vertex 54.45292949836016 100.01107582724931 2.2
    endloop
  endfacet
  facet normal 0 0 1
    outer loop
      vertex 11.196827135542728 102.69223137816574 2.2
      vertex 55.3449549003832 99.8133185566789 2.2
      vertex 55.04223137816575 99.85317286445726 2.2
    endloop
  endfacet
  facet normal 0 0 1
    outer loop
      vertex 11.196827135542728 102.69223137816574 2.2
      vertex 54.17083608390756 100.12792274537172 2.2
      vertex 53.900000000000006 100.26891108675446 2.2
    endloop
  endfacet
  facet normal 0 0 1
    outer loop
      vertex 11.196827135542728 102.69223137816574 2.2
      vertex 54.45292949836016 100.01107582724931 2.2
      vertex 54.17083608390756 100.12792274537172 2.2
    endloop
  endfacet
  facet normal 0 0 1
    outer loop
      vertex 10.781088913245535 105.05 2.2
      vertex 53.17512626584709 105.77487373415292 2.2
      vertex 53.400243366097115 105.98115555091643 2.2
    endloop
  endfacet
  facet normal 0 0 1
    outer loop
      vertex 10.617032155011472 105.30751752722865 2.2
      vertex 53.400243366097115 105.98115555091643 2.2
      vertex 53.64248247277134 106.16703215501147 2.2
    endloop
  endfacet
  facet normal 0 0 1
    outer loop
      vertex 10.431155550916422 105.54975663390289 2.2
      vertex 53.64248247277134 106.16703215501147 2.2
      vertex 53.900000000000006 106.33108891324554 2.2
    endloop
  endfacet
  facet normal 0 0 1
    outer loop
      vertex 10.224873734152917 105.77487373415292 2.2
      vertex 53.900000000000006 106.33108891324554 2.2
      vertex 54.17083608390756 106.47207725462827 2.2
    endloop
  endfacet
  facet normal 0 0 1
    outer loop
      vertex 9.999756633902887 105.98115555091643 2.2
      vertex 54.17083608390756 106.47207725462827 2.2
      vertex 54.45292949836016 106.58892417275068 2.2
    endloop
  endfacet
  facet normal 0 0 1
    outer loop
      vertex 9.999756633902887 105.98115555091643 2.2
      vertex 54.45292949836016 106.58892417275068 2.2
      vertex 54.74413334214118 106.68074039201174 2.2
    endloop
  endfacet
  facet normal 0 0 1
    outer loop
      vertex 9.5 106.33108891324554 2.2
      vertex 54.74413334214118 106.68074039201174 2.2
      vertex 55.04223137816575 106.74682713554273 2.2
    endloop
  endfacet
  facet normal 0 0 1
    outer loop
      vertex 9.5 106.33108891324554 2.2
      vertex 55.04223137816575 106.74682713554273 2.2
      vertex 55.3449549003832 106.7866814433211 2.2
    endloop
  endfacet
  facet normal 0 0 1
    outer loop
      vertex 9.5 106.33108891324554 2.2
      vertex 55.3449549003832 106.7866814433211 2.2
      vertex 55.650000000000006 106.8 2.2
    endloop
  endfacet
  facet normal 0 0 1
    outer loop
      vertex 9.5 106.33108891324554 2.2
      vertex 55.650000000000006 106.8 2.2
      vertex 58.37989899218083 106.87989899218083 2.2
    endloop
  endfacet
  facet normal 0 0 1
    outer loop
      vertex 9.229163916092448 106.47207725462827 2.2
      vertex 58.37989899218083 106.87989899218083 2.2
      vertex 58.199805308878425 107.04492444247008 2.2
    endloop
  endfacet
  facet normal 0 0 1
    outer loop
      vertex 8.655866657858823 106.68074039201174 2.2
      vertex 58.199805308878425 107.04492444247008 2.2
      vertex 58.00601402372122 107.19362573027611 2.2
    endloop
  endfacet
  facet normal 0 0 1
    outer loop
      vertex 5.393985976278782 107.19362573027611 2.2
      vertex 57.583331134915355 107.43766180872917 2.2
      vertex 57.3576564013958 107.53113934099675 2.2
    endloop
  endfacet
  facet normal 0 0 1
    outer loop
      vertex 5.020101007819176 106.87989899218083 2.2
      vertex 58.00601402372122 107.19362573027611 2.2
      vertex 57.80000000149012 107.324871134758 2.2
    endloop
  endfacet
  facet normal 0 0 1
    outer loop
      vertex 5.200194691121578 107.04492444247008 2.2
      vertex 57.80000000149012 107.324871134758 2.2
      vertex 57.583331134915355 107.43766180872917 2.2
    endloop
  endfacet
  facet normal 0 0 1
    outer loop
      vertex 6.0423435986042024 107.53113934099675 2.2
      vertex 56.886214901506904 107.65746171474457 2.2
      vertex 56.6440360814333 107.68934515565634 2.2
    endloop
  endfacet
  facet normal 0 0 1
    outer loop
      vertex 5.599999998509884 107.324871134758 2.2
      vertex 57.3576564013958 107.53113934099675 2.2
      vertex 57.1246933311224 107.60459231287241 2.2
    endloop
  endfacet
  facet normal 0 0 1
    outer loop
      vertex 5.816668865084648 107.43766180872917 2.2
      vertex 57.1246933311224 107.60459231287241 2.2
      vertex 56.886214901506904 107.65746171474457 2.2
    endloop
  endfacet
  facet normal 0 0 1
    outer loop
      vertex 6.275306668877602 107.60459231287241 2.2
      vertex 56.6440360814333 107.68934515565634 2.2
      vertex 56.400000002980235 107.7 2.2
    endloop
  endfacet
  facet normal 0 -1 0
    outer loop
      vertex 28.10450445562601 107.7 5.112107774615287
      vertex 56.400000002980235 107.7 2.2
      vertex 28.381818179786205 107.7 5.1
    endloop
  endfacet
  facet normal 0 -1 0
    outer loop
      vertex 28.381818179786205 107.7 5.1
      vertex 56.400000002980235 107.7 2.2
      vertex 35.0181818202138 107.7 5.1
    endloop
  endfacet
  facet normal 0 -1 0
    outer loop
      vertex 35.0181818202138 107.7 5.1
      vertex 56.400000002980235 107.7 2.2
      vertex 35.29549554437399 107.7 5.112107774615287
    endloop
  endfacet
  facet normal 0 -1 0
    outer loop
      vertex 35.29549554437399 107.7 5.112107774615287
      vertex 56.400000002980235 107.7 2.2
      vertex 35.570698750019076 107.7 5.148338964581489
    endloop
  endfacet
  facet normal 0 -1 0
    outer loop
      vertex 35.570698750019076 107.7 5.148338964581489
      vertex 56.400000002980235 107.7 2.2
      vertex 35.84169696718455 107.7 5.208417823910713
    endloop
  endfacet
  facet normal 0 -1 0
    outer loop
      vertex 35.84169696718455 107.7 5.208417823910713
      vertex 56.400000002980235 107.7 2.2
      vertex 36.10642773360014 107.7 5.291887110471725
    endloop
  endfacet
  facet normal 0 -1 0
    outer loop
      vertex 36.10642773360014 107.7 5.291887110471725
      vertex 56.400000002980235 107.7 2.2
      vertex 36.36287629306317 107.7 5.398111587762832
    endloop
  endfacet
  facet normal 0 -1 0
    outer loop
      vertex 36.36287629306317 107.7 5.398111587762832
      vertex 56.400000002980235 107.7 2.2
      vertex 36.60909091383219 107.7 5.526282800734043
    endloop
  endfacet
  facet normal 0 -1 0
    outer loop
      vertex 36.60909091383219 107.7 5.526282800734043
      vertex 56.400000002980235 107.7 2.2
      vertex 36.843197752535346 107.7 5.675425311923027
    endloop
  endfacet
  facet normal 0 -1 0
    outer loop
      vertex 36.843197752535346 107.7 5.675425311923027
      vertex 56.400000002980235 107.7 2.2
      vertex 37.06341512203217 107.7 5.844404040277004
    endloop
  endfacet
  facet normal 0 -1 0
    outer loop
      vertex 37.06341512203217 107.7 5.844404040277004
      vertex 56.400000002980235 107.7 2.2
      vertex 37.26806703656912 107.7 6.031932963430881
    endloop
  endfacet
  facet normal 0 -1 0
    outer loop
      vertex 37.26806703656912 107.7 6.031932963430881
      vertex 56.400000002980235 107.7 2.2
      vertex 37.455595959723 107.7 6.236584877967834
    endloop
  endfacet
  facet normal 0 -1 0
    outer loop
      vertex 37.455595959723 107.7 6.236584877967834
      vertex 56.400000002980235 107.7 2.2
      vertex 37.624574688076976 107.7 6.4568022474646565
    endloop
  endfacet
  facet normal 0 -1 0
    outer loop
      vertex 37.624574688076976 107.7 6.4568022474646565
      vertex 56.400000002980235 107.7 2.2
      vertex 37.77371719926596 107.7 6.690909086167812
    endloop
  endfacet
  facet normal 0 -1 0
    outer loop
      vertex 37.77371719926596 107.7 6.690909086167812
      vertex 56.400000002980235 107.7 2.2
      vertex 37.90188841223717 107.7 6.937123706936836
    endloop
  endfacet
  facet normal 0 -1 0
    outer loop
      vertex 37.90188841223717 107.7 6.937123706936836
      vertex 56.400000002980235 107.7 2.2
      vertex 38.00811288952828 107.7 7.19357226639986
    endloop
  endfacet
  facet normal 0 -1 0
    outer loop
      vertex 38.00811288952828 107.7 7.19357226639986
      vertex 56.400000002980235 107.7 2.2
      vertex 38.09158217608929 107.7 7.458303032815456
    endloop
  endfacet
  facet normal 0 -1 0
    outer loop
      vertex 56.400000002980235 107.7 2.2
      vertex 38.15166103541851 107.7 7.729301249980926
      vertex 38.09158217608929 107.7 7.458303032815456
    endloop
  endfacet
  facet normal 0 -1 0
    outer loop
      vertex 56.400000002980235 107.7 2.2
      vertex 38.187892225384715 107.7 8.00450445562601
      vertex 38.15166103541851 107.7 7.729301249980926
    endloop
  endfacet
  facet normal 0 -1 0
    outer loop
      vertex 56.400000002980235 107.7 2.2
      vertex 38.2 107.7 8.281818179786205
      vertex 38.187892225384715 107.7 8.00450445562601
    endloop
  endfacet
  facet normal 0 -1 0
    outer loop
      vertex 56.400000002980235 107.7 2.2
      vertex 38.2 107.7 8.918181820213794
      vertex 38.2 107.7 8.281818179786205
    endloop
  endfacet
  facet normal 0 -1 0
    outer loop
      vertex 56.400000002980235 107.7 2.2
      vertex 38.187892225384715 107.7 9.195495544373989
      vertex 38.2 107.7 8.918181820213794
    endloop
  endfacet
  facet normal 0 -1 0
    outer loop
      vertex 56.400000002980235 107.7 2.2
      vertex 38.15166103541851 107.7 9.470698750019073
      vertex 38.187892225384715 107.7 9.195495544373989
    endloop
  endfacet
  facet normal 0 -1 0
    outer loop
      vertex 56.400000002980235 107.7 2.2
      vertex 38.09158217608929 107.7 9.741696967184543
      vertex 38.15166103541851 107.7 9.470698750019073
    endloop
  endfacet
  facet normal 0 0 1
    outer loop
      vertex 59.150000000000006 103.3 2.2
      vertex 59.2 104.90000000298024 2.2
      vertex 59.136681443321116 103.6050450996168 2.2
    endloop
  endfacet
  facet normal 0 0 1
    outer loop
      vertex 59.136681443321116 103.6050450996168 2.2
      vertex 59.2 104.90000000298024 2.2
      vertex 59.09682713554273 103.90776862183425 2.2
    endloop
  endfacet
  facet normal 0 0 1
    outer loop
      vertex 59.09682713554273 103.90776862183425 2.2
      vertex 59.18934515565634 105.1440360814333 2.2
      vertex 59.030740392011744 104.20586665785882 2.2
    endloop
  endfacet
  facet normal 0 0 1
    outer loop
      vertex 59.09682713554273 103.90776862183425 2.2
      vertex 59.2 104.90000000298024 2.2
      vertex 59.18934515565634 105.1440360814333 2.2
    endloop
  endfacet
  facet normal 0 0 1
    outer loop
      vertex 58.93892417275069 104.49707050163984 2.2
      vertex 59.030740392011744 104.20586665785882 2.2
      vertex 59.15746171474457 105.3862149015069 2.2
    endloop
  endfacet
  facet normal 0 0 1
    outer loop
      vertex 58.93892417275069 104.49707050163984 2.2
      vertex 59.15746171474457 105.3862149015069 2.2
      vertex 58.82207725462828 104.77916391609244 2.2
    endloop
  endfacet
  facet normal 0 0 1
    outer loop
      vertex 59.030740392011744 104.20586665785882 2.2
      vertex 59.18934515565634 105.1440360814333 2.2
      vertex 59.15746171474457 105.3862149015069 2.2
    endloop
  endfacet
  facet normal 0 0 1
    outer loop
      vertex 58.82207725462828 104.77916391609244 2.2
      vertex 59.15746171474457 105.3862149015069 2.2
      vertex 58.68108891324554 105.05 2.2
    endloop
  endfacet
  facet normal 0 0 1
    outer loop
      vertex 58.51703215501148 105.30751752722865 2.2
      vertex 58.68108891324554 105.05 2.2
      vertex 59.15746171474457 105.3862149015069 2.2
    endloop
  endfacet
  facet normal -0.9990482217504997 -0.04361938350280233 0
    outer loop
      vertex 59.2 104.90000000298024 2.2
      vertex 59.2 104.90000000298024 14.899999999999999
      vertex 59.18934515565634 105.1440360814333 2.2
    endloop
  endfacet
  facet normal -0.9914448643478514 -0.13052616962996633 0
    outer loop
      vertex 59.18934515565634 105.1440360814333 2.2
      vertex 59.18934515565634 105.1440360814333 14.899999999999999
      vertex 59.15746171474457 105.3862149015069 2.2
    endloop
  endfacet
  facet normal 0 0 1
    outer loop
      vertex 55.95504509961681 106.7866814433211 2.2
      vertex 56.25776862183426 106.74682713554273 2.2
      vertex 58.37989899218083 106.87989899218083 2.2
    endloop
  endfacet
  facet normal 0 0 1
    outer loop
      vertex 55.650000000000006 106.8 2.2
      vertex 55.95504509961681 106.7866814433211 2.2
      vertex 58.37989899218083 106.87989899218083 2.2
    endloop
  endfacet
  facet normal 0 0 1
    outer loop
      vertex 56.25776862183426 106.74682713554273 2.2
      vertex 56.55586665785883 106.68074039201174 2.2
      vertex 58.37989899218083 106.87989899218083 2.2
    endloop
  endfacet
  facet normal 0 0 1
    outer loop
      vertex 56.84707050163985 106.58892417275068 2.2
      vertex 58.54492444247008 106.69980530887842 2.2
      vertex 56.55586665785883 106.68074039201174 2.2
    endloop
  endfacet
  facet normal 0 0 1
    outer loop
      vertex 57.899756633902896 105.98115555091643 2.2
      vertex 58.12487373415292 105.77487373415292 2.2
      vertex 58.937661808729175 106.08333113491535 2.2
    endloop
  endfacet
  facet normal 0 0 1
    outer loop
      vertex 57.65751752722867 106.16703215501147 2.2
      vertex 57.899756633902896 105.98115555091643 2.2
      vertex 58.824871134758 106.30000000149012 2.2
    endloop
  endfacet
  facet normal 0 0 1
    outer loop
      vertex 58.33115555091643 105.54975663390289 2.2
      vertex 58.51703215501148 105.30751752722865 2.2
      vertex 59.10459231287241 105.6246933311224 2.2
    endloop
  endfacet
  facet normal 0 0 1
    outer loop
      vertex 58.51703215501148 105.30751752722865 2.2
      vertex 59.15746171474457 105.3862149015069 2.2
      vertex 59.10459231287241 105.6246933311224 2.2
    endloop
  endfacet
  facet normal 0 0 1
    outer loop
      vertex 58.12487373415292 105.77487373415292 2.2
      vertex 58.33115555091643 105.54975663390289 2.2
      vertex 59.031139340996745 105.8576564013958 2.2
    endloop
  endfacet
  facet normal 0 0 1
    outer loop
      vertex 58.33115555091643 105.54975663390289 2.2
      vertex 59.10459231287241 105.6246933311224 2.2
      vertex 59.031139340996745 105.8576564013958 2.2
    endloop
  endfacet
  facet normal 0 0 1
    outer loop
      vertex 58.12487373415292 105.77487373415292 2.2
      vertex 59.031139340996745 105.8576564013958 2.2
      vertex 58.937661808729175 106.08333113491535 2.2
    endloop
  endfacet
  facet normal 0 0 1
    outer loop
      vertex 57.899756633902896 105.98115555091643 2.2
      vertex 58.937661808729175 106.08333113491535 2.2
      vertex 58.824871134758 106.30000000149012 2.2
    endloop
  endfacet
  facet normal 0 0 1
    outer loop
      vertex 57.400000000000006 106.33108891324554 2.2
      vertex 57.65751752722867 106.16703215501147 2.2
      vertex 58.69362573027611 106.50601402372122 2.2
    endloop
  endfacet
  facet normal 0 0 1
    outer loop
      vertex 56.84707050163985 106.58892417275068 2.2
      vertex 57.12916391609245 106.47207725462827 2.2
      vertex 58.54492444247008 106.69980530887842 2.2
    endloop
  endfacet
  facet normal 0 0 1
    outer loop
      vertex 57.12916391609245 106.47207725462827 2.2
      vertex 57.400000000000006 106.33108891324554 2.2
      vertex 58.69362573027611 106.50601402372122 2.2
    endloop
  endfacet
  facet normal 0 0 1
    outer loop
      vertex 57.65751752722867 106.16703215501147 2.2
      vertex 58.824871134758 106.30000000149012 2.2
      vertex 58.69362573027611 106.50601402372122 2.2
    endloop
  endfacet
  facet normal 0 0 1
    outer loop
      vertex 57.12916391609245 106.47207725462827 2.2
      vertex 58.69362573027611 106.50601402372122 2.2
      vertex 58.54492444247008 106.69980530887842 2.2
    endloop
  endfacet
  facet normal 0 0 1
    outer loop
      vertex 56.55586665785883 106.68074039201174 2.2
      vertex 58.54492444247008 106.69980530887842 2.2
      vertex 58.37989899218083 106.87989899218083 2.2
    endloop
  endfacet
  facet normal -0.9762960011761036 -0.2164396407489846 0
    outer loop
      vertex 59.15746171474457 105.3862149015069 2.2
      vertex 59.15746171474457 105.3862149015069 14.899999999999999
      vertex 59.10459231287241 105.6246933311224 2.2
    endloop
  endfacet
  facet normal -0.9537169531375339 -0.3007057919263593 0
    outer loop
      vertex 59.10459231287241 105.6246933311224 2.2
      vertex 59.10459231287241 105.6246933311224 14.899999999999999
      vertex 59.031139340996745 105.8576564013958 2.2
    endloop
  endfacet
  facet normal -0.8870108312466768 -0.46174861694549724 0
    outer loop
      vertex 58.937661808729175 106.08333113491535 2.2
      vertex 58.937661808729175 106.08333113491535 14.899999999999999
      vertex 58.824871134758 106.30000000149012 2.2
    endloop
  endfacet
  facet normal -0.9238795369130542 -0.3826834217382828 0
    outer loop
      vertex 58.937661808729175 106.08333113491535 2.2
      vertex 59.031139340996745 105.8576564013958 2.2
      vertex 59.031139340996745 105.8576564013958 14.899999999999999
    endloop
  endfacet
  facet normal -0.6755901943429914 -0.737277348972284 0
    outer loop
      vertex 58.199805308878425 107.04492444247008 2.2
      vertex 58.37989899218083 106.87989899218083 2.2
      vertex 58.37989899218083 106.87989899218083 14.899999999999999
    endloop
  endfacet
  facet normal -0.8433914502483194 -0.5372996013845875 0
    outer loop
      vertex 58.69362573027611 106.50601402372122 2.2
      vertex 58.824871134758 106.30000000149012 2.2
      vertex 58.824871134758 106.30000000149012 14.899999999999999
    endloop
  endfacet
  facet normal -0.7933533310582297 -0.6087614410414076 0
    outer loop
      vertex 58.69362573027611 106.50601402372122 2.2
      vertex 58.69362573027611 106.50601402372122 14.899999999999999
      vertex 58.54492444247008 106.69980530887842 2.2
    endloop
  endfacet
  facet normal -0.737277348972284 -0.6755901943429914 0
    outer loop
      vertex 58.37989899218083 106.87989899218083 2.2
      vertex 58.54492444247008 106.69980530887842 2.2
      vertex 58.54492444247008 106.69980530887842 14.899999999999999
    endloop
  endfacet
  facet normal -0.04361938350280233 -0.9990482217504997 0
    outer loop
      vertex 56.400000002980235 107.7 2.2
      vertex 56.6440360814333 107.68934515565634 2.2
      vertex 56.6440360814333 107.68934515565634 14.899999999999999
    endloop
  endfacet
  facet normal -0.13052616962996633 -0.9914448643478514 0
    outer loop
      vertex 56.6440360814333 107.68934515565634 2.2
      vertex 56.886214901506904 107.65746171474457 2.2
      vertex 56.886214901506904 107.65746171474457 14.899999999999999
    endloop
  endfacet
  facet normal -0.2164396407489846 -0.9762960011761036 0
    outer loop
      vertex 56.886214901506904 107.65746171474457 2.2
      vertex 57.1246933311224 107.60459231287241 2.2
      vertex 57.1246933311224 107.60459231287241 14.899999999999999
    endloop
  endfacet
  facet normal -0.3007057919263593 -0.9537169531375339 0
    outer loop
      vertex 57.1246933311224 107.60459231287241 2.2
      vertex 57.3576564013958 107.53113934099675 2.2
      vertex 57.3576564013958 107.53113934099675 14.899999999999999
    endloop
  endfacet
  facet normal -0.5372996013845875 -0.8433914502483194 0
    outer loop
      vertex 57.80000000149012 107.324871134758 2.2
      vertex 58.00601402372122 107.19362573027611 2.2
      vertex 58.00601402372122 107.19362573027611 14.899999999999999
    endloop
  endfacet
  facet normal -0.46174861694549724 -0.8870108312466768 0
    outer loop
      vertex 57.583331134915355 107.43766180872917 2.2
      vertex 57.80000000149012 107.324871134758 2.2
      vertex 57.80000000149012 107.324871134758 14.899999999999999
    endloop
  endfacet
  facet normal -0.6087614410414076 -0.7933533310582297 0
    outer loop
      vertex 58.00601402372122 107.19362573027611 2.2
      vertex 58.199805308878425 107.04492444247008 2.2
      vertex 58.199805308878425 107.04492444247008 14.899999999999999
    endloop
  endfacet
  facet normal -0.3826834217382828 -0.9238795369130542 0
    outer loop
      vertex 57.3576564013958 107.53113934099675 2.2
      vertex 57.583331134915355 107.43766180872917 2.2
      vertex 57.583331134915355 107.43766180872917 14.899999999999999
    endloop
  endfacet
  facet normal 0 -1 0
    outer loop
      vertex 28.10450445562601 107.7 12.087892225384712
      vertex 28.381818179786205 107.7 12.1
      vertex 56.400000002980235 107.7 14.899999999999999
    endloop
  endfacet
  facet normal 0 -1 0
    outer loop
      vertex 28.381818179786205 107.7 12.1
      vertex 35.0181818202138 107.7 12.1
      vertex 56.400000002980235 107.7 14.899999999999999
    endloop
  endfacet
  facet normal 0 -1 0
    outer loop
      vertex 37.26806703656912 107.7 11.168067036569118
      vertex 56.400000002980235 107.7 14.899999999999999
      vertex 37.06341512203217 107.7 11.355595959722995
    endloop
  endfacet
  facet normal 0 -1 0
    outer loop
      vertex 35.0181818202138 107.7 12.1
      vertex 35.29549554437399 107.7 12.087892225384712
      vertex 56.400000002980235 107.7 14.899999999999999
    endloop
  endfacet
  facet normal 0 -1 0
    outer loop
      vertex 35.29549554437399 107.7 12.087892225384712
      vertex 35.570698750019076 107.7 12.05166103541851
      vertex 56.400000002980235 107.7 14.899999999999999
    endloop
  endfacet
  facet normal 0 -1 0
    outer loop
      vertex 37.06341512203217 107.7 11.355595959722995
      vertex 56.400000002980235 107.7 14.899999999999999
      vertex 36.843197752535346 107.7 11.524574688076973
    endloop
  endfacet
  facet normal 0 -1 0
    outer loop
      vertex 36.843197752535346 107.7 11.524574688076973
      vertex 56.400000002980235 107.7 14.899999999999999
      vertex 36.60909091383219 107.7 11.673717199265957
    endloop
  endfacet
  facet normal 0 -1 0
    outer loop
      vertex 36.60909091383219 107.7 11.673717199265957
      vertex 56.400000002980235 107.7 14.899999999999999
      vertex 36.36287629306317 107.7 11.801888412237167
    endloop
  endfacet
  facet normal 0 -1 0
    outer loop
      vertex 36.36287629306317 107.7 11.801888412237167
      vertex 56.400000002980235 107.7 14.899999999999999
      vertex 36.10642773360014 107.7 11.908112889528274
    endloop
  endfacet
  facet normal 0 -1 0
    outer loop
      vertex 36.10642773360014 107.7 11.908112889528274
      vertex 56.400000002980235 107.7 14.899999999999999
      vertex 35.84169696718455 107.7 11.991582176089286
    endloop
  endfacet
  facet normal 0 -1 0
    outer loop
      vertex 35.570698750019076 107.7 12.05166103541851
      vertex 35.84169696718455 107.7 11.991582176089286
      vertex 56.400000002980235 107.7 14.899999999999999
    endloop
  endfacet
  facet normal 0 -1 0
    outer loop
      vertex 38.09158217608929 107.7 9.741696967184543
      vertex 56.400000002980235 107.7 14.899999999999999
      vertex 38.00811288952828 107.7 10.00642773360014
    endloop
  endfacet
  facet normal 0 -1 0
    outer loop
      vertex 38.00811288952828 107.7 10.00642773360014
      vertex 56.400000002980235 107.7 14.899999999999999
      vertex 37.90188841223717 107.7 10.262876293063163
    endloop
  endfacet
  facet normal 0 -1 0
    outer loop
      vertex 37.90188841223717 107.7 10.262876293063163
      vertex 56.400000002980235 107.7 14.899999999999999
      vertex 37.77371719926596 107.7 10.509090913832187
    endloop
  endfacet
  facet normal 0 -1 0
    outer loop
      vertex 37.624574688076976 107.7 10.743197752535343
      vertex 37.77371719926596 107.7 10.509090913832187
      vertex 56.400000002980235 107.7 14.899999999999999
    endloop
  endfacet
  facet normal 0 -1 0
    outer loop
      vertex 37.624574688076976 107.7 10.743197752535343
      vertex 56.400000002980235 107.7 14.899999999999999
      vertex 37.455595959723 107.7 10.963415122032165
    endloop
  endfacet
  facet normal 0 -1 0
    outer loop
      vertex 37.455595959723 107.7 10.963415122032165
      vertex 56.400000002980235 107.7 14.899999999999999
      vertex 37.26806703656912 107.7 11.168067036569118
    endloop
  endfacet
  facet normal -0.9990482217504997 -0.04361938350280233 0
    outer loop
      vertex 59.18934515565634 105.1440360814333 2.2
      vertex 59.2 104.90000000298024 14.899999999999999
      vertex 59.18934515565634 105.1440360814333 14.899999999999999
    endloop
  endfacet
  facet normal -0.9914448643478514 -0.13052616962996633 0
    outer loop
      vertex 59.15746171474457 105.3862149015069 2.2
      vertex 59.18934515565634 105.1440360814333 14.899999999999999
      vertex 59.15746171474457 105.3862149015069 14.899999999999999
    endloop
  endfacet
  facet normal 0 -1 0
    outer loop
      vertex 56.400000002980235 107.7 2.2
      vertex 56.400000002980235 107.7 14.899999999999999
      vertex 38.09158217608929 107.7 9.741696967184543
    endloop
  endfacet
  facet normal -0.9762960011761036 -0.2164396407489846 0
    outer loop
      vertex 59.10459231287241 105.6246933311224 2.2
      vertex 59.15746171474457 105.3862149015069 14.899999999999999
      vertex 59.10459231287241 105.6246933311224 14.899999999999999
    endloop
  endfacet
  facet normal -0.9537169531375339 -0.3007057919263593 0
    outer loop
      vertex 59.031139340996745 105.8576564013958 2.2
      vertex 59.10459231287241 105.6246933311224 14.899999999999999
      vertex 59.031139340996745 105.8576564013958 14.899999999999999
    endloop
  endfacet
  facet normal -0.9238795369130542 -0.3826834217382828 0
    outer loop
      vertex 58.937661808729175 106.08333113491535 2.2
      vertex 59.031139340996745 105.8576564013958 14.899999999999999
      vertex 58.937661808729175 106.08333113491535 14.899999999999999
    endloop
  endfacet
  facet normal -0.737277348972284 -0.6755901943429914 0
    outer loop
      vertex 58.37989899218083 106.87989899218083 2.2
      vertex 58.54492444247008 106.69980530887842 14.899999999999999
      vertex 58.37989899218083 106.87989899218083 14.899999999999999
    endloop
  endfacet
  facet normal -0.6755901943429914 -0.737277348972284 0
    outer loop
      vertex 58.199805308878425 107.04492444247008 2.2
      vertex 58.37989899218083 106.87989899218083 14.899999999999999
      vertex 58.199805308878425 107.04492444247008 14.899999999999999
    endloop
  endfacet
  facet normal -0.8870108312466768 -0.46174861694549724 0
    outer loop
      vertex 58.824871134758 106.30000000149012 2.2
      vertex 58.937661808729175 106.08333113491535 14.899999999999999
      vertex 58.824871134758 106.30000000149012 14.899999999999999
    endloop
  endfacet
  facet normal -0.8433914502483194 -0.5372996013845875 0
    outer loop
      vertex 58.69362573027611 106.50601402372122 2.2
      vertex 58.824871134758 106.30000000149012 14.899999999999999
      vertex 58.69362573027611 106.50601402372122 14.899999999999999
    endloop
  endfacet
  facet normal -0.7933533310582297 -0.6087614410414076 0
    outer loop
      vertex 58.54492444247008 106.69980530887842 2.2
      vertex 58.69362573027611 106.50601402372122 14.899999999999999
      vertex 58.54492444247008 106.69980530887842 14.899999999999999
    endloop
  endfacet
  facet normal -0.04361938350280233 -0.9990482217504997 0
    outer loop
      vertex 56.400000002980235 107.7 2.2
      vertex 56.6440360814333 107.68934515565634 14.899999999999999
      vertex 56.400000002980235 107.7 14.899999999999999
    endloop
  endfacet
  facet normal -0.13052616962996633 -0.9914448643478514 0
    outer loop
      vertex 56.6440360814333 107.68934515565634 2.2
      vertex 56.886214901506904 107.65746171474457 14.899999999999999
      vertex 56.6440360814333 107.68934515565634 14.899999999999999
    endloop
  endfacet
  facet normal -0.3007057919263593 -0.9537169531375339 0
    outer loop
      vertex 57.1246933311224 107.60459231287241 2.2
      vertex 57.3576564013958 107.53113934099675 14.899999999999999
      vertex 57.1246933311224 107.60459231287241 14.899999999999999
    endloop
  endfacet
  facet normal -0.3826834217382828 -0.9238795369130542 0
    outer loop
      vertex 57.3576564013958 107.53113934099675 2.2
      vertex 57.583331134915355 107.43766180872917 14.899999999999999
      vertex 57.3576564013958 107.53113934099675 14.899999999999999
    endloop
  endfacet
  facet normal -0.2164396407489846 -0.9762960011761036 0
    outer loop
      vertex 56.886214901506904 107.65746171474457 2.2
      vertex 57.1246933311224 107.60459231287241 14.899999999999999
      vertex 56.886214901506904 107.65746171474457 14.899999999999999
    endloop
  endfacet
  facet normal -0.46174861694549724 -0.8870108312466768 0
    outer loop
      vertex 57.583331134915355 107.43766180872917 2.2
      vertex 57.80000000149012 107.324871134758 14.899999999999999
      vertex 57.583331134915355 107.43766180872917 14.899999999999999
    endloop
  endfacet
  facet normal -0.5372996013845875 -0.8433914502483194 0
    outer loop
      vertex 57.80000000149012 107.324871134758 2.2
      vertex 58.00601402372122 107.19362573027611 14.899999999999999
      vertex 57.80000000149012 107.324871134758 14.899999999999999
    endloop
  endfacet
  facet normal -0.6087614410414076 -0.7933533310582297 0
    outer loop
      vertex 58.00601402372122 107.19362573027611 2.2
      vertex 58.199805308878425 107.04492444247008 14.899999999999999
      vertex 58.00601402372122 107.19362573027611 14.899999999999999
    endloop
  endfacet
  facet normal 0.21643961736467027 0 0.9762960063602816
    outer loop
      vertex 27.558303032815456 107.7 5.208417823910713
      vertex 27.829301249980926 107.7 5.148338964581489
      vertex 27.558303032815456 110.68 5.208417823910713
    endloop
  endfacet
  facet normal 0.3007057881375015 0 0.9537169543321562
    outer loop
      vertex 27.558303032815456 107.7 5.208417823910713
      vertex 27.29357226639986 110.68 5.291887110471725
      vertex 27.29357226639986 107.7 5.291887110471725
    endloop
  endfacet
  facet normal 0.38268345053984126 0 0.923879524983058
    outer loop
      vertex 27.29357226639986 107.7 5.291887110471725
      vertex 27.037123706936836 110.68 5.398111587762832
      vertex 27.037123706936836 107.7 5.398111587762832
    endloop
  endfacet
  facet normal 0.4617485963267067 0 0.8870108419801395
    outer loop
      vertex 27.037123706936836 107.7 5.398111587762832
      vertex 26.79090908616781 110.68 5.526282800734043
      vertex 26.79090908616781 107.7 5.526282800734043
    endloop
  endfacet
  facet normal 0.537299624746025 0 0.8433914353654421
    outer loop
      vertex 26.79090908616781 107.7 5.526282800734043
      vertex 26.79090908616781 110.68 5.526282800734043
      vertex 26.556802247464656 110.68 5.675425311923027
    endloop
  endfacet
  facet normal 0.38268345053984126 0 0.923879524983058
    outer loop
      vertex 27.29357226639986 107.7 5.291887110471725
      vertex 27.29357226639986 110.68 5.291887110471725
      vertex 27.037123706936836 110.68 5.398111587762832
    endloop
  endfacet
  facet normal 0.3007057881375015 0 0.9537169543321562
    outer loop
      vertex 27.558303032815456 107.7 5.208417823910713
      vertex 27.558303032815456 110.68 5.208417823910713
      vertex 27.29357226639986 110.68 5.291887110471725
    endloop
  endfacet
  facet normal 0.4617485963267067 0 0.8870108419801395
    outer loop
      vertex 27.037123706936836 107.7 5.398111587762832
      vertex 27.037123706936836 110.68 5.398111587762832
      vertex 26.79090908616781 110.68 5.526282800734043
    endloop
  endfacet
  facet normal 0.04361937275579186 0 0.9990482222197242
    outer loop
      vertex 28.10450445562601 107.7 5.112107774615287
      vertex 28.381818179786205 107.7 5.1
      vertex 28.10450445562601 110.68 5.112107774615287
    endloop
  endfacet
  facet normal 0.13052619434112814 0 0.9914448610945654
    outer loop
      vertex 28.10450445562601 107.7 5.112107774615287
      vertex 27.829301249980926 110.68 5.148338964581489
      vertex 27.829301249980926 107.7 5.148338964581489
    endloop
  endfacet
  facet normal 0.04361937275579186 0 0.9990482222197242
    outer loop
      vertex 28.381818179786205 107.7 5.1
      vertex 28.381818179786205 110.68 5.1
      vertex 28.10450445562601 110.68 5.112107774615287
    endloop
  endfacet
  facet normal 0.21643961736467027 0 0.9762960063602816
    outer loop
      vertex 27.558303032815456 110.68 5.208417823910713
      vertex 27.829301249980926 107.7 5.148338964581489
      vertex 27.829301249980926 110.68 5.148338964581489
    endloop
  endfacet
  facet normal 0.13052619434112814 0 0.9914448610945654
    outer loop
      vertex 28.10450445562601 107.7 5.112107774615287
      vertex 28.10450445562601 110.68 5.112107774615287
      vertex 27.829301249980926 110.68 5.148338964581489
    endloop
  endfacet
  facet normal 0 0 1
    outer loop
      vertex 28.381818179786205 107.7 5.1
      vertex 35.0181818202138 107.7 5.1
      vertex 28.381818179786205 110.68 5.1
    endloop
  endfacet
  facet normal 0.537299624746025 0 0.8433914353654421
    outer loop
      vertex 26.79090908616781 107.7 5.526282800734043
      vertex 26.556802247464656 110.68 5.675425311923027
      vertex 26.556802247464656 107.7 5.675425311923027
    endloop
  endfacet
  facet normal 0.6087614233792539 0 0.7933533446108769
    outer loop
      vertex 26.556802247464656 107.7 5.675425311923027
      vertex 26.336584877967834 110.68 5.844404040277004
      vertex 26.336584877967834 107.7 5.844404040277004
    endloop
  endfacet
  facet normal 0.6755901959468366 0 0.7372773475026307
    outer loop
      vertex 26.13193296343088 107.7 6.031932963430881
      vertex 26.336584877967834 107.7 5.844404040277004
      vertex 26.13193296343088 110.68 6.031932963430881
    endloop
  endfacet
  facet normal 0.7372773475026307 0 0.6755901959468366
    outer loop
      vertex 26.13193296343088 107.7 6.031932963430881
      vertex 25.944404040277004 110.68 6.236584877967834
      vertex 25.944404040277004 107.7 6.236584877967834
    endloop
  endfacet
  facet normal 0.7933533446108769 0 0.6087614233792539
    outer loop
      vertex 25.944404040277004 107.7 6.236584877967834
      vertex 25.775425311923026 110.68 6.4568022474646565
      vertex 25.775425311923026 107.7 6.4568022474646565
    endloop
  endfacet
  facet normal 0.6087614233792539 0 0.7933533446108769
    outer loop
      vertex 26.556802247464656 107.7 5.675425311923027
      vertex 26.556802247464656 110.68 5.675425311923027
      vertex 26.336584877967834 110.68 5.844404040277004
    endloop
  endfacet
  facet normal 0.6755901959468366 0 0.7372773475026307
    outer loop
      vertex 26.336584877967834 107.7 5.844404040277004
      vertex 26.336584877967834 110.68 5.844404040277004
      vertex 26.13193296343088 110.68 6.031932963430881
    endloop
  endfacet
  facet normal 0.7372773475026307 0 0.6755901959468366
    outer loop
      vertex 26.13193296343088 107.7 6.031932963430881
      vertex 26.13193296343088 110.68 6.031932963430881
      vertex 25.944404040277004 110.68 6.236584877967834
    endloop
  endfacet
  facet normal 0.7933533446108769 0 0.6087614233792539
    outer loop
      vertex 25.944404040277004 107.7 6.236584877967834
      vertex 25.944404040277004 110.68 6.236584877967834
      vertex 25.775425311923026 110.68 6.4568022474646565
    endloop
  endfacet
  facet normal 0.8433914353654421 0 0.537299624746025
    outer loop
      vertex 25.775425311923026 107.7 6.4568022474646565
      vertex 25.626282800734042 110.68 6.690909086167812
      vertex 25.626282800734042 107.7 6.690909086167812
    endloop
  endfacet
  facet normal 0.8870108419801395 0 0.4617485963267067
    outer loop
      vertex 25.626282800734042 107.7 6.690909086167812
      vertex 25.498111587762832 110.68 6.937123706936836
      vertex 25.498111587762832 107.7 6.937123706936836
    endloop
  endfacet
  facet normal 0.923879524983058 0 0.38268345053984126
    outer loop
      vertex 25.498111587762832 107.7 6.937123706936836
      vertex 25.391887110471725 110.68 7.19357226639986
      vertex 25.391887110471725 107.7 7.19357226639986
    endloop
  endfacet
  facet normal 0.9537169543321562 0 0.3007057881375015
    outer loop
      vertex 25.391887110471725 107.7 7.19357226639986
      vertex 25.308417823910712 110.68 7.458303032815456
      vertex 25.308417823910712 107.7 7.458303032815456
    endloop
  endfacet
  facet normal 0.8433914353654421 0 0.537299624746025
    outer loop
      vertex 25.775425311923026 107.7 6.4568022474646565
      vertex 25.775425311923026 110.68 6.4568022474646565
      vertex 25.626282800734042 110.68 6.690909086167812
    endloop
  endfacet
  facet normal 0.8870108419801395 0 0.4617485963267067
    outer loop
      vertex 25.626282800734042 107.7 6.690909086167812
      vertex 25.626282800734042 110.68 6.690909086167812
      vertex 25.498111587762832 110.68 6.937123706936836
    endloop
  endfacet
  facet normal 0.923879524983058 0 0.38268345053984126
    outer loop
      vertex 25.498111587762832 107.7 6.937123706936836
      vertex 25.498111587762832 110.68 6.937123706936836
      vertex 25.391887110471725 110.68 7.19357226639986
    endloop
  endfacet
  facet normal 0.9537169543321562 0 0.3007057881375015
    outer loop
      vertex 25.391887110471725 107.7 7.19357226639986
      vertex 25.391887110471725 110.68 7.19357226639986
      vertex 25.308417823910712 110.68 7.458303032815456
    endloop
  endfacet
  facet normal 0.9762960063602816 0 0.21643961736467027
    outer loop
      vertex 25.308417823910712 107.7 7.458303032815456
      vertex 25.24833896458149 110.68 7.729301249980926
      vertex 25.24833896458149 107.7 7.729301249980926
    endloop
  endfacet
  facet normal 0.9914448610945654 0 0.13052619434112814
    outer loop
      vertex 25.24833896458149 107.7 7.729301249980926
      vertex 25.212107774615287 110.68 8.00450445562601
      vertex 25.212107774615287 107.7 8.00450445562601
    endloop
  endfacet
  facet normal 0.9990482222197242 0 0.04361937275579186
    outer loop
      vertex 25.212107774615287 107.7 8.00450445562601
      vertex 25.2 110.68 8.281818179786205
      vertex 25.2 107.7 8.281818179786205
    endloop
  endfacet
  facet normal 0.9762960063602816 0 0.21643961736467027
    outer loop
      vertex 25.308417823910712 107.7 7.458303032815456
      vertex 25.308417823910712 110.68 7.458303032815456
      vertex 25.24833896458149 110.68 7.729301249980926
    endloop
  endfacet
  facet normal 0.9914448610945654 0 0.13052619434112814
    outer loop
      vertex 25.24833896458149 107.7 7.729301249980926
      vertex 25.24833896458149 110.68 7.729301249980926
      vertex 25.212107774615287 110.68 8.00450445562601
    endloop
  endfacet
  facet normal 0.9990482222197242 0 0.04361937275579186
    outer loop
      vertex 25.212107774615287 107.7 8.00450445562601
      vertex 25.212107774615287 110.68 8.00450445562601
      vertex 25.2 110.68 8.281818179786205
    endloop
  endfacet
  facet normal 1 0 0
    outer loop
      vertex 25.2 107.7 8.281818179786205
      vertex 25.2 110.68 8.918181820213794
      vertex 25.2 107.7 8.918181820213794
    endloop
  endfacet
  facet normal 0.9990482222197242 0 -0.04361937275579186
    outer loop
      vertex 25.2 107.7 8.918181820213794
      vertex 25.212107774615287 110.68 9.195495544373989
      vertex 25.212107774615287 107.7 9.195495544373989
    endloop
  endfacet
  facet normal 1 0 0
    outer loop
      vertex 25.2 107.7 8.281818179786205
      vertex 25.2 110.68 8.281818179786205
      vertex 25.2 110.68 8.918181820213794
    endloop
  endfacet
  facet normal 0.9990482222197242 0 -0.04361937275579186
    outer loop
      vertex 25.2 107.7 8.918181820213794
      vertex 25.2 110.68 8.918181820213794
      vertex 25.212107774615287 110.68 9.195495544373989
    endloop
  endfacet
  facet normal 0.9914448610945654 0 -0.13052619434112814
    outer loop
      vertex 25.212107774615287 107.7 9.195495544373989
      vertex 25.212107774615287 110.68 9.195495544373989
      vertex 25.24833896458149 110.68 9.470698750019073
    endloop
  endfacet
  facet normal 0.9914448610945654 0 -0.13052619434112814
    outer loop
      vertex 25.212107774615287 107.7 9.195495544373989
      vertex 25.24833896458149 110.68 9.470698750019073
      vertex 25.24833896458149 107.7 9.470698750019073
    endloop
  endfacet
  facet normal 0.9762960063602816 0 -0.21643961736467027
    outer loop
      vertex 25.24833896458149 107.7 9.470698750019073
      vertex 25.308417823910712 110.68 9.741696967184543
      vertex 25.308417823910712 107.7 9.741696967184543
    endloop
  endfacet
  facet normal 0.9537169543321562 0 -0.3007057881375015
    outer loop
      vertex 25.308417823910712 107.7 9.741696967184543
      vertex 25.391887110471725 110.68 10.00642773360014
      vertex 25.391887110471725 107.7 10.00642773360014
    endloop
  endfacet
  facet normal 0.923879524983058 0 -0.38268345053984126
    outer loop
      vertex 25.391887110471725 107.7 10.00642773360014
      vertex 25.498111587762832 110.68 10.262876293063163
      vertex 25.498111587762832 107.7 10.262876293063163
    endloop
  endfacet
  facet normal 0.9762960063602816 0 -0.21643961736467027
    outer loop
      vertex 25.24833896458149 107.7 9.470698750019073
      vertex 25.24833896458149 110.68 9.470698750019073
      vertex 25.308417823910712 110.68 9.741696967184543
    endloop
  endfacet
  facet normal 0.9537169543321562 0 -0.3007057881375015
    outer loop
      vertex 25.308417823910712 107.7 9.741696967184543
      vertex 25.308417823910712 110.68 9.741696967184543
      vertex 25.391887110471725 110.68 10.00642773360014
    endloop
  endfacet
  facet normal 0.923879524983058 0 -0.38268345053984126
    outer loop
      vertex 25.391887110471725 107.7 10.00642773360014
      vertex 25.391887110471725 110.68 10.00642773360014
      vertex 25.498111587762832 110.68 10.262876293063163
    endloop
  endfacet
  facet normal 0.8870108419801395 0 -0.4617485963267067
    outer loop
      vertex 25.498111587762832 107.7 10.262876293063163
      vertex 25.626282800734042 110.68 10.509090913832187
      vertex 25.626282800734042 107.7 10.509090913832187
    endloop
  endfacet
  facet normal 0.8433914353654421 0 -0.537299624746025
    outer loop
      vertex 25.626282800734042 107.7 10.509090913832187
      vertex 25.775425311923026 110.68 10.743197752535343
      vertex 25.775425311923026 107.7 10.743197752535343
    endloop
  endfacet
  facet normal 0.8870108419801395 0 -0.4617485963267067
    outer loop
      vertex 25.498111587762832 107.7 10.262876293063163
      vertex 25.498111587762832 110.68 10.262876293063163
      vertex 25.626282800734042 110.68 10.509090913832187
    endloop
  endfacet
  facet normal 0.8433914353654421 0 -0.537299624746025
    outer loop
      vertex 25.626282800734042 107.7 10.509090913832187
      vertex 25.626282800734042 110.68 10.509090913832187
      vertex 25.775425311923026 110.68 10.743197752535343
    endloop
  endfacet
  facet normal 0.7933533446108769 0 -0.6087614233792539
    outer loop
      vertex 25.775425311923026 107.7 10.743197752535343
      vertex 25.944404040277004 110.68 10.963415122032165
      vertex 25.944404040277004 107.7 10.963415122032165
    endloop
  endfacet
  facet normal 0.7372773475026307 0 -0.6755901959468366
    outer loop
      vertex 25.944404040277004 107.7 10.963415122032165
      vertex 26.13193296343088 110.68 11.168067036569118
      vertex 26.13193296343088 107.7 11.168067036569118
    endloop
  endfacet
  facet normal 0.7933533446108769 0 -0.6087614233792539
    outer loop
      vertex 25.775425311923026 107.7 10.743197752535343
      vertex 25.775425311923026 110.68 10.743197752535343
      vertex 25.944404040277004 110.68 10.963415122032165
    endloop
  endfacet
  facet normal 0.7372773475026307 0 -0.6755901959468366
    outer loop
      vertex 25.944404040277004 107.7 10.963415122032165
      vertex 25.944404040277004 110.68 10.963415122032165
      vertex 26.13193296343088 110.68 11.168067036569118
    endloop
  endfacet
  facet normal 0.6755901959468366 0 -0.7372773475026307
    outer loop
      vertex 26.13193296343088 107.7 11.168067036569118
      vertex 26.336584877967834 110.68 11.355595959722995
      vertex 26.336584877967834 107.7 11.355595959722995
    endloop
  endfacet
  facet normal 0.6087614233792539 0 -0.7933533446108769
    outer loop
      vertex 26.336584877967834 107.7 11.355595959722995
      vertex 26.556802247464656 110.68 11.524574688076973
      vertex 26.556802247464656 107.7 11.524574688076973
    endloop
  endfacet
  facet normal 0.537299624746025 0 -0.8433914353654421
    outer loop
      vertex 26.556802247464656 107.7 11.524574688076973
      vertex 26.79090908616781 110.68 11.673717199265957
      vertex 26.79090908616781 107.7 11.673717199265957
    endloop
  endfacet
  facet normal 0.4617485963267067 0 -0.8870108419801395
    outer loop
      vertex 26.79090908616781 107.7 11.673717199265957
      vertex 27.037123706936836 110.68 11.801888412237167
      vertex 27.037123706936836 107.7 11.801888412237167
    endloop
  endfacet
  facet normal 0.38268345053984126 0 -0.923879524983058
    outer loop
      vertex 27.037123706936836 107.7 11.801888412237167
      vertex 27.29357226639986 110.68 11.908112889528274
      vertex 27.29357226639986 107.7 11.908112889528274
    endloop
  endfacet
  facet normal 0.3007057881375015 0 -0.9537169543321562
    outer loop
      vertex 27.29357226639986 107.7 11.908112889528274
      vertex 27.558303032815456 110.68 11.991582176089286
      vertex 27.558303032815456 107.7 11.991582176089286
    endloop
  endfacet
  facet normal 0.6755901959468366 0 -0.7372773475026307
    outer loop
      vertex 26.13193296343088 107.7 11.168067036569118
      vertex 26.13193296343088 110.68 11.168067036569118
      vertex 26.336584877967834 110.68 11.355595959722995
    endloop
  endfacet
  facet normal 0.6087614233792539 0 -0.7933533446108769
    outer loop
      vertex 26.336584877967834 107.7 11.355595959722995
      vertex 26.336584877967834 110.68 11.355595959722995
      vertex 26.556802247464656 110.68 11.524574688076973
    endloop
  endfacet
  facet normal 0.537299624746025 0 -0.8433914353654421
    outer loop
      vertex 26.556802247464656 107.7 11.524574688076973
      vertex 26.556802247464656 110.68 11.524574688076973
      vertex 26.79090908616781 110.68 11.673717199265957
    endloop
  endfacet
  facet normal 0.4617485963267067 0 -0.8870108419801395
    outer loop
      vertex 26.79090908616781 107.7 11.673717199265957
      vertex 26.79090908616781 110.68 11.673717199265957
      vertex 27.037123706936836 110.68 11.801888412237167
    endloop
  endfacet
  facet normal 0.38268345053984126 0 -0.923879524983058
    outer loop
      vertex 27.037123706936836 107.7 11.801888412237167
      vertex 27.037123706936836 110.68 11.801888412237167
      vertex 27.29357226639986 110.68 11.908112889528274
    endloop
  endfacet
  facet normal 0.3007057881375015 0 -0.9537169543321562
    outer loop
      vertex 27.29357226639986 107.7 11.908112889528274
      vertex 27.29357226639986 110.68 11.908112889528274
      vertex 27.558303032815456 110.68 11.991582176089286
    endloop
  endfacet
  facet normal 0.21643961736467027 0 -0.9762960063602816
    outer loop
      vertex 27.558303032815456 107.7 11.991582176089286
      vertex 27.558303032815456 110.68 11.991582176089286
      vertex 27.829301249980926 110.68 12.05166103541851
    endloop
  endfacet
  facet normal 0.21643961736467027 0 -0.9762960063602816
    outer loop
      vertex 27.558303032815456 107.7 11.991582176089286
      vertex 27.829301249980926 110.68 12.05166103541851
      vertex 27.829301249980926 107.7 12.05166103541851
    endloop
  endfacet
  facet normal 0.13052619434112814 0 -0.9914448610945654
    outer loop
      vertex 27.829301249980926 107.7 12.05166103541851
      vertex 28.10450445562601 110.68 12.087892225384712
      vertex 28.10450445562601 107.7 12.087892225384712
    endloop
  endfacet
  facet normal 0.04361937275579186 0 -0.9990482222197242
    outer loop
      vertex 28.10450445562601 107.7 12.087892225384712
      vertex 28.381818179786205 110.68 12.1
      vertex 28.381818179786205 107.7 12.1
    endloop
  endfacet
  facet normal 0.13052619434112814 0 -0.9914448610945654
    outer loop
      vertex 27.829301249980926 107.7 12.05166103541851
      vertex 27.829301249980926 110.68 12.05166103541851
      vertex 28.10450445562601 110.68 12.087892225384712
    endloop
  endfacet
  facet normal 0.04361937275579186 0 -0.9990482222197242
    outer loop
      vertex 28.10450445562601 107.7 12.087892225384712
      vertex 28.10450445562601 110.68 12.087892225384712
      vertex 28.381818179786205 110.68 12.1
    endloop
  endfacet
  facet normal 0 0 -1
    outer loop
      vertex 28.381818179786205 107.7 12.1
      vertex 28.381818179786205 110.68 12.1
      vertex 35.0181818202138 110.68 12.1
    endloop
  endfacet
  facet normal 0 0 1
    outer loop
      vertex 28.381818179786205 110.68 5.1
      vertex 35.0181818202138 107.7 5.1
      vertex 35.0181818202138 110.68 5.1
    endloop
  endfacet
  facet normal -0.04361937275579186 0 0.9990482222197242
    outer loop
      vertex 35.0181818202138 107.7 5.1
      vertex 35.29549554437399 107.7 5.112107774615287
      vertex 35.0181818202138 110.68 5.1
    endloop
  endfacet
  facet normal -0.13052619434112814 0 0.9914448610945654
    outer loop
      vertex 35.29549554437399 107.7 5.112107774615287
      vertex 35.570698750019076 107.7 5.148338964581489
      vertex 35.29549554437399 110.68 5.112107774615287
    endloop
  endfacet
  facet normal -0.21643961736467027 0 0.9762960063602816
    outer loop
      vertex 35.570698750019076 107.7 5.148338964581489
      vertex 35.84169696718455 107.7 5.208417823910713
      vertex 35.570698750019076 110.68 5.148338964581489
    endloop
  endfacet
  facet normal -0.04361937275579186 0 0.9990482222197242
    outer loop
      vertex 35.29549554437399 107.7 5.112107774615287
      vertex 35.29549554437399 110.68 5.112107774615287
      vertex 35.0181818202138 110.68 5.1
    endloop
  endfacet
  facet normal -0.13052619434112814 0 0.9914448610945654
    outer loop
      vertex 35.570698750019076 107.7 5.148338964581489
      vertex 35.570698750019076 110.68 5.148338964581489
      vertex 35.29549554437399 110.68 5.112107774615287
    endloop
  endfacet
  facet normal -0.3007057881375015 0 0.9537169543321562
    outer loop
      vertex 35.84169696718455 107.7 5.208417823910713
      vertex 36.10642773360014 107.7 5.291887110471725
      vertex 35.84169696718455 110.68 5.208417823910713
    endloop
  endfacet
  facet normal -0.38268345053984126 0 0.923879524983058
    outer loop
      vertex 36.10642773360014 107.7 5.291887110471725
      vertex 36.36287629306317 107.7 5.398111587762832
      vertex 36.10642773360014 110.68 5.291887110471725
    endloop
  endfacet
  facet normal -0.4617485963267067 0 0.8870108419801395
    outer loop
      vertex 36.36287629306317 107.7 5.398111587762832
      vertex 36.60909091383219 107.7 5.526282800734043
      vertex 36.36287629306317 110.68 5.398111587762832
    endloop
  endfacet
  facet normal -0.537299624746025 0 0.8433914353654421
    outer loop
      vertex 36.60909091383219 107.7 5.526282800734043
      vertex 36.843197752535346 107.7 5.675425311923027
      vertex 36.60909091383219 110.68 5.526282800734043
    endloop
  endfacet
  facet normal -0.21643961736467027 0 0.9762960063602816
    outer loop
      vertex 35.570698750019076 110.68 5.148338964581489
      vertex 35.84169696718455 107.7 5.208417823910713
      vertex 35.84169696718455 110.68 5.208417823910713
    endloop
  endfacet
  facet normal -0.3007057881375015 0 0.9537169543321562
    outer loop
      vertex 36.10642773360014 107.7 5.291887110471725
      vertex 36.10642773360014 110.68 5.291887110471725
      vertex 35.84169696718455 110.68 5.208417823910713
    endloop
  endfacet
  facet normal -0.38268345053984126 0 0.923879524983058
    outer loop
      vertex 36.36287629306317 107.7 5.398111587762832
      vertex 36.36287629306317 110.68 5.398111587762832
      vertex 36.10642773360014 110.68 5.291887110471725
    endloop
  endfacet
  facet normal -0.4617485963267067 0 0.8870108419801395
    outer loop
      vertex 36.60909091383219 107.7 5.526282800734043
      vertex 36.60909091383219 110.68 5.526282800734043
      vertex 36.36287629306317 110.68 5.398111587762832
    endloop
  endfacet
  facet normal -0.6087614233792539 0 0.7933533446108769
    outer loop
      vertex 36.843197752535346 107.7 5.675425311923027
      vertex 37.06341512203217 107.7 5.844404040277004
      vertex 36.843197752535346 110.68 5.675425311923027
    endloop
  endfacet
  facet normal -0.6755901959468366 0 0.7372773475026307
    outer loop
      vertex 37.06341512203217 107.7 5.844404040277004
      vertex 37.26806703656912 107.7 6.031932963430881
      vertex 37.06341512203217 110.68 5.844404040277004
    endloop
  endfacet
  facet normal -0.7372773475026307 0 0.6755901959468366
    outer loop
      vertex 37.26806703656912 107.7 6.031932963430881
      vertex 37.455595959723 107.7 6.236584877967834
      vertex 37.26806703656912 110.68 6.031932963430881
    endloop
  endfacet
  facet normal -0.7933533446108769 0 0.6087614233792539
    outer loop
      vertex 37.455595959723 107.7 6.236584877967834
      vertex 37.624574688076976 107.7 6.4568022474646565
      vertex 37.455595959723 110.68 6.236584877967834
    endloop
  endfacet
  facet normal -0.537299624746025 0 0.8433914353654421
    outer loop
      vertex 36.60909091383219 110.68 5.526282800734043
      vertex 36.843197752535346 107.7 5.675425311923027
      vertex 36.843197752535346 110.68 5.675425311923027
    endloop
  endfacet
  facet normal -0.6087614233792539 0 0.7933533446108769
    outer loop
      vertex 37.06341512203217 107.7 5.844404040277004
      vertex 37.06341512203217 110.68 5.844404040277004
      vertex 36.843197752535346 110.68 5.675425311923027
    endloop
  endfacet
  facet normal -0.6755901959468366 0 0.7372773475026307
    outer loop
      vertex 37.26806703656912 107.7 6.031932963430881
      vertex 37.26806703656912 110.68 6.031932963430881
      vertex 37.06341512203217 110.68 5.844404040277004
    endloop
  endfacet
  facet normal -0.7372773475026307 0 0.6755901959468366
    outer loop
      vertex 37.455595959723 107.7 6.236584877967834
      vertex 37.455595959723 110.68 6.236584877967834
      vertex 37.26806703656912 110.68 6.031932963430881
    endloop
  endfacet
  facet normal -0.7933533446108769 0 0.6087614233792539
    outer loop
      vertex 37.624574688076976 107.7 6.4568022474646565
      vertex 37.624574688076976 110.68 6.4568022474646565
      vertex 37.455595959723 110.68 6.236584877967834
    endloop
  endfacet
  facet normal -0.8433914353654421 0 0.537299624746025
    outer loop
      vertex 37.624574688076976 107.7 6.4568022474646565
      vertex 37.77371719926596 107.7 6.690909086167812
      vertex 37.624574688076976 110.68 6.4568022474646565
    endloop
  endfacet
  facet normal -0.8870108419801395 0 0.4617485963267067
    outer loop
      vertex 37.77371719926596 107.7 6.690909086167812
      vertex 37.90188841223717 107.7 6.937123706936836
      vertex 37.77371719926596 110.68 6.690909086167812
    endloop
  endfacet
  facet normal -0.923879524983058 0 0.38268345053984126
    outer loop
      vertex 37.90188841223717 107.7 6.937123706936836
      vertex 38.00811288952828 107.7 7.19357226639986
      vertex 37.90188841223717 110.68 6.937123706936836
    endloop
  endfacet
  facet normal -0.9537169543321562 0 0.3007057881375015
    outer loop
      vertex 38.00811288952828 107.7 7.19357226639986
      vertex 38.09158217608929 107.7 7.458303032815456
      vertex 38.00811288952828 110.68 7.19357226639986
    endloop
  endfacet
  facet normal -0.8433914353654421 0 0.537299624746025
    outer loop
      vertex 37.624574688076976 110.68 6.4568022474646565
      vertex 37.77371719926596 107.7 6.690909086167812
      vertex 37.77371719926596 110.68 6.690909086167812
    endloop
  endfacet
  facet normal -0.8870108419801395 0 0.4617485963267067
    outer loop
      vertex 37.90188841223717 107.7 6.937123706936836
      vertex 37.90188841223717 110.68 6.937123706936836
      vertex 37.77371719926596 110.68 6.690909086167812
    endloop
  endfacet
  facet normal -0.923879524983058 0 0.38268345053984126
    outer loop
      vertex 38.00811288952828 107.7 7.19357226639986
      vertex 38.00811288952828 110.68 7.19357226639986
      vertex 37.90188841223717 110.68 6.937123706936836
    endloop
  endfacet
  facet normal -0.9537169543321562 0 0.3007057881375015
    outer loop
      vertex 38.00811288952828 110.68 7.19357226639986
      vertex 38.09158217608929 107.7 7.458303032815456
      vertex 38.09158217608929 110.68 7.458303032815456
    endloop
  endfacet
  facet normal -0.9762960063602816 0 0.21643961736467027
    outer loop
      vertex 38.09158217608929 107.7 7.458303032815456
      vertex 38.15166103541851 107.7 7.729301249980926
      vertex 38.09158217608929 110.68 7.458303032815456
    endloop
  endfacet
  facet normal -0.9914448610945654 0 0.13052619434112814
    outer loop
      vertex 38.15166103541851 107.7 7.729301249980926
      vertex 38.187892225384715 107.7 8.00450445562601
      vertex 38.15166103541851 110.68 7.729301249980926
    endloop
  endfacet
  facet normal -0.9990482222197242 0 0.04361937275579186
    outer loop
      vertex 38.187892225384715 107.7 8.00450445562601
      vertex 38.2 107.7 8.281818179786205
      vertex 38.187892225384715 110.68 8.00450445562601
    endloop
  endfacet
  facet normal -0.9762960063602816 0 0.21643961736467027
    outer loop
      vertex 38.15166103541851 107.7 7.729301249980926
      vertex 38.15166103541851 110.68 7.729301249980926
      vertex 38.09158217608929 110.68 7.458303032815456
    endloop
  endfacet
  facet normal -0.9914448610945654 0 0.13052619434112814
    outer loop
      vertex 38.187892225384715 107.7 8.00450445562601
      vertex 38.187892225384715 110.68 8.00450445562601
      vertex 38.15166103541851 110.68 7.729301249980926
    endloop
  endfacet
  facet normal -0.9990482222197242 0 0.04361937275579186
    outer loop
      vertex 38.2 107.7 8.281818179786205
      vertex 38.2 110.68 8.281818179786205
      vertex 38.187892225384715 110.68 8.00450445562601
    endloop
  endfacet
  facet normal -1 0 0
    outer loop
      vertex 38.2 107.7 8.281818179786205
      vertex 38.2 107.7 8.918181820213794
      vertex 38.2 110.68 8.281818179786205
    endloop
  endfacet
  facet normal -0.9990482222197242 0 -0.04361937275579186
    outer loop
      vertex 38.2 107.7 8.918181820213794
      vertex 38.187892225384715 107.7 9.195495544373989
      vertex 38.2 110.68 8.918181820213794
    endloop
  endfacet
  facet normal -0.9914448610945654 0 -0.13052619434112814
    outer loop
      vertex 38.187892225384715 107.7 9.195495544373989
      vertex 38.15166103541851 107.7 9.470698750019073
      vertex 38.187892225384715 110.68 9.195495544373989
    endloop
  endfacet
  facet normal -1 0 0
    outer loop
      vertex 38.2 110.68 8.281818179786205
      vertex 38.2 107.7 8.918181820213794
      vertex 38.2 110.68 8.918181820213794
    endloop
  endfacet
  facet normal -0.9990482222197242 0 -0.04361937275579186
    outer loop
      vertex 38.187892225384715 107.7 9.195495544373989
      vertex 38.187892225384715 110.68 9.195495544373989
      vertex 38.2 110.68 8.918181820213794
    endloop
  endfacet
  facet normal -0.9762960063602816 0 -0.21643961736467027
    outer loop
      vertex 38.15166103541851 107.7 9.470698750019073
      vertex 38.09158217608929 107.7 9.741696967184543
      vertex 38.15166103541851 110.68 9.470698750019073
    endloop
  endfacet
  facet normal -0.9537169543321562 0 -0.3007057881375015
    outer loop
      vertex 38.09158217608929 107.7 9.741696967184543
      vertex 38.00811288952828 107.7 10.00642773360014
      vertex 38.09158217608929 110.68 9.741696967184543
    endloop
  endfacet
  facet normal -0.923879524983058 0 -0.38268345053984126
    outer loop
      vertex 38.00811288952828 107.7 10.00642773360014
      vertex 37.90188841223717 107.7 10.262876293063163
      vertex 38.00811288952828 110.68 10.00642773360014
    endloop
  endfacet
  facet normal -0.9914448610945654 0 -0.13052619434112814
    outer loop
      vertex 38.187892225384715 110.68 9.195495544373989
      vertex 38.15166103541851 107.7 9.470698750019073
      vertex 38.15166103541851 110.68 9.470698750019073
    endloop
  endfacet
  facet normal -0.9762960063602816 0 -0.21643961736467027
    outer loop
      vertex 38.09158217608929 107.7 9.741696967184543
      vertex 38.09158217608929 110.68 9.741696967184543
      vertex 38.15166103541851 110.68 9.470698750019073
    endloop
  endfacet
  facet normal -0.9537169543321562 0 -0.3007057881375015
    outer loop
      vertex 38.00811288952828 107.7 10.00642773360014
      vertex 38.00811288952828 110.68 10.00642773360014
      vertex 38.09158217608929 110.68 9.741696967184543
    endloop
  endfacet
  facet normal -0.923879524983058 0 -0.38268345053984126
    outer loop
      vertex 38.00811288952828 110.68 10.00642773360014
      vertex 37.90188841223717 107.7 10.262876293063163
      vertex 37.90188841223717 110.68 10.262876293063163
    endloop
  endfacet
  facet normal -0.7933533446108769 0 -0.6087614233792539
    outer loop
      vertex 37.624574688076976 107.7 10.743197752535343
      vertex 37.455595959723 107.7 10.963415122032165
      vertex 37.624574688076976 110.68 10.743197752535343
    endloop
  endfacet
  facet normal -0.7372773475026307 0 -0.6755901959468366
    outer loop
      vertex 37.455595959723 107.7 10.963415122032165
      vertex 37.26806703656912 107.7 11.168067036569118
      vertex 37.455595959723 110.68 10.963415122032165
    endloop
  endfacet
  facet normal -0.7933533446108769 0 -0.6087614233792539
    outer loop
      vertex 37.455595959723 107.7 10.963415122032165
      vertex 37.455595959723 110.68 10.963415122032165
      vertex 37.624574688076976 110.68 10.743197752535343
    endloop
  endfacet
  facet normal -0.7372773475026307 0 -0.6755901959468366
    outer loop
      vertex 37.26806703656912 107.7 11.168067036569118
      vertex 37.26806703656912 110.68 11.168067036569118
      vertex 37.455595959723 110.68 10.963415122032165
    endloop
  endfacet
  facet normal -0.8870108419801395 0 -0.4617485963267067
    outer loop
      vertex 37.90188841223717 107.7 10.262876293063163
      vertex 37.77371719926596 107.7 10.509090913832187
      vertex 37.90188841223717 110.68 10.262876293063163
    endloop
  endfacet
  facet normal -0.8433914353654421 0 -0.537299624746025
    outer loop
      vertex 37.624574688076976 107.7 10.743197752535343
      vertex 37.77371719926596 110.68 10.509090913832187
      vertex 37.77371719926596 107.7 10.509090913832187
    endloop
  endfacet
  facet normal -0.8870108419801395 0 -0.4617485963267067
    outer loop
      vertex 37.77371719926596 107.7 10.509090913832187
      vertex 37.77371719926596 110.68 10.509090913832187
      vertex 37.90188841223717 110.68 10.262876293063163
    endloop
  endfacet
  facet normal -0.8433914353654421 0 -0.537299624746025
    outer loop
      vertex 37.624574688076976 107.7 10.743197752535343
      vertex 37.624574688076976 110.68 10.743197752535343
      vertex 37.77371719926596 110.68 10.509090913832187
    endloop
  endfacet
  facet normal 0 0 -1
    outer loop
      vertex 28.381818179786205 107.7 12.1
      vertex 35.0181818202138 110.68 12.1
      vertex 35.0181818202138 107.7 12.1
    endloop
  endfacet
  facet normal -0.04361937275579186 0 -0.9990482222197242
    outer loop
      vertex 35.0181818202138 107.7 12.1
      vertex 35.29549554437399 110.68 12.087892225384712
      vertex 35.29549554437399 107.7 12.087892225384712
    endloop
  endfacet
  facet normal -0.13052619434112814 0 -0.9914448610945654
    outer loop
      vertex 35.29549554437399 107.7 12.087892225384712
      vertex 35.570698750019076 110.68 12.05166103541851
      vertex 35.570698750019076 107.7 12.05166103541851
    endloop
  endfacet
  facet normal -0.04361937275579186 0 -0.9990482222197242
    outer loop
      vertex 35.0181818202138 107.7 12.1
      vertex 35.0181818202138 110.68 12.1
      vertex 35.29549554437399 110.68 12.087892225384712
    endloop
  endfacet
  facet normal -0.13052619434112814 0 -0.9914448610945654
    outer loop
      vertex 35.29549554437399 107.7 12.087892225384712
      vertex 35.29549554437399 110.68 12.087892225384712
      vertex 35.570698750019076 110.68 12.05166103541851
    endloop
  endfacet
  facet normal -0.21643961736467027 0 -0.9762960063602816
    outer loop
      vertex 35.570698750019076 107.7 12.05166103541851
      vertex 35.570698750019076 110.68 12.05166103541851
      vertex 35.84169696718455 110.68 11.991582176089286
    endloop
  endfacet
  facet normal -0.6755901959468366 0 -0.7372773475026307
    outer loop
      vertex 37.26806703656912 107.7 11.168067036569118
      vertex 37.06341512203217 107.7 11.355595959722995
      vertex 37.26806703656912 110.68 11.168067036569118
    endloop
  endfacet
  facet normal -0.6087614233792539 0 -0.7933533446108769
    outer loop
      vertex 37.06341512203217 107.7 11.355595959722995
      vertex 36.843197752535346 107.7 11.524574688076973
      vertex 37.06341512203217 110.68 11.355595959722995
    endloop
  endfacet
  facet normal -0.537299624746025 0 -0.8433914353654421
    outer loop
      vertex 36.843197752535346 107.7 11.524574688076973
      vertex 36.60909091383219 107.7 11.673717199265957
      vertex 36.843197752535346 110.68 11.524574688076973
    endloop
  endfacet
  facet normal -0.4617485963267067 0 -0.8870108419801395
    outer loop
      vertex 36.60909091383219 107.7 11.673717199265957
      vertex 36.36287629306317 107.7 11.801888412237167
      vertex 36.60909091383219 110.68 11.673717199265957
    endloop
  endfacet
  facet normal -0.38268345053984126 0 -0.923879524983058
    outer loop
      vertex 36.36287629306317 107.7 11.801888412237167
      vertex 36.10642773360014 107.7 11.908112889528274
      vertex 36.36287629306317 110.68 11.801888412237167
    endloop
  endfacet
  facet normal -0.3007057881375015 0 -0.9537169543321562
    outer loop
      vertex 36.10642773360014 107.7 11.908112889528274
      vertex 35.84169696718455 107.7 11.991582176089286
      vertex 36.10642773360014 110.68 11.908112889528274
    endloop
  endfacet
  facet normal -0.21643961736467027 0 -0.9762960063602816
    outer loop
      vertex 35.570698750019076 107.7 12.05166103541851
      vertex 35.84169696718455 110.68 11.991582176089286
      vertex 35.84169696718455 107.7 11.991582176089286
    endloop
  endfacet
  facet normal -0.6755901959468366 0 -0.7372773475026307
    outer loop
      vertex 37.26806703656912 110.68 11.168067036569118
      vertex 37.06341512203217 107.7 11.355595959722995
      vertex 37.06341512203217 110.68 11.355595959722995
    endloop
  endfacet
  facet normal -0.6087614233792539 0 -0.7933533446108769
    outer loop
      vertex 36.843197752535346 107.7 11.524574688076973
      vertex 36.843197752535346 110.68 11.524574688076973
      vertex 37.06341512203217 110.68 11.355595959722995
    endloop
  endfacet
  facet normal -0.537299624746025 0 -0.8433914353654421
    outer loop
      vertex 36.60909091383219 107.7 11.673717199265957
      vertex 36.60909091383219 110.68 11.673717199265957
      vertex 36.843197752535346 110.68 11.524574688076973
    endloop
  endfacet
  facet normal -0.38268345053984126 0 -0.923879524983058
    outer loop
      vertex 36.10642773360014 107.7 11.908112889528274
      vertex 36.10642773360014 110.68 11.908112889528274
      vertex 36.36287629306317 110.68 11.801888412237167
    endloop
  endfacet
  facet normal -0.4617485963267067 0 -0.8870108419801395
    outer loop
      vertex 36.36287629306317 107.7 11.801888412237167
      vertex 36.36287629306317 110.68 11.801888412237167
      vertex 36.60909091383219 110.68 11.673717199265957
    endloop
  endfacet
  facet normal -0.3007057881375015 0 -0.9537169543321562
    outer loop
      vertex 35.84169696718455 107.7 11.991582176089286
      vertex 35.84169696718455 110.68 11.991582176089286
      vertex 36.10642773360014 110.68 11.908112889528274
    endloop
  endfacet
  facet normal -0.6087614290087094 -0.7933533402912438 0
    outer loop
      vertex 5.742482472771339 100.43296784498853 2.2
      vertex 5.742482472771339 100.43296784498853 5.300000000000001
      vertex 5.500243366097113 100.61884444908357 2.2
    endloop
  endfacet
  facet normal -0.537299608346834 -0.8433914458128793 2.0906871028202935e-18
    outer loop
      vertex 5.742482472771339 100.43296784498853 2.2
      vertex 6 100.26891108675446 2.2
      vertex 6 100.26891108675446 5.300000000000001
    endloop
  endfacet
  facet normal -0.38268343236509295 -0.9238795325112854 -1.483456356444638e-18
    outer loop
      vertex 6.270836083907552 100.12792274537172 2.2
      vertex 6.552929498360159 100.01107582724931 2.2
      vertex 6.552929498360159 100.01107582724931 5.300000000000001
    endloop
  endfacet
  facet normal -0.3007057995042811 -0.9537169507482244 -1.8484763739086783e-20
    outer loop
      vertex 6.552929498360159 100.01107582724931 2.2
      vertex 6.844133342141177 99.91925960798825 2.2
      vertex 6.844133342141177 99.91925960798825 5.300000000000001
    endloop
  endfacet
  facet normal -0.4617486132350278 -0.8870108331782249 -2.6140725563854246e-18
    outer loop
      vertex 6 100.26891108675446 2.2
      vertex 6.270836083907552 100.12792274537172 2.2
      vertex 6.270836083907552 100.12792274537172 5.300000000000001
    endloop
  endfacet
  facet normal -0.21643961393809946 -0.9762960071199341 -4.314777511699907e-19
    outer loop
      vertex 6.844133342141177 99.91925960798825 2.2
      vertex 7.142231378165744 99.85317286445726 2.2
      vertex 7.142231378165744 99.85317286445726 5.300000000000001
    endloop
  endfacet
  facet normal -0.13052619222001552 -0.9914448613738152 6.167549167578448e-19
    outer loop
      vertex 7.142231378165744 99.85317286445726 2.2
      vertex 7.4449549003831965 99.8133185566789 2.2
      vertex 7.4449549003831965 99.8133185566789 5.300000000000001
    endloop
  endfacet
  facet normal -0.043619387365355825 -0.9990482215818569 3.963439270352258e-19
    outer loop
      vertex 7.4449549003831965 99.8133185566789 2.2
      vertex 7.75 99.8 2.2
      vertex 7.75 99.8 5.300000000000001
    endloop
  endfacet
  facet normal -0.6755902076156595 -0.7372773368101248 -2.0211922617811463e-19
    outer loop
      vertex 5.275126265847083 100.82512626584708 2.2
      vertex 5.500243366097113 100.61884444908357 2.2
      vertex 5.500243366097113 100.61884444908357 5.300000000000001
    endloop
  endfacet
  facet normal -0.7372773368101289 -0.6755902076156549 -1.5194918144217598e-19
    outer loop
      vertex 5.068844449083577 101.0502433660971 2.2
      vertex 5.275126265847083 100.82512626584708 2.2
      vertex 5.275126265847083 100.82512626584708 5.300000000000001
    endloop
  endfacet
  facet normal -0.793353340291244 -0.6087614290087092 5.182346832828464e-19
    outer loop
      vertex 4.882967844988529 101.29248247277134 2.2
      vertex 5.068844449083577 101.0502433660971 2.2
      vertex 5.068844449083577 101.0502433660971 5.300000000000001
    endloop
  endfacet
  facet normal -0.8433914458128825 -0.5372996083468289 0
    outer loop
      vertex 4.882967844988529 101.29248247277134 2.2
      vertex 4.882967844988529 101.29248247277134 5.300000000000001
      vertex 4.718911086754465 101.55 2.2
    endloop
  endfacet
  facet normal -0.8870108331782226 -0.46174861323503236 -3.3036920817127155e-18
    outer loop
      vertex 4.577922745371725 101.82083608390755 2.2
      vertex 4.718911086754465 101.55 2.2
      vertex 4.718911086754465 101.55 5.300000000000001
    endloop
  endfacet
  facet normal -0.9238795325112849 -0.3826834323650946 0
    outer loop
      vertex 4.577922745371725 101.82083608390755 2.2
      vertex 4.577922745371725 101.82083608390755 5.300000000000001
      vertex 4.461075827249321 102.10292949836015 2.2
    endloop
  endfacet
  facet normal -0.9537169507482274 -0.30070579950427145 -1.357645562806703e-18
    outer loop
      vertex 4.369259607988261 102.39413334214117 2.2
      vertex 4.461075827249321 102.10292949836015 2.2
      vertex 4.461075827249321 102.10292949836015 5.300000000000001
    endloop
  endfacet
  facet normal -0.9762960071199339 -0.2164396139381004 -6.79684669160289e-19
    outer loop
      vertex 4.303172864457272 102.69223137816574 2.2
      vertex 4.369259607988261 102.39413334214117 2.2
      vertex 4.369259607988261 102.39413334214117 5.300000000000001
    endloop
  endfacet
  facet normal -0.99144486137381 -0.13052619222005457 0
    outer loop
      vertex 4.303172864457272 102.69223137816574 2.2
      vertex 4.303172864457272 102.69223137816574 5.300000000000001
      vertex 4.2633185566788905 102.99495490038319 2.2
    endloop
  endfacet
  facet normal -0.9990482215818578 -0.04361938736533526 0
    outer loop
      vertex 4.2633185566788905 102.99495490038319 2.2
      vertex 4.2633185566788905 102.99495490038319 5.300000000000001
      vertex 4.25 103.3 2.2
    endloop
  endfacet
  facet normal -0.9990482215818578 0.04361938736533526 0
    outer loop
      vertex 4.25 103.3 2.2
      vertex 4.25 103.3 5.300000000000001
      vertex 4.2633185566788905 103.6050450996168 2.2
    endloop
  endfacet
  facet normal -0.99144486137381 0.13052619222005457 0
    outer loop
      vertex 4.2633185566788905 103.6050450996168 2.2
      vertex 4.2633185566788905 103.6050450996168 5.300000000000001
      vertex 4.303172864457272 103.90776862183425 2.2
    endloop
  endfacet
  facet normal -0.9762960071199339 0.2164396139381004 0
    outer loop
      vertex 4.303172864457272 103.90776862183425 2.2
      vertex 4.303172864457272 103.90776862183425 5.300000000000001
      vertex 4.369259607988261 104.20586665785882 2.2
    endloop
  endfacet
  facet normal -0.9537169507482274 0.30070579950427145 0
    outer loop
      vertex 4.369259607988261 104.20586665785882 2.2
      vertex 4.369259607988261 104.20586665785882 5.300000000000001
      vertex 4.461075827249321 104.49707050163984 2.2
    endloop
  endfacet
  facet normal -0.9238795325112849 0.3826834323650946 0
    outer loop
      vertex 4.461075827249321 104.49707050163984 2.2
      vertex 4.461075827249321 104.49707050163984 5.300000000000001
      vertex 4.577922745371725 104.77916391609244 2.2
    endloop
  endfacet
  facet normal -0.8870108331782226 0.46174861323503236 0
    outer loop
      vertex 4.577922745371725 104.77916391609244 2.2
      vertex 4.577922745371725 104.77916391609244 5.300000000000001
      vertex 4.718911086754465 105.05 2.2
    endloop
  endfacet
  facet normal -0.8433914458128825 0.5372996083468289 0
    outer loop
      vertex 4.718911086754465 105.05 2.2
      vertex 4.718911086754465 105.05 5.300000000000001
      vertex 4.882967844988529 105.30751752722865 2.2
    endloop
  endfacet
  facet normal -0.793353340291244 0.6087614290087092 0
    outer loop
      vertex 4.882967844988529 105.30751752722865 2.2
      vertex 4.882967844988529 105.30751752722865 5.300000000000001
      vertex 5.068844449083577 105.54975663390289 2.2
    endloop
  endfacet
  facet normal 0.043619387365355825 -0.9990482215818569 -3.963439270352258e-19
    outer loop
      vertex 7.75 99.8 2.2
      vertex 8.055045099616803 99.8133185566789 2.2
      vertex 8.055045099616803 99.8133185566789 5.300000000000001
    endloop
  endfacet
  facet normal 0.13052619222001513 -0.9914448613738152 1.2623117667578213e-19
    outer loop
      vertex 8.055045099616803 99.8133185566789 2.2
      vertex 8.357768621834257 99.85317286445726 2.2
      vertex 8.357768621834257 99.85317286445726 5.300000000000001
    endloop
  endfacet
  facet normal 0.21643961393810007 -0.976296007119934 7.312839285310492e-19
    outer loop
      vertex 8.357768621834257 99.85317286445726 2.2
      vertex 8.655866657858823 99.91925960798825 2.2
      vertex 8.655866657858823 99.91925960798825 5.300000000000001
    endloop
  endfacet
  facet normal 0.3007057995042811 -0.9537169507482244 1.8484763739086783e-20
    outer loop
      vertex 8.655866657858823 99.91925960798825 2.2
      vertex 8.94707050163984 100.01107582724931 2.2
      vertex 8.94707050163984 100.01107582724931 5.300000000000001
    endloop
  endfacet
  facet normal 0.38268343236509295 -0.9238795325112854 1.483456356444638e-18
    outer loop
      vertex 8.94707050163984 100.01107582724931 2.2
      vertex 9.229163916092448 100.12792274537172 2.2
      vertex 9.229163916092448 100.12792274537172 5.300000000000001
    endloop
  endfacet
  facet normal 0.4617486132350278 -0.8870108331782249 2.6140725563854246e-18
    outer loop
      vertex 9.229163916092448 100.12792274537172 2.2
      vertex 9.5 100.26891108675446 2.2
      vertex 9.5 100.26891108675446 5.300000000000001
    endloop
  endfacet
  facet normal 0.537299608346834 -0.8433914458128793 -2.0906871028202935e-18
    outer loop
      vertex 9.5 100.26891108675446 2.2
      vertex 9.75751752722866 100.43296784498853 2.2
      vertex 9.75751752722866 100.43296784498853 5.300000000000001
    endloop
  endfacet
  facet normal 0.6087614290087094 -0.7933533402912438 -3.28397071829586e-18
    outer loop
      vertex 9.75751752722866 100.43296784498853 2.2
      vertex 9.999756633902887 100.61884444908357 2.2
      vertex 9.999756633902887 100.61884444908357 5.300000000000001
    endloop
  endfacet
  facet normal 0.6755902076156595 -0.7372773368101248 2.0211922617811463e-19
    outer loop
      vertex 9.999756633902887 100.61884444908357 2.2
      vertex 10.224873734152917 100.82512626584708 2.2
      vertex 10.224873734152917 100.82512626584708 5.300000000000001
    endloop
  endfacet
  facet normal 0.7372773368101303 -0.6755902076156534 1.5082277417385853e-18
    outer loop
      vertex 10.224873734152917 100.82512626584708 2.2
      vertex 10.431155550916422 101.0502433660971 2.2
      vertex 10.431155550916422 101.0502433660971 5.300000000000001
    endloop
  endfacet
  facet normal 0.7933533402912412 -0.6087614290087129 -4.213853157183763e-19
    outer loop
      vertex 10.431155550916422 101.0502433660971 2.2
      vertex 10.617032155011472 101.29248247277134 2.2
      vertex 10.617032155011472 101.29248247277134 5.300000000000001
    endloop
  endfacet
  facet normal 0.8433914458128837 -0.5372996083468268 -4.0842500886238273e-19
    outer loop
      vertex 10.617032155011472 101.29248247277134 2.2
      vertex 10.781088913245535 101.55 2.2
      vertex 10.781088913245535 101.55 5.300000000000001
    endloop
  endfacet
  facet normal 0.8870108331782237 -0.4617486132350301 -1.586084175599124e-18
    outer loop
      vertex 10.781088913245535 101.55 2.2
      vertex 10.922077254628274 101.82083608390755 2.2
      vertex 10.922077254628274 101.82083608390755 5.300000000000001
    endloop
  endfacet
  facet normal 0.9238795325112837 -0.3826834323650971 2.761784787363609e-18
    outer loop
      vertex 10.922077254628274 101.82083608390755 2.2
      vertex 11.03892417275068 102.10292949836015 2.2
      vertex 11.03892417275068 102.10292949836015 5.300000000000001
    endloop
  endfacet
  facet normal 0.9537169507482283 -0.30070579950426884 -6.516661590778606e-19
    outer loop
      vertex 11.03892417275068 102.10292949836015 2.2
      vertex 11.130740392011738 102.39413334214117 2.2
      vertex 11.130740392011738 102.39413334214117 5.300000000000001
    endloop
  endfacet
  facet normal 0.9762960071199333 -0.21643961393810315 1.827310119233751e-18
    outer loop
      vertex 11.130740392011738 102.39413334214117 2.2
      vertex 11.196827135542728 102.69223137816574 2.2
      vertex 11.196827135542728 102.69223137816574 5.300000000000001
    endloop
  endfacet
  facet normal 0.9914448613738097 -0.13052619222005743 -8.088595510409936e-19
    outer loop
      vertex 11.196827135542728 102.69223137816574 2.2
      vertex 11.23668144332111 102.99495490038319 2.2
      vertex 11.23668144332111 102.99495490038319 5.300000000000001
    endloop
  endfacet
  facet normal 0.9990482215818579 -0.04361938736533235 -7.841841827705097e-20
    outer loop
      vertex 11.23668144332111 102.99495490038319 2.2
      vertex 11.25 103.3 2.2
      vertex 11.25 103.3 5.300000000000001
    endloop
  endfacet
  facet normal 0.9990482215818579 0.04361938736533235 7.841841827705097e-20
    outer loop
      vertex 11.25 103.3 2.2
      vertex 11.23668144332111 103.6050450996168 2.2
      vertex 11.23668144332111 103.6050450996168 5.300000000000001
    endloop
  endfacet
  facet normal 0.9914448613738097 0.13052619222005743 8.088595510409936e-19
    outer loop
      vertex 11.23668144332111 103.6050450996168 2.2
      vertex 11.196827135542728 103.90776862183425 2.2
      vertex 11.196827135542728 103.90776862183425 5.300000000000001
    endloop
  endfacet
  facet normal 0.9762960071199333 0.21643961393810315 -1.827310119233751e-18
    outer loop
      vertex 11.196827135542728 103.90776862183425 2.2
      vertex 11.130740392011738 104.20586665785882 2.2
      vertex 11.130740392011738 104.20586665785882 5.300000000000001
    endloop
  endfacet
  facet normal 0.9537169507482283 0.30070579950426884 6.516661590778606e-19
    outer loop
      vertex 11.130740392011738 104.20586665785882 2.2
      vertex 11.03892417275068 104.49707050163984 2.2
      vertex 11.03892417275068 104.49707050163984 5.300000000000001
    endloop
  endfacet
  facet normal 0.8870108331782237 0.4617486132350301 1.586084175599124e-18
    outer loop
      vertex 10.922077254628274 104.77916391609244 2.2
      vertex 10.781088913245535 105.05 2.2
      vertex 10.781088913245535 105.05 5.300000000000001
    endloop
  endfacet
  facet normal 0.8433914458128837 0.5372996083468268 0
    outer loop
      vertex 10.617032155011472 105.30751752722865 2.2
      vertex 10.617032155011472 105.30751752722865 5.300000000000001
      vertex 10.781088913245535 105.05 2.2
    endloop
  endfacet
  facet normal 0.9238795325112837 0.3826834323650971 0
    outer loop
      vertex 10.922077254628274 104.77916391609244 2.2
      vertex 10.922077254628274 104.77916391609244 5.300000000000001
      vertex 11.03892417275068 104.49707050163984 2.2
    endloop
  endfacet
  facet normal -0.537299608346834 -0.8433914458128793 0
    outer loop
      vertex 5.742482472771339 100.43296784498853 2.2
      vertex 6 100.26891108675446 5.300000000000001
      vertex 5.742482472771339 100.43296784498853 5.300000000000001
    endloop
  endfacet
  facet normal -0.38268343236509295 -0.9238795325112854 0
    outer loop
      vertex 6.270836083907552 100.12792274537172 2.2
      vertex 6.552929498360159 100.01107582724931 5.300000000000001
      vertex 6.270836083907552 100.12792274537172 5.300000000000001
    endloop
  endfacet
  facet normal -0.3007057995042811 -0.9537169507482244 0
    outer loop
      vertex 6.552929498360159 100.01107582724931 2.2
      vertex 6.844133342141177 99.91925960798825 5.300000000000001
      vertex 6.552929498360159 100.01107582724931 5.300000000000001
    endloop
  endfacet
  facet normal -0.4617486132350278 -0.8870108331782249 0
    outer loop
      vertex 6 100.26891108675446 2.2
      vertex 6.270836083907552 100.12792274537172 5.300000000000001
      vertex 6 100.26891108675446 5.300000000000001
    endloop
  endfacet
  facet normal -0.21643961393809946 -0.9762960071199341 0
    outer loop
      vertex 6.844133342141177 99.91925960798825 2.2
      vertex 7.142231378165744 99.85317286445726 5.300000000000001
      vertex 6.844133342141177 99.91925960798825 5.300000000000001
    endloop
  endfacet
  facet normal -0.13052619222001552 -0.9914448613738152 0
    outer loop
      vertex 7.142231378165744 99.85317286445726 2.2
      vertex 7.4449549003831965 99.8133185566789 5.300000000000001
      vertex 7.142231378165744 99.85317286445726 5.300000000000001
    endloop
  endfacet
  facet normal -0.043619387365355825 -0.9990482215818569 0
    outer loop
      vertex 7.4449549003831965 99.8133185566789 2.2
      vertex 7.75 99.8 5.300000000000001
      vertex 7.4449549003831965 99.8133185566789 5.300000000000001
    endloop
  endfacet
  facet normal 0.043619387365355825 -0.9990482215818569 0
    outer loop
      vertex 7.75 99.8 2.2
      vertex 8.055045099616803 99.8133185566789 5.300000000000001
      vertex 7.75 99.8 5.300000000000001
    endloop
  endfacet
  facet normal 0 0 1
    outer loop
      vertex 6.552929498360159 100.01107582724931 5.300000000000001
      vertex 6.844133342141177 99.91925960798825 5.300000000000001
      vertex 6.729918032786885 101.53316620490207 5.300000000000001
    endloop
  endfacet
  facet normal 0 0 1
    outer loop
      vertex 6.844133342141177 99.91925960798825 5.300000000000001
      vertex 7.142231378165744 99.85317286445726 5.300000000000001
      vertex 7.052222838739681 101.38287300562612 5.300000000000001
    endloop
  endfacet
  facet normal 0 0 1
    outer loop
      vertex 7.142231378165744 99.85317286445726 5.300000000000001
      vertex 7.4449549003831965 99.8133185566789 5.300000000000001
      vertex 7.221966718639202 101.32935296587418 5.300000000000001
    endloop
  endfacet
  facet normal 0 0 1
    outer loop
      vertex 7.4449549003831965 99.8133185566789 5.300000000000001
      vertex 7.75 99.8 5.300000000000001
      vertex 7.572187996968098 101.26759950528658 5.300000000000001
    endloop
  endfacet
  facet normal 0 0 1
    outer loop
      vertex 7.75 99.8 5.300000000000001
      vertex 8.055045099616803 99.8133185566789 5.300000000000001
      vertex 7.75 101.25983606557377 5.300000000000001
    endloop
  endfacet
  facet normal -0.793353340291244 -0.6087614290087092 0
    outer loop
      vertex 4.882967844988529 101.29248247277134 2.2
      vertex 5.068844449083577 101.0502433660971 5.300000000000001
      vertex 4.882967844988529 101.29248247277134 5.300000000000001
    endloop
  endfacet
  facet normal -0.6755902076156595 -0.7372773368101248 0
    outer loop
      vertex 5.275126265847083 100.82512626584708 2.2
      vertex 5.500243366097113 100.61884444908357 5.300000000000001
      vertex 5.275126265847083 100.82512626584708 5.300000000000001
    endloop
  endfacet
  facet normal -0.6087614290087094 -0.7933533402912438 0
    outer loop
      vertex 5.500243366097113 100.61884444908357 2.2
      vertex 5.742482472771339 100.43296784498853 5.300000000000001
      vertex 5.500243366097113 100.61884444908357 5.300000000000001
    endloop
  endfacet
  facet normal -0.7372773368101289 -0.6755902076156549 0
    outer loop
      vertex 5.068844449083577 101.0502433660971 2.2
      vertex 5.275126265847083 100.82512626584708 5.300000000000001
      vertex 5.068844449083577 101.0502433660971 5.300000000000001
    endloop
  endfacet
  facet normal -0.8433914458128825 -0.5372996083468289 0
    outer loop
      vertex 4.718911086754465 101.55 2.2
      vertex 4.882967844988529 101.29248247277134 5.300000000000001
      vertex 4.718911086754465 101.55 5.300000000000001
    endloop
  endfacet
  facet normal -0.8870108331782226 -0.46174861323503236 0
    outer loop
      vertex 4.577922745371725 101.82083608390755 2.2
      vertex 4.718911086754465 101.55 5.300000000000001
      vertex 4.577922745371725 101.82083608390755 5.300000000000001
    endloop
  endfacet
  facet normal -0.9238795325112849 -0.3826834323650946 0
    outer loop
      vertex 4.461075827249321 102.10292949836015 2.2
      vertex 4.577922745371725 101.82083608390755 5.300000000000001
      vertex 4.461075827249321 102.10292949836015 5.300000000000001
    endloop
  endfacet
  facet normal 0 0 1
    outer loop
      vertex 5.742482472771339 100.43296784498853 5.300000000000001
      vertex 6 100.26891108675446 5.300000000000001
      vertex 5.9009835393981795 102.4377894643667 5.300000000000001
    endloop
  endfacet
  facet normal 0 0 1
    outer loop
      vertex 5.742482472771339 100.43296784498853 5.300000000000001
      vertex 5.9009835393981795 102.4377894643667 5.300000000000001
      vertex 5.832873005626127 102.60222283873968 5.300000000000001
    endloop
  endfacet
  facet normal 0 0 1
    outer loop
      vertex 5.742482472771339 100.43296784498853 5.300000000000001
      vertex 5.832873005626127 102.60222283873968 5.300000000000001
      vertex 5.779352965874189 102.7719667186392 5.300000000000001
    endloop
  endfacet
  facet normal 0 0 1
    outer loop
      vertex 5.742482472771339 100.43296784498853 5.300000000000001
      vertex 5.779352965874189 102.7719667186392 5.300000000000001
      vertex 5.74083073996116 102.94572925064509 5.300000000000001
    endloop
  endfacet
  facet normal 0 0 1
    outer loop
      vertex 6.270836083907552 100.12792274537172 5.300000000000001
      vertex 6.552929498360159 100.01107582724931 5.300000000000001
      vertex 6.438607901221479 101.73714375498103 5.300000000000001
    endloop
  endfacet
  facet normal 0 0 1
    outer loop
      vertex 6 100.26891108675446 5.300000000000001
      vertex 6.270836083907552 100.12792274537172 5.300000000000001
      vertex 6.187143754981037 101.98860790122147 5.300000000000001
    endloop
  endfacet
  facet normal 0 0 1
    outer loop
      vertex 6.844133342141177 99.91925960798825 5.300000000000001
      vertex 7.052222838739681 101.38287300562612 5.300000000000001
      vertex 6.887789464366722 101.45098353939818 5.300000000000001
    endloop
  endfacet
  facet normal 0 0 1
    outer loop
      vertex 6.270836083907552 100.12792274537172 5.300000000000001
      vertex 6.307386247234987 101.85738624723498 5.300000000000001
      vertex 6.187143754981037 101.98860790122147 5.300000000000001
    endloop
  endfacet
  facet normal 0 0 1
    outer loop
      vertex 6.270836083907552 100.12792274537172 5.300000000000001
      vertex 6.438607901221479 101.73714375498103 5.300000000000001
      vertex 6.307386247234987 101.85738624723498 5.300000000000001
    endloop
  endfacet
  facet normal 0 0 1
    outer loop
      vertex 6.552929498360159 100.01107582724931 5.300000000000001
      vertex 6.579810040919875 101.62879554243008 5.300000000000001
      vertex 6.438607901221479 101.73714375498103 5.300000000000001
    endloop
  endfacet
  facet normal 0 0 1
    outer loop
      vertex 6.552929498360159 100.01107582724931 5.300000000000001
      vertex 6.729918032786885 101.53316620490207 5.300000000000001
      vertex 6.579810040919875 101.62879554243008 5.300000000000001
    endloop
  endfacet
  facet normal 0 0 1
    outer loop
      vertex 6.844133342141177 99.91925960798825 5.300000000000001
      vertex 6.887789464366722 101.45098353939818 5.300000000000001
      vertex 6.729918032786885 101.53316620490207 5.300000000000001
    endloop
  endfacet
  facet normal 0 0 1
    outer loop
      vertex 7.142231378165744 99.85317286445726 5.300000000000001
      vertex 7.221966718639202 101.32935296587418 5.300000000000001
      vertex 7.052222838739681 101.38287300562612 5.300000000000001
    endloop
  endfacet
  facet normal 0 0 1
    outer loop
      vertex 7.221966718639202 101.32935296587418 5.300000000000001
      vertex 7.4449549003831965 99.8133185566789 5.300000000000001
      vertex 7.395729250645091 101.29083073996117 5.300000000000001
    endloop
  endfacet
  facet normal 0 0 1
    outer loop
      vertex 7.395729250645091 101.29083073996117 5.300000000000001
      vertex 7.4449549003831965 99.8133185566789 5.300000000000001
      vertex 7.572187996968098 101.26759950528658 5.300000000000001
    endloop
  endfacet
  facet normal 0 0 1
    outer loop
      vertex 7.75 99.8 5.300000000000001
      vertex 7.75 101.25983606557377 5.300000000000001
      vertex 7.572187996968098 101.26759950528658 5.300000000000001
    endloop
  endfacet
  facet normal 0 0 1
    outer loop
      vertex 7.75 101.25983606557377 5.300000000000001
      vertex 8.055045099616803 99.8133185566789 5.300000000000001
      vertex 7.927812003031902 101.26759950528658 5.300000000000001
    endloop
  endfacet
  facet normal 0 0 1
    outer loop
      vertex 6 100.26891108675446 5.300000000000001
      vertex 6.187143754981037 101.98860790122147 5.300000000000001
      vertex 6.078795542430082 102.12981004091988 5.300000000000001
    endloop
  endfacet
  facet normal 0 0 1
    outer loop
      vertex 6 100.26891108675446 5.300000000000001
      vertex 6.078795542430082 102.12981004091988 5.300000000000001
      vertex 5.983166204902076 102.27991803278688 5.300000000000001
    endloop
  endfacet
  facet normal 0 0 1
    outer loop
      vertex 5.9009835393981795 102.4377894643667 5.300000000000001
      vertex 6 100.26891108675446 5.300000000000001
      vertex 5.983166204902076 102.27991803278688 5.300000000000001
    endloop
  endfacet
  facet normal -0.9537169507482274 -0.30070579950427145 0
    outer loop
      vertex 4.369259607988261 102.39413334214117 2.2
      vertex 4.461075827249321 102.10292949836015 5.300000000000001
      vertex 4.369259607988261 102.39413334214117 5.300000000000001
    endloop
  endfacet
  facet normal -0.9762960071199339 -0.2164396139381004 0
    outer loop
      vertex 4.303172864457272 102.69223137816574 2.2
      vertex 4.369259607988261 102.39413334214117 5.300000000000001
      vertex 4.303172864457272 102.69223137816574 5.300000000000001
    endloop
  endfacet
  facet normal -0.99144486137381 -0.13052619222005457 0
    outer loop
      vertex 4.2633185566788905 102.99495490038319 2.2
      vertex 4.303172864457272 102.69223137816574 5.300000000000001
      vertex 4.2633185566788905 102.99495490038319 5.300000000000001
    endloop
  endfacet
  facet normal -0.9990482215818578 -0.04361938736533526 0
    outer loop
      vertex 4.25 103.3 2.2
      vertex 4.2633185566788905 102.99495490038319 5.300000000000001
      vertex 4.25 103.3 5.300000000000001
    endloop
  endfacet
  facet normal -0.9990482215818578 0.04361938736533526 0
    outer loop
      vertex 4.2633185566788905 103.6050450996168 2.2
      vertex 4.25 103.3 5.300000000000001
      vertex 4.2633185566788905 103.6050450996168 5.300000000000001
    endloop
  endfacet
  facet normal 0 0 1
    outer loop
      vertex 4.882967844988529 101.29248247277134 5.300000000000001
      vertex 5.068844449083577 101.0502433660971 5.300000000000001
      vertex 4.882967844988529 105.30751752722865 5.300000000000001
    endloop
  endfacet
  facet normal 0 0 1
    outer loop
      vertex 4.369259607988261 102.39413334214117 5.300000000000001
      vertex 4.461075827249321 102.10292949836015 5.300000000000001
      vertex 4.369259607988261 104.20586665785882 5.300000000000001
    endloop
  endfacet
  facet normal 0 0 1
    outer loop
      vertex 4.577922745371725 101.82083608390755 5.300000000000001
      vertex 4.718911086754465 101.55 5.300000000000001
      vertex 4.577922745371725 104.77916391609244 5.300000000000001
    endloop
  endfacet
  facet normal 0 0 1
    outer loop
      vertex 4.882967844988529 101.29248247277134 5.300000000000001
      vertex 4.718911086754465 105.05 5.300000000000001
      vertex 4.718911086754465 101.55 5.300000000000001
    endloop
  endfacet
  facet normal 0 0 1
    outer loop
      vertex 4.577922745371725 101.82083608390755 5.300000000000001
      vertex 4.461075827249321 104.49707050163984 5.300000000000001
      vertex 4.461075827249321 102.10292949836015 5.300000000000001
    endloop
  endfacet
  facet normal 0 0 1
    outer loop
      vertex 5.068844449083577 101.0502433660971 5.300000000000001
      vertex 5.275126265847083 100.82512626584708 5.300000000000001
      vertex 5.068844449083577 105.54975663390289 5.300000000000001
    endloop
  endfacet
  facet normal 0 0 1
    outer loop
      vertex 5.275126265847083 100.82512626584708 5.300000000000001
      vertex 5.500243366097113 100.61884444908357 5.300000000000001
      vertex 5.275126265847083 105.77487373415292 5.300000000000001
    endloop
  endfacet
  facet normal 0 0 1
    outer loop
      vertex 5.742482472771339 100.43296784498853 5.300000000000001
      vertex 5.500243366097113 105.98115555091643 5.300000000000001
      vertex 5.500243366097113 100.61884444908357 5.300000000000001
    endloop
  endfacet
  facet normal 0 0 1
    outer loop
      vertex 5.742482472771339 100.43296784498853 5.300000000000001
      vertex 5.74083073996116 102.94572925064509 5.300000000000001
      vertex 5.7175995052865956 103.1221879969681 5.300000000000001
    endloop
  endfacet
  facet normal 0 0 1
    outer loop
      vertex 4.303172864457272 102.69223137816574 5.300000000000001
      vertex 4.369259607988261 102.39413334214117 5.300000000000001
      vertex 4.303172864457272 103.90776862183425 5.300000000000001
    endloop
  endfacet
  facet normal 0 0 1
    outer loop
      vertex 4.303172864457272 102.69223137816574 5.300000000000001
      vertex 4.2633185566788905 103.6050450996168 5.300000000000001
      vertex 4.2633185566788905 102.99495490038319 5.300000000000001
    endloop
  endfacet
  facet normal 0 0 1
    outer loop
      vertex 4.2633185566788905 102.99495490038319 5.300000000000001
      vertex 4.2633185566788905 103.6050450996168 5.300000000000001
      vertex 4.25 103.3 5.300000000000001
    endloop
  endfacet
  facet normal 0 0 1
    outer loop
      vertex 4.303172864457272 102.69223137816574 5.300000000000001
      vertex 4.303172864457272 103.90776862183425 5.300000000000001
      vertex 4.2633185566788905 103.6050450996168 5.300000000000001
    endloop
  endfacet
  facet normal 0 0 1
    outer loop
      vertex 4.369259607988261 102.39413334214117 5.300000000000001
      vertex 4.369259607988261 104.20586665785882 5.300000000000001
      vertex 4.303172864457272 103.90776862183425 5.300000000000001
    endloop
  endfacet
  facet normal 0 0 1
    outer loop
      vertex 4.461075827249321 102.10292949836015 5.300000000000001
      vertex 4.461075827249321 104.49707050163984 5.300000000000001
      vertex 4.369259607988261 104.20586665785882 5.300000000000001
    endloop
  endfacet
  facet normal 0 0 1
    outer loop
      vertex 4.577922745371725 101.82083608390755 5.300000000000001
      vertex 4.577922745371725 104.77916391609244 5.300000000000001
      vertex 4.461075827249321 104.49707050163984 5.300000000000001
    endloop
  endfacet
  facet normal 0 0 1
    outer loop
      vertex 5.742482472771339 100.43296784498853 5.300000000000001
      vertex 5.7175995052865956 103.1221879969681 5.300000000000001
      vertex 5.500243366097113 105.98115555091643 5.300000000000001
    endloop
  endfacet
  facet normal -0.99144486137381 0.13052619222005457 0
    outer loop
      vertex 4.303172864457272 103.90776862183425 2.2
      vertex 4.2633185566788905 103.6050450996168 5.300000000000001
      vertex 4.303172864457272 103.90776862183425 5.300000000000001
    endloop
  endfacet
  facet normal -0.9762960071199339 0.2164396139381004 0
    outer loop
      vertex 4.369259607988261 104.20586665785882 2.2
      vertex 4.303172864457272 103.90776862183425 5.300000000000001
      vertex 4.369259607988261 104.20586665785882 5.300000000000001
    endloop
  endfacet
  facet normal -0.9537169507482274 0.30070579950427145 0
    outer loop
      vertex 4.461075827249321 104.49707050163984 2.2
      vertex 4.369259607988261 104.20586665785882 5.300000000000001
      vertex 4.461075827249321 104.49707050163984 5.300000000000001
    endloop
  endfacet
  facet normal -0.9238795325112849 0.3826834323650946 0
    outer loop
      vertex 4.577922745371725 104.77916391609244 2.2
      vertex 4.461075827249321 104.49707050163984 5.300000000000001
      vertex 4.577922745371725 104.77916391609244 5.300000000000001
    endloop
  endfacet
  facet normal -0.8870108331782226 0.46174861323503236 0
    outer loop
      vertex 4.718911086754465 105.05 2.2
      vertex 4.577922745371725 104.77916391609244 5.300000000000001
      vertex 4.718911086754465 105.05 5.300000000000001
    endloop
  endfacet
  facet normal -0.8433914458128825 0.5372996083468289 0
    outer loop
      vertex 4.882967844988529 105.30751752722865 2.2
      vertex 4.718911086754465 105.05 5.300000000000001
      vertex 4.882967844988529 105.30751752722865 5.300000000000001
    endloop
  endfacet
  facet normal 0 0 1
    outer loop
      vertex 4.718911086754465 101.55 5.300000000000001
      vertex 4.718911086754465 105.05 5.300000000000001
      vertex 4.577922745371725 104.77916391609244 5.300000000000001
    endloop
  endfacet
  facet normal 0 0 1
    outer loop
      vertex 4.882967844988529 101.29248247277134 5.300000000000001
      vertex 4.882967844988529 105.30751752722865 5.300000000000001
      vertex 4.718911086754465 105.05 5.300000000000001
    endloop
  endfacet
  facet normal 0 0 1
    outer loop
      vertex 5.068844449083577 101.0502433660971 5.300000000000001
      vertex 5.068844449083577 105.54975663390289 5.300000000000001
      vertex 4.882967844988529 105.30751752722865 5.300000000000001
    endloop
  endfacet
  facet normal 0 0 1
    outer loop
      vertex 5.275126265847083 100.82512626584708 5.300000000000001
      vertex 5.275126265847083 105.77487373415292 5.300000000000001
      vertex 5.068844449083577 105.54975663390289 5.300000000000001
    endloop
  endfacet
  facet normal 0 0 1
    outer loop
      vertex 5.500243366097113 100.61884444908357 5.300000000000001
      vertex 5.500243366097113 105.98115555091643 5.300000000000001
      vertex 5.275126265847083 105.77487373415292 5.300000000000001
    endloop
  endfacet
  facet normal 0 0 1
    outer loop
      vertex 5.7175995052865956 103.1221879969681 5.300000000000001
      vertex 5.709836065573771 103.3 5.300000000000001
      vertex 5.500243366097113 105.98115555091643 5.300000000000001
    endloop
  endfacet
  facet normal 0 0 1
    outer loop
      vertex 5.709836065573771 103.3 5.300000000000001
      vertex 5.7175995052865956 103.4778120030319 5.300000000000001
      vertex 5.500243366097113 105.98115555091643 5.300000000000001
    endloop
  endfacet
  facet normal 0 0 1
    outer loop
      vertex 5.7175995052865956 103.4778120030319 5.300000000000001
      vertex 5.74083073996116 103.65427074935491 5.300000000000001
      vertex 5.500243366097113 105.98115555091643 5.300000000000001
    endloop
  endfacet
  facet normal 0 0 1
    outer loop
      vertex 5.74083073996116 103.65427074935491 5.300000000000001
      vertex 5.779352965874189 103.82803328136079 5.300000000000001
      vertex 5.500243366097113 105.98115555091643 5.300000000000001
    endloop
  endfacet
  facet normal 0 0 1
    outer loop
      vertex 5.779352965874189 103.82803328136079 5.300000000000001
      vertex 5.832873005626127 103.99777716126032 5.300000000000001
      vertex 5.742482472771339 106.16703215501147 5.300000000000001
    endloop
  endfacet
  facet normal 0 0 1
    outer loop
      vertex 5.832873005626127 103.99777716126032 5.300000000000001
      vertex 5.9009835393981795 104.16221053563328 5.300000000000001
      vertex 5.742482472771339 106.16703215501147 5.300000000000001
    endloop
  endfacet
  facet normal 0 0 1
    outer loop
      vertex 5.9009835393981795 104.16221053563328 5.300000000000001
      vertex 5.983166204902076 104.32008196721311 5.300000000000001
      vertex 5.742482472771339 106.16703215501147 5.300000000000001
    endloop
  endfacet
  facet normal 0 0 1
    outer loop
      vertex 5.983166204902076 104.32008196721311 5.300000000000001
      vertex 6.078795542430082 104.47018995908013 5.300000000000001
      vertex 5.742482472771339 106.16703215501147 5.300000000000001
    endloop
  endfacet
  facet normal 0 0 1
    outer loop
      vertex 5.779352965874189 103.82803328136079 5.300000000000001
      vertex 5.742482472771339 106.16703215501147 5.300000000000001
      vertex 5.500243366097113 105.98115555091643 5.300000000000001
    endloop
  endfacet
  facet normal 0 0 1
    outer loop
      vertex 6.078795542430082 104.47018995908013 5.300000000000001
      vertex 6.187143754981037 104.61139209877852 5.300000000000001
      vertex 6 106.33108891324554 5.300000000000001
    endloop
  endfacet
  facet normal 0 0 1
    outer loop
      vertex 6.187143754981037 104.61139209877852 5.300000000000001
      vertex 6.307386247234987 104.74261375276501 5.300000000000001
      vertex 6 106.33108891324554 5.300000000000001
    endloop
  endfacet
  facet normal 0 0 1
    outer loop
      vertex 6.307386247234987 104.74261375276501 5.300000000000001
      vertex 6.438607901221479 104.86285624501896 5.300000000000001
      vertex 6.270836083907552 106.47207725462827 5.300000000000001
    endloop
  endfacet
  facet normal 0.13052619222001513 -0.9914448613738152 0
    outer loop
      vertex 8.055045099616803 99.8133185566789 2.2
      vertex 8.357768621834257 99.85317286445726 5.300000000000001
      vertex 8.055045099616803 99.8133185566789 5.300000000000001
    endloop
  endfacet
  facet normal 0.21643961393810007 -0.976296007119934 0
    outer loop
      vertex 8.357768621834257 99.85317286445726 2.2
      vertex 8.655866657858823 99.91925960798825 5.300000000000001
      vertex 8.357768621834257 99.85317286445726 5.300000000000001
    endloop
  endfacet
  facet normal 0.3007057995042811 -0.9537169507482244 0
    outer loop
      vertex 8.655866657858823 99.91925960798825 2.2
      vertex 8.94707050163984 100.01107582724931 5.300000000000001
      vertex 8.655866657858823 99.91925960798825 5.300000000000001
    endloop
  endfacet
  facet normal 0.38268343236509295 -0.9238795325112854 0
    outer loop
      vertex 8.94707050163984 100.01107582724931 2.2
      vertex 9.229163916092448 100.12792274537172 5.300000000000001
      vertex 8.94707050163984 100.01107582724931 5.300000000000001
    endloop
  endfacet
  facet normal 0.4617486132350278 -0.8870108331782249 0
    outer loop
      vertex 9.229163916092448 100.12792274537172 2.2
      vertex 9.5 100.26891108675446 5.300000000000001
      vertex 9.229163916092448 100.12792274537172 5.300000000000001
    endloop
  endfacet
  facet normal 0.537299608346834 -0.8433914458128793 0
    outer loop
      vertex 9.5 100.26891108675446 2.2
      vertex 9.75751752722866 100.43296784498853 5.300000000000001
      vertex 9.5 100.26891108675446 5.300000000000001
    endloop
  endfacet
  facet normal 0.6087614290087094 -0.7933533402912438 0
    outer loop
      vertex 9.75751752722866 100.43296784498853 2.2
      vertex 9.999756633902887 100.61884444908357 5.300000000000001
      vertex 9.75751752722866 100.43296784498853 5.300000000000001
    endloop
  endfacet
  facet normal 0 0 1
    outer loop
      vertex 8.055045099616803 99.8133185566789 5.300000000000001
      vertex 8.357768621834257 99.85317286445726 5.300000000000001
      vertex 7.927812003031902 101.26759950528658 5.300000000000001
    endloop
  endfacet
  facet normal 0 0 1
    outer loop
      vertex 8.357768621834257 99.85317286445726 5.300000000000001
      vertex 8.655866657858823 99.91925960798825 5.300000000000001
      vertex 8.278033281360798 101.32935296587418 5.300000000000001
    endloop
  endfacet
  facet normal 0 0 1
    outer loop
      vertex 8.655866657858823 99.91925960798825 5.300000000000001
      vertex 8.94707050163984 100.01107582724931 5.300000000000001
      vertex 8.61221053563328 101.45098353939818 5.300000000000001
    endloop
  endfacet
  facet normal 0.6755902076156595 -0.7372773368101248 0
    outer loop
      vertex 9.999756633902887 100.61884444908357 2.2
      vertex 10.224873734152917 100.82512626584708 5.300000000000001
      vertex 9.999756633902887 100.61884444908357 5.300000000000001
    endloop
  endfacet
  facet normal 0.7372773368101303 -0.6755902076156534 0
    outer loop
      vertex 10.224873734152917 100.82512626584708 2.2
      vertex 10.431155550916422 101.0502433660971 5.300000000000001
      vertex 10.224873734152917 100.82512626584708 5.300000000000001
    endloop
  endfacet
  facet normal 0.7933533402912412 -0.6087614290087129 0
    outer loop
      vertex 10.431155550916422 101.0502433660971 2.2
      vertex 10.617032155011472 101.29248247277134 5.300000000000001
      vertex 10.431155550916422 101.0502433660971 5.300000000000001
    endloop
  endfacet
  facet normal 0.8433914458128837 -0.5372996083468268 0
    outer loop
      vertex 10.617032155011472 101.29248247277134 2.2
      vertex 10.781088913245535 101.55 5.300000000000001
      vertex 10.617032155011472 101.29248247277134 5.300000000000001
    endloop
  endfacet
  facet normal 0.8870108331782237 -0.4617486132350301 0
    outer loop
      vertex 10.781088913245535 101.55 2.2
      vertex 10.922077254628274 101.82083608390755 5.300000000000001
      vertex 10.781088913245535 101.55 5.300000000000001
    endloop
  endfacet
  facet normal 0.9238795325112837 -0.3826834323650971 0
    outer loop
      vertex 10.922077254628274 101.82083608390755 2.2
      vertex 11.03892417275068 102.10292949836015 5.300000000000001
      vertex 10.922077254628274 101.82083608390755 5.300000000000001
    endloop
  endfacet
  facet normal 0 0 1
    outer loop
      vertex 8.357768621834257 99.85317286445726 5.300000000000001
      vertex 8.10427074935491 101.29083073996117 5.300000000000001
      vertex 7.927812003031902 101.26759950528658 5.300000000000001
    endloop
  endfacet
  facet normal 0 0 1
    outer loop
      vertex 8.357768621834257 99.85317286445726 5.300000000000001
      vertex 8.278033281360798 101.32935296587418 5.300000000000001
      vertex 8.10427074935491 101.29083073996117 5.300000000000001
    endloop
  endfacet
  facet normal 0 0 1
    outer loop
      vertex 8.278033281360798 101.32935296587418 5.300000000000001
      vertex 8.655866657858823 99.91925960798825 5.300000000000001
      vertex 8.44777716126032 101.38287300562612 5.300000000000001
    endloop
  endfacet
  facet normal 0 0 1
    outer loop
      vertex 8.655866657858823 99.91925960798825 5.300000000000001
      vertex 8.61221053563328 101.45098353939818 5.300000000000001
      vertex 8.44777716126032 101.38287300562612 5.300000000000001
    endloop
  endfacet
  facet normal 0 0 1
    outer loop
      vertex 8.94707050163984 100.01107582724931 5.300000000000001
      vertex 8.770081967213114 101.53316620490207 5.300000000000001
      vertex 8.61221053563328 101.45098353939818 5.300000000000001
    endloop
  endfacet
  facet normal 0 0 1
    outer loop
      vertex 8.94707050163984 100.01107582724931 5.300000000000001
      vertex 8.920189959080124 101.62879554243008 5.300000000000001
      vertex 8.770081967213114 101.53316620490207 5.300000000000001
    endloop
  endfacet
  facet normal 0 0 1
    outer loop
      vertex 8.94707050163984 100.01107582724931 5.300000000000001
      vertex 9.229163916092448 100.12792274537172 5.300000000000001
      vertex 8.920189959080124 101.62879554243008 5.300000000000001
    endloop
  endfacet
  facet normal 0 0 1
    outer loop
      vertex 9.229163916092448 100.12792274537172 5.300000000000001
      vertex 9.5 100.26891108675446 5.300000000000001
      vertex 9.192613752765014 101.85738624723498 5.300000000000001
    endloop
  endfacet
  facet normal 0 0 1
    outer loop
      vertex 9.229163916092448 100.12792274537172 5.300000000000001
      vertex 9.061392098778521 101.73714375498103 5.300000000000001
      vertex 8.920189959080124 101.62879554243008 5.300000000000001
    endloop
  endfacet
  facet normal 0 0 1
    outer loop
      vertex 9.229163916092448 100.12792274537172 5.300000000000001
      vertex 9.192613752765014 101.85738624723498 5.300000000000001
      vertex 9.061392098778521 101.73714375498103 5.300000000000001
    endloop
  endfacet
  facet normal 0 0 1
    outer loop
      vertex 9.5 100.26891108675446 5.300000000000001
      vertex 9.75751752722866 100.43296784498853 5.300000000000001
      vertex 9.42120445756992 102.12981004091986 5.300000000000001
    endloop
  endfacet
  facet normal 0 0 1
    outer loop
      vertex 9.75751752722866 100.43296784498853 5.300000000000001
      vertex 9.999756633902887 100.61884444908357 5.300000000000001
      vertex 9.720647034125811 102.7719667186392 5.300000000000001
    endloop
  endfacet
  facet normal 0 0 1
    outer loop
      vertex 9.5 100.26891108675446 5.300000000000001
      vertex 9.312856245018963 101.98860790122147 5.300000000000001
      vertex 9.192613752765014 101.85738624723498 5.300000000000001
    endloop
  endfacet
  facet normal 0 0 1
    outer loop
      vertex 9.5 100.26891108675446 5.300000000000001
      vertex 9.42120445756992 102.12981004091986 5.300000000000001
      vertex 9.312856245018963 101.98860790122147 5.300000000000001
    endloop
  endfacet
  facet normal 0 0 1
    outer loop
      vertex 9.75751752722866 100.43296784498853 5.300000000000001
      vertex 9.516833795097924 102.27991803278688 5.300000000000001
      vertex 9.42120445756992 102.12981004091986 5.300000000000001
    endloop
  endfacet
  facet normal 0 0 1
    outer loop
      vertex 9.75751752722866 100.43296784498853 5.300000000000001
      vertex 9.59901646060182 102.43778946436672 5.300000000000001
      vertex 9.516833795097924 102.27991803278688 5.300000000000001
    endloop
  endfacet
  facet normal 0 0 1
    outer loop
      vertex 9.75751752722866 100.43296784498853 5.300000000000001
      vertex 9.667126994373872 102.60222283873968 5.300000000000001
      vertex 9.59901646060182 102.43778946436672 5.300000000000001
    endloop
  endfacet
  facet normal 0 0 1
    outer loop
      vertex 9.75751752722866 100.43296784498853 5.300000000000001
      vertex 9.720647034125811 102.7719667186392 5.300000000000001
      vertex 9.667126994373872 102.60222283873968 5.300000000000001
    endloop
  endfacet
  facet normal 0 0 1
    outer loop
      vertex 9.720647034125811 102.7719667186392 5.300000000000001
      vertex 9.999756633902887 100.61884444908357 5.300000000000001
      vertex 9.75916926003884 102.94572925064509 5.300000000000001
    endloop
  endfacet
  facet normal 0.9537169507482283 -0.30070579950426884 0
    outer loop
      vertex 11.03892417275068 102.10292949836015 2.2
      vertex 11.130740392011738 102.39413334214117 5.300000000000001
      vertex 11.03892417275068 102.10292949836015 5.300000000000001
    endloop
  endfacet
  facet normal 0.9762960071199333 -0.21643961393810315 0
    outer loop
      vertex 11.130740392011738 102.39413334214117 2.2
      vertex 11.196827135542728 102.69223137816574 5.300000000000001
      vertex 11.130740392011738 102.39413334214117 5.300000000000001
    endloop
  endfacet
  facet normal 0.9914448613738097 -0.13052619222005743 0
    outer loop
      vertex 11.196827135542728 102.69223137816574 2.2
      vertex 11.23668144332111 102.99495490038319 5.300000000000001
      vertex 11.196827135542728 102.69223137816574 5.300000000000001
    endloop
  endfacet
  facet normal 0.9990482215818579 -0.04361938736533235 0
    outer loop
      vertex 11.23668144332111 102.99495490038319 2.2
      vertex 11.25 103.3 5.300000000000001
      vertex 11.23668144332111 102.99495490038319 5.300000000000001
    endloop
  endfacet
  facet normal 0.9990482215818579 0.04361938736533235 0
    outer loop
      vertex 11.25 103.3 2.2
      vertex 11.23668144332111 103.6050450996168 5.300000000000001
      vertex 11.25 103.3 5.300000000000001
    endloop
  endfacet
  facet normal 0.9914448613738097 0.13052619222005743 0
    outer loop
      vertex 11.23668144332111 103.6050450996168 2.2
      vertex 11.196827135542728 103.90776862183425 5.300000000000001
      vertex 11.23668144332111 103.6050450996168 5.300000000000001
    endloop
  endfacet
  facet normal 0 0 1
    outer loop
      vertex 9.75916926003884 102.94572925064509 5.300000000000001
      vertex 9.999756633902887 100.61884444908357 5.300000000000001
      vertex 9.782400494713405 103.1221879969681 5.300000000000001
    endloop
  endfacet
  facet normal 0 0 1
    outer loop
      vertex 9.782400494713405 103.1221879969681 5.300000000000001
      vertex 9.999756633902887 100.61884444908357 5.300000000000001
      vertex 9.79016393442623 103.3 5.300000000000001
    endloop
  endfacet
  facet normal 0 0 1
    outer loop
      vertex 9.79016393442623 103.3 5.300000000000001
      vertex 9.999756633902887 100.61884444908357 5.300000000000001
      vertex 9.75751752722866 106.16703215501147 5.300000000000001
    endloop
  endfacet
  facet normal 0 0 1
    outer loop
      vertex 9.999756633902887 100.61884444908357 5.300000000000001
      vertex 10.224873734152917 100.82512626584708 5.300000000000001
      vertex 9.999756633902887 105.98115555091643 5.300000000000001
    endloop
  endfacet
  facet normal 0 0 1
    outer loop
      vertex 10.224873734152917 100.82512626584708 5.300000000000001
      vertex 10.431155550916422 101.0502433660971 5.300000000000001
      vertex 10.224873734152917 105.77487373415292 5.300000000000001
    endloop
  endfacet
  facet normal 0 0 1
    outer loop
      vertex 10.431155550916422 101.0502433660971 5.300000000000001
      vertex 10.617032155011472 101.29248247277134 5.300000000000001
      vertex 10.431155550916422 105.54975663390289 5.300000000000001
    endloop
  endfacet
  facet normal 0 0 1
    outer loop
      vertex 10.617032155011472 101.29248247277134 5.300000000000001
      vertex 10.781088913245535 101.55 5.300000000000001
      vertex 10.617032155011472 105.30751752722865 5.300000000000001
    endloop
  endfacet
  facet normal 0 0 1
    outer loop
      vertex 10.781088913245535 101.55 5.300000000000001
      vertex 10.922077254628274 101.82083608390755 5.300000000000001
      vertex 10.781088913245535 105.05 5.300000000000001
    endloop
  endfacet
  facet normal 0 0 1
    outer loop
      vertex 10.922077254628274 101.82083608390755 5.300000000000001
      vertex 11.03892417275068 102.10292949836015 5.300000000000001
      vertex 10.922077254628274 104.77916391609244 5.300000000000001
    endloop
  endfacet
  facet normal 0 0 1
    outer loop
      vertex 11.03892417275068 102.10292949836015 5.300000000000001
      vertex 11.130740392011738 102.39413334214117 5.300000000000001
      vertex 11.03892417275068 104.49707050163984 5.300000000000001
    endloop
  endfacet
  facet normal 0 0 1
    outer loop
      vertex 11.130740392011738 102.39413334214117 5.300000000000001
      vertex 11.196827135542728 102.69223137816574 5.300000000000001
      vertex 11.130740392011738 104.20586665785882 5.300000000000001
    endloop
  endfacet
  facet normal 0 0 1
    outer loop
      vertex 11.196827135542728 102.69223137816574 5.300000000000001
      vertex 11.23668144332111 102.99495490038319 5.300000000000001
      vertex 11.196827135542728 103.90776862183425 5.300000000000001
    endloop
  endfacet
  facet normal 0 0 1
    outer loop
      vertex 11.23668144332111 102.99495490038319 5.300000000000001
      vertex 11.25 103.3 5.300000000000001
      vertex 11.23668144332111 103.6050450996168 5.300000000000001
    endloop
  endfacet
  facet normal 0 0 1
    outer loop
      vertex 11.23668144332111 102.99495490038319 5.300000000000001
      vertex 11.23668144332111 103.6050450996168 5.300000000000001
      vertex 11.196827135542728 103.90776862183425 5.300000000000001
    endloop
  endfacet
  facet normal 0 0 1
    outer loop
      vertex 11.130740392011738 102.39413334214117 5.300000000000001
      vertex 11.130740392011738 104.20586665785882 5.300000000000001
      vertex 11.03892417275068 104.49707050163984 5.300000000000001
    endloop
  endfacet
  facet normal 0 0 1
    outer loop
      vertex 11.196827135542728 102.69223137816574 5.300000000000001
      vertex 11.196827135542728 103.90776862183425 5.300000000000001
      vertex 11.130740392011738 104.20586665785882 5.300000000000001
    endloop
  endfacet
  facet normal 0.9762960071199333 0.21643961393810315 0
    outer loop
      vertex 11.196827135542728 103.90776862183425 2.2
      vertex 11.130740392011738 104.20586665785882 5.300000000000001
      vertex 11.196827135542728 103.90776862183425 5.300000000000001
    endloop
  endfacet
  facet normal 0.9537169507482283 0.30070579950426884 0
    outer loop
      vertex 11.130740392011738 104.20586665785882 2.2
      vertex 11.03892417275068 104.49707050163984 5.300000000000001
      vertex 11.130740392011738 104.20586665785882 5.300000000000001
    endloop
  endfacet
  facet normal 0.8870108331782237 0.4617486132350301 0
    outer loop
      vertex 10.922077254628274 104.77916391609244 2.2
      vertex 10.781088913245535 105.05 5.300000000000001
      vertex 10.922077254628274 104.77916391609244 5.300000000000001
    endloop
  endfacet
  facet normal 0.8433914458128837 0.5372996083468268 0
    outer loop
      vertex 10.781088913245535 105.05 2.2
      vertex 10.617032155011472 105.30751752722865 5.300000000000001
      vertex 10.781088913245535 105.05 5.300000000000001
    endloop
  endfacet
  facet normal 0.7933533402912412 0.6087614290087129 0
    outer loop
      vertex 10.617032155011472 105.30751752722865 2.2
      vertex 10.431155550916422 105.54975663390289 5.300000000000001
      vertex 10.617032155011472 105.30751752722865 5.300000000000001
    endloop
  endfacet
  facet normal 0.9238795325112837 0.3826834323650971 0
    outer loop
      vertex 11.03892417275068 104.49707050163984 2.2
      vertex 10.922077254628274 104.77916391609244 5.300000000000001
      vertex 11.03892417275068 104.49707050163984 5.300000000000001
    endloop
  endfacet
  facet normal 0 0 1
    outer loop
      vertex 9.782400494713405 103.4778120030319 5.300000000000001
      vertex 9.79016393442623 103.3 5.300000000000001
      vertex 9.75751752722866 106.16703215501147 5.300000000000001
    endloop
  endfacet
  facet normal 0 0 1
    outer loop
      vertex 9.782400494713405 103.4778120030319 5.300000000000001
      vertex 9.75751752722866 106.16703215501147 5.300000000000001
      vertex 9.75916926003884 103.65427074935491 5.300000000000001
    endloop
  endfacet
  facet normal 0 0 1
    outer loop
      vertex 9.75916926003884 103.65427074935491 5.300000000000001
      vertex 9.75751752722866 106.16703215501147 5.300000000000001
      vertex 9.720647034125811 103.82803328136079 5.300000000000001
    endloop
  endfacet
  facet normal 0 0 1
    outer loop
      vertex 9.667126994373872 103.99777716126032 5.300000000000001
      vertex 9.720647034125811 103.82803328136079 5.300000000000001
      vertex 9.75751752722866 106.16703215501147 5.300000000000001
    endloop
  endfacet
  facet normal 0 0 1
    outer loop
      vertex 9.667126994373872 103.99777716126032 5.300000000000001
      vertex 9.75751752722866 106.16703215501147 5.300000000000001
      vertex 9.59901646060182 104.16221053563329 5.300000000000001
    endloop
  endfacet
  facet normal 0 0 1
    outer loop
      vertex 9.516833795097924 104.32008196721311 5.300000000000001
      vertex 9.59901646060182 104.16221053563329 5.300000000000001
      vertex 9.5 106.33108891324554 5.300000000000001
    endloop
  endfacet
  facet normal 0 0 1
    outer loop
      vertex 9.061392098778521 104.86285624501896 5.300000000000001
      vertex 9.192613752765014 104.74261375276501 5.300000000000001
      vertex 9.229163916092448 106.47207725462827 5.300000000000001
    endloop
  endfacet
  facet normal 0 0 1
    outer loop
      vertex 9.192613752765014 104.74261375276501 5.300000000000001
      vertex 9.312856245018963 104.61139209877852 5.300000000000001
      vertex 9.229163916092448 106.47207725462827 5.300000000000001
    endloop
  endfacet
  facet normal 0 0 1
    outer loop
      vertex 9.516833795097924 104.32008196721311 5.300000000000001
      vertex 9.5 106.33108891324554 5.300000000000001
      vertex 9.421204457569917 104.47018995908012 5.300000000000001
    endloop
  endfacet
  facet normal 0 0 1
    outer loop
      vertex 9.312856245018963 104.61139209877852 5.300000000000001
      vertex 9.421204457569917 104.47018995908012 5.300000000000001
      vertex 9.5 106.33108891324554 5.300000000000001
    endloop
  endfacet
  facet normal 0 0 1
    outer loop
      vertex 10.431155550916422 101.0502433660971 5.300000000000001
      vertex 10.431155550916422 105.54975663390289 5.300000000000001
      vertex 10.224873734152917 105.77487373415292 5.300000000000001
    endloop
  endfacet
  facet normal 0 0 1
    outer loop
      vertex 10.781088913245535 101.55 5.300000000000001
      vertex 10.781088913245535 105.05 5.300000000000001
      vertex 10.617032155011472 105.30751752722865 5.300000000000001
    endloop
  endfacet
  facet normal 0 0 1
    outer loop
      vertex 10.922077254628274 101.82083608390755 5.300000000000001
      vertex 10.922077254628274 104.77916391609244 5.300000000000001
      vertex 10.781088913245535 105.05 5.300000000000001
    endloop
  endfacet
  facet normal 0 0 1
    outer loop
      vertex 10.617032155011472 101.29248247277134 5.300000000000001
      vertex 10.617032155011472 105.30751752722865 5.300000000000001
      vertex 10.431155550916422 105.54975663390289 5.300000000000001
    endloop
  endfacet
  facet normal 0 0 1
    outer loop
      vertex 9.999756633902887 100.61884444908357 5.300000000000001
      vertex 9.999756633902887 105.98115555091643 5.300000000000001
      vertex 9.75751752722866 106.16703215501147 5.300000000000001
    endloop
  endfacet
  facet normal 0 0 1
    outer loop
      vertex 10.224873734152917 100.82512626584708 5.300000000000001
      vertex 10.224873734152917 105.77487373415292 5.300000000000001
      vertex 9.999756633902887 105.98115555091643 5.300000000000001
    endloop
  endfacet
  facet normal 0 0 1
    outer loop
      vertex 11.03892417275068 102.10292949836015 5.300000000000001
      vertex 11.03892417275068 104.49707050163984 5.300000000000001
      vertex 10.922077254628274 104.77916391609244 5.300000000000001
    endloop
  endfacet
  facet normal -0.7372773368101289 0.6755902076156549 0
    outer loop
      vertex 5.068844449083577 105.54975663390289 2.2
      vertex 5.068844449083577 105.54975663390289 5.300000000000001
      vertex 5.275126265847083 105.77487373415292 2.2
    endloop
  endfacet
  facet normal -0.6755902076156595 0.7372773368101248 0
    outer loop
      vertex 5.275126265847083 105.77487373415292 2.2
      vertex 5.275126265847083 105.77487373415292 5.300000000000001
      vertex 5.500243366097113 105.98115555091643 2.2
    endloop
  endfacet
  facet normal -0.6087614290087094 0.7933533402912438 0
    outer loop
      vertex 5.500243366097113 105.98115555091643 2.2
      vertex 5.500243366097113 105.98115555091643 5.300000000000001
      vertex 5.742482472771339 106.16703215501147 2.2
    endloop
  endfacet
  facet normal -0.537299608346834 0.8433914458128793 0
    outer loop
      vertex 5.742482472771339 106.16703215501147 2.2
      vertex 5.742482472771339 106.16703215501147 5.300000000000001
      vertex 6 106.33108891324554 2.2
    endloop
  endfacet
  facet normal -0.4617486132350278 0.8870108331782249 0
    outer loop
      vertex 6 106.33108891324554 2.2
      vertex 6 106.33108891324554 5.300000000000001
      vertex 6.270836083907552 106.47207725462827 2.2
    endloop
  endfacet
  facet normal -0.38268343236509295 0.9238795325112854 0
    outer loop
      vertex 6.270836083907552 106.47207725462827 2.2
      vertex 6.270836083907552 106.47207725462827 5.300000000000001
      vertex 6.552929498360159 106.58892417275068 2.2
    endloop
  endfacet
  facet normal -0.3007057995042811 0.9537169507482244 0
    outer loop
      vertex 6.552929498360159 106.58892417275068 2.2
      vertex 6.552929498360159 106.58892417275068 5.300000000000001
      vertex 6.844133342141177 106.68074039201174 2.2
    endloop
  endfacet
  facet normal -0.21643961393809946 0.9762960071199341 0
    outer loop
      vertex 6.844133342141177 106.68074039201174 2.2
      vertex 6.844133342141177 106.68074039201174 5.300000000000001
      vertex 7.142231378165744 106.74682713554273 2.2
    endloop
  endfacet
  facet normal -0.13052619222001552 0.9914448613738152 0
    outer loop
      vertex 7.142231378165744 106.74682713554273 2.2
      vertex 7.142231378165744 106.74682713554273 5.300000000000001
      vertex 7.4449549003831965 106.7866814433211 2.2
    endloop
  endfacet
  facet normal -0.043619387365355825 0.9990482215818569 0
    outer loop
      vertex 7.4449549003831965 106.7866814433211 2.2
      vertex 7.4449549003831965 106.7866814433211 5.300000000000001
      vertex 7.75 106.8 2.2
    endloop
  endfacet
  facet normal 0.043619387365355825 0.9990482215818569 0
    outer loop
      vertex 7.75 106.8 2.2
      vertex 7.75 106.8 5.300000000000001
      vertex 8.055045099616803 106.7866814433211 2.2
    endloop
  endfacet
  facet normal 0.6087614290087094 0.7933533402912438 0
    outer loop
      vertex 9.75751752722866 106.16703215501147 2.2
      vertex 9.75751752722866 106.16703215501147 5.300000000000001
      vertex 9.999756633902887 105.98115555091643 2.2
    endloop
  endfacet
  facet normal 0.13052619222001513 0.9914448613738152 0
    outer loop
      vertex 8.055045099616803 106.7866814433211 2.2
      vertex 8.055045099616803 106.7866814433211 5.300000000000001
      vertex 8.357768621834257 106.74682713554273 2.2
    endloop
  endfacet
  facet normal 0.21643961393810007 0.976296007119934 0
    outer loop
      vertex 8.357768621834257 106.74682713554273 2.2
      vertex 8.357768621834257 106.74682713554273 5.300000000000001
      vertex 8.655866657858823 106.68074039201174 2.2
    endloop
  endfacet
  facet normal 0.3007057995042811 0.9537169507482244 0
    outer loop
      vertex 8.655866657858823 106.68074039201174 2.2
      vertex 8.655866657858823 106.68074039201174 5.300000000000001
      vertex 8.94707050163984 106.58892417275068 2.2
    endloop
  endfacet
  facet normal 0.38268343236509295 0.9238795325112854 0
    outer loop
      vertex 8.94707050163984 106.58892417275068 2.2
      vertex 8.94707050163984 106.58892417275068 5.300000000000001
      vertex 9.229163916092448 106.47207725462827 2.2
    endloop
  endfacet
  facet normal 0.4617486132350278 0.8870108331782249 0
    outer loop
      vertex 9.229163916092448 106.47207725462827 2.2
      vertex 9.229163916092448 106.47207725462827 5.300000000000001
      vertex 9.5 106.33108891324554 2.2
    endloop
  endfacet
  facet normal 0.537299608346834 0.8433914458128793 0
    outer loop
      vertex 9.5 106.33108891324554 2.2
      vertex 9.5 106.33108891324554 5.300000000000001
      vertex 9.75751752722866 106.16703215501147 2.2
    endloop
  endfacet
  facet normal 0.7372773368101303 0.6755902076156534 0
    outer loop
      vertex 10.224873734152917 105.77487373415292 2.2
      vertex 10.224873734152917 105.77487373415292 5.300000000000001
      vertex 10.431155550916422 105.54975663390289 2.2
    endloop
  endfacet
  facet normal 0.7933533402912412 0.6087614290087129 4.213853157183763e-19
    outer loop
      vertex 10.617032155011472 105.30751752722865 2.2
      vertex 10.431155550916422 105.54975663390289 2.2
      vertex 10.431155550916422 105.54975663390289 5.300000000000001
    endloop
  endfacet
  facet normal 0.6755902076156595 0.7372773368101248 -2.0211922617811463e-19
    outer loop
      vertex 10.224873734152917 105.77487373415292 2.2
      vertex 9.999756633902887 105.98115555091643 2.2
      vertex 9.999756633902887 105.98115555091643 5.300000000000001
    endloop
  endfacet
  facet normal -0.793353340291244 0.6087614290087092 0
    outer loop
      vertex 5.068844449083577 105.54975663390289 2.2
      vertex 4.882967844988529 105.30751752722865 5.300000000000001
      vertex 5.068844449083577 105.54975663390289 5.300000000000001
    endloop
  endfacet
  facet normal -0.7372773368101289 0.6755902076156549 0
    outer loop
      vertex 5.275126265847083 105.77487373415292 2.2
      vertex 5.068844449083577 105.54975663390289 5.300000000000001
      vertex 5.275126265847083 105.77487373415292 5.300000000000001
    endloop
  endfacet
  facet normal -0.6755902076156595 0.7372773368101248 0
    outer loop
      vertex 5.500243366097113 105.98115555091643 2.2
      vertex 5.275126265847083 105.77487373415292 5.300000000000001
      vertex 5.500243366097113 105.98115555091643 5.300000000000001
    endloop
  endfacet
  facet normal -0.6087614290087094 0.7933533402912438 0
    outer loop
      vertex 5.742482472771339 106.16703215501147 2.2
      vertex 5.500243366097113 105.98115555091643 5.300000000000001
      vertex 5.742482472771339 106.16703215501147 5.300000000000001
    endloop
  endfacet
  facet normal -0.537299608346834 0.8433914458128793 0
    outer loop
      vertex 6 106.33108891324554 2.2
      vertex 5.742482472771339 106.16703215501147 5.300000000000001
      vertex 6 106.33108891324554 5.300000000000001
    endloop
  endfacet
  facet normal -0.4617486132350278 0.8870108331782249 0
    outer loop
      vertex 6.270836083907552 106.47207725462827 2.2
      vertex 6 106.33108891324554 5.300000000000001
      vertex 6.270836083907552 106.47207725462827 5.300000000000001
    endloop
  endfacet
  facet normal -0.38268343236509295 0.9238795325112854 0
    outer loop
      vertex 6.552929498360159 106.58892417275068 2.2
      vertex 6.270836083907552 106.47207725462827 5.300000000000001
      vertex 6.552929498360159 106.58892417275068 5.300000000000001
    endloop
  endfacet
  facet normal -0.3007057995042811 0.9537169507482244 0
    outer loop
      vertex 6.844133342141177 106.68074039201174 2.2
      vertex 6.552929498360159 106.58892417275068 5.300000000000001
      vertex 6.844133342141177 106.68074039201174 5.300000000000001
    endloop
  endfacet
  facet normal -0.21643961393809946 0.9762960071199341 0
    outer loop
      vertex 7.142231378165744 106.74682713554273 2.2
      vertex 6.844133342141177 106.68074039201174 5.300000000000001
      vertex 7.142231378165744 106.74682713554273 5.300000000000001
    endloop
  endfacet
  facet normal -0.13052619222001552 0.9914448613738152 0
    outer loop
      vertex 7.4449549003831965 106.7866814433211 2.2
      vertex 7.142231378165744 106.74682713554273 5.300000000000001
      vertex 7.4449549003831965 106.7866814433211 5.300000000000001
    endloop
  endfacet
  facet normal -0.043619387365355825 0.9990482215818569 0
    outer loop
      vertex 7.75 106.8 2.2
      vertex 7.4449549003831965 106.7866814433211 5.300000000000001
      vertex 7.75 106.8 5.300000000000001
    endloop
  endfacet
  facet normal 0 0 1
    outer loop
      vertex 6.078795542430082 104.47018995908013 5.300000000000001
      vertex 6 106.33108891324554 5.300000000000001
      vertex 5.742482472771339 106.16703215501147 5.300000000000001
    endloop
  endfacet
  facet normal 0 0 1
    outer loop
      vertex 6.438607901221479 104.86285624501896 5.300000000000001
      vertex 6.579810040919875 104.97120445756991 5.300000000000001
      vertex 6.270836083907552 106.47207725462827 5.300000000000001
    endloop
  endfacet
  facet normal 0 0 1
    outer loop
      vertex 6.579810040919875 104.97120445756991 5.300000000000001
      vertex 6.729918032786885 105.06683379509792 5.300000000000001
      vertex 6.552929498360159 106.58892417275068 5.300000000000001
    endloop
  endfacet
  facet normal 0 0 1
    outer loop
      vertex 6.729918032786885 105.06683379509792 5.300000000000001
      vertex 6.887789464366722 105.14901646060181 5.300000000000001
      vertex 6.552929498360159 106.58892417275068 5.300000000000001
    endloop
  endfacet
  facet normal 0 0 1
    outer loop
      vertex 6.887789464366722 105.14901646060181 5.300000000000001
      vertex 7.052222838739681 105.21712699437387 5.300000000000001
      vertex 6.844133342141177 106.68074039201174 5.300000000000001
    endloop
  endfacet
  facet normal 0 0 1
    outer loop
      vertex 6.307386247234987 104.74261375276501 5.300000000000001
      vertex 6.270836083907552 106.47207725462827 5.300000000000001
      vertex 6 106.33108891324554 5.300000000000001
    endloop
  endfacet
  facet normal 0 0 1
    outer loop
      vertex 6.270836083907552 106.47207725462827 5.300000000000001
      vertex 6.579810040919875 104.97120445756991 5.300000000000001
      vertex 6.552929498360159 106.58892417275068 5.300000000000001
    endloop
  endfacet
  facet normal 0 0 1
    outer loop
      vertex 6.887789464366722 105.14901646060181 5.300000000000001
      vertex 6.844133342141177 106.68074039201174 5.300000000000001
      vertex 6.552929498360159 106.58892417275068 5.300000000000001
    endloop
  endfacet
  facet normal 0 0 1
    outer loop
      vertex 6.844133342141177 106.68074039201174 5.300000000000001
      vertex 7.052222838739681 105.21712699437387 5.300000000000001
      vertex 7.221966718639202 105.27064703412582 5.300000000000001
    endloop
  endfacet
  facet normal 0 0 1
    outer loop
      vertex 7.221966718639202 105.27064703412582 5.300000000000001
      vertex 7.395729250645091 105.30916926003883 5.300000000000001
      vertex 7.142231378165744 106.74682713554273 5.300000000000001
    endloop
  endfacet
  facet normal 0 0 1
    outer loop
      vertex 7.395729250645091 105.30916926003883 5.300000000000001
      vertex 7.572187996968098 105.33240049471341 5.300000000000001
      vertex 7.142231378165744 106.74682713554273 5.300000000000001
    endloop
  endfacet
  facet normal 0 0 1
    outer loop
      vertex 7.572187996968098 105.33240049471341 5.300000000000001
      vertex 7.75 105.34016393442623 5.300000000000001
      vertex 7.4449549003831965 106.7866814433211 5.300000000000001
    endloop
  endfacet
  facet normal 0 0 1
    outer loop
      vertex 7.75 105.34016393442623 5.300000000000001
      vertex 7.927812003031902 105.33240049471341 5.300000000000001
      vertex 7.75 106.8 5.300000000000001
    endloop
  endfacet
  facet normal 0 0 1
    outer loop
      vertex 6.844133342141177 106.68074039201174 5.300000000000001
      vertex 7.221966718639202 105.27064703412582 5.300000000000001
      vertex 7.142231378165744 106.74682713554273 5.300000000000001
    endloop
  endfacet
  facet normal 0 0 1
    outer loop
      vertex 7.572187996968098 105.33240049471341 5.300000000000001
      vertex 7.4449549003831965 106.7866814433211 5.300000000000001
      vertex 7.142231378165744 106.74682713554273 5.300000000000001
    endloop
  endfacet
  facet normal 0 0 1
    outer loop
      vertex 7.75 105.34016393442623 5.300000000000001
      vertex 7.75 106.8 5.300000000000001
      vertex 7.4449549003831965 106.7866814433211 5.300000000000001
    endloop
  endfacet
  facet normal 0 0 1
    outer loop
      vertex 7.75 106.8 5.300000000000001
      vertex 7.927812003031902 105.33240049471341 5.300000000000001
      vertex 8.055045099616803 106.7866814433211 5.300000000000001
    endloop
  endfacet
  facet normal 0.043619387365355825 0.9990482215818569 0
    outer loop
      vertex 8.055045099616803 106.7866814433211 2.2
      vertex 7.75 106.8 5.300000000000001
      vertex 8.055045099616803 106.7866814433211 5.300000000000001
    endloop
  endfacet
  facet normal 0.13052619222001513 0.9914448613738152 0
    outer loop
      vertex 8.357768621834257 106.74682713554273 2.2
      vertex 8.055045099616803 106.7866814433211 5.300000000000001
      vertex 8.357768621834257 106.74682713554273 5.300000000000001
    endloop
  endfacet
  facet normal 0.21643961393810007 0.976296007119934 0
    outer loop
      vertex 8.655866657858823 106.68074039201174 2.2
      vertex 8.357768621834257 106.74682713554273 5.300000000000001
      vertex 8.655866657858823 106.68074039201174 5.300000000000001
    endloop
  endfacet
  facet normal 0.3007057995042811 0.9537169507482244 0
    outer loop
      vertex 8.94707050163984 106.58892417275068 2.2
      vertex 8.655866657858823 106.68074039201174 5.300000000000001
      vertex 8.94707050163984 106.58892417275068 5.300000000000001
    endloop
  endfacet
  facet normal 0.4617486132350278 0.8870108331782249 0
    outer loop
      vertex 9.5 106.33108891324554 2.2
      vertex 9.229163916092448 106.47207725462827 5.300000000000001
      vertex 9.5 106.33108891324554 5.300000000000001
    endloop
  endfacet
  facet normal 0.38268343236509295 0.9238795325112854 0
    outer loop
      vertex 9.229163916092448 106.47207725462827 2.2
      vertex 8.94707050163984 106.58892417275068 5.300000000000001
      vertex 9.229163916092448 106.47207725462827 5.300000000000001
    endloop
  endfacet
  facet normal 0.537299608346834 0.8433914458128793 0
    outer loop
      vertex 9.75751752722866 106.16703215501147 2.2
      vertex 9.5 106.33108891324554 5.300000000000001
      vertex 9.75751752722866 106.16703215501147 5.300000000000001
    endloop
  endfacet
  facet normal 0.7372773368101303 0.6755902076156534 0
    outer loop
      vertex 10.431155550916422 105.54975663390289 2.2
      vertex 10.224873734152917 105.77487373415292 5.300000000000001
      vertex 10.431155550916422 105.54975663390289 5.300000000000001
    endloop
  endfacet
  facet normal 0.6755902076156595 0.7372773368101248 0
    outer loop
      vertex 10.224873734152917 105.77487373415292 2.2
      vertex 9.999756633902887 105.98115555091643 5.300000000000001
      vertex 10.224873734152917 105.77487373415292 5.300000000000001
    endloop
  endfacet
  facet normal 0.6087614290087094 0.7933533402912438 0
    outer loop
      vertex 9.999756633902887 105.98115555091643 2.2
      vertex 9.75751752722866 106.16703215501147 5.300000000000001
      vertex 9.999756633902887 105.98115555091643 5.300000000000001
    endloop
  endfacet
  facet normal 0 0 1
    outer loop
      vertex 8.10427074935491 105.30916926003883 5.300000000000001
      vertex 8.278033281360798 105.27064703412582 5.300000000000001
      vertex 8.055045099616803 106.7866814433211 5.300000000000001
    endloop
  endfacet
  facet normal 0 0 1
    outer loop
      vertex 8.278033281360798 105.27064703412582 5.300000000000001
      vertex 8.44777716126032 105.21712699437387 5.300000000000001
      vertex 8.357768621834257 106.74682713554273 5.300000000000001
    endloop
  endfacet
  facet normal 0 0 1
    outer loop
      vertex 8.770081967213114 105.06683379509792 5.300000000000001
      vertex 8.920189959080124 104.97120445756991 5.300000000000001
      vertex 8.94707050163984 106.58892417275068 5.300000000000001
    endloop
  endfacet
  facet normal 0 0 1
    outer loop
      vertex 8.44777716126032 105.21712699437387 5.300000000000001
      vertex 8.61221053563328 105.14901646060181 5.300000000000001
      vertex 8.655866657858823 106.68074039201174 5.300000000000001
    endloop
  endfacet
  facet normal 0 0 1
    outer loop
      vertex 8.61221053563328 105.14901646060181 5.300000000000001
      vertex 8.770081967213114 105.06683379509792 5.300000000000001
      vertex 8.655866657858823 106.68074039201174 5.300000000000001
    endloop
  endfacet
  facet normal 0 0 1
    outer loop
      vertex 7.927812003031902 105.33240049471341 5.300000000000001
      vertex 8.10427074935491 105.30916926003883 5.300000000000001
      vertex 8.055045099616803 106.7866814433211 5.300000000000001
    endloop
  endfacet
  facet normal 0 0 1
    outer loop
      vertex 8.770081967213114 105.06683379509792 5.300000000000001
      vertex 8.94707050163984 106.58892417275068 5.300000000000001
      vertex 8.655866657858823 106.68074039201174 5.300000000000001
    endloop
  endfacet
  facet normal 0 0 1
    outer loop
      vertex 9.061392098778521 104.86285624501896 5.300000000000001
      vertex 8.94707050163984 106.58892417275068 5.300000000000001
      vertex 8.920189959080124 104.97120445756991 5.300000000000001
    endloop
  endfacet
  facet normal 0 0 1
    outer loop
      vertex 9.312856245018963 104.61139209877852 5.300000000000001
      vertex 9.5 106.33108891324554 5.300000000000001
      vertex 9.229163916092448 106.47207725462827 5.300000000000001
    endloop
  endfacet
  facet normal 0 0 1
    outer loop
      vertex 9.59901646060182 104.16221053563329 5.300000000000001
      vertex 9.75751752722866 106.16703215501147 5.300000000000001
      vertex 9.5 106.33108891324554 5.300000000000001
    endloop
  endfacet
  facet normal 0 0 1
    outer loop
      vertex 9.061392098778521 104.86285624501896 5.300000000000001
      vertex 9.229163916092448 106.47207725462827 5.300000000000001
      vertex 8.94707050163984 106.58892417275068 5.300000000000001
    endloop
  endfacet
  facet normal 0 0 1
    outer loop
      vertex 8.278033281360798 105.27064703412582 5.300000000000001
      vertex 8.357768621834257 106.74682713554273 5.300000000000001
      vertex 8.055045099616803 106.7866814433211 5.300000000000001
    endloop
  endfacet
  facet normal 0 0 1
    outer loop
      vertex 8.44777716126032 105.21712699437387 5.300000000000001
      vertex 8.655866657858823 106.68074039201174 5.300000000000001
      vertex 8.357768621834257 106.74682713554273 5.300000000000001
    endloop
  endfacet
  facet normal -0.3826834323650971 -0.9238795325112837 -2.761784787363609e-18
    outer loop
      vertex 54.17083608390756 100.12792274537172 2.2
      vertex 54.45292949836016 100.01107582724931 2.2
      vertex 54.45292949836016 100.01107582724931 5.300000000000001
    endloop
  endfacet
  facet normal -0.6087614290087094 -0.7933533402912438 3.28397071829586e-18
    outer loop
      vertex 53.400243366097115 100.61884444908357 2.2
      vertex 53.64248247277134 100.43296784498853 2.2
      vertex 53.64248247277134 100.43296784498853 5.300000000000001
    endloop
  endfacet
  facet normal -0.5372996083468287 -0.8433914458128826 2.112238051703556e-18
    outer loop
      vertex 53.64248247277134 100.43296784498853 2.2
      vertex 53.900000000000006 100.26891108675446 2.2
      vertex 53.900000000000006 100.26891108675446 5.300000000000001
    endloop
  endfacet
  facet normal -0.4617486132350254 -0.8870108331782262 -3.295949147945306e-18
    outer loop
      vertex 53.900000000000006 100.26891108675446 2.2
      vertex 54.17083608390756 100.12792274537172 2.2
      vertex 54.17083608390756 100.12792274537172 5.300000000000001
    endloop
  endfacet
  facet normal -0.21643961393809763 -0.9762960071199345 4.679407809131745e-19
    outer loop
      vertex 54.74413334214118 99.91925960798825 2.2
      vertex 55.04223137816575 99.85317286445726 2.2
      vertex 55.04223137816575 99.85317286445726 5.300000000000001
    endloop
  endfacet
  facet normal -0.3007057995042794 -0.9537169507482249 -5.478780937634304e-20
    outer loop
      vertex 54.45292949836016 100.01107582724931 2.2
      vertex 54.74413334214118 99.91925960798825 2.2
      vertex 54.74413334214118 99.91925960798825 5.300000000000001
    endloop
  endfacet
  facet normal -0.1305261922200174 -0.9914448613738149 6.662889243839296e-19
    outer loop
      vertex 55.04223137816575 99.85317286445726 2.2
      vertex 55.3449549003832 99.8133185566789 2.2
      vertex 55.3449549003832 99.8133185566789 5.300000000000001
    endloop
  endfacet
  facet normal -0.6755902076156682 -0.7372773368101168 2.909327877808945e-18
    outer loop
      vertex 53.17512626584709 100.82512626584708 2.2
      vertex 53.400243366097115 100.61884444908357 2.2
      vertex 53.400243366097115 100.61884444908357 5.300000000000001
    endloop
  endfacet
  facet normal -0.7372773368101274 -0.6755902076156566 1.204329378854228e-18
    outer loop
      vertex 52.96884444908358 101.0502433660971 2.2
      vertex 53.17512626584709 100.82512626584708 2.2
      vertex 53.17512626584709 100.82512626584708 5.300000000000001
    endloop
  endfacet
  facet normal -0.7933533402912412 -0.6087614290087129 4.213853157183763e-19
    outer loop
      vertex 52.782967844988534 101.29248247277134 2.2
      vertex 52.96884444908358 101.0502433660971 2.2
      vertex 52.96884444908358 101.0502433660971 5.300000000000001
    endloop
  endfacet
  facet normal -0.9238795325112837 -0.3826834323650971 0
    outer loop
      vertex 52.47792274537173 101.82083608390755 2.2
      vertex 52.47792274537173 101.82083608390755 5.300000000000001
      vertex 52.36107582724932 102.10292949836015 2.2
    endloop
  endfacet
  facet normal -0.8433914458128864 -0.5372996083468226 0
    outer loop
      vertex 52.782967844988534 101.29248247277134 2.2
      vertex 52.782967844988534 101.29248247277134 5.300000000000001
      vertex 52.61891108675447 101.55 2.2
    endloop
  endfacet
  facet normal -0.8870108331782165 -0.46174861323504374 1.5705983080642658e-18
    outer loop
      vertex 52.47792274537173 101.82083608390755 2.2
      vertex 52.61891108675447 101.55 2.2
      vertex 52.61891108675447 101.55 5.300000000000001
    endloop
  endfacet
  facet normal -0.9537169507482316 -0.30070579950425824 0
    outer loop
      vertex 52.36107582724932 102.10292949836015 2.2
      vertex 52.36107582724932 102.10292949836015 5.300000000000001
      vertex 52.26925960798827 102.39413334214117 2.2
    endloop
  endfacet
  facet normal -0.9762960071199345 -0.21643961393809763 4.679407809131745e-19
    outer loop
      vertex 52.20317286445728 102.69223137816574 2.2
      vertex 52.26925960798827 102.39413334214117 2.2
      vertex 52.26925960798827 102.39413334214117 5.300000000000001
    endloop
  endfacet
  facet normal -0.9914448613738088 -0.13052619222006315 0
    outer loop
      vertex 52.20317286445728 102.69223137816574 2.2
      vertex 52.20317286445728 102.69223137816574 5.300000000000001
      vertex 52.163318556678895 102.99495490038319 2.2
    endloop
  endfacet
  facet normal -0.9990482215818579 -0.04361938736533235 0
    outer loop
      vertex 52.163318556678895 102.99495490038319 2.2
      vertex 52.163318556678895 102.99495490038319 5.300000000000001
      vertex 52.150000000000006 103.3 2.2
    endloop
  endfacet
  facet normal -0.9990482215818579 0.04361938736533235 0
    outer loop
      vertex 52.150000000000006 103.3 2.2
      vertex 52.150000000000006 103.3 5.300000000000001
      vertex 52.163318556678895 103.6050450996168 2.2
    endloop
  endfacet
  facet normal -0.9914448613738088 0.13052619222006315 0
    outer loop
      vertex 52.163318556678895 103.6050450996168 2.2
      vertex 52.163318556678895 103.6050450996168 5.300000000000001
      vertex 52.20317286445728 103.90776862183425 2.2
    endloop
  endfacet
  facet normal -0.9762960071199345 0.21643961393809763 0
    outer loop
      vertex 52.20317286445728 103.90776862183425 2.2
      vertex 52.20317286445728 103.90776862183425 5.300000000000001
      vertex 52.26925960798827 104.20586665785882 2.2
    endloop
  endfacet
  facet normal -0.9537169507482316 0.30070579950425824 0
    outer loop
      vertex 52.26925960798827 104.20586665785882 2.2
      vertex 52.26925960798827 104.20586665785882 5.300000000000001
      vertex 52.36107582724932 104.49707050163984 2.2
    endloop
  endfacet
  facet normal -0.9238795325112837 0.3826834323650971 0
    outer loop
      vertex 52.36107582724932 104.49707050163984 2.2
      vertex 52.36107582724932 104.49707050163984 5.300000000000001
      vertex 52.47792274537173 104.77916391609244 2.2
    endloop
  endfacet
  facet normal -0.8870108331782165 0.46174861323504374 0
    outer loop
      vertex 52.47792274537173 104.77916391609244 2.2
      vertex 52.47792274537173 104.77916391609244 5.300000000000001
      vertex 52.61891108675447 105.05 2.2
    endloop
  endfacet
  facet normal -0.8433914458128864 0.5372996083468226 0
    outer loop
      vertex 52.61891108675447 105.05 2.2
      vertex 52.61891108675447 105.05 5.300000000000001
      vertex 52.782967844988534 105.30751752722865 2.2
    endloop
  endfacet
  facet normal -0.7933533402912412 0.6087614290087129 0
    outer loop
      vertex 52.782967844988534 105.30751752722865 2.2
      vertex 52.782967844988534 105.30751752722865 5.300000000000001
      vertex 52.96884444908358 105.54975663390289 2.2
    endloop
  endfacet
  facet normal -0.043619387365355575 -0.9990482215818569 1.4306129446056568e-19
    outer loop
      vertex 55.3449549003832 99.8133185566789 2.2
      vertex 55.650000000000006 99.8 2.2
      vertex 55.650000000000006 99.8 5.300000000000001
    endloop
  endfacet
  facet normal 0.043619387365355575 -0.9990482215818569 -1.4306129446056568e-19
    outer loop
      vertex 55.650000000000006 99.8 2.2
      vertex 55.95504509961681 99.8133185566789 2.2
      vertex 55.95504509961681 99.8133185566789 5.300000000000001
    endloop
  endfacet
  facet normal 0.1305261922200174 -0.9914448613738149 -6.662889243839296e-19
    outer loop
      vertex 55.95504509961681 99.8133185566789 2.2
      vertex 56.25776862183426 99.85317286445726 2.2
      vertex 56.25776862183426 99.85317286445726 5.300000000000001
    endloop
  endfacet
  facet normal 0.21643961393809763 -0.9762960071199345 -4.679407809131745e-19
    outer loop
      vertex 56.25776862183426 99.85317286445726 2.2
      vertex 56.55586665785883 99.91925960798825 2.2
      vertex 56.55586665785883 99.91925960798825 5.300000000000001
    endloop
  endfacet
  facet normal 0.3007057995042794 -0.9537169507482249 5.478780937634304e-20
    outer loop
      vertex 56.55586665785883 99.91925960798825 2.2
      vertex 56.84707050163985 100.01107582724931 2.2
      vertex 56.84707050163985 100.01107582724931 5.300000000000001
    endloop
  endfacet
  facet normal 0.3826834323650971 -0.9238795325112837 2.761784787363609e-18
    outer loop
      vertex 56.84707050163985 100.01107582724931 2.2
      vertex 57.12916391609245 100.12792274537172 2.2
      vertex 57.12916391609245 100.12792274537172 5.300000000000001
    endloop
  endfacet
  facet normal 0.4617486132350254 -0.8870108331782262 3.295949147945306e-18
    outer loop
      vertex 57.12916391609245 100.12792274537172 2.2
      vertex 57.400000000000006 100.26891108675446 2.2
      vertex 57.400000000000006 100.26891108675446 5.300000000000001
    endloop
  endfacet
  facet normal 0.5372996083468287 -0.8433914458128826 -2.112238051703556e-18
    outer loop
      vertex 57.400000000000006 100.26891108675446 2.2
      vertex 57.65751752722867 100.43296784498853 2.2
      vertex 57.65751752722867 100.43296784498853 5.300000000000001
    endloop
  endfacet
  facet normal 0.6087614290087094 -0.7933533402912438 -3.28397071829586e-18
    outer loop
      vertex 57.65751752722867 100.43296784498853 2.2
      vertex 57.899756633902896 100.61884444908357 2.2
      vertex 57.899756633902896 100.61884444908357 5.300000000000001
    endloop
  endfacet
  facet normal 0.6755902076156682 -0.7372773368101168 -2.909327877808945e-18
    outer loop
      vertex 57.899756633902896 100.61884444908357 2.2
      vertex 58.12487373415292 100.82512626584708 2.2
      vertex 58.12487373415292 100.82512626584708 5.300000000000001
    endloop
  endfacet
  facet normal 0.7372773368101274 -0.6755902076156566 -1.204329378854228e-18
    outer loop
      vertex 58.12487373415292 100.82512626584708 2.2
      vertex 58.33115555091643 101.0502433660971 2.2
      vertex 58.33115555091643 101.0502433660971 5.300000000000001
    endloop
  endfacet
  facet normal 0.7933533402912412 -0.6087614290087129 -4.213853157183763e-19
    outer loop
      vertex 58.33115555091643 101.0502433660971 2.2
      vertex 58.51703215501148 101.29248247277134 2.2
      vertex 58.51703215501148 101.29248247277134 5.300000000000001
    endloop
  endfacet
  facet normal 0.8433914458128864 -0.5372996083468226 1.4514537282917333e-19
    outer loop
      vertex 58.51703215501148 101.29248247277134 2.2
      vertex 58.68108891324554 101.55 2.2
      vertex 58.68108891324554 101.55 5.300000000000001
    endloop
  endfacet
  facet normal 0.8870108331782165 -0.46174861323504374 -1.5705983080642658e-18
    outer loop
      vertex 58.68108891324554 101.55 2.2
      vertex 58.82207725462828 101.82083608390755 2.2
      vertex 58.82207725462828 101.82083608390755 5.300000000000001
    endloop
  endfacet
  facet normal 0.9238795325112837 -0.3826834323650971 2.761784787363609e-18
    outer loop
      vertex 58.82207725462828 101.82083608390755 2.2
      vertex 58.93892417275069 102.10292949836015 2.2
      vertex 58.93892417275069 102.10292949836015 5.300000000000001
    endloop
  endfacet
  facet normal 0.9537169507482316 -0.30070579950425824 -1.3581201275320693e-18
    outer loop
      vertex 58.93892417275069 102.10292949836015 2.2
      vertex 59.030740392011744 102.39413334214117 2.2
      vertex 59.030740392011744 102.39413334214117 5.300000000000001
    endloop
  endfacet
  facet normal 0.9762960071199345 -0.21643961393809763 -4.679407809131745e-19
    outer loop
      vertex 59.030740392011744 102.39413334214117 2.2
      vertex 59.09682713554273 102.69223137816574 2.2
      vertex 59.09682713554273 102.69223137816574 5.300000000000001
    endloop
  endfacet
  facet normal 0.9914448613738088 -0.13052619222006315 -8.2922678342057395e-19
    outer loop
      vertex 59.09682713554273 102.69223137816574 2.2
      vertex 59.136681443321116 102.99495490038319 2.2
      vertex 59.136681443321116 102.99495490038319 5.300000000000001
    endloop
  endfacet
  facet normal 0.9990482215818579 -0.04361938736533235 -7.841841827705097e-20
    outer loop
      vertex 59.136681443321116 102.99495490038319 2.2
      vertex 59.150000000000006 103.3 2.2
      vertex 59.150000000000006 103.3 5.300000000000001
    endloop
  endfacet
  facet normal 0.9990482215818579 0.04361938736533235 7.841841827705097e-20
    outer loop
      vertex 59.150000000000006 103.3 2.2
      vertex 59.136681443321116 103.6050450996168 2.2
      vertex 59.136681443321116 103.6050450996168 5.300000000000001
    endloop
  endfacet
  facet normal 0.9914448613738088 0.13052619222006315 8.2922678342057395e-19
    outer loop
      vertex 59.136681443321116 103.6050450996168 2.2
      vertex 59.09682713554273 103.90776862183425 2.2
      vertex 59.09682713554273 103.90776862183425 5.300000000000001
    endloop
  endfacet
  facet normal 0.9762960071199345 0.21643961393809763 4.679407809131745e-19
    outer loop
      vertex 59.09682713554273 103.90776862183425 2.2
      vertex 59.030740392011744 104.20586665785882 2.2
      vertex 59.030740392011744 104.20586665785882 5.300000000000001
    endloop
  endfacet
  facet normal 0.9537169507482316 0.30070579950425824 0
    outer loop
      vertex 58.93892417275069 104.49707050163984 2.2
      vertex 58.93892417275069 104.49707050163984 5.300000000000001
      vertex 59.030740392011744 104.20586665785882 2.2
    endloop
  endfacet
  facet normal 0.9238795325112837 0.3826834323650971 -2.761784787363609e-18
    outer loop
      vertex 58.93892417275069 104.49707050163984 2.2
      vertex 58.82207725462828 104.77916391609244 2.2
      vertex 58.82207725462828 104.77916391609244 5.300000000000001
    endloop
  endfacet
  facet normal 0.8870108331782165 0.46174861323504374 1.5705983080642658e-18
    outer loop
      vertex 58.82207725462828 104.77916391609244 2.2
      vertex 58.68108891324554 105.05 2.2
      vertex 58.68108891324554 105.05 5.300000000000001
    endloop
  endfacet
  facet normal 0.8433914458128864 0.5372996083468226 0
    outer loop
      vertex 58.51703215501148 105.30751752722865 2.2
      vertex 58.51703215501148 105.30751752722865 5.300000000000001
      vertex 58.68108891324554 105.05 2.2
    endloop
  endfacet
  facet normal -0.3826834323650971 -0.9238795325112837 0
    outer loop
      vertex 54.17083608390756 100.12792274537172 2.2
      vertex 54.45292949836016 100.01107582724931 5.300000000000001
      vertex 54.17083608390756 100.12792274537172 5.300000000000001
    endloop
  endfacet
  facet normal -0.5372996083468287 -0.8433914458128826 0
    outer loop
      vertex 53.64248247277134 100.43296784498853 2.2
      vertex 53.900000000000006 100.26891108675446 5.300000000000001
      vertex 53.64248247277134 100.43296784498853 5.300000000000001
    endloop
  endfacet
  facet normal -0.4617486132350254 -0.8870108331782262 0
    outer loop
      vertex 53.900000000000006 100.26891108675446 2.2
      vertex 54.17083608390756 100.12792274537172 5.300000000000001
      vertex 53.900000000000006 100.26891108675446 5.300000000000001
    endloop
  endfacet
  facet normal -0.21643961393809763 -0.9762960071199345 0
    outer loop
      vertex 54.74413334214118 99.91925960798825 2.2
      vertex 55.04223137816575 99.85317286445726 5.300000000000001
      vertex 54.74413334214118 99.91925960798825 5.300000000000001
    endloop
  endfacet
  facet normal -0.3007057995042794 -0.9537169507482249 0
    outer loop
      vertex 54.45292949836016 100.01107582724931 2.2
      vertex 54.74413334214118 99.91925960798825 5.300000000000001
      vertex 54.45292949836016 100.01107582724931 5.300000000000001
    endloop
  endfacet
  facet normal -0.1305261922200174 -0.9914448613738149 0
    outer loop
      vertex 55.04223137816575 99.85317286445726 2.2
      vertex 55.3449549003832 99.8133185566789 5.300000000000001
      vertex 55.04223137816575 99.85317286445726 5.300000000000001
    endloop
  endfacet
  facet normal -0.043619387365355575 -0.9990482215818569 0
    outer loop
      vertex 55.3449549003832 99.8133185566789 2.2
      vertex 55.650000000000006 99.8 5.300000000000001
      vertex 55.3449549003832 99.8133185566789 5.300000000000001
    endloop
  endfacet
  facet normal 0 0 1
    outer loop
      vertex 54.45292949836016 100.01107582724931 5.300000000000001
      vertex 54.74413334214118 99.91925960798825 5.300000000000001
      vertex 54.62991803278689 101.53316620490207 5.300000000000001
    endloop
  endfacet
  facet normal 0 0 1
    outer loop
      vertex 54.74413334214118 99.91925960798825 5.300000000000001
      vertex 55.04223137816575 99.85317286445726 5.300000000000001
      vertex 54.95222283873969 101.38287300562612 5.300000000000001
    endloop
  endfacet
  facet normal 0 0 1
    outer loop
      vertex 55.04223137816575 99.85317286445726 5.300000000000001
      vertex 55.3449549003832 99.8133185566789 5.300000000000001
      vertex 55.12196671863921 101.32935296587418 5.300000000000001
    endloop
  endfacet
  facet normal -0.6087614290087094 -0.7933533402912438 0
    outer loop
      vertex 53.400243366097115 100.61884444908357 2.2
      vertex 53.64248247277134 100.43296784498853 5.300000000000001
      vertex 53.400243366097115 100.61884444908357 5.300000000000001
    endloop
  endfacet
  facet normal -0.6755902076156682 -0.7372773368101168 0
    outer loop
      vertex 53.17512626584709 100.82512626584708 2.2
      vertex 53.400243366097115 100.61884444908357 5.300000000000001
      vertex 53.17512626584709 100.82512626584708 5.300000000000001
    endloop
  endfacet
  facet normal -0.7933533402912412 -0.6087614290087129 0
    outer loop
      vertex 52.782967844988534 101.29248247277134 2.2
      vertex 52.96884444908358 101.0502433660971 5.300000000000001
      vertex 52.782967844988534 101.29248247277134 5.300000000000001
    endloop
  endfacet
  facet normal -0.7372773368101274 -0.6755902076156566 0
    outer loop
      vertex 52.96884444908358 101.0502433660971 2.2
      vertex 53.17512626584709 100.82512626584708 5.300000000000001
      vertex 52.96884444908358 101.0502433660971 5.300000000000001
    endloop
  endfacet
  facet normal -0.9238795325112837 -0.3826834323650971 0
    outer loop
      vertex 52.36107582724932 102.10292949836015 2.2
      vertex 52.47792274537173 101.82083608390755 5.300000000000001
      vertex 52.36107582724932 102.10292949836015 5.300000000000001
    endloop
  endfacet
  facet normal -0.8433914458128864 -0.5372996083468226 0
    outer loop
      vertex 52.61891108675447 101.55 2.2
      vertex 52.782967844988534 101.29248247277134 5.300000000000001
      vertex 52.61891108675447 101.55 5.300000000000001
    endloop
  endfacet
  facet normal -0.8870108331782165 -0.46174861323504374 0
    outer loop
      vertex 52.47792274537173 101.82083608390755 2.2
      vertex 52.61891108675447 101.55 5.300000000000001
      vertex 52.47792274537173 101.82083608390755 5.300000000000001
    endloop
  endfacet
  facet normal 0 0 1
    outer loop
      vertex 54.17083608390756 100.12792274537172 5.300000000000001
      vertex 54.45292949836016 100.01107582724931 5.300000000000001
      vertex 54.338607901221486 101.73714375498103 5.300000000000001
    endloop
  endfacet
  facet normal 0 0 1
    outer loop
      vertex 53.900000000000006 100.26891108675446 5.300000000000001
      vertex 54.17083608390756 100.12792274537172 5.300000000000001
      vertex 54.087143754981035 101.98860790122147 5.300000000000001
    endloop
  endfacet
  facet normal 0 0 1
    outer loop
      vertex 53.64248247277134 100.43296784498853 5.300000000000001
      vertex 53.900000000000006 100.26891108675446 5.300000000000001
      vertex 53.80098353939819 102.43778946436672 5.300000000000001
    endloop
  endfacet
  facet normal 0 0 1
    outer loop
      vertex 54.45292949836016 100.01107582724931 5.300000000000001
      vertex 54.47981004091988 101.62879554243008 5.300000000000001
      vertex 54.338607901221486 101.73714375498103 5.300000000000001
    endloop
  endfacet
  facet normal 0 0 1
    outer loop
      vertex 54.17083608390756 100.12792274537172 5.300000000000001
      vertex 54.20738624723499 101.85738624723498 5.300000000000001
      vertex 54.087143754981035 101.98860790122147 5.300000000000001
    endloop
  endfacet
  facet normal 0 0 1
    outer loop
      vertex 54.17083608390756 100.12792274537172 5.300000000000001
      vertex 54.338607901221486 101.73714375498103 5.300000000000001
      vertex 54.20738624723499 101.85738624723498 5.300000000000001
    endloop
  endfacet
  facet normal 0 0 1
    outer loop
      vertex 54.74413334214118 99.91925960798825 5.300000000000001
      vertex 54.95222283873969 101.38287300562612 5.300000000000001
      vertex 54.78778946436673 101.45098353939818 5.300000000000001
    endloop
  endfacet
  facet normal 0 0 1
    outer loop
      vertex 54.95222283873969 101.38287300562612 5.300000000000001
      vertex 55.04223137816575 99.85317286445726 5.300000000000001
      vertex 55.12196671863921 101.32935296587418 5.300000000000001
    endloop
  endfacet
  facet normal 0 0 1
    outer loop
      vertex 55.3449549003832 99.8133185566789 5.300000000000001
      vertex 55.295729250645095 101.29083073996117 5.300000000000001
      vertex 55.12196671863921 101.32935296587418 5.300000000000001
    endloop
  endfacet
  facet normal 0 0 1
    outer loop
      vertex 55.3449549003832 99.8133185566789 5.300000000000001
      vertex 55.4721879969681 101.26759950528658 5.300000000000001
      vertex 55.295729250645095 101.29083073996117 5.300000000000001
    endloop
  endfacet
  facet normal 0 0 1
    outer loop
      vertex 54.74413334214118 99.91925960798825 5.300000000000001
      vertex 54.78778946436673 101.45098353939818 5.300000000000001
      vertex 54.62991803278689 101.53316620490207 5.300000000000001
    endloop
  endfacet
  facet normal 0 0 1
    outer loop
      vertex 54.45292949836016 100.01107582724931 5.300000000000001
      vertex 54.62991803278689 101.53316620490207 5.300000000000001
      vertex 54.47981004091988 101.62879554243008 5.300000000000001
    endloop
  endfacet
  facet normal 0 0 1
    outer loop
      vertex 53.900000000000006 100.26891108675446 5.300000000000001
      vertex 54.087143754981035 101.98860790122147 5.300000000000001
      vertex 53.97879554243009 102.12981004091988 5.300000000000001
    endloop
  endfacet
  facet normal 0 0 1
    outer loop
      vertex 53.900000000000006 100.26891108675446 5.300000000000001
      vertex 53.97879554243009 102.12981004091988 5.300000000000001
      vertex 53.88316620490208 102.27991803278688 5.300000000000001
    endloop
  endfacet
  facet normal 0 0 1
    outer loop
      vertex 53.900000000000006 100.26891108675446 5.300000000000001
      vertex 53.88316620490208 102.27991803278688 5.300000000000001
      vertex 53.80098353939819 102.43778946436672 5.300000000000001
    endloop
  endfacet
  facet normal 0 0 1
    outer loop
      vertex 53.64248247277134 100.43296784498853 5.300000000000001
      vertex 53.80098353939819 102.43778946436672 5.300000000000001
      vertex 53.73287300562613 102.60222283873968 5.300000000000001
    endloop
  endfacet
  facet normal 0 0 1
    outer loop
      vertex 53.64248247277134 100.43296784498853 5.300000000000001
      vertex 53.73287300562613 102.60222283873968 5.300000000000001
      vertex 53.679352965874195 102.7719667186392 5.300000000000001
    endloop
  endfacet
  facet normal 0 0 1
    outer loop
      vertex 53.64248247277134 100.43296784498853 5.300000000000001
      vertex 53.679352965874195 102.7719667186392 5.300000000000001
      vertex 53.64083073996117 102.94572925064507 5.300000000000001
    endloop
  endfacet
  facet normal -0.9537169507482316 -0.30070579950425824 0
    outer loop
      vertex 52.26925960798827 102.39413334214117 2.2
      vertex 52.36107582724932 102.10292949836015 5.300000000000001
      vertex 52.26925960798827 102.39413334214117 5.300000000000001
    endloop
  endfacet
  facet normal -0.9762960071199345 -0.21643961393809763 0
    outer loop
      vertex 52.20317286445728 102.69223137816574 2.2
      vertex 52.26925960798827 102.39413334214117 5.300000000000001
      vertex 52.20317286445728 102.69223137816574 5.300000000000001
    endloop
  endfacet
  facet normal -0.9914448613738088 -0.13052619222006315 0
    outer loop
      vertex 52.163318556678895 102.99495490038319 2.2
      vertex 52.20317286445728 102.69223137816574 5.300000000000001
      vertex 52.163318556678895 102.99495490038319 5.300000000000001
    endloop
  endfacet
  facet normal -0.9990482215818579 -0.04361938736533235 0
    outer loop
      vertex 52.150000000000006 103.3 2.2
      vertex 52.163318556678895 102.99495490038319 5.300000000000001
      vertex 52.150000000000006 103.3 5.300000000000001
    endloop
  endfacet
  facet normal -0.9990482215818579 0.04361938736533235 0
    outer loop
      vertex 52.163318556678895 103.6050450996168 2.2
      vertex 52.150000000000006 103.3 5.300000000000001
      vertex 52.163318556678895 103.6050450996168 5.300000000000001
    endloop
  endfacet
  facet normal 0 0 1
    outer loop
      vertex 52.47792274537173 101.82083608390755 5.300000000000001
      vertex 52.36107582724932 104.49707050163984 5.300000000000001
      vertex 52.36107582724932 102.10292949836015 5.300000000000001
    endloop
  endfacet
  facet normal 0 0 1
    outer loop
      vertex 52.36107582724932 102.10292949836015 5.300000000000001
      vertex 52.26925960798827 104.20586665785882 5.300000000000001
      vertex 52.26925960798827 102.39413334214117 5.300000000000001
    endloop
  endfacet
  facet normal 0 0 1
    outer loop
      vertex 52.782967844988534 101.29248247277134 5.300000000000001
      vertex 52.96884444908358 101.0502433660971 5.300000000000001
      vertex 52.782967844988534 105.30751752722865 5.300000000000001
    endloop
  endfacet
  facet normal 0 0 1
    outer loop
      vertex 53.400243366097115 100.61884444908357 5.300000000000001
      vertex 53.64248247277134 100.43296784498853 5.300000000000001
      vertex 53.400243366097115 105.98115555091643 5.300000000000001
    endloop
  endfacet
  facet normal 0 0 1
    outer loop
      vertex 52.96884444908358 101.0502433660971 5.300000000000001
      vertex 53.17512626584709 100.82512626584708 5.300000000000001
      vertex 52.96884444908358 105.54975663390289 5.300000000000001
    endloop
  endfacet
  facet normal 0 0 1
    outer loop
      vertex 53.17512626584709 100.82512626584708 5.300000000000001
      vertex 53.400243366097115 100.61884444908357 5.300000000000001
      vertex 53.17512626584709 105.77487373415292 5.300000000000001
    endloop
  endfacet
  facet normal 0 0 1
    outer loop
      vertex 52.782967844988534 101.29248247277134 5.300000000000001
      vertex 52.61891108675447 105.05 5.300000000000001
      vertex 52.61891108675447 101.55 5.300000000000001
    endloop
  endfacet
  facet normal 0 0 1
    outer loop
      vertex 52.47792274537173 101.82083608390755 5.300000000000001
      vertex 52.61891108675447 101.55 5.300000000000001
      vertex 52.47792274537173 104.77916391609244 5.300000000000001
    endloop
  endfacet
  facet normal 0 0 1
    outer loop
      vertex 52.20317286445728 102.69223137816574 5.300000000000001
      vertex 52.26925960798827 102.39413334214117 5.300000000000001
      vertex 52.20317286445728 103.90776862183425 5.300000000000001
    endloop
  endfacet
  facet normal 0 0 1
    outer loop
      vertex 52.20317286445728 102.69223137816574 5.300000000000001
      vertex 52.163318556678895 103.6050450996168 5.300000000000001
      vertex 52.163318556678895 102.99495490038319 5.300000000000001
    endloop
  endfacet
  facet normal 0 0 1
    outer loop
      vertex 52.163318556678895 102.99495490038319 5.300000000000001
      vertex 52.163318556678895 103.6050450996168 5.300000000000001
      vertex 52.150000000000006 103.3 5.300000000000001
    endloop
  endfacet
  facet normal 0 0 1
    outer loop
      vertex 52.20317286445728 102.69223137816574 5.300000000000001
      vertex 52.20317286445728 103.90776862183425 5.300000000000001
      vertex 52.163318556678895 103.6050450996168 5.300000000000001
    endloop
  endfacet
  facet normal 0 0 1
    outer loop
      vertex 52.26925960798827 102.39413334214117 5.300000000000001
      vertex 52.26925960798827 104.20586665785882 5.300000000000001
      vertex 52.20317286445728 103.90776862183425 5.300000000000001
    endloop
  endfacet
  facet normal 0 0 1
    outer loop
      vertex 52.36107582724932 102.10292949836015 5.300000000000001
      vertex 52.36107582724932 104.49707050163984 5.300000000000001
      vertex 52.26925960798827 104.20586665785882 5.300000000000001
    endloop
  endfacet
  facet normal 0 0 1
    outer loop
      vertex 52.47792274537173 101.82083608390755 5.300000000000001
      vertex 52.47792274537173 104.77916391609244 5.300000000000001
      vertex 52.36107582724932 104.49707050163984 5.300000000000001
    endloop
  endfacet
  facet normal 0 0 1
    outer loop
      vertex 53.64248247277134 100.43296784498853 5.300000000000001
      vertex 53.64083073996117 102.94572925064507 5.300000000000001
      vertex 53.617599505286606 103.1221879969681 5.300000000000001
    endloop
  endfacet
  facet normal 0 0 1
    outer loop
      vertex 53.64248247277134 100.43296784498853 5.300000000000001
      vertex 53.617599505286606 103.1221879969681 5.300000000000001
      vertex 53.60983606557378 103.3 5.300000000000001
    endloop
  endfacet
  facet normal 0 0 1
    outer loop
      vertex 53.64248247277134 100.43296784498853 5.300000000000001
      vertex 53.60983606557378 103.3 5.300000000000001
      vertex 53.400243366097115 105.98115555091643 5.300000000000001
    endloop
  endfacet
  facet normal -0.9914448613738088 0.13052619222006315 0
    outer loop
      vertex 52.20317286445728 103.90776862183425 2.2
      vertex 52.163318556678895 103.6050450996168 5.300000000000001
      vertex 52.20317286445728 103.90776862183425 5.300000000000001
    endloop
  endfacet
  facet normal -0.9762960071199345 0.21643961393809763 0
    outer loop
      vertex 52.26925960798827 104.20586665785882 2.2
      vertex 52.20317286445728 103.90776862183425 5.300000000000001
      vertex 52.26925960798827 104.20586665785882 5.300000000000001
    endloop
  endfacet
  facet normal -0.9537169507482316 0.30070579950425824 0
    outer loop
      vertex 52.36107582724932 104.49707050163984 2.2
      vertex 52.26925960798827 104.20586665785882 5.300000000000001
      vertex 52.36107582724932 104.49707050163984 5.300000000000001
    endloop
  endfacet
  facet normal -0.9238795325112837 0.3826834323650971 0
    outer loop
      vertex 52.47792274537173 104.77916391609244 2.2
      vertex 52.36107582724932 104.49707050163984 5.300000000000001
      vertex 52.47792274537173 104.77916391609244 5.300000000000001
    endloop
  endfacet
  facet normal -0.8870108331782165 0.46174861323504374 0
    outer loop
      vertex 52.61891108675447 105.05 2.2
      vertex 52.47792274537173 104.77916391609244 5.300000000000001
      vertex 52.61891108675447 105.05 5.300000000000001
    endloop
  endfacet
  facet normal -0.8433914458128864 0.5372996083468226 0
    outer loop
      vertex 52.782967844988534 105.30751752722865 2.2
      vertex 52.61891108675447 105.05 5.300000000000001
      vertex 52.782967844988534 105.30751752722865 5.300000000000001
    endloop
  endfacet
  facet normal 0 0 1
    outer loop
      vertex 52.47792274537173 104.77916391609244 5.300000000000001
      vertex 52.61891108675447 101.55 5.300000000000001
      vertex 52.61891108675447 105.05 5.300000000000001
    endloop
  endfacet
  facet normal 0 0 1
    outer loop
      vertex 52.782967844988534 101.29248247277134 5.300000000000001
      vertex 52.782967844988534 105.30751752722865 5.300000000000001
      vertex 52.61891108675447 105.05 5.300000000000001
    endloop
  endfacet
  facet normal 0 0 1
    outer loop
      vertex 52.96884444908358 101.0502433660971 5.300000000000001
      vertex 52.96884444908358 105.54975663390289 5.300000000000001
      vertex 52.782967844988534 105.30751752722865 5.300000000000001
    endloop
  endfacet
  facet normal 0 0 1
    outer loop
      vertex 53.17512626584709 100.82512626584708 5.300000000000001
      vertex 53.17512626584709 105.77487373415292 5.300000000000001
      vertex 52.96884444908358 105.54975663390289 5.300000000000001
    endloop
  endfacet
  facet normal 0 0 1
    outer loop
      vertex 53.400243366097115 100.61884444908357 5.300000000000001
      vertex 53.400243366097115 105.98115555091643 5.300000000000001
      vertex 53.17512626584709 105.77487373415292 5.300000000000001
    endloop
  endfacet
  facet normal 0 0 1
    outer loop
      vertex 53.60983606557378 103.3 5.300000000000001
      vertex 53.617599505286606 103.4778120030319 5.300000000000001
      vertex 53.400243366097115 105.98115555091643 5.300000000000001
    endloop
  endfacet
  facet normal 0 0 1
    outer loop
      vertex 53.617599505286606 103.4778120030319 5.300000000000001
      vertex 53.64083073996117 103.65427074935492 5.300000000000001
      vertex 53.400243366097115 105.98115555091643 5.300000000000001
    endloop
  endfacet
  facet normal 0 0 1
    outer loop
      vertex 53.64083073996117 103.65427074935492 5.300000000000001
      vertex 53.679352965874195 103.82803328136079 5.300000000000001
      vertex 53.400243366097115 105.98115555091643 5.300000000000001
    endloop
  endfacet
  facet normal 0 0 1
    outer loop
      vertex 53.679352965874195 103.82803328136079 5.300000000000001
      vertex 53.73287300562613 103.99777716126032 5.300000000000001
      vertex 53.64248247277134 106.16703215501147 5.300000000000001
    endloop
  endfacet
  facet normal 0 0 1
    outer loop
      vertex 53.73287300562613 103.99777716126032 5.300000000000001
      vertex 53.80098353939818 104.16221053563328 5.300000000000001
      vertex 53.64248247277134 106.16703215501147 5.300000000000001
    endloop
  endfacet
  facet normal 0 0 1
    outer loop
      vertex 53.80098353939818 104.16221053563328 5.300000000000001
      vertex 53.88316620490208 104.32008196721311 5.300000000000001
      vertex 53.64248247277134 106.16703215501147 5.300000000000001
    endloop
  endfacet
  facet normal 0 0 1
    outer loop
      vertex 53.88316620490208 104.32008196721311 5.300000000000001
      vertex 53.97879554243009 104.47018995908013 5.300000000000001
      vertex 53.64248247277134 106.16703215501147 5.300000000000001
    endloop
  endfacet
  facet normal 0 0 1
    outer loop
      vertex 53.97879554243009 104.47018995908013 5.300000000000001
      vertex 54.08714375498104 104.61139209877852 5.300000000000001
      vertex 53.900000000000006 106.33108891324554 5.300000000000001
    endloop
  endfacet
  facet normal 0 0 1
    outer loop
      vertex 53.679352965874195 103.82803328136079 5.300000000000001
      vertex 53.64248247277134 106.16703215501147 5.300000000000001
      vertex 53.400243366097115 105.98115555091643 5.300000000000001
    endloop
  endfacet
  facet normal 0 0 1
    outer loop
      vertex 54.08714375498104 104.61139209877852 5.300000000000001
      vertex 54.20738624723499 104.74261375276501 5.300000000000001
      vertex 53.900000000000006 106.33108891324554 5.300000000000001
    endloop
  endfacet
  facet normal 0 0 1
    outer loop
      vertex 54.20738624723499 104.74261375276501 5.300000000000001
      vertex 54.338607901221486 104.86285624501896 5.300000000000001
      vertex 54.17083608390756 106.47207725462827 5.300000000000001
    endloop
  endfacet
  facet normal 0.043619387365355575 -0.9990482215818569 0
    outer loop
      vertex 55.650000000000006 99.8 2.2
      vertex 55.95504509961681 99.8133185566789 5.300000000000001
      vertex 55.650000000000006 99.8 5.300000000000001
    endloop
  endfacet
  facet normal 0.1305261922200174 -0.9914448613738149 0
    outer loop
      vertex 55.95504509961681 99.8133185566789 2.2
      vertex 56.25776862183426 99.85317286445726 5.300000000000001
      vertex 55.95504509961681 99.8133185566789 5.300000000000001
    endloop
  endfacet
  facet normal 0.21643961393809763 -0.9762960071199345 0
    outer loop
      vertex 56.25776862183426 99.85317286445726 2.2
      vertex 56.55586665785883 99.91925960798825 5.300000000000001
      vertex 56.25776862183426 99.85317286445726 5.300000000000001
    endloop
  endfacet
  facet normal 0.3007057995042794 -0.9537169507482249 0
    outer loop
      vertex 56.55586665785883 99.91925960798825 2.2
      vertex 56.84707050163985 100.01107582724931 5.300000000000001
      vertex 56.55586665785883 99.91925960798825 5.300000000000001
    endloop
  endfacet
  facet normal 0.3826834323650971 -0.9238795325112837 0
    outer loop
      vertex 56.84707050163985 100.01107582724931 2.2
      vertex 57.12916391609245 100.12792274537172 5.300000000000001
      vertex 56.84707050163985 100.01107582724931 5.300000000000001
    endloop
  endfacet
  facet normal 0.4617486132350254 -0.8870108331782262 0
    outer loop
      vertex 57.12916391609245 100.12792274537172 2.2
      vertex 57.400000000000006 100.26891108675446 5.300000000000001
      vertex 57.12916391609245 100.12792274537172 5.300000000000001
    endloop
  endfacet
  facet normal 0.5372996083468287 -0.8433914458128826 0
    outer loop
      vertex 57.400000000000006 100.26891108675446 2.2
      vertex 57.65751752722867 100.43296784498853 5.300000000000001
      vertex 57.400000000000006 100.26891108675446 5.300000000000001
    endloop
  endfacet
  facet normal 0.6087614290087094 -0.7933533402912438 0
    outer loop
      vertex 57.65751752722867 100.43296784498853 2.2
      vertex 57.899756633902896 100.61884444908357 5.300000000000001
      vertex 57.65751752722867 100.43296784498853 5.300000000000001
    endloop
  endfacet
  facet normal 0 0 1
    outer loop
      vertex 55.3449549003832 99.8133185566789 5.300000000000001
      vertex 55.650000000000006 99.8 5.300000000000001
      vertex 55.4721879969681 101.26759950528658 5.300000000000001
    endloop
  endfacet
  facet normal 0 0 1
    outer loop
      vertex 55.650000000000006 99.8 5.300000000000001
      vertex 55.95504509961681 99.8133185566789 5.300000000000001
      vertex 55.650000000000006 101.25983606557377 5.300000000000001
    endloop
  endfacet
  facet normal 0 0 1
    outer loop
      vertex 55.95504509961681 99.8133185566789 5.300000000000001
      vertex 56.25776862183426 99.85317286445726 5.300000000000001
      vertex 55.82781200303191 101.26759950528658 5.300000000000001
    endloop
  endfacet
  facet normal 0 0 1
    outer loop
      vertex 56.25776862183426 99.85317286445726 5.300000000000001
      vertex 56.55586665785883 99.91925960798825 5.300000000000001
      vertex 56.178033281360804 101.32935296587418 5.300000000000001
    endloop
  endfacet
  facet normal 0 0 1
    outer loop
      vertex 56.55586665785883 99.91925960798825 5.300000000000001
      vertex 56.84707050163985 100.01107582724931 5.300000000000001
      vertex 56.51221053563328 101.45098353939818 5.300000000000001
    endloop
  endfacet
  facet normal 0.6755902076156682 -0.7372773368101168 0
    outer loop
      vertex 57.899756633902896 100.61884444908357 2.2
      vertex 58.12487373415292 100.82512626584708 5.300000000000001
      vertex 57.899756633902896 100.61884444908357 5.300000000000001
    endloop
  endfacet
  facet normal 0.7372773368101274 -0.6755902076156566 0
    outer loop
      vertex 58.12487373415292 100.82512626584708 2.2
      vertex 58.33115555091643 101.0502433660971 5.300000000000001
      vertex 58.12487373415292 100.82512626584708 5.300000000000001
    endloop
  endfacet
  facet normal 0.7933533402912412 -0.6087614290087129 0
    outer loop
      vertex 58.33115555091643 101.0502433660971 2.2
      vertex 58.51703215501148 101.29248247277134 5.300000000000001
      vertex 58.33115555091643 101.0502433660971 5.300000000000001
    endloop
  endfacet
  facet normal 0.8433914458128864 -0.5372996083468226 0
    outer loop
      vertex 58.51703215501148 101.29248247277134 2.2
      vertex 58.68108891324554 101.55 5.300000000000001
      vertex 58.51703215501148 101.29248247277134 5.300000000000001
    endloop
  endfacet
  facet normal 0.8870108331782165 -0.46174861323504374 0
    outer loop
      vertex 58.68108891324554 101.55 2.2
      vertex 58.82207725462828 101.82083608390755 5.300000000000001
      vertex 58.68108891324554 101.55 5.300000000000001
    endloop
  endfacet
  facet normal 0.9238795325112837 -0.3826834323650971 0
    outer loop
      vertex 58.82207725462828 101.82083608390755 2.2
      vertex 58.93892417275069 102.10292949836015 5.300000000000001
      vertex 58.82207725462828 101.82083608390755 5.300000000000001
    endloop
  endfacet
  facet normal 0 0 1
    outer loop
      vertex 55.4721879969681 101.26759950528658 5.300000000000001
      vertex 55.650000000000006 99.8 5.300000000000001
      vertex 55.650000000000006 101.25983606557377 5.300000000000001
    endloop
  endfacet
  facet normal 0 0 1
    outer loop
      vertex 55.95504509961681 99.8133185566789 5.300000000000001
      vertex 55.82781200303191 101.26759950528658 5.300000000000001
      vertex 55.650000000000006 101.25983606557377 5.300000000000001
    endloop
  endfacet
  facet normal 0 0 1
    outer loop
      vertex 55.82781200303191 101.26759950528658 5.300000000000001
      vertex 56.25776862183426 99.85317286445726 5.300000000000001
      vertex 56.004270749354916 101.29083073996117 5.300000000000001
    endloop
  endfacet
  facet normal 0 0 1
    outer loop
      vertex 56.25776862183426 99.85317286445726 5.300000000000001
      vertex 56.178033281360804 101.32935296587418 5.300000000000001
      vertex 56.004270749354916 101.29083073996117 5.300000000000001
    endloop
  endfacet
  facet normal 0 0 1
    outer loop
      vertex 56.178033281360804 101.32935296587418 5.300000000000001
      vertex 56.55586665785883 99.91925960798825 5.300000000000001
      vertex 56.347777161260325 101.38287300562612 5.300000000000001
    endloop
  endfacet
  facet normal 0 0 1
    outer loop
      vertex 56.84707050163985 100.01107582724931 5.300000000000001
      vertex 57.12916391609245 100.12792274537172 5.300000000000001
      vertex 56.82018995908013 101.62879554243008 5.300000000000001
    endloop
  endfacet
  facet normal 0 0 1
    outer loop
      vertex 56.347777161260325 101.38287300562612 5.300000000000001
      vertex 56.55586665785883 99.91925960798825 5.300000000000001
      vertex 56.51221053563328 101.45098353939818 5.300000000000001
    endloop
  endfacet
  facet normal 0 0 1
    outer loop
      vertex 57.12916391609245 100.12792274537172 5.300000000000001
      vertex 57.400000000000006 100.26891108675446 5.300000000000001
      vertex 57.09261375276502 101.85738624723498 5.300000000000001
    endloop
  endfacet
  facet normal 0 0 1
    outer loop
      vertex 56.84707050163985 100.01107582724931 5.300000000000001
      vertex 56.67008196721312 101.53316620490207 5.300000000000001
      vertex 56.51221053563328 101.45098353939818 5.300000000000001
    endloop
  endfacet
  facet normal 0 0 1
    outer loop
      vertex 56.84707050163985 100.01107582724931 5.300000000000001
      vertex 56.82018995908013 101.62879554243008 5.300000000000001
      vertex 56.67008196721312 101.53316620490207 5.300000000000001
    endloop
  endfacet
  facet normal 0 0 1
    outer loop
      vertex 57.12916391609245 100.12792274537172 5.300000000000001
      vertex 56.961392098778525 101.73714375498103 5.300000000000001
      vertex 56.82018995908013 101.62879554243008 5.300000000000001
    endloop
  endfacet
  facet normal 0 0 1
    outer loop
      vertex 57.12916391609245 100.12792274537172 5.300000000000001
      vertex 57.09261375276502 101.85738624723498 5.300000000000001
      vertex 56.961392098778525 101.73714375498103 5.300000000000001
    endloop
  endfacet
  facet normal 0 0 1
    outer loop
      vertex 57.400000000000006 100.26891108675446 5.300000000000001
      vertex 57.21285624501897 101.98860790122147 5.300000000000001
      vertex 57.09261375276502 101.85738624723498 5.300000000000001
    endloop
  endfacet
  facet normal 0 0 1
    outer loop
      vertex 57.400000000000006 100.26891108675446 5.300000000000001
      vertex 57.32120445756992 102.12981004091986 5.300000000000001
      vertex 57.21285624501897 101.98860790122147 5.300000000000001
    endloop
  endfacet
  facet normal 0 0 1
    outer loop
      vertex 57.400000000000006 100.26891108675446 5.300000000000001
      vertex 57.65751752722867 100.43296784498853 5.300000000000001
      vertex 57.32120445756992 102.12981004091986 5.300000000000001
    endloop
  endfacet
  facet normal 0 0 1
    outer loop
      vertex 57.65751752722867 100.43296784498853 5.300000000000001
      vertex 57.899756633902896 100.61884444908357 5.300000000000001
      vertex 57.62064703412582 102.7719667186392 5.300000000000001
    endloop
  endfacet
  facet normal 0 0 1
    outer loop
      vertex 57.32120445756992 102.12981004091986 5.300000000000001
      vertex 57.65751752722867 100.43296784498853 5.300000000000001
      vertex 57.41683379509793 102.27991803278688 5.300000000000001
    endloop
  endfacet
  facet normal 0 0 1
    outer loop
      vertex 57.41683379509793 102.27991803278688 5.300000000000001
      vertex 57.65751752722867 100.43296784498853 5.300000000000001
      vertex 57.49901646060183 102.43778946436672 5.300000000000001
    endloop
  endfacet
  facet normal 0 0 1
    outer loop
      vertex 57.65751752722867 100.43296784498853 5.300000000000001
      vertex 57.56712699437388 102.60222283873968 5.300000000000001
      vertex 57.49901646060183 102.43778946436672 5.300000000000001
    endloop
  endfacet
  facet normal 0 0 1
    outer loop
      vertex 57.65751752722867 100.43296784498853 5.300000000000001
      vertex 57.62064703412582 102.7719667186392 5.300000000000001
      vertex 57.56712699437388 102.60222283873968 5.300000000000001
    endloop
  endfacet
  facet normal 0 0 1
    outer loop
      vertex 57.899756633902896 100.61884444908357 5.300000000000001
      vertex 57.659169260038844 102.94572925064507 5.300000000000001
      vertex 57.62064703412582 102.7719667186392 5.300000000000001
    endloop
  endfacet
  facet normal 0.9537169507482316 -0.30070579950425824 0
    outer loop
      vertex 58.93892417275069 102.10292949836015 2.2
      vertex 59.030740392011744 102.39413334214117 5.300000000000001
      vertex 58.93892417275069 102.10292949836015 5.300000000000001
    endloop
  endfacet
  facet normal 0.9762960071199345 -0.21643961393809763 0
    outer loop
      vertex 59.030740392011744 102.39413334214117 2.2
      vertex 59.09682713554273 102.69223137816574 5.300000000000001
      vertex 59.030740392011744 102.39413334214117 5.300000000000001
    endloop
  endfacet
  facet normal 0.9914448613738088 -0.13052619222006315 0
    outer loop
      vertex 59.09682713554273 102.69223137816574 2.2
      vertex 59.136681443321116 102.99495490038319 5.300000000000001
      vertex 59.09682713554273 102.69223137816574 5.300000000000001
    endloop
  endfacet
  facet normal 0.9990482215818579 -0.04361938736533235 0
    outer loop
      vertex 59.136681443321116 102.99495490038319 2.2
      vertex 59.150000000000006 103.3 5.300000000000001
      vertex 59.136681443321116 102.99495490038319 5.300000000000001
    endloop
  endfacet
  facet normal 0.9990482215818579 0.04361938736533235 0
    outer loop
      vertex 59.150000000000006 103.3 2.2
      vertex 59.136681443321116 103.6050450996168 5.300000000000001
      vertex 59.150000000000006 103.3 5.300000000000001
    endloop
  endfacet
  facet normal 0.9914448613738088 0.13052619222006315 0
    outer loop
      vertex 59.136681443321116 103.6050450996168 2.2
      vertex 59.09682713554273 103.90776862183425 5.300000000000001
      vertex 59.136681443321116 103.6050450996168 5.300000000000001
    endloop
  endfacet
  facet normal 0 0 1
    outer loop
      vertex 57.899756633902896 100.61884444908357 5.300000000000001
      vertex 57.682400494713406 103.1221879969681 5.300000000000001
      vertex 57.659169260038844 102.94572925064507 5.300000000000001
    endloop
  endfacet
  facet normal 0 0 1
    outer loop
      vertex 57.899756633902896 100.61884444908357 5.300000000000001
      vertex 57.69016393442623 103.3 5.300000000000001
      vertex 57.682400494713406 103.1221879969681 5.300000000000001
    endloop
  endfacet
  facet normal 0 0 1
    outer loop
      vertex 57.899756633902896 100.61884444908357 5.300000000000001
      vertex 58.12487373415292 100.82512626584708 5.300000000000001
      vertex 57.899756633902896 105.98115555091643 5.300000000000001
    endloop
  endfacet
  facet normal 0 0 1
    outer loop
      vertex 58.12487373415292 100.82512626584708 5.300000000000001
      vertex 58.33115555091643 101.0502433660971 5.300000000000001
      vertex 58.12487373415292 105.77487373415292 5.300000000000001
    endloop
  endfacet
  facet normal 0 0 1
    outer loop
      vertex 58.33115555091643 101.0502433660971 5.300000000000001
      vertex 58.51703215501148 101.29248247277134 5.300000000000001
      vertex 58.33115555091643 105.54975663390289 5.300000000000001
    endloop
  endfacet
  facet normal 0 0 1
    outer loop
      vertex 58.51703215501148 101.29248247277134 5.300000000000001
      vertex 58.68108891324554 101.55 5.300000000000001
      vertex 58.51703215501148 105.30751752722865 5.300000000000001
    endloop
  endfacet
  facet normal 0 0 1
    outer loop
      vertex 58.68108891324554 101.55 5.300000000000001
      vertex 58.82207725462828 101.82083608390755 5.300000000000001
      vertex 58.68108891324554 105.05 5.300000000000001
    endloop
  endfacet
  facet normal 0 0 1
    outer loop
      vertex 58.82207725462828 101.82083608390755 5.300000000000001
      vertex 58.93892417275069 102.10292949836015 5.300000000000001
      vertex 58.82207725462828 104.77916391609244 5.300000000000001
    endloop
  endfacet
  facet normal 0 0 1
    outer loop
      vertex 57.899756633902896 100.61884444908357 5.300000000000001
      vertex 57.65751752722867 106.16703215501147 5.300000000000001
      vertex 57.69016393442623 103.3 5.300000000000001
    endloop
  endfacet
  facet normal 0 0 1
    outer loop
      vertex 58.93892417275069 102.10292949836015 5.300000000000001
      vertex 59.030740392011744 102.39413334214117 5.300000000000001
      vertex 58.93892417275069 104.49707050163984 5.300000000000001
    endloop
  endfacet
  facet normal 0 0 1
    outer loop
      vertex 59.030740392011744 102.39413334214117 5.300000000000001
      vertex 59.09682713554273 102.69223137816574 5.300000000000001
      vertex 59.030740392011744 104.20586665785882 5.300000000000001
    endloop
  endfacet
  facet normal 0 0 1
    outer loop
      vertex 59.09682713554273 102.69223137816574 5.300000000000001
      vertex 59.136681443321116 102.99495490038319 5.300000000000001
      vertex 59.09682713554273 103.90776862183425 5.300000000000001
    endloop
  endfacet
  facet normal 0 0 1
    outer loop
      vertex 59.136681443321116 102.99495490038319 5.300000000000001
      vertex 59.150000000000006 103.3 5.300000000000001
      vertex 59.136681443321116 103.6050450996168 5.300000000000001
    endloop
  endfacet
  facet normal 0 0 1
    outer loop
      vertex 59.136681443321116 102.99495490038319 5.300000000000001
      vertex 59.136681443321116 103.6050450996168 5.300000000000001
      vertex 59.09682713554273 103.90776862183425 5.300000000000001
    endloop
  endfacet
  facet normal 0 0 1
    outer loop
      vertex 59.09682713554273 102.69223137816574 5.300000000000001
      vertex 59.09682713554273 103.90776862183425 5.300000000000001
      vertex 59.030740392011744 104.20586665785882 5.300000000000001
    endloop
  endfacet
  facet normal 0 0 1
    outer loop
      vertex 59.030740392011744 102.39413334214117 5.300000000000001
      vertex 59.030740392011744 104.20586665785882 5.300000000000001
      vertex 58.93892417275069 104.49707050163984 5.300000000000001
    endloop
  endfacet
  facet normal 0.9762960071199345 0.21643961393809763 0
    outer loop
      vertex 59.09682713554273 103.90776862183425 2.2
      vertex 59.030740392011744 104.20586665785882 5.300000000000001
      vertex 59.09682713554273 103.90776862183425 5.300000000000001
    endloop
  endfacet
  facet normal 0.9537169507482316 0.30070579950425824 0
    outer loop
      vertex 59.030740392011744 104.20586665785882 2.2
      vertex 58.93892417275069 104.49707050163984 5.300000000000001
      vertex 59.030740392011744 104.20586665785882 5.300000000000001
    endloop
  endfacet
  facet normal 0.9238795325112837 0.3826834323650971 0
    outer loop
      vertex 58.93892417275069 104.49707050163984 2.2
      vertex 58.82207725462828 104.77916391609244 5.300000000000001
      vertex 58.93892417275069 104.49707050163984 5.300000000000001
    endloop
  endfacet
  facet normal 0.8870108331782165 0.46174861323504374 0
    outer loop
      vertex 58.82207725462828 104.77916391609244 2.2
      vertex 58.68108891324554 105.05 5.300000000000001
      vertex 58.82207725462828 104.77916391609244 5.300000000000001
    endloop
  endfacet
  facet normal 0.8433914458128864 0.5372996083468226 0
    outer loop
      vertex 58.68108891324554 105.05 2.2
      vertex 58.51703215501148 105.30751752722865 5.300000000000001
      vertex 58.68108891324554 105.05 5.300000000000001
    endloop
  endfacet
  facet normal 0.7933533402912412 0.6087614290087129 0
    outer loop
      vertex 58.51703215501148 105.30751752722865 2.2
      vertex 58.33115555091643 105.54975663390289 5.300000000000001
      vertex 58.51703215501148 105.30751752722865 5.300000000000001
    endloop
  endfacet
  facet normal 0 0 1
    outer loop
      vertex 57.41683379509793 104.32008196721311 5.300000000000001
      vertex 57.49901646060182 104.16221053563328 5.300000000000001
      vertex 57.400000000000006 106.33108891324554 5.300000000000001
    endloop
  endfacet
  facet normal 0 0 1
    outer loop
      vertex 57.41683379509793 104.32008196721311 5.300000000000001
      vertex 57.400000000000006 106.33108891324554 5.300000000000001
      vertex 57.32120445756992 104.47018995908012 5.300000000000001
    endloop
  endfacet
  facet normal 0 0 1
    outer loop
      vertex 57.212856245018976 104.61139209877852 5.300000000000001
      vertex 57.32120445756992 104.47018995908012 5.300000000000001
      vertex 57.400000000000006 106.33108891324554 5.300000000000001
    endloop
  endfacet
  facet normal 0 0 1
    outer loop
      vertex 57.09261375276502 104.74261375276501 5.300000000000001
      vertex 57.212856245018976 104.61139209877852 5.300000000000001
      vertex 57.12916391609245 106.47207725462827 5.300000000000001
    endloop
  endfacet
  facet normal 0 0 1
    outer loop
      vertex 56.961392098778525 104.86285624501896 5.300000000000001
      vertex 57.09261375276502 104.74261375276501 5.300000000000001
      vertex 57.12916391609245 106.47207725462827 5.300000000000001
    endloop
  endfacet
  facet normal 0 0 1
    outer loop
      vertex 58.33115555091643 101.0502433660971 5.300000000000001
      vertex 58.33115555091643 105.54975663390289 5.300000000000001
      vertex 58.12487373415292 105.77487373415292 5.300000000000001
    endloop
  endfacet
  facet normal 0 0 1
    outer loop
      vertex 57.69016393442623 103.3 5.300000000000001
      vertex 57.65751752722867 106.16703215501147 5.300000000000001
      vertex 57.682400494713406 103.4778120030319 5.300000000000001
    endloop
  endfacet
  facet normal 0 0 1
    outer loop
      vertex 57.899756633902896 100.61884444908357 5.300000000000001
      vertex 57.899756633902896 105.98115555091643 5.300000000000001
      vertex 57.65751752722867 106.16703215501147 5.300000000000001
    endloop
  endfacet
  facet normal 0 0 1
    outer loop
      vertex 57.682400494713406 103.4778120030319 5.300000000000001
      vertex 57.65751752722867 106.16703215501147 5.300000000000001
      vertex 57.659169260038844 103.65427074935492 5.300000000000001
    endloop
  endfacet
  facet normal 0 0 1
    outer loop
      vertex 57.659169260038844 103.65427074935492 5.300000000000001
      vertex 57.65751752722867 106.16703215501147 5.300000000000001
      vertex 57.62064703412582 103.82803328136079 5.300000000000001
    endloop
  endfacet
  facet normal 0 0 1
    outer loop
      vertex 58.12487373415292 100.82512626584708 5.300000000000001
      vertex 58.12487373415292 105.77487373415292 5.300000000000001
      vertex 57.899756633902896 105.98115555091643 5.300000000000001
    endloop
  endfacet
  facet normal 0 0 1
    outer loop
      vertex 58.68108891324554 101.55 5.300000000000001
      vertex 58.68108891324554 105.05 5.300000000000001
      vertex 58.51703215501148 105.30751752722865 5.300000000000001
    endloop
  endfacet
  facet normal 0 0 1
    outer loop
      vertex 58.93892417275069 102.10292949836015 5.300000000000001
      vertex 58.93892417275069 104.49707050163984 5.300000000000001
      vertex 58.82207725462828 104.77916391609244 5.300000000000001
    endloop
  endfacet
  facet normal 0 0 1
    outer loop
      vertex 58.82207725462828 101.82083608390755 5.300000000000001
      vertex 58.82207725462828 104.77916391609244 5.300000000000001
      vertex 58.68108891324554 105.05 5.300000000000001
    endloop
  endfacet
  facet normal 0 0 1
    outer loop
      vertex 58.51703215501148 101.29248247277134 5.300000000000001
      vertex 58.51703215501148 105.30751752722865 5.300000000000001
      vertex 58.33115555091643 105.54975663390289 5.300000000000001
    endloop
  endfacet
  facet normal 0 0 1
    outer loop
      vertex 57.56712699437388 103.99777716126032 5.300000000000001
      vertex 57.62064703412582 103.82803328136079 5.300000000000001
      vertex 57.65751752722867 106.16703215501147 5.300000000000001
    endloop
  endfacet
  facet normal 0 0 1
    outer loop
      vertex 57.56712699437388 103.99777716126032 5.300000000000001
      vertex 57.65751752722867 106.16703215501147 5.300000000000001
      vertex 57.49901646060182 104.16221053563328 5.300000000000001
    endloop
  endfacet
  facet normal -0.7372773368101274 0.6755902076156566 0
    outer loop
      vertex 52.96884444908358 105.54975663390289 2.2
      vertex 52.96884444908358 105.54975663390289 5.300000000000001
      vertex 53.17512626584709 105.77487373415292 2.2
    endloop
  endfacet
  facet normal -0.6755902076156682 0.7372773368101168 0
    outer loop
      vertex 53.17512626584709 105.77487373415292 2.2
      vertex 53.17512626584709 105.77487373415292 5.300000000000001
      vertex 53.400243366097115 105.98115555091643 2.2
    endloop
  endfacet
  facet normal -0.6087614290087094 0.7933533402912438 0
    outer loop
      vertex 53.400243366097115 105.98115555091643 2.2
      vertex 53.400243366097115 105.98115555091643 5.300000000000001
      vertex 53.64248247277134 106.16703215501147 2.2
    endloop
  endfacet
  facet normal -0.5372996083468287 0.8433914458128826 0
    outer loop
      vertex 53.64248247277134 106.16703215501147 2.2
      vertex 53.64248247277134 106.16703215501147 5.300000000000001
      vertex 53.900000000000006 106.33108891324554 2.2
    endloop
  endfacet
  facet normal -0.4617486132350254 0.8870108331782262 0
    outer loop
      vertex 53.900000000000006 106.33108891324554 2.2
      vertex 53.900000000000006 106.33108891324554 5.300000000000001
      vertex 54.17083608390756 106.47207725462827 2.2
    endloop
  endfacet
  facet normal -0.3826834323650971 0.9238795325112837 0
    outer loop
      vertex 54.17083608390756 106.47207725462827 2.2
      vertex 54.17083608390756 106.47207725462827 5.300000000000001
      vertex 54.45292949836016 106.58892417275068 2.2
    endloop
  endfacet
  facet normal -0.3007057995042794 0.9537169507482249 0
    outer loop
      vertex 54.45292949836016 106.58892417275068 2.2
      vertex 54.45292949836016 106.58892417275068 5.300000000000001
      vertex 54.74413334214118 106.68074039201174 2.2
    endloop
  endfacet
  facet normal -0.21643961393809763 0.9762960071199345 0
    outer loop
      vertex 54.74413334214118 106.68074039201174 2.2
      vertex 54.74413334214118 106.68074039201174 5.300000000000001
      vertex 55.04223137816575 106.74682713554273 2.2
    endloop
  endfacet
  facet normal -0.1305261922200174 0.9914448613738149 0
    outer loop
      vertex 55.04223137816575 106.74682713554273 2.2
      vertex 55.04223137816575 106.74682713554273 5.300000000000001
      vertex 55.3449549003832 106.7866814433211 2.2
    endloop
  endfacet
  facet normal -0.043619387365355575 0.9990482215818569 0
    outer loop
      vertex 55.3449549003832 106.7866814433211 2.2
      vertex 55.3449549003832 106.7866814433211 5.300000000000001
      vertex 55.650000000000006 106.8 2.2
    endloop
  endfacet
  facet normal 0.043619387365355575 0.9990482215818569 0
    outer loop
      vertex 55.650000000000006 106.8 2.2
      vertex 55.650000000000006 106.8 5.300000000000001
      vertex 55.95504509961681 106.7866814433211 2.2
    endloop
  endfacet
  facet normal 0.1305261922200174 0.9914448613738149 0
    outer loop
      vertex 55.95504509961681 106.7866814433211 2.2
      vertex 55.95504509961681 106.7866814433211 5.300000000000001
      vertex 56.25776862183426 106.74682713554273 2.2
    endloop
  endfacet
  facet normal 0.21643961393809763 0.9762960071199345 0
    outer loop
      vertex 56.25776862183426 106.74682713554273 2.2
      vertex 56.25776862183426 106.74682713554273 5.300000000000001
      vertex 56.55586665785883 106.68074039201174 2.2
    endloop
  endfacet
  facet normal 0.3826834323650971 0.9238795325112837 0
    outer loop
      vertex 56.84707050163985 106.58892417275068 2.2
      vertex 56.84707050163985 106.58892417275068 5.300000000000001
      vertex 57.12916391609245 106.47207725462827 2.2
    endloop
  endfacet
  facet normal 0.4617486132350254 0.8870108331782262 0
    outer loop
      vertex 57.12916391609245 106.47207725462827 2.2
      vertex 57.12916391609245 106.47207725462827 5.300000000000001
      vertex 57.400000000000006 106.33108891324554 2.2
    endloop
  endfacet
  facet normal 0.3007057995042794 0.9537169507482249 -5.478780937634304e-20
    outer loop
      vertex 56.84707050163985 106.58892417275068 2.2
      vertex 56.55586665785883 106.68074039201174 2.2
      vertex 56.55586665785883 106.68074039201174 5.300000000000001
    endloop
  endfacet
  facet normal 0.7933533402912412 0.6087614290087129 0
    outer loop
      vertex 58.33115555091643 105.54975663390289 2.2
      vertex 58.33115555091643 105.54975663390289 5.300000000000001
      vertex 58.51703215501148 105.30751752722865 2.2
    endloop
  endfacet
  facet normal 0.7372773368101274 0.6755902076156566 0
    outer loop
      vertex 58.12487373415292 105.77487373415292 2.2
      vertex 58.12487373415292 105.77487373415292 5.300000000000001
      vertex 58.33115555091643 105.54975663390289 2.2
    endloop
  endfacet
  facet normal 0.6087614290087094 0.7933533402912438 0
    outer loop
      vertex 57.65751752722867 106.16703215501147 2.2
      vertex 57.65751752722867 106.16703215501147 5.300000000000001
      vertex 57.899756633902896 105.98115555091643 2.2
    endloop
  endfacet
  facet normal 0.6755902076156682 0.7372773368101168 0
    outer loop
      vertex 57.899756633902896 105.98115555091643 2.2
      vertex 57.899756633902896 105.98115555091643 5.300000000000001
      vertex 58.12487373415292 105.77487373415292 2.2
    endloop
  endfacet
  facet normal 0.5372996083468287 0.8433914458128826 0
    outer loop
      vertex 57.400000000000006 106.33108891324554 2.2
      vertex 57.400000000000006 106.33108891324554 5.300000000000001
      vertex 57.65751752722867 106.16703215501147 2.2
    endloop
  endfacet
  facet normal -0.7933533402912412 0.6087614290087129 0
    outer loop
      vertex 52.96884444908358 105.54975663390289 2.2
      vertex 52.782967844988534 105.30751752722865 5.300000000000001
      vertex 52.96884444908358 105.54975663390289 5.300000000000001
    endloop
  endfacet
  facet normal -0.7372773368101274 0.6755902076156566 0
    outer loop
      vertex 53.17512626584709 105.77487373415292 2.2
      vertex 52.96884444908358 105.54975663390289 5.300000000000001
      vertex 53.17512626584709 105.77487373415292 5.300000000000001
    endloop
  endfacet
  facet normal -0.6755902076156682 0.7372773368101168 0
    outer loop
      vertex 53.400243366097115 105.98115555091643 2.2
      vertex 53.17512626584709 105.77487373415292 5.300000000000001
      vertex 53.400243366097115 105.98115555091643 5.300000000000001
    endloop
  endfacet
  facet normal -0.6087614290087094 0.7933533402912438 0
    outer loop
      vertex 53.64248247277134 106.16703215501147 2.2
      vertex 53.400243366097115 105.98115555091643 5.300000000000001
      vertex 53.64248247277134 106.16703215501147 5.300000000000001
    endloop
  endfacet
  facet normal -0.5372996083468287 0.8433914458128826 0
    outer loop
      vertex 53.900000000000006 106.33108891324554 2.2
      vertex 53.64248247277134 106.16703215501147 5.300000000000001
      vertex 53.900000000000006 106.33108891324554 5.300000000000001
    endloop
  endfacet
  facet normal -0.4617486132350254 0.8870108331782262 0
    outer loop
      vertex 54.17083608390756 106.47207725462827 2.2
      vertex 53.900000000000006 106.33108891324554 5.300000000000001
      vertex 54.17083608390756 106.47207725462827 5.300000000000001
    endloop
  endfacet
  facet normal -0.3826834323650971 0.9238795325112837 0
    outer loop
      vertex 54.45292949836016 106.58892417275068 2.2
      vertex 54.17083608390756 106.47207725462827 5.300000000000001
      vertex 54.45292949836016 106.58892417275068 5.300000000000001
    endloop
  endfacet
  facet normal -0.3007057995042794 0.9537169507482249 0
    outer loop
      vertex 54.74413334214118 106.68074039201174 2.2
      vertex 54.45292949836016 106.58892417275068 5.300000000000001
      vertex 54.74413334214118 106.68074039201174 5.300000000000001
    endloop
  endfacet
  facet normal -0.21643961393809763 0.9762960071199345 0
    outer loop
      vertex 55.04223137816575 106.74682713554273 2.2
      vertex 54.74413334214118 106.68074039201174 5.300000000000001
      vertex 55.04223137816575 106.74682713554273 5.300000000000001
    endloop
  endfacet
  facet normal -0.1305261922200174 0.9914448613738149 0
    outer loop
      vertex 55.3449549003832 106.7866814433211 2.2
      vertex 55.04223137816575 106.74682713554273 5.300000000000001
      vertex 55.3449549003832 106.7866814433211 5.300000000000001
    endloop
  endfacet
  facet normal 0 0 1
    outer loop
      vertex 53.97879554243009 104.47018995908013 5.300000000000001
      vertex 53.900000000000006 106.33108891324554 5.300000000000001
      vertex 53.64248247277134 106.16703215501147 5.300000000000001
    endloop
  endfacet
  facet normal 0 0 1
    outer loop
      vertex 54.338607901221486 104.86285624501896 5.300000000000001
      vertex 54.47981004091988 104.97120445756991 5.300000000000001
      vertex 54.17083608390756 106.47207725462827 5.300000000000001
    endloop
  endfacet
  facet normal 0 0 1
    outer loop
      vertex 54.20738624723499 104.74261375276501 5.300000000000001
      vertex 54.17083608390756 106.47207725462827 5.300000000000001
      vertex 53.900000000000006 106.33108891324554 5.300000000000001
    endloop
  endfacet
  facet normal 0 0 1
    outer loop
      vertex 54.47981004091988 104.97120445756991 5.300000000000001
      vertex 54.45292949836016 106.58892417275068 5.300000000000001
      vertex 54.17083608390756 106.47207725462827 5.300000000000001
    endloop
  endfacet
  facet normal 0 0 1
    outer loop
      vertex 54.47981004091988 104.97120445756991 5.300000000000001
      vertex 54.62991803278689 105.06683379509792 5.300000000000001
      vertex 54.45292949836016 106.58892417275068 5.300000000000001
    endloop
  endfacet
  facet normal 0 0 1
    outer loop
      vertex 54.45292949836016 106.58892417275068 5.300000000000001
      vertex 54.62991803278689 105.06683379509792 5.300000000000001
      vertex 54.78778946436673 105.14901646060181 5.300000000000001
    endloop
  endfacet
  facet normal 0 0 1
    outer loop
      vertex 54.78778946436673 105.14901646060181 5.300000000000001
      vertex 54.95222283873969 105.21712699437387 5.300000000000001
      vertex 54.74413334214118 106.68074039201174 5.300000000000001
    endloop
  endfacet
  facet normal 0 0 1
    outer loop
      vertex 54.95222283873969 105.21712699437387 5.300000000000001
      vertex 55.12196671863921 105.27064703412582 5.300000000000001
      vertex 54.74413334214118 106.68074039201174 5.300000000000001
    endloop
  endfacet
  facet normal 0 0 1
    outer loop
      vertex 55.12196671863921 105.27064703412582 5.300000000000001
      vertex 55.295729250645095 105.30916926003883 5.300000000000001
      vertex 55.04223137816575 106.74682713554273 5.300000000000001
    endloop
  endfacet
  facet normal 0 0 1
    outer loop
      vertex 55.295729250645095 105.30916926003883 5.300000000000001
      vertex 55.4721879969681 105.33240049471341 5.300000000000001
      vertex 55.04223137816575 106.74682713554273 5.300000000000001
    endloop
  endfacet
  facet normal 0 0 1
    outer loop
      vertex 54.45292949836016 106.58892417275068 5.300000000000001
      vertex 54.78778946436673 105.14901646060181 5.300000000000001
      vertex 54.74413334214118 106.68074039201174 5.300000000000001
    endloop
  endfacet
  facet normal 0 0 1
    outer loop
      vertex 55.12196671863921 105.27064703412582 5.300000000000001
      vertex 55.04223137816575 106.74682713554273 5.300000000000001
      vertex 54.74413334214118 106.68074039201174 5.300000000000001
    endloop
  endfacet
  facet normal 0 0 1
    outer loop
      vertex 55.4721879969681 105.33240049471341 5.300000000000001
      vertex 55.3449549003832 106.7866814433211 5.300000000000001
      vertex 55.04223137816575 106.74682713554273 5.300000000000001
    endloop
  endfacet
  facet normal -0.043619387365355575 0.9990482215818569 0
    outer loop
      vertex 55.650000000000006 106.8 2.2
      vertex 55.3449549003832 106.7866814433211 5.300000000000001
      vertex 55.650000000000006 106.8 5.300000000000001
    endloop
  endfacet
  facet normal 0.043619387365355575 0.9990482215818569 0
    outer loop
      vertex 55.95504509961681 106.7866814433211 2.2
      vertex 55.650000000000006 106.8 5.300000000000001
      vertex 55.95504509961681 106.7866814433211 5.300000000000001
    endloop
  endfacet
  facet normal 0.1305261922200174 0.9914448613738149 0
    outer loop
      vertex 56.25776862183426 106.74682713554273 2.2
      vertex 55.95504509961681 106.7866814433211 5.300000000000001
      vertex 56.25776862183426 106.74682713554273 5.300000000000001
    endloop
  endfacet
  facet normal 0.21643961393809763 0.9762960071199345 0
    outer loop
      vertex 56.55586665785883 106.68074039201174 2.2
      vertex 56.25776862183426 106.74682713554273 5.300000000000001
      vertex 56.55586665785883 106.68074039201174 5.300000000000001
    endloop
  endfacet
  facet normal 0.4617486132350254 0.8870108331782262 0
    outer loop
      vertex 57.400000000000006 106.33108891324554 2.2
      vertex 57.12916391609245 106.47207725462827 5.300000000000001
      vertex 57.400000000000006 106.33108891324554 5.300000000000001
    endloop
  endfacet
  facet normal 0.3826834323650971 0.9238795325112837 0
    outer loop
      vertex 57.12916391609245 106.47207725462827 2.2
      vertex 56.84707050163985 106.58892417275068 5.300000000000001
      vertex 57.12916391609245 106.47207725462827 5.300000000000001
    endloop
  endfacet
  facet normal 0.3007057995042794 0.9537169507482249 0
    outer loop
      vertex 56.84707050163985 106.58892417275068 2.2
      vertex 56.55586665785883 106.68074039201174 5.300000000000001
      vertex 56.84707050163985 106.58892417275068 5.300000000000001
    endloop
  endfacet
  facet normal 0.7372773368101274 0.6755902076156566 0
    outer loop
      vertex 58.33115555091643 105.54975663390289 2.2
      vertex 58.12487373415292 105.77487373415292 5.300000000000001
      vertex 58.33115555091643 105.54975663390289 5.300000000000001
    endloop
  endfacet
  facet normal 0.6087614290087094 0.7933533402912438 0
    outer loop
      vertex 57.899756633902896 105.98115555091643 2.2
      vertex 57.65751752722867 106.16703215501147 5.300000000000001
      vertex 57.899756633902896 105.98115555091643 5.300000000000001
    endloop
  endfacet
  facet normal 0.6755902076156682 0.7372773368101168 0
    outer loop
      vertex 58.12487373415292 105.77487373415292 2.2
      vertex 57.899756633902896 105.98115555091643 5.300000000000001
      vertex 58.12487373415292 105.77487373415292 5.300000000000001
    endloop
  endfacet
  facet normal 0.5372996083468287 0.8433914458128826 0
    outer loop
      vertex 57.65751752722867 106.16703215501147 2.2
      vertex 57.400000000000006 106.33108891324554 5.300000000000001
      vertex 57.65751752722867 106.16703215501147 5.300000000000001
    endloop
  endfacet
  facet normal 0 0 1
    outer loop
      vertex 56.004270749354916 105.30916926003883 5.300000000000001
      vertex 56.178033281360804 105.27064703412582 5.300000000000001
      vertex 55.95504509961681 106.7866814433211 5.300000000000001
    endloop
  endfacet
  facet normal 0 0 1
    outer loop
      vertex 56.178033281360804 105.27064703412582 5.300000000000001
      vertex 56.347777161260325 105.21712699437387 5.300000000000001
      vertex 56.25776862183426 106.74682713554273 5.300000000000001
    endloop
  endfacet
  facet normal 0 0 1
    outer loop
      vertex 55.4721879969681 105.33240049471341 5.300000000000001
      vertex 55.650000000000006 105.34016393442623 5.300000000000001
      vertex 55.3449549003832 106.7866814433211 5.300000000000001
    endloop
  endfacet
  facet normal 0 0 1
    outer loop
      vertex 55.650000000000006 105.34016393442623 5.300000000000001
      vertex 55.82781200303191 105.33240049471341 5.300000000000001
      vertex 55.650000000000006 106.8 5.300000000000001
    endloop
  endfacet
  facet normal 0 0 1
    outer loop
      vertex 55.82781200303191 105.33240049471341 5.300000000000001
      vertex 56.004270749354916 105.30916926003883 5.300000000000001
      vertex 55.95504509961681 106.7866814433211 5.300000000000001
    endloop
  endfacet
  facet normal 0 0 1
    outer loop
      vertex 56.961392098778525 104.86285624501896 5.300000000000001
      vertex 56.84707050163985 106.58892417275068 5.300000000000001
      vertex 56.82018995908013 104.97120445756991 5.300000000000001
    endloop
  endfacet
  facet normal 0 0 1
    outer loop
      vertex 56.67008196721312 105.06683379509792 5.300000000000001
      vertex 56.82018995908013 104.97120445756991 5.300000000000001
      vertex 56.84707050163985 106.58892417275068 5.300000000000001
    endloop
  endfacet
  facet normal 0 0 1
    outer loop
      vertex 56.51221053563328 105.14901646060181 5.300000000000001
      vertex 56.67008196721312 105.06683379509792 5.300000000000001
      vertex 56.55586665785883 106.68074039201174 5.300000000000001
    endloop
  endfacet
  facet normal 0 0 1
    outer loop
      vertex 56.347777161260325 105.21712699437387 5.300000000000001
      vertex 56.51221053563328 105.14901646060181 5.300000000000001
      vertex 56.55586665785883 106.68074039201174 5.300000000000001
    endloop
  endfacet
  facet normal 0 0 1
    outer loop
      vertex 57.212856245018976 104.61139209877852 5.300000000000001
      vertex 57.400000000000006 106.33108891324554 5.300000000000001
      vertex 57.12916391609245 106.47207725462827 5.300000000000001
    endloop
  endfacet
  facet normal 0 0 1
    outer loop
      vertex 56.67008196721312 105.06683379509792 5.300000000000001
      vertex 56.84707050163985 106.58892417275068 5.300000000000001
      vertex 56.55586665785883 106.68074039201174 5.300000000000001
    endloop
  endfacet
  facet normal 0 0 1
    outer loop
      vertex 56.961392098778525 104.86285624501896 5.300000000000001
      vertex 57.12916391609245 106.47207725462827 5.300000000000001
      vertex 56.84707050163985 106.58892417275068 5.300000000000001
    endloop
  endfacet
  facet normal 0 0 1
    outer loop
      vertex 55.3449549003832 106.7866814433211 5.300000000000001
      vertex 55.650000000000006 105.34016393442623 5.300000000000001
      vertex 55.650000000000006 106.8 5.300000000000001
    endloop
  endfacet
  facet normal 0 0 1
    outer loop
      vertex 55.82781200303191 105.33240049471341 5.300000000000001
      vertex 55.95504509961681 106.7866814433211 5.300000000000001
      vertex 55.650000000000006 106.8 5.300000000000001
    endloop
  endfacet
  facet normal 0 0 1
    outer loop
      vertex 56.178033281360804 105.27064703412582 5.300000000000001
      vertex 56.25776862183426 106.74682713554273 5.300000000000001
      vertex 55.95504509961681 106.7866814433211 5.300000000000001
    endloop
  endfacet
  facet normal 0 0 1
    outer loop
      vertex 56.347777161260325 105.21712699437387 5.300000000000001
      vertex 56.55586665785883 106.68074039201174 5.300000000000001
      vertex 56.25776862183426 106.74682713554273 5.300000000000001
    endloop
  endfacet
  facet normal 0 0 1
    outer loop
      vertex 57.49901646060182 104.16221053563328 5.300000000000001
      vertex 57.65751752722867 106.16703215501147 5.300000000000001
      vertex 57.400000000000006 106.33108891324554 5.300000000000001
    endloop
  endfacet
  facet normal 0.608761429008716 0.7933533402912388 -1.742606385670007e-19
    outer loop
      vertex 6.817957965954518 102.18923555747747 1.0124999999999986
      vertex 6.918314167290983 102.11222953578095 4.700000000000001
      vertex 6.918314167290983 102.11222953578095 1.0124999999999986
    endloop
  endfacet
  facet normal 0.3007057995043426 0.953716950748205 3.8691946415250436e-19
    outer loop
      vertex 7.254070792177781 101.93744569986043 1.0124999999999986
      vertex 7.374712384601345 101.89940755188084 4.700000000000001
      vertex 7.374712384601345 101.89940755188084 1.0124999999999986
    endloop
  endfacet
  facet normal 0.46174861323502425 0.8870108331782267 -1.5753566820004606e-19
    outer loop
      vertex 7.025 102.04426316451256 1.0124999999999986
      vertex 7.137203520475985 101.98585370879685 4.700000000000001
      vertex 7.137203520475985 101.98585370879685 1.0124999999999986
    endloop
  endfacet
  facet normal 0.5372996083468211 0.8433914458128875 3.8810289470923036e-19
    outer loop
      vertex 6.918314167290983 102.11222953578095 1.0124999999999986
      vertex 7.025 102.04426316451256 4.700000000000001
      vertex 7.025 102.04426316451256 1.0124999999999986
    endloop
  endfacet
  facet normal 0.3826834323650546 0.9238795325113013 -8.855050152890988e-19
    outer loop
      vertex 7.137203520475985 101.98585370879685 1.0124999999999986
      vertex 7.254070792177781 101.93744569986043 4.700000000000001
      vertex 7.254070792177781 101.93744569986043 1.0124999999999986
    endloop
  endfacet
  facet normal 0.21643961393800373 0.9762960071199553 -2.4981359085538856e-19
    outer loop
      vertex 7.374712384601345 101.89940755188084 1.0124999999999986
      vertex 7.498210142382951 101.8720287581323 4.700000000000001
      vertex 7.498210142382951 101.8720287581323 1.0124999999999986
    endloop
  endfacet
  facet normal 0.13052619222013262 0.9914448613737997 -2.923865711153924e-19
    outer loop
      vertex 7.498210142382951 101.8720287581323 1.0124999999999986
      vertex 7.623624173015895 101.85551768776696 4.700000000000001
      vertex 7.623624173015895 101.85551768776696 1.0124999999999986
    endloop
  endfacet
  facet normal 0.04361938736532848 0.9990482215818581 -1.0493626103245387e-19
    outer loop
      vertex 7.623624173015895 101.85551768776696 1.0124999999999986
      vertex 7.75 101.85 4.700000000000001
      vertex 7.75 101.85 1.0124999999999986
    endloop
  endfacet
  facet normal -0.04361938736532848 0.9990482215818581 1.0493626103245387e-19
    outer loop
      vertex 7.75 101.85 1.0124999999999986
      vertex 7.876375826984105 101.85551768776696 4.700000000000001
      vertex 7.876375826984105 101.85551768776696 1.0124999999999986
    endloop
  endfacet
  facet normal 0.3007057995043426 0.953716950748205 0
    outer loop
      vertex 7.254070792177781 101.93744569986043 1.0124999999999986
      vertex 7.254070792177781 101.93744569986043 4.700000000000001
      vertex 7.374712384601345 101.89940755188084 4.700000000000001
    endloop
  endfacet
  facet normal 0.21643961393800373 0.9762960071199553 0
    outer loop
      vertex 7.374712384601345 101.89940755188084 1.0124999999999986
      vertex 7.374712384601345 101.89940755188084 4.700000000000001
      vertex 7.498210142382951 101.8720287581323 4.700000000000001
    endloop
  endfacet
  facet normal 0.3826834323650546 0.9238795325113013 0
    outer loop
      vertex 7.137203520475985 101.98585370879685 1.0124999999999986
      vertex 7.137203520475985 101.98585370879685 4.700000000000001
      vertex 7.254070792177781 101.93744569986043 4.700000000000001
    endloop
  endfacet
  facet normal 0.46174861323502425 0.8870108331782267 0
    outer loop
      vertex 7.025 102.04426316451256 1.0124999999999986
      vertex 7.025 102.04426316451256 4.700000000000001
      vertex 7.137203520475985 101.98585370879685 4.700000000000001
    endloop
  endfacet
  facet normal 0.5372996083468211 0.8433914458128875 0
    outer loop
      vertex 6.918314167290983 102.11222953578095 1.0124999999999986
      vertex 6.918314167290983 102.11222953578095 4.700000000000001
      vertex 7.025 102.04426316451256 4.700000000000001
    endloop
  endfacet
  facet normal 0.13052619222013262 0.9914448613737997 0
    outer loop
      vertex 7.498210142382951 101.8720287581323 1.0124999999999986
      vertex 7.498210142382951 101.8720287581323 4.700000000000001
      vertex 7.623624173015895 101.85551768776696 4.700000000000001
    endloop
  endfacet
  facet normal 0.04361938736532848 0.9990482215818581 0
    outer loop
      vertex 7.623624173015895 101.85551768776696 1.0124999999999986
      vertex 7.623624173015895 101.85551768776696 4.700000000000001
      vertex 7.75 101.85 4.700000000000001
    endloop
  endfacet
  facet normal -0.04361938736532848 0.9990482215818581 0
    outer loop
      vertex 7.75 101.85 1.0124999999999986
      vertex 7.75 101.85 4.700000000000001
      vertex 7.876375826984105 101.85551768776696 4.700000000000001
    endloop
  endfacet
  facet normal -0.13052619222013354 0.9914448613737997 0
    outer loop
      vertex 7.876375826984105 101.85551768776696 1.0124999999999986
      vertex 7.876375826984105 101.85551768776696 4.700000000000001
      vertex 8.001789857617048 101.8720287581323 4.700000000000001
    endloop
  endfacet
  facet normal 0 0 1
    outer loop
      vertex 6.724695167279506 102.2746951672795 1.0124999999999986
      vertex 6.817957965954518 102.18923555747747 1.0124999999999986
      vertex 6.817957965954518 104.41076444252252 1.0124999999999986
    endloop
  endfacet
  facet normal 0 0 1
    outer loop
      vertex 6.817957965954518 102.18923555747747 1.0124999999999986
      vertex 6.918314167290983 102.11222953578095 1.0124999999999986
      vertex 6.918314167290983 104.48777046421904 1.0124999999999986
    endloop
  endfacet
  facet normal 0 0 1
    outer loop
      vertex 6.918314167290983 102.11222953578095 1.0124999999999986
      vertex 7.025 102.04426316451256 1.0124999999999986
      vertex 7.025 104.55573683548744 1.0124999999999986
    endloop
  endfacet
  facet normal 0 0 1
    outer loop
      vertex 7.025 102.04426316451256 1.0124999999999986
      vertex 7.137203520475985 101.98585370879685 1.0124999999999986
      vertex 7.137203520475985 104.61414629120314 1.0124999999999986
    endloop
  endfacet
  facet normal 0 0 1
    outer loop
      vertex 7.254070792177781 101.93744569986043 1.0124999999999986
      vertex 7.374712384601345 101.89940755188084 1.0124999999999986
      vertex 7.374712384601345 104.70059244811915 1.0124999999999986
    endloop
  endfacet
  facet normal 0 0 1
    outer loop
      vertex 7.137203520475985 101.98585370879685 1.0124999999999986
      vertex 7.254070792177781 101.93744569986043 1.0124999999999986
      vertex 7.254070792177781 104.66255430013956 1.0124999999999986
    endloop
  endfacet
  facet normal 0 0 1
    outer loop
      vertex 7.374712384601345 101.89940755188084 1.0124999999999986
      vertex 7.498210142382951 101.8720287581323 1.0124999999999986
      vertex 7.498210142382951 104.72797124186769 1.0124999999999986
    endloop
  endfacet
  facet normal 0 0 1
    outer loop
      vertex 7.498210142382951 101.8720287581323 1.0124999999999986
      vertex 7.623624173015895 101.85551768776696 1.0124999999999986
      vertex 7.623624173015895 104.74448231223303 1.0124999999999986
    endloop
  endfacet
  facet normal 0 0 1
    outer loop
      vertex 7.623624173015895 101.85551768776696 1.0124999999999986
      vertex 7.75 101.85 1.0124999999999986
      vertex 7.75 104.75 1.0124999999999986
    endloop
  endfacet
  facet normal 0 0 1
    outer loop
      vertex 7.75 101.85 1.0124999999999986
      vertex 7.876375826984105 101.85551768776696 1.0124999999999986
      vertex 7.876375826984105 104.74448231223303 1.0124999999999986
    endloop
  endfacet
  facet normal 0 0 1
    outer loop
      vertex 6.4358537087968575 102.68720352047599 1.0124999999999986
      vertex 6.4358537087968575 103.912796479524 1.0124999999999986
      vertex 6.387445699860432 102.80407079217778 1.0124999999999986
    endloop
  endfacet
  facet normal 0 0 1
    outer loop
      vertex 6.3494075518808515 102.92471238460134 1.0124999999999986
      vertex 6.387445699860432 102.80407079217778 1.0124999999999986
      vertex 6.387445699860432 103.79592920782221 1.0124999999999986
    endloop
  endfacet
  facet normal 0 0 1
    outer loop
      vertex 6.3494075518808515 102.92471238460134 1.0124999999999986
      vertex 6.3494075518808515 103.67528761539866 1.0124999999999986
      vertex 6.322028758132299 103.04821014238294 1.0124999999999986
    endloop
  endfacet
  facet normal 0 0 1
    outer loop
      vertex 6.322028758132299 103.04821014238294 1.0124999999999986
      vertex 6.322028758132299 103.55178985761705 1.0124999999999986
      vertex 6.305517687766969 103.1736241730159 1.0124999999999986
    endloop
  endfacet
  facet normal 0 0 1
    outer loop
      vertex 6.305517687766969 103.1736241730159 1.0124999999999986
      vertex 6.305517687766969 103.4263758269841 1.0124999999999986
      vertex 6.3 103.3 1.0124999999999986
    endloop
  endfacet
  facet normal 0 0 1
    outer loop
      vertex 6.562229535780962 102.46831416729098 1.0124999999999986
      vertex 6.562229535780962 104.13168583270901 1.0124999999999986
      vertex 6.494263164512564 102.575 1.0124999999999986
    endloop
  endfacet
  facet normal 0 0 1
    outer loop
      vertex 6.562229535780962 102.46831416729098 1.0124999999999986
      vertex 6.639235557477482 102.36795796595452 1.0124999999999986
      vertex 6.639235557477482 104.23204203404548 1.0124999999999986
    endloop
  endfacet
  facet normal 0 0 1
    outer loop
      vertex 6.4358537087968575 102.68720352047599 1.0124999999999986
      vertex 6.494263164512564 102.575 1.0124999999999986
      vertex 6.494263164512564 104.02499999999999 1.0124999999999986
    endloop
  endfacet
  facet normal 0 0 1
    outer loop
      vertex 6.724695167279506 102.2746951672795 1.0124999999999986
      vertex 6.724695167279506 104.32530483272049 1.0124999999999986
      vertex 6.639235557477482 102.36795796595452 1.0124999999999986
    endloop
  endfacet
  facet normal 0 0 1
    outer loop
      vertex 6.305517687766969 103.1736241730159 1.0124999999999986
      vertex 6.322028758132299 103.55178985761705 1.0124999999999986
      vertex 6.305517687766969 103.4263758269841 1.0124999999999986
    endloop
  endfacet
  facet normal 0 0 1
    outer loop
      vertex 6.322028758132299 103.04821014238294 1.0124999999999986
      vertex 6.3494075518808515 103.67528761539866 1.0124999999999986
      vertex 6.322028758132299 103.55178985761705 1.0124999999999986
    endloop
  endfacet
  facet normal 0 0 1
    outer loop
      vertex 6.3494075518808515 102.92471238460134 1.0124999999999986
      vertex 6.387445699860432 103.79592920782221 1.0124999999999986
      vertex 6.3494075518808515 103.67528761539866 1.0124999999999986
    endloop
  endfacet
  facet normal 0 0 1
    outer loop
      vertex 6.387445699860432 102.80407079217778 1.0124999999999986
      vertex 6.4358537087968575 103.912796479524 1.0124999999999986
      vertex 6.387445699860432 103.79592920782221 1.0124999999999986
    endloop
  endfacet
  facet normal 0 0 1
    outer loop
      vertex 6.4358537087968575 102.68720352047599 1.0124999999999986
      vertex 6.494263164512564 104.02499999999999 1.0124999999999986
      vertex 6.4358537087968575 103.912796479524 1.0124999999999986
    endloop
  endfacet
  facet normal 0 0 1
    outer loop
      vertex 6.494263164512564 102.575 1.0124999999999986
      vertex 6.562229535780962 104.13168583270901 1.0124999999999986
      vertex 6.494263164512564 104.02499999999999 1.0124999999999986
    endloop
  endfacet
  facet normal 0 0 1
    outer loop
      vertex 6.562229535780962 102.46831416729098 1.0124999999999986
      vertex 6.639235557477482 104.23204203404548 1.0124999999999986
      vertex 6.562229535780962 104.13168583270901 1.0124999999999986
    endloop
  endfacet
  facet normal 0 0 1
    outer loop
      vertex 6.639235557477482 102.36795796595452 1.0124999999999986
      vertex 6.724695167279506 104.32530483272049 1.0124999999999986
      vertex 6.639235557477482 104.23204203404548 1.0124999999999986
    endloop
  endfacet
  facet normal 0 0 1
    outer loop
      vertex 6.724695167279506 102.2746951672795 1.0124999999999986
      vertex 6.817957965954518 104.41076444252252 1.0124999999999986
      vertex 6.724695167279506 104.32530483272049 1.0124999999999986
    endloop
  endfacet
  facet normal 0 0 1
    outer loop
      vertex 6.817957965954518 102.18923555747747 1.0124999999999986
      vertex 6.918314167290983 104.48777046421904 1.0124999999999986
      vertex 6.817957965954518 104.41076444252252 1.0124999999999986
    endloop
  endfacet
  facet normal 0 0 1
    outer loop
      vertex 6.918314167290983 102.11222953578095 1.0124999999999986
      vertex 7.025 104.55573683548744 1.0124999999999986
      vertex 6.918314167290983 104.48777046421904 1.0124999999999986
    endloop
  endfacet
  facet normal 0 0 1
    outer loop
      vertex 7.025 102.04426316451256 1.0124999999999986
      vertex 7.137203520475985 104.61414629120314 1.0124999999999986
      vertex 7.025 104.55573683548744 1.0124999999999986
    endloop
  endfacet
  facet normal 0 0 1
    outer loop
      vertex 7.137203520475985 101.98585370879685 1.0124999999999986
      vertex 7.254070792177781 104.66255430013956 1.0124999999999986
      vertex 7.137203520475985 104.61414629120314 1.0124999999999986
    endloop
  endfacet
  facet normal 0 0 1
    outer loop
      vertex 7.254070792177781 101.93744569986043 1.0124999999999986
      vertex 7.374712384601345 104.70059244811915 1.0124999999999986
      vertex 7.254070792177781 104.66255430013956 1.0124999999999986
    endloop
  endfacet
  facet normal 0 0 1
    outer loop
      vertex 7.374712384601345 101.89940755188084 1.0124999999999986
      vertex 7.498210142382951 104.72797124186769 1.0124999999999986
      vertex 7.374712384601345 104.70059244811915 1.0124999999999986
    endloop
  endfacet
  facet normal 0 0 1
    outer loop
      vertex 7.498210142382951 101.8720287581323 1.0124999999999986
      vertex 7.623624173015895 104.74448231223303 1.0124999999999986
      vertex 7.498210142382951 104.72797124186769 1.0124999999999986
    endloop
  endfacet
  facet normal 0 0 1
    outer loop
      vertex 7.623624173015895 101.85551768776696 1.0124999999999986
      vertex 7.75 104.75 1.0124999999999986
      vertex 7.623624173015895 104.74448231223303 1.0124999999999986
    endloop
  endfacet
  facet normal 0 0 1
    outer loop
      vertex 7.75 101.85 1.0124999999999986
      vertex 7.876375826984105 104.74448231223303 1.0124999999999986
      vertex 7.75 104.75 1.0124999999999986
    endloop
  endfacet
  facet normal 0 0 1
    outer loop
      vertex 7.876375826984105 101.85551768776696 1.0124999999999986
      vertex 8.001789857617048 104.72797124186769 1.0124999999999986
      vertex 7.876375826984105 104.74448231223303 1.0124999999999986
    endloop
  endfacet
  facet normal 0.6755902076156838 0.7372773368101024 1.1865654613580405e-18
    outer loop
      vertex 6.724695167279506 102.2746951672795 1.0124999999999986
      vertex 6.817957965954518 102.18923555747747 4.700000000000001
      vertex 6.817957965954518 102.18923555747747 1.0124999999999986
    endloop
  endfacet
  facet normal 0.7372773368101299 0.6755902076156539 0
    outer loop
      vertex 6.724695167279506 102.2746951672795 1.0124999999999986
      vertex 6.639235557477482 102.36795796595452 1.0124999999999986
      vertex 6.724695167279506 102.2746951672795 4.700000000000001
    endloop
  endfacet
  facet normal 0.7933533402912406 0.6087614290087136 8.055298278749555e-19
    outer loop
      vertex 6.562229535780962 102.46831416729098 1.0124999999999986
      vertex 6.639235557477482 102.36795796595452 4.700000000000001
      vertex 6.639235557477482 102.36795796595452 1.0124999999999986
    endloop
  endfacet
  facet normal 0.8433914458128883 0.5372996083468197 0
    outer loop
      vertex 6.562229535780962 102.46831416729098 1.0124999999999986
      vertex 6.494263164512564 102.575 1.0124999999999986
      vertex 6.562229535780962 102.46831416729098 4.700000000000001
    endloop
  endfacet
  facet normal 0.9238795325112834 0.382683432365098 0
    outer loop
      vertex 6.4358537087968575 102.68720352047599 1.0124999999999986
      vertex 6.387445699860432 102.80407079217778 1.0124999999999986
      vertex 6.4358537087968575 102.68720352047599 4.700000000000001
    endloop
  endfacet
  facet normal 0.9537169507482209 0.3007057995042922 2.936744976817331e-20
    outer loop
      vertex 6.3494075518808515 102.92471238460134 1.0124999999999986
      vertex 6.387445699860432 102.80407079217778 4.700000000000001
      vertex 6.387445699860432 102.80407079217778 1.0124999999999986
    endloop
  endfacet
  facet normal 0.887010833178224 0.4617486132350296 9.295602770052683e-19
    outer loop
      vertex 6.4358537087968575 102.68720352047599 1.0124999999999986
      vertex 6.494263164512564 102.575 4.700000000000001
      vertex 6.494263164512564 102.575 1.0124999999999986
    endloop
  endfacet
  facet normal 0.9762960071199335 0.21643961393810265 0
    outer loop
      vertex 6.3494075518808515 102.92471238460134 1.0124999999999986
      vertex 6.322028758132299 103.04821014238294 1.0124999999999986
      vertex 6.3494075518808515 102.92471238460134 4.700000000000001
    endloop
  endfacet
  facet normal 0.9914448613738109 0.1305261922200476 0
    outer loop
      vertex 6.322028758132299 103.04821014238294 1.0124999999999986
      vertex 6.305517687766969 103.1736241730159 1.0124999999999986
      vertex 6.322028758132299 103.04821014238294 4.700000000000001
    endloop
  endfacet
  facet normal 0.9990482215818578 0.0436193873653364 0
    outer loop
      vertex 6.305517687766969 103.1736241730159 1.0124999999999986
      vertex 6.3 103.3 1.0124999999999986
      vertex 6.305517687766969 103.1736241730159 4.700000000000001
    endloop
  endfacet
  facet normal 0.9990482215818578 -0.0436193873653364 0
    outer loop
      vertex 6.3 103.3 1.0124999999999986
      vertex 6.305517687766969 103.4263758269841 1.0124999999999986
      vertex 6.3 103.3 4.700000000000001
    endloop
  endfacet
  facet normal 0.9914448613738109 -0.1305261922200476 0
    outer loop
      vertex 6.305517687766969 103.4263758269841 1.0124999999999986
      vertex 6.322028758132299 103.55178985761705 1.0124999999999986
      vertex 6.305517687766969 103.4263758269841 4.700000000000001
    endloop
  endfacet
  facet normal 0.9762960071199335 -0.21643961393810265 0
    outer loop
      vertex 6.322028758132299 103.55178985761705 1.0124999999999986
      vertex 6.3494075518808515 103.67528761539866 1.0124999999999986
      vertex 6.322028758132299 103.55178985761705 4.700000000000001
    endloop
  endfacet
  facet normal 0.9537169507482209 -0.3007057995042922 0
    outer loop
      vertex 6.3494075518808515 103.67528761539866 1.0124999999999986
      vertex 6.387445699860432 103.79592920782221 1.0124999999999986
      vertex 6.3494075518808515 103.67528761539866 4.700000000000001
    endloop
  endfacet
  facet normal 0.7372773368101299 0.6755902076156539 0
    outer loop
      vertex 6.639235557477482 102.36795796595452 1.0124999999999986
      vertex 6.639235557477482 102.36795796595452 4.700000000000001
      vertex 6.724695167279506 102.2746951672795 4.700000000000001
    endloop
  endfacet
  facet normal 0.6755902076156838 0.7372773368101024 0
    outer loop
      vertex 6.724695167279506 102.2746951672795 1.0124999999999986
      vertex 6.724695167279506 102.2746951672795 4.700000000000001
      vertex 6.817957965954518 102.18923555747747 4.700000000000001
    endloop
  endfacet
  facet normal 0.608761429008716 0.7933533402912388 0
    outer loop
      vertex 6.817957965954518 102.18923555747747 1.0124999999999986
      vertex 6.817957965954518 102.18923555747747 4.700000000000001
      vertex 6.918314167290983 102.11222953578095 4.700000000000001
    endloop
  endfacet
  facet normal 0.7933533402912406 0.6087614290087136 0
    outer loop
      vertex 6.562229535780962 102.46831416729098 1.0124999999999986
      vertex 6.562229535780962 102.46831416729098 4.700000000000001
      vertex 6.639235557477482 102.36795796595452 4.700000000000001
    endloop
  endfacet
  facet normal 0.8433914458128883 0.5372996083468197 0
    outer loop
      vertex 6.494263164512564 102.575 1.0124999999999986
      vertex 6.494263164512564 102.575 4.700000000000001
      vertex 6.562229535780962 102.46831416729098 4.700000000000001
    endloop
  endfacet
  facet normal 0.9238795325112834 0.382683432365098 0
    outer loop
      vertex 6.387445699860432 102.80407079217778 1.0124999999999986
      vertex 6.387445699860432 102.80407079217778 4.700000000000001
      vertex 6.4358537087968575 102.68720352047599 4.700000000000001
    endloop
  endfacet
  facet normal 0.9537169507482209 0.3007057995042922 0
    outer loop
      vertex 6.3494075518808515 102.92471238460134 1.0124999999999986
      vertex 6.3494075518808515 102.92471238460134 4.700000000000001
      vertex 6.387445699860432 102.80407079217778 4.700000000000001
    endloop
  endfacet
  facet normal 0.887010833178224 0.4617486132350296 0
    outer loop
      vertex 6.4358537087968575 102.68720352047599 1.0124999999999986
      vertex 6.4358537087968575 102.68720352047599 4.700000000000001
      vertex 6.494263164512564 102.575 4.700000000000001
    endloop
  endfacet
  facet normal 0.9762960071199335 0.21643961393810265 0
    outer loop
      vertex 6.322028758132299 103.04821014238294 1.0124999999999986
      vertex 6.322028758132299 103.04821014238294 4.700000000000001
      vertex 6.3494075518808515 102.92471238460134 4.700000000000001
    endloop
  endfacet
  facet normal 0.9914448613738109 0.1305261922200476 0
    outer loop
      vertex 6.305517687766969 103.1736241730159 1.0124999999999986
      vertex 6.305517687766969 103.1736241730159 4.700000000000001
      vertex 6.322028758132299 103.04821014238294 4.700000000000001
    endloop
  endfacet
  facet normal 0.9990482215818578 0.0436193873653364 0
    outer loop
      vertex 6.3 103.3 1.0124999999999986
      vertex 6.3 103.3 4.700000000000001
      vertex 6.305517687766969 103.1736241730159 4.700000000000001
    endloop
  endfacet
  facet normal 0.9990482215818578 -0.0436193873653364 0
    outer loop
      vertex 6.305517687766969 103.4263758269841 1.0124999999999986
      vertex 6.305517687766969 103.4263758269841 4.700000000000001
      vertex 6.3 103.3 4.700000000000001
    endloop
  endfacet
  facet normal 0.9914448613738109 -0.1305261922200476 0
    outer loop
      vertex 6.322028758132299 103.55178985761705 1.0124999999999986
      vertex 6.322028758132299 103.55178985761705 4.700000000000001
      vertex 6.305517687766969 103.4263758269841 4.700000000000001
    endloop
  endfacet
  facet normal 0.9762960071199335 -0.21643961393810265 0
    outer loop
      vertex 6.3494075518808515 103.67528761539866 1.0124999999999986
      vertex 6.3494075518808515 103.67528761539866 4.700000000000001
      vertex 6.322028758132299 103.55178985761705 4.700000000000001
    endloop
  endfacet
  facet normal 0.9537169507482209 -0.3007057995042922 0
    outer loop
      vertex 6.387445699860432 103.79592920782221 1.0124999999999986
      vertex 6.387445699860432 103.79592920782221 4.700000000000001
      vertex 6.3494075518808515 103.67528761539866 4.700000000000001
    endloop
  endfacet
  facet normal 0.9238795325112834 -0.382683432365098 0
    outer loop
      vertex 6.387445699860432 103.79592920782221 1.0124999999999986
      vertex 6.4358537087968575 103.912796479524 1.0124999999999986
      vertex 6.387445699860432 103.79592920782221 4.700000000000001
    endloop
  endfacet
  facet normal 0.887010833178224 -0.4617486132350296 0
    outer loop
      vertex 6.4358537087968575 103.912796479524 1.0124999999999986
      vertex 6.494263164512564 104.02499999999999 1.0124999999999986
      vertex 6.4358537087968575 103.912796479524 4.700000000000001
    endloop
  endfacet
  facet normal 0.8433914458128883 -0.5372996083468197 0
    outer loop
      vertex 6.494263164512564 104.02499999999999 1.0124999999999986
      vertex 6.562229535780962 104.13168583270901 1.0124999999999986
      vertex 6.494263164512564 104.02499999999999 4.700000000000001
    endloop
  endfacet
  facet normal 0.7933533402912406 -0.6087614290087136 0
    outer loop
      vertex 6.562229535780962 104.13168583270901 1.0124999999999986
      vertex 6.639235557477482 104.23204203404548 1.0124999999999986
      vertex 6.562229535780962 104.13168583270901 4.700000000000001
    endloop
  endfacet
  facet normal 0.7372773368101299 -0.6755902076156539 0
    outer loop
      vertex 6.639235557477482 104.23204203404548 1.0124999999999986
      vertex 6.724695167279506 104.32530483272049 1.0124999999999986
      vertex 6.639235557477482 104.23204203404548 4.700000000000001
    endloop
  endfacet
  facet normal 0.6755902076156838 -0.7372773368101024 0
    outer loop
      vertex 6.724695167279506 104.32530483272049 1.0124999999999986
      vertex 6.817957965954518 104.41076444252252 1.0124999999999986
      vertex 6.724695167279506 104.32530483272049 4.700000000000001
    endloop
  endfacet
  facet normal 0.608761429008716 -0.7933533402912388 0
    outer loop
      vertex 6.817957965954518 104.41076444252252 1.0124999999999986
      vertex 6.918314167290983 104.48777046421904 1.0124999999999986
      vertex 6.817957965954518 104.41076444252252 4.700000000000001
    endloop
  endfacet
  facet normal 0.5372996083468211 -0.8433914458128875 0
    outer loop
      vertex 6.918314167290983 104.48777046421904 1.0124999999999986
      vertex 7.025 104.55573683548744 1.0124999999999986
      vertex 6.918314167290983 104.48777046421904 4.700000000000001
    endloop
  endfacet
  facet normal 0.46174861323502425 -0.8870108331782267 0
    outer loop
      vertex 7.025 104.55573683548744 1.0124999999999986
      vertex 7.137203520475985 104.61414629120314 1.0124999999999986
      vertex 7.025 104.55573683548744 4.700000000000001
    endloop
  endfacet
  facet normal 0.3826834323650546 -0.9238795325113013 0
    outer loop
      vertex 7.137203520475985 104.61414629120314 1.0124999999999986
      vertex 7.254070792177781 104.66255430013956 1.0124999999999986
      vertex 7.137203520475985 104.61414629120314 4.700000000000001
    endloop
  endfacet
  facet normal 0.3007057995043426 -0.953716950748205 0
    outer loop
      vertex 7.254070792177781 104.66255430013956 1.0124999999999986
      vertex 7.374712384601345 104.70059244811915 1.0124999999999986
      vertex 7.254070792177781 104.66255430013956 4.700000000000001
    endloop
  endfacet
  facet normal 0.21643961393800373 -0.9762960071199553 0
    outer loop
      vertex 7.374712384601345 104.70059244811915 1.0124999999999986
      vertex 7.498210142382951 104.72797124186769 1.0124999999999986
      vertex 7.374712384601345 104.70059244811915 4.700000000000001
    endloop
  endfacet
  facet normal 0.13052619222013262 -0.9914448613737997 0
    outer loop
      vertex 7.498210142382951 104.72797124186769 1.0124999999999986
      vertex 7.623624173015895 104.74448231223303 1.0124999999999986
      vertex 7.498210142382951 104.72797124186769 4.700000000000001
    endloop
  endfacet
  facet normal 0.04361938736532848 -0.9990482215818581 0
    outer loop
      vertex 7.623624173015895 104.74448231223303 1.0124999999999986
      vertex 7.75 104.75 1.0124999999999986
      vertex 7.623624173015895 104.74448231223303 4.700000000000001
    endloop
  endfacet
  facet normal -0.04361938736532848 -0.9990482215818581 0
    outer loop
      vertex 7.75 104.75 1.0124999999999986
      vertex 7.876375826984105 104.74448231223303 1.0124999999999986
      vertex 7.75 104.75 4.700000000000001
    endloop
  endfacet
  facet normal -0.13052619222013354 -0.9914448613737997 0
    outer loop
      vertex 7.876375826984105 104.74448231223303 1.0124999999999986
      vertex 8.001789857617048 104.72797124186769 1.0124999999999986
      vertex 7.876375826984105 104.74448231223303 4.700000000000001
    endloop
  endfacet
  facet normal 0.9238795325112834 -0.382683432365098 0
    outer loop
      vertex 6.4358537087968575 103.912796479524 1.0124999999999986
      vertex 6.4358537087968575 103.912796479524 4.700000000000001
      vertex 6.387445699860432 103.79592920782221 4.700000000000001
    endloop
  endfacet
  facet normal 0.887010833178224 -0.4617486132350296 0
    outer loop
      vertex 6.494263164512564 104.02499999999999 1.0124999999999986
      vertex 6.494263164512564 104.02499999999999 4.700000000000001
      vertex 6.4358537087968575 103.912796479524 4.700000000000001
    endloop
  endfacet
  facet normal 0.8433914458128883 -0.5372996083468197 0
    outer loop
      vertex 6.562229535780962 104.13168583270901 1.0124999999999986
      vertex 6.562229535780962 104.13168583270901 4.700000000000001
      vertex 6.494263164512564 104.02499999999999 4.700000000000001
    endloop
  endfacet
  facet normal 0.7933533402912406 -0.6087614290087136 0
    outer loop
      vertex 6.639235557477482 104.23204203404548 1.0124999999999986
      vertex 6.639235557477482 104.23204203404548 4.700000000000001
      vertex 6.562229535780962 104.13168583270901 4.700000000000001
    endloop
  endfacet
  facet normal 0.7372773368101299 -0.6755902076156539 0
    outer loop
      vertex 6.724695167279506 104.32530483272049 1.0124999999999986
      vertex 6.724695167279506 104.32530483272049 4.700000000000001
      vertex 6.639235557477482 104.23204203404548 4.700000000000001
    endloop
  endfacet
  facet normal 0.6755902076156838 -0.7372773368101024 0
    outer loop
      vertex 6.817957965954518 104.41076444252252 1.0124999999999986
      vertex 6.817957965954518 104.41076444252252 4.700000000000001
      vertex 6.724695167279506 104.32530483272049 4.700000000000001
    endloop
  endfacet
  facet normal 0.608761429008716 -0.7933533402912388 0
    outer loop
      vertex 6.918314167290983 104.48777046421904 1.0124999999999986
      vertex 6.918314167290983 104.48777046421904 4.700000000000001
      vertex 6.817957965954518 104.41076444252252 4.700000000000001
    endloop
  endfacet
  facet normal 0.5372996083468211 -0.8433914458128875 0
    outer loop
      vertex 7.025 104.55573683548744 1.0124999999999986
      vertex 7.025 104.55573683548744 4.700000000000001
      vertex 6.918314167290983 104.48777046421904 4.700000000000001
    endloop
  endfacet
  facet normal 0.46174861323502425 -0.8870108331782267 0
    outer loop
      vertex 7.137203520475985 104.61414629120314 1.0124999999999986
      vertex 7.137203520475985 104.61414629120314 4.700000000000001
      vertex 7.025 104.55573683548744 4.700000000000001
    endloop
  endfacet
  facet normal 0.3826834323650546 -0.9238795325113013 0
    outer loop
      vertex 7.254070792177781 104.66255430013956 1.0124999999999986
      vertex 7.254070792177781 104.66255430013956 4.700000000000001
      vertex 7.137203520475985 104.61414629120314 4.700000000000001
    endloop
  endfacet
  facet normal 0.3007057995043426 -0.953716950748205 0
    outer loop
      vertex 7.374712384601345 104.70059244811915 1.0124999999999986
      vertex 7.374712384601345 104.70059244811915 4.700000000000001
      vertex 7.254070792177781 104.66255430013956 4.700000000000001
    endloop
  endfacet
  facet normal 0.21643961393800373 -0.9762960071199553 0
    outer loop
      vertex 7.498210142382951 104.72797124186769 1.0124999999999986
      vertex 7.498210142382951 104.72797124186769 4.700000000000001
      vertex 7.374712384601345 104.70059244811915 4.700000000000001
    endloop
  endfacet
  facet normal 0.13052619222013262 -0.9914448613737997 0
    outer loop
      vertex 7.623624173015895 104.74448231223303 1.0124999999999986
      vertex 7.623624173015895 104.74448231223303 4.700000000000001
      vertex 7.498210142382951 104.72797124186769 4.700000000000001
    endloop
  endfacet
  facet normal 0.04361938736532848 -0.9990482215818581 0
    outer loop
      vertex 7.75 104.75 1.0124999999999986
      vertex 7.75 104.75 4.700000000000001
      vertex 7.623624173015895 104.74448231223303 4.700000000000001
    endloop
  endfacet
  facet normal -0.04361938736532848 -0.9990482215818581 0
    outer loop
      vertex 7.876375826984105 104.74448231223303 1.0124999999999986
      vertex 7.876375826984105 104.74448231223303 4.700000000000001
      vertex 7.75 104.75 4.700000000000001
    endloop
  endfacet
  facet normal -0.13052619222013354 0.9914448613737997 4.646929919837592e-19
    outer loop
      vertex 7.876375826984105 101.85551768776696 1.0124999999999986
      vertex 8.001789857617048 101.8720287581323 4.700000000000001
      vertex 8.001789857617048 101.8720287581323 1.0124999999999986
    endloop
  endfacet
  facet normal -0.21643961393800226 0.9762960071199557 3.165405269290551e-19
    outer loop
      vertex 8.001789857617048 101.8720287581323 1.0124999999999986
      vertex 8.125287615398655 101.89940755188084 4.700000000000001
      vertex 8.125287615398655 101.89940755188084 1.0124999999999986
    endloop
  endfacet
  facet normal -0.3007057995043406 0.9537169507482056 -4.779156733536632e-19
    outer loop
      vertex 8.125287615398655 101.89940755188084 1.0124999999999986
      vertex 8.24592920782222 101.93744569986043 4.700000000000001
      vertex 8.24592920782222 101.93744569986043 1.0124999999999986
    endloop
  endfacet
  facet normal -0.38268343236505703 0.9238795325113003 -1.7402677964978881e-19
    outer loop
      vertex 8.24592920782222 101.93744569986043 1.0124999999999986
      vertex 8.362796479524015 101.98585370879685 4.700000000000001
      vertex 8.362796479524015 101.98585370879685 1.0124999999999986
    endloop
  endfacet
  facet normal -0.46174861323502425 0.8870108331782267 1.5753566820004606e-19
    outer loop
      vertex 8.362796479524015 101.98585370879685 1.0124999999999986
      vertex 8.475 102.04426316451256 4.700000000000001
      vertex 8.475 102.04426316451256 1.0124999999999986
    endloop
  endfacet
  facet normal -0.5372996083468211 0.8433914458128875 -3.8810289470923036e-19
    outer loop
      vertex 8.475 102.04426316451256 1.0124999999999986
      vertex 8.581685832709017 102.11222953578095 4.700000000000001
      vertex 8.581685832709017 102.11222953578095 1.0124999999999986
    endloop
  endfacet
  facet normal -0.21643961393800226 0.9762960071199557 0
    outer loop
      vertex 8.001789857617048 101.8720287581323 1.0124999999999986
      vertex 8.001789857617048 101.8720287581323 4.700000000000001
      vertex 8.125287615398655 101.89940755188084 4.700000000000001
    endloop
  endfacet
  facet normal -0.3007057995043406 0.9537169507482056 0
    outer loop
      vertex 8.125287615398655 101.89940755188084 1.0124999999999986
      vertex 8.125287615398655 101.89940755188084 4.700000000000001
      vertex 8.24592920782222 101.93744569986043 4.700000000000001
    endloop
  endfacet
  facet normal -0.38268343236505703 0.9238795325113003 0
    outer loop
      vertex 8.24592920782222 101.93744569986043 1.0124999999999986
      vertex 8.24592920782222 101.93744569986043 4.700000000000001
      vertex 8.362796479524015 101.98585370879685 4.700000000000001
    endloop
  endfacet
  facet normal -0.46174861323502425 0.8870108331782267 0
    outer loop
      vertex 8.362796479524015 101.98585370879685 1.0124999999999986
      vertex 8.362796479524015 101.98585370879685 4.700000000000001
      vertex 8.475 102.04426316451256 4.700000000000001
    endloop
  endfacet
  facet normal -0.5372996083468211 0.8433914458128875 0
    outer loop
      vertex 8.475 102.04426316451256 1.0124999999999986
      vertex 8.475 102.04426316451256 4.700000000000001
      vertex 8.581685832709017 102.11222953578095 4.700000000000001
    endloop
  endfacet
  facet normal -0.608761429008716 0.7933533402912388 0
    outer loop
      vertex 8.581685832709017 102.11222953578095 1.0124999999999986
      vertex 8.581685832709017 102.11222953578095 4.700000000000001
      vertex 8.682042034045482 102.18923555747747 4.700000000000001
    endloop
  endfacet
  facet normal 0 0 1
    outer loop
      vertex 7.876375826984105 101.85551768776696 1.0124999999999986
      vertex 8.001789857617048 101.8720287581323 1.0124999999999986
      vertex 8.001789857617048 104.72797124186769 1.0124999999999986
    endloop
  endfacet
  facet normal 0 0 1
    outer loop
      vertex 8.001789857617048 101.8720287581323 1.0124999999999986
      vertex 8.125287615398655 101.89940755188084 1.0124999999999986
      vertex 8.125287615398655 104.70059244811915 1.0124999999999986
    endloop
  endfacet
  facet normal 0 0 1
    outer loop
      vertex 8.125287615398655 101.89940755188084 1.0124999999999986
      vertex 8.24592920782222 101.93744569986043 1.0124999999999986
      vertex 8.24592920782222 104.66255430013956 1.0124999999999986
    endloop
  endfacet
  facet normal 0 0 1
    outer loop
      vertex 8.24592920782222 101.93744569986043 1.0124999999999986
      vertex 8.362796479524015 101.98585370879685 1.0124999999999986
      vertex 8.362796479524015 104.61414629120314 1.0124999999999986
    endloop
  endfacet
  facet normal 0 0 1
    outer loop
      vertex 8.362796479524015 101.98585370879685 1.0124999999999986
      vertex 8.475 102.04426316451256 1.0124999999999986
      vertex 8.475 104.55573683548744 1.0124999999999986
    endloop
  endfacet
  facet normal 0 0 1
    outer loop
      vertex 8.475 102.04426316451256 1.0124999999999986
      vertex 8.581685832709017 102.11222953578095 1.0124999999999986
      vertex 8.581685832709017 104.48777046421904 1.0124999999999986
    endloop
  endfacet
  facet normal 0 0 1
    outer loop
      vertex 8.581685832709017 102.11222953578095 1.0124999999999986
      vertex 8.682042034045482 102.18923555747747 1.0124999999999986
      vertex 8.682042034045482 104.41076444252252 1.0124999999999986
    endloop
  endfacet
  facet normal 0 0 1
    outer loop
      vertex 8.682042034045482 102.18923555747747 1.0124999999999986
      vertex 8.775304832720494 102.2746951672795 1.0124999999999986
      vertex 8.775304832720494 104.32530483272049 1.0124999999999986
    endloop
  endfacet
  facet normal 0 0 1
    outer loop
      vertex 8.775304832720494 102.2746951672795 1.0124999999999986
      vertex 8.860764442522518 102.36795796595452 1.0124999999999986
      vertex 8.860764442522518 104.23204203404548 1.0124999999999986
    endloop
  endfacet
  facet normal 0 0 1
    outer loop
      vertex 8.860764442522518 102.36795796595452 1.0124999999999986
      vertex 8.937770464219039 102.46831416729098 1.0124999999999986
      vertex 8.937770464219039 104.13168583270901 1.0124999999999986
    endloop
  endfacet
  facet normal 0 0 1
    outer loop
      vertex 8.001789857617048 101.8720287581323 1.0124999999999986
      vertex 8.125287615398655 104.70059244811915 1.0124999999999986
      vertex 8.001789857617048 104.72797124186769 1.0124999999999986
    endloop
  endfacet
  facet normal 0 0 1
    outer loop
      vertex 8.125287615398655 101.89940755188084 1.0124999999999986
      vertex 8.24592920782222 104.66255430013956 1.0124999999999986
      vertex 8.125287615398655 104.70059244811915 1.0124999999999986
    endloop
  endfacet
  facet normal 0 0 1
    outer loop
      vertex 8.24592920782222 101.93744569986043 1.0124999999999986
      vertex 8.362796479524015 104.61414629120314 1.0124999999999986
      vertex 8.24592920782222 104.66255430013956 1.0124999999999986
    endloop
  endfacet
  facet normal 0 0 1
    outer loop
      vertex 8.362796479524015 101.98585370879685 1.0124999999999986
      vertex 8.475 104.55573683548744 1.0124999999999986
      vertex 8.362796479524015 104.61414629120314 1.0124999999999986
    endloop
  endfacet
  facet normal 0 0 1
    outer loop
      vertex 8.581685832709017 102.11222953578095 1.0124999999999986
      vertex 8.682042034045482 104.41076444252252 1.0124999999999986
      vertex 8.581685832709017 104.48777046421904 1.0124999999999986
    endloop
  endfacet
  facet normal 0 0 1
    outer loop
      vertex 8.475 102.04426316451256 1.0124999999999986
      vertex 8.581685832709017 104.48777046421904 1.0124999999999986
      vertex 8.475 104.55573683548744 1.0124999999999986
    endloop
  endfacet
  facet normal 0 0 1
    outer loop
      vertex 8.682042034045482 102.18923555747747 1.0124999999999986
      vertex 8.775304832720494 104.32530483272049 1.0124999999999986
      vertex 8.682042034045482 104.41076444252252 1.0124999999999986
    endloop
  endfacet
  facet normal 0 0 1
    outer loop
      vertex 8.775304832720494 102.2746951672795 1.0124999999999986
      vertex 8.860764442522518 104.23204203404548 1.0124999999999986
      vertex 8.775304832720494 104.32530483272049 1.0124999999999986
    endloop
  endfacet
  facet normal 0 0 1
    outer loop
      vertex 8.860764442522518 102.36795796595452 1.0124999999999986
      vertex 8.937770464219039 104.13168583270901 1.0124999999999986
      vertex 8.860764442522518 104.23204203404548 1.0124999999999986
    endloop
  endfacet
  facet normal 0 0 1
    outer loop
      vertex 8.937770464219039 102.46831416729098 1.0124999999999986
      vertex 9.005736835487436 102.575 1.0124999999999986
      vertex 9.005736835487436 104.02499999999999 1.0124999999999986
    endloop
  endfacet
  facet normal 0 0 1
    outer loop
      vertex 9.005736835487436 102.575 1.0124999999999986
      vertex 9.064146291203143 102.68720352047599 1.0124999999999986
      vertex 9.064146291203143 103.912796479524 1.0124999999999986
    endloop
  endfacet
  facet normal 0 0 1
    outer loop
      vertex 9.064146291203143 102.68720352047599 1.0124999999999986
      vertex 9.112554300139568 102.80407079217778 1.0124999999999986
      vertex 9.112554300139568 103.79592920782221 1.0124999999999986
    endloop
  endfacet
  facet normal 0 0 1
    outer loop
      vertex 9.112554300139568 102.80407079217778 1.0124999999999986
      vertex 9.150592448119149 102.92471238460134 1.0124999999999986
      vertex 9.150592448119149 103.67528761539866 1.0124999999999986
    endloop
  endfacet
  facet normal 0 0 1
    outer loop
      vertex 9.150592448119149 102.92471238460134 1.0124999999999986
      vertex 9.177971241867702 103.04821014238294 1.0124999999999986
      vertex 9.177971241867702 103.55178985761705 1.0124999999999986
    endloop
  endfacet
  facet normal 0 0 1
    outer loop
      vertex 9.177971241867702 103.04821014238294 1.0124999999999986
      vertex 9.194482312233031 103.1736241730159 1.0124999999999986
      vertex 9.194482312233031 103.4263758269841 1.0124999999999986
    endloop
  endfacet
  facet normal 0 0 1
    outer loop
      vertex 9.194482312233031 103.1736241730159 1.0124999999999986
      vertex 9.2 103.3 1.0124999999999986
      vertex 9.194482312233031 103.4263758269841 1.0124999999999986
    endloop
  endfacet
  facet normal 0 0 1
    outer loop
      vertex 9.177971241867702 103.04821014238294 1.0124999999999986
      vertex 9.194482312233031 103.4263758269841 1.0124999999999986
      vertex 9.177971241867702 103.55178985761705 1.0124999999999986
    endloop
  endfacet
  facet normal 0 0 1
    outer loop
      vertex 9.150592448119149 102.92471238460134 1.0124999999999986
      vertex 9.177971241867702 103.55178985761705 1.0124999999999986
      vertex 9.150592448119149 103.67528761539866 1.0124999999999986
    endloop
  endfacet
  facet normal 0 0 1
    outer loop
      vertex 9.064146291203143 102.68720352047599 1.0124999999999986
      vertex 9.112554300139568 103.79592920782221 1.0124999999999986
      vertex 9.064146291203143 103.912796479524 1.0124999999999986
    endloop
  endfacet
  facet normal 0 0 1
    outer loop
      vertex 9.112554300139568 102.80407079217778 1.0124999999999986
      vertex 9.150592448119149 103.67528761539866 1.0124999999999986
      vertex 9.112554300139568 103.79592920782221 1.0124999999999986
    endloop
  endfacet
  facet normal 0 0 1
    outer loop
      vertex 9.005736835487436 102.575 1.0124999999999986
      vertex 9.064146291203143 103.912796479524 1.0124999999999986
      vertex 9.005736835487436 104.02499999999999 1.0124999999999986
    endloop
  endfacet
  facet normal 0 0 1
    outer loop
      vertex 8.937770464219039 102.46831416729098 1.0124999999999986
      vertex 9.005736835487436 104.02499999999999 1.0124999999999986
      vertex 8.937770464219039 104.13168583270901 1.0124999999999986
    endloop
  endfacet
  facet normal -0.608761429008716 0.7933533402912388 1.742606385670007e-19
    outer loop
      vertex 8.581685832709017 102.11222953578095 1.0124999999999986
      vertex 8.682042034045482 102.18923555747747 4.700000000000001
      vertex 8.682042034045482 102.18923555747747 1.0124999999999986
    endloop
  endfacet
  facet normal -0.6755902076156838 0.7372773368101024 -1.1865654613580405e-18
    outer loop
      vertex 8.682042034045482 102.18923555747747 1.0124999999999986
      vertex 8.775304832720494 102.2746951672795 4.700000000000001
      vertex 8.775304832720494 102.2746951672795 1.0124999999999986
    endloop
  endfacet
  facet normal -0.7372773368101299 0.6755902076156539 -1.1593319134418486e-18
    outer loop
      vertex 8.775304832720494 102.2746951672795 1.0124999999999986
      vertex 8.860764442522518 102.36795796595452 4.700000000000001
      vertex 8.860764442522518 102.36795796595452 1.0124999999999986
    endloop
  endfacet
  facet normal -0.7933533402912372 0.608761429008718 6.165050653230181e-19
    outer loop
      vertex 8.860764442522518 102.36795796595452 1.0124999999999986
      vertex 8.937770464219039 102.46831416729098 4.700000000000001
      vertex 8.937770464219039 102.46831416729098 1.0124999999999986
    endloop
  endfacet
  facet normal -0.8433914458128915 0.5372996083468147 -2.526631789659796e-20
    outer loop
      vertex 8.937770464219039 102.46831416729098 1.0124999999999986
      vertex 9.005736835487436 102.575 4.700000000000001
      vertex 9.005736835487436 102.575 1.0124999999999986
    endloop
  endfacet
  facet normal -0.887010833178224 0.4617486132350296 -9.295602770052683e-19
    outer loop
      vertex 9.005736835487436 102.575 1.0124999999999986
      vertex 9.064146291203143 102.68720352047599 4.700000000000001
      vertex 9.064146291203143 102.68720352047599 1.0124999999999986
    endloop
  endfacet
  facet normal -0.9238795325112834 0.382683432365098 -3.7314874707826735e-19
    outer loop
      vertex 9.064146291203143 102.68720352047599 1.0124999999999986
      vertex 9.112554300139568 102.80407079217778 4.700000000000001
      vertex 9.112554300139568 102.80407079217778 1.0124999999999986
    endloop
  endfacet
  facet normal -0.9537169507482209 0.3007057995042922 -2.936744976817331e-20
    outer loop
      vertex 9.112554300139568 102.80407079217778 1.0124999999999986
      vertex 9.150592448119149 102.92471238460134 4.700000000000001
      vertex 9.150592448119149 102.92471238460134 1.0124999999999986
    endloop
  endfacet
  facet normal -0.9762960071199319 0.21643961393810934 1.0690965388868992e-19
    outer loop
      vertex 9.150592448119149 102.92471238460134 1.0124999999999986
      vertex 9.177971241867702 103.04821014238294 4.700000000000001
      vertex 9.177971241867702 103.04821014238294 1.0124999999999986
    endloop
  endfacet
  facet normal -0.9914448613738118 0.1305261922200407 2.6589298068026003e-19
    outer loop
      vertex 9.177971241867702 103.04821014238294 1.0124999999999986
      vertex 9.194482312233031 103.1736241730159 4.700000000000001
      vertex 9.194482312233031 103.1736241730159 1.0124999999999986
    endloop
  endfacet
  facet normal -0.9990482215818581 0.043619387365329394 -3.5150778327970076e-20
    outer loop
      vertex 9.194482312233031 103.1736241730159 1.0124999999999986
      vertex 9.2 103.3 4.700000000000001
      vertex 9.2 103.3 1.0124999999999986
    endloop
  endfacet
  facet normal -0.9990482215818581 -0.043619387365329394 3.5150778327970076e-20
    outer loop
      vertex 9.2 103.3 1.0124999999999986
      vertex 9.194482312233031 103.4263758269841 4.700000000000001
      vertex 9.194482312233031 103.4263758269841 1.0124999999999986
    endloop
  endfacet
  facet normal -0.9914448613738118 -0.1305261922200407 -2.6589298068026003e-19
    outer loop
      vertex 9.194482312233031 103.4263758269841 1.0124999999999986
      vertex 9.177971241867702 103.55178985761705 4.700000000000001
      vertex 9.177971241867702 103.55178985761705 1.0124999999999986
    endloop
  endfacet
  facet normal -0.9762960071199319 -0.21643961393810934 0
    outer loop
      vertex 9.150592448119149 103.67528761539866 1.0124999999999986
      vertex 9.177971241867702 103.55178985761705 1.0124999999999986
      vertex 9.150592448119149 103.67528761539866 4.700000000000001
    endloop
  endfacet
  facet normal -0.9537169507482209 -0.3007057995042922 2.936744976817331e-20
    outer loop
      vertex 9.150592448119149 103.67528761539866 1.0124999999999986
      vertex 9.112554300139568 103.79592920782221 4.700000000000001
      vertex 9.112554300139568 103.79592920782221 1.0124999999999986
    endloop
  endfacet
  facet normal -0.6755902076156838 0.7372773368101024 0
    outer loop
      vertex 8.682042034045482 102.18923555747747 1.0124999999999986
      vertex 8.682042034045482 102.18923555747747 4.700000000000001
      vertex 8.775304832720494 102.2746951672795 4.700000000000001
    endloop
  endfacet
  facet normal -0.7372773368101299 0.6755902076156539 0
    outer loop
      vertex 8.775304832720494 102.2746951672795 1.0124999999999986
      vertex 8.775304832720494 102.2746951672795 4.700000000000001
      vertex 8.860764442522518 102.36795796595452 4.700000000000001
    endloop
  endfacet
  facet normal -0.7933533402912372 0.608761429008718 0
    outer loop
      vertex 8.860764442522518 102.36795796595452 1.0124999999999986
      vertex 8.860764442522518 102.36795796595452 4.700000000000001
      vertex 8.937770464219039 102.46831416729098 4.700000000000001
    endloop
  endfacet
  facet normal -0.8433914458128915 0.5372996083468147 0
    outer loop
      vertex 8.937770464219039 102.46831416729098 1.0124999999999986
      vertex 8.937770464219039 102.46831416729098 4.700000000000001
      vertex 9.005736835487436 102.575 4.700000000000001
    endloop
  endfacet
  facet normal -0.887010833178224 0.4617486132350296 0
    outer loop
      vertex 9.005736835487436 102.575 1.0124999999999986
      vertex 9.005736835487436 102.575 4.700000000000001
      vertex 9.064146291203143 102.68720352047599 4.700000000000001
    endloop
  endfacet
  facet normal -0.9238795325112834 0.382683432365098 0
    outer loop
      vertex 9.064146291203143 102.68720352047599 1.0124999999999986
      vertex 9.064146291203143 102.68720352047599 4.700000000000001
      vertex 9.112554300139568 102.80407079217778 4.700000000000001
    endloop
  endfacet
  facet normal -0.9537169507482209 0.3007057995042922 0
    outer loop
      vertex 9.112554300139568 102.80407079217778 1.0124999999999986
      vertex 9.112554300139568 102.80407079217778 4.700000000000001
      vertex 9.150592448119149 102.92471238460134 4.700000000000001
    endloop
  endfacet
  facet normal -0.9762960071199319 0.21643961393810934 0
    outer loop
      vertex 9.150592448119149 102.92471238460134 1.0124999999999986
      vertex 9.150592448119149 102.92471238460134 4.700000000000001
      vertex 9.177971241867702 103.04821014238294 4.700000000000001
    endloop
  endfacet
  facet normal -0.9914448613738118 0.1305261922200407 0
    outer loop
      vertex 9.177971241867702 103.04821014238294 1.0124999999999986
      vertex 9.177971241867702 103.04821014238294 4.700000000000001
      vertex 9.194482312233031 103.1736241730159 4.700000000000001
    endloop
  endfacet
  facet normal -0.9990482215818581 0.043619387365329394 0
    outer loop
      vertex 9.194482312233031 103.1736241730159 1.0124999999999986
      vertex 9.194482312233031 103.1736241730159 4.700000000000001
      vertex 9.2 103.3 4.700000000000001
    endloop
  endfacet
  facet normal -0.9990482215818581 -0.043619387365329394 0
    outer loop
      vertex 9.2 103.3 1.0124999999999986
      vertex 9.2 103.3 4.700000000000001
      vertex 9.194482312233031 103.4263758269841 4.700000000000001
    endloop
  endfacet
  facet normal -0.9914448613738118 -0.1305261922200407 0
    outer loop
      vertex 9.194482312233031 103.4263758269841 1.0124999999999986
      vertex 9.194482312233031 103.4263758269841 4.700000000000001
      vertex 9.177971241867702 103.55178985761705 4.700000000000001
    endloop
  endfacet
  facet normal -0.9537169507482209 -0.3007057995042922 0
    outer loop
      vertex 9.150592448119149 103.67528761539866 1.0124999999999986
      vertex 9.150592448119149 103.67528761539866 4.700000000000001
      vertex 9.112554300139568 103.79592920782221 4.700000000000001
    endloop
  endfacet
  facet normal -0.9762960071199319 -0.21643961393810934 0
    outer loop
      vertex 9.177971241867702 103.55178985761705 1.0124999999999986
      vertex 9.177971241867702 103.55178985761705 4.700000000000001
      vertex 9.150592448119149 103.67528761539866 4.700000000000001
    endloop
  endfacet
  facet normal -0.7933533402912372 -0.608761429008718 0
    outer loop
      vertex 8.860764442522518 104.23204203404548 1.0124999999999986
      vertex 8.937770464219039 104.13168583270901 1.0124999999999986
      vertex 8.860764442522518 104.23204203404548 4.700000000000001
    endloop
  endfacet
  facet normal -0.6755902076156838 -0.7372773368101024 0
    outer loop
      vertex 8.682042034045482 104.41076444252252 1.0124999999999986
      vertex 8.775304832720494 104.32530483272049 1.0124999999999986
      vertex 8.682042034045482 104.41076444252252 4.700000000000001
    endloop
  endfacet
  facet normal -0.7372773368101299 -0.6755902076156539 0
    outer loop
      vertex 8.775304832720494 104.32530483272049 1.0124999999999986
      vertex 8.860764442522518 104.23204203404548 1.0124999999999986
      vertex 8.775304832720494 104.32530483272049 4.700000000000001
    endloop
  endfacet
  facet normal -0.608761429008716 -0.7933533402912388 0
    outer loop
      vertex 8.581685832709017 104.48777046421904 1.0124999999999986
      vertex 8.682042034045482 104.41076444252252 1.0124999999999986
      vertex 8.581685832709017 104.48777046421904 4.700000000000001
    endloop
  endfacet
  facet normal -0.5372996083468211 -0.8433914458128875 0
    outer loop
      vertex 8.475 104.55573683548744 1.0124999999999986
      vertex 8.581685832709017 104.48777046421904 1.0124999999999986
      vertex 8.475 104.55573683548744 4.700000000000001
    endloop
  endfacet
  facet normal -0.9238795325112834 -0.382683432365098 3.7314874707826735e-19
    outer loop
      vertex 9.112554300139568 103.79592920782221 1.0124999999999986
      vertex 9.064146291203143 103.912796479524 4.700000000000001
      vertex 9.064146291203143 103.912796479524 1.0124999999999986
    endloop
  endfacet
  facet normal -0.887010833178224 -0.4617486132350296 0
    outer loop
      vertex 9.005736835487436 104.02499999999999 1.0124999999999986
      vertex 9.064146291203143 103.912796479524 1.0124999999999986
      vertex 9.005736835487436 104.02499999999999 4.700000000000001
    endloop
  endfacet
  facet normal -0.8433914458128915 -0.5372996083468147 2.526631789659796e-20
    outer loop
      vertex 9.005736835487436 104.02499999999999 1.0124999999999986
      vertex 8.937770464219039 104.13168583270901 4.700000000000001
      vertex 8.937770464219039 104.13168583270901 1.0124999999999986
    endloop
  endfacet
  facet normal -0.3007057995043406 -0.9537169507482056 0
    outer loop
      vertex 8.125287615398655 104.70059244811915 1.0124999999999986
      vertex 8.24592920782222 104.66255430013956 1.0124999999999986
      vertex 8.125287615398655 104.70059244811915 4.700000000000001
    endloop
  endfacet
  facet normal -0.21643961393800226 -0.9762960071199557 0
    outer loop
      vertex 8.001789857617048 104.72797124186769 1.0124999999999986
      vertex 8.125287615398655 104.70059244811915 1.0124999999999986
      vertex 8.001789857617048 104.72797124186769 4.700000000000001
    endloop
  endfacet
  facet normal -0.38268343236505703 -0.9238795325113003 0
    outer loop
      vertex 8.24592920782222 104.66255430013956 1.0124999999999986
      vertex 8.362796479524015 104.61414629120314 1.0124999999999986
      vertex 8.24592920782222 104.66255430013956 4.700000000000001
    endloop
  endfacet
  facet normal -0.46174861323502425 -0.8870108331782267 0
    outer loop
      vertex 8.362796479524015 104.61414629120314 1.0124999999999986
      vertex 8.475 104.55573683548744 1.0124999999999986
      vertex 8.362796479524015 104.61414629120314 4.700000000000001
    endloop
  endfacet
  facet normal -0.7933533402912372 -0.608761429008718 0
    outer loop
      vertex 8.937770464219039 104.13168583270901 1.0124999999999986
      vertex 8.937770464219039 104.13168583270901 4.700000000000001
      vertex 8.860764442522518 104.23204203404548 4.700000000000001
    endloop
  endfacet
  facet normal -0.7372773368101299 -0.6755902076156539 0
    outer loop
      vertex 8.860764442522518 104.23204203404548 1.0124999999999986
      vertex 8.860764442522518 104.23204203404548 4.700000000000001
      vertex 8.775304832720494 104.32530483272049 4.700000000000001
    endloop
  endfacet
  facet normal -0.6755902076156838 -0.7372773368101024 0
    outer loop
      vertex 8.775304832720494 104.32530483272049 1.0124999999999986
      vertex 8.775304832720494 104.32530483272049 4.700000000000001
      vertex 8.682042034045482 104.41076444252252 4.700000000000001
    endloop
  endfacet
  facet normal -0.608761429008716 -0.7933533402912388 0
    outer loop
      vertex 8.682042034045482 104.41076444252252 1.0124999999999986
      vertex 8.682042034045482 104.41076444252252 4.700000000000001
      vertex 8.581685832709017 104.48777046421904 4.700000000000001
    endloop
  endfacet
  facet normal -0.46174861323502425 -0.8870108331782267 0
    outer loop
      vertex 8.475 104.55573683548744 1.0124999999999986
      vertex 8.475 104.55573683548744 4.700000000000001
      vertex 8.362796479524015 104.61414629120314 4.700000000000001
    endloop
  endfacet
  facet normal -0.5372996083468211 -0.8433914458128875 0
    outer loop
      vertex 8.581685832709017 104.48777046421904 1.0124999999999986
      vertex 8.581685832709017 104.48777046421904 4.700000000000001
      vertex 8.475 104.55573683548744 4.700000000000001
    endloop
  endfacet
  facet normal -0.9238795325112834 -0.382683432365098 0
    outer loop
      vertex 9.112554300139568 103.79592920782221 1.0124999999999986
      vertex 9.112554300139568 103.79592920782221 4.700000000000001
      vertex 9.064146291203143 103.912796479524 4.700000000000001
    endloop
  endfacet
  facet normal -0.887010833178224 -0.4617486132350296 0
    outer loop
      vertex 9.064146291203143 103.912796479524 1.0124999999999986
      vertex 9.064146291203143 103.912796479524 4.700000000000001
      vertex 9.005736835487436 104.02499999999999 4.700000000000001
    endloop
  endfacet
  facet normal -0.8433914458128915 -0.5372996083468147 0
    outer loop
      vertex 9.005736835487436 104.02499999999999 1.0124999999999986
      vertex 9.005736835487436 104.02499999999999 4.700000000000001
      vertex 8.937770464219039 104.13168583270901 4.700000000000001
    endloop
  endfacet
  facet normal -0.13052619222013354 -0.9914448613737997 0
    outer loop
      vertex 8.001789857617048 104.72797124186769 1.0124999999999986
      vertex 8.001789857617048 104.72797124186769 4.700000000000001
      vertex 7.876375826984105 104.74448231223303 4.700000000000001
    endloop
  endfacet
  facet normal -0.21643961393800226 -0.9762960071199557 0
    outer loop
      vertex 8.125287615398655 104.70059244811915 1.0124999999999986
      vertex 8.125287615398655 104.70059244811915 4.700000000000001
      vertex 8.001789857617048 104.72797124186769 4.700000000000001
    endloop
  endfacet
  facet normal -0.3007057995043406 -0.9537169507482056 0
    outer loop
      vertex 8.24592920782222 104.66255430013956 1.0124999999999986
      vertex 8.24592920782222 104.66255430013956 4.700000000000001
      vertex 8.125287615398655 104.70059244811915 4.700000000000001
    endloop
  endfacet
  facet normal -0.38268343236505703 -0.9238795325113003 0
    outer loop
      vertex 8.362796479524015 104.61414629120314 1.0124999999999986
      vertex 8.362796479524015 104.61414629120314 4.700000000000001
      vertex 8.24592920782222 104.66255430013956 4.700000000000001
    endloop
  endfacet
  facet normal 0.3832343370689519 0.6015574115532878 0.7008995102699311
    outer loop
      vertex 7.025 102.04426316451256 4.700000000000001
      vertex 6.579810040919875 101.62879554243008 5.300000000000001
      vertex 6.729918032786885 101.53316620490207 5.300000000000001
    endloop
  endfacet
  facet normal 0.32934683170548285 0.6326693772808452 0.7008995102699301
    outer loop
      vertex 7.137203520475985 101.98585370879685 4.700000000000001
      vertex 6.729918032786885 101.53316620490207 5.300000000000001
      vertex 6.887789464366722 101.45098353939818 5.300000000000001
    endloop
  endfacet
  facet normal 0.5258704585282136 0.48187149464426093 0.7008995102699332
    outer loop
      vertex 6.724695167279506 102.2746951672795 4.700000000000001
      vertex 6.187143754981037 101.98860790122147 5.300000000000001
      vertex 6.307386247234987 101.85738624723498 5.300000000000001
    endloop
  endfacet
  facet normal 0.38323433706893817 0.6015574115532992 0.7008995102699288
    outer loop
      vertex 6.918314167290983 102.11222953578095 4.700000000000001
      vertex 6.579810040919875 101.62879554243008 5.300000000000001
      vertex 7.025 102.04426316451256 4.700000000000001
    endloop
  endfacet
  facet normal 0.43420519772405897 0.5658672306935469 0.7008995102699294
    outer loop
      vertex 6.918314167290983 102.11222953578095 4.700000000000001
      vertex 6.438607901221479 101.73714375498103 5.300000000000001
      vertex 6.579810040919875 101.62879554243008 5.300000000000001
    endloop
  endfacet
  facet normal 0.4818714946442521 0.5258704585282253 0.7008995102699306
    outer loop
      vertex 6.817957965954518 102.18923555747747 4.700000000000001
      vertex 6.307386247234987 101.85738624723498 5.300000000000001
      vertex 6.438607901221479 101.73714375498103 5.300000000000001
    endloop
  endfacet
  facet normal 0.4818714946442656 0.5258704585282092 0.7008995102699334
    outer loop
      vertex 6.724695167279506 102.2746951672795 4.700000000000001
      vertex 6.307386247234987 101.85738624723498 5.300000000000001
      vertex 6.817957965954518 102.18923555747747 4.700000000000001
    endloop
  endfacet
  facet normal 0.434205197724065 0.5658672306935411 0.7008995102699305
    outer loop
      vertex 6.817957965954518 102.18923555747747 4.700000000000001
      vertex 6.438607901221479 101.73714375498103 5.300000000000001
      vertex 6.918314167290983 102.11222953578095 4.700000000000001
    endloop
  endfacet
  facet normal 0.2144814288631117 0.6802481849856026 0.7008995102699328
    outer loop
      vertex 7.052222838739681 101.38287300562612 5.300000000000001
      vertex 7.221966718639202 101.32935296587418 5.300000000000001
      vertex 7.374712384601345 101.89940755188084 4.700000000000001
    endloop
  endfacet
  facet normal 0.1543777264573251 0.6963529235073513 0.7008995102699331
    outer loop
      vertex 7.221966718639202 101.32935296587418 5.300000000000001
      vertex 7.395729250645091 101.29083073996117 5.300000000000001
      vertex 7.498210142382951 101.8720287581323 4.700000000000001
    endloop
  endfacet
  facet normal 0.2144814288631381 0.6802481849855904 0.7008995102699364
    outer loop
      vertex 7.052222838739681 101.38287300562612 5.300000000000001
      vertex 7.374712384601345 101.89940755188084 4.700000000000001
      vertex 7.254070792177781 101.93744569986043 4.700000000000001
    endloop
  endfacet
  facet normal 0.15437772645731418 0.6963529235073553 0.7008995102699317
    outer loop
      vertex 7.221966718639202 101.32935296587418 5.300000000000001
      vertex 7.498210142382951 101.8720287581323 4.700000000000001
      vertex 7.374712384601345 101.89940755188084 4.700000000000001
    endloop
  endfacet
  facet normal 0.27295279808773326 0.6589663470310473 0.7008995102699349
    outer loop
      vertex 7.052222838739681 101.38287300562612 5.300000000000001
      vertex 7.254070792177781 101.93744569986043 4.700000000000001
      vertex 6.887789464366722 101.45098353939818 5.300000000000001
    endloop
  endfacet
  facet normal 0.09309911633759056 0.7071579958117742 0.700899510269935
    outer loop
      vertex 7.395729250645091 101.29083073996117 5.300000000000001
      vertex 7.572187996968098 101.26759950528658 5.300000000000001
      vertex 7.623624173015895 101.85551768776696 4.700000000000001
    endloop
  endfacet
  facet normal 0.031111965727516643 0.7125811687744328 0.700899510269934
    outer loop
      vertex 7.572187996968098 101.26759950528658 5.300000000000001
      vertex 7.75 101.25983606557377 5.300000000000001
      vertex 7.75 101.85 4.700000000000001
    endloop
  endfacet
  facet normal -0.031111965727516556 0.7125811687744308 0.7008995102699361
    outer loop
      vertex 7.75 101.25983606557377 5.300000000000001
      vertex 7.927812003031902 101.26759950528658 5.300000000000001
      vertex 7.876375826984105 101.85551768776696 4.700000000000001
    endloop
  endfacet
  facet normal 0.09309911633757642 0.7071579958117777 0.7008995102699331
    outer loop
      vertex 7.395729250645091 101.29083073996117 5.300000000000001
      vertex 7.623624173015895 101.85551768776696 4.700000000000001
      vertex 7.498210142382951 101.8720287581323 4.700000000000001
    endloop
  endfacet
  facet normal 0.03111196572753597 0.7125811687744293 0.7008995102699364
    outer loop
      vertex 7.572187996968098 101.26759950528658 5.300000000000001
      vertex 7.75 101.85 4.700000000000001
      vertex 7.623624173015895 101.85551768776696 4.700000000000001
    endloop
  endfacet
  facet normal -0.031111965727535922 0.7125811687744323 0.7008995102699336
    outer loop
      vertex 7.75 101.25983606557377 5.300000000000001
      vertex 7.876375826984105 101.85551768776696 4.700000000000001
      vertex 7.75 101.85 4.700000000000001
    endloop
  endfacet
  facet normal 0.27295279808769496 0.6589663470310692 0.7008995102699292
    outer loop
      vertex 7.137203520475985 101.98585370879685 4.700000000000001
      vertex 6.887789464366722 101.45098353939818 5.300000000000001
      vertex 7.254070792177781 101.93744569986043 4.700000000000001
    endloop
  endfacet
  facet normal 0.3293468317054886 0.632669377280841 0.700899510269931
    outer loop
      vertex 7.025 102.04426316451256 4.700000000000001
      vertex 6.729918032786885 101.53316620490207 5.300000000000001
      vertex 7.137203520475985 101.98585370879685 4.700000000000001
    endloop
  endfacet
  facet normal 0.7071579958117857 0.09309911633751732 0.700899510269933
    outer loop
      vertex 5.74083073996116 102.94572925064509 5.300000000000001
      vertex 6.322028758132299 103.04821014238294 4.700000000000001
      vertex 5.7175995052865956 103.1221879969681 5.300000000000001
    endloop
  endfacet
  facet normal 0.7125811687744326 0.0311119657275414 0.7008995102699328
    outer loop
      vertex 5.7175995052865956 103.1221879969681 5.300000000000001
      vertex 6.305517687766969 103.1736241730159 4.700000000000001
      vertex 5.709836065573771 103.3 5.300000000000001
    endloop
  endfacet
  facet normal 0.7125811687744327 -0.031111965727541404 0.7008995102699329
    outer loop
      vertex 5.709836065573771 103.3 5.300000000000001
      vertex 6.3 103.3 4.700000000000001
      vertex 5.7175995052865956 103.4778120030319 5.300000000000001
    endloop
  endfacet
  facet normal 0.7071579958117856 -0.0930991163375173 0.7008995102699331
    outer loop
      vertex 5.7175995052865956 103.4778120030319 5.300000000000001
      vertex 6.305517687766969 103.4263758269841 4.700000000000001
      vertex 5.74083073996116 103.65427074935491 5.300000000000001
    endloop
  endfacet
  facet normal 0.5658672306935407 0.4342051977240621 0.7008995102699325
    outer loop
      vertex 6.562229535780962 102.46831416729098 4.700000000000001
      vertex 6.078795542430082 102.12981004091988 5.300000000000001
      vertex 6.639235557477482 102.36795796595452 4.700000000000001
    endloop
  endfacet
  facet normal 0.5658672306935509 0.43420519772404476 0.7008995102699351
    outer loop
      vertex 6.639235557477482 102.36795796595452 4.700000000000001
      vertex 6.078795542430082 102.12981004091988 5.300000000000001
      vertex 6.187143754981037 101.98860790122147 5.300000000000001
    endloop
  endfacet
  facet normal 0.6015574115532862 0.38323433706895105 0.7008995102699329
    outer loop
      vertex 6.562229535780962 102.46831416729098 4.700000000000001
      vertex 5.983166204902076 102.27991803278688 5.300000000000001
      vertex 6.078795542430082 102.12981004091988 5.300000000000001
    endloop
  endfacet
  facet normal 0.6015574115532945 0.3832343370689337 0.7008995102699355
    outer loop
      vertex 6.562229535780962 102.46831416729098 4.700000000000001
      vertex 6.494263164512564 102.575 4.700000000000001
      vertex 5.983166204902076 102.27991803278688 5.300000000000001
    endloop
  endfacet
  facet normal 0.6326693772808211 0.3293468317055178 0.7008995102699355
    outer loop
      vertex 5.9009835393981795 102.4377894643667 5.300000000000001
      vertex 5.983166204902076 102.27991803278688 5.300000000000001
      vertex 6.494263164512564 102.575 4.700000000000001
    endloop
  endfacet
  facet normal 0.5258704585282268 0.48187149464424245 0.7008995102699361
    outer loop
      vertex 6.724695167279506 102.2746951672795 4.700000000000001
      vertex 6.639235557477482 102.36795796595452 4.700000000000001
      vertex 6.187143754981037 101.98860790122147 5.300000000000001
    endloop
  endfacet
  facet normal 0.6326693772808318 0.32934683170548845 0.7008995102699396
    outer loop
      vertex 5.9009835393981795 102.4377894643667 5.300000000000001
      vertex 6.494263164512564 102.575 4.700000000000001
      vertex 6.4358537087968575 102.68720352047599 4.700000000000001
    endloop
  endfacet
  facet normal 0.6589663470310523 0.2729527980877242 0.7008995102699337
    outer loop
      vertex 5.832873005626127 102.60222283873968 5.300000000000001
      vertex 6.4358537087968575 102.68720352047599 4.700000000000001
      vertex 6.387445699860432 102.80407079217778 4.700000000000001
    endloop
  endfacet
  facet normal 0.6589663470310609 0.27295279808769307 0.7008995102699378
    outer loop
      vertex 5.9009835393981795 102.4377894643667 5.300000000000001
      vertex 6.4358537087968575 102.68720352047599 4.700000000000001
      vertex 5.832873005626127 102.60222283873968 5.300000000000001
    endloop
  endfacet
  facet normal 0.6802481849856117 0.21448142886308066 0.7008995102699334
    outer loop
      vertex 5.832873005626127 102.60222283873968 5.300000000000001
      vertex 6.387445699860432 102.80407079217778 4.700000000000001
      vertex 5.779352965874189 102.7719667186392 5.300000000000001
    endloop
  endfacet
  facet normal 0.6802481849856075 0.21448142886310376 0.7008995102699304
    outer loop
      vertex 5.779352965874189 102.7719667186392 5.300000000000001
      vertex 6.387445699860432 102.80407079217778 4.700000000000001
      vertex 6.3494075518808515 102.92471238460134 4.700000000000001
    endloop
  endfacet
  facet normal 0.696352923507338 0.15437772645739328 0.7008995102699315
    outer loop
      vertex 5.779352965874189 102.7719667186392 5.300000000000001
      vertex 6.3494075518808515 102.92471238460134 4.700000000000001
      vertex 5.74083073996116 102.94572925064509 5.300000000000001
    endloop
  endfacet
  facet normal 0.6963529235073388 0.1543777264573841 0.7008995102699328
    outer loop
      vertex 5.74083073996116 102.94572925064509 5.300000000000001
      vertex 6.3494075518808515 102.92471238460134 4.700000000000001
      vertex 6.322028758132299 103.04821014238294 4.700000000000001
    endloop
  endfacet
  facet normal 0.7071579958117857 0.09309911633751616 0.7008995102699331
    outer loop
      vertex 5.7175995052865956 103.1221879969681 5.300000000000001
      vertex 6.322028758132299 103.04821014238294 4.700000000000001
      vertex 6.305517687766969 103.1736241730159 4.700000000000001
    endloop
  endfacet
  facet normal 0.7125811687744328 0.03111196572754181 0.7008995102699328
    outer loop
      vertex 5.709836065573771 103.3 5.300000000000001
      vertex 6.305517687766969 103.1736241730159 4.700000000000001
      vertex 6.3 103.3 4.700000000000001
    endloop
  endfacet
  facet normal 0.7125811687744327 -0.03111196572754173 0.7008995102699329
    outer loop
      vertex 5.7175995052865956 103.4778120030319 5.300000000000001
      vertex 6.3 103.3 4.700000000000001
      vertex 6.305517687766969 103.4263758269841 4.700000000000001
    endloop
  endfacet
  facet normal 0.707157995811786 -0.09309911633751596 0.7008995102699328
    outer loop
      vertex 5.74083073996116 103.65427074935491 5.300000000000001
      vertex 6.305517687766969 103.4263758269841 4.700000000000001
      vertex 6.322028758132299 103.55178985761705 4.700000000000001
    endloop
  endfacet
  facet normal 0.6963529235073401 -0.15437772645738468 0.7008995102699314
    outer loop
      vertex 5.779352965874189 103.82803328136079 5.300000000000001
      vertex 6.322028758132299 103.55178985761705 4.700000000000001
      vertex 6.3494075518808515 103.67528761539866 4.700000000000001
    endloop
  endfacet
  facet normal 0.6963529235073369 -0.15437772645739306 0.7008995102699325
    outer loop
      vertex 5.74083073996116 103.65427074935491 5.300000000000001
      vertex 6.322028758132299 103.55178985761705 4.700000000000001
      vertex 5.779352965874189 103.82803328136079 5.300000000000001
    endloop
  endfacet
  facet normal 0.6802481849856041 -0.21448142886310279 0.7008995102699338
    outer loop
      vertex 5.832873005626127 103.99777716126032 5.300000000000001
      vertex 6.3494075518808515 103.67528761539866 4.700000000000001
      vertex 6.387445699860432 103.79592920782221 4.700000000000001
    endloop
  endfacet
  facet normal 0.6589663470310508 -0.27295279808772366 0.7008995102699352
    outer loop
      vertex 5.9009835393981795 104.16221053563328 5.300000000000001
      vertex 6.387445699860432 103.79592920782221 4.700000000000001
      vertex 6.4358537087968575 103.912796479524 4.700000000000001
    endloop
  endfacet
  facet normal 0.6802481849856139 -0.21448142886308139 0.7008995102699308
    outer loop
      vertex 5.779352965874189 103.82803328136079 5.300000000000001
      vertex 6.3494075518808515 103.67528761539866 4.700000000000001
      vertex 5.832873005626127 103.99777716126032 5.300000000000001
    endloop
  endfacet
  facet normal 0.6326693772808358 -0.3293468317054908 0.7008995102699348
    outer loop
      vertex 6.4358537087968575 103.912796479524 4.700000000000001
      vertex 6.494263164512564 104.02499999999999 4.700000000000001
      vertex 5.983166204902076 104.32008196721311 5.300000000000001
    endloop
  endfacet
  facet normal 0.6589663470310559 -0.2729527980877146 0.7008995102699338
    outer loop
      vertex 5.832873005626127 103.99777716126032 5.300000000000001
      vertex 6.387445699860432 103.79592920782221 4.700000000000001
      vertex 5.9009835393981795 104.16221053563328 5.300000000000001
    endloop
  endfacet
  facet normal 0.6326693772808333 -0.32934683170549456 0.7008995102699355
    outer loop
      vertex 5.9009835393981795 104.16221053563328 5.300000000000001
      vertex 6.4358537087968575 103.912796479524 4.700000000000001
      vertex 5.983166204902076 104.32008196721311 5.300000000000001
    endloop
  endfacet
  facet normal 0.601557411553293 -0.38323433706893273 0.7008995102699371
    outer loop
      vertex 6.494263164512564 104.02499999999999 4.700000000000001
      vertex 6.562229535780962 104.13168583270901 4.700000000000001
      vertex 6.078795542430082 104.47018995908013 5.300000000000001
    endloop
  endfacet
  facet normal 0.6015574115533003 -0.38323433706892396 0.7008995102699357
    outer loop
      vertex 6.494263164512564 104.02499999999999 4.700000000000001
      vertex 6.078795542430082 104.47018995908013 5.300000000000001
      vertex 5.983166204902076 104.32008196721311 5.300000000000001
    endloop
  endfacet
  facet normal 0.5658672306935282 -0.4342051977240707 0.7008995102699375
    outer loop
      vertex 6.562229535780962 104.13168583270901 4.700000000000001
      vertex 6.187143754981037 104.61139209877852 5.300000000000001
      vertex 6.078795542430082 104.47018995908013 5.300000000000001
    endloop
  endfacet
  facet normal 0.525870458528212 -0.4818714946442593 0.7008995102699356
    outer loop
      vertex 6.639235557477482 104.23204203404548 4.700000000000001
      vertex 6.307386247234987 104.74261375276501 5.300000000000001
      vertex 6.187143754981037 104.61139209877852 5.300000000000001
    endloop
  endfacet
  facet normal 0.5658672306935384 -0.4342051977240603 0.7008995102699357
    outer loop
      vertex 6.562229535780962 104.13168583270901 4.700000000000001
      vertex 6.639235557477482 104.23204203404548 4.700000000000001
      vertex 6.187143754981037 104.61139209877852 5.300000000000001
    endloop
  endfacet
  facet normal 0.5258704585282292 -0.48187149464424467 0.7008995102699327
    outer loop
      vertex 6.639235557477482 104.23204203404548 4.700000000000001
      vertex 6.724695167279506 104.32530483272049 4.700000000000001
      vertex 6.307386247234987 104.74261375276501 5.300000000000001
    endloop
  endfacet
  facet normal 0.4818714946442677 -0.5258704585282116 0.7008995102699301
    outer loop
      vertex 6.724695167279506 104.32530483272049 4.700000000000001
      vertex 6.817957965954518 104.41076444252252 4.700000000000001
      vertex 6.438607901221479 104.86285624501896 5.300000000000001
    endloop
  endfacet
  facet normal 0.43420519772406585 -0.5658672306935421 0.7008995102699292
    outer loop
      vertex 6.817957965954518 104.41076444252252 4.700000000000001
      vertex 6.918314167290983 104.48777046421904 4.700000000000001
      vertex 6.579810040919875 104.97120445756991 5.300000000000001
    endloop
  endfacet
  facet normal 0.3832343370689367 -0.601557411553297 0.7008995102699316
    outer loop
      vertex 6.918314167290983 104.48777046421904 4.700000000000001
      vertex 7.025 104.55573683548744 4.700000000000001
      vertex 6.729918032786885 105.06683379509792 5.300000000000001
    endloop
  endfacet
  facet normal 0.48187149464425066 -0.5258704585282237 0.7008995102699328
    outer loop
      vertex 6.724695167279506 104.32530483272049 4.700000000000001
      vertex 6.438607901221479 104.86285624501896 5.300000000000001
      vertex 6.307386247234987 104.74261375276501 5.300000000000001
    endloop
  endfacet
  facet normal 0.4342051977240586 -0.5658672306935463 0.7008995102699304
    outer loop
      vertex 6.817957965954518 104.41076444252252 4.700000000000001
      vertex 6.579810040919875 104.97120445756991 5.300000000000001
      vertex 6.438607901221479 104.86285624501896 5.300000000000001
    endloop
  endfacet
  facet normal 0.383234337068953 -0.6015574115532895 0.7008995102699291
    outer loop
      vertex 6.918314167290983 104.48777046421904 4.700000000000001
      vertex 6.729918032786885 105.06683379509792 5.300000000000001
      vertex 6.579810040919875 104.97120445756991 5.300000000000001
    endloop
  endfacet
  facet normal 0.3293468317054825 -0.6326693772808446 0.700899510269931
    outer loop
      vertex 7.025 104.55573683548744 4.700000000000001
      vertex 6.887789464366722 105.14901646060181 5.300000000000001
      vertex 6.729918032786885 105.06683379509792 5.300000000000001
    endloop
  endfacet
  facet normal 0.3293468317054891 -0.632669377280842 0.70089951026993
    outer loop
      vertex 7.025 104.55573683548744 4.700000000000001
      vertex 7.137203520475985 104.61414629120314 4.700000000000001
      vertex 6.887789464366722 105.14901646060181 5.300000000000001
    endloop
  endfacet
  facet normal 0.27295279808769246 -0.6589663470310632 0.7008995102699358
    outer loop
      vertex 7.137203520475985 104.61414629120314 4.700000000000001
      vertex 7.254070792177781 104.66255430013956 4.700000000000001
      vertex 7.052222838739681 105.21712699437387 5.300000000000001
    endloop
  endfacet
  facet normal 0.21448142886313917 -0.6802481849855945 0.700899510269932
    outer loop
      vertex 7.254070792177781 104.66255430013956 4.700000000000001
      vertex 7.374712384601345 104.70059244811915 4.700000000000001
      vertex 7.221966718639202 105.27064703412582 5.300000000000001
    endloop
  endfacet
  facet normal 0.15437772645731354 -0.6963529235073537 0.7008995102699334
    outer loop
      vertex 7.374712384601345 104.70059244811915 4.700000000000001
      vertex 7.498210142382951 104.72797124186769 4.700000000000001
      vertex 7.395729250645091 105.30916926003883 5.300000000000001
    endloop
  endfacet
  facet normal 0.272952798087735 -0.6589663470310515 0.7008995102699301
    outer loop
      vertex 7.137203520475985 104.61414629120314 4.700000000000001
      vertex 7.052222838739681 105.21712699437387 5.300000000000001
      vertex 6.887789464366722 105.14901646060181 5.300000000000001
    endloop
  endfacet
  facet normal 0.09309911633757628 -0.7071579958117757 0.7008995102699352
    outer loop
      vertex 7.498210142382951 104.72797124186769 4.700000000000001
      vertex 7.623624173015895 104.74448231223303 4.700000000000001
      vertex 7.572187996968098 105.33240049471341 5.300000000000001
    endloop
  endfacet
  facet normal 0.03111196572753591 -0.7125811687744323 0.7008995102699336
    outer loop
      vertex 7.623624173015895 104.74448231223303 4.700000000000001
      vertex 7.75 104.75 4.700000000000001
      vertex 7.75 105.34016393442623 5.300000000000001
    endloop
  endfacet
  facet normal -0.031111965727535783 -0.7125811687744295 0.7008995102699365
    outer loop
      vertex 7.75 104.75 4.700000000000001
      vertex 7.876375826984105 104.74448231223303 4.700000000000001
      vertex 7.927812003031902 105.33240049471341 5.300000000000001
    endloop
  endfacet
  facet normal 0.21448142886311064 -0.6802481849855996 0.7008995102699358
    outer loop
      vertex 7.254070792177781 104.66255430013956 4.700000000000001
      vertex 7.221966718639202 105.27064703412582 5.300000000000001
      vertex 7.052222838739681 105.21712699437387 5.300000000000001
    endloop
  endfacet
  facet normal 0.1543777264573252 -0.6963529235073527 0.7008995102699319
    outer loop
      vertex 7.374712384601345 104.70059244811915 4.700000000000001
      vertex 7.395729250645091 105.30916926003883 5.300000000000001
      vertex 7.221966718639202 105.27064703412582 5.300000000000001
    endloop
  endfacet
  facet normal 0.09309911633759084 -0.7071579958117755 0.7008995102699334
    outer loop
      vertex 7.498210142382951 104.72797124186769 4.700000000000001
      vertex 7.572187996968098 105.33240049471341 5.300000000000001
      vertex 7.395729250645091 105.30916926003883 5.300000000000001
    endloop
  endfacet
  facet normal 0.031111965727516424 -0.7125811687744308 0.7008995102699361
    outer loop
      vertex 7.623624173015895 104.74448231223303 4.700000000000001
      vertex 7.75 105.34016393442623 5.300000000000001
      vertex 7.572187996968098 105.33240049471341 5.300000000000001
    endloop
  endfacet
  facet normal -0.031111965727516632 -0.7125811687744328 0.700899510269934
    outer loop
      vertex 7.75 104.75 4.700000000000001
      vertex 7.927812003031902 105.33240049471341 5.300000000000001
      vertex 7.75 105.34016393442623 5.300000000000001
    endloop
  endfacet
  facet normal -0.09309911633759027 0.7071579958117756 0.7008995102699336
    outer loop
      vertex 7.927812003031902 101.26759950528658 5.300000000000001
      vertex 8.10427074935491 101.29083073996117 5.300000000000001
      vertex 8.001789857617048 101.8720287581323 4.700000000000001
    endloop
  endfacet
  facet normal -0.15437772645732611 0.6963529235073525 0.7008995102699319
    outer loop
      vertex 8.10427074935491 101.29083073996117 5.300000000000001
      vertex 8.278033281360798 101.32935296587418 5.300000000000001
      vertex 8.125287615398655 101.89940755188084 4.700000000000001
    endloop
  endfacet
  facet normal -0.09309911633757695 0.7071579958117756 0.7008995102699352
    outer loop
      vertex 7.876375826984105 101.85551768776696 4.700000000000001
      vertex 7.927812003031902 101.26759950528658 5.300000000000001
      vertex 8.001789857617048 101.8720287581323 4.700000000000001
    endloop
  endfacet
  facet normal -0.15437772645731257 0.6963529235073537 0.7008995102699336
    outer loop
      vertex 8.10427074935491 101.29083073996117 5.300000000000001
      vertex 8.125287615398655 101.89940755188084 4.700000000000001
      vertex 8.001789857617048 101.8720287581323 4.700000000000001
    endloop
  endfacet
  facet normal -0.21448142886313754 0.6802481849855949 0.7008995102699321
    outer loop
      vertex 8.278033281360798 101.32935296587418 5.300000000000001
      vertex 8.24592920782222 101.93744569986043 4.700000000000001
      vertex 8.125287615398655 101.89940755188084 4.700000000000001
    endloop
  endfacet
  facet normal -0.21448142886311086 0.6802481849855999 0.7008995102699357
    outer loop
      vertex 8.278033281360798 101.32935296587418 5.300000000000001
      vertex 8.44777716126032 101.38287300562612 5.300000000000001
      vertex 8.24592920782222 101.93744569986043 4.700000000000001
    endloop
  endfacet
  facet normal -0.2729527980877337 0.6589663470310518 0.7008995102699304
    outer loop
      vertex 8.44777716126032 101.38287300562612 5.300000000000001
      vertex 8.61221053563328 101.45098353939818 5.300000000000001
      vertex 8.362796479524015 101.98585370879685 4.700000000000001
    endloop
  endfacet
  facet normal -0.32934683170548545 0.632669377280843 0.7008995102699307
    outer loop
      vertex 8.475 102.04426316451256 4.700000000000001
      vertex 8.61221053563328 101.45098353939818 5.300000000000001
      vertex 8.770081967213114 101.53316620490207 5.300000000000001
    endloop
  endfacet
  facet normal -0.2729527980876942 0.6589663470310627 0.7008995102699356
    outer loop
      vertex 8.44777716126032 101.38287300562612 5.300000000000001
      vertex 8.362796479524015 101.98585370879685 4.700000000000001
      vertex 8.24592920782222 101.93744569986043 4.700000000000001
    endloop
  endfacet
  facet normal -0.329346831705489 0.6326693772808418 0.7008995102699304
    outer loop
      vertex 8.362796479524015 101.98585370879685 4.700000000000001
      vertex 8.61221053563328 101.45098353939818 5.300000000000001
      vertex 8.475 102.04426316451256 4.700000000000001
    endloop
  endfacet
  facet normal -0.38323433706893695 0.6015574115532973 0.7008995102699312
    outer loop
      vertex 8.475 102.04426316451256 4.700000000000001
      vertex 8.770081967213114 101.53316620490207 5.300000000000001
      vertex 8.581685832709017 102.11222953578095 4.700000000000001
    endloop
  endfacet
  facet normal -0.3832343370689531 0.6015574115532897 0.7008995102699288
    outer loop
      vertex 8.581685832709017 102.11222953578095 4.700000000000001
      vertex 8.770081967213114 101.53316620490207 5.300000000000001
      vertex 8.920189959080124 101.62879554243008 5.300000000000001
    endloop
  endfacet
  facet normal -0.43420519772405686 0.5658672306935476 0.7008995102699302
    outer loop
      vertex 8.682042034045482 102.18923555747747 4.700000000000001
      vertex 8.920189959080124 101.62879554243008 5.300000000000001
      vertex 9.061392098778521 101.73714375498103 5.300000000000001
    endloop
  endfacet
  facet normal -0.434205197724066 0.5658672306935423 0.7008995102699289
    outer loop
      vertex 8.581685832709017 102.11222953578095 4.700000000000001
      vertex 8.920189959080124 101.62879554243008 5.300000000000001
      vertex 8.682042034045482 102.18923555747747 4.700000000000001
    endloop
  endfacet
  facet normal -0.48187149464426765 0.5258704585282115 0.7008995102699301
    outer loop
      vertex 8.682042034045482 102.18923555747747 4.700000000000001
      vertex 9.061392098778521 101.73714375498103 5.300000000000001
      vertex 8.775304832720494 102.2746951672795 4.700000000000001
    endloop
  endfacet
  facet normal -0.4818714946442467 0.5258704585282264 0.7008995102699336
    outer loop
      vertex 8.775304832720494 102.2746951672795 4.700000000000001
      vertex 9.061392098778521 101.73714375498103 5.300000000000001
      vertex 9.192613752765014 101.85738624723498 5.300000000000001
    endloop
  endfacet
  facet normal -0.5258704585282155 0.4818714946442555 0.7008995102699357
    outer loop
      vertex 8.860764442522518 102.36795796595452 4.700000000000001
      vertex 9.192613752765014 101.85738624723498 5.300000000000001
      vertex 9.312856245018963 101.98860790122147 5.300000000000001
    endloop
  endfacet
  facet normal -0.5258704585282287 0.48187149464424417 0.7008995102699336
    outer loop
      vertex 8.775304832720494 102.2746951672795 4.700000000000001
      vertex 9.192613752765014 101.85738624723498 5.300000000000001
      vertex 8.860764442522518 102.36795796595452 4.700000000000001
    endloop
  endfacet
  facet normal -0.565867230693536 0.4342051977240634 0.7008995102699357
    outer loop
      vertex 8.860764442522518 102.36795796595452 4.700000000000001
      vertex 9.312856245018963 101.98860790122147 5.300000000000001
      vertex 8.937770464219039 102.46831416729098 4.700000000000001
    endloop
  endfacet
  facet normal -0.5658672306935264 0.4342051977240729 0.7008995102699374
    outer loop
      vertex 8.937770464219039 102.46831416729098 4.700000000000001
      vertex 9.312856245018963 101.98860790122147 5.300000000000001
      vertex 9.42120445756992 102.12981004091986 5.300000000000001
    endloop
  endfacet
  facet normal -0.6015574115533019 0.38323433706892146 0.7008995102699357
    outer loop
      vertex 9.005736835487436 102.575 4.700000000000001
      vertex 9.42120445756992 102.12981004091986 5.300000000000001
      vertex 9.516833795097924 102.27991803278688 5.300000000000001
    endloop
  endfacet
  facet normal -0.6015574115532953 0.3832343370689293 0.700899510269937
    outer loop
      vertex 8.937770464219039 102.46831416729098 4.700000000000001
      vertex 9.42120445756992 102.12981004091986 5.300000000000001
      vertex 9.005736835487436 102.575 4.700000000000001
    endloop
  endfacet
  facet normal -0.6326693772808358 0.3293468317054908 0.7008995102699348
    outer loop
      vertex 9.005736835487436 102.575 4.700000000000001
      vertex 9.516833795097924 102.27991803278688 5.300000000000001
      vertex 9.064146291203143 102.68720352047599 4.700000000000001
    endloop
  endfacet
  facet normal -0.6326693772808333 0.3293468317054944 0.7008995102699355
    outer loop
      vertex 9.064146291203143 102.68720352047599 4.700000000000001
      vertex 9.516833795097924 102.27991803278688 5.300000000000001
      vertex 9.59901646060182 102.43778946436672 5.300000000000001
    endloop
  endfacet
  facet normal -0.6589663470310508 0.27295279808772366 0.7008995102699352
    outer loop
      vertex 9.064146291203143 102.68720352047599 4.700000000000001
      vertex 9.59901646060182 102.43778946436672 5.300000000000001
      vertex 9.112554300139568 102.80407079217778 4.700000000000001
    endloop
  endfacet
  facet normal -0.6802481849856047 0.21448142886310284 0.7008995102699334
    outer loop
      vertex 9.112554300139568 102.80407079217778 4.700000000000001
      vertex 9.667126994373872 102.60222283873968 5.300000000000001
      vertex 9.150592448119149 102.92471238460134 4.700000000000001
    endloop
  endfacet
  facet normal -0.6963529235073388 0.15437772645738926 0.7008995102699315
    outer loop
      vertex 9.150592448119149 102.92471238460134 4.700000000000001
      vertex 9.720647034125811 102.7719667186392 5.300000000000001
      vertex 9.177971241867702 103.04821014238294 4.700000000000001
    endloop
  endfacet
  facet normal -0.6589663470310576 0.2729527980877118 0.7008995102699336
    outer loop
      vertex 9.112554300139568 102.80407079217778 4.700000000000001
      vertex 9.59901646060182 102.43778946436672 5.300000000000001
      vertex 9.667126994373872 102.60222283873968 5.300000000000001
    endloop
  endfacet
  facet normal -0.680248184985613 0.2144814288630845 0.7008995102699307
    outer loop
      vertex 9.150592448119149 102.92471238460134 4.700000000000001
      vertex 9.667126994373872 102.60222283873968 5.300000000000001
      vertex 9.720647034125811 102.7719667186392 5.300000000000001
    endloop
  endfacet
  facet normal -0.6963529235073375 0.1543777264573931 0.700899510269932
    outer loop
      vertex 9.177971241867702 103.04821014238294 4.700000000000001
      vertex 9.720647034125811 102.7719667186392 5.300000000000001
      vertex 9.75916926003884 102.94572925064509 5.300000000000001
    endloop
  endfacet
  facet normal -0.7071579958117872 0.09309911633751111 0.7008995102699322
    outer loop
      vertex 9.177971241867702 103.04821014238294 4.700000000000001
      vertex 9.75916926003884 102.94572925064509 5.300000000000001
      vertex 9.194482312233031 103.1736241730159 4.700000000000001
    endloop
  endfacet
  facet normal -0.7125811687744324 0.03111196572753657 0.7008995102699334
    outer loop
      vertex 9.194482312233031 103.1736241730159 4.700000000000001
      vertex 9.782400494713405 103.1221879969681 5.300000000000001
      vertex 9.2 103.3 4.700000000000001
    endloop
  endfacet
  facet normal -0.7125811687744311 -0.031111965727536516 0.7008995102699346
    outer loop
      vertex 9.2 103.3 4.700000000000001
      vertex 9.79016393442623 103.3 5.300000000000001
      vertex 9.194482312233031 103.4263758269841 4.700000000000001
    endloop
  endfacet
  facet normal -0.7071579958117847 0.09309911633752074 0.7008995102699336
    outer loop
      vertex 9.194482312233031 103.1736241730159 4.700000000000001
      vertex 9.75916926003884 102.94572925064509 5.300000000000001
      vertex 9.782400494713405 103.1221879969681 5.300000000000001
    endloop
  endfacet
  facet normal -0.712581168774431 0.03111196572754506 0.7008995102699345
    outer loop
      vertex 9.2 103.3 4.700000000000001
      vertex 9.782400494713405 103.1221879969681 5.300000000000001
      vertex 9.79016393442623 103.3 5.300000000000001
    endloop
  endfacet
  facet normal -0.7071579958117858 -0.09309911633751093 0.7008995102699337
    outer loop
      vertex 9.194482312233031 103.4263758269841 4.700000000000001
      vertex 9.782400494713405 103.4778120030319 5.300000000000001
      vertex 9.177971241867702 103.55178985761705 4.700000000000001
    endloop
  endfacet
  facet normal -0.6963529235073381 -0.15437772645738912 0.7008995102699321
    outer loop
      vertex 9.150592448119149 103.67528761539866 4.700000000000001
      vertex 9.177971241867702 103.55178985761705 4.700000000000001
      vertex 9.75916926003884 103.65427074935491 5.300000000000001
    endloop
  endfacet
  facet normal -0.6802481849856076 -0.21448142886310373 0.7008995102699304
    outer loop
      vertex 9.150592448119149 103.67528761539866 4.700000000000001
      vertex 9.720647034125811 103.82803328136079 5.300000000000001
      vertex 9.112554300139568 103.79592920782221 4.700000000000001
    endloop
  endfacet
  facet normal -0.712581168774432 -0.03111196572754501 0.7008995102699335
    outer loop
      vertex 9.194482312233031 103.4263758269841 4.700000000000001
      vertex 9.79016393442623 103.3 5.300000000000001
      vertex 9.782400494713405 103.4778120030319 5.300000000000001
    endloop
  endfacet
  facet normal -0.7071579958117857 -0.09309911633752105 0.7008995102699325
    outer loop
      vertex 9.177971241867702 103.55178985761705 4.700000000000001
      vertex 9.782400494713405 103.4778120030319 5.300000000000001
      vertex 9.75916926003884 103.65427074935491 5.300000000000001
    endloop
  endfacet
  facet normal -0.6963529235073379 -0.15437772645739317 0.7008995102699315
    outer loop
      vertex 9.150592448119149 103.67528761539866 4.700000000000001
      vertex 9.75916926003884 103.65427074935491 5.300000000000001
      vertex 9.720647034125811 103.82803328136079 5.300000000000001
    endloop
  endfacet
  facet normal -0.434205197724065 -0.5658672306935411 0.7008995102699305
    outer loop
      vertex 8.581685832709017 104.48777046421904 4.700000000000001
      vertex 8.682042034045482 104.41076444252252 4.700000000000001
      vertex 9.061392098778521 104.86285624501896 5.300000000000001
    endloop
  endfacet
  facet normal -0.48187149464426515 -0.5258704585282088 0.7008995102699341
    outer loop
      vertex 8.682042034045482 104.41076444252252 4.700000000000001
      vertex 8.775304832720494 104.32530483272049 4.700000000000001
      vertex 9.192613752765014 104.74261375276501 5.300000000000001
    endloop
  endfacet
  facet normal -0.6589663470310527 -0.2729527980877244 0.7008995102699331
    outer loop
      vertex 9.112554300139568 103.79592920782221 4.700000000000001
      vertex 9.667126994373872 103.99777716126032 5.300000000000001
      vertex 9.064146291203143 103.912796479524 4.700000000000001
    endloop
  endfacet
  facet normal -0.6015574115532967 -0.3832343370689301 0.7008995102699355
    outer loop
      vertex 9.005736835487436 104.02499999999999 4.700000000000001
      vertex 9.516833795097924 104.32008196721311 5.300000000000001
      vertex 8.937770464219039 104.13168583270901 4.700000000000001
    endloop
  endfacet
  facet normal -0.6326693772808318 -0.3293468317054887 0.7008995102699395
    outer loop
      vertex 9.005736835487436 104.02499999999999 4.700000000000001
      vertex 9.064146291203143 103.912796479524 4.700000000000001
      vertex 9.59901646060182 104.16221053563329 5.300000000000001
    endloop
  endfacet
  facet normal -0.6326693772808211 -0.32934683170551765 0.7008995102699355
    outer loop
      vertex 9.005736835487436 104.02499999999999 4.700000000000001
      vertex 9.59901646060182 104.16221053563329 5.300000000000001
      vertex 9.516833795097924 104.32008196721311 5.300000000000001
    endloop
  endfacet
  facet normal -0.680248184985611 -0.21448142886308408 0.7008995102699329
    outer loop
      vertex 9.112554300139568 103.79592920782221 4.700000000000001
      vertex 9.720647034125811 103.82803328136079 5.300000000000001
      vertex 9.667126994373872 103.99777716126032 5.300000000000001
    endloop
  endfacet
  facet normal -0.658966347031062 -0.27295279808769013 0.7008995102699377
    outer loop
      vertex 9.064146291203143 103.912796479524 4.700000000000001
      vertex 9.667126994373872 103.99777716126032 5.300000000000001
      vertex 9.59901646060182 104.16221053563329 5.300000000000001
    endloop
  endfacet
  facet normal -0.5658672306935391 -0.4342051977240658 0.7008995102699316
    outer loop
      vertex 8.860764442522518 104.23204203404548 4.700000000000001
      vertex 8.937770464219039 104.13168583270901 4.700000000000001
      vertex 9.421204457569917 104.47018995908012 5.300000000000001
    endloop
  endfacet
  facet normal -0.6015574115532853 -0.3832343370689542 0.700899510269932
    outer loop
      vertex 8.937770464219039 104.13168583270901 4.700000000000001
      vertex 9.516833795097924 104.32008196721311 5.300000000000001
      vertex 9.421204457569917 104.47018995908012 5.300000000000001
    endloop
  endfacet
  facet normal -0.5258704585282268 -0.48187149464424245 0.7008995102699361
    outer loop
      vertex 8.775304832720494 104.32530483272049 4.700000000000001
      vertex 8.860764442522518 104.23204203404548 4.700000000000001
      vertex 9.312856245018963 104.61139209877852 5.300000000000001
    endloop
  endfacet
  facet normal -0.5258704585282167 -0.48187149464425666 0.700899510269934
    outer loop
      vertex 8.775304832720494 104.32530483272049 4.700000000000001
      vertex 9.312856245018963 104.61139209877852 5.300000000000001
      vertex 9.192613752765014 104.74261375276501 5.300000000000001
    endloop
  endfacet
  facet normal -0.5658672306935527 -0.4342051977240424 0.7008995102699351
    outer loop
      vertex 8.860764442522518 104.23204203404548 4.700000000000001
      vertex 9.421204457569917 104.47018995908012 5.300000000000001
      vertex 9.312856245018963 104.61139209877852 5.300000000000001
    endloop
  endfacet
  facet normal -0.0930991163375772 -0.7071579958117776 0.7008995102699332
    outer loop
      vertex 7.876375826984105 104.74448231223303 4.700000000000001
      vertex 8.001789857617048 104.72797124186769 4.700000000000001
      vertex 8.10427074935491 105.30916926003883 5.300000000000001
    endloop
  endfacet
  facet normal -0.15437772645731287 -0.6963529235073556 0.7008995102699317
    outer loop
      vertex 8.001789857617048 104.72797124186769 4.700000000000001
      vertex 8.125287615398655 104.70059244811915 4.700000000000001
      vertex 8.278033281360798 105.27064703412582 5.300000000000001
    endloop
  endfacet
  facet normal -0.21448142886313654 -0.680248184985591 0.7008995102699362
    outer loop
      vertex 8.125287615398655 104.70059244811915 4.700000000000001
      vertex 8.24592920782222 104.66255430013956 4.700000000000001
      vertex 8.44777716126032 105.21712699437387 5.300000000000001
    endloop
  endfacet
  facet normal -0.2729527980876966 -0.6589663470310683 0.7008995102699295
    outer loop
      vertex 8.24592920782222 104.66255430013956 4.700000000000001
      vertex 8.362796479524015 104.61414629120314 4.700000000000001
      vertex 8.61221053563328 105.14901646060181 5.300000000000001
    endloop
  endfacet
  facet normal -0.38323433706893834 -0.6015574115532996 0.7008995102699286
    outer loop
      vertex 8.475 104.55573683548744 4.700000000000001
      vertex 8.581685832709017 104.48777046421904 4.700000000000001
      vertex 8.920189959080124 104.97120445756991 5.300000000000001
    endloop
  endfacet
  facet normal -0.32934683170548873 -0.6326693772808414 0.7008995102699308
    outer loop
      vertex 8.362796479524015 104.61414629120314 4.700000000000001
      vertex 8.475 104.55573683548744 4.700000000000001
      vertex 8.770081967213114 105.06683379509792 5.300000000000001
    endloop
  endfacet
  facet normal -0.4342051977240574 -0.5658672306935485 0.7008995102699291
    outer loop
      vertex 8.581685832709017 104.48777046421904 4.700000000000001
      vertex 9.061392098778521 104.86285624501896 5.300000000000001
      vertex 8.920189959080124 104.97120445756991 5.300000000000001
    endloop
  endfacet
  facet normal -0.3293468317054857 -0.6326693772808435 0.7008995102699302
    outer loop
      vertex 8.362796479524015 104.61414629120314 4.700000000000001
      vertex 8.770081967213114 105.06683379509792 5.300000000000001
      vertex 8.61221053563328 105.14901646060181 5.300000000000001
    endloop
  endfacet
  facet normal -0.38323433706895205 -0.6015574115532882 0.7008995102699308
    outer loop
      vertex 8.475 104.55573683548744 4.700000000000001
      vertex 8.920189959080124 104.97120445756991 5.300000000000001
      vertex 8.770081967213114 105.06683379509792 5.300000000000001
    endloop
  endfacet
  facet normal -0.0930991163375902 -0.7071579958117741 0.7008995102699349
    outer loop
      vertex 7.876375826984105 104.74448231223303 4.700000000000001
      vertex 8.10427074935491 105.30916926003883 5.300000000000001
      vertex 7.927812003031902 105.33240049471341 5.300000000000001
    endloop
  endfacet
  facet normal -0.1543777264573257 -0.6963529235073511 0.7008995102699334
    outer loop
      vertex 8.001789857617048 104.72797124186769 4.700000000000001
      vertex 8.278033281360798 105.27064703412582 5.300000000000001
      vertex 8.10427074935491 105.30916926003883 5.300000000000001
    endloop
  endfacet
  facet normal -0.21448142886311183 -0.6802481849856025 0.7008995102699328
    outer loop
      vertex 8.125287615398655 104.70059244811915 4.700000000000001
      vertex 8.44777716126032 105.21712699437387 5.300000000000001
      vertex 8.278033281360798 105.27064703412582 5.300000000000001
    endloop
  endfacet
  facet normal -0.27295279808773215 -0.658966347031048 0.7008995102699347
    outer loop
      vertex 8.24592920782222 104.66255430013956 4.700000000000001
      vertex 8.61221053563328 105.14901646060181 5.300000000000001
      vertex 8.44777716126032 105.21712699437387 5.300000000000001
    endloop
  endfacet
  facet normal -0.4818714946442485 -0.5258704585282286 0.7008995102699307
    outer loop
      vertex 8.682042034045482 104.41076444252252 4.700000000000001
      vertex 9.192613752765014 104.74261375276501 5.300000000000001
      vertex 9.061392098778521 104.86285624501896 5.300000000000001
    endloop
  endfacet
  facet normal 0.6087614290087363 0.7933533402912232 5.816889766798242e-20
    outer loop
      vertex 54.717957965954525 102.18923555747747 1.0124999999999986
      vertex 54.818314167290985 102.11222953578095 4.700000000000001
      vertex 54.818314167290985 102.11222953578095 1.0124999999999986
    endloop
  endfacet
  facet normal 0.5372996083468147 0.8433914458128915 2.526631789659796e-20
    outer loop
      vertex 54.818314167290985 102.11222953578095 1.0124999999999986
      vertex 54.925000000000004 102.04426316451256 4.700000000000001
      vertex 54.925000000000004 102.04426316451256 1.0124999999999986
    endloop
  endfacet
  facet normal 0.3007057995043366 0.953716950748207 6.599080917559773e-19
    outer loop
      vertex 55.154070792177784 101.93744569986043 1.0124999999999986
      vertex 55.27471238460135 101.89940755188084 4.700000000000001
      vertex 55.27471238460135 101.89940755188084 1.0124999999999986
    endloop
  endfacet
  facet normal 0.21643961393800226 0.9762960071199557 -3.165405269290551e-19
    outer loop
      vertex 55.27471238460135 101.89940755188084 1.0124999999999986
      vertex 55.39821014238296 101.8720287581323 4.700000000000001
      vertex 55.39821014238296 101.8720287581323 1.0124999999999986
    endloop
  endfacet
  facet normal 0.4617486132350185 0.8870108331782297 5.442952397054402e-19
    outer loop
      vertex 54.925000000000004 102.04426316451256 1.0124999999999986
      vertex 55.03720352047599 101.98585370879685 4.700000000000001
      vertex 55.03720352047599 101.98585370879685 1.0124999999999986
    endloop
  endfacet
  facet normal 0.382683432365062 0.9238795325112983 4.3361396573883696e-19
    outer loop
      vertex 55.03720352047599 101.98585370879685 1.0124999999999986
      vertex 55.154070792177784 101.93744569986043 4.700000000000001
      vertex 55.154070792177784 101.93744569986043 1.0124999999999986
    endloop
  endfacet
  facet normal 0.4617486132350185 0.8870108331782297 0
    outer loop
      vertex 54.925000000000004 102.04426316451256 1.0124999999999986
      vertex 54.925000000000004 102.04426316451256 4.700000000000001
      vertex 55.03720352047599 101.98585370879685 4.700000000000001
    endloop
  endfacet
  facet normal 0.5372996083468147 0.8433914458128915 0
    outer loop
      vertex 54.818314167290985 102.11222953578095 1.0124999999999986
      vertex 54.818314167290985 102.11222953578095 4.700000000000001
      vertex 54.925000000000004 102.04426316451256 4.700000000000001
    endloop
  endfacet
  facet normal 0.3007057995043366 0.953716950748207 0
    outer loop
      vertex 55.154070792177784 101.93744569986043 1.0124999999999986
      vertex 55.154070792177784 101.93744569986043 4.700000000000001
      vertex 55.27471238460135 101.89940755188084 4.700000000000001
    endloop
  endfacet
  facet normal 0.21643961393800226 0.9762960071199557 0
    outer loop
      vertex 55.27471238460135 101.89940755188084 1.0124999999999986
      vertex 55.27471238460135 101.89940755188084 4.700000000000001
      vertex 55.39821014238296 101.8720287581323 4.700000000000001
    endloop
  endfacet
  facet normal 0.13052619222013082 0.9914448613738 0
    outer loop
      vertex 55.39821014238296 101.8720287581323 1.0124999999999986
      vertex 55.39821014238296 101.8720287581323 4.700000000000001
      vertex 55.523624173015904 101.85551768776696 4.700000000000001
    endloop
  endfacet
  facet normal 0.382683432365062 0.9238795325112983 0
    outer loop
      vertex 55.03720352047599 101.98585370879685 1.0124999999999986
      vertex 55.03720352047599 101.98585370879685 4.700000000000001
      vertex 55.154070792177784 101.93744569986043 4.700000000000001
    endloop
  endfacet
  facet normal 0 0 1
    outer loop
      vertex 54.62469516727951 102.2746951672795 1.0124999999999986
      vertex 54.717957965954525 102.18923555747747 1.0124999999999986
      vertex 54.717957965954525 104.41076444252252 1.0124999999999986
    endloop
  endfacet
  facet normal 0 0 1
    outer loop
      vertex 54.717957965954525 102.18923555747747 1.0124999999999986
      vertex 54.818314167290985 102.11222953578095 1.0124999999999986
      vertex 54.818314167290985 104.48777046421904 1.0124999999999986
    endloop
  endfacet
  facet normal 0 0 1
    outer loop
      vertex 54.818314167290985 102.11222953578095 1.0124999999999986
      vertex 54.925000000000004 102.04426316451256 1.0124999999999986
      vertex 54.925000000000004 104.55573683548744 1.0124999999999986
    endloop
  endfacet
  facet normal 0 0 1
    outer loop
      vertex 54.925000000000004 102.04426316451256 1.0124999999999986
      vertex 55.03720352047599 101.98585370879685 1.0124999999999986
      vertex 55.03720352047599 104.61414629120314 1.0124999999999986
    endloop
  endfacet
  facet normal 0 0 1
    outer loop
      vertex 55.03720352047599 101.98585370879685 1.0124999999999986
      vertex 55.154070792177784 101.93744569986043 1.0124999999999986
      vertex 55.154070792177784 104.66255430013956 1.0124999999999986
    endloop
  endfacet
  facet normal 0 0 1
    outer loop
      vertex 55.154070792177784 101.93744569986043 1.0124999999999986
      vertex 55.27471238460135 101.89940755188084 1.0124999999999986
      vertex 55.27471238460135 104.70059244811915 1.0124999999999986
    endloop
  endfacet
  facet normal 0 0 1
    outer loop
      vertex 55.27471238460135 101.89940755188084 1.0124999999999986
      vertex 55.39821014238296 101.8720287581323 1.0124999999999986
      vertex 55.39821014238296 104.72797124186769 1.0124999999999986
    endloop
  endfacet
  facet normal 0 0 1
    outer loop
      vertex 54.46222953578097 102.46831416729098 1.0124999999999986
      vertex 54.46222953578097 104.13168583270901 1.0124999999999986
      vertex 54.39426316451257 102.575 1.0124999999999986
    endloop
  endfacet
  facet normal 0 0 1
    outer loop
      vertex 54.33585370879686 102.68720352047599 1.0124999999999986
      vertex 54.33585370879686 103.912796479524 1.0124999999999986
      vertex 54.28744569986044 102.80407079217778 1.0124999999999986
    endloop
  endfacet
  facet normal 0 0 1
    outer loop
      vertex 54.33585370879686 102.68720352047599 1.0124999999999986
      vertex 54.39426316451257 102.575 1.0124999999999986
      vertex 54.39426316451257 104.02499999999999 1.0124999999999986
    endloop
  endfacet
  facet normal 0 0 1
    outer loop
      vertex 54.2220287581323 103.04821014238294 1.0124999999999986
      vertex 54.2220287581323 103.55178985761705 1.0124999999999986
      vertex 54.20551768776698 103.1736241730159 1.0124999999999986
    endloop
  endfacet
  facet normal 0 0 1
    outer loop
      vertex 54.20551768776698 103.1736241730159 1.0124999999999986
      vertex 54.20551768776698 103.4263758269841 1.0124999999999986
      vertex 54.2 103.3 1.0124999999999986
    endloop
  endfacet
  facet normal 0 0 1
    outer loop
      vertex 54.28744569986044 102.80407079217778 1.0124999999999986
      vertex 54.28744569986044 103.79592920782221 1.0124999999999986
      vertex 54.24940755188086 102.92471238460134 1.0124999999999986
    endloop
  endfacet
  facet normal 0 0 1
    outer loop
      vertex 54.2220287581323 103.04821014238294 1.0124999999999986
      vertex 54.24940755188086 102.92471238460134 1.0124999999999986
      vertex 54.24940755188086 103.67528761539866 1.0124999999999986
    endloop
  endfacet
  facet normal 0 0 1
    outer loop
      vertex 54.20551768776698 103.1736241730159 1.0124999999999986
      vertex 54.2220287581323 103.55178985761705 1.0124999999999986
      vertex 54.20551768776698 103.4263758269841 1.0124999999999986
    endloop
  endfacet
  facet normal 0 0 1
    outer loop
      vertex 54.2220287581323 103.04821014238294 1.0124999999999986
      vertex 54.24940755188086 103.67528761539866 1.0124999999999986
      vertex 54.2220287581323 103.55178985761705 1.0124999999999986
    endloop
  endfacet
  facet normal 0 0 1
    outer loop
      vertex 54.24940755188086 102.92471238460134 1.0124999999999986
      vertex 54.28744569986044 103.79592920782221 1.0124999999999986
      vertex 54.24940755188086 103.67528761539866 1.0124999999999986
    endloop
  endfacet
  facet normal 0 0 1
    outer loop
      vertex 54.28744569986044 102.80407079217778 1.0124999999999986
      vertex 54.33585370879686 103.912796479524 1.0124999999999986
      vertex 54.28744569986044 103.79592920782221 1.0124999999999986
    endloop
  endfacet
  facet normal 0 0 1
    outer loop
      vertex 54.33585370879686 102.68720352047599 1.0124999999999986
      vertex 54.39426316451257 104.02499999999999 1.0124999999999986
      vertex 54.33585370879686 103.912796479524 1.0124999999999986
    endloop
  endfacet
  facet normal 0 0 1
    outer loop
      vertex 54.39426316451257 102.575 1.0124999999999986
      vertex 54.46222953578097 104.13168583270901 1.0124999999999986
      vertex 54.39426316451257 104.02499999999999 1.0124999999999986
    endloop
  endfacet
  facet normal 0 0 1
    outer loop
      vertex 54.62469516727951 102.2746951672795 1.0124999999999986
      vertex 54.62469516727951 104.32530483272049 1.0124999999999986
      vertex 54.53923555747749 102.36795796595452 1.0124999999999986
    endloop
  endfacet
  facet normal 0 0 1
    outer loop
      vertex 54.46222953578097 102.46831416729098 1.0124999999999986
      vertex 54.53923555747749 102.36795796595452 1.0124999999999986
      vertex 54.53923555747749 104.23204203404548 1.0124999999999986
    endloop
  endfacet
  facet normal 0 0 1
    outer loop
      vertex 54.46222953578097 102.46831416729098 1.0124999999999986
      vertex 54.53923555747749 104.23204203404548 1.0124999999999986
      vertex 54.46222953578097 104.13168583270901 1.0124999999999986
    endloop
  endfacet
  facet normal 0 0 1
    outer loop
      vertex 54.53923555747749 102.36795796595452 1.0124999999999986
      vertex 54.62469516727951 104.32530483272049 1.0124999999999986
      vertex 54.53923555747749 104.23204203404548 1.0124999999999986
    endloop
  endfacet
  facet normal 0 0 1
    outer loop
      vertex 54.62469516727951 102.2746951672795 1.0124999999999986
      vertex 54.717957965954525 104.41076444252252 1.0124999999999986
      vertex 54.62469516727951 104.32530483272049 1.0124999999999986
    endloop
  endfacet
  facet normal 0 0 1
    outer loop
      vertex 54.717957965954525 102.18923555747747 1.0124999999999986
      vertex 54.818314167290985 104.48777046421904 1.0124999999999986
      vertex 54.717957965954525 104.41076444252252 1.0124999999999986
    endloop
  endfacet
  facet normal 0 0 1
    outer loop
      vertex 54.818314167290985 102.11222953578095 1.0124999999999986
      vertex 54.925000000000004 104.55573683548744 1.0124999999999986
      vertex 54.818314167290985 104.48777046421904 1.0124999999999986
    endloop
  endfacet
  facet normal 0 0 1
    outer loop
      vertex 54.925000000000004 102.04426316451256 1.0124999999999986
      vertex 55.03720352047599 104.61414629120314 1.0124999999999986
      vertex 54.925000000000004 104.55573683548744 1.0124999999999986
    endloop
  endfacet
  facet normal 0 0 1
    outer loop
      vertex 55.03720352047599 101.98585370879685 1.0124999999999986
      vertex 55.154070792177784 104.66255430013956 1.0124999999999986
      vertex 55.03720352047599 104.61414629120314 1.0124999999999986
    endloop
  endfacet
  facet normal 0 0 1
    outer loop
      vertex 55.154070792177784 101.93744569986043 1.0124999999999986
      vertex 55.27471238460135 104.70059244811915 1.0124999999999986
      vertex 55.154070792177784 104.66255430013956 1.0124999999999986
    endloop
  endfacet
  facet normal 0 0 1
    outer loop
      vertex 55.27471238460135 101.89940755188084 1.0124999999999986
      vertex 55.39821014238296 104.72797124186769 1.0124999999999986
      vertex 55.27471238460135 104.70059244811915 1.0124999999999986
    endloop
  endfacet
  facet normal 0 0 1
    outer loop
      vertex 55.39821014238296 101.8720287581323 1.0124999999999986
      vertex 55.523624173015904 104.74448231223303 1.0124999999999986
      vertex 55.39821014238296 104.72797124186769 1.0124999999999986
    endloop
  endfacet
  facet normal 0.8433914458128915 0.5372996083468147 0
    outer loop
      vertex 54.46222953578097 102.46831416729098 1.0124999999999986
      vertex 54.39426316451257 102.575 1.0124999999999986
      vertex 54.46222953578097 102.46831416729098 4.700000000000001
    endloop
  endfacet
  facet normal 0.8870108331782067 0.46174861323506267 2.258789851160546e-19
    outer loop
      vertex 54.33585370879686 102.68720352047599 1.0124999999999986
      vertex 54.39426316451257 102.575 4.700000000000001
      vertex 54.39426316451257 102.575 1.0124999999999986
    endloop
  endfacet
  facet normal 0.9238795325112983 0.382683432365062 0
    outer loop
      vertex 54.33585370879686 102.68720352047599 1.0124999999999986
      vertex 54.28744569986044 102.80407079217778 1.0124999999999986
      vertex 54.33585370879686 102.68720352047599 4.700000000000001
    endloop
  endfacet
  facet normal 0.9537169507482128 0.30070579950431775 0
    outer loop
      vertex 54.28744569986044 102.80407079217778 1.0124999999999986
      vertex 54.24940755188086 102.92471238460134 1.0124999999999986
      vertex 54.28744569986044 102.80407079217778 4.700000000000001
    endloop
  endfacet
  facet normal 0.6755902076156768 0.7372773368101089 -7.12482226520224e-19
    outer loop
      vertex 54.62469516727951 102.2746951672795 1.0124999999999986
      vertex 54.717957965954525 102.18923555747747 4.700000000000001
      vertex 54.717957965954525 102.18923555747747 1.0124999999999986
    endloop
  endfacet
  facet normal 0.7372773368101369 0.6755902076156463 0
    outer loop
      vertex 54.62469516727951 102.2746951672795 1.0124999999999986
      vertex 54.53923555747749 102.36795796595452 1.0124999999999986
      vertex 54.62469516727951 102.2746951672795 4.700000000000001
    endloop
  endfacet
  facet normal 0.7933533402912439 0.6087614290087092 3.6808831728424164e-19
    outer loop
      vertex 54.46222953578097 102.46831416729098 1.0124999999999986
      vertex 54.53923555747749 102.36795796595452 4.700000000000001
      vertex 54.53923555747749 102.36795796595452 1.0124999999999986
    endloop
  endfacet
  facet normal 0.9914448613738155 0.1305261922200131 0
    outer loop
      vertex 54.2220287581323 103.04821014238294 1.0124999999999986
      vertex 54.20551768776698 103.1736241730159 1.0124999999999986
      vertex 54.2220287581323 103.04821014238294 4.700000000000001
    endloop
  endfacet
  facet normal 0.9762960071199319 0.21643961393810934 -1.0690965388868992e-19
    outer loop
      vertex 54.2220287581323 103.04821014238294 1.0124999999999986
      vertex 54.24940755188086 102.92471238460134 4.700000000000001
      vertex 54.24940755188086 102.92471238460134 1.0124999999999986
    endloop
  endfacet
  facet normal 0.9990482215818557 0.04361938736538546 0
    outer loop
      vertex 54.20551768776698 103.1736241730159 1.0124999999999986
      vertex 54.2 103.3 1.0124999999999986
      vertex 54.20551768776698 103.1736241730159 4.700000000000001
    endloop
  endfacet
  facet normal 0.9990482215818557 -0.04361938736538546 0
    outer loop
      vertex 54.2 103.3 1.0124999999999986
      vertex 54.20551768776698 103.4263758269841 1.0124999999999986
      vertex 54.2 103.3 4.700000000000001
    endloop
  endfacet
  facet normal 0.9914448613738155 -0.1305261922200131 0
    outer loop
      vertex 54.20551768776698 103.4263758269841 1.0124999999999986
      vertex 54.2220287581323 103.55178985761705 1.0124999999999986
      vertex 54.20551768776698 103.4263758269841 4.700000000000001
    endloop
  endfacet
  facet normal 0.9762960071199319 -0.21643961393810934 0
    outer loop
      vertex 54.2220287581323 103.55178985761705 1.0124999999999986
      vertex 54.24940755188086 103.67528761539866 1.0124999999999986
      vertex 54.2220287581323 103.55178985761705 4.700000000000001
    endloop
  endfacet
  facet normal 0.9537169507482128 -0.30070579950431775 0
    outer loop
      vertex 54.24940755188086 103.67528761539866 1.0124999999999986
      vertex 54.28744569986044 103.79592920782221 1.0124999999999986
      vertex 54.24940755188086 103.67528761539866 4.700000000000001
    endloop
  endfacet
  facet normal 0.8433914458128915 0.5372996083468147 0
    outer loop
      vertex 54.39426316451257 102.575 1.0124999999999986
      vertex 54.39426316451257 102.575 4.700000000000001
      vertex 54.46222953578097 102.46831416729098 4.700000000000001
    endloop
  endfacet
  facet normal 0.8870108331782067 0.46174861323506267 0
    outer loop
      vertex 54.33585370879686 102.68720352047599 1.0124999999999986
      vertex 54.33585370879686 102.68720352047599 4.700000000000001
      vertex 54.39426316451257 102.575 4.700000000000001
    endloop
  endfacet
  facet normal 0.9238795325112983 0.382683432365062 0
    outer loop
      vertex 54.28744569986044 102.80407079217778 1.0124999999999986
      vertex 54.28744569986044 102.80407079217778 4.700000000000001
      vertex 54.33585370879686 102.68720352047599 4.700000000000001
    endloop
  endfacet
  facet normal 0.9537169507482128 0.30070579950431775 0
    outer loop
      vertex 54.24940755188086 102.92471238460134 1.0124999999999986
      vertex 54.24940755188086 102.92471238460134 4.700000000000001
      vertex 54.28744569986044 102.80407079217778 4.700000000000001
    endloop
  endfacet
  facet normal 0.6755902076156768 0.7372773368101089 0
    outer loop
      vertex 54.62469516727951 102.2746951672795 1.0124999999999986
      vertex 54.62469516727951 102.2746951672795 4.700000000000001
      vertex 54.717957965954525 102.18923555747747 4.700000000000001
    endloop
  endfacet
  facet normal 0.7372773368101369 0.6755902076156463 0
    outer loop
      vertex 54.53923555747749 102.36795796595452 1.0124999999999986
      vertex 54.53923555747749 102.36795796595452 4.700000000000001
      vertex 54.62469516727951 102.2746951672795 4.700000000000001
    endloop
  endfacet
  facet normal 0.6087614290087363 0.7933533402912232 0
    outer loop
      vertex 54.717957965954525 102.18923555747747 1.0124999999999986
      vertex 54.717957965954525 102.18923555747747 4.700000000000001
      vertex 54.818314167290985 102.11222953578095 4.700000000000001
    endloop
  endfacet
  facet normal 0.7933533402912439 0.6087614290087092 0
    outer loop
      vertex 54.46222953578097 102.46831416729098 1.0124999999999986
      vertex 54.46222953578097 102.46831416729098 4.700000000000001
      vertex 54.53923555747749 102.36795796595452 4.700000000000001
    endloop
  endfacet
  facet normal 0.9762960071199319 0.21643961393810934 0
    outer loop
      vertex 54.2220287581323 103.04821014238294 1.0124999999999986
      vertex 54.2220287581323 103.04821014238294 4.700000000000001
      vertex 54.24940755188086 102.92471238460134 4.700000000000001
    endloop
  endfacet
  facet normal 0.9914448613738155 0.1305261922200131 0
    outer loop
      vertex 54.20551768776698 103.1736241730159 1.0124999999999986
      vertex 54.20551768776698 103.1736241730159 4.700000000000001
      vertex 54.2220287581323 103.04821014238294 4.700000000000001
    endloop
  endfacet
  facet normal 0.9990482215818557 0.04361938736538546 0
    outer loop
      vertex 54.2 103.3 1.0124999999999986
      vertex 54.2 103.3 4.700000000000001
      vertex 54.20551768776698 103.1736241730159 4.700000000000001
    endloop
  endfacet
  facet normal 0.9990482215818557 -0.04361938736538546 0
    outer loop
      vertex 54.20551768776698 103.4263758269841 1.0124999999999986
      vertex 54.20551768776698 103.4263758269841 4.700000000000001
      vertex 54.2 103.3 4.700000000000001
    endloop
  endfacet
  facet normal 0.9914448613738155 -0.1305261922200131 0
    outer loop
      vertex 54.2220287581323 103.55178985761705 1.0124999999999986
      vertex 54.2220287581323 103.55178985761705 4.700000000000001
      vertex 54.20551768776698 103.4263758269841 4.700000000000001
    endloop
  endfacet
  facet normal 0.9762960071199319 -0.21643961393810934 0
    outer loop
      vertex 54.24940755188086 103.67528761539866 1.0124999999999986
      vertex 54.24940755188086 103.67528761539866 4.700000000000001
      vertex 54.2220287581323 103.55178985761705 4.700000000000001
    endloop
  endfacet
  facet normal 0.9537169507482128 -0.30070579950431775 0
    outer loop
      vertex 54.28744569986044 103.79592920782221 1.0124999999999986
      vertex 54.28744569986044 103.79592920782221 4.700000000000001
      vertex 54.24940755188086 103.67528761539866 4.700000000000001
    endloop
  endfacet
  facet normal 0.9238795325112983 -0.382683432365062 0
    outer loop
      vertex 54.28744569986044 103.79592920782221 1.0124999999999986
      vertex 54.33585370879686 103.912796479524 1.0124999999999986
      vertex 54.28744569986044 103.79592920782221 4.700000000000001
    endloop
  endfacet
  facet normal 0.8870108331782067 -0.46174861323506267 0
    outer loop
      vertex 54.33585370879686 103.912796479524 1.0124999999999986
      vertex 54.39426316451257 104.02499999999999 1.0124999999999986
      vertex 54.33585370879686 103.912796479524 4.700000000000001
    endloop
  endfacet
  facet normal 0.8433914458128915 -0.5372996083468147 0
    outer loop
      vertex 54.39426316451257 104.02499999999999 1.0124999999999986
      vertex 54.46222953578097 104.13168583270901 1.0124999999999986
      vertex 54.39426316451257 104.02499999999999 4.700000000000001
    endloop
  endfacet
  facet normal 0.7933533402912439 -0.6087614290087092 0
    outer loop
      vertex 54.46222953578097 104.13168583270901 1.0124999999999986
      vertex 54.53923555747749 104.23204203404548 1.0124999999999986
      vertex 54.46222953578097 104.13168583270901 4.700000000000001
    endloop
  endfacet
  facet normal 0.7372773368101369 -0.6755902076156463 0
    outer loop
      vertex 54.53923555747749 104.23204203404548 1.0124999999999986
      vertex 54.62469516727951 104.32530483272049 1.0124999999999986
      vertex 54.53923555747749 104.23204203404548 4.700000000000001
    endloop
  endfacet
  facet normal 0.6755902076156768 -0.7372773368101089 0
    outer loop
      vertex 54.62469516727951 104.32530483272049 1.0124999999999986
      vertex 54.717957965954525 104.41076444252252 1.0124999999999986
      vertex 54.62469516727951 104.32530483272049 4.700000000000001
    endloop
  endfacet
  facet normal 0.6087614290087363 -0.7933533402912232 0
    outer loop
      vertex 54.717957965954525 104.41076444252252 1.0124999999999986
      vertex 54.818314167290985 104.48777046421904 1.0124999999999986
      vertex 54.717957965954525 104.41076444252252 4.700000000000001
    endloop
  endfacet
  facet normal 0.5372996083468147 -0.8433914458128915 0
    outer loop
      vertex 54.818314167290985 104.48777046421904 1.0124999999999986
      vertex 54.925000000000004 104.55573683548744 1.0124999999999986
      vertex 54.818314167290985 104.48777046421904 4.700000000000001
    endloop
  endfacet
  facet normal 0.4617486132350185 -0.8870108331782297 0
    outer loop
      vertex 54.925000000000004 104.55573683548744 1.0124999999999986
      vertex 55.03720352047599 104.61414629120314 1.0124999999999986
      vertex 54.925000000000004 104.55573683548744 4.700000000000001
    endloop
  endfacet
  facet normal 0.382683432365062 -0.9238795325112983 0
    outer loop
      vertex 55.03720352047599 104.61414629120314 1.0124999999999986
      vertex 55.154070792177784 104.66255430013956 1.0124999999999986
      vertex 55.03720352047599 104.61414629120314 4.700000000000001
    endloop
  endfacet
  facet normal 0.3007057995043366 -0.953716950748207 0
    outer loop
      vertex 55.154070792177784 104.66255430013956 1.0124999999999986
      vertex 55.27471238460135 104.70059244811915 1.0124999999999986
      vertex 55.154070792177784 104.66255430013956 4.700000000000001
    endloop
  endfacet
  facet normal 0.21643961393800226 -0.9762960071199557 0
    outer loop
      vertex 55.27471238460135 104.70059244811915 1.0124999999999986
      vertex 55.39821014238296 104.72797124186769 1.0124999999999986
      vertex 55.27471238460135 104.70059244811915 4.700000000000001
    endloop
  endfacet
  facet normal 0.13052619222013082 -0.9914448613738 0
    outer loop
      vertex 55.39821014238296 104.72797124186769 1.0124999999999986
      vertex 55.523624173015904 104.74448231223303 1.0124999999999986
      vertex 55.39821014238296 104.72797124186769 4.700000000000001
    endloop
  endfacet
  facet normal 0.9238795325112983 -0.382683432365062 0
    outer loop
      vertex 54.33585370879686 103.912796479524 1.0124999999999986
      vertex 54.33585370879686 103.912796479524 4.700000000000001
      vertex 54.28744569986044 103.79592920782221 4.700000000000001
    endloop
  endfacet
  facet normal 0.8870108331782067 -0.46174861323506267 0
    outer loop
      vertex 54.39426316451257 104.02499999999999 1.0124999999999986
      vertex 54.39426316451257 104.02499999999999 4.700000000000001
      vertex 54.33585370879686 103.912796479524 4.700000000000001
    endloop
  endfacet
  facet normal 0.8433914458128915 -0.5372996083468147 0
    outer loop
      vertex 54.46222953578097 104.13168583270901 1.0124999999999986
      vertex 54.46222953578097 104.13168583270901 4.700000000000001
      vertex 54.39426316451257 104.02499999999999 4.700000000000001
    endloop
  endfacet
  facet normal 0.7933533402912439 -0.6087614290087092 0
    outer loop
      vertex 54.53923555747749 104.23204203404548 1.0124999999999986
      vertex 54.53923555747749 104.23204203404548 4.700000000000001
      vertex 54.46222953578097 104.13168583270901 4.700000000000001
    endloop
  endfacet
  facet normal 0.7372773368101369 -0.6755902076156463 0
    outer loop
      vertex 54.62469516727951 104.32530483272049 1.0124999999999986
      vertex 54.62469516727951 104.32530483272049 4.700000000000001
      vertex 54.53923555747749 104.23204203404548 4.700000000000001
    endloop
  endfacet
  facet normal 0.6755902076156768 -0.7372773368101089 0
    outer loop
      vertex 54.717957965954525 104.41076444252252 1.0124999999999986
      vertex 54.717957965954525 104.41076444252252 4.700000000000001
      vertex 54.62469516727951 104.32530483272049 4.700000000000001
    endloop
  endfacet
  facet normal 0.6087614290087363 -0.7933533402912232 0
    outer loop
      vertex 54.818314167290985 104.48777046421904 1.0124999999999986
      vertex 54.818314167290985 104.48777046421904 4.700000000000001
      vertex 54.717957965954525 104.41076444252252 4.700000000000001
    endloop
  endfacet
  facet normal 0.5372996083468147 -0.8433914458128915 0
    outer loop
      vertex 54.925000000000004 104.55573683548744 1.0124999999999986
      vertex 54.925000000000004 104.55573683548744 4.700000000000001
      vertex 54.818314167290985 104.48777046421904 4.700000000000001
    endloop
  endfacet
  facet normal 0.4617486132350185 -0.8870108331782297 0
    outer loop
      vertex 55.03720352047599 104.61414629120314 1.0124999999999986
      vertex 55.03720352047599 104.61414629120314 4.700000000000001
      vertex 54.925000000000004 104.55573683548744 4.700000000000001
    endloop
  endfacet
  facet normal 0.382683432365062 -0.9238795325112983 0
    outer loop
      vertex 55.154070792177784 104.66255430013956 1.0124999999999986
      vertex 55.154070792177784 104.66255430013956 4.700000000000001
      vertex 55.03720352047599 104.61414629120314 4.700000000000001
    endloop
  endfacet
  facet normal 0.3007057995043366 -0.953716950748207 0
    outer loop
      vertex 55.27471238460135 104.70059244811915 1.0124999999999986
      vertex 55.27471238460135 104.70059244811915 4.700000000000001
      vertex 55.154070792177784 104.66255430013956 4.700000000000001
    endloop
  endfacet
  facet normal 0.21643961393800226 -0.9762960071199557 0
    outer loop
      vertex 55.39821014238296 104.72797124186769 1.0124999999999986
      vertex 55.39821014238296 104.72797124186769 4.700000000000001
      vertex 55.27471238460135 104.70059244811915 4.700000000000001
    endloop
  endfacet
  facet normal 0.13052619222013082 0.9914448613738 5.222627062133385e-20
    outer loop
      vertex 55.39821014238296 101.8720287581323 1.0124999999999986
      vertex 55.523624173015904 101.85551768776696 4.700000000000001
      vertex 55.523624173015904 101.85551768776696 1.0124999999999986
    endloop
  endfacet
  facet normal 0.043619387365329394 0.9990482215818581 3.5150778327970076e-20
    outer loop
      vertex 55.523624173015904 101.85551768776696 1.0124999999999986
      vertex 55.650000000000006 101.85 4.700000000000001
      vertex 55.650000000000006 101.85 1.0124999999999986
    endloop
  endfacet
  facet normal -0.043619387365329394 0.9990482215818581 -3.5150778327970076e-20
    outer loop
      vertex 55.650000000000006 101.85 1.0124999999999986
      vertex 55.77637582698411 101.85551768776696 4.700000000000001
      vertex 55.77637582698411 101.85551768776696 1.0124999999999986
    endloop
  endfacet
  facet normal -0.13052619222013082 0.9914448613738 -5.222627062133385e-20
    outer loop
      vertex 55.77637582698411 101.85551768776696 1.0124999999999986
      vertex 55.901789857617054 101.8720287581323 4.700000000000001
      vertex 55.901789857617054 101.8720287581323 1.0124999999999986
    endloop
  endfacet
  facet normal -0.21643961393800226 0.9762960071199557 3.165405269290551e-19
    outer loop
      vertex 55.901789857617054 101.8720287581323 1.0124999999999986
      vertex 56.02528761539866 101.89940755188084 4.700000000000001
      vertex 56.02528761539866 101.89940755188084 1.0124999999999986
    endloop
  endfacet
  facet normal -0.3007057995043366 0.953716950748207 -6.599080917559773e-19
    outer loop
      vertex 56.02528761539866 101.89940755188084 1.0124999999999986
      vertex 56.14592920782223 101.93744569986043 4.700000000000001
      vertex 56.14592920782223 101.93744569986043 1.0124999999999986
    endloop
  endfacet
  facet normal -0.382683432365062 0.9238795325112983 -4.3361396573883696e-19
    outer loop
      vertex 56.14592920782223 101.93744569986043 1.0124999999999986
      vertex 56.26279647952402 101.98585370879685 4.700000000000001
      vertex 56.26279647952402 101.98585370879685 1.0124999999999986
    endloop
  endfacet
  facet normal -0.4617486132350185 0.8870108331782297 -5.442952397054402e-19
    outer loop
      vertex 56.26279647952402 101.98585370879685 1.0124999999999986
      vertex 56.37500000000001 102.04426316451256 4.700000000000001
      vertex 56.37500000000001 102.04426316451256 1.0124999999999986
    endloop
  endfacet
  facet normal -0.5372996083468147 0.8433914458128915 -2.526631789659796e-20
    outer loop
      vertex 56.37500000000001 102.04426316451256 1.0124999999999986
      vertex 56.481685832709026 102.11222953578095 4.700000000000001
      vertex 56.481685832709026 102.11222953578095 1.0124999999999986
    endloop
  endfacet
  facet normal 0.043619387365329394 0.9990482215818581 0
    outer loop
      vertex 55.523624173015904 101.85551768776696 1.0124999999999986
      vertex 55.523624173015904 101.85551768776696 4.700000000000001
      vertex 55.650000000000006 101.85 4.700000000000001
    endloop
  endfacet
  facet normal -0.043619387365329394 0.9990482215818581 0
    outer loop
      vertex 55.650000000000006 101.85 1.0124999999999986
      vertex 55.650000000000006 101.85 4.700000000000001
      vertex 55.77637582698411 101.85551768776696 4.700000000000001
    endloop
  endfacet
  facet normal -0.13052619222013082 0.9914448613738 0
    outer loop
      vertex 55.77637582698411 101.85551768776696 1.0124999999999986
      vertex 55.77637582698411 101.85551768776696 4.700000000000001
      vertex 55.901789857617054 101.8720287581323 4.700000000000001
    endloop
  endfacet
  facet normal -0.21643961393800226 0.9762960071199557 0
    outer loop
      vertex 55.901789857617054 101.8720287581323 1.0124999999999986
      vertex 55.901789857617054 101.8720287581323 4.700000000000001
      vertex 56.02528761539866 101.89940755188084 4.700000000000001
    endloop
  endfacet
  facet normal -0.3007057995043366 0.953716950748207 0
    outer loop
      vertex 56.02528761539866 101.89940755188084 1.0124999999999986
      vertex 56.02528761539866 101.89940755188084 4.700000000000001
      vertex 56.14592920782223 101.93744569986043 4.700000000000001
    endloop
  endfacet
  facet normal -0.382683432365062 0.9238795325112983 0
    outer loop
      vertex 56.14592920782223 101.93744569986043 1.0124999999999986
      vertex 56.14592920782223 101.93744569986043 4.700000000000001
      vertex 56.26279647952402 101.98585370879685 4.700000000000001
    endloop
  endfacet
  facet normal -0.4617486132350185 0.8870108331782297 0
    outer loop
      vertex 56.26279647952402 101.98585370879685 1.0124999999999986
      vertex 56.26279647952402 101.98585370879685 4.700000000000001
      vertex 56.37500000000001 102.04426316451256 4.700000000000001
    endloop
  endfacet
  facet normal -0.5372996083468147 0.8433914458128915 0
    outer loop
      vertex 56.37500000000001 102.04426316451256 1.0124999999999986
      vertex 56.37500000000001 102.04426316451256 4.700000000000001
      vertex 56.481685832709026 102.11222953578095 4.700000000000001
    endloop
  endfacet
  facet normal -0.6087614290087363 0.7933533402912232 0
    outer loop
      vertex 56.481685832709026 102.11222953578095 1.0124999999999986
      vertex 56.481685832709026 102.11222953578095 4.700000000000001
      vertex 56.582042034045486 102.18923555747747 4.700000000000001
    endloop
  endfacet
  facet normal 0 0 1
    outer loop
      vertex 55.39821014238296 101.8720287581323 1.0124999999999986
      vertex 55.523624173015904 101.85551768776696 1.0124999999999986
      vertex 55.523624173015904 104.74448231223303 1.0124999999999986
    endloop
  endfacet
  facet normal 0 0 1
    outer loop
      vertex 55.523624173015904 101.85551768776696 1.0124999999999986
      vertex 55.650000000000006 101.85 1.0124999999999986
      vertex 55.650000000000006 104.75 1.0124999999999986
    endloop
  endfacet
  facet normal 0 0 1
    outer loop
      vertex 55.650000000000006 101.85 1.0124999999999986
      vertex 55.77637582698411 101.85551768776696 1.0124999999999986
      vertex 55.77637582698411 104.74448231223303 1.0124999999999986
    endloop
  endfacet
  facet normal 0 0 1
    outer loop
      vertex 55.77637582698411 101.85551768776696 1.0124999999999986
      vertex 55.901789857617054 101.8720287581323 1.0124999999999986
      vertex 55.901789857617054 104.72797124186769 1.0124999999999986
    endloop
  endfacet
  facet normal 0 0 1
    outer loop
      vertex 55.901789857617054 101.8720287581323 1.0124999999999986
      vertex 56.02528761539866 101.89940755188084 1.0124999999999986
      vertex 56.02528761539866 104.70059244811915 1.0124999999999986
    endloop
  endfacet
  facet normal 0 0 1
    outer loop
      vertex 56.02528761539866 101.89940755188084 1.0124999999999986
      vertex 56.14592920782223 101.93744569986043 1.0124999999999986
      vertex 56.14592920782223 104.66255430013956 1.0124999999999986
    endloop
  endfacet
  facet normal 0 0 1
    outer loop
      vertex 56.14592920782223 101.93744569986043 1.0124999999999986
      vertex 56.26279647952402 101.98585370879685 1.0124999999999986
      vertex 56.26279647952402 104.61414629120314 1.0124999999999986
    endloop
  endfacet
  facet normal 0 0 1
    outer loop
      vertex 56.26279647952402 101.98585370879685 1.0124999999999986
      vertex 56.37500000000001 102.04426316451256 1.0124999999999986
      vertex 56.37500000000001 104.55573683548744 1.0124999999999986
    endloop
  endfacet
  facet normal 0 0 1
    outer loop
      vertex 56.37500000000001 102.04426316451256 1.0124999999999986
      vertex 56.481685832709026 102.11222953578095 1.0124999999999986
      vertex 56.481685832709026 104.48777046421904 1.0124999999999986
    endloop
  endfacet
  facet normal 0 0 1
    outer loop
      vertex 56.481685832709026 102.11222953578095 1.0124999999999986
      vertex 56.582042034045486 102.18923555747747 1.0124999999999986
      vertex 56.582042034045486 104.41076444252252 1.0124999999999986
    endloop
  endfacet
  facet normal 0 0 1
    outer loop
      vertex 56.582042034045486 102.18923555747747 1.0124999999999986
      vertex 56.6753048327205 102.2746951672795 1.0124999999999986
      vertex 56.6753048327205 104.32530483272049 1.0124999999999986
    endloop
  endfacet
  facet normal 0 0 1
    outer loop
      vertex 56.6753048327205 102.2746951672795 1.0124999999999986
      vertex 56.76076444252252 102.36795796595452 1.0124999999999986
      vertex 56.76076444252252 104.23204203404548 1.0124999999999986
    endloop
  endfacet
  facet normal 0 0 1
    outer loop
      vertex 55.901789857617054 101.8720287581323 1.0124999999999986
      vertex 56.02528761539866 104.70059244811915 1.0124999999999986
      vertex 55.901789857617054 104.72797124186769 1.0124999999999986
    endloop
  endfacet
  facet normal 0 0 1
    outer loop
      vertex 56.02528761539866 101.89940755188084 1.0124999999999986
      vertex 56.14592920782223 104.66255430013956 1.0124999999999986
      vertex 56.02528761539866 104.70059244811915 1.0124999999999986
    endloop
  endfacet
  facet normal 0 0 1
    outer loop
      vertex 56.14592920782223 101.93744569986043 1.0124999999999986
      vertex 56.26279647952402 104.61414629120314 1.0124999999999986
      vertex 56.14592920782223 104.66255430013956 1.0124999999999986
    endloop
  endfacet
  facet normal 0 0 1
    outer loop
      vertex 56.26279647952402 101.98585370879685 1.0124999999999986
      vertex 56.37500000000001 104.55573683548744 1.0124999999999986
      vertex 56.26279647952402 104.61414629120314 1.0124999999999986
    endloop
  endfacet
  facet normal 0 0 1
    outer loop
      vertex 56.37500000000001 102.04426316451256 1.0124999999999986
      vertex 56.481685832709026 104.48777046421904 1.0124999999999986
      vertex 56.37500000000001 104.55573683548744 1.0124999999999986
    endloop
  endfacet
  facet normal 0 0 1
    outer loop
      vertex 56.76076444252252 102.36795796595452 1.0124999999999986
      vertex 56.83777046421904 102.46831416729098 1.0124999999999986
      vertex 56.83777046421904 104.13168583270901 1.0124999999999986
    endloop
  endfacet
  facet normal 0 0 1
    outer loop
      vertex 56.83777046421904 102.46831416729098 1.0124999999999986
      vertex 56.90573683548744 102.575 1.0124999999999986
      vertex 56.90573683548744 104.02499999999999 1.0124999999999986
    endloop
  endfacet
  facet normal 0 0 1
    outer loop
      vertex 56.90573683548744 102.575 1.0124999999999986
      vertex 56.96414629120315 102.68720352047599 1.0124999999999986
      vertex 56.96414629120315 103.912796479524 1.0124999999999986
    endloop
  endfacet
  facet normal 0 0 1
    outer loop
      vertex 56.96414629120315 102.68720352047599 1.0124999999999986
      vertex 57.01255430013957 102.80407079217778 1.0124999999999986
      vertex 57.01255430013957 103.79592920782221 1.0124999999999986
    endloop
  endfacet
  facet normal 0 0 1
    outer loop
      vertex 57.01255430013957 102.80407079217778 1.0124999999999986
      vertex 57.050592448119154 102.92471238460134 1.0124999999999986
      vertex 57.050592448119154 103.67528761539866 1.0124999999999986
    endloop
  endfacet
  facet normal 0 0 1
    outer loop
      vertex 57.050592448119154 102.92471238460134 1.0124999999999986
      vertex 57.07797124186771 103.04821014238294 1.0124999999999986
      vertex 57.07797124186771 103.55178985761705 1.0124999999999986
    endloop
  endfacet
  facet normal 0 0 1
    outer loop
      vertex 57.07797124186771 103.04821014238294 1.0124999999999986
      vertex 57.09448231223303 103.1736241730159 1.0124999999999986
      vertex 57.09448231223303 103.4263758269841 1.0124999999999986
    endloop
  endfacet
  facet normal 0 0 1
    outer loop
      vertex 57.07797124186771 103.04821014238294 1.0124999999999986
      vertex 57.09448231223303 103.4263758269841 1.0124999999999986
      vertex 57.07797124186771 103.55178985761705 1.0124999999999986
    endloop
  endfacet
  facet normal 0 0 1
    outer loop
      vertex 57.09448231223303 103.1736241730159 1.0124999999999986
      vertex 57.10000000000001 103.3 1.0124999999999986
      vertex 57.09448231223303 103.4263758269841 1.0124999999999986
    endloop
  endfacet
  facet normal 0 0 1
    outer loop
      vertex 56.90573683548744 102.575 1.0124999999999986
      vertex 56.96414629120315 103.912796479524 1.0124999999999986
      vertex 56.90573683548744 104.02499999999999 1.0124999999999986
    endloop
  endfacet
  facet normal 0 0 1
    outer loop
      vertex 56.83777046421904 102.46831416729098 1.0124999999999986
      vertex 56.90573683548744 104.02499999999999 1.0124999999999986
      vertex 56.83777046421904 104.13168583270901 1.0124999999999986
    endloop
  endfacet
  facet normal 0 0 1
    outer loop
      vertex 56.481685832709026 102.11222953578095 1.0124999999999986
      vertex 56.582042034045486 104.41076444252252 1.0124999999999986
      vertex 56.481685832709026 104.48777046421904 1.0124999999999986
    endloop
  endfacet
  facet normal 0 0 1
    outer loop
      vertex 56.6753048327205 102.2746951672795 1.0124999999999986
      vertex 56.76076444252252 104.23204203404548 1.0124999999999986
      vertex 56.6753048327205 104.32530483272049 1.0124999999999986
    endloop
  endfacet
  facet normal 0 0 1
    outer loop
      vertex 56.582042034045486 102.18923555747747 1.0124999999999986
      vertex 56.6753048327205 104.32530483272049 1.0124999999999986
      vertex 56.582042034045486 104.41076444252252 1.0124999999999986
    endloop
  endfacet
  facet normal 0 0 1
    outer loop
      vertex 56.76076444252252 102.36795796595452 1.0124999999999986
      vertex 56.83777046421904 104.13168583270901 1.0124999999999986
      vertex 56.76076444252252 104.23204203404548 1.0124999999999986
    endloop
  endfacet
  facet normal 0 0 1
    outer loop
      vertex 57.050592448119154 102.92471238460134 1.0124999999999986
      vertex 57.07797124186771 103.55178985761705 1.0124999999999986
      vertex 57.050592448119154 103.67528761539866 1.0124999999999986
    endloop
  endfacet
  facet normal 0 0 1
    outer loop
      vertex 56.96414629120315 102.68720352047599 1.0124999999999986
      vertex 57.01255430013957 103.79592920782221 1.0124999999999986
      vertex 56.96414629120315 103.912796479524 1.0124999999999986
    endloop
  endfacet
  facet normal 0 0 1
    outer loop
      vertex 57.01255430013957 102.80407079217778 1.0124999999999986
      vertex 57.050592448119154 103.67528761539866 1.0124999999999986
      vertex 57.01255430013957 103.79592920782221 1.0124999999999986
    endloop
  endfacet
  facet normal 0 0 1
    outer loop
      vertex 55.523624173015904 101.85551768776696 1.0124999999999986
      vertex 55.650000000000006 104.75 1.0124999999999986
      vertex 55.523624173015904 104.74448231223303 1.0124999999999986
    endloop
  endfacet
  facet normal 0 0 1
    outer loop
      vertex 55.650000000000006 101.85 1.0124999999999986
      vertex 55.77637582698411 104.74448231223303 1.0124999999999986
      vertex 55.650000000000006 104.75 1.0124999999999986
    endloop
  endfacet
  facet normal 0 0 1
    outer loop
      vertex 55.77637582698411 101.85551768776696 1.0124999999999986
      vertex 55.901789857617054 104.72797124186769 1.0124999999999986
      vertex 55.77637582698411 104.74448231223303 1.0124999999999986
    endloop
  endfacet
  facet normal -0.6087614290087363 0.7933533402912232 -5.816889766798242e-20
    outer loop
      vertex 56.481685832709026 102.11222953578095 1.0124999999999986
      vertex 56.582042034045486 102.18923555747747 4.700000000000001
      vertex 56.582042034045486 102.18923555747747 1.0124999999999986
    endloop
  endfacet
  facet normal -0.6755902076156768 0.7372773368101089 7.12482226520224e-19
    outer loop
      vertex 56.582042034045486 102.18923555747747 1.0124999999999986
      vertex 56.6753048327205 102.2746951672795 4.700000000000001
      vertex 56.6753048327205 102.2746951672795 1.0124999999999986
    endloop
  endfacet
  facet normal -0.7372773368101369 0.6755902076156463 6.960319116223941e-19
    outer loop
      vertex 56.6753048327205 102.2746951672795 1.0124999999999986
      vertex 56.76076444252252 102.36795796595452 4.700000000000001
      vertex 56.76076444252252 102.36795796595452 1.0124999999999986
    endloop
  endfacet
  facet normal -0.7933533402912439 0.6087614290087092 -3.6808831728424164e-19
    outer loop
      vertex 56.76076444252252 102.36795796595452 1.0124999999999986
      vertex 56.83777046421904 102.46831416729098 4.700000000000001
      vertex 56.83777046421904 102.46831416729098 1.0124999999999986
    endloop
  endfacet
  facet normal -0.8433914458128915 0.5372996083468147 -2.526631789659796e-20
    outer loop
      vertex 56.83777046421904 102.46831416729098 1.0124999999999986
      vertex 56.90573683548744 102.575 4.700000000000001
      vertex 56.90573683548744 102.575 1.0124999999999986
    endloop
  endfacet
  facet normal -0.8870108331782067 0.46174861323506267 -2.258789851160546e-19
    outer loop
      vertex 56.90573683548744 102.575 1.0124999999999986
      vertex 56.96414629120315 102.68720352047599 4.700000000000001
      vertex 56.96414629120315 102.68720352047599 1.0124999999999986
    endloop
  endfacet
  facet normal -0.9238795325112983 0.382683432365062 -4.3361396573883696e-19
    outer loop
      vertex 56.96414629120315 102.68720352047599 1.0124999999999986
      vertex 57.01255430013957 102.80407079217778 4.700000000000001
      vertex 57.01255430013957 102.80407079217778 1.0124999999999986
    endloop
  endfacet
  facet normal -0.9537169507482128 0.30070579950431775 2.4576545197544613e-19
    outer loop
      vertex 57.01255430013957 102.80407079217778 1.0124999999999986
      vertex 57.050592448119154 102.92471238460134 4.700000000000001
      vertex 57.050592448119154 102.92471238460134 1.0124999999999986
    endloop
  endfacet
  facet normal -0.9762960071199319 0.21643961393810934 1.0690965388868992e-19
    outer loop
      vertex 57.050592448119154 102.92471238460134 1.0124999999999986
      vertex 57.07797124186771 103.04821014238294 4.700000000000001
      vertex 57.07797124186771 103.04821014238294 1.0124999999999986
    endloop
  endfacet
  facet normal -0.9914448613738155 0.1305261922200131 -9.832168179789666e-20
    outer loop
      vertex 57.07797124186771 103.04821014238294 1.0124999999999986
      vertex 57.09448231223303 103.1736241730159 4.700000000000001
      vertex 57.09448231223303 103.1736241730159 1.0124999999999986
    endloop
  endfacet
  facet normal -0.9990482215818557 0.04361938736538546 3.479200142158469e-21
    outer loop
      vertex 57.09448231223303 103.1736241730159 1.0124999999999986
      vertex 57.10000000000001 103.3 4.700000000000001
      vertex 57.10000000000001 103.3 1.0124999999999986
    endloop
  endfacet
  facet normal -0.9990482215818557 -0.04361938736538546 -3.479200142158469e-21
    outer loop
      vertex 57.10000000000001 103.3 1.0124999999999986
      vertex 57.09448231223303 103.4263758269841 4.700000000000001
      vertex 57.09448231223303 103.4263758269841 1.0124999999999986
    endloop
  endfacet
  facet normal -0.9914448613738155 -0.1305261922200131 0
    outer loop
      vertex 57.07797124186771 103.55178985761705 1.0124999999999986
      vertex 57.09448231223303 103.4263758269841 1.0124999999999986
      vertex 57.07797124186771 103.55178985761705 4.700000000000001
    endloop
  endfacet
  facet normal -0.9762960071199319 -0.21643961393810934 -1.0690965388868992e-19
    outer loop
      vertex 57.07797124186771 103.55178985761705 1.0124999999999986
      vertex 57.050592448119154 103.67528761539866 4.700000000000001
      vertex 57.050592448119154 103.67528761539866 1.0124999999999986
    endloop
  endfacet
  facet normal -0.9537169507482128 -0.30070579950431775 0
    outer loop
      vertex 57.01255430013957 103.79592920782221 1.0124999999999986
      vertex 57.050592448119154 103.67528761539866 1.0124999999999986
      vertex 57.01255430013957 103.79592920782221 4.700000000000001
    endloop
  endfacet
  facet normal -0.6755902076156768 0.7372773368101089 0
    outer loop
      vertex 56.582042034045486 102.18923555747747 1.0124999999999986
      vertex 56.582042034045486 102.18923555747747 4.700000000000001
      vertex 56.6753048327205 102.2746951672795 4.700000000000001
    endloop
  endfacet
  facet normal -0.7372773368101369 0.6755902076156463 0
    outer loop
      vertex 56.6753048327205 102.2746951672795 1.0124999999999986
      vertex 56.6753048327205 102.2746951672795 4.700000000000001
      vertex 56.76076444252252 102.36795796595452 4.700000000000001
    endloop
  endfacet
  facet normal -0.7933533402912439 0.6087614290087092 0
    outer loop
      vertex 56.76076444252252 102.36795796595452 1.0124999999999986
      vertex 56.76076444252252 102.36795796595452 4.700000000000001
      vertex 56.83777046421904 102.46831416729098 4.700000000000001
    endloop
  endfacet
  facet normal -0.8433914458128915 0.5372996083468147 0
    outer loop
      vertex 56.83777046421904 102.46831416729098 1.0124999999999986
      vertex 56.83777046421904 102.46831416729098 4.700000000000001
      vertex 56.90573683548744 102.575 4.700000000000001
    endloop
  endfacet
  facet normal -0.8870108331782067 0.46174861323506267 0
    outer loop
      vertex 56.90573683548744 102.575 1.0124999999999986
      vertex 56.90573683548744 102.575 4.700000000000001
      vertex 56.96414629120315 102.68720352047599 4.700000000000001
    endloop
  endfacet
  facet normal -0.9238795325112983 0.382683432365062 0
    outer loop
      vertex 56.96414629120315 102.68720352047599 1.0124999999999986
      vertex 56.96414629120315 102.68720352047599 4.700000000000001
      vertex 57.01255430013957 102.80407079217778 4.700000000000001
    endloop
  endfacet
  facet normal -0.9537169507482128 0.30070579950431775 0
    outer loop
      vertex 57.01255430013957 102.80407079217778 1.0124999999999986
      vertex 57.01255430013957 102.80407079217778 4.700000000000001
      vertex 57.050592448119154 102.92471238460134 4.700000000000001
    endloop
  endfacet
  facet normal -0.9762960071199319 0.21643961393810934 0
    outer loop
      vertex 57.050592448119154 102.92471238460134 1.0124999999999986
      vertex 57.050592448119154 102.92471238460134 4.700000000000001
      vertex 57.07797124186771 103.04821014238294 4.700000000000001
    endloop
  endfacet
  facet normal -0.9914448613738155 0.1305261922200131 0
    outer loop
      vertex 57.07797124186771 103.04821014238294 1.0124999999999986
      vertex 57.07797124186771 103.04821014238294 4.700000000000001
      vertex 57.09448231223303 103.1736241730159 4.700000000000001
    endloop
  endfacet
  facet normal -0.9990482215818557 0.04361938736538546 0
    outer loop
      vertex 57.09448231223303 103.1736241730159 1.0124999999999986
      vertex 57.09448231223303 103.1736241730159 4.700000000000001
      vertex 57.10000000000001 103.3 4.700000000000001
    endloop
  endfacet
  facet normal -0.9990482215818557 -0.04361938736538546 0
    outer loop
      vertex 57.10000000000001 103.3 1.0124999999999986
      vertex 57.10000000000001 103.3 4.700000000000001
      vertex 57.09448231223303 103.4263758269841 4.700000000000001
    endloop
  endfacet
  facet normal -0.9914448613738155 -0.1305261922200131 0
    outer loop
      vertex 57.09448231223303 103.4263758269841 1.0124999999999986
      vertex 57.09448231223303 103.4263758269841 4.700000000000001
      vertex 57.07797124186771 103.55178985761705 4.700000000000001
    endloop
  endfacet
  facet normal -0.9762960071199319 -0.21643961393810934 0
    outer loop
      vertex 57.07797124186771 103.55178985761705 1.0124999999999986
      vertex 57.07797124186771 103.55178985761705 4.700000000000001
      vertex 57.050592448119154 103.67528761539866 4.700000000000001
    endloop
  endfacet
  facet normal -0.9537169507482128 -0.30070579950431775 0
    outer loop
      vertex 57.050592448119154 103.67528761539866 1.0124999999999986
      vertex 57.050592448119154 103.67528761539866 4.700000000000001
      vertex 57.01255430013957 103.79592920782221 4.700000000000001
    endloop
  endfacet
  facet normal -0.5372996083468147 -0.8433914458128915 0
    outer loop
      vertex 56.37500000000001 104.55573683548744 1.0124999999999986
      vertex 56.481685832709026 104.48777046421904 1.0124999999999986
      vertex 56.37500000000001 104.55573683548744 4.700000000000001
    endloop
  endfacet
  facet normal -0.8870108331782067 -0.46174861323506267 0
    outer loop
      vertex 56.90573683548744 104.02499999999999 1.0124999999999986
      vertex 56.96414629120315 103.912796479524 1.0124999999999986
      vertex 56.90573683548744 104.02499999999999 4.700000000000001
    endloop
  endfacet
  facet normal -0.8433914458128915 -0.5372996083468147 2.526631789659796e-20
    outer loop
      vertex 56.90573683548744 104.02499999999999 1.0124999999999986
      vertex 56.83777046421904 104.13168583270901 4.700000000000001
      vertex 56.83777046421904 104.13168583270901 1.0124999999999986
    endloop
  endfacet
  facet normal -0.9238795325112983 -0.382683432365062 4.3361396573883696e-19
    outer loop
      vertex 57.01255430013957 103.79592920782221 1.0124999999999986
      vertex 56.96414629120315 103.912796479524 4.700000000000001
      vertex 56.96414629120315 103.912796479524 1.0124999999999986
    endloop
  endfacet
  facet normal -0.7372773368101369 -0.6755902076156463 0
    outer loop
      vertex 56.6753048327205 104.32530483272049 1.0124999999999986
      vertex 56.76076444252252 104.23204203404548 1.0124999999999986
      vertex 56.6753048327205 104.32530483272049 4.700000000000001
    endloop
  endfacet
  facet normal -0.6755902076156768 -0.7372773368101089 0
    outer loop
      vertex 56.582042034045486 104.41076444252252 1.0124999999999986
      vertex 56.6753048327205 104.32530483272049 1.0124999999999986
      vertex 56.582042034045486 104.41076444252252 4.700000000000001
    endloop
  endfacet
  facet normal -0.7933533402912439 -0.6087614290087092 0
    outer loop
      vertex 56.76076444252252 104.23204203404548 1.0124999999999986
      vertex 56.83777046421904 104.13168583270901 1.0124999999999986
      vertex 56.76076444252252 104.23204203404548 4.700000000000001
    endloop
  endfacet
  facet normal -0.6087614290087363 -0.7933533402912232 5.816889766798242e-20
    outer loop
      vertex 56.582042034045486 104.41076444252252 1.0124999999999986
      vertex 56.481685832709026 104.48777046421904 4.700000000000001
      vertex 56.481685832709026 104.48777046421904 1.0124999999999986
    endloop
  endfacet
  facet normal 0.043619387365329394 -0.9990482215818581 0
    outer loop
      vertex 55.523624173015904 104.74448231223303 1.0124999999999986
      vertex 55.650000000000006 104.75 1.0124999999999986
      vertex 55.523624173015904 104.74448231223303 4.700000000000001
    endloop
  endfacet
  facet normal -0.043619387365329394 -0.9990482215818581 0
    outer loop
      vertex 55.650000000000006 104.75 1.0124999999999986
      vertex 55.77637582698411 104.74448231223303 1.0124999999999986
      vertex 55.650000000000006 104.75 4.700000000000001
    endloop
  endfacet
  facet normal -0.13052619222013082 -0.9914448613738 0
    outer loop
      vertex 55.77637582698411 104.74448231223303 1.0124999999999986
      vertex 55.901789857617054 104.72797124186769 1.0124999999999986
      vertex 55.77637582698411 104.74448231223303 4.700000000000001
    endloop
  endfacet
  facet normal -0.21643961393800226 -0.9762960071199557 0
    outer loop
      vertex 55.901789857617054 104.72797124186769 1.0124999999999986
      vertex 56.02528761539866 104.70059244811915 1.0124999999999986
      vertex 55.901789857617054 104.72797124186769 4.700000000000001
    endloop
  endfacet
  facet normal -0.3007057995043366 -0.953716950748207 0
    outer loop
      vertex 56.02528761539866 104.70059244811915 1.0124999999999986
      vertex 56.14592920782223 104.66255430013956 1.0124999999999986
      vertex 56.02528761539866 104.70059244811915 4.700000000000001
    endloop
  endfacet
  facet normal -0.382683432365062 -0.9238795325112983 0
    outer loop
      vertex 56.14592920782223 104.66255430013956 1.0124999999999986
      vertex 56.26279647952402 104.61414629120314 1.0124999999999986
      vertex 56.14592920782223 104.66255430013956 4.700000000000001
    endloop
  endfacet
  facet normal -0.4617486132350185 -0.8870108331782297 0
    outer loop
      vertex 56.26279647952402 104.61414629120314 1.0124999999999986
      vertex 56.37500000000001 104.55573683548744 1.0124999999999986
      vertex 56.26279647952402 104.61414629120314 4.700000000000001
    endloop
  endfacet
  facet normal -0.4617486132350185 -0.8870108331782297 0
    outer loop
      vertex 56.37500000000001 104.55573683548744 1.0124999999999986
      vertex 56.37500000000001 104.55573683548744 4.700000000000001
      vertex 56.26279647952402 104.61414629120314 4.700000000000001
    endloop
  endfacet
  facet normal -0.5372996083468147 -0.8433914458128915 0
    outer loop
      vertex 56.481685832709026 104.48777046421904 1.0124999999999986
      vertex 56.481685832709026 104.48777046421904 4.700000000000001
      vertex 56.37500000000001 104.55573683548744 4.700000000000001
    endloop
  endfacet
  facet normal -0.8870108331782067 -0.46174861323506267 0
    outer loop
      vertex 56.96414629120315 103.912796479524 1.0124999999999986
      vertex 56.96414629120315 103.912796479524 4.700000000000001
      vertex 56.90573683548744 104.02499999999999 4.700000000000001
    endloop
  endfacet
  facet normal -0.8433914458128915 -0.5372996083468147 0
    outer loop
      vertex 56.90573683548744 104.02499999999999 1.0124999999999986
      vertex 56.90573683548744 104.02499999999999 4.700000000000001
      vertex 56.83777046421904 104.13168583270901 4.700000000000001
    endloop
  endfacet
  facet normal -0.7933533402912439 -0.6087614290087092 0
    outer loop
      vertex 56.83777046421904 104.13168583270901 1.0124999999999986
      vertex 56.83777046421904 104.13168583270901 4.700000000000001
      vertex 56.76076444252252 104.23204203404548 4.700000000000001
    endloop
  endfacet
  facet normal -0.9238795325112983 -0.382683432365062 0
    outer loop
      vertex 57.01255430013957 103.79592920782221 1.0124999999999986
      vertex 57.01255430013957 103.79592920782221 4.700000000000001
      vertex 56.96414629120315 103.912796479524 4.700000000000001
    endloop
  endfacet
  facet normal -0.6755902076156768 -0.7372773368101089 0
    outer loop
      vertex 56.6753048327205 104.32530483272049 1.0124999999999986
      vertex 56.6753048327205 104.32530483272049 4.700000000000001
      vertex 56.582042034045486 104.41076444252252 4.700000000000001
    endloop
  endfacet
  facet normal -0.7372773368101369 -0.6755902076156463 0
    outer loop
      vertex 56.76076444252252 104.23204203404548 1.0124999999999986
      vertex 56.76076444252252 104.23204203404548 4.700000000000001
      vertex 56.6753048327205 104.32530483272049 4.700000000000001
    endloop
  endfacet
  facet normal -0.6087614290087363 -0.7933533402912232 0
    outer loop
      vertex 56.582042034045486 104.41076444252252 1.0124999999999986
      vertex 56.582042034045486 104.41076444252252 4.700000000000001
      vertex 56.481685832709026 104.48777046421904 4.700000000000001
    endloop
  endfacet
  facet normal 0.13052619222013082 -0.9914448613738 0
    outer loop
      vertex 55.523624173015904 104.74448231223303 1.0124999999999986
      vertex 55.523624173015904 104.74448231223303 4.700000000000001
      vertex 55.39821014238296 104.72797124186769 4.700000000000001
    endloop
  endfacet
  facet normal 0.043619387365329394 -0.9990482215818581 0
    outer loop
      vertex 55.650000000000006 104.75 1.0124999999999986
      vertex 55.650000000000006 104.75 4.700000000000001
      vertex 55.523624173015904 104.74448231223303 4.700000000000001
    endloop
  endfacet
  facet normal -0.043619387365329394 -0.9990482215818581 0
    outer loop
      vertex 55.77637582698411 104.74448231223303 1.0124999999999986
      vertex 55.77637582698411 104.74448231223303 4.700000000000001
      vertex 55.650000000000006 104.75 4.700000000000001
    endloop
  endfacet
  facet normal -0.13052619222013082 -0.9914448613738 0
    outer loop
      vertex 55.901789857617054 104.72797124186769 1.0124999999999986
      vertex 55.901789857617054 104.72797124186769 4.700000000000001
      vertex 55.77637582698411 104.74448231223303 4.700000000000001
    endloop
  endfacet
  facet normal -0.3007057995043366 -0.953716950748207 0
    outer loop
      vertex 56.14592920782223 104.66255430013956 1.0124999999999986
      vertex 56.14592920782223 104.66255430013956 4.700000000000001
      vertex 56.02528761539866 104.70059244811915 4.700000000000001
    endloop
  endfacet
  facet normal -0.21643961393800226 -0.9762960071199557 0
    outer loop
      vertex 56.02528761539866 104.70059244811915 1.0124999999999986
      vertex 56.02528761539866 104.70059244811915 4.700000000000001
      vertex 55.901789857617054 104.72797124186769 4.700000000000001
    endloop
  endfacet
  facet normal -0.382683432365062 -0.9238795325112983 0
    outer loop
      vertex 56.26279647952402 104.61414629120314 1.0124999999999986
      vertex 56.26279647952402 104.61414629120314 4.700000000000001
      vertex 56.14592920782223 104.66255430013956 4.700000000000001
    endloop
  endfacet
  facet normal 0.4818714946442485 0.5258704585282286 0.7008995102699307
    outer loop
      vertex 54.717957965954525 102.18923555747747 4.700000000000001
      vertex 54.20738624723499 101.85738624723498 5.300000000000001
      vertex 54.338607901221486 101.73714375498103 5.300000000000001
    endloop
  endfacet
  facet normal 0.5258704585281991 0.48187149464427625 0.7008995102699338
    outer loop
      vertex 54.62469516727951 102.2746951672795 4.700000000000001
      vertex 54.087143754981035 101.98860790122147 5.300000000000001
      vertex 54.20738624723499 101.85738624723498 5.300000000000001
    endloop
  endfacet
  facet normal 0.38323433706895205 0.6015574115532882 0.7008995102699308
    outer loop
      vertex 54.925000000000004 102.04426316451256 4.700000000000001
      vertex 54.47981004091988 101.62879554243008 5.300000000000001
      vertex 54.62991803278689 101.53316620490207 5.300000000000001
    endloop
  endfacet
  facet normal 0.2729527980877398 0.6589663470310453 0.7008995102699341
    outer loop
      vertex 54.95222283873969 101.38287300562612 5.300000000000001
      vertex 55.154070792177784 101.93744569986043 4.700000000000001
      vertex 54.78778946436673 101.45098353939818 5.300000000000001
    endloop
  endfacet
  facet normal 0.3293468317054745 0.6326693772808506 0.7008995102699291
    outer loop
      vertex 55.03720352047599 101.98585370879685 4.700000000000001
      vertex 54.62991803278689 101.53316620490207 5.300000000000001
      vertex 54.78778946436673 101.45098353939818 5.300000000000001
    endloop
  endfacet
  facet normal 0.2144814288631117 0.6802481849856026 0.7008995102699328
    outer loop
      vertex 54.95222283873969 101.38287300562612 5.300000000000001
      vertex 55.12196671863921 101.32935296587418 5.300000000000001
      vertex 55.27471238460135 101.89940755188084 4.700000000000001
    endloop
  endfacet
  facet normal 0.1543777264573258 0.6963529235073511 0.7008995102699334
    outer loop
      vertex 55.12196671863921 101.32935296587418 5.300000000000001
      vertex 55.295729250645095 101.29083073996117 5.300000000000001
      vertex 55.39821014238296 101.8720287581323 4.700000000000001
    endloop
  endfacet
  facet normal 0.0930991163375905 0.7071579958117739 0.7008995102699351
    outer loop
      vertex 55.295729250645095 101.29083073996117 5.300000000000001
      vertex 55.4721879969681 101.26759950528658 5.300000000000001
      vertex 55.523624173015904 101.85551768776696 4.700000000000001
    endloop
  endfacet
  facet normal 0.21448142886313398 0.6802481849855923 0.7008995102699358
    outer loop
      vertex 54.95222283873969 101.38287300562612 5.300000000000001
      vertex 55.27471238460135 101.89940755188084 4.700000000000001
      vertex 55.154070792177784 101.93744569986043 4.700000000000001
    endloop
  endfacet
  facet normal 0.15437772645731307 0.6963529235073557 0.7008995102699316
    outer loop
      vertex 55.12196671863921 101.32935296587418 5.300000000000001
      vertex 55.39821014238296 101.8720287581323 4.700000000000001
      vertex 55.27471238460135 101.89940755188084 4.700000000000001
    endloop
  endfacet
  facet normal 0.0930991163375751 0.7071579958117779 0.7008995102699332
    outer loop
      vertex 55.295729250645095 101.29083073996117 5.300000000000001
      vertex 55.523624173015904 101.85551768776696 4.700000000000001
      vertex 55.39821014238296 101.8720287581323 4.700000000000001
    endloop
  endfacet
  facet normal 0.3832343370689341 0.601557411553303 0.7008995102699278
    outer loop
      vertex 54.818314167290985 102.11222953578095 4.700000000000001
      vertex 54.47981004091988 101.62879554243008 5.300000000000001
      vertex 54.925000000000004 102.04426316451256 4.700000000000001
    endloop
  endfacet
  facet normal 0.32934683170548473 0.6326693772808435 0.7008995102699308
    outer loop
      vertex 54.925000000000004 102.04426316451256 4.700000000000001
      vertex 54.62991803278689 101.53316620490207 5.300000000000001
      vertex 55.03720352047599 101.98585370879685 4.700000000000001
    endloop
  endfacet
  facet normal 0.43420519772406485 0.5658672306935437 0.7008995102699284
    outer loop
      vertex 54.818314167290985 102.11222953578095 4.700000000000001
      vertex 54.338607901221486 101.73714375498103 5.300000000000001
      vertex 54.47981004091988 101.62879554243008 5.300000000000001
    endloop
  endfacet
  facet normal 0.43420519772407934 0.5658672306935296 0.7008995102699309
    outer loop
      vertex 54.717957965954525 102.18923555747747 4.700000000000001
      vertex 54.338607901221486 101.73714375498103 5.300000000000001
      vertex 54.818314167290985 102.11222953578095 4.700000000000001
    endloop
  endfacet
  facet normal 0.4818714946442607 0.5258704585282139 0.7008995102699331
    outer loop
      vertex 54.62469516727951 102.2746951672795 4.700000000000001
      vertex 54.20738624723499 101.85738624723498 5.300000000000001
      vertex 54.717957965954525 102.18923555747747 4.700000000000001
    endloop
  endfacet
  facet normal 0.27295279808770057 0.6589663470310677 0.7008995102699284
    outer loop
      vertex 55.03720352047599 101.98585370879685 4.700000000000001
      vertex 54.78778946436673 101.45098353939818 5.300000000000001
      vertex 55.154070792177784 101.93744569986043 4.700000000000001
    endloop
  endfacet
  facet normal 0.5258704585282288 0.48187149464423434 0.7008995102699402
    outer loop
      vertex 54.62469516727951 102.2746951672795 4.700000000000001
      vertex 54.53923555747749 102.36795796595452 4.700000000000001
      vertex 54.087143754981035 101.98860790122147 5.300000000000001
    endloop
  endfacet
  facet normal 0.5658672306935437 0.4342051977240594 0.7008995102699318
    outer loop
      vertex 54.46222953578097 102.46831416729098 4.700000000000001
      vertex 53.97879554243009 102.12981004091988 5.300000000000001
      vertex 54.53923555747749 102.36795796595452 4.700000000000001
    endloop
  endfacet
  facet normal 0.5658672306935706 0.43420519772401345 0.7008995102699387
    outer loop
      vertex 54.53923555747749 102.36795796595452 4.700000000000001
      vertex 53.97879554243009 102.12981004091988 5.300000000000001
      vertex 54.087143754981035 101.98860790122147 5.300000000000001
    endloop
  endfacet
  facet normal 0.6015574115532787 0.38323433706896404 0.7008995102699324
    outer loop
      vertex 54.46222953578097 102.46831416729098 4.700000000000001
      vertex 53.88316620490208 102.27991803278688 5.300000000000001
      vertex 53.97879554243009 102.12981004091988 5.300000000000001
    endloop
  endfacet
  facet normal 0.6015574115532952 0.3832343370689292 0.7008995102699374
    outer loop
      vertex 54.46222953578097 102.46831416729098 4.700000000000001
      vertex 54.39426316451257 102.575 4.700000000000001
      vertex 53.88316620490208 102.27991803278688 5.300000000000001
    endloop
  endfacet
  facet normal 0.6326693772808382 0.3293468317054827 0.7008995102699366
    outer loop
      vertex 54.39426316451257 102.575 4.700000000000001
      vertex 53.80098353939819 102.43778946436672 5.300000000000001
      vertex 53.88316620490208 102.27991803278688 5.300000000000001
    endloop
  endfacet
  facet normal 0.658966347031051 0.2729527980877305 0.7008995102699322
    outer loop
      vertex 54.33585370879686 102.68720352047599 4.700000000000001
      vertex 53.73287300562613 102.60222283873968 5.300000000000001
      vertex 53.80098353939819 102.43778946436672 5.300000000000001
    endloop
  endfacet
  facet normal 0.6802481849856103 0.21448142886307656 0.7008995102699358
    outer loop
      vertex 54.28744569986044 102.80407079217778 4.700000000000001
      vertex 53.679352965874195 102.7719667186392 5.300000000000001
      vertex 53.73287300562613 102.60222283873968 5.300000000000001
    endloop
  endfacet
  facet normal 0.6963529235073366 0.15437772645739845 0.7008995102699316
    outer loop
      vertex 54.24940755188086 102.92471238460134 4.700000000000001
      vertex 53.64083073996117 102.94572925064507 5.300000000000001
      vertex 53.679352965874195 102.7719667186392 5.300000000000001
    endloop
  endfacet
  facet normal 0.6326693772808261 0.32934683170551565 0.7008995102699321
    outer loop
      vertex 54.33585370879686 102.68720352047599 4.700000000000001
      vertex 53.80098353939819 102.43778946436672 5.300000000000001
      vertex 54.39426316451257 102.575 4.700000000000001
    endloop
  endfacet
  facet normal 0.6589663470310602 0.27295279808769746 0.7008995102699368
    outer loop
      vertex 54.33585370879686 102.68720352047599 4.700000000000001
      vertex 54.28744569986044 102.80407079217778 4.700000000000001
      vertex 53.73287300562613 102.60222283873968 5.300000000000001
    endloop
  endfacet
  facet normal 0.6802481849856021 0.21448142886312205 0.7008995102699299
    outer loop
      vertex 54.28744569986044 102.80407079217778 4.700000000000001
      vertex 54.24940755188086 102.92471238460134 4.700000000000001
      vertex 53.679352965874195 102.7719667186392 5.300000000000001
    endloop
  endfacet
  facet normal 0.7071579958117888 0.09309911633749958 0.700899510269932
    outer loop
      vertex 54.2220287581323 103.04821014238294 4.700000000000001
      vertex 53.617599505286606 103.1221879969681 5.300000000000001
      vertex 53.64083073996117 102.94572925064507 5.300000000000001
    endloop
  endfacet
  facet normal 0.7125811687744329 0.03111196572754512 0.7008995102699324
    outer loop
      vertex 54.20551768776698 103.1736241730159 4.700000000000001
      vertex 53.60983606557378 103.3 5.300000000000001
      vertex 53.617599505286606 103.1221879969681 5.300000000000001
    endloop
  endfacet
  facet normal 0.7125811687744362 -0.03111196572754529 0.700899510269929
    outer loop
      vertex 54.2 103.3 4.700000000000001
      vertex 53.617599505286606 103.4778120030319 5.300000000000001
      vertex 53.60983606557378 103.3 5.300000000000001
    endloop
  endfacet
  facet normal 0.6963529235073376 0.15437772645738898 0.7008995102699329
    outer loop
      vertex 54.2220287581323 103.04821014238294 4.700000000000001
      vertex 53.64083073996117 102.94572925064507 5.300000000000001
      vertex 54.24940755188086 102.92471238460134 4.700000000000001
    endloop
  endfacet
  facet normal 0.7071579958117891 0.09309911633749132 0.7008995102699331
    outer loop
      vertex 54.2220287581323 103.04821014238294 4.700000000000001
      vertex 54.20551768776698 103.1736241730159 4.700000000000001
      vertex 53.617599505286606 103.1221879969681 5.300000000000001
    endloop
  endfacet
  facet normal 0.7125811687744356 0.03111196572757677 0.7008995102699282
    outer loop
      vertex 54.20551768776698 103.1736241730159 4.700000000000001
      vertex 54.2 103.3 4.700000000000001
      vertex 53.60983606557378 103.3 5.300000000000001
    endloop
  endfacet
  facet normal 0.7071579958117881 -0.09309911633749952 0.7008995102699329
    outer loop
      vertex 54.20551768776698 103.4263758269841 4.700000000000001
      vertex 53.64083073996117 103.65427074935492 5.300000000000001
      vertex 53.617599505286606 103.4778120030319 5.300000000000001
    endloop
  endfacet
  facet normal 0.6963529235073357 -0.15437772645739817 0.7008995102699327
    outer loop
      vertex 54.2220287581323 103.55178985761705 4.700000000000001
      vertex 53.679352965874195 103.82803328136079 5.300000000000001
      vertex 53.64083073996117 103.65427074935492 5.300000000000001
    endloop
  endfacet
  facet normal 0.7125811687744309 -0.03111196572757657 0.7008995102699331
    outer loop
      vertex 54.2 103.3 4.700000000000001
      vertex 54.20551768776698 103.4263758269841 4.700000000000001
      vertex 53.617599505286606 103.4778120030319 5.300000000000001
    endloop
  endfacet
  facet normal 0.7071579958117902 -0.09309911633749147 0.7008995102699318
    outer loop
      vertex 54.20551768776698 103.4263758269841 4.700000000000001
      vertex 54.2220287581323 103.55178985761705 4.700000000000001
      vertex 53.64083073996117 103.65427074935492 5.300000000000001
    endloop
  endfacet
  facet normal 0.6963529235073388 -0.15437772645738926 0.7008995102699315
    outer loop
      vertex 54.2220287581323 103.55178985761705 4.700000000000001
      vertex 54.24940755188086 103.67528761539866 4.700000000000001
      vertex 53.679352965874195 103.82803328136079 5.300000000000001
    endloop
  endfacet
  facet normal 0.6802481849856149 -0.21448142886307806 0.7008995102699309
    outer loop
      vertex 54.24940755188086 103.67528761539866 4.700000000000001
      vertex 53.73287300562613 103.99777716126032 5.300000000000001
      vertex 53.679352965874195 103.82803328136079 5.300000000000001
    endloop
  endfacet
  facet normal 0.6589663470310574 -0.2729527980877045 0.7008995102699366
    outer loop
      vertex 54.28744569986044 103.79592920782221 4.700000000000001
      vertex 53.80098353939818 104.16221053563328 5.300000000000001
      vertex 53.73287300562613 103.99777716126032 5.300000000000001
    endloop
  endfacet
  facet normal 0.6802481849855957 -0.21448142886312002 0.7008995102699368
    outer loop
      vertex 54.24940755188086 103.67528761539866 4.700000000000001
      vertex 54.28744569986044 103.79592920782221 4.700000000000001
      vertex 53.73287300562613 103.99777716126032 5.300000000000001
    endloop
  endfacet
  facet normal 0.658966347031061 -0.27295279808769785 0.7008995102699356
    outer loop
      vertex 54.28744569986044 103.79592920782221 4.700000000000001
      vertex 54.33585370879686 103.912796479524 4.700000000000001
      vertex 53.80098353939818 104.16221053563328 5.300000000000001
    endloop
  endfacet
  facet normal 0.6326693772808214 -0.32934683170551327 0.7008995102699374
    outer loop
      vertex 54.33585370879686 103.912796479524 4.700000000000001
      vertex 54.39426316451257 104.02499999999999 4.700000000000001
      vertex 53.88316620490208 104.32008196721311 5.300000000000001
    endloop
  endfacet
  facet normal 0.6326693772808268 -0.32934683170550555 0.7008995102699361
    outer loop
      vertex 54.33585370879686 103.912796479524 4.700000000000001
      vertex 53.88316620490208 104.32008196721311 5.300000000000001
      vertex 53.80098353939818 104.16221053563328 5.300000000000001
    endloop
  endfacet
  facet normal 0.6015574115532961 -0.3832343370689298 0.700899510269936
    outer loop
      vertex 54.39426316451257 104.02499999999999 4.700000000000001
      vertex 54.46222953578097 104.13168583270901 4.700000000000001
      vertex 53.97879554243009 104.47018995908013 5.300000000000001
    endloop
  endfacet
  facet normal 0.5658672306935402 -0.4342051977240567 0.7008995102699364
    outer loop
      vertex 54.46222953578097 104.13168583270901 4.700000000000001
      vertex 54.53923555747749 104.23204203404548 4.700000000000001
      vertex 54.08714375498104 104.61139209877852 5.300000000000001
    endloop
  endfacet
  facet normal 0.601557411553291 -0.3832343370689358 0.7008995102699371
    outer loop
      vertex 54.39426316451257 104.02499999999999 4.700000000000001
      vertex 53.97879554243009 104.47018995908013 5.300000000000001
      vertex 53.88316620490208 104.32008196721311 5.300000000000001
    endloop
  endfacet
  facet normal 0.5258704585282343 -0.4818714946442394 0.7008995102699325
    outer loop
      vertex 54.53923555747749 104.23204203404548 4.700000000000001
      vertex 54.62469516727951 104.32530483272049 4.700000000000001
      vertex 54.20738624723499 104.74261375276501 5.300000000000001
    endloop
  endfacet
  facet normal 0.5658672306935372 -0.4342051977240597 0.7008995102699369
    outer loop
      vertex 54.46222953578097 104.13168583270901 4.700000000000001
      vertex 54.08714375498104 104.61139209877852 5.300000000000001
      vertex 53.97879554243009 104.47018995908013 5.300000000000001
    endloop
  endfacet
  facet normal 0.5258704585282113 -0.4818714946442589 0.7008995102699364
    outer loop
      vertex 54.53923555747749 104.23204203404548 4.700000000000001
      vertex 54.20738624723499 104.74261375276501 5.300000000000001
      vertex 54.08714375498104 104.61139209877852 5.300000000000001
    endloop
  endfacet
  facet normal 0.48187149464426254 -0.5258704585282159 0.7008995102699304
    outer loop
      vertex 54.62469516727951 104.32530483272049 4.700000000000001
      vertex 54.717957965954525 104.41076444252252 4.700000000000001
      vertex 54.338607901221486 104.86285624501896 5.300000000000001
    endloop
  endfacet
  facet normal 0.48187149464424717 -0.5258704585282269 0.7008995102699327
    outer loop
      vertex 54.62469516727951 104.32530483272049 4.700000000000001
      vertex 54.338607901221486 104.86285624501896 5.300000000000001
      vertex 54.20738624723499 104.74261375276501 5.300000000000001
    endloop
  endfacet
  facet normal 0.4342051977240811 -0.565867230693532 0.7008995102699278
    outer loop
      vertex 54.717957965954525 104.41076444252252 4.700000000000001
      vertex 54.818314167290985 104.48777046421904 4.700000000000001
      vertex 54.47981004091988 104.97120445756991 5.300000000000001
    endloop
  endfacet
  facet normal 0.3832343370689323 -0.6015574115533001 0.7008995102699314
    outer loop
      vertex 54.818314167290985 104.48777046421904 4.700000000000001
      vertex 54.925000000000004 104.55573683548744 4.700000000000001
      vertex 54.62991803278689 105.06683379509792 5.300000000000001
    endloop
  endfacet
  facet normal 0.3293468317054855 -0.632669377280845 0.7008995102699289
    outer loop
      vertex 54.925000000000004 104.55573683548744 4.700000000000001
      vertex 55.03720352047599 104.61414629120314 4.700000000000001
      vertex 54.78778946436673 105.14901646060181 5.300000000000001
    endloop
  endfacet
  facet normal 0.43420519772406363 -0.5658672306935423 0.7008995102699305
    outer loop
      vertex 54.717957965954525 104.41076444252252 4.700000000000001
      vertex 54.47981004091988 104.97120445756991 5.300000000000001
      vertex 54.338607901221486 104.86285624501896 5.300000000000001
    endloop
  endfacet
  facet normal 0.3832343370689534 -0.6015574115532901 0.7008995102699282
    outer loop
      vertex 54.818314167290985 104.48777046421904 4.700000000000001
      vertex 54.62991803278689 105.06683379509792 5.300000000000001
      vertex 54.47981004091988 104.97120445756991 5.300000000000001
    endloop
  endfacet
  facet normal 0.3293468317054739 -0.6326693772808494 0.7008995102699304
    outer loop
      vertex 54.925000000000004 104.55573683548744 4.700000000000001
      vertex 54.78778946436673 105.14901646060181 5.300000000000001
      vertex 54.62991803278689 105.06683379509792 5.300000000000001
    endloop
  endfacet
  facet normal 0.2729527980877416 -0.6589663470310497 0.7008995102699294
    outer loop
      vertex 55.03720352047599 104.61414629120314 4.700000000000001
      vertex 54.95222283873969 105.21712699437387 5.300000000000001
      vertex 54.78778946436673 105.14901646060181 5.300000000000001
    endloop
  endfacet
  facet normal 0.272952798087698 -0.6589663470310616 0.700899510269935
    outer loop
      vertex 55.03720352047599 104.61414629120314 4.700000000000001
      vertex 55.154070792177784 104.66255430013956 4.700000000000001
      vertex 54.95222283873969 105.21712699437387 5.300000000000001
    endloop
  endfacet
  facet normal 0.21448142886313484 -0.6802481849855957 0.7008995102699321
    outer loop
      vertex 55.154070792177784 104.66255430013956 4.700000000000001
      vertex 55.27471238460135 104.70059244811915 4.700000000000001
      vertex 55.12196671863921 105.27064703412582 5.300000000000001
    endloop
  endfacet
  facet normal 0.15437772645731243 -0.6963529235073536 0.7008995102699337
    outer loop
      vertex 55.27471238460135 104.70059244811915 4.700000000000001
      vertex 55.39821014238296 104.72797124186769 4.700000000000001
      vertex 55.295729250645095 105.30916926003883 5.300000000000001
    endloop
  endfacet
  facet normal 0.09309911633757495 -0.7071579958117756 0.7008995102699356
    outer loop
      vertex 55.39821014238296 104.72797124186769 4.700000000000001
      vertex 55.523624173015904 104.74448231223303 4.700000000000001
      vertex 55.4721879969681 105.33240049471341 5.300000000000001
    endloop
  endfacet
  facet normal 0.21448142886311078 -0.6802481849856001 0.7008995102699354
    outer loop
      vertex 55.154070792177784 104.66255430013956 4.700000000000001
      vertex 55.12196671863921 105.27064703412582 5.300000000000001
      vertex 54.95222283873969 105.21712699437387 5.300000000000001
    endloop
  endfacet
  facet normal 0.15437772645732595 -0.6963529235073525 0.7008995102699319
    outer loop
      vertex 55.27471238460135 104.70059244811915 4.700000000000001
      vertex 55.295729250645095 105.30916926003883 5.300000000000001
      vertex 55.12196671863921 105.27064703412582 5.300000000000001
    endloop
  endfacet
  facet normal 0.09309911633759084 -0.7071579958117756 0.7008995102699336
    outer loop
      vertex 55.39821014238296 104.72797124186769 4.700000000000001
      vertex 55.4721879969681 105.33240049471341 5.300000000000001
      vertex 55.295729250645095 105.30916926003883 5.300000000000001
    endloop
  endfacet
  facet normal 0.031111965727516486 0.7125811687744327 0.700899510269934
    outer loop
      vertex 55.4721879969681 101.26759950528658 5.300000000000001
      vertex 55.650000000000006 101.25983606557377 5.300000000000001
      vertex 55.650000000000006 101.85 4.700000000000001
    endloop
  endfacet
  facet normal -0.031111965727516396 0.7125811687744306 0.7008995102699361
    outer loop
      vertex 55.650000000000006 101.25983606557377 5.300000000000001
      vertex 55.82781200303191 101.26759950528658 5.300000000000001
      vertex 55.77637582698411 101.85551768776696 4.700000000000001
    endloop
  endfacet
  facet normal -0.09309911633759073 0.7071579958117755 0.7008995102699336
    outer loop
      vertex 55.82781200303191 101.26759950528658 5.300000000000001
      vertex 56.004270749354916 101.29083073996117 5.300000000000001
      vertex 55.901789857617054 101.8720287581323 4.700000000000001
    endloop
  endfacet
  facet normal 0.03111196572753663 0.7125811687744292 0.7008995102699366
    outer loop
      vertex 55.4721879969681 101.26759950528658 5.300000000000001
      vertex 55.650000000000006 101.85 4.700000000000001
      vertex 55.523624173015904 101.85551768776696 4.700000000000001
    endloop
  endfacet
  facet normal -0.031111965727536574 0.7125811687744322 0.7008995102699336
    outer loop
      vertex 55.650000000000006 101.25983606557377 5.300000000000001
      vertex 55.77637582698411 101.85551768776696 4.700000000000001
      vertex 55.650000000000006 101.85 4.700000000000001
    endloop
  endfacet
  facet normal -0.09309911633757477 0.7071579958117756 0.7008995102699356
    outer loop
      vertex 55.82781200303191 101.26759950528658 5.300000000000001
      vertex 55.901789857617054 101.8720287581323 4.700000000000001
      vertex 55.77637582698411 101.85551768776696 4.700000000000001
    endloop
  endfacet
  facet normal -0.15437772645732611 0.6963529235073525 0.7008995102699319
    outer loop
      vertex 56.004270749354916 101.29083073996117 5.300000000000001
      vertex 56.178033281360804 101.32935296587418 5.300000000000001
      vertex 56.02528761539866 101.89940755188084 4.700000000000001
    endloop
  endfacet
  facet normal -0.15437772645731257 0.6963529235073537 0.7008995102699336
    outer loop
      vertex 56.004270749354916 101.29083073996117 5.300000000000001
      vertex 56.02528761539866 101.89940755188084 4.700000000000001
      vertex 55.901789857617054 101.8720287581323 4.700000000000001
    endloop
  endfacet
  facet normal -0.21448142886313465 0.6802481849855958 0.7008995102699322
    outer loop
      vertex 56.178033281360804 101.32935296587418 5.300000000000001
      vertex 56.14592920782223 101.93744569986043 4.700000000000001
      vertex 56.02528761539866 101.89940755188084 4.700000000000001
    endloop
  endfacet
  facet normal -0.21448142886311092 0.6802481849856001 0.7008995102699354
    outer loop
      vertex 56.178033281360804 101.32935296587418 5.300000000000001
      vertex 56.347777161260325 101.38287300562612 5.300000000000001
      vertex 56.14592920782223 101.93744569986043 4.700000000000001
    endloop
  endfacet
  facet normal -0.27295279808774164 0.6589663470310497 0.7008995102699294
    outer loop
      vertex 56.347777161260325 101.38287300562612 5.300000000000001
      vertex 56.51221053563328 101.45098353939818 5.300000000000001
      vertex 56.26279647952402 101.98585370879685 4.700000000000001
    endloop
  endfacet
  facet normal -0.2729527980876979 0.6589663470310616 0.700899510269935
    outer loop
      vertex 56.347777161260325 101.38287300562612 5.300000000000001
      vertex 56.26279647952402 101.98585370879685 4.700000000000001
      vertex 56.14592920782223 101.93744569986043 4.700000000000001
    endloop
  endfacet
  facet normal -0.3293468317054855 0.632669377280845 0.7008995102699289
    outer loop
      vertex 56.26279647952402 101.98585370879685 4.700000000000001
      vertex 56.51221053563328 101.45098353939818 5.300000000000001
      vertex 56.37500000000001 102.04426316451256 4.700000000000001
    endloop
  endfacet
  facet normal -0.3293468317054739 0.6326693772808494 0.7008995102699304
    outer loop
      vertex 56.37500000000001 102.04426316451256 4.700000000000001
      vertex 56.51221053563328 101.45098353939818 5.300000000000001
      vertex 56.67008196721312 101.53316620490207 5.300000000000001
    endloop
  endfacet
  facet normal -0.3832343370689323 0.6015574115533001 0.7008995102699314
    outer loop
      vertex 56.37500000000001 102.04426316451256 4.700000000000001
      vertex 56.67008196721312 101.53316620490207 5.300000000000001
      vertex 56.481685832709026 102.11222953578095 4.700000000000001
    endloop
  endfacet
  facet normal -0.3832343370689534 0.6015574115532901 0.7008995102699282
    outer loop
      vertex 56.481685832709026 102.11222953578095 4.700000000000001
      vertex 56.67008196721312 101.53316620490207 5.300000000000001
      vertex 56.82018995908013 101.62879554243008 5.300000000000001
    endloop
  endfacet
  facet normal -0.43420519772406363 0.5658672306935423 0.7008995102699305
    outer loop
      vertex 56.582042034045486 102.18923555747747 4.700000000000001
      vertex 56.82018995908013 101.62879554243008 5.300000000000001
      vertex 56.961392098778525 101.73714375498103 5.300000000000001
    endloop
  endfacet
  facet normal -0.43420519772408117 0.5658672306935321 0.7008995102699278
    outer loop
      vertex 56.481685832709026 102.11222953578095 4.700000000000001
      vertex 56.82018995908013 101.62879554243008 5.300000000000001
      vertex 56.582042034045486 102.18923555747747 4.700000000000001
    endloop
  endfacet
  facet normal -0.48187149464426254 0.5258704585282159 0.7008995102699304
    outer loop
      vertex 56.582042034045486 102.18923555747747 4.700000000000001
      vertex 56.961392098778525 101.73714375498103 5.300000000000001
      vertex 56.6753048327205 102.2746951672795 4.700000000000001
    endloop
  endfacet
  facet normal -0.48187149464424717 0.5258704585282269 0.7008995102699327
    outer loop
      vertex 56.6753048327205 102.2746951672795 4.700000000000001
      vertex 56.961392098778525 101.73714375498103 5.300000000000001
      vertex 57.09261375276502 101.85738624723498 5.300000000000001
    endloop
  endfacet
  facet normal -0.5258704585282113 0.4818714946442589 0.7008995102699364
    outer loop
      vertex 56.76076444252252 102.36795796595452 4.700000000000001
      vertex 57.09261375276502 101.85738624723498 5.300000000000001
      vertex 57.21285624501897 101.98860790122147 5.300000000000001
    endloop
  endfacet
  facet normal -0.5258704585282343 0.4818714946442394 0.7008995102699327
    outer loop
      vertex 56.6753048327205 102.2746951672795 4.700000000000001
      vertex 57.09261375276502 101.85738624723498 5.300000000000001
      vertex 56.76076444252252 102.36795796595452 4.700000000000001
    endloop
  endfacet
  facet normal -0.5658672306935402 0.4342051977240567 0.7008995102699364
    outer loop
      vertex 56.76076444252252 102.36795796595452 4.700000000000001
      vertex 57.21285624501897 101.98860790122147 5.300000000000001
      vertex 56.83777046421904 102.46831416729098 4.700000000000001
    endloop
  endfacet
  facet normal -0.5658672306935372 0.4342051977240597 0.7008995102699369
    outer loop
      vertex 56.83777046421904 102.46831416729098 4.700000000000001
      vertex 57.21285624501897 101.98860790122147 5.300000000000001
      vertex 57.32120445756992 102.12981004091986 5.300000000000001
    endloop
  endfacet
  facet normal -0.601557411553291 0.3832343370689358 0.7008995102699371
    outer loop
      vertex 56.90573683548744 102.575 4.700000000000001
      vertex 57.32120445756992 102.12981004091986 5.300000000000001
      vertex 57.41683379509793 102.27991803278688 5.300000000000001
    endloop
  endfacet
  facet normal -0.6015574115532961 0.3832343370689298 0.700899510269936
    outer loop
      vertex 56.83777046421904 102.46831416729098 4.700000000000001
      vertex 57.32120445756992 102.12981004091986 5.300000000000001
      vertex 56.90573683548744 102.575 4.700000000000001
    endloop
  endfacet
  facet normal -0.6326693772808214 0.32934683170551327 0.7008995102699374
    outer loop
      vertex 56.90573683548744 102.575 4.700000000000001
      vertex 57.41683379509793 102.27991803278688 5.300000000000001
      vertex 56.96414629120315 102.68720352047599 4.700000000000001
    endloop
  endfacet
  facet normal -0.6326693772808268 0.32934683170550555 0.7008995102699361
    outer loop
      vertex 56.96414629120315 102.68720352047599 4.700000000000001
      vertex 57.41683379509793 102.27991803278688 5.300000000000001
      vertex 57.49901646060183 102.43778946436672 5.300000000000001
    endloop
  endfacet
  facet normal -0.658966347031061 0.27295279808769785 0.7008995102699356
    outer loop
      vertex 56.96414629120315 102.68720352047599 4.700000000000001
      vertex 57.49901646060183 102.43778946436672 5.300000000000001
      vertex 57.01255430013957 102.80407079217778 4.700000000000001
    endloop
  endfacet
  facet normal -0.6589663470310574 0.2729527980877045 0.7008995102699366
    outer loop
      vertex 57.01255430013957 102.80407079217778 4.700000000000001
      vertex 57.49901646060183 102.43778946436672 5.300000000000001
      vertex 57.56712699437388 102.60222283873968 5.300000000000001
    endloop
  endfacet
  facet normal -0.6802481849855957 0.21448142886312002 0.7008995102699368
    outer loop
      vertex 57.01255430013957 102.80407079217778 4.700000000000001
      vertex 57.56712699437388 102.60222283873968 5.300000000000001
      vertex 57.050592448119154 102.92471238460134 4.700000000000001
    endloop
  endfacet
  facet normal -0.6963529235073388 0.15437772645738926 0.7008995102699315
    outer loop
      vertex 57.050592448119154 102.92471238460134 4.700000000000001
      vertex 57.62064703412582 102.7719667186392 5.300000000000001
      vertex 57.07797124186771 103.04821014238294 4.700000000000001
    endloop
  endfacet
  facet normal -0.6802481849856149 0.21448142886307806 0.7008995102699309
    outer loop
      vertex 57.050592448119154 102.92471238460134 4.700000000000001
      vertex 57.56712699437388 102.60222283873968 5.300000000000001
      vertex 57.62064703412582 102.7719667186392 5.300000000000001
    endloop
  endfacet
  facet normal -0.6963529235073357 0.15437772645739817 0.7008995102699327
    outer loop
      vertex 57.07797124186771 103.04821014238294 4.700000000000001
      vertex 57.62064703412582 102.7719667186392 5.300000000000001
      vertex 57.659169260038844 102.94572925064507 5.300000000000001
    endloop
  endfacet
  facet normal -0.7071579958117902 0.09309911633749146 0.7008995102699319
    outer loop
      vertex 57.07797124186771 103.04821014238294 4.700000000000001
      vertex 57.659169260038844 102.94572925064507 5.300000000000001
      vertex 57.09448231223303 103.1736241730159 4.700000000000001
    endloop
  endfacet
  facet normal -0.7125811687744309 0.03111196572757657 0.7008995102699331
    outer loop
      vertex 57.09448231223303 103.1736241730159 4.700000000000001
      vertex 57.682400494713406 103.1221879969681 5.300000000000001
      vertex 57.10000000000001 103.3 4.700000000000001
    endloop
  endfacet
  facet normal -0.7125811687744356 -0.03111196572757677 0.7008995102699282
    outer loop
      vertex 57.10000000000001 103.3 4.700000000000001
      vertex 57.69016393442623 103.3 5.300000000000001
      vertex 57.09448231223303 103.4263758269841 4.700000000000001
    endloop
  endfacet
  facet normal -0.7071579958117891 -0.09309911633749132 0.7008995102699331
    outer loop
      vertex 57.07797124186771 103.55178985761705 4.700000000000001
      vertex 57.09448231223303 103.4263758269841 4.700000000000001
      vertex 57.682400494713406 103.4778120030319 5.300000000000001
    endloop
  endfacet
  facet normal -0.6963529235073376 -0.15437772645738898 0.7008995102699329
    outer loop
      vertex 57.07797124186771 103.55178985761705 4.700000000000001
      vertex 57.659169260038844 103.65427074935492 5.300000000000001
      vertex 57.050592448119154 103.67528761539866 4.700000000000001
    endloop
  endfacet
  facet normal -0.6802481849856021 -0.21448142886312205 0.7008995102699299
    outer loop
      vertex 57.01255430013957 103.79592920782221 4.700000000000001
      vertex 57.050592448119154 103.67528761539866 4.700000000000001
      vertex 57.62064703412582 103.82803328136079 5.300000000000001
    endloop
  endfacet
  facet normal -0.6963529235073366 -0.15437772645739845 0.7008995102699316
    outer loop
      vertex 57.050592448119154 103.67528761539866 4.700000000000001
      vertex 57.659169260038844 103.65427074935492 5.300000000000001
      vertex 57.62064703412582 103.82803328136079 5.300000000000001
    endloop
  endfacet
  facet normal -0.7071579958117881 0.09309911633749952 0.7008995102699329
    outer loop
      vertex 57.09448231223303 103.1736241730159 4.700000000000001
      vertex 57.659169260038844 102.94572925064507 5.300000000000001
      vertex 57.682400494713406 103.1221879969681 5.300000000000001
    endloop
  endfacet
  facet normal -0.7125811687744362 0.03111196572754529 0.700899510269929
    outer loop
      vertex 57.10000000000001 103.3 4.700000000000001
      vertex 57.682400494713406 103.1221879969681 5.300000000000001
      vertex 57.69016393442623 103.3 5.300000000000001
    endloop
  endfacet
  facet normal -0.7125811687744329 -0.03111196572754512 0.7008995102699324
    outer loop
      vertex 57.09448231223303 103.4263758269841 4.700000000000001
      vertex 57.69016393442623 103.3 5.300000000000001
      vertex 57.682400494713406 103.4778120030319 5.300000000000001
    endloop
  endfacet
  facet normal -0.7071579958117888 -0.09309911633749958 0.700899510269932
    outer loop
      vertex 57.07797124186771 103.55178985761705 4.700000000000001
      vertex 57.682400494713406 103.4778120030319 5.300000000000001
      vertex 57.659169260038844 103.65427074935492 5.300000000000001
    endloop
  endfacet
  facet normal -0.6589663470310602 -0.27295279808769746 0.7008995102699368
    outer loop
      vertex 57.01255430013957 103.79592920782221 4.700000000000001
      vertex 57.56712699437388 103.99777716126032 5.300000000000001
      vertex 56.96414629120315 103.912796479524 4.700000000000001
    endloop
  endfacet
  facet normal -0.6802481849856103 -0.21448142886307656 0.7008995102699358
    outer loop
      vertex 57.01255430013957 103.79592920782221 4.700000000000001
      vertex 57.62064703412582 103.82803328136079 5.300000000000001
      vertex 57.56712699437388 103.99777716126032 5.300000000000001
    endloop
  endfacet
  facet normal -0.6326693772808261 -0.32934683170551565 0.7008995102699321
    outer loop
      vertex 56.90573683548744 104.02499999999999 4.700000000000001
      vertex 56.96414629120315 103.912796479524 4.700000000000001
      vertex 57.49901646060182 104.16221053563328 5.300000000000001
    endloop
  endfacet
  facet normal -0.6015574115532952 -0.3832343370689292 0.7008995102699374
    outer loop
      vertex 56.90573683548744 104.02499999999999 4.700000000000001
      vertex 57.41683379509793 104.32008196721311 5.300000000000001
      vertex 56.83777046421904 104.13168583270901 4.700000000000001
    endloop
  endfacet
  facet normal -0.658966347031051 -0.2729527980877305 0.7008995102699322
    outer loop
      vertex 56.96414629120315 103.912796479524 4.700000000000001
      vertex 57.56712699437388 103.99777716126032 5.300000000000001
      vertex 57.49901646060182 104.16221053563328 5.300000000000001
    endloop
  endfacet
  facet normal -0.6326693772808382 -0.3293468317054827 0.7008995102699366
    outer loop
      vertex 56.90573683548744 104.02499999999999 4.700000000000001
      vertex 57.49901646060182 104.16221053563328 5.300000000000001
      vertex 57.41683379509793 104.32008196721311 5.300000000000001
    endloop
  endfacet
  facet normal -0.43420519772407934 -0.5658672306935296 0.7008995102699309
    outer loop
      vertex 56.582042034045486 104.41076444252252 4.700000000000001
      vertex 56.961392098778525 104.86285624501896 5.300000000000001
      vertex 56.481685832709026 104.48777046421904 4.700000000000001
    endloop
  endfacet
  facet normal -0.5258704585282288 -0.48187149464423434 0.7008995102699402
    outer loop
      vertex 56.6753048327205 104.32530483272049 4.700000000000001
      vertex 56.76076444252252 104.23204203404548 4.700000000000001
      vertex 57.212856245018976 104.61139209877852 5.300000000000001
    endloop
  endfacet
  facet normal -0.4818714946442607 -0.5258704585282139 0.7008995102699331
    outer loop
      vertex 56.582042034045486 104.41076444252252 4.700000000000001
      vertex 56.6753048327205 104.32530483272049 4.700000000000001
      vertex 57.09261375276502 104.74261375276501 5.300000000000001
    endloop
  endfacet
  facet normal -0.5658672306935437 -0.4342051977240594 0.7008995102699317
    outer loop
      vertex 56.76076444252252 104.23204203404548 4.700000000000001
      vertex 56.83777046421904 104.13168583270901 4.700000000000001
      vertex 57.32120445756992 104.47018995908012 5.300000000000001
    endloop
  endfacet
  facet normal -0.6015574115532787 -0.38323433706896404 0.7008995102699324
    outer loop
      vertex 56.83777046421904 104.13168583270901 4.700000000000001
      vertex 57.41683379509793 104.32008196721311 5.300000000000001
      vertex 57.32120445756992 104.47018995908012 5.300000000000001
    endloop
  endfacet
  facet normal -0.5658672306935706 -0.43420519772401345 0.7008995102699387
    outer loop
      vertex 56.76076444252252 104.23204203404548 4.700000000000001
      vertex 57.32120445756992 104.47018995908012 5.300000000000001
      vertex 57.212856245018976 104.61139209877852 5.300000000000001
    endloop
  endfacet
  facet normal -0.5258704585281991 -0.48187149464427625 0.7008995102699338
    outer loop
      vertex 56.6753048327205 104.32530483272049 4.700000000000001
      vertex 57.212856245018976 104.61139209877852 5.300000000000001
      vertex 57.09261375276502 104.74261375276501 5.300000000000001
    endloop
  endfacet
  facet normal 0.031111965727536564 -0.7125811687744322 0.7008995102699336
    outer loop
      vertex 55.523624173015904 104.74448231223303 4.700000000000001
      vertex 55.650000000000006 104.75 4.700000000000001
      vertex 55.650000000000006 105.34016393442623 5.300000000000001
    endloop
  endfacet
  facet normal -0.031111965727536432 -0.7125811687744293 0.7008995102699365
    outer loop
      vertex 55.650000000000006 104.75 4.700000000000001
      vertex 55.77637582698411 104.74448231223303 4.700000000000001
      vertex 55.82781200303191 105.33240049471341 5.300000000000001
    endloop
  endfacet
  facet normal -0.09309911633757524 -0.7071579958117779 0.7008995102699331
    outer loop
      vertex 55.77637582698411 104.74448231223303 4.700000000000001
      vertex 55.901789857617054 104.72797124186769 4.700000000000001
      vertex 56.004270749354916 105.30916926003883 5.300000000000001
    endloop
  endfacet
  facet normal -0.32934683170548473 -0.6326693772808435 0.7008995102699308
    outer loop
      vertex 56.26279647952402 104.61414629120314 4.700000000000001
      vertex 56.37500000000001 104.55573683548744 4.700000000000001
      vertex 56.67008196721312 105.06683379509792 5.300000000000001
    endloop
  endfacet
  facet normal -0.21448142886313376 -0.6802481849855923 0.7008995102699358
    outer loop
      vertex 56.02528761539866 104.70059244811915 4.700000000000001
      vertex 56.14592920782223 104.66255430013956 4.700000000000001
      vertex 56.347777161260325 105.21712699437387 5.300000000000001
    endloop
  endfacet
  facet normal -0.15437772645731287 -0.6963529235073556 0.7008995102699317
    outer loop
      vertex 55.901789857617054 104.72797124186769 4.700000000000001
      vertex 56.02528761539866 104.70059244811915 4.700000000000001
      vertex 56.178033281360804 105.27064703412582 5.300000000000001
    endloop
  endfacet
  facet normal -0.27295279808770057 -0.6589663470310677 0.7008995102699282
    outer loop
      vertex 56.14592920782223 104.66255430013956 4.700000000000001
      vertex 56.26279647952402 104.61414629120314 4.700000000000001
      vertex 56.51221053563328 105.14901646060181 5.300000000000001
    endloop
  endfacet
  facet normal 0.031111965727516396 -0.7125811687744306 0.7008995102699361
    outer loop
      vertex 55.4721879969681 105.33240049471341 5.300000000000001
      vertex 55.523624173015904 104.74448231223303 4.700000000000001
      vertex 55.650000000000006 105.34016393442623 5.300000000000001
    endloop
  endfacet
  facet normal -0.031111965727516476 -0.7125811687744327 0.700899510269934
    outer loop
      vertex 55.650000000000006 104.75 4.700000000000001
      vertex 55.82781200303191 105.33240049471341 5.300000000000001
      vertex 55.650000000000006 105.34016393442623 5.300000000000001
    endloop
  endfacet
  facet normal -0.09309911633759063 -0.7071579958117739 0.7008995102699351
    outer loop
      vertex 55.77637582698411 104.74448231223303 4.700000000000001
      vertex 56.004270749354916 105.30916926003883 5.300000000000001
      vertex 55.82781200303191 105.33240049471341 5.300000000000001
    endloop
  endfacet
  facet normal -0.21448142886311183 -0.6802481849856025 0.7008995102699328
    outer loop
      vertex 56.02528761539866 104.70059244811915 4.700000000000001
      vertex 56.347777161260325 105.21712699437387 5.300000000000001
      vertex 56.178033281360804 105.27064703412582 5.300000000000001
    endloop
  endfacet
  facet normal -0.1543777264573257 -0.6963529235073511 0.7008995102699334
    outer loop
      vertex 55.901789857617054 104.72797124186769 4.700000000000001
      vertex 56.178033281360804 105.27064703412582 5.300000000000001
      vertex 56.004270749354916 105.30916926003883 5.300000000000001
    endloop
  endfacet
  facet normal -0.2729527980877399 -0.6589663470310454 0.7008995102699341
    outer loop
      vertex 56.14592920782223 104.66255430013956 4.700000000000001
      vertex 56.51221053563328 105.14901646060181 5.300000000000001
      vertex 56.347777161260325 105.21712699437387 5.300000000000001
    endloop
  endfacet
  facet normal -0.3832343370689341 -0.601557411553303 0.7008995102699278
    outer loop
      vertex 56.37500000000001 104.55573683548744 4.700000000000001
      vertex 56.481685832709026 104.48777046421904 4.700000000000001
      vertex 56.82018995908013 104.97120445756991 5.300000000000001
    endloop
  endfacet
  facet normal -0.4818714946442485 -0.5258704585282286 0.7008995102699307
    outer loop
      vertex 56.582042034045486 104.41076444252252 4.700000000000001
      vertex 57.09261375276502 104.74261375276501 5.300000000000001
      vertex 56.961392098778525 104.86285624501896 5.300000000000001
    endloop
  endfacet
  facet normal -0.43420519772406485 -0.5658672306935437 0.7008995102699284
    outer loop
      vertex 56.481685832709026 104.48777046421904 4.700000000000001
      vertex 56.961392098778525 104.86285624501896 5.300000000000001
      vertex 56.82018995908013 104.97120445756991 5.300000000000001
    endloop
  endfacet
  facet normal -0.38323433706895205 -0.6015574115532882 0.7008995102699308
    outer loop
      vertex 56.37500000000001 104.55573683548744 4.700000000000001
      vertex 56.82018995908013 104.97120445756991 5.300000000000001
      vertex 56.67008196721312 105.06683379509792 5.300000000000001
    endloop
  endfacet
  facet normal -0.3293468317054745 -0.6326693772808506 0.7008995102699291
    outer loop
      vertex 56.26279647952402 104.61414629120314 4.700000000000001
      vertex 56.67008196721312 105.06683379509792 5.300000000000001
      vertex 56.51221053563328 105.14901646060181 5.300000000000001
    endloop
  endfacet
  facet normal 0 -1 0
    outer loop
      vertex 4.399999999999999 85.9 0
      vertex 4.399999999999999 85.9 0.01
      vertex 1.6 85.9 0
    endloop
  endfacet
  facet normal 0 -1 0
    outer loop
      vertex 1.6 85.9 0
      vertex 4.2 85.9 2.2
      vertex 0 85.9 1.6
    endloop
  endfacet
  facet normal 0 -1 0
    outer loop
      vertex 4.399999999999999 85.9 0.01
      vertex 6.399999999999999 85.9 1.62
      vertex 1.6 85.9 0
    endloop
  endfacet
  facet normal 0 -1 0
    outer loop
      vertex 6.399999999999999 85.9 2.2
      vertex 1.6 85.9 0
      vertex 6.399999999999999 85.9 1.62
    endloop
  endfacet
  facet normal 0 -1 0
    outer loop
      vertex 6.399999999999999 85.9 2.2
      vertex 4.2 85.9 2.2
      vertex 1.6 85.9 0
    endloop
  endfacet
  facet normal 0 -1 0
    outer loop
      vertex 0 85.9 1.6
      vertex 4.2 85.9 2.2
      vertex 0 85.9 13.299999999999999
    endloop
  endfacet
  facet normal 0 -1 0
    outer loop
      vertex 4.2 85.9 2.2
      vertex 1.6 85.9 14.899999999999999
      vertex 0 85.9 13.299999999999999
    endloop
  endfacet
  facet normal 0 -1 0
    outer loop
      vertex 4.2 85.9 2.2
      vertex 4.2 85.9 14.899999999999999
      vertex 1.6 85.9 14.899999999999999
    endloop
  endfacet
  facet normal 0 -1 0
    outer loop
      vertex 59 85.9 0.01
      vertex 59 85.9 0
      vertex 59.2 85.9 2.2
    endloop
  endfacet
  facet normal 0 -1 0
    outer loop
      vertex 57 85.9 1.62
      vertex 59 85.9 0.01
      vertex 59.2 85.9 2.2
    endloop
  endfacet
  facet normal 0 -1 0
    outer loop
      vertex 59 85.9 0
      vertex 61.800000002980234 85.9 0
      vertex 59.2 85.9 2.2
    endloop
  endfacet
  facet normal 0 -1 0
    outer loop
      vertex 61.800000002980234 85.9 0
      vertex 63.399999998509884 85.9 1.6
      vertex 59.2 85.9 2.2
    endloop
  endfacet
  facet normal 0 -1 0
    outer loop
      vertex 57 85.9 2.2
      vertex 57 85.9 1.62
      vertex 59.2 85.9 2.2
    endloop
  endfacet
  facet normal 0 -1 0
    outer loop
      vertex 59.2 85.9 14.899999999999999
      vertex 59.2 85.9 2.2
      vertex 63.399999998509884 85.9 1.6
    endloop
  endfacet
  facet normal 0 -1 0
    outer loop
      vertex 59.2 85.9 14.899999999999999
      vertex 63.399999998509884 85.9 1.6
      vertex 63.399999998509884 85.9 13.299999999999999
    endloop
  endfacet
  facet normal 0 -1 0
    outer loop
      vertex 59.2 85.9 14.899999999999999
      vertex 63.399999998509884 85.9 13.299999999999999
      vertex 61.800000002980234 85.9 14.899999999999999
    endloop
  endfacet
endsolid OpenSCAD_Model
