solid OpenSCAD_Model
  facet normal -0.5215819545117647 0.47794181062357055 0.7067700406677906
    outer loop
      vertex 4.354415591061115 -4.354415591061115 2
      vertex 3.7887301594018936 -3.7887301594018936 1.2
      vertex 4.1422400057315825 -4.585964608192444 2
    endloop
  endfacet
  facet normal -0.5612525534180856 0.4306642360748471 0.7067700383064829
    outer loop
      vertex 3.951052638888359 -4.835124830901623 2
      vertex 3.5294044464826584 -4.071734517812729 1.2
      vertex 3.2957310006022453 -4.376263678073883 1.2
    endloop
  endfacet
  facet normal -0.5215819616448897 0.47794180559233246 0.7067700388059824
    outer loop
      vertex 4.1422400057315825 -4.585964608192444 2
      vertex 3.7887301594018936 -3.7887301594018936 1.2
      vertex 3.5294044464826584 -4.071734517812729 1.2
    endloop
  endfacet
  facet normal 0 0 1
    outer loop
      vertex 3.637291970849037 -5.378574262559414 2
      vertex 3.5171065658330916 -5.66872748285532 2
      vertex 3.78230854421854 -5.100000004470348 2
    endloop
  endfacet
  facet normal 0 0 1
    outer loop
      vertex 3.5171065658330916 -5.66872748285532 2
      vertex 3.4226670295000075 -5.968251439929008 2
      vertex 3.78230854421854 -5.100000004470348 2
    endloop
  endfacet
  facet normal 0 0 1
    outer loop
      vertex 3.4226670295000075 -5.968251439929008 2
      vertex 3.3136990919709204 -6.5862393260002134 2
      vertex 4.354415591061115 -4.354415591061115 2
    endloop
  endfacet
  facet normal 0 0 1
    outer loop
      vertex 3.78230854421854 -5.100000004470348 2
      vertex 3.4226670295000075 -5.968251439929008 2
      vertex 4.354415591061115 -4.354415591061115 2
    endloop
  endfacet
  facet normal 0 0 1
    outer loop
      vertex 3.78230854421854 -5.100000004470348 2
      vertex 4.354415591061115 -4.354415591061115 2
      vertex 3.951052638888359 -4.835124830901623 2
    endloop
  endfacet
  facet normal 0 0 1
    outer loop
      vertex 3.4226670295000075 -5.968251439929008 2
      vertex 3.3546920895576475 -6.274866561591625 2
      vertex 3.3136990919709204 -6.5862393260002134 2
    endloop
  endfacet
  facet normal 0 0 1
    outer loop
      vertex 3.3 -6.900000001490116 2
      vertex 4.354415591061115 -4.354415591061115 2
      vertex 3.3136990919709204 -6.5862393260002134 2
    endloop
  endfacet
  facet normal -0.6747007306486876 0.21273231292941017 0.7067700383419142
    outer loop
      vertex 3.5171065658330916 -5.66872748285532 2
      vertex 2.6499263644218445 -5.761196203529835 1.2
      vertex 3.4226670295000075 -5.968251439929008 2
    endloop
  endfacet
  facet normal -0.6275099277659768 0.32666099358300926 0.7067700374425191
    outer loop
      vertex 3.78230854421854 -5.100000004470348 2
      vertex 3.089488223195076 -4.699999995529652 1.2
      vertex 2.912245735526085 -5.0404796451330185 1.2
    endloop
  endfacet
  facet normal -0.6535924434292738 0.27072685695858345 0.7067700381407507
    outer loop
      vertex 3.5171065658330916 -5.66872748285532 2
      vertex 2.912245735526085 -5.0404796451330185 1.2
      vertex 2.765352465212345 -5.395111367106438 1.2
    endloop
  endfacet
  facet normal -0.6747007305137941 0.21273231441260615 0.7067700380242563
    outer loop
      vertex 3.5171065658330916 -5.66872748285532 2
      vertex 2.765352465212345 -5.395111367106438 1.2
      vertex 2.6499263644218445 -5.761196203529835 1.2
    endloop
  endfacet
  facet normal -0.7013910870107102 0.09233987819003003 0.7067700403651705
    outer loop
      vertex 3.3546920895576475 -6.274866561591625 2
      vertex 2.5167433246970177 -6.5165147334337234 1.2
      vertex 3.3136990919709204 -6.5862393260002134 2
    endloop
  endfacet
  facet normal -0.6906741293827938 0.15311877708431113 0.7067700383473572
    outer loop
      vertex 3.4226670295000075 -5.968251439929008 2
      vertex 2.6499263644218445 -5.761196203529835 1.2
      vertex 3.3546920895576475 -6.274866561591625 2
    endloop
  endfacet
  facet normal -0.7067700317841749 0.03085825734083573 0.7067700404839492
    outer loop
      vertex 3.3 -6.900000001490116 2
      vertex 3.3136990919709204 -6.5862393260002134 2
      vertex 2.5167433246970177 -6.5165147334337234 1.2
    endloop
  endfacet
  facet normal -0.6906741322970574 0.15311877077824043 0.7067700368656465
    outer loop
      vertex 3.3546920895576475 -6.274866561591625 2
      vertex 2.6499263644218445 -5.761196203529835 1.2
      vertex 2.5668458864092827 -6.135948017239571 1.2
    endloop
  endfacet
  facet normal -0.7013910883514493 0.09233989414521776 0.7067700369500812
    outer loop
      vertex 3.3546920895576475 -6.274866561591625 2
      vertex 2.5668458864092827 -6.135948017239571 1.2
      vertex 2.5167433246970177 -6.5165147334337234 1.2
    endloop
  endfacet
  facet normal -0.7067700364630874 0.030858239636076465 0.7067700365780432
    outer loop
      vertex 3.3 -6.900000001490116 2
      vertex 2.5167433246970177 -6.5165147334337234 1.2
      vertex 2.5 -6.899999998509884 1.2
    endloop
  endfacet
  facet normal -0.5966516826896916 0.38010904031582565 0.7067700382824257
    outer loop
      vertex 3.78230854421854 -5.100000004470348 2
      vertex 3.951052638888359 -4.835124830901623 2
      vertex 3.2957310006022453 -4.376263678073883 1.2
    endloop
  endfacet
  facet normal -0.6535924375480707 0.27072686541946417 0.7067700403385265
    outer loop
      vertex 3.637291970849037 -5.378574262559414 2
      vertex 2.912245735526085 -5.0404796451330185 1.2
      vertex 3.5171065658330916 -5.66872748285532 2
    endloop
  endfacet
  facet normal -0.6275099315709823 0.3266609795750077 0.7067700405385596
    outer loop
      vertex 3.637291970849037 -5.378574262559414 2
      vertex 3.78230854421854 -5.100000004470348 2
      vertex 2.912245735526085 -5.0404796451330185 1.2
    endloop
  endfacet
  facet normal -0.5612525513052848 0.4306642378600893 0.7067700388964554
    outer loop
      vertex 3.951052638888359 -4.835124830901623 2
      vertex 4.1422400057315825 -4.585964608192444 2
      vertex 3.5294044464826584 -4.071734517812729 1.2
    endloop
  endfacet
  facet normal -0.5966516841194098 0.38010903887626046 0.7067700378496796
    outer loop
      vertex 3.78230854421854 -5.100000004470348 2
      vertex 3.2957310006022453 -4.376263678073883 1.2
      vertex 3.089488223195076 -4.699999995529652 1.2
    endloop
  endfacet
  facet normal 0 0 1
    outer loop
      vertex 4.354415591061115 -4.354415591061115 2
      vertex 4.835124830901623 -3.951052638888359 2
      vertex 4.585964608192444 -4.1422400057315825 2
    endloop
  endfacet
  facet normal 0 0 1
    outer loop
      vertex 4.835124830901623 -3.951052638888359 2
      vertex 5.66872748285532 -3.5171065658330916 2
      vertex 5.100000004470348 -3.78230854421854 2
    endloop
  endfacet
  facet normal 0 0 1
    outer loop
      vertex 4.354415591061115 -4.354415591061115 2
      vertex 5.66872748285532 -3.5171065658330916 2
      vertex 4.835124830901623 -3.951052638888359 2
    endloop
  endfacet
  facet normal 0 0 1
    outer loop
      vertex 5.100000004470348 -3.78230854421854 2
      vertex 5.66872748285532 -3.5171065658330916 2
      vertex 5.378574262559414 -3.637291970849037 2
    endloop
  endfacet
  facet normal 0 0 1
    outer loop
      vertex 4.354415591061115 -4.354415591061115 2
      vertex 6.900000001490116 -3.3 2
      vertex 5.66872748285532 -3.5171065658330916 2
    endloop
  endfacet
  facet normal -0.47794181062357055 0.5215819545117647 0.7067700406677906
    outer loop
      vertex 4.354415591061115 -4.354415591061115 2
      vertex 4.585964608192444 -4.1422400057315825 2
      vertex 3.7887301594018936 -3.7887301594018936 1.2
    endloop
  endfacet
  facet normal -0.4306642378600893 0.5612525513052848 0.7067700388964554
    outer loop
      vertex 4.585964608192444 -4.1422400057315825 2
      vertex 4.835124830901623 -3.951052638888359 2
      vertex 4.071734517812729 -3.5294044464826584 1.2
    endloop
  endfacet
  facet normal -0.38010904031582565 0.5966516826896916 0.7067700382824257
    outer loop
      vertex 4.835124830901623 -3.951052638888359 2
      vertex 5.100000004470348 -3.78230854421854 2
      vertex 4.376263678073883 -3.2957310006022453 1.2
    endloop
  endfacet
  facet normal -0.4306642360748471 0.5612525534180856 0.7067700383064829
    outer loop
      vertex 4.835124830901623 -3.951052638888359 2
      vertex 4.376263678073883 -3.2957310006022453 1.2
      vertex 4.071734517812729 -3.5294044464826584 1.2
    endloop
  endfacet
  facet normal -0.47794180559233246 0.5215819616448897 0.7067700388059824
    outer loop
      vertex 4.585964608192444 -4.1422400057315825 2
      vertex 4.071734517812729 -3.5294044464826584 1.2
      vertex 3.7887301594018936 -3.7887301594018936 1.2
    endloop
  endfacet
  facet normal -0.38010903887626046 0.5966516841194098 0.7067700378496796
    outer loop
      vertex 5.100000004470348 -3.78230854421854 2
      vertex 4.699999995529652 -3.089488223195076 1.2
      vertex 4.376263678073883 -3.2957310006022453 1.2
    endloop
  endfacet
  facet normal -0.27072685695858345 0.6535924434292738 0.7067700381407507
    outer loop
      vertex 5.66872748285532 -3.5171065658330916 2
      vertex 5.395111367106438 -2.765352465212345 1.2
      vertex 5.0404796451330185 -2.912245735526085 1.2
    endloop
  endfacet
  facet normal -0.21273231441260615 0.6747007305137941 0.7067700380242563
    outer loop
      vertex 5.66872748285532 -3.5171065658330916 2
      vertex 5.761196203529835 -2.6499263644218445 1.2
      vertex 5.395111367106438 -2.765352465212345 1.2
    endloop
  endfacet
  facet normal -0.3266609795750077 0.6275099315709823 0.7067700405385596
    outer loop
      vertex 5.100000004470348 -3.78230854421854 2
      vertex 5.378574262559414 -3.637291970849037 2
      vertex 5.0404796451330185 -2.912245735526085 1.2
    endloop
  endfacet
  facet normal -0.27072686541946417 0.6535924375480707 0.7067700403385265
    outer loop
      vertex 5.378574262559414 -3.637291970849037 2
      vertex 5.66872748285532 -3.5171065658330916 2
      vertex 5.0404796451330185 -2.912245735526085 1.2
    endloop
  endfacet
  facet normal -0.32666099358300926 0.6275099277659768 0.7067700374425191
    outer loop
      vertex 5.100000004470348 -3.78230854421854 2
      vertex 5.0404796451330185 -2.912245735526085 1.2
      vertex 4.699999995529652 -3.089488223195076 1.2
    endloop
  endfacet
  facet normal 0 0 1
    outer loop
      vertex 3.951052638888359 -4.835124830901623 2
      vertex 4.354415591061115 -4.354415591061115 2
      vertex 4.1422400057315825 -4.585964608192444 2
    endloop
  endfacet
  facet normal 0 0 1
    outer loop
      vertex 5.66872748285532 -3.5171065658330916 2
      vertex 6.274866561591625 -3.3546920895576475 2
      vertex 5.968251439929008 -3.4226670295000075 2
    endloop
  endfacet
  facet normal 0 0 1
    outer loop
      vertex 5.66872748285532 -3.5171065658330916 2
      vertex 6.900000001490116 -3.3 2
      vertex 6.274866561591625 -3.3546920895576475 2
    endloop
  endfacet
  facet normal 0 0 1
    outer loop
      vertex 6.274866561591625 -3.3546920895576475 2
      vertex 6.900000001490116 -3.3 2
      vertex 6.5862393260002134 -3.3136990919709204 2
    endloop
  endfacet
  facet normal -0.09233987819003003 0.7013910870107102 0.7067700403651705
    outer loop
      vertex 6.274866561591625 -3.3546920895576475 2
      vertex 6.5862393260002134 -3.3136990919709204 2
      vertex 6.5165147334337234 -2.5167433246970177 1.2
    endloop
  endfacet
  facet normal -0.15311877077824043 0.6906741322970574 0.7067700368656465
    outer loop
      vertex 6.274866561591625 -3.3546920895576475 2
      vertex 6.135948017239571 -2.5668458864092827 1.2
      vertex 5.761196203529835 -2.6499263644218445 1.2
    endloop
  endfacet
  facet normal -0.09233989414521776 0.7013910883514493 0.7067700369500812
    outer loop
      vertex 6.274866561591625 -3.3546920895576475 2
      vertex 6.5165147334337234 -2.5167433246970177 1.2
      vertex 6.135948017239571 -2.5668458864092827 1.2
    endloop
  endfacet
  facet normal -0.21273231292941017 0.6747007306486876 0.7067700383419142
    outer loop
      vertex 5.66872748285532 -3.5171065658330916 2
      vertex 5.968251439929008 -3.4226670295000075 2
      vertex 5.761196203529835 -2.6499263644218445 1.2
    endloop
  endfacet
  facet normal -0.15311877708431113 0.6906741293827938 0.7067700383473572
    outer loop
      vertex 5.968251439929008 -3.4226670295000075 2
      vertex 6.274866561591625 -3.3546920895576475 2
      vertex 5.761196203529835 -2.6499263644218445 1.2
    endloop
  endfacet
  facet normal -0.03085825734083573 0.7067700317841749 0.7067700404839492
    outer loop
      vertex 6.5862393260002134 -3.3136990919709204 2
      vertex 6.900000001490116 -3.3 2
      vertex 6.5165147334337234 -2.5167433246970177 1.2
    endloop
  endfacet
  facet normal -0.030858239636076465 0.7067700364630874 0.7067700365780432
    outer loop
      vertex 6.900000001490116 -3.3 2
      vertex 6.899999998509884 -2.5 1.2
      vertex 6.5165147334337234 -2.5167433246970177 1.2
    endloop
  endfacet
  facet normal -0.7933533370381959 0.6087614332481638 0
    outer loop
      vertex 3.2957310006022453 -4.376263678073883 1.2
      vertex 3.5294044464826584 -4.071734517812729 1.2
      vertex 3.2957310006022453 -4.376263678073883 0.8
    endloop
  endfacet
  facet normal -0.7933533370381959 0.6087614332481638 0
    outer loop
      vertex 3.5294044464826584 -4.071734517812729 1.2
      vertex 3.5294044464826584 -4.071734517812729 0.8
      vertex 3.2957310006022453 -4.376263678073883 0.8
    endloop
  endfacet
  facet normal -0.7372773408008826 0.6755902032605114 0
    outer loop
      vertex 3.5294044464826584 -4.071734517812729 1.2
      vertex 3.7887301594018936 -3.7887301594018936 0.8
      vertex 3.5294044464826584 -4.071734517812729 0.8
    endloop
  endfacet
  facet normal -0.6755902032605114 0.7372773408008826 0
    outer loop
      vertex 4.071734517812729 -3.5294044464826584 1.2
      vertex 3.7887301594018936 -3.7887301594018936 0.8
      vertex 3.7887301594018936 -3.7887301594018936 1.2
    endloop
  endfacet
  facet normal -0.6755902032605114 0.7372773408008826 0
    outer loop
      vertex 4.071734517812729 -3.5294044464826584 1.2
      vertex 4.071734517812729 -3.5294044464826584 0.8
      vertex 3.7887301594018936 -3.7887301594018936 0.8
    endloop
  endfacet
  facet normal -0.7372773408008826 0.6755902032605114 0
    outer loop
      vertex 3.5294044464826584 -4.071734517812729 1.2
      vertex 3.7887301594018936 -3.7887301594018936 1.2
      vertex 3.7887301594018936 -3.7887301594018936 0.8
    endloop
  endfacet
  facet normal -0.5612525534180854 0.43066423607484705 -0.706770038306483
    outer loop
      vertex 3.2957310006022453 -4.376263678073883 0.8
      vertex 3.5294044464826584 -4.071734517812729 0.8
      vertex 3.945782036483288 -4.825582451988011 0.010000000000000009
    endloop
  endfacet
  facet normal -0.5215819616448897 0.4779418055923325 -0.7067700388059823
    outer loop
      vertex 3.5294044464826584 -4.071734517812729 0.8
      vertex 3.7887301594018936 -3.7887301594018936 0.8
      vertex 4.137821132652461 -4.5759991775825615 0.010000000000000009
    endloop
  endfacet
  facet normal -0.9238795311991072 0.38268343553297157 0
    outer loop
      vertex 2.765352465212345 -5.395111367106438 1.2
      vertex 2.912245735526085 -5.0404796451330185 1.2
      vertex 2.912245735526085 -5.0404796451330185 0.8
    endloop
  endfacet
  facet normal -0.9537169543051551 0.3007057882231379 0
    outer loop
      vertex 2.6499263644218445 -5.761196203529835 1.2
      vertex 2.765352465212345 -5.395111367106438 1.2
      vertex 2.6499263644218445 -5.761196203529835 0.8
    endloop
  endfacet
  facet normal -0.9238795311991072 0.38268343553297157 0
    outer loop
      vertex 2.765352465212345 -5.395111367106438 1.2
      vertex 2.912245735526085 -5.0404796451330185 0.8
      vertex 2.765352465212345 -5.395111367106438 0.8
    endloop
  endfacet
  facet normal -0.9537169543051551 0.3007057882231379 0
    outer loop
      vertex 2.765352465212345 -5.395111367106438 1.2
      vertex 2.765352465212345 -5.395111367106438 0.8
      vertex 2.6499263644218445 -5.761196203529835 0.8
    endloop
  endfacet
  facet normal -0.8870108324290947 0.4617486146740933 0
    outer loop
      vertex 3.089488223195076 -4.699999995529652 1.2
      vertex 3.089488223195076 -4.699999995529652 0.8
      vertex 2.912245735526085 -5.0404796451330185 1.2
    endloop
  endfacet
  facet normal -0.8433914491033485 0.5372996031818316 0
    outer loop
      vertex 3.2957310006022453 -4.376263678073883 1.2
      vertex 3.089488223195076 -4.699999995529652 0.8
      vertex 3.089488223195076 -4.699999995529652 1.2
    endloop
  endfacet
  facet normal -0.8870108324290947 0.4617486146740933 0
    outer loop
      vertex 2.912245735526085 -5.0404796451330185 1.2
      vertex 3.089488223195076 -4.699999995529652 0.8
      vertex 2.912245735526085 -5.0404796451330185 0.8
    endloop
  endfacet
  facet normal -0.8433914491033485 0.5372996031818316 0
    outer loop
      vertex 3.2957310006022453 -4.376263678073883 1.2
      vertex 3.2957310006022453 -4.376263678073883 0.8
      vertex 3.089488223195076 -4.699999995529652 0.8
    endloop
  endfacet
  facet normal -0.9762960065158428 0.21643961666297906 0
    outer loop
      vertex 2.6499263644218445 -5.761196203529835 1.2
      vertex 2.6499263644218445 -5.761196203529835 0.8
      vertex 2.5668458864092827 -6.135948017239571 1.2
    endloop
  endfacet
  facet normal -0.9914448603534132 0.13052619997073736 0
    outer loop
      vertex 2.5668458864092827 -6.135948017239571 1.2
      vertex 2.5167433246970177 -6.5165147334337234 0.8
      vertex 2.5167433246970177 -6.5165147334337234 1.2
    endloop
  endfacet
  facet normal -0.9762960065158428 0.21643961666297906 0
    outer loop
      vertex 2.5668458864092827 -6.135948017239571 1.2
      vertex 2.6499263644218445 -5.761196203529835 0.8
      vertex 2.5668458864092827 -6.135948017239571 0.8
    endloop
  endfacet
  facet normal -0.9914448603534132 0.13052619997073736 0
    outer loop
      vertex 2.5668458864092827 -6.135948017239571 1.2
      vertex 2.5668458864092827 -6.135948017239571 0.8
      vertex 2.5167433246970177 -6.5165147334337234 0.8
    endloop
  endfacet
  facet normal -0.9990482219868955 0.04361937808844548 0
    outer loop
      vertex 2.5167433246970177 -6.5165147334337234 1.2
      vertex 2.5167433246970177 -6.5165147334337234 0.8
      vertex 2.5 -6.899999998509884 1.2
    endloop
  endfacet
  facet normal -0.9990482219868955 0.04361937808844548 0
    outer loop
      vertex 2.5 -6.899999998509884 1.2
      vertex 2.5167433246970177 -6.5165147334337234 0.8
      vertex 2.5 -6.899999998509884 0.8
    endloop
  endfacet
  facet normal -0.6275099277659768 0.32666099358300915 -0.706770037442519
    outer loop
      vertex 3.089488223195076 -4.699999995529652 0.8
      vertex 3.771432759109884 -5.099255999978632 0.010000000000000009
      vertex 2.912245735526085 -5.0404796451330185 0.8
    endloop
  endfacet
  facet normal -0.6535924434292737 0.2707268569585834 -0.7067700381407508
    outer loop
      vertex 2.765352465212345 -5.395111367106438 0.8
      vertex 2.912245735526085 -5.0404796451330185 0.8
      vertex 3.509545805454254 -5.660874384883791 0.010000000000000009
    endloop
  endfacet
  facet normal -0.674700730513794 0.21273231441260615 -0.7067700380242563
    outer loop
      vertex 2.6499263644218445 -5.761196203529835 0.8
      vertex 2.765352465212345 -5.395111367106438 0.8
      vertex 3.506266813315451 -5.669883341863751 0.010000000000000009
    endloop
  endfacet
  facet normal -0.6906741322970577 0.15311877077824038 -0.7067700368656464
    outer loop
      vertex 2.6499263644218445 -5.761196203529835 0.8
      vertex 3.34588251799345 -6.2684456821158525 0.010000000000000009
      vertex 2.5668458864092827 -6.135948017239571 0.8
    endloop
  endfacet
  facet normal -0.7013910883514494 0.09233989414521779 -0.7067700369500813
    outer loop
      vertex 2.5668458864092827 -6.135948017239571 0.8
      vertex 3.3442177299968896 -6.277887163739651 0.010000000000000009
      vertex 2.5167433246970177 -6.5165147334337234 0.8
    endloop
  endfacet
  facet normal -0.7067700364630876 0.030858239636076538 -0.7067700365780433
    outer loop
      vertex 2.5167433246970177 -6.5165147334337234 0.8
      vertex 3.2902092915587127 -6.895206435639411 0.010000000000000009
      vertex 2.5 -6.899999998509884 0.8
    endloop
  endfacet
  facet normal -0.5966516841194097 0.3801090388762604 -0.7067700378496797
    outer loop
      vertex 3.2957310006022453 -4.376263678073883 0.8
      vertex 3.7762263249233365 -5.090953300390392 0.010000000000000009
      vertex 3.089488223195076 -4.699999995529652 0.8
    endloop
  endfacet
  facet normal -0.4617486146740933 0.8870108324290947 0
    outer loop
      vertex 4.699999995529652 -3.089488223195076 1.2
      vertex 5.0404796451330185 -2.912245735526085 0.8
      vertex 4.699999995529652 -3.089488223195076 0.8
    endloop
  endfacet
  facet normal -0.6087614332481638 0.7933533370381959 0
    outer loop
      vertex 4.071734517812729 -3.5294044464826584 1.2
      vertex 4.376263678073883 -3.2957310006022453 1.2
      vertex 4.376263678073883 -3.2957310006022453 0.8
    endloop
  endfacet
  facet normal -0.5372996031818316 0.8433914491033485 0
    outer loop
      vertex 4.376263678073883 -3.2957310006022453 1.2
      vertex 4.699999995529652 -3.089488223195076 1.2
      vertex 4.376263678073883 -3.2957310006022453 0.8
    endloop
  endfacet
  facet normal -0.6087614332481638 0.7933533370381959 0
    outer loop
      vertex 4.071734517812729 -3.5294044464826584 1.2
      vertex 4.376263678073883 -3.2957310006022453 0.8
      vertex 4.071734517812729 -3.5294044464826584 0.8
    endloop
  endfacet
  facet normal -0.5372996031818316 0.8433914491033485 0
    outer loop
      vertex 4.699999995529652 -3.089488223195076 1.2
      vertex 4.699999995529652 -3.089488223195076 0.8
      vertex 4.376263678073883 -3.2957310006022453 0.8
    endloop
  endfacet
  facet normal -0.4617486146740933 0.8870108324290947 0
    outer loop
      vertex 4.699999995529652 -3.089488223195076 1.2
      vertex 5.0404796451330185 -2.912245735526085 1.2
      vertex 5.0404796451330185 -2.912245735526085 0.8
    endloop
  endfacet
  facet normal -0.38268343553297157 0.9238795311991072 0
    outer loop
      vertex 5.0404796451330185 -2.912245735526085 1.2
      vertex 5.395111367106438 -2.765352465212345 1.2
      vertex 5.0404796451330185 -2.912245735526085 0.8
    endloop
  endfacet
  facet normal -0.38268343553297157 0.9238795311991072 0
    outer loop
      vertex 5.395111367106438 -2.765352465212345 1.2
      vertex 5.395111367106438 -2.765352465212345 0.8
      vertex 5.0404796451330185 -2.912245735526085 0.8
    endloop
  endfacet
  facet normal -0.3007057882231379 0.9537169543051551 0
    outer loop
      vertex 5.395111367106438 -2.765352465212345 1.2
      vertex 5.761196203529835 -2.6499263644218445 1.2
      vertex 5.761196203529835 -2.6499263644218445 0.8
    endloop
  endfacet
  facet normal -0.3007057882231379 0.9537169543051551 0
    outer loop
      vertex 5.395111367106438 -2.765352465212345 1.2
      vertex 5.761196203529835 -2.6499263644218445 0.8
      vertex 5.395111367106438 -2.765352465212345 0.8
    endloop
  endfacet
  facet normal -0.43066423607484705 0.5612525534180854 -0.706770038306483
    outer loop
      vertex 4.071734517812729 -3.5294044464826584 0.8
      vertex 4.376263678073883 -3.2957310006022453 0.8
      vertex 4.825582451988011 -3.945782036483288 0.010000000000000009
    endloop
  endfacet
  facet normal -0.4779418055923325 0.5215819616448897 -0.7067700388059823
    outer loop
      vertex 4.071734517812729 -3.5294044464826584 0.8
      vertex 4.5759991775825615 -4.137821132652461 0.010000000000000009
      vertex 3.7887301594018936 -3.7887301594018936 0.8
    endloop
  endfacet
  facet normal -0.3801090388762604 0.5966516841194097 -0.7067700378496797
    outer loop
      vertex 4.376263678073883 -3.2957310006022453 0.8
      vertex 4.699999995529652 -3.089488223195076 0.8
      vertex 5.090953300390392 -3.7762263249233365 0.010000000000000009
    endloop
  endfacet
  facet normal -0.2707268569585834 0.6535924434292737 -0.7067700381407508
    outer loop
      vertex 5.0404796451330185 -2.912245735526085 0.8
      vertex 5.395111367106438 -2.765352465212345 0.8
      vertex 5.660874384883791 -3.509545805454254 0.010000000000000009
    endloop
  endfacet
  facet normal -0.21273231441260615 0.674700730513794 -0.7067700380242563
    outer loop
      vertex 5.395111367106438 -2.765352465212345 0.8
      vertex 5.761196203529835 -2.6499263644218445 0.8
      vertex 5.669883341863751 -3.506266813315451 0.010000000000000009
    endloop
  endfacet
  facet normal -0.32666099358300915 0.6275099277659768 -0.706770037442519
    outer loop
      vertex 4.699999995529652 -3.089488223195076 0.8
      vertex 5.0404796451330185 -2.912245735526085 0.8
      vertex 5.099255999978632 -3.771432759109884 0.010000000000000009
    endloop
  endfacet
  facet normal -0.5215819616449233 0.47794180559229266 -0.7067700388059847
    outer loop
      vertex 3.5294044464826584 -4.071734517812729 0.8
      vertex 4.137821132652461 -4.5759991775825615 0.010000000000000009
      vertex 4.134579561240971 -4.579536732062698 0.010000000000000009
    endloop
  endfacet
  facet normal -0.5215819545117648 0.4779418106235709 -0.7067700406677905
    outer loop
      vertex 3.7887301594018936 -3.7887301594018936 0.8
      vertex 4.347344523165375 -4.347344523165375 0.010000000000000009
      vertex 4.137821132652461 -4.5759991775825615 0.010000000000000009
    endloop
  endfacet
  facet normal -0.6747007306486875 0.21273231292941028 -0.7067700383419141
    outer loop
      vertex 2.6499263644218445 -5.761196203529835 0.8
      vertex 3.506266813315451 -5.669883341863751 0.010000000000000009
      vertex 3.4130077711865305 -5.9656632494740185 0.010000000000000009
    endloop
  endfacet
  facet normal -0.6535924434292675 0.2707268569585998 -0.7067700381407502
    outer loop
      vertex 2.765352465212345 -5.395111367106438 0.8
      vertex 3.509545805454254 -5.660874384883791 0.010000000000000009
      vertex 3.5077096395753324 -5.665307281408459 0.010000000000000009
    endloop
  endfacet
  facet normal -0.674700730513791 0.21273231441261056 -0.7067700380242581
    outer loop
      vertex 2.765352465212345 -5.395111367106438 0.8
      vertex 3.5077096395753324 -5.665307281408459 0.010000000000000009
      vertex 3.506266813315451 -5.669883341863751 0.010000000000000009
    endloop
  endfacet
  facet normal -0.690674132297063 0.15311877077820807 -0.7067700368656483
    outer loop
      vertex 2.5668458864092827 -6.135948017239571 0.8
      vertex 3.34588251799345 -6.2684456821158525 0.010000000000000009
      vertex 3.344844012018293 -6.273130079787224 0.010000000000000009
    endloop
  endfacet
  facet normal -0.7013910883514436 0.09233989414525699 -0.7067700369500819
    outer loop
      vertex 2.5668458864092827 -6.135948017239571 0.8
      vertex 3.344844012018293 -6.273130079787224 0.010000000000000009
      vertex 3.3442177299968896 -6.277887163739651 0.010000000000000009
    endloop
  endfacet
  facet normal -0.7013910870107103 0.09233987819003033 -0.7067700403651703
    outer loop
      vertex 2.5167433246970177 -6.5165147334337234 0.8
      vertex 3.3442177299968896 -6.277887163739651 0.010000000000000009
      vertex 3.3037371448799964 -6.585367768593132 0.010000000000000009
    endloop
  endfacet
  facet normal -0.6906741293827937 0.15311877708431154 -0.7067700383473572
    outer loop
      vertex 2.6499263644218445 -5.761196203529835 0.8
      vertex 3.4130077711865305 -5.9656632494740185 0.010000000000000009
      vertex 3.34588251799345 -6.2684456821158525 0.010000000000000009
    endloop
  endfacet
  facet normal -0.706770031784175 0.030858257340834947 -0.7067700404839491
    outer loop
      vertex 2.5167433246970177 -6.5165147334337234 0.8
      vertex 3.3037371448799964 -6.585367768593132 0.010000000000000009
      vertex 3.2902092915587127 -6.895206435639411 0.010000000000000009
    endloop
  endfacet
  facet normal -0.7067700364630864 0.03085823963612632 -0.706770036578042
    outer loop
      vertex 2.5 -6.899999998509884 0.8
      vertex 3.2902092915587127 -6.895206435639411 0.010000000000000009
      vertex 3.2899999999999996 -6.900000001452863 0.010000000000000009
    endloop
  endfacet
  facet normal -0.596651682689692 0.38010904031582515 -0.7067700382824257
    outer loop
      vertex 3.2957310006022453 -4.376263678073883 0.8
      vertex 3.9428611184097826 -4.8293890664912755 0.010000000000000009
      vertex 3.7762263249233365 -5.090953300390392 0.010000000000000009
    endloop
  endfacet
  facet normal -0.6275099277659691 0.32666099358302536 -0.7067700374425183
    outer loop
      vertex 3.089488223195076 -4.699999995529652 0.8
      vertex 3.7736482902057467 -5.09500000435859 0.010000000000000009
      vertex 3.771432759109884 -5.099255999978632 0.010000000000000009
    endloop
  endfacet
  facet normal -0.5966516841194028 0.3801090388762679 -0.7067700378496814
    outer loop
      vertex 3.089488223195076 -4.699999995529652 0.8
      vertex 3.7762263249233365 -5.090953300390392 0.010000000000000009
      vertex 3.7736482902057467 -5.09500000435859 0.010000000000000009
    endloop
  endfacet
  facet normal -0.6535924375480713 0.2707268654194634 -0.7067700403385265
    outer loop
      vertex 2.912245735526085 -5.0404796451330185 0.8
      vertex 3.6282288929075 -5.3743480798415835 0.010000000000000009
      vertex 3.509545805454254 -5.660874384883791 0.010000000000000009
    endloop
  endfacet
  facet normal -0.6275099315709822 0.3266609795750082 -0.7067700405385596
    outer loop
      vertex 2.912245735526085 -5.0404796451330185 0.8
      vertex 3.771432759109884 -5.099255999978632 0.010000000000000009
      vertex 3.6282288929075 -5.3743480798415835 0.010000000000000009
    endloop
  endfacet
  facet normal -0.5612525534180668 0.4306642360748739 -0.7067700383064816
    outer loop
      vertex 3.2957310006022453 -4.376263678073883 0.8
      vertex 3.945782036483288 -4.825582451988011 0.010000000000000009
      vertex 3.9428611184097826 -4.8293890664912755 0.010000000000000009
    endloop
  endfacet
  facet normal -0.561252551305285 0.4306642378600891 -0.7067700388964554
    outer loop
      vertex 3.5294044464826584 -4.071734517812729 0.8
      vertex 4.134579561240971 -4.579536732062698 0.010000000000000009
      vertex 3.945782036483288 -4.825582451988011 0.010000000000000009
    endloop
  endfacet
  facet normal -0.4779418106235709 0.5215819545117648 -0.7067700406677905
    outer loop
      vertex 3.7887301594018936 -3.7887301594018936 0.8
      vertex 4.5759991775825615 -4.137821132652461 0.010000000000000009
      vertex 4.347344523165375 -4.347344523165375 0.010000000000000009
    endloop
  endfacet
  facet normal -0.47794180559229266 0.5215819616449233 -0.7067700388059847
    outer loop
      vertex 4.071734517812729 -3.5294044464826584 0.8
      vertex 4.579536732062698 -4.134579561240971 0.010000000000000009
      vertex 4.5759991775825615 -4.137821132652461 0.010000000000000009
    endloop
  endfacet
  facet normal -0.4306642378600891 0.561252551305285 -0.7067700388964554
    outer loop
      vertex 4.071734517812729 -3.5294044464826584 0.8
      vertex 4.825582451988011 -3.945782036483288 0.010000000000000009
      vertex 4.579536732062698 -4.134579561240971 0.010000000000000009
    endloop
  endfacet
  facet normal -0.4306642360748739 0.5612525534180668 -0.7067700383064816
    outer loop
      vertex 4.376263678073883 -3.2957310006022453 0.8
      vertex 4.8293890664912755 -3.9428611184097826 0.010000000000000009
      vertex 4.825582451988011 -3.945782036483288 0.010000000000000009
    endloop
  endfacet
  facet normal -0.38010904031582515 0.596651682689692 -0.7067700382824257
    outer loop
      vertex 4.376263678073883 -3.2957310006022453 0.8
      vertex 5.090953300390392 -3.7762263249233365 0.010000000000000009
      vertex 4.8293890664912755 -3.9428611184097826 0.010000000000000009
    endloop
  endfacet
  facet normal -0.3801090388762679 0.5966516841194028 -0.7067700378496814
    outer loop
      vertex 4.699999995529652 -3.089488223195076 0.8
      vertex 5.09500000435859 -3.7736482902057467 0.010000000000000009
      vertex 5.090953300390392 -3.7762263249233365 0.010000000000000009
    endloop
  endfacet
  facet normal -0.32666099358302536 0.6275099277659691 -0.7067700374425183
    outer loop
      vertex 4.699999995529652 -3.089488223195076 0.8
      vertex 5.099255999978632 -3.771432759109884 0.010000000000000009
      vertex 5.09500000435859 -3.7736482902057467 0.010000000000000009
    endloop
  endfacet
  facet normal -0.3266609795750082 0.6275099315709822 -0.7067700405385596
    outer loop
      vertex 5.0404796451330185 -2.912245735526085 0.8
      vertex 5.3743480798415835 -3.6282288929075 0.010000000000000009
      vertex 5.099255999978632 -3.771432759109884 0.010000000000000009
    endloop
  endfacet
  facet normal -0.2707268654194634 0.6535924375480713 -0.7067700403385265
    outer loop
      vertex 5.0404796451330185 -2.912245735526085 0.8
      vertex 5.660874384883791 -3.509545805454254 0.010000000000000009
      vertex 5.3743480798415835 -3.6282288929075 0.010000000000000009
    endloop
  endfacet
  facet normal -0.27072685695865656 0.6535924434292464 -0.7067700381407482
    outer loop
      vertex 5.395111367106438 -2.765352465212345 0.8
      vertex 5.665307281408459 -3.507709639575332 0.010000000000000009
      vertex 5.660874384883791 -3.509545805454254 0.010000000000000009
    endloop
  endfacet
  facet normal -0.21273231441255464 0.6747007305138107 -0.706770038024256
    outer loop
      vertex 5.395111367106438 -2.765352465212345 0.8
      vertex 5.669883341863751 -3.506266813315451 0.010000000000000009
      vertex 5.665307281408459 -3.507709639575332 0.010000000000000009
    endloop
  endfacet
  facet normal -0.21643961666297906 0.9762960065158428 0
    outer loop
      vertex 5.761196203529835 -2.6499263644218445 1.2
      vertex 6.135948017239571 -2.5668458864092827 1.2
      vertex 5.761196203529835 -2.6499263644218445 0.8
    endloop
  endfacet
  facet normal -0.21643961666297906 0.9762960065158428 0
    outer loop
      vertex 6.135948017239571 -2.5668458864092827 1.2
      vertex 6.135948017239571 -2.5668458864092827 0.8
      vertex 5.761196203529835 -2.6499263644218445 0.8
    endloop
  endfacet
  facet normal -0.13052619997073736 0.9914448603534132 0
    outer loop
      vertex 6.135948017239571 -2.5668458864092827 1.2
      vertex 6.5165147334337234 -2.5167433246970177 1.2
      vertex 6.5165147334337234 -2.5167433246970177 0.8
    endloop
  endfacet
  facet normal -0.13052619997073736 0.9914448603534132 0
    outer loop
      vertex 6.135948017239571 -2.5668458864092827 1.2
      vertex 6.5165147334337234 -2.5167433246970177 0.8
      vertex 6.135948017239571 -2.5668458864092827 0.8
    endloop
  endfacet
  facet normal -0.04361937808844548 0.9990482219868955 0
    outer loop
      vertex 6.5165147334337234 -2.5167433246970177 1.2
      vertex 6.899999998509884 -2.5 1.2
      vertex 6.5165147334337234 -2.5167433246970177 0.8
    endloop
  endfacet
  facet normal -0.04361937808844548 0.9990482219868955 0
    outer loop
      vertex 6.899999998509884 -2.5 1.2
      vertex 6.899999998509884 -2.5 0.8
      vertex 6.5165147334337234 -2.5167433246970177 0.8
    endloop
  endfacet
  facet normal -0.15311877077824038 0.6906741322970577 -0.7067700368656464
    outer loop
      vertex 5.761196203529835 -2.6499263644218445 0.8
      vertex 6.135948017239571 -2.5668458864092827 0.8
      vertex 6.2684456821158525 -3.34588251799345 0.010000000000000009
    endloop
  endfacet
  facet normal -0.09233989414521779 0.7013910883514494 -0.7067700369500813
    outer loop
      vertex 6.135948017239571 -2.5668458864092827 0.8
      vertex 6.5165147334337234 -2.5167433246970177 0.8
      vertex 6.277887163739651 -3.3442177299968896 0.010000000000000009
    endloop
  endfacet
  facet normal -0.030858239636076538 0.7067700364630876 -0.7067700365780433
    outer loop
      vertex 6.5165147334337234 -2.5167433246970177 0.8
      vertex 6.899999998509884 -2.5 0.8
      vertex 6.895206435639411 -3.2902092915587127 0.010000000000000009
    endloop
  endfacet
  facet normal -0.15311877077820807 0.690674132297063 -0.7067700368656483
    outer loop
      vertex 6.135948017239571 -2.5668458864092827 0.8
      vertex 6.273130079787224 -3.344844012018293 0.010000000000000009
      vertex 6.2684456821158525 -3.34588251799345 0.010000000000000009
    endloop
  endfacet
  facet normal -0.09233989414525699 0.7013910883514436 -0.7067700369500819
    outer loop
      vertex 6.135948017239571 -2.5668458864092827 0.8
      vertex 6.277887163739651 -3.3442177299968896 0.010000000000000009
      vertex 6.273130079787224 -3.344844012018293 0.010000000000000009
    endloop
  endfacet
  facet normal -0.09233987819002933 0.7013910870107103 -0.7067700403651705
    outer loop
      vertex 6.5165147334337234 -2.5167433246970177 0.8
      vertex 6.585367768593132 -3.303737144879997 0.010000000000000009
      vertex 6.277887163739651 -3.3442177299968896 0.010000000000000009
    endloop
  endfacet
  facet normal -0.21273231292941014 0.6747007306486875 -0.7067700383419141
    outer loop
      vertex 5.669883341863751 -3.506266813315451 0.010000000000000009
      vertex 5.761196203529835 -2.6499263644218445 0.8
      vertex 5.9656632494740185 -3.4130077711865305 0.010000000000000009
    endloop
  endfacet
  facet normal -0.15311877708431154 0.6906741293827937 -0.7067700383473572
    outer loop
      vertex 5.761196203529835 -2.6499263644218445 0.8
      vertex 6.2684456821158525 -3.34588251799345 0.010000000000000009
      vertex 5.9656632494740185 -3.4130077711865305 0.010000000000000009
    endloop
  endfacet
  facet normal -0.030858257340835898 0.7067700317841747 -0.7067700404839493
    outer loop
      vertex 6.5165147334337234 -2.5167433246970177 0.8
      vertex 6.895206435639411 -3.2902092915587127 0.010000000000000009
      vertex 6.585367768593132 -3.303737144879997 0.010000000000000009
    endloop
  endfacet
  facet normal -0.030858239636060894 0.7067700364630877 -0.7067700365780436
    outer loop
      vertex 6.899999998509884 -2.5 0.8
      vertex 6.900000001452863 -3.29 0.010000000000000009
      vertex 6.895206435639411 -3.2902092915587127 0.010000000000000009
    endloop
  endfacet
  facet normal 0 0 1
    outer loop
      vertex 3.3 -6.900000001490116 2
      vertex 3.3 -85.3 2
      vertex 4.354415591061115 -4.354415591061115 2
    endloop
  endfacet
  facet normal -0.7071067811865477 0 0.7071067811865475
    outer loop
      vertex 3.3 -6.900000001490116 2
      vertex 2.5 -6.899999998509884 1.2
      vertex 3.3 -85.3 2
    endloop
  endfacet
  facet normal -1 0 0
    outer loop
      vertex 2.5 -6.899999998509884 1.2
      vertex 2.5 -6.899999998509884 0.8
      vertex 2.5 -85.30000000447035 0.8
    endloop
  endfacet
  facet normal -0.7071067811865477 -4.579267336309916e-18 -0.7071067811865474
    outer loop
      vertex 2.5 -6.899999998509884 0.8
      vertex 3.2899999999999996 -6.900000001452863 0.010000000000000009
      vertex 3.29 -85.30000000005587 0.010000000000000009
    endloop
  endfacet
  facet normal 0 0 1
    outer loop
      vertex 4.354415591061115 -4.354415591061115 2
      vertex 49.3 -3.3 2
      vertex 6.900000001490116 -3.3 2
    endloop
  endfacet
  facet normal 0 0.7071067811865476 0.7071067811865475
    outer loop
      vertex 6.900000001490116 -3.3 2
      vertex 49.3 -3.3 2
      vertex 6.899999998509884 -2.5 1.2
    endloop
  endfacet
  facet normal 0 1 0
    outer loop
      vertex 6.899999998509884 -2.5 1.2
      vertex 49.30000000447035 -2.5 1.2
      vertex 6.899999998509884 -2.5 0.8
    endloop
  endfacet
  facet normal 0 0.7071067811865476 -0.7071067811865476
    outer loop
      vertex 6.899999998509884 -2.5 0.8
      vertex 49.30000000447035 -2.5 0.8
      vertex 6.900000001452863 -3.29 0.010000000000000009
    endloop
  endfacet
  facet normal 0 0 -1
    outer loop
      vertex 4.688884520530701 -5.300762116909027 0
      vertex 50.26508788913488 -4.600000001490116 0
      vertex 4.632550568878651 -5.408978626132011 0
    endloop
  endfacet
  facet normal 0 0 -1
    outer loop
      vertex 4.828705461323262 -5.101077139377594 0
      vertex 50.26508788913488 -4.600000001490116 0
      vertex 4.7544357344508175 -5.197867326438427 0
    endloop
  endfacet
  facet normal 0 0 -1
    outer loop
      vertex 4.688884520530701 -5.300762116909027 0
      vertex 4.7544357344508175 -5.197867326438427 0
      vertex 50.26508788913488 -4.600000001490116 0
    endloop
  endfacet
  facet normal 0 0 -1
    outer loop
      vertex 4.828705461323262 -5.101077139377594 0
      vertex 4.911128343641758 -5.011128343641758 0
      vertex 50.26508788913488 -4.600000001490116 0
    endloop
  endfacet
  facet normal 0 0 -1
    outer loop
      vertex 4.911128343641758 -5.011128343641758 0
      vertex 5.001077139377594 -4.928705461323261 0
      vertex 50.26508788913488 -4.600000001490116 0
    endloop
  endfacet
  facet normal 0 0 -1
    outer loop
      vertex 4.549176202714444 -5.6380478367209435 0
      vertex 50.26508788913488 -4.600000001490116 0
      vertex 4.522770287096501 -5.75715721398592 0
    endloop
  endfacet
  facet normal 0 0 -1
    outer loop
      vertex 4.522770287096501 -5.75715721398592 0
      vertex 50.26508788913488 -4.600000001490116 0
      vertex 4.506845915317536 -5.878114849328995 0
    endloop
  endfacet
  facet normal 0 0 -1
    outer loop
      vertex 4.632550568878651 -5.408978626132011 0
      vertex 50.26508788913488 -4.600000001490116 0
      vertex 4.585862705111504 -5.521693103015423 0
    endloop
  endfacet
  facet normal 0 0 -1
    outer loop
      vertex 4.549176202714444 -5.6380478367209435 0
      vertex 4.585862705111504 -5.521693103015423 0
      vertex 50.26508788913488 -4.600000001490116 0
    endloop
  endfacet
  facet normal 0 0 -1
    outer loop
      vertex 5.001077139377594 -4.928705461323261 0
      vertex 5.097867326438427 -4.854435734450817 0
      vertex 50.26508788913488 -4.600000001490116 0
    endloop
  endfacet
  facet normal 0 0 -1
    outer loop
      vertex 5.097867326438427 -4.854435734450817 0
      vertex 5.2007621169090275 -4.788884520530701 0
      vertex 50.26508788913488 -4.600000001490116 0
    endloop
  endfacet
  facet normal 0 0 -1
    outer loop
      vertex 5.2007621169090275 -4.788884520530701 0
      vertex 5.308978626132012 -4.732550568878651 0
      vertex 50.26508788913488 -4.600000001490116 0
    endloop
  endfacet
  facet normal 0 0 -1
    outer loop
      vertex 5.308978626132012 -4.732550568878651 0
      vertex 5.421693103015423 -4.685862705111504 0
      vertex 50.26508788913488 -4.600000001490116 0
    endloop
  endfacet
  facet normal 0 0 -1
    outer loop
      vertex 5.421693103015423 -4.685862705111504 0
      vertex 5.538047836720944 -4.649176202714443 0
      vertex 50.26508788913488 -4.600000001490116 0
    endloop
  endfacet
  facet normal 0 0 -1
    outer loop
      vertex 5.538047836720944 -4.649176202714443 0
      vertex 5.65715721398592 -4.6227702870965 0
      vertex 50.26508788913488 -4.600000001490116 0
    endloop
  endfacet
  facet normal 0 0 -1
    outer loop
      vertex 4.506845915317536 -5.878114849328995 0
      vertex 51.56744942218065 -5.408978626132011 0
      vertex 4.5000000014901165 -6.034912101924419 0
    endloop
  endfacet
  facet normal 0 0 -1
    outer loop
      vertex 5.65715721398592 -4.6227702870965 0
      vertex 5.778114849328995 -4.606845915317535 0
      vertex 50.26508788913488 -4.600000001490116 0
    endloop
  endfacet
  facet normal 0 0 -1
    outer loop
      vertex 5.778114849328995 -4.606845915317535 0
      vertex 5.934912109375 -4.600000001490116 0
      vertex 50.26508788913488 -4.600000001490116 0
    endloop
  endfacet
  facet normal 0 0 1
    outer loop
      vertex 4.354415591061115 -4.354415591061115 2
      vertex 13.600000000000001 -73.10000000000001 2
      vertex 49.3 -3.3 2
    endloop
  endfacet
  facet normal 0 0 1
    outer loop
      vertex 4.354415591061115 -4.354415591061115 2
      vertex 3.3 -85.3 2
      vertex 8.600000000000001 -73.10000000000001 2
    endloop
  endfacet
  facet normal 0 0 1
    outer loop
      vertex 4.354415591061115 -4.354415591061115 2
      vertex 8.600000000000001 -73.10000000000001 2
      vertex 13.600000000000001 -73.10000000000001 2
    endloop
  endfacet
  facet normal -0.7071067811865476 0 0.7071067811865475
    outer loop
      vertex 2.5 -6.899999998509884 1.2
      vertex 2.5 -85.30000000447035 1.2
      vertex 3.3 -85.3 2
    endloop
  endfacet
  facet normal -1 0 0
    outer loop
      vertex 2.5 -6.899999998509884 1.2
      vertex 2.5 -85.30000000447035 0.8
      vertex 2.5 -85.30000000447035 1.2
    endloop
  endfacet
  facet normal -0.7071067811865476 0 -0.7071067811865476
    outer loop
      vertex 2.5 -6.899999998509884 0.8
      vertex 3.29 -85.30000000005587 0.010000000000000009
      vertex 2.5 -85.30000000447035 0.8
    endloop
  endfacet
  facet normal 0 0 -1
    outer loop
      vertex 4.5000000014901165 -6.034912101924419 0
      vertex 5.934912109375 -87.60000000149012 0
      vertex 4.5000000014901165 -86.16508789360523 0
    endloop
  endfacet
  facet normal 0 0 1
    outer loop
      vertex 8.600000000000001 -73.10000000000001 2
      vertex 3.3 -85.3 2
      vertex 3.637291970849037 -86.8214257389307 2
    endloop
  endfacet
  facet normal 0 0 1
    outer loop
      vertex 3.3 -85.3 2
      vertex 3.3136990919709204 -85.6137606754899 2
      vertex 3.3546920895576475 -85.92513343989849 2
    endloop
  endfacet
  facet normal 0 0 1
    outer loop
      vertex 3.3 -85.3 2
      vertex 3.3546920895576475 -85.92513343989849 2
      vertex 3.637291970849037 -86.8214257389307 2
    endloop
  endfacet
  facet normal 0 0 1
    outer loop
      vertex 3.3546920895576475 -85.92513343989849 2
      vertex 3.4226670295000075 -86.2317485615611 2
      vertex 3.5171065658330916 -86.5312725186348 2
    endloop
  endfacet
  facet normal 0 0 1
    outer loop
      vertex 3.3546920895576475 -85.92513343989849 2
      vertex 3.5171065658330916 -86.5312725186348 2
      vertex 3.637291970849037 -86.8214257389307 2
    endloop
  endfacet
  facet normal 0 0 1
    outer loop
      vertex 3.637291970849037 -86.8214257389307 2
      vertex 3.78230854421854 -87.09999999701976 2
      vertex 4.1422400057315825 -87.61403539329767 2
    endloop
  endfacet
  facet normal 0 0 1
    outer loop
      vertex 3.78230854421854 -87.09999999701976 2
      vertex 3.951052638888359 -87.36487517058849 2
      vertex 4.1422400057315825 -87.61403539329767 2
    endloop
  endfacet
  facet normal -0.7067700317554632 -0.03085825733958215 0.7067700405127155
    outer loop
      vertex 3.3 -85.3 2
      vertex 2.5167433246970177 -85.68348526954651 1.2
      vertex 3.3136990919709204 -85.6137606754899 2
    endloop
  endfacet
  facet normal -0.7013910869254476 -0.09233987817880501 0.7067700404512508
    outer loop
      vertex 3.3136990919709204 -85.6137606754899 2
      vertex 2.5167433246970177 -85.68348526954651 1.2
      vertex 3.3546920895576475 -85.92513343989849 2
    endloop
  endfacet
  facet normal -0.6906741292435709 -0.15311877705344612 0.7067700384900962
    outer loop
      vertex 3.3546920895576475 -85.92513343989849 2
      vertex 2.6499263644218445 -86.4388037994504 1.2
      vertex 3.4226670295000075 -86.2317485615611 2
    endloop
  endfacet
  facet normal -0.7067700364343757 -0.030858239634822975 0.7067700366068096
    outer loop
      vertex 3.3 -85.3 2
      vertex 2.5 -85.30000000447035 1.2
      vertex 2.5167433246970177 -85.68348526954651 1.2
    endloop
  endfacet
  facet normal -0.7013910882661867 -0.09233989413399266 0.7067700370361616
    outer loop
      vertex 3.3546920895576475 -85.92513343989849 2
      vertex 2.5167433246970177 -85.68348526954651 1.2
      vertex 2.5668458864092827 -86.06405198574066 1.2
    endloop
  endfacet
  facet normal -0.6906741321578346 -0.15311877074737543 0.7067700370083856
    outer loop
      vertex 3.3546920895576475 -85.92513343989849 2
      vertex 2.5668458864092827 -86.06405198574066 1.2
      vertex 2.6499263644218445 -86.4388037994504 1.2
    endloop
  endfacet
  facet normal -0.6747007304597346 -0.21273231286983352 0.7067700385402256
    outer loop
      vertex 3.4226670295000075 -86.2317485615611 2
      vertex 2.6499263644218445 -86.4388037994504 1.2
      vertex 3.5171065658330916 -86.5312725186348 2
    endloop
  endfacet
  facet normal -0.674700730324841 -0.2127323143530296 0.7067700382225678
    outer loop
      vertex 3.5171065658330916 -86.5312725186348 2
      vertex 2.6499263644218445 -86.4388037994504 1.2
      vertex 2.765352465212345 -86.8048886358738 1.2
    endloop
  endfacet
  facet normal -0.6535924431963319 -0.27072685686209574 0.7067700383931254
    outer loop
      vertex 3.5171065658330916 -86.5312725186348 2
      vertex 2.765352465212345 -86.8048886358738 1.2
      vertex 2.912245735526085 -87.15952035784721 1.2
    endloop
  endfacet
  facet normal -0.6275099274961241 -0.32666099344253263 0.7067700377470361
    outer loop
      vertex 3.78230854421854 -87.09999999701976 2
      vertex 2.912245735526085 -87.15952035784721 1.2
      vertex 3.089488223195076 -87.50000000745058 1.2
    endloop
  endfacet
  facet normal -0.6535924373151288 -0.2707268653229765 0.7067700405909012
    outer loop
      vertex 3.5171065658330916 -86.5312725186348 2
      vertex 2.912245735526085 -87.15952035784721 1.2
      vertex 3.637291970849037 -86.8214257389307 2
    endloop
  endfacet
  facet normal -0.6275099313011295 -0.32666097943453126 0.7067700408430767
    outer loop
      vertex 3.637291970849037 -86.8214257389307 2
      vertex 2.912245735526085 -87.15952035784721 1.2
      vertex 3.78230854421854 -87.09999999701976 2
    endloop
  endfacet
  facet normal -0.5966516823911271 -0.38010904012561914 0.7067700386367677
    outer loop
      vertex 3.78230854421854 -87.09999999701976 2
      vertex 3.2957310006022453 -87.82373632490635 1.2
      vertex 3.951052638888359 -87.36487517058849 2
    endloop
  endfacet
  facet normal -0.5612525509870804 -0.4306642376159224 0.7067700392979255
    outer loop
      vertex 3.951052638888359 -87.36487517058849 2
      vertex 3.5294044464826584 -88.1282654851675 1.2
      vertex 4.1422400057315825 -87.61403539329767 2
    endloop
  endfacet
  facet normal -0.5966516838208451 -0.3801090386860539 0.7067700382040216
    outer loop
      vertex 3.78230854421854 -87.09999999701976 2
      vertex 3.089488223195076 -87.50000000745058 1.2
      vertex 3.2957310006022453 -87.82373632490635 1.2
    endloop
  endfacet
  facet normal -0.5215819541835889 -0.47794181032285277 0.7067700411133333
    outer loop
      vertex 4.1422400057315825 -87.61403539329767 2
      vertex 3.7887301594018936 -88.41126984357834 1.2
      vertex 4.354415591061115 -87.845584410429 2
    endloop
  endfacet
  facet normal -0.5612525530998811 -0.4306642358306803 0.706770038707953
    outer loop
      vertex 3.951052638888359 -87.36487517058849 2
      vertex 3.2957310006022453 -87.82373632490635 1.2
      vertex 3.5294044464826584 -88.1282654851675 1.2
    endloop
  endfacet
  facet normal -0.5215819613167137 -0.47794180529161456 0.7067700392515252
    outer loop
      vertex 4.1422400057315825 -87.61403539329767 2
      vertex 3.5294044464826584 -88.1282654851675 1.2
      vertex 3.7887301594018936 -88.41126984357834 1.2
    endloop
  endfacet
  facet normal 0 0 1
    outer loop
      vertex 3.637291970849037 -86.8214257389307 2
      vertex 4.1422400057315825 -87.61403539329767 2
      vertex 4.835124830901623 -88.24894736260175 2
    endloop
  endfacet
  facet normal 0 0 1
    outer loop
      vertex 4.1422400057315825 -87.61403539329767 2
      vertex 4.354415591061115 -87.845584410429 2
      vertex 4.835124830901623 -88.24894736260175 2
    endloop
  endfacet
  facet normal 0 0 1
    outer loop
      vertex 4.354415591061115 -87.845584410429 2
      vertex 4.585964608192444 -88.05775999575853 2
      vertex 4.835124830901623 -88.24894736260175 2
    endloop
  endfacet
  facet normal 0 0 1
    outer loop
      vertex 3.637291970849037 -86.8214257389307 2
      vertex 4.835124830901623 -88.24894736260175 2
      vertex 6.900000001490116 -88.90000000149011 2
    endloop
  endfacet
  facet normal 0 0 1
    outer loop
      vertex 4.835124830901623 -88.24894736260175 2
      vertex 5.100000004470348 -88.41769145727157 2
      vertex 5.378574262559414 -88.56270803064108 2
    endloop
  endfacet
  facet normal -0.4779418102953946 -0.5215819541536236 0.7067700411540152
    outer loop
      vertex 4.354415591061115 -87.845584410429 2
      vertex 3.7887301594018936 -88.41126984357834 1.2
      vertex 4.585964608192444 -88.05775999575853 2
    endloop
  endfacet
  facet normal -0.43066423754188476 -0.5612525508905927 0.7067700394196613
    outer loop
      vertex 4.585964608192444 -88.05775999575853 2
      vertex 4.071734517812729 -88.67059555649757 1.2
      vertex 4.835124830901623 -88.24894736260175 2
    endloop
  endfacet
  facet normal -0.38010904001726115 -0.5966516822210391 0.7067700388386311
    outer loop
      vertex 4.835124830901623 -88.24894736260175 2
      vertex 4.376263678073883 -88.90426900237799 1.2
      vertex 5.100000004470348 -88.41769145727157 2
    endloop
  endfacet
  facet normal -0.47794180526415647 -0.5215819612867485 0.706770039292207
    outer loop
      vertex 4.585964608192444 -88.05775999575853 2
      vertex 3.7887301594018936 -88.41126984357834 1.2
      vertex 4.071734517812729 -88.67059555649757 1.2
    endloop
  endfacet
  facet normal -0.43066423575664275 -0.5612525530033934 0.7067700388296889
    outer loop
      vertex 4.835124830901623 -88.24894736260175 2
      vertex 4.071734517812729 -88.67059555649757 1.2
      vertex 4.376263678073883 -88.90426900237799 1.2
    endloop
  endfacet
  facet normal -0.38010903857769596 -0.5966516836507573 0.7067700384058851
    outer loop
      vertex 5.100000004470348 -88.41769145727157 2
      vertex 4.376263678073883 -88.90426900237799 1.2
      vertex 4.699999995529652 -89.11051177978516 1.2
    endloop
  endfacet
  facet normal -0.3266609793051549 -0.6275099310525999 0.7067700411235315
    outer loop
      vertex 5.100000004470348 -88.41769145727157 2
      vertex 5.0404796451330185 -89.28775426745415 1.2
      vertex 5.378574262559414 -88.56270803064108 2
    endloop
  endfacet
  facet normal -0.27072686518652234 -0.6535924369856994 0.7067700409478128
    outer loop
      vertex 5.378574262559414 -88.56270803064108 2
      vertex 5.0404796451330185 -89.28775426745415 1.2
      vertex 5.66872748285532 -88.68289343565702 2
    endloop
  endfacet
  facet normal -0.32666099331315634 -0.6275099272475945 0.7067700380274908
    outer loop
      vertex 5.100000004470348 -88.41769145727157 2
      vertex 4.699999995529652 -89.11051177978516 1.2
      vertex 5.0404796451330185 -89.28775426745415 1.2
    endloop
  endfacet
  facet normal -0.2707268567256416 -0.6535924428669024 0.7067700387500371
    outer loop
      vertex 5.66872748285532 -88.68289343565702 2
      vertex 5.0404796451330185 -89.28775426745415 1.2
      vertex 5.395111367106438 -89.43464753776789 1.2
    endloop
  endfacet
  facet normal -0.21273231422365324 -0.6747007299145117 0.70677003865322
    outer loop
      vertex 5.66872748285532 -88.68289343565702 2
      vertex 5.395111367106438 -89.43464753776789 1.2
      vertex 5.761196203529835 -89.55007363855839 1.2
    endloop
  endfacet
  facet normal 0 0 1
    outer loop
      vertex 8.600000000000001 -73.10000000000001 2
      vertex 3.637291970849037 -86.8214257389307 2
      vertex 8.600000000000001 -81.3 2
    endloop
  endfacet
  facet normal 0 0 1
    outer loop
      vertex 3.637291970849037 -86.8214257389307 2
      vertex 6.900000001490116 -88.90000000149011 2
      vertex 8.600000000000001 -81.3 2
    endloop
  endfacet
  facet normal 0 0 1
    outer loop
      vertex 4.835124830901623 -88.24894736260175 2
      vertex 5.378574262559414 -88.56270803064108 2
      vertex 6.900000001490116 -88.90000000149011 2
    endloop
  endfacet
  facet normal 0 0 1
    outer loop
      vertex 5.378574262559414 -88.56270803064108 2
      vertex 5.66872748285532 -88.68289343565702 2
      vertex 6.274866561591625 -88.84530791193247 2
    endloop
  endfacet
  facet normal 0 0 1
    outer loop
      vertex 5.66872748285532 -88.68289343565702 2
      vertex 5.968251439929008 -88.7773329719901 2
      vertex 6.274866561591625 -88.84530791193247 2
    endloop
  endfacet
  facet normal 0 0 1
    outer loop
      vertex 5.378574262559414 -88.56270803064108 2
      vertex 6.274866561591625 -88.84530791193247 2
      vertex 6.900000001490116 -88.90000000149011 2
    endloop
  endfacet
  facet normal 0 0 1
    outer loop
      vertex 6.274866561591625 -88.84530791193247 2
      vertex 6.5862393260002134 -88.88630090951919 2
      vertex 6.900000001490116 -88.90000000149011 2
    endloop
  endfacet
  facet normal -0.21273231274045715 -0.6747007300494051 0.7067700389708776
    outer loop
      vertex 5.66872748285532 -88.68289343565702 2
      vertex 5.761196203529835 -89.55007363855839 1.2
      vertex 5.968251439929008 -88.7773329719901 2
    endloop
  endfacet
  facet normal -0.1531187769450882 -0.6906741287547998 0.7067700389912114
    outer loop
      vertex 5.968251439929008 -88.7773329719901 2
      vertex 5.761196203529835 -89.55007363855839 1.2
      vertex 6.274866561591625 -88.84530791193247 2
    endloop
  endfacet
  facet normal -0.09233987810476742 -0.7013910863630762 0.7067700410190152
    outer loop
      vertex 6.274866561591625 -88.84530791193247 2
      vertex 6.5165147334337234 -89.68325667828321 1.2
      vertex 6.5862393260002134 -88.88630090951919 2
    endloop
  endfacet
  facet normal -0.1531187706390175 -0.6906741316690636 0.7067700375095007
    outer loop
      vertex 6.274866561591625 -88.84530791193247 2
      vertex 5.761196203529835 -89.55007363855839 1.2
      vertex 6.135948017239571 -89.63315411657095 1.2
    endloop
  endfacet
  facet normal -0.09233989405995507 -0.7013910877038153 0.7067700376039261
    outer loop
      vertex 6.274866561591625 -88.84530791193247 2
      vertex 6.135948017239571 -89.63315411657095 1.2
      vertex 6.5165147334337234 -89.68325667828321 1.2
    endloop
  endfacet
  facet normal -0.03085825731212405 -0.7067700311265694 0.7067700411428082
    outer loop
      vertex 6.5862393260002134 -88.88630090951919 2
      vertex 6.5165147334337234 -89.68325667828321 1.2
      vertex 6.900000001490116 -88.90000000149011 2
    endloop
  endfacet
  facet normal -0.03085823960736489 -0.706770035805482 0.7067700372369022
    outer loop
      vertex 6.900000001490116 -88.90000000149011 2
      vertex 6.5165147334337234 -89.68325667828321 1.2
      vertex 6.899999998509884 -89.70000000298023 1.2
    endloop
  endfacet
  facet normal -0.9990482219868955 -0.04361937808844548 0
    outer loop
      vertex 2.5 -85.30000000447035 1.2
      vertex 2.5 -85.30000000447035 0.8
      vertex 2.5167433246970177 -85.68348526954651 1.2
    endloop
  endfacet
  facet normal -0.9990482219868955 -0.04361937808844548 0
    outer loop
      vertex 2.5167433246970177 -85.68348526954651 1.2
      vertex 2.5 -85.30000000447035 0.8
      vertex 2.5167433246970177 -85.68348526954651 0.8
    endloop
  endfacet
  facet normal -0.9914448603534132 -0.13052619997073736 0
    outer loop
      vertex 2.5167433246970177 -85.68348526954651 1.2
      vertex 2.5167433246970177 -85.68348526954651 0.8
      vertex 2.5668458864092827 -86.06405198574066 1.2
    endloop
  endfacet
  facet normal -0.9762960065158428 -0.21643961666297906 0
    outer loop
      vertex 2.5668458864092827 -86.06405198574066 1.2
      vertex 2.6499263644218445 -86.4388037994504 0.8
      vertex 2.6499263644218445 -86.4388037994504 1.2
    endloop
  endfacet
  facet normal -0.9914448603534132 -0.13052619997073736 0
    outer loop
      vertex 2.5668458864092827 -86.06405198574066 1.2
      vertex 2.5167433246970177 -85.68348526954651 0.8
      vertex 2.5668458864092827 -86.06405198574066 0.8
    endloop
  endfacet
  facet normal -0.9762960065158428 -0.21643961666297906 0
    outer loop
      vertex 2.5668458864092827 -86.06405198574066 1.2
      vertex 2.5668458864092827 -86.06405198574066 0.8
      vertex 2.6499263644218445 -86.4388037994504 0.8
    endloop
  endfacet
  facet normal -0.9537169543051551 -0.3007057882231379 0
    outer loop
      vertex 2.6499263644218445 -86.4388037994504 1.2
      vertex 2.6499263644218445 -86.4388037994504 0.8
      vertex 2.765352465212345 -86.8048886358738 1.2
    endloop
  endfacet
  facet normal -0.9537169543051551 -0.3007057882231379 0
    outer loop
      vertex 2.765352465212345 -86.8048886358738 1.2
      vertex 2.6499263644218445 -86.4388037994504 0.8
      vertex 2.765352465212345 -86.8048886358738 0.8
    endloop
  endfacet
  facet normal -0.9238795311991072 -0.38268343553297157 0
    outer loop
      vertex 2.765352465212345 -86.8048886358738 1.2
      vertex 2.765352465212345 -86.8048886358738 0.8
      vertex 2.912245735526085 -87.15952035784721 0.8
    endloop
  endfacet
  facet normal -0.9238795311991072 -0.38268343553297157 0
    outer loop
      vertex 2.765352465212345 -86.8048886358738 1.2
      vertex 2.912245735526085 -87.15952035784721 0.8
      vertex 2.912245735526085 -87.15952035784721 1.2
    endloop
  endfacet
  facet normal -0.8870108324290947 -0.4617486146740933 0
    outer loop
      vertex 2.912245735526085 -87.15952035784721 1.2
      vertex 2.912245735526085 -87.15952035784721 0.8
      vertex 3.089488223195076 -87.50000000745058 1.2
    endloop
  endfacet
  facet normal -0.8433914491033485 -0.5372996031818316 0
    outer loop
      vertex 3.089488223195076 -87.50000000745058 1.2
      vertex 3.089488223195076 -87.50000000745058 0.8
      vertex 3.2957310006022453 -87.82373632490635 1.2
    endloop
  endfacet
  facet normal -0.8870108324290947 -0.4617486146740933 0
    outer loop
      vertex 3.089488223195076 -87.50000000745058 1.2
      vertex 2.912245735526085 -87.15952035784721 0.8
      vertex 3.089488223195076 -87.50000000745058 0.8
    endloop
  endfacet
  facet normal -0.8433914491033485 -0.5372996031818316 0
    outer loop
      vertex 3.089488223195076 -87.50000000745058 0.8
      vertex 3.2957310006022453 -87.82373632490635 0.8
      vertex 3.2957310006022453 -87.82373632490635 1.2
    endloop
  endfacet
  facet normal -0.7067700364343759 -0.03085823963482296 -0.7067700366068096
    outer loop
      vertex 2.5 -85.30000000447035 0.8
      vertex 3.2902092915587127 -85.30479356586933 0.010000000000000009
      vertex 2.5167433246970177 -85.68348526954651 0.8
    endloop
  endfacet
  facet normal -0.7013910882661869 -0.09233989413399277 -0.7067700370361615
    outer loop
      vertex 2.5167433246970177 -85.68348526954651 0.8
      vertex 3.3442177299968896 -85.92211283776909 0.010000000000000009
      vertex 2.5668458864092827 -86.06405198574066 0.8
    endloop
  endfacet
  facet normal -0.6906741321578347 -0.1531187707473754 -0.7067700370083855
    outer loop
      vertex 2.5668458864092827 -86.06405198574066 0.8
      vertex 3.34588251799345 -85.93155431939289 0.010000000000000009
      vertex 2.6499263644218445 -86.4388037994504 0.8
    endloop
  endfacet
  facet normal -0.674700730324841 -0.21273231435302953 -0.7067700382225678
    outer loop
      vertex 2.6499263644218445 -86.4388037994504 0.8
      vertex 3.506266813315451 -86.53011665964499 0.010000000000000009
      vertex 2.765352465212345 -86.8048886358738 0.8
    endloop
  endfacet
  facet normal -0.653592443196331 -0.2707268568620954 -0.7067700383931262
    outer loop
      vertex 2.765352465212345 -86.8048886358738 0.8
      vertex 3.509545805454254 -86.53912561662494 0.010000000000000009
      vertex 2.912245735526085 -87.15952035784721 0.8
    endloop
  endfacet
  facet normal -0.6275099274961231 -0.3266609934425322 -0.7067700377470372
    outer loop
      vertex 2.912245735526085 -87.15952035784721 0.8
      vertex 3.771432759109884 -87.1007440015301 0.010000000000000009
      vertex 3.089488223195076 -87.50000000745058 0.8
    endloop
  endfacet
  facet normal -0.5966516838208449 -0.38010903868605367 -0.706770038204022
    outer loop
      vertex 3.089488223195076 -87.50000000745058 0.8
      vertex 3.776226324923336 -87.10904670111834 0.010000000000000009
      vertex 3.2957310006022453 -87.82373632490635 0.8
    endloop
  endfacet
  facet normal -0.7933533370381959 -0.6087614332481638 0
    outer loop
      vertex 3.2957310006022453 -87.82373632490635 1.2
      vertex 3.5294044464826584 -88.1282654851675 0.8
      vertex 3.5294044464826584 -88.1282654851675 1.2
    endloop
  endfacet
  facet normal -0.7372773408008826 -0.6755902032605114 0
    outer loop
      vertex 3.5294044464826584 -88.1282654851675 1.2
      vertex 3.5294044464826584 -88.1282654851675 0.8
      vertex 3.7887301594018936 -88.41126984357834 1.2
    endloop
  endfacet
  facet normal -0.7933533370381959 -0.6087614332481638 0
    outer loop
      vertex 3.2957310006022453 -87.82373632490635 1.2
      vertex 3.2957310006022453 -87.82373632490635 0.8
      vertex 3.5294044464826584 -88.1282654851675 0.8
    endloop
  endfacet
  facet normal -0.7372773408008826 -0.6755902032605114 0
    outer loop
      vertex 3.7887301594018936 -88.41126984357834 1.2
      vertex 3.5294044464826584 -88.1282654851675 0.8
      vertex 3.7887301594018936 -88.41126984357834 0.8
    endloop
  endfacet
  facet normal -0.6755902032605114 -0.7372773408008826 0
    outer loop
      vertex 3.7887301594018936 -88.41126984357834 1.2
      vertex 4.071734517812729 -88.67059555649757 0.8
      vertex 4.071734517812729 -88.67059555649757 1.2
    endloop
  endfacet
  facet normal -0.6755902032605114 -0.7372773408008826 0
    outer loop
      vertex 3.7887301594018936 -88.41126984357834 1.2
      vertex 3.7887301594018936 -88.41126984357834 0.8
      vertex 4.071734517812729 -88.67059555649757 0.8
    endloop
  endfacet
  facet normal -0.5612525530998812 -0.43066423583068036 -0.7067700387079527
    outer loop
      vertex 3.2957310006022453 -87.82373632490635 0.8
      vertex 3.9457820364832874 -87.37441754952073 0.010000000000000009
      vertex 3.5294044464826584 -88.1282654851675 0.8
    endloop
  endfacet
  facet normal -0.5215819613167145 -0.47794180529161534 -0.706770039251524
    outer loop
      vertex 3.5294044464826584 -88.1282654851675 0.8
      vertex 4.137821132652461 -87.62400082392618 0.010000000000000009
      vertex 3.7887301594018936 -88.41126984357834 0.8
    endloop
  endfacet
  facet normal -0.6087614332481638 -0.7933533370381959 0
    outer loop
      vertex 4.071734517812729 -88.67059555649757 1.2
      vertex 4.071734517812729 -88.67059555649757 0.8
      vertex 4.376263678073883 -88.90426900237799 1.2
    endloop
  endfacet
  facet normal -0.6087614332481638 -0.7933533370381959 0
    outer loop
      vertex 4.071734517812729 -88.67059555649757 0.8
      vertex 4.376263678073883 -88.90426900237799 0.8
      vertex 4.376263678073883 -88.90426900237799 1.2
    endloop
  endfacet
  facet normal -0.5372996031818316 -0.8433914491033485 0
    outer loop
      vertex 4.376263678073883 -88.90426900237799 1.2
      vertex 4.376263678073883 -88.90426900237799 0.8
      vertex 4.699999995529652 -89.11051177978516 0.8
    endloop
  endfacet
  facet normal -0.5372996031818316 -0.8433914491033485 0
    outer loop
      vertex 4.376263678073883 -88.90426900237799 1.2
      vertex 4.699999995529652 -89.11051177978516 0.8
      vertex 4.699999995529652 -89.11051177978516 1.2
    endloop
  endfacet
  facet normal -0.4617486146740933 -0.8870108324290947 0
    outer loop
      vertex 4.699999995529652 -89.11051177978516 1.2
      vertex 4.699999995529652 -89.11051177978516 0.8
      vertex 5.0404796451330185 -89.28775426745415 1.2
    endloop
  endfacet
  facet normal -0.38268343553297157 -0.9238795311991072 0
    outer loop
      vertex 5.0404796451330185 -89.28775426745415 1.2
      vertex 5.0404796451330185 -89.28775426745415 0.8
      vertex 5.395111367106438 -89.43464753776789 1.2
    endloop
  endfacet
  facet normal -0.4617486146740933 -0.8870108324290947 0
    outer loop
      vertex 5.0404796451330185 -89.28775426745415 1.2
      vertex 4.699999995529652 -89.11051177978516 0.8
      vertex 5.0404796451330185 -89.28775426745415 0.8
    endloop
  endfacet
  facet normal -0.38268343553297157 -0.9238795311991072 0
    outer loop
      vertex 5.395111367106438 -89.43464753776789 1.2
      vertex 5.0404796451330185 -89.28775426745415 0.8
      vertex 5.395111367106438 -89.43464753776789 0.8
    endloop
  endfacet
  facet normal -0.3007057882231379 -0.9537169543051551 0
    outer loop
      vertex 5.395111367106438 -89.43464753776789 1.2
      vertex 5.395111367106438 -89.43464753776789 0.8
      vertex 5.761196203529835 -89.55007363855839 1.2
    endloop
  endfacet
  facet normal -0.3007057882231379 -0.9537169543051551 0
    outer loop
      vertex 5.395111367106438 -89.43464753776789 0.8
      vertex 5.761196203529835 -89.55007363855839 0.8
      vertex 5.761196203529835 -89.55007363855839 1.2
    endloop
  endfacet
  facet normal -0.47794180526415675 -0.5215819612867487 -0.7067700392922068
    outer loop
      vertex 3.7887301594018936 -88.41126984357834 0.8
      vertex 4.5759991775825615 -88.06217886885628 0.010000000000000009
      vertex 4.071734517812729 -88.67059555649757 0.8
    endloop
  endfacet
  facet normal -0.4306642357566416 -0.561252553003392 -0.7067700388296908
    outer loop
      vertex 4.071734517812729 -88.67059555649757 0.8
      vertex 4.825582451988011 -88.25421796502545 0.010000000000000009
      vertex 4.376263678073883 -88.90426900237799 0.8
    endloop
  endfacet
  facet normal -0.3801090385776949 -0.5966516836507558 -0.7067700384058869
    outer loop
      vertex 4.376263678073883 -88.90426900237799 0.8
      vertex 5.090953300390392 -88.4237736765854 0.010000000000000009
      vertex 4.699999995529652 -89.11051177978516 0.8
    endloop
  endfacet
  facet normal -0.3266609933131564 -0.6275099272475946 -0.7067700380274907
    outer loop
      vertex 4.699999995529652 -89.11051177978516 0.8
      vertex 5.099255999978632 -88.42856724239886 0.010000000000000009
      vertex 5.0404796451330185 -89.28775426745415 0.8
    endloop
  endfacet
  facet normal -0.2707268567256421 -0.6535924428669038 -0.7067700387500356
    outer loop
      vertex 5.0404796451330185 -89.28775426745415 0.8
      vertex 5.660874384883791 -88.69045419605449 0.010000000000000009
      vertex 5.395111367106438 -89.43464753776789 0.8
    endloop
  endfacet
  facet normal -0.21273231422365363 -0.6747007299145131 -0.7067700386532185
    outer loop
      vertex 5.395111367106438 -89.43464753776789 0.8
      vertex 5.669883341863751 -88.69373318819329 0.010000000000000009
      vertex 5.761196203529835 -89.55007363855839 0.8
    endloop
  endfacet
  facet normal -0.7067700364343769 -0.030858239634765295 -0.7067700366068109
    outer loop
      vertex 2.5 -85.30000000447035 0.8
      vertex 3.29 -85.30000000005587 0.010000000000000009
      vertex 3.2902092915587127 -85.30479356586933 0.010000000000000009
    endloop
  endfacet
  facet normal -0.7067700317554633 -0.030858257339582498 -0.7067700405127156
    outer loop
      vertex 2.5167433246970177 -85.68348526954651 0.8
      vertex 3.2902092915587127 -85.30479356586933 0.010000000000000009
      vertex 3.303737144879997 -85.61463223291561 0.010000000000000009
    endloop
  endfacet
  facet normal -0.7013910869254477 -0.09233987817880444 -0.7067700404512506
    outer loop
      vertex 2.5167433246970177 -85.68348526954651 0.8
      vertex 3.303737144879997 -85.61463223291561 0.010000000000000009
      vertex 3.3442177299968896 -85.92211283776909 0.010000000000000009
    endloop
  endfacet
  facet normal -0.7013910882661805 -0.09233989413403544 -0.7067700370361623
    outer loop
      vertex 2.5668458864092827 -86.06405198574066 0.8
      vertex 3.3442177299968896 -85.92211283776909 0.010000000000000009
      vertex 3.344844012018293 -85.92686992172152 0.010000000000000009
    endloop
  endfacet
  facet normal -0.6906741321578247 -0.1531187707474263 -0.7067700370083843
    outer loop
      vertex 2.5668458864092827 -86.06405198574066 0.8
      vertex 3.344844012018293 -85.92686992172152 0.010000000000000009
      vertex 3.34588251799345 -85.93155431939289 0.010000000000000009
    endloop
  endfacet
  facet normal -0.690674129243571 -0.15311877705344656 -0.7067700384900962
    outer loop
      vertex 2.6499263644218445 -86.4388037994504 0.8
      vertex 3.34588251799345 -85.93155431939289 0.010000000000000009
      vertex 3.4130077711865305 -86.23433675203472 0.010000000000000009
    endloop
  endfacet
  facet normal -0.6747007304597346 -0.21273231286983343 -0.7067700385402256
    outer loop
      vertex 2.6499263644218445 -86.4388037994504 0.8
      vertex 3.4130077711865305 -86.23433675203472 0.010000000000000009
      vertex 3.506266813315451 -86.53011665964499 0.010000000000000009
    endloop
  endfacet
  facet normal -0.6747007303248355 -0.21273231435304904 -0.7067700382225673
    outer loop
      vertex 2.765352465212345 -86.8048886358738 0.8
      vertex 3.506266813315451 -86.53011665964499 0.010000000000000009
      vertex 3.5077096395753324 -86.53469272010028 0.010000000000000009
    endloop
  endfacet
  facet normal -0.6535924431962205 -0.27072685686239056 -0.7067700383931156
    outer loop
      vertex 2.765352465212345 -86.8048886358738 0.8
      vertex 3.5077096395753324 -86.53469272010028 0.010000000000000009
      vertex 3.509545805454254 -86.53912561662494 0.010000000000000009
    endloop
  endfacet
  facet normal -0.6535924373151328 -0.27072686532296947 -0.7067700405909004
    outer loop
      vertex 2.912245735526085 -87.15952035784721 0.8
      vertex 3.509545805454254 -86.53912561662494 0.010000000000000009
      vertex 3.6282288929075 -86.82565192166716 0.010000000000000009
    endloop
  endfacet
  facet normal -0.6275099313011262 -0.3266609794345396 -0.7067700408430759
    outer loop
      vertex 2.912245735526085 -87.15952035784721 0.8
      vertex 3.6282288929075 -86.82565192166716 0.010000000000000009
      vertex 3.771432759109884 -87.1007440015301 0.010000000000000009
    endloop
  endfacet
  facet normal -0.6275099274961147 -0.32666099344254873 -0.7067700377470371
    outer loop
      vertex 3.089488223195076 -87.50000000745058 0.8
      vertex 3.771432759109884 -87.1007440015301 0.010000000000000009
      vertex 3.7736482902057467 -87.10499999715014 0.010000000000000009
    endloop
  endfacet
  facet normal -0.596651683820977 -0.3801090386858338 -0.7067700382040286
    outer loop
      vertex 3.089488223195076 -87.50000000745058 0.8
      vertex 3.7736482902057467 -87.10499999715014 0.010000000000000009
      vertex 3.776226324923336 -87.10904670111834 0.010000000000000009
    endloop
  endfacet
  facet normal -0.5966516823911312 -0.38010904012561436 -0.7067700386367667
    outer loop
      vertex 3.2957310006022453 -87.82373632490635 0.8
      vertex 3.776226324923336 -87.10904670111834 0.010000000000000009
      vertex 3.9428611184097826 -87.37061093501747 0.010000000000000009
    endloop
  endfacet
  facet normal -0.5612525530997555 -0.4306642358308576 -0.7067700387079445
    outer loop
      vertex 3.2957310006022453 -87.82373632490635 0.8
      vertex 3.9428611184097826 -87.37061093501747 0.010000000000000009
      vertex 3.9457820364832874 -87.37441754952073 0.010000000000000009
    endloop
  endfacet
  facet normal -0.5612525509870868 -0.4306642376159171 -0.7067700392979235
    outer loop
      vertex 3.5294044464826584 -88.1282654851675 0.8
      vertex 3.9457820364832874 -87.37441754952073 0.010000000000000009
      vertex 4.134579561240971 -87.62046326944605 0.010000000000000009
    endloop
  endfacet
  facet normal -0.521581961316515 -0.4779418052918396 -0.7067700392515197
    outer loop
      vertex 3.5294044464826584 -88.1282654851675 0.8
      vertex 4.134579561240971 -87.62046326944605 0.010000000000000009
      vertex 4.137821132652461 -87.62400082392618 0.010000000000000009
    endloop
  endfacet
  facet normal -0.5215819541835861 -0.4779418103228561 -0.7067700411133332
    outer loop
      vertex 3.7887301594018936 -88.41126984357834 0.8
      vertex 4.137821132652461 -87.62400082392618 0.010000000000000009
      vertex 4.347344523165375 -87.85265547834337 0.010000000000000009
    endloop
  endfacet
  facet normal 0 0 -1
    outer loop
      vertex 4.5000000014901165 -86.16508789360523 0
      vertex 5.934912109375 -87.60000000149012 0
      vertex 4.506845915317536 -86.32188514620066 0
    endloop
  endfacet
  facet normal 0 0 -1
    outer loop
      vertex 4.506845915317536 -86.32188514620066 0
      vertex 5.934912109375 -87.60000000149012 0
      vertex 4.522770287096501 -86.44284278154373 0
    endloop
  endfacet
  facet normal 0 0 -1
    outer loop
      vertex 4.522770287096501 -86.44284278154373 0
      vertex 5.934912109375 -87.60000000149012 0
      vertex 4.549176202714444 -86.56195215880871 0
    endloop
  endfacet
  facet normal 0 0 -1
    outer loop
      vertex 4.549176202714444 -86.56195215880871 0
      vertex 5.934912109375 -87.60000000149012 0
      vertex 4.585862705111504 -86.67830689251423 0
    endloop
  endfacet
  facet normal 0 0 -1
    outer loop
      vertex 4.585862705111504 -86.67830689251423 0
      vertex 5.934912109375 -87.60000000149012 0
      vertex 4.632550568878651 -86.79102136939764 0
    endloop
  endfacet
  facet normal 0 0 -1
    outer loop
      vertex 4.632550568878651 -86.79102136939764 0
      vertex 5.934912109375 -87.60000000149012 0
      vertex 4.688884520530701 -86.89923787862062 0
    endloop
  endfacet
  facet normal 0 0 -1
    outer loop
      vertex 4.688884520530701 -86.89923787862062 0
      vertex 5.934912109375 -87.60000000149012 0
      vertex 4.7544357344508175 -87.00213266909122 0
    endloop
  endfacet
  facet normal 0 0 -1
    outer loop
      vertex 4.7544357344508175 -87.00213266909122 0
      vertex 5.934912109375 -87.60000000149012 0
      vertex 4.828705461323262 -87.09892285615206 0
    endloop
  endfacet
  facet normal 0 0 -1
    outer loop
      vertex 4.828705461323262 -87.09892285615206 0
      vertex 5.934912109375 -87.60000000149012 0
      vertex 4.911128343641758 -87.1888716518879 0
    endloop
  endfacet
  facet normal 0 0 -1
    outer loop
      vertex 4.911128343641758 -87.1888716518879 0
      vertex 5.934912109375 -87.60000000149012 0
      vertex 5.001077139377594 -87.27129453420639 0
    endloop
  endfacet
  facet normal 0 0 -1
    outer loop
      vertex 5.001077139377594 -87.27129453420639 0
      vertex 5.934912109375 -87.60000000149012 0
      vertex 5.097867326438427 -87.34556426107883 0
    endloop
  endfacet
  facet normal 0 0 -1
    outer loop
      vertex 5.097867326438427 -87.34556426107883 0
      vertex 5.934912109375 -87.60000000149012 0
      vertex 5.2007621169090275 -87.41111547499895 0
    endloop
  endfacet
  facet normal 0 0 -1
    outer loop
      vertex 5.2007621169090275 -87.41111547499895 0
      vertex 5.934912109375 -87.60000000149012 0
      vertex 5.308978626132012 -87.467449426651 0
    endloop
  endfacet
  facet normal 0 0 -1
    outer loop
      vertex 5.308978626132012 -87.467449426651 0
      vertex 5.934912109375 -87.60000000149012 0
      vertex 5.421693103015423 -87.51413729041815 0
    endloop
  endfacet
  facet normal 0 0 -1
    outer loop
      vertex 5.421693103015423 -87.51413729041815 0
      vertex 5.934912109375 -87.60000000149012 0
      vertex 5.538047836720944 -87.55082379281521 0
    endloop
  endfacet
  facet normal -0.477941810295395 -0.5215819541536235 -0.706770041154015
    outer loop
      vertex 3.7887301594018936 -88.41126984357834 0.8
      vertex 4.347344523165375 -87.85265547834337 0.010000000000000009
      vertex 4.5759991775825615 -88.06217886885628 0.010000000000000009
    endloop
  endfacet
  facet normal -0.47794180526433205 -0.521581961286591 -0.7067700392922045
    outer loop
      vertex 4.071734517812729 -88.67059555649757 0.8
      vertex 4.5759991775825615 -88.06217886885628 0.010000000000000009
      vertex 4.579536732062698 -88.06542044026777 0.010000000000000009
    endloop
  endfacet
  facet normal -0.430664237541874 -0.5612525508906028 -0.7067700394196601
    outer loop
      vertex 4.071734517812729 -88.67059555649757 0.8
      vertex 4.579536732062698 -88.06542044026777 0.010000000000000009
      vertex 4.825582451988011 -88.25421796502545 0.010000000000000009
    endloop
  endfacet
  facet normal -0.43066423575746193 -0.5612525530027959 -0.7067700388296642
    outer loop
      vertex 4.376263678073883 -88.90426900237799 0.8
      vertex 4.825582451988011 -88.25421796502545 0.010000000000000009
      vertex 4.8293890664912755 -88.25713888309896 0.010000000000000009
    endloop
  endfacet
  facet normal -0.38010904001724793 -0.5966516822210496 -0.7067700388386294
    outer loop
      vertex 4.376263678073883 -88.90426900237799 0.8
      vertex 4.8293890664912755 -88.25713888309896 0.010000000000000009
      vertex 5.090953300390392 -88.4237736765854 0.010000000000000009
    endloop
  endfacet
  facet normal -0.38010903857737344 -0.5966516836509433 -0.7067700384059015
    outer loop
      vertex 4.699999995529652 -89.11051177978516 0.8
      vertex 5.090953300390392 -88.4237736765854 0.010000000000000009
      vertex 5.09500000435859 -88.42635171130298 0.010000000000000009
    endloop
  endfacet
  facet normal -0.3266609933141365 -0.6275099272470513 -0.7067700380275201
    outer loop
      vertex 4.699999995529652 -89.11051177978516 0.8
      vertex 5.09500000435859 -88.42635171130298 0.010000000000000009
      vertex 5.099255999978632 -88.42856724239886 0.010000000000000009
    endloop
  endfacet
  facet normal -0.3266609793051555 -0.6275099310525999 -0.7067700411235314
    outer loop
      vertex 5.0404796451330185 -89.28775426745415 0.8
      vertex 5.099255999978632 -88.42856724239886 0.010000000000000009
      vertex 5.3743480798415835 -88.57177110860124 0.010000000000000009
    endloop
  endfacet
  facet normal -0.27072686518652744 -0.6535924369856975 -0.7067700409478127
    outer loop
      vertex 5.0404796451330185 -89.28775426745415 0.8
      vertex 5.3743480798415835 -88.57177110860124 0.010000000000000009
      vertex 5.660874384883791 -88.69045419605449 0.010000000000000009
    endloop
  endfacet
  facet normal -0.27072685672458163 -0.6535924428673128 -0.7067700387500634
    outer loop
      vertex 5.395111367106438 -89.43464753776789 0.8
      vertex 5.660874384883791 -88.69045419605449 0.010000000000000009
      vertex 5.665307281408459 -88.6922903619334 0.010000000000000009
    endloop
  endfacet
  facet normal -0.21273231422479252 -0.6747007299141233 -0.706770038653248
    outer loop
      vertex 5.395111367106438 -89.43464753776789 0.8
      vertex 5.665307281408459 -88.6922903619334 0.010000000000000009
      vertex 5.669883341863751 -88.69373318819329 0.010000000000000009
    endloop
  endfacet
  facet normal -0.21643961666297906 -0.9762960065158428 0
    outer loop
      vertex 5.761196203529835 -89.55007363855839 1.2
      vertex 6.135948017239571 -89.63315411657095 0.8
      vertex 6.135948017239571 -89.63315411657095 1.2
    endloop
  endfacet
  facet normal -0.21643961666297906 -0.9762960065158428 0
    outer loop
      vertex 5.761196203529835 -89.55007363855839 1.2
      vertex 5.761196203529835 -89.55007363855839 0.8
      vertex 6.135948017239571 -89.63315411657095 0.8
    endloop
  endfacet
  facet normal -0.13052619997073736 -0.9914448603534132 0
    outer loop
      vertex 6.135948017239571 -89.63315411657095 1.2
      vertex 6.5165147334337234 -89.68325667828321 0.8
      vertex 6.5165147334337234 -89.68325667828321 1.2
    endloop
  endfacet
  facet normal -0.13052619997073736 -0.9914448603534132 0
    outer loop
      vertex 6.135948017239571 -89.63315411657095 1.2
      vertex 6.135948017239571 -89.63315411657095 0.8
      vertex 6.5165147334337234 -89.68325667828321 0.8
    endloop
  endfacet
  facet normal -0.04361937808844548 -0.9990482219868955 0
    outer loop
      vertex 6.5165147334337234 -89.68325667828321 1.2
      vertex 6.5165147334337234 -89.68325667828321 0.8
      vertex 6.899999998509884 -89.70000000298023 1.2
    endloop
  endfacet
  facet normal -0.04361937808844548 -0.9990482219868955 0
    outer loop
      vertex 6.899999998509884 -89.70000000298023 1.2
      vertex 6.5165147334337234 -89.68325667828321 0.8
      vertex 6.899999998509884 -89.70000000298023 0.8
    endloop
  endfacet
  facet normal -0.15311877063901802 -0.6906741316690662 -0.706770037509498
    outer loop
      vertex 5.761196203529835 -89.55007363855839 0.8
      vertex 6.2684456821158525 -88.8541174835153 0.010000000000000009
      vertex 6.135948017239571 -89.63315411657095 0.8
    endloop
  endfacet
  facet normal -0.09233989405995552 -0.7013910877038181 -0.7067700376039233
    outer loop
      vertex 6.135948017239571 -89.63315411657095 0.8
      vertex 6.277887163739651 -88.85578227151186 0.010000000000000009
      vertex 6.5165147334337234 -89.68325667828321 0.8
    endloop
  endfacet
  facet normal -0.030858239607364932 -0.7067700358054835 -0.7067700372369007
    outer loop
      vertex 6.5165147334337234 -89.68325667828321 0.8
      vertex 6.895206435639411 -88.90979070995003 0.010000000000000009
      vertex 6.899999998509884 -89.70000000298023 0.8
    endloop
  endfacet
  facet normal 0 0 -1
    outer loop
      vertex 5.538047836720944 -87.55082379281521 0
      vertex 5.934912109375 -87.60000000149012 0
      vertex 5.65715721398592 -87.57722970843315 0
    endloop
  endfacet
  facet normal 0 0 -1
    outer loop
      vertex 5.65715721398592 -87.57722970843315 0
      vertex 5.934912109375 -87.60000000149012 0
      vertex 5.778114849328995 -87.59315408021212 0
    endloop
  endfacet
  facet normal -0.2127323127404576 -0.6747007300494066 -0.7067700389708763
    outer loop
      vertex 5.669883341863751 -88.69373318819329 0.010000000000000009
      vertex 5.9656632494740185 -88.78699223032221 0.010000000000000009
      vertex 5.761196203529835 -89.55007363855839 0.8
    endloop
  endfacet
  facet normal -0.15311877694509468 -0.6906741287547999 -0.70677003899121
    outer loop
      vertex 5.761196203529835 -89.55007363855839 0.8
      vertex 5.9656632494740185 -88.78699223032221 0.010000000000000009
      vertex 6.2684456821158525 -88.8541174835153 0.010000000000000009
    endloop
  endfacet
  facet normal -0.153118770637414 -0.6906741316693799 -0.706770037509539
    outer loop
      vertex 6.135948017239571 -89.63315411657095 0.8
      vertex 6.2684456821158525 -88.8541174835153 0.010000000000000009
      vertex 6.273130079787224 -88.85515598949044 0.010000000000000009
    endloop
  endfacet
  facet normal -0.09233989406159951 -0.7013910877035602 -0.7067700376039645
    outer loop
      vertex 6.135948017239571 -89.63315411657095 0.8
      vertex 6.273130079787224 -88.85515598949044 0.010000000000000009
      vertex 6.277887163739651 -88.85578227151186 0.010000000000000009
    endloop
  endfacet
  facet normal -0.09233987810474155 -0.7013910863630768 -0.706770041019018
    outer loop
      vertex 6.5165147334337234 -89.68325667828321 0.8
      vertex 6.277887163739651 -88.85578227151186 0.010000000000000009
      vertex 6.585367768593132 -88.89626285662874 0.010000000000000009
    endloop
  endfacet
  facet normal -0.030858257312143433 -0.7067700311265659 -0.7067700411428108
    outer loop
      vertex 6.5165147334337234 -89.68325667828321 0.8
      vertex 6.585367768593132 -88.89626285662874 0.010000000000000009
      vertex 6.895206435639411 -88.90979070995003 0.010000000000000009
    endloop
  endfacet
  facet normal -0.03085823960611672 -0.706770035805507 -0.7067700372369317
    outer loop
      vertex 6.899999998509884 -89.70000000298023 0.8
      vertex 6.895206435639411 -88.90979070995003 0.010000000000000009
      vertex 6.900000001452863 -88.91000000150873 0.010000000000000009
    endloop
  endfacet
  facet normal 0 0 1
    outer loop
      vertex 8.600000000000001 -81.3 2
      vertex 6.900000001490116 -88.90000000149011 2
      vertex 13.600000000000001 -81.3 2
    endloop
  endfacet
  facet normal 0 0 -1
    outer loop
      vertex 4.5000000014901165 -6.034912101924419 0
      vertex 50.54284277707338 -87.57722970843315 0
      vertex 5.934912109375 -87.60000000149012 0
    endloop
  endfacet
  facet normal 0 0 1
    outer loop
      vertex 13.600000000000001 -73.10000000000001 2
      vertex 13.600000000000001 -81.3 2
      vertex 52.248947362601754 -4.835124830901623 2
    endloop
  endfacet
  facet normal 0 0 1
    outer loop
      vertex 6.900000001490116 -88.90000000149011 2
      vertex 42.6 -81.3 2
      vertex 13.600000000000001 -81.3 2
    endloop
  endfacet
  facet normal -1.8515241100267312e-19 -0.7071067805280018 0.7071067818450932
    outer loop
      vertex 6.900000001490116 -88.90000000149011 2
      vertex 6.899999998509884 -89.70000000298023 1.2
      vertex 49.30000000447035 -89.70000000298023 1.2
    endloop
  endfacet
  facet normal 0 -1 0
    outer loop
      vertex 6.899999998509884 -89.70000000298023 1.2
      vertex 6.899999998509884 -89.70000000298023 0.8
      vertex 49.30000000447035 -89.70000000298023 1.2
    endloop
  endfacet
  facet normal -1.154976062341137e-18 -0.7071067805279995 -0.7071067818450957
    outer loop
      vertex 6.899999998509884 -89.70000000298023 0.8
      vertex 6.900000001452863 -88.91000000150873 0.010000000000000009
      vertex 49.300000000055874 -88.91000000150873 0.010000000000000009
    endloop
  endfacet
  facet normal 0 0.7071067811865477 0.7071067811865474
    outer loop
      vertex 6.899999998509884 -2.5 1.2
      vertex 49.3 -3.3 2
      vertex 49.30000000447035 -2.5 1.2
    endloop
  endfacet
  facet normal 0 1 0
    outer loop
      vertex 6.899999998509884 -2.5 0.8
      vertex 49.30000000447035 -2.5 1.2
      vertex 49.30000000447035 -2.5 0.8
    endloop
  endfacet
  facet normal 0 0.7071067811865475 -0.7071067811865475
    outer loop
      vertex 6.900000001452863 -3.29 0.010000000000000009
      vertex 49.30000000447035 -2.5 0.8
      vertex 49.300000000055874 -3.29 0.010000000000000009
    endloop
  endfacet
  facet normal 0 0 -1
    outer loop
      vertex 4.506845915317536 -5.878114849328995 0
      vertex 50.26508788913488 -4.600000001490116 0
      vertex 51.56744942218065 -5.408978626132011 0
    endloop
  endfacet
  facet normal 0 0 -1
    outer loop
      vertex 4.5000000014901165 -6.034912101924419 0
      vertex 51.56744942218065 -5.408978626132011 0
      vertex 51.6141372859478 -5.521693103015423 0
    endloop
  endfacet
  facet normal 0 0 -1
    outer loop
      vertex 4.5000000014901165 -6.034912101924419 0
      vertex 51.6141372859478 -5.521693103015423 0
      vertex 51.65082378834486 -5.6380478367209435 0
    endloop
  endfacet
  facet normal 0 0 -1
    outer loop
      vertex 4.5000000014901165 -6.034912101924419 0
      vertex 51.65082378834486 -5.6380478367209435 0
      vertex 51.6772297039628 -5.75715721398592 0
    endloop
  endfacet
  facet normal 0 0 -1
    outer loop
      vertex 4.5000000014901165 -6.034912101924419 0
      vertex 51.6772297039628 -5.75715721398592 0
      vertex 51.69315407574177 -5.878114849328995 0
    endloop
  endfacet
  facet normal 0 0 -1
    outer loop
      vertex 4.5000000014901165 -6.034912101924419 0
      vertex 51.69315407574177 -5.878114849328995 0
      vertex 51.699999997019766 -6.034912101924419 0
    endloop
  endfacet
  facet normal 0 0 1
    outer loop
      vertex 13.600000000000001 -73.10000000000001 2
      vertex 52.248947362601754 -4.835124830901623 2
      vertex 49.3 -3.3 2
    endloop
  endfacet
  facet normal 0 0 -1
    outer loop
      vertex 4.5000000014901165 -6.034912101924419 0
      vertex 51.699999997019766 -6.034912101924419 0
      vertex 51.699999997019766 -86.16508789360523 0
    endloop
  endfacet
  facet normal 0 0 1
    outer loop
      vertex 49.3 -3.3 2
      vertex 49.92513343989849 -3.3546920895576475 2
      vertex 49.6137606754899 -3.3136990919709204 2
    endloop
  endfacet
  facet normal 0 0 1
    outer loop
      vertex 49.92513343989849 -3.3546920895576475 2
      vertex 50.53127251863479 -3.5171065658330916 2
      vertex 50.231748561561105 -3.4226670295000075 2
    endloop
  endfacet
  facet normal 0 0 1
    outer loop
      vertex 49.3 -3.3 2
      vertex 51.099999997019765 -3.78230854421854 2
      vertex 49.92513343989849 -3.3546920895576475 2
    endloop
  endfacet
  facet normal 0.03085825733958215 0.7067700317554632 0.7067700405127155
    outer loop
      vertex 49.3 -3.3 2
      vertex 49.6137606754899 -3.3136990919709204 2
      vertex 49.68348526954651 -2.5167433246970177 1.2
    endloop
  endfacet
  facet normal 0.030858239634822975 0.7067700364343757 0.7067700366068096
    outer loop
      vertex 49.3 -3.3 2
      vertex 49.68348526954651 -2.5167433246970177 1.2
      vertex 49.30000000447035 -2.5 1.2
    endloop
  endfacet
  facet normal 0.09233987817880501 0.7013910869254476 0.7067700404512508
    outer loop
      vertex 49.6137606754899 -3.3136990919709204 2
      vertex 49.92513343989849 -3.3546920895576475 2
      vertex 49.68348526954651 -2.5167433246970177 1.2
    endloop
  endfacet
  facet normal 0.09233989413399266 0.7013910882661867 0.7067700370361616
    outer loop
      vertex 49.92513343989849 -3.3546920895576475 2
      vertex 50.06405198574066 -2.5668458864092827 1.2
      vertex 49.68348526954651 -2.5167433246970177 1.2
    endloop
  endfacet
  facet normal 0.15311877074737543 0.6906741321578346 0.7067700370083856
    outer loop
      vertex 49.92513343989849 -3.3546920895576475 2
      vertex 50.4388037994504 -2.6499263644218445 1.2
      vertex 50.06405198574066 -2.5668458864092827 1.2
    endloop
  endfacet
  facet normal 0.15311877705344612 0.6906741292435709 0.7067700384900962
    outer loop
      vertex 49.92513343989849 -3.3546920895576475 2
      vertex 50.231748561561105 -3.4226670295000075 2
      vertex 50.4388037994504 -2.6499263644218445 1.2
    endloop
  endfacet
  facet normal 0.21273231286983352 0.6747007304597346 0.7067700385402256
    outer loop
      vertex 50.231748561561105 -3.4226670295000075 2
      vertex 50.53127251863479 -3.5171065658330916 2
      vertex 50.4388037994504 -2.6499263644218445 1.2
    endloop
  endfacet
  facet normal 0 0 1
    outer loop
      vertex 49.92513343989849 -3.3546920895576475 2
      vertex 51.099999997019765 -3.78230854421854 2
      vertex 50.53127251863479 -3.5171065658330916 2
    endloop
  endfacet
  facet normal 0 0 1
    outer loop
      vertex 50.53127251863479 -3.5171065658330916 2
      vertex 51.099999997019765 -3.78230854421854 2
      vertex 50.8214257389307 -3.637291970849037 2
    endloop
  endfacet
  facet normal 0 0 1
    outer loop
      vertex 49.3 -3.3 2
      vertex 52.248947362601754 -4.835124830901623 2
      vertex 51.099999997019765 -3.78230854421854 2
    endloop
  endfacet
  facet normal 0 0 1
    outer loop
      vertex 51.099999997019765 -3.78230854421854 2
      vertex 51.61403539329767 -4.1422400057315825 2
      vertex 51.36487517058849 -3.951052638888359 2
    endloop
  endfacet
  facet normal 0 0 1
    outer loop
      vertex 51.099999997019765 -3.78230854421854 2
      vertex 52.248947362601754 -4.835124830901623 2
      vertex 51.61403539329767 -4.1422400057315825 2
    endloop
  endfacet
  facet normal 0 0 1
    outer loop
      vertex 51.61403539329767 -4.1422400057315825 2
      vertex 52.05775999575853 -4.585964608192444 2
      vertex 51.845584410429 -4.354415591061115 2
    endloop
  endfacet
  facet normal 0.2127323143530296 0.674700730324841 0.7067700382225678
    outer loop
      vertex 50.53127251863479 -3.5171065658330916 2
      vertex 50.804888635873795 -2.765352465212345 1.2
      vertex 50.4388037994504 -2.6499263644218445 1.2
    endloop
  endfacet
  facet normal 0.27072685686209574 0.6535924431963319 0.7067700383931254
    outer loop
      vertex 50.53127251863479 -3.5171065658330916 2
      vertex 51.159520357847214 -2.912245735526085 1.2
      vertex 50.804888635873795 -2.765352465212345 1.2
    endloop
  endfacet
  facet normal 0.2707268653229765 0.6535924373151288 0.7067700405909012
    outer loop
      vertex 50.53127251863479 -3.5171065658330916 2
      vertex 50.8214257389307 -3.637291970849037 2
      vertex 51.159520357847214 -2.912245735526085 1.2
    endloop
  endfacet
  facet normal 0.32666097943453126 0.6275099313011295 0.7067700408430767
    outer loop
      vertex 50.8214257389307 -3.637291970849037 2
      vertex 51.099999997019765 -3.78230854421854 2
      vertex 51.159520357847214 -2.912245735526085 1.2
    endloop
  endfacet
  facet normal 0.32666099344253263 0.6275099274961241 0.7067700377470361
    outer loop
      vertex 51.099999997019765 -3.78230854421854 2
      vertex 51.50000000745058 -3.089488223195076 1.2
      vertex 51.159520357847214 -2.912245735526085 1.2
    endloop
  endfacet
  facet normal 0.38010904012561914 0.5966516823911271 0.7067700386367677
    outer loop
      vertex 51.099999997019765 -3.78230854421854 2
      vertex 51.36487517058849 -3.951052638888359 2
      vertex 51.82373632490635 -3.2957310006022453 1.2
    endloop
  endfacet
  facet normal 0.4306642376159224 0.5612525509870804 0.7067700392979255
    outer loop
      vertex 51.36487517058849 -3.951052638888359 2
      vertex 51.61403539329767 -4.1422400057315825 2
      vertex 52.1282654851675 -3.5294044464826584 1.2
    endloop
  endfacet
  facet normal 0.47794181032285277 0.5215819541835889 0.7067700411133333
    outer loop
      vertex 51.61403539329767 -4.1422400057315825 2
      vertex 51.845584410429 -4.354415591061115 2
      vertex 52.41126984357834 -3.7887301594018936 1.2
    endloop
  endfacet
  facet normal 0.3801090386860539 0.5966516838208451 0.7067700382040216
    outer loop
      vertex 51.099999997019765 -3.78230854421854 2
      vertex 51.82373632490635 -3.2957310006022453 1.2
      vertex 51.50000000745058 -3.089488223195076 1.2
    endloop
  endfacet
  facet normal 0.4306642358306803 0.5612525530998811 0.706770038707953
    outer loop
      vertex 51.36487517058849 -3.951052638888359 2
      vertex 52.1282654851675 -3.5294044464826584 1.2
      vertex 51.82373632490635 -3.2957310006022453 1.2
    endloop
  endfacet
  facet normal 0.47794180529161456 0.5215819613167137 0.7067700392515252
    outer loop
      vertex 51.61403539329767 -4.1422400057315825 2
      vertex 52.41126984357834 -3.7887301594018936 1.2
      vertex 52.1282654851675 -3.5294044464826584 1.2
    endloop
  endfacet
  facet normal 0 0 1
    outer loop
      vertex 51.61403539329767 -4.1422400057315825 2
      vertex 52.248947362601754 -4.835124830901623 2
      vertex 52.05775999575853 -4.585964608192444 2
    endloop
  endfacet
  facet normal 0.5215819541536236 0.4779418102953946 0.7067700411540152
    outer loop
      vertex 51.845584410429 -4.354415591061115 2
      vertex 52.05775999575853 -4.585964608192444 2
      vertex 52.41126984357834 -3.7887301594018936 1.2
    endloop
  endfacet
  facet normal 0.5215819612867485 0.47794180526415647 0.706770039292207
    outer loop
      vertex 52.05775999575853 -4.585964608192444 2
      vertex 52.670595556497574 -4.071734517812729 1.2
      vertex 52.41126984357834 -3.7887301594018936 1.2
    endloop
  endfacet
  facet normal 0.5612525530033934 0.43066423575664275 0.7067700388296889
    outer loop
      vertex 52.248947362601754 -4.835124830901623 2
      vertex 52.90426900237799 -4.376263678073883 1.2
      vertex 52.670595556497574 -4.071734517812729 1.2
    endloop
  endfacet
  facet normal 0 0 1
    outer loop
      vertex 52.248947362601754 -4.835124830901623 2
      vertex 52.68289343565702 -5.66872748285532 2
      vertex 52.41769145727157 -5.100000004470348 2
    endloop
  endfacet
  facet normal 0 0 1
    outer loop
      vertex 52.41769145727157 -5.100000004470348 2
      vertex 52.68289343565702 -5.66872748285532 2
      vertex 52.562708030641076 -5.378574262559414 2
    endloop
  endfacet
  facet normal 0 0 1
    outer loop
      vertex 52.248947362601754 -4.835124830901623 2
      vertex 52.88630090951919 -6.5862393260002134 2
      vertex 52.68289343565702 -5.66872748285532 2
    endloop
  endfacet
  facet normal 0 0 1
    outer loop
      vertex 52.248947362601754 -4.835124830901623 2
      vertex 52.90000000149011 -6.900000001490116 2
      vertex 52.88630090951919 -6.5862393260002134 2
    endloop
  endfacet
  facet normal 0 0 1
    outer loop
      vertex 52.68289343565702 -5.66872748285532 2
      vertex 52.845307911932466 -6.274866561591625 2
      vertex 52.777332971990106 -5.968251439929008 2
    endloop
  endfacet
  facet normal 0 0 1
    outer loop
      vertex 52.68289343565702 -5.66872748285532 2
      vertex 52.88630090951919 -6.5862393260002134 2
      vertex 52.845307911932466 -6.274866561591625 2
    endloop
  endfacet
  facet normal 0.5612525508905927 0.43066423754188476 0.7067700394196613
    outer loop
      vertex 52.05775999575853 -4.585964608192444 2
      vertex 52.248947362601754 -4.835124830901623 2
      vertex 52.670595556497574 -4.071734517812729 1.2
    endloop
  endfacet
  facet normal 0.5966516822210391 0.38010904001726115 0.7067700388386311
    outer loop
      vertex 52.248947362601754 -4.835124830901623 2
      vertex 52.41769145727157 -5.100000004470348 2
      vertex 52.90426900237799 -4.376263678073883 1.2
    endloop
  endfacet
  facet normal 0.6275099310525999 0.3266609793051549 0.7067700411235315
    outer loop
      vertex 52.41769145727157 -5.100000004470348 2
      vertex 52.562708030641076 -5.378574262559414 2
      vertex 53.28775426745415 -5.0404796451330185 1.2
    endloop
  endfacet
  facet normal 0.6535924369856994 0.27072686518652234 0.7067700409478128
    outer loop
      vertex 52.562708030641076 -5.378574262559414 2
      vertex 52.68289343565702 -5.66872748285532 2
      vertex 53.28775426745415 -5.0404796451330185 1.2
    endloop
  endfacet
  facet normal 0.5966516836507573 0.38010903857769596 0.7067700384058851
    outer loop
      vertex 52.41769145727157 -5.100000004470348 2
      vertex 53.110511779785156 -4.699999995529652 1.2
      vertex 52.90426900237799 -4.376263678073883 1.2
    endloop
  endfacet
  facet normal 0.6747007300494051 0.21273231274045715 0.7067700389708776
    outer loop
      vertex 52.68289343565702 -5.66872748285532 2
      vertex 52.777332971990106 -5.968251439929008 2
      vertex 53.55007363855839 -5.761196203529835 1.2
    endloop
  endfacet
  facet normal 0.6275099272475945 0.32666099331315634 0.7067700380274908
    outer loop
      vertex 52.41769145727157 -5.100000004470348 2
      vertex 53.28775426745415 -5.0404796451330185 1.2
      vertex 53.110511779785156 -4.699999995529652 1.2
    endloop
  endfacet
  facet normal 0.6535924428669024 0.2707268567256416 0.7067700387500371
    outer loop
      vertex 52.68289343565702 -5.66872748285532 2
      vertex 53.43464753776789 -5.395111367106438 1.2
      vertex 53.28775426745415 -5.0404796451330185 1.2
    endloop
  endfacet
  facet normal 0.6747007299145117 0.21273231422365324 0.70677003865322
    outer loop
      vertex 52.68289343565702 -5.66872748285532 2
      vertex 53.55007363855839 -5.761196203529835 1.2
      vertex 53.43464753776789 -5.395111367106438 1.2
    endloop
  endfacet
  facet normal 0.6906741287547998 0.1531187769450882 0.7067700389912114
    outer loop
      vertex 52.777332971990106 -5.968251439929008 2
      vertex 52.845307911932466 -6.274866561591625 2
      vertex 53.55007363855839 -5.761196203529835 1.2
    endloop
  endfacet
  facet normal 0.7013910863630762 0.09233987810476742 0.7067700410190152
    outer loop
      vertex 52.845307911932466 -6.274866561591625 2
      vertex 52.88630090951919 -6.5862393260002134 2
      vertex 53.683256678283215 -6.5165147334337234 1.2
    endloop
  endfacet
  facet normal 0.7067700311265694 0.03085825731212405 0.7067700411428082
    outer loop
      vertex 52.88630090951919 -6.5862393260002134 2
      vertex 52.90000000149011 -6.900000001490116 2
      vertex 53.683256678283215 -6.5165147334337234 1.2
    endloop
  endfacet
  facet normal 0.6906741316690636 0.1531187706390175 0.7067700375095007
    outer loop
      vertex 52.845307911932466 -6.274866561591625 2
      vertex 53.63315411657095 -6.135948017239571 1.2
      vertex 53.55007363855839 -5.761196203529835 1.2
    endloop
  endfacet
  facet normal 0.7013910877038153 0.09233989405995507 0.7067700376039261
    outer loop
      vertex 52.845307911932466 -6.274866561591625 2
      vertex 53.683256678283215 -6.5165147334337234 1.2
      vertex 53.63315411657095 -6.135948017239571 1.2
    endloop
  endfacet
  facet normal 0.706770035805482 0.03085823960736489 0.7067700372369022
    outer loop
      vertex 52.90000000149011 -6.900000001490116 2
      vertex 53.70000000298023 -6.899999998509884 1.2
      vertex 53.683256678283215 -6.5165147334337234 1.2
    endloop
  endfacet
  facet normal 0.04361937808844548 0.9990482219868955 0
    outer loop
      vertex 49.30000000447035 -2.5 1.2
      vertex 49.68348526954651 -2.5167433246970177 1.2
      vertex 49.68348526954651 -2.5167433246970177 0.8
    endloop
  endfacet
  facet normal 0.04361937808844548 0.9990482219868955 0
    outer loop
      vertex 49.30000000447035 -2.5 1.2
      vertex 49.68348526954651 -2.5167433246970177 0.8
      vertex 49.30000000447035 -2.5 0.8
    endloop
  endfacet
  facet normal 0.13052619997073736 0.9914448603534132 0
    outer loop
      vertex 49.68348526954651 -2.5167433246970177 1.2
      vertex 50.06405198574066 -2.5668458864092827 1.2
      vertex 49.68348526954651 -2.5167433246970177 0.8
    endloop
  endfacet
  facet normal 0.13052619997073736 0.9914448603534132 0
    outer loop
      vertex 50.06405198574066 -2.5668458864092827 1.2
      vertex 50.06405198574066 -2.5668458864092827 0.8
      vertex 49.68348526954651 -2.5167433246970177 0.8
    endloop
  endfacet
  facet normal 0.21643961666297906 0.9762960065158428 0
    outer loop
      vertex 50.06405198574066 -2.5668458864092827 1.2
      vertex 50.4388037994504 -2.6499263644218445 1.2
      vertex 50.06405198574066 -2.5668458864092827 0.8
    endloop
  endfacet
  facet normal 0.21643961666297906 0.9762960065158428 0
    outer loop
      vertex 50.4388037994504 -2.6499263644218445 1.2
      vertex 50.4388037994504 -2.6499263644218445 0.8
      vertex 50.06405198574066 -2.5668458864092827 0.8
    endloop
  endfacet
  facet normal 0.03085823963482296 0.7067700364343759 -0.7067700366068096
    outer loop
      vertex 49.30000000447035 -2.5 0.8
      vertex 49.68348526954651 -2.5167433246970177 0.8
      vertex 49.30479356586933 -3.2902092915587127 0.010000000000000009
    endloop
  endfacet
  facet normal 0.09233989413399277 0.7013910882661869 -0.7067700370361615
    outer loop
      vertex 49.68348526954651 -2.5167433246970177 0.8
      vertex 50.06405198574066 -2.5668458864092827 0.8
      vertex 49.92211283776909 -3.3442177299968896 0.010000000000000009
    endloop
  endfacet
  facet normal 0.1531187707473754 0.6906741321578347 -0.7067700370083855
    outer loop
      vertex 50.06405198574066 -2.5668458864092827 0.8
      vertex 50.4388037994504 -2.6499263644218445 0.8
      vertex 49.93155431939289 -3.34588251799345 0.010000000000000009
    endloop
  endfacet
  facet normal 0.030858239634765295 0.7067700364343769 -0.7067700366068109
    outer loop
      vertex 49.30000000447035 -2.5 0.8
      vertex 49.30479356586933 -3.2902092915587127 0.010000000000000009
      vertex 49.300000000055874 -3.29 0.010000000000000009
    endloop
  endfacet
  facet normal 0.030858257339582498 0.7067700317554633 -0.7067700405127156
    outer loop
      vertex 49.68348526954651 -2.5167433246970177 0.8
      vertex 49.61463223291561 -3.303737144879997 0.010000000000000009
      vertex 49.30479356586933 -3.2902092915587127 0.010000000000000009
    endloop
  endfacet
  facet normal 0.09233987817880444 0.7013910869254477 -0.7067700404512506
    outer loop
      vertex 49.68348526954651 -2.5167433246970177 0.8
      vertex 49.92211283776909 -3.3442177299968896 0.010000000000000009
      vertex 49.61463223291561 -3.303737144879997 0.010000000000000009
    endloop
  endfacet
  facet normal 0.09233989413403544 0.7013910882661805 -0.7067700370361623
    outer loop
      vertex 50.06405198574066 -2.5668458864092827 0.8
      vertex 49.92686992172152 -3.344844012018293 0.010000000000000009
      vertex 49.92211283776909 -3.3442177299968896 0.010000000000000009
    endloop
  endfacet
  facet normal 0.1531187707474263 0.6906741321578247 -0.7067700370083843
    outer loop
      vertex 50.06405198574066 -2.5668458864092827 0.8
      vertex 49.93155431939289 -3.34588251799345 0.010000000000000009
      vertex 49.92686992172152 -3.344844012018293 0.010000000000000009
    endloop
  endfacet
  facet normal 0.15311877705344656 0.690674129243571 -0.7067700384900962
    outer loop
      vertex 50.4388037994504 -2.6499263644218445 0.8
      vertex 50.23433675203472 -3.4130077711865305 0.010000000000000009
      vertex 49.93155431939289 -3.34588251799345 0.010000000000000009
    endloop
  endfacet
  facet normal 0.21273231286983343 0.6747007304597346 -0.7067700385402256
    outer loop
      vertex 50.4388037994504 -2.6499263644218445 0.8
      vertex 50.53011665964499 -3.506266813315451 0.010000000000000009
      vertex 50.23433675203472 -3.4130077711865305 0.010000000000000009
    endloop
  endfacet
  facet normal 0 0 -1
    outer loop
      vertex 50.26508788913488 -4.600000001490116 0
      vertex 50.42188514173031 -4.606845915317535 0
      vertex 50.54284277707338 -4.6227702870965 0
    endloop
  endfacet
  facet normal 0 0 -1
    outer loop
      vertex 50.26508788913488 -4.600000001490116 0
      vertex 50.54284277707338 -4.6227702870965 0
      vertex 50.66195215433836 -4.649176202714443 0
    endloop
  endfacet
  facet normal 0.3007057882231379 0.9537169543051551 0
    outer loop
      vertex 50.4388037994504 -2.6499263644218445 1.2
      vertex 50.804888635873795 -2.765352465212345 1.2
      vertex 50.804888635873795 -2.765352465212345 0.8
    endloop
  endfacet
  facet normal 0.3007057882231379 0.9537169543051551 0
    outer loop
      vertex 50.4388037994504 -2.6499263644218445 1.2
      vertex 50.804888635873795 -2.765352465212345 0.8
      vertex 50.4388037994504 -2.6499263644218445 0.8
    endloop
  endfacet
  facet normal 0.38268343553297157 0.9238795311991072 0
    outer loop
      vertex 50.804888635873795 -2.765352465212345 1.2
      vertex 51.159520357847214 -2.912245735526085 1.2
      vertex 50.804888635873795 -2.765352465212345 0.8
    endloop
  endfacet
  facet normal 0.38268343553297157 0.9238795311991072 0
    outer loop
      vertex 51.159520357847214 -2.912245735526085 1.2
      vertex 51.159520357847214 -2.912245735526085 0.8
      vertex 50.804888635873795 -2.765352465212345 0.8
    endloop
  endfacet
  facet normal 0.4617486146740933 0.8870108324290947 0
    outer loop
      vertex 51.159520357847214 -2.912245735526085 1.2
      vertex 51.50000000745058 -3.089488223195076 0.8
      vertex 51.159520357847214 -2.912245735526085 0.8
    endloop
  endfacet
  facet normal 0.4617486146740933 0.8870108324290947 0
    outer loop
      vertex 51.159520357847214 -2.912245735526085 1.2
      vertex 51.50000000745058 -3.089488223195076 1.2
      vertex 51.50000000745058 -3.089488223195076 0.8
    endloop
  endfacet
  facet normal 0.5372996031818316 0.8433914491033485 0
    outer loop
      vertex 51.50000000745058 -3.089488223195076 1.2
      vertex 51.82373632490635 -3.2957310006022453 1.2
      vertex 51.50000000745058 -3.089488223195076 0.8
    endloop
  endfacet
  facet normal 0.6087614332481638 0.7933533370381959 0
    outer loop
      vertex 51.82373632490635 -3.2957310006022453 1.2
      vertex 52.1282654851675 -3.5294044464826584 1.2
      vertex 52.1282654851675 -3.5294044464826584 0.8
    endloop
  endfacet
  facet normal 0.5372996031818316 0.8433914491033485 0
    outer loop
      vertex 51.82373632490635 -3.2957310006022453 1.2
      vertex 51.82373632490635 -3.2957310006022453 0.8
      vertex 51.50000000745058 -3.089488223195076 0.8
    endloop
  endfacet
  facet normal 0.6087614332481638 0.7933533370381959 0
    outer loop
      vertex 51.82373632490635 -3.2957310006022453 1.2
      vertex 52.1282654851675 -3.5294044464826584 0.8
      vertex 51.82373632490635 -3.2957310006022453 0.8
    endloop
  endfacet
  facet normal 0.21273231435302953 0.674700730324841 -0.7067700382225678
    outer loop
      vertex 50.4388037994504 -2.6499263644218445 0.8
      vertex 50.804888635873795 -2.765352465212345 0.8
      vertex 50.53011665964499 -3.506266813315451 0.010000000000000009
    endloop
  endfacet
  facet normal 0.2707268568620959 0.6535924431963323 -0.7067700383931251
    outer loop
      vertex 50.804888635873795 -2.765352465212345 0.8
      vertex 51.159520357847214 -2.912245735526085 0.8
      vertex 50.53912561662495 -3.509545805454254 0.010000000000000009
    endloop
  endfacet
  facet normal 0.32666099344253285 0.6275099274961244 -0.7067700377470356
    outer loop
      vertex 51.159520357847214 -2.912245735526085 0.8
      vertex 51.50000000745058 -3.089488223195076 0.8
      vertex 51.10074400153011 -3.771432759109884 0.010000000000000009
    endloop
  endfacet
  facet normal 0.38010903868605367 0.5966516838208449 -0.706770038204022
    outer loop
      vertex 51.50000000745058 -3.089488223195076 0.8
      vertex 51.82373632490635 -3.2957310006022453 0.8
      vertex 51.109046701118345 -3.776226324923336 0.010000000000000009
    endloop
  endfacet
  facet normal 0.4306642358306803 0.5612525530998811 -0.7067700387079531
    outer loop
      vertex 51.82373632490635 -3.2957310006022453 0.8
      vertex 52.1282654851675 -3.5294044464826584 0.8
      vertex 51.37441754952073 -3.945782036483288 0.010000000000000009
    endloop
  endfacet
  facet normal 0.4779418052916139 0.5215819613167129 -0.7067700392515263
    outer loop
      vertex 52.1282654851675 -3.5294044464826584 0.8
      vertex 52.41126984357834 -3.7887301594018936 0.8
      vertex 51.624000823926174 -4.137821132652461 0.010000000000000009
    endloop
  endfacet
  facet normal 0.6755902032605114 0.7372773408008826 0
    outer loop
      vertex 52.1282654851675 -3.5294044464826584 1.2
      vertex 52.41126984357834 -3.7887301594018936 1.2
      vertex 52.1282654851675 -3.5294044464826584 0.8
    endloop
  endfacet
  facet normal 0.6755902032605114 0.7372773408008826 0
    outer loop
      vertex 52.41126984357834 -3.7887301594018936 1.2
      vertex 52.41126984357834 -3.7887301594018936 0.8
      vertex 52.1282654851675 -3.5294044464826584 0.8
    endloop
  endfacet
  facet normal 0.7372773408008826 0.6755902032605114 0
    outer loop
      vertex 52.41126984357834 -3.7887301594018936 1.2
      vertex 52.670595556497574 -4.071734517812729 1.2
      vertex 52.41126984357834 -3.7887301594018936 0.8
    endloop
  endfacet
  facet normal 0.7933533370381959 0.6087614332481638 0
    outer loop
      vertex 52.670595556497574 -4.071734517812729 1.2
      vertex 52.90426900237799 -4.376263678073883 1.2
      vertex 52.90426900237799 -4.376263678073883 0.8
    endloop
  endfacet
  facet normal 0.7372773408008826 0.6755902032605114 0
    outer loop
      vertex 52.670595556497574 -4.071734517812729 1.2
      vertex 52.670595556497574 -4.071734517812729 0.8
      vertex 52.41126984357834 -3.7887301594018936 0.8
    endloop
  endfacet
  facet normal 0.7933533370381959 0.6087614332481638 0
    outer loop
      vertex 52.670595556497574 -4.071734517812729 1.2
      vertex 52.90426900237799 -4.376263678073883 0.8
      vertex 52.670595556497574 -4.071734517812729 0.8
    endloop
  endfacet
  facet normal 0.5215819612867487 0.47794180526415675 -0.7067700392922068
    outer loop
      vertex 52.41126984357834 -3.7887301594018936 0.8
      vertex 52.670595556497574 -4.071734517812729 0.8
      vertex 52.06217886885628 -4.5759991775825615 0.010000000000000009
    endloop
  endfacet
  facet normal 0.5612525530033939 0.4306642357566431 -0.7067700388296883
    outer loop
      vertex 52.670595556497574 -4.071734517812729 0.8
      vertex 52.90426900237799 -4.376263678073883 0.8
      vertex 52.254217965025454 -4.825582451988011 0.010000000000000009
    endloop
  endfacet
  facet normal 0.8433914491033485 0.5372996031818316 0
    outer loop
      vertex 52.90426900237799 -4.376263678073883 1.2
      vertex 53.110511779785156 -4.699999995529652 1.2
      vertex 52.90426900237799 -4.376263678073883 0.8
    endloop
  endfacet
  facet normal 0.8870108324290947 0.4617486146740933 0
    outer loop
      vertex 53.110511779785156 -4.699999995529652 1.2
      vertex 53.28775426745415 -5.0404796451330185 1.2
      vertex 53.28775426745415 -5.0404796451330185 0.8
    endloop
  endfacet
  facet normal 0.8433914491033485 0.5372996031818316 0
    outer loop
      vertex 52.90426900237799 -4.376263678073883 0.8
      vertex 53.110511779785156 -4.699999995529652 1.2
      vertex 53.110511779785156 -4.699999995529652 0.8
    endloop
  endfacet
  facet normal 0.8870108324290947 0.4617486146740933 0
    outer loop
      vertex 53.110511779785156 -4.699999995529652 1.2
      vertex 53.28775426745415 -5.0404796451330185 0.8
      vertex 53.110511779785156 -4.699999995529652 0.8
    endloop
  endfacet
  facet normal 0.9238795311991072 0.38268343553297157 0
    outer loop
      vertex 53.28775426745415 -5.0404796451330185 1.2
      vertex 53.43464753776789 -5.395111367106438 1.2
      vertex 53.28775426745415 -5.0404796451330185 0.8
    endloop
  endfacet
  facet normal 0.9537169543051551 0.3007057882231379 0
    outer loop
      vertex 53.43464753776789 -5.395111367106438 1.2
      vertex 53.55007363855839 -5.761196203529835 1.2
      vertex 53.43464753776789 -5.395111367106438 0.8
    endloop
  endfacet
  facet normal 0.9238795311991072 0.38268343553297157 0
    outer loop
      vertex 53.43464753776789 -5.395111367106438 1.2
      vertex 53.43464753776789 -5.395111367106438 0.8
      vertex 53.28775426745415 -5.0404796451330185 0.8
    endloop
  endfacet
  facet normal 0.9537169543051551 0.3007057882231379 0
    outer loop
      vertex 53.55007363855839 -5.761196203529835 1.2
      vertex 53.55007363855839 -5.761196203529835 0.8
      vertex 53.43464753776789 -5.395111367106438 0.8
    endloop
  endfacet
  facet normal 0.9762960065158428 0.21643961666297906 0
    outer loop
      vertex 53.55007363855839 -5.761196203529835 1.2
      vertex 53.63315411657095 -6.135948017239571 1.2
      vertex 53.63315411657095 -6.135948017239571 0.8
    endloop
  endfacet
  facet normal 0.9914448603534132 0.13052619997073736 0
    outer loop
      vertex 53.63315411657095 -6.135948017239571 1.2
      vertex 53.683256678283215 -6.5165147334337234 1.2
      vertex 53.63315411657095 -6.135948017239571 0.8
    endloop
  endfacet
  facet normal 0.9762960065158428 0.21643961666297906 0
    outer loop
      vertex 53.55007363855839 -5.761196203529835 1.2
      vertex 53.63315411657095 -6.135948017239571 0.8
      vertex 53.55007363855839 -5.761196203529835 0.8
    endloop
  endfacet
  facet normal 0.9914448603534132 0.13052619997073736 0
    outer loop
      vertex 53.683256678283215 -6.5165147334337234 1.2
      vertex 53.683256678283215 -6.5165147334337234 0.8
      vertex 53.63315411657095 -6.135948017239571 0.8
    endloop
  endfacet
  facet normal 0.9990482219868955 0.04361937808844548 0
    outer loop
      vertex 53.683256678283215 -6.5165147334337234 1.2
      vertex 53.70000000298023 -6.899999998509884 1.2
      vertex 53.70000000298023 -6.899999998509884 0.8
    endloop
  endfacet
  facet normal 0.9990482219868955 0.04361937808844548 0
    outer loop
      vertex 53.683256678283215 -6.5165147334337234 1.2
      vertex 53.70000000298023 -6.899999998509884 0.8
      vertex 53.683256678283215 -6.5165147334337234 0.8
    endloop
  endfacet
  facet normal 0.5966516836507579 0.3801090385776963 -0.7067700384058843
    outer loop
      vertex 52.90426900237799 -4.376263678073883 0.8
      vertex 53.110511779785156 -4.699999995529652 0.8
      vertex 52.423773676585405 -5.090953300390392 0.010000000000000009
    endloop
  endfacet
  facet normal 0.6275099272475946 0.3266609933131564 -0.7067700380274907
    outer loop
      vertex 53.110511779785156 -4.699999995529652 0.8
      vertex 53.28775426745415 -5.0404796451330185 0.8
      vertex 52.428567242398856 -5.099255999978632 0.010000000000000009
    endloop
  endfacet
  facet normal 0.653592442866901 0.27072685672564095 -0.7067700387500386
    outer loop
      vertex 53.28775426745415 -5.0404796451330185 0.8
      vertex 53.43464753776789 -5.395111367106438 0.8
      vertex 52.69045419605448 -5.660874384883791 0.010000000000000009
    endloop
  endfacet
  facet normal 0.6747007299145131 0.21273231422365363 -0.7067700386532185
    outer loop
      vertex 53.43464753776789 -5.395111367106438 0.8
      vertex 53.55007363855839 -5.761196203529835 0.8
      vertex 52.69373318819329 -5.669883341863751 0.010000000000000009
    endloop
  endfacet
  facet normal 0.6906741316690631 0.15311877063901735 -0.7067700375095011
    outer loop
      vertex 53.55007363855839 -5.761196203529835 0.8
      vertex 53.63315411657095 -6.135948017239571 0.8
      vertex 52.85411748351529 -6.2684456821158525 0.010000000000000009
    endloop
  endfacet
  facet normal 0.701391087703815 0.09233989405995512 -0.7067700376039264
    outer loop
      vertex 53.63315411657095 -6.135948017239571 0.8
      vertex 53.683256678283215 -6.5165147334337234 0.8
      vertex 52.85578227151185 -6.277887163739651 0.010000000000000009
    endloop
  endfacet
  facet normal 0.7067700358054835 0.030858239607364932 -0.7067700372369007
    outer loop
      vertex 53.683256678283215 -6.5165147334337234 0.8
      vertex 53.70000000298023 -6.899999998509884 0.8
      vertex 52.90979070995003 -6.895206435639411 0.010000000000000009
    endloop
  endfacet
  facet normal 0.2127323143529904 0.6747007303248571 -0.7067700382225642
    outer loop
      vertex 50.804888635873795 -2.765352465212345 0.8
      vertex 50.53469272010028 -3.507709639575332 0.010000000000000009
      vertex 50.53011665964499 -3.506266813315451 0.010000000000000009
    endloop
  endfacet
  facet normal 0.27072685686207043 0.6535924431963439 -0.7067700383931241
    outer loop
      vertex 50.804888635873795 -2.765352465212345 0.8
      vertex 50.53912561662495 -3.509545805454254 0.010000000000000009
      vertex 50.53469272010028 -3.507709639575332 0.010000000000000009
    endloop
  endfacet
  facet normal 0.2707268653229752 0.6535924373151303 -0.7067700405909005
    outer loop
      vertex 51.159520357847214 -2.912245735526085 0.8
      vertex 50.82565192166716 -3.6282288929075 0.010000000000000009
      vertex 50.53912561662495 -3.509545805454254 0.010000000000000009
    endloop
  endfacet
  facet normal 0.3266609794345328 0.6275099313011295 -0.706770040843076
    outer loop
      vertex 51.159520357847214 -2.912245735526085 0.8
      vertex 51.10074400153011 -3.771432759109884 0.010000000000000009
      vertex 50.82565192166716 -3.6282288929075 0.010000000000000009
    endloop
  endfacet
  facet normal 0.32666099344254834 0.6275099274961126 -0.7067700377470392
    outer loop
      vertex 51.50000000745058 -3.089488223195076 0.8
      vertex 51.10499999715015 -3.7736482902057467 0.010000000000000009
      vertex 51.10074400153011 -3.771432759109884 0.010000000000000009
    endloop
  endfacet
  facet normal 0.38010903868631635 0.5966516838206868 -0.7067700382040142
    outer loop
      vertex 51.50000000745058 -3.089488223195076 0.8
      vertex 51.109046701118345 -3.776226324923336 0.010000000000000009
      vertex 51.10499999715015 -3.7736482902057467 0.010000000000000009
    endloop
  endfacet
  facet normal 0.38010904012561436 0.5966516823911312 -0.7067700386367667
    outer loop
      vertex 51.82373632490635 -3.2957310006022453 0.8
      vertex 51.37061093501747 -3.9428611184097826 0.010000000000000009
      vertex 51.109046701118345 -3.776226324923336 0.010000000000000009
    endloop
  endfacet
  facet normal 0.43066423583089836 0.5612525530997233 -0.7067700387079453
    outer loop
      vertex 51.82373632490635 -3.2957310006022453 0.8
      vertex 51.37441754952073 -3.945782036483288 0.010000000000000009
      vertex 51.37061093501747 -3.9428611184097826 0.010000000000000009
    endloop
  endfacet
  facet normal 0.43066423761592304 0.5612525509870796 -0.7067700392979257
    outer loop
      vertex 52.1282654851675 -3.5294044464826584 0.8
      vertex 51.62046326944604 -4.134579561240971 0.010000000000000009
      vertex 51.37441754952073 -3.945782036483288 0.010000000000000009
    endloop
  endfacet
  facet normal 0.47794180529183744 0.5215819613165139 -0.706770039251522
    outer loop
      vertex 52.1282654851675 -3.5294044464826584 0.8
      vertex 51.624000823926174 -4.137821132652461 0.010000000000000009
      vertex 51.62046326944604 -4.134579561240971 0.010000000000000009
    endloop
  endfacet
  facet normal 0.4779418103228481 0.5215819541835937 -0.706770041113333
    outer loop
      vertex 52.41126984357834 -3.7887301594018936 0.8
      vertex 51.852655478343365 -4.347344523165375 0.010000000000000009
      vertex 51.624000823926174 -4.137821132652461 0.010000000000000009
    endloop
  endfacet
  facet normal 0 0 -1
    outer loop
      vertex 50.26508788913488 -4.600000001490116 0
      vertex 50.66195215433836 -4.649176202714443 0
      vertex 50.77830688804388 -4.685862705111504 0
    endloop
  endfacet
  facet normal 0 0 -1
    outer loop
      vertex 50.26508788913488 -4.600000001490116 0
      vertex 50.77830688804388 -4.685862705111504 0
      vertex 50.89102136492729 -4.732550568878651 0
    endloop
  endfacet
  facet normal 0 0 -1
    outer loop
      vertex 50.26508788913488 -4.600000001490116 0
      vertex 50.89102136492729 -4.732550568878651 0
      vertex 50.999237874150275 -4.788884520530701 0
    endloop
  endfacet
  facet normal 0 0 -1
    outer loop
      vertex 50.26508788913488 -4.600000001490116 0
      vertex 50.999237874150275 -4.788884520530701 0
      vertex 51.102132664620875 -4.854435734450817 0
    endloop
  endfacet
  facet normal 0 0 -1
    outer loop
      vertex 50.26508788913488 -4.600000001490116 0
      vertex 51.102132664620875 -4.854435734450817 0
      vertex 51.19892285168171 -4.928705461323261 0
    endloop
  endfacet
  facet normal 0 0 -1
    outer loop
      vertex 50.26508788913488 -4.600000001490116 0
      vertex 51.19892285168171 -4.928705461323261 0
      vertex 51.288871647417544 -5.011128343641758 0
    endloop
  endfacet
  facet normal 0 0 -1
    outer loop
      vertex 50.26508788913488 -4.600000001490116 0
      vertex 51.288871647417544 -5.011128343641758 0
      vertex 51.37129452973604 -5.101077139377594 0
    endloop
  endfacet
  facet normal 0 0 -1
    outer loop
      vertex 50.26508788913488 -4.600000001490116 0
      vertex 51.37129452973604 -5.101077139377594 0
      vertex 51.445564256608485 -5.197867326438427 0
    endloop
  endfacet
  facet normal 0 0 -1
    outer loop
      vertex 50.26508788913488 -4.600000001490116 0
      vertex 51.445564256608485 -5.197867326438427 0
      vertex 51.5111154705286 -5.300762116909027 0
    endloop
  endfacet
  facet normal 0 0 -1
    outer loop
      vertex 50.26508788913488 -4.600000001490116 0
      vertex 51.5111154705286 -5.300762116909027 0
      vertex 51.56744942218065 -5.408978626132011 0
    endloop
  endfacet
  facet normal 0.5215819541536235 0.477941810295395 -0.706770041154015
    outer loop
      vertex 52.41126984357834 -3.7887301594018936 0.8
      vertex 52.06217886885628 -4.5759991775825615 0.010000000000000009
      vertex 51.852655478343365 -4.347344523165375 0.010000000000000009
    endloop
  endfacet
  facet normal 0.521581961286591 0.47794180526433205 -0.7067700392922045
    outer loop
      vertex 52.670595556497574 -4.071734517812729 0.8
      vertex 52.06542044026777 -4.579536732062698 0.010000000000000009
      vertex 52.06217886885628 -4.5759991775825615 0.010000000000000009
    endloop
  endfacet
  facet normal 0.5612525508905947 0.43066423754188393 -0.7067700394196603
    outer loop
      vertex 52.670595556497574 -4.071734517812729 0.8
      vertex 52.254217965025454 -4.825582451988011 0.010000000000000009
      vertex 52.06542044026777 -4.579536732062698 0.010000000000000009
    endloop
  endfacet
  facet normal 0.5612525530032875 0.4306642357567915 -0.7067700388296824
    outer loop
      vertex 52.90426900237799 -4.376263678073883 0.8
      vertex 52.25713888309896 -4.8293890664912755 0.010000000000000009
      vertex 52.254217965025454 -4.825582451988011 0.010000000000000009
    endloop
  endfacet
  facet normal 0.596651682221042 0.3801090400172593 -0.7067700388386298
    outer loop
      vertex 52.90426900237799 -4.376263678073883 0.8
      vertex 52.423773676585405 -5.090953300390392 0.010000000000000009
      vertex 52.25713888309896 -4.8293890664912755 0.010000000000000009
    endloop
  endfacet
  facet normal 0.5966516836509456 0.38010903857738393 -0.706770038405894
    outer loop
      vertex 53.110511779785156 -4.699999995529652 0.8
      vertex 52.42635171130299 -5.09500000435859 0.010000000000000009
      vertex 52.423773676585405 -5.090953300390392 0.010000000000000009
    endloop
  endfacet
  facet normal 0.627509927247505 0.32666099331332504 -0.7067700380274924
    outer loop
      vertex 53.110511779785156 -4.699999995529652 0.8
      vertex 52.428567242398856 -5.099255999978632 0.010000000000000009
      vertex 52.42635171130299 -5.09500000435859 0.010000000000000009
    endloop
  endfacet
  facet normal 0.6275099310525999 0.3266609793051555 -0.7067700411235314
    outer loop
      vertex 53.28775426745415 -5.0404796451330185 0.8
      vertex 52.57177110860124 -5.3743480798415835 0.010000000000000009
      vertex 52.428567242398856 -5.099255999978632 0.010000000000000009
    endloop
  endfacet
  facet normal 0.6535924369857036 0.2707268651865138 -0.7067700409478124
    outer loop
      vertex 53.28775426745415 -5.0404796451330185 0.8
      vertex 52.69045419605448 -5.660874384883791 0.010000000000000009
      vertex 52.57177110860124 -5.3743480798415835 0.010000000000000009
    endloop
  endfacet
  facet normal 0.6535924428666161 0.27072685672637675 -0.70677003875002
    outer loop
      vertex 53.43464753776789 -5.395111367106438 0.8
      vertex 52.69229036193341 -5.665307281408459 0.010000000000000009
      vertex 52.69045419605448 -5.660874384883791 0.010000000000000009
    endloop
  endfacet
  facet normal 0.6747007299144491 0.21273231422384756 -0.7067700386532213
    outer loop
      vertex 53.43464753776789 -5.395111367106438 0.8
      vertex 52.69373318819329 -5.669883341863751 0.010000000000000009
      vertex 52.69229036193341 -5.665307281408459 0.010000000000000009
    endloop
  endfacet
  facet normal 0.6747007300494066 0.21273231274045748 -0.7067700389708763
    outer loop
      vertex 53.55007363855839 -5.761196203529835 0.8
      vertex 52.78699223032221 -5.9656632494740185 0.010000000000000009
      vertex 52.69373318819329 -5.669883341863751 0.010000000000000009
    endloop
  endfacet
  facet normal 0.6906741287548036 0.15311877694507914 -0.7067700389912096
    outer loop
      vertex 53.55007363855839 -5.761196203529835 0.8
      vertex 52.85411748351529 -6.2684456821158525 0.010000000000000009
      vertex 52.78699223032221 -5.9656632494740185 0.010000000000000009
    endloop
  endfacet
  facet normal 0.690674131668983 0.15311877063943038 -0.7067700375094899
    outer loop
      vertex 53.63315411657095 -6.135948017239571 0.8
      vertex 52.85515598949045 -6.273130079787224 0.010000000000000009
      vertex 52.85411748351529 -6.2684456821158525 0.010000000000000009
    endloop
  endfacet
  facet normal 0.7013910877038804 0.09233989405953728 -0.7067700376039161
    outer loop
      vertex 53.63315411657095 -6.135948017239571 0.8
      vertex 52.85578227151185 -6.277887163739651 0.010000000000000009
      vertex 52.85515598949045 -6.273130079787224 0.010000000000000009
    endloop
  endfacet
  facet normal 0.7013910863630765 0.09233987810477406 -0.7067700410190141
    outer loop
      vertex 53.683256678283215 -6.5165147334337234 0.8
      vertex 52.896262856628745 -6.585367768593132 0.010000000000000009
      vertex 52.85578227151185 -6.277887163739651 0.010000000000000009
    endloop
  endfacet
  facet normal 0.7067700311265701 0.030858257312127407 -0.7067700411428074
    outer loop
      vertex 53.683256678283215 -6.5165147334337234 0.8
      vertex 52.90979070995003 -6.895206435639411 0.010000000000000009
      vertex 52.896262856628745 -6.585367768593132 0.010000000000000009
    endloop
  endfacet
  facet normal 0.7067700358054875 0.0308582396071519 -0.7067700372369059
    outer loop
      vertex 53.70000000298023 -6.899999998509884 0.8
      vertex 52.91000000150874 -6.900000001452863 0.010000000000000009
      vertex 52.90979070995003 -6.895206435639411 0.010000000000000009
    endloop
  endfacet
  facet normal 0 0 1
    outer loop
      vertex 52.248947362601754 -4.835124830901623 2
      vertex 52.90000000149011 -85.3 2
      vertex 52.90000000149011 -6.900000001490116 2
    endloop
  endfacet
  facet normal 0.7071067805280018 0 0.7071067818450933
    outer loop
      vertex 52.90000000149011 -6.900000001490116 2
      vertex 52.90000000149011 -85.3 2
      vertex 53.70000000298023 -6.899999998509884 1.2
    endloop
  endfacet
  facet normal 1 0 0
    outer loop
      vertex 53.70000000298023 -6.899999998509884 1.2
      vertex 53.70000000298023 -85.30000000447035 1.2
      vertex 53.70000000298023 -6.899999998509884 0.8
    endloop
  endfacet
  facet normal 0.7071067805280026 0 -0.7071067818450923
    outer loop
      vertex 53.70000000298023 -6.899999998509884 0.8
      vertex 53.70000000298023 -85.30000000447035 0.8
      vertex 52.91000000150874 -6.900000001452863 0.010000000000000009
    endloop
  endfacet
  facet normal 0 0 1
    outer loop
      vertex 13.600000000000001 -81.3 2
      vertex 42.6 -73.10000000000001 2
      vertex 52.248947362601754 -4.835124830901623 2
    endloop
  endfacet
  facet normal 0 0 -1
    outer loop
      vertex 4.5000000014901165 -6.034912101924419 0
      vertex 51.699999997019766 -86.16508789360523 0
      vertex 50.54284277707338 -87.57722970843315 0
    endloop
  endfacet
  facet normal 0 0 1
    outer loop
      vertex 13.600000000000001 -81.3 2
      vertex 42.6 -81.3 2
      vertex 42.6 -73.10000000000001 2
    endloop
  endfacet
  facet normal 0 0 1
    outer loop
      vertex 6.900000001490116 -88.90000000149011 2
      vertex 52.41769145727157 -87.09999999701976 2
      vertex 42.6 -81.3 2
    endloop
  endfacet
  facet normal 0 -0.7071067805280019 0.7071067818450933
    outer loop
      vertex 6.900000001490116 -88.90000000149011 2
      vertex 49.30000000447035 -89.70000000298023 1.2
      vertex 49.3 -88.90000000149011 2
    endloop
  endfacet
  facet normal 0 0 1
    outer loop
      vertex 6.900000001490116 -88.90000000149011 2
      vertex 49.3 -88.90000000149011 2
      vertex 52.41769145727157 -87.09999999701976 2
    endloop
  endfacet
  facet normal 0 -1 0
    outer loop
      vertex 6.899999998509884 -89.70000000298023 0.8
      vertex 49.30000000447035 -89.70000000298023 0.8
      vertex 49.30000000447035 -89.70000000298023 1.2
    endloop
  endfacet
  facet normal 0 -0.7071067805279995 -0.7071067818450956
    outer loop
      vertex 6.899999998509884 -89.70000000298023 0.8
      vertex 49.300000000055874 -88.91000000150873 0.010000000000000009
      vertex 49.30000000447035 -89.70000000298023 0.8
    endloop
  endfacet
  facet normal 0 0 -1
    outer loop
      vertex 5.934912109375 -87.60000000149012 0
      vertex 50.42188514173031 -87.59315408021212 0
      vertex 50.26508788913488 -87.60000000149012 0
    endloop
  endfacet
  facet normal 0 0 -1
    outer loop
      vertex 5.934912109375 -87.60000000149012 0
      vertex 50.54284277707338 -87.57722970843315 0
      vertex 50.42188514173031 -87.59315408021212 0
    endloop
  endfacet
  facet normal 0 0 1
    outer loop
      vertex 52.248947362601754 -4.835124830901623 2
      vertex 42.6 -73.10000000000001 2
      vertex 47.6 -73.10000000000001 2
    endloop
  endfacet
  facet normal 0 0 1
    outer loop
      vertex 52.248947362601754 -4.835124830901623 2
      vertex 47.6 -73.10000000000001 2
      vertex 47.6 -81.3 2
    endloop
  endfacet
  facet normal 0 0 1
    outer loop
      vertex 52.248947362601754 -4.835124830901623 2
      vertex 47.6 -81.3 2
      vertex 52.41769145727157 -87.09999999701976 2
    endloop
  endfacet
  facet normal 0 0 1
    outer loop
      vertex 52.248947362601754 -4.835124830901623 2
      vertex 52.41769145727157 -87.09999999701976 2
      vertex 52.90000000149011 -85.3 2
    endloop
  endfacet
  facet normal 0.7071067805280017 0 0.7071067818450932
    outer loop
      vertex 53.70000000298023 -6.899999998509884 1.2
      vertex 52.90000000149011 -85.3 2
      vertex 53.70000000298023 -85.30000000447035 1.2
    endloop
  endfacet
  facet normal 1 0 0
    outer loop
      vertex 53.70000000298023 -6.899999998509884 0.8
      vertex 53.70000000298023 -85.30000000447035 1.2
      vertex 53.70000000298023 -85.30000000447035 0.8
    endloop
  endfacet
  facet normal 0.7071067805280027 0 -0.7071067818450925
    outer loop
      vertex 52.91000000150874 -6.900000001452863 0.010000000000000009
      vertex 53.70000000298023 -85.30000000447035 0.8
      vertex 52.91000000150874 -85.30000000005587 0.010000000000000009
    endloop
  endfacet
  facet normal 0 0 1
    outer loop
      vertex 42.6 -81.3 2
      vertex 52.41769145727157 -87.09999999701976 2
      vertex 47.6 -81.3 2
    endloop
  endfacet
  facet normal 0 0 1
    outer loop
      vertex 49.3 -88.90000000149011 2
      vertex 49.6137606754899 -88.88630090951919 2
      vertex 49.92513343989849 -88.84530791193247 2
    endloop
  endfacet
  facet normal 0 0 1
    outer loop
      vertex 49.3 -88.90000000149011 2
      vertex 49.92513343989849 -88.84530791193247 2
      vertex 50.231748561561105 -88.7773329719901 2
    endloop
  endfacet
  facet normal 0 0 1
    outer loop
      vertex 49.3 -88.90000000149011 2
      vertex 50.231748561561105 -88.7773329719901 2
      vertex 51.099999997019765 -88.41769145727157 2
    endloop
  endfacet
  facet normal 0.030858257310870465 -0.7067700310978577 0.7067700411715745
    outer loop
      vertex 49.3 -88.90000000149011 2
      vertex 49.68348526954651 -89.68325667828321 1.2
      vertex 49.6137606754899 -88.88630090951919 2
    endloop
  endfacet
  facet normal 0.030858239606111216 -0.7067700357767703 0.7067700372656686
    outer loop
      vertex 49.3 -88.90000000149011 2
      vertex 49.30000000447035 -89.70000000298023 1.2
      vertex 49.68348526954651 -89.68325667828321 1.2
    endloop
  endfacet
  facet normal 0.15311877691422324 -0.690674128615577 0.7067700391339504
    outer loop
      vertex 49.92513343989849 -88.84530791193247 2
      vertex 50.4388037994504 -89.55007363855839 1.2
      vertex 50.231748561561105 -88.7773329719901 2
    endloop
  endfacet
  facet normal 0.2127323126808805 -0.6747007298604522 0.7067700391691891
    outer loop
      vertex 50.231748561561105 -88.7773329719901 2
      vertex 50.4388037994504 -89.55007363855839 1.2
      vertex 50.53127251863479 -88.68289343565702 2
    endloop
  endfacet
  facet normal 0.09233987809354238 -0.7013910862778137 0.7067700411050954
    outer loop
      vertex 49.6137606754899 -88.88630090951919 2
      vertex 49.68348526954651 -89.68325667828321 1.2
      vertex 49.92513343989849 -88.84530791193247 2
    endloop
  endfacet
  facet normal 0.0923398940487301 -0.7013910876185527 0.7067700376900063
    outer loop
      vertex 49.92513343989849 -88.84530791193247 2
      vertex 49.68348526954651 -89.68325667828321 1.2
      vertex 50.06405198574066 -89.63315411657095 1.2
    endloop
  endfacet
  facet normal 0.15311877060815254 -0.6906741315298406 0.7067700376522398
    outer loop
      vertex 49.92513343989849 -88.84530791193247 2
      vertex 50.06405198574066 -89.63315411657095 1.2
      vertex 50.4388037994504 -89.55007363855839 1.2
    endloop
  endfacet
  facet normal 0 0 1
    outer loop
      vertex 52.05775999575853 -87.61403539329767 2
      vertex 52.248947362601754 -87.36487517058849 2
      vertex 51.845584410429 -87.845584410429 2
    endloop
  endfacet
  facet normal 0 0 1
    outer loop
      vertex 50.231748561561105 -88.7773329719901 2
      vertex 50.53127251863479 -88.68289343565702 2
      vertex 51.099999997019765 -88.41769145727157 2
    endloop
  endfacet
  facet normal 0 0 1
    outer loop
      vertex 50.53127251863479 -88.68289343565702 2
      vertex 50.8214257389307 -88.56270803064108 2
      vertex 51.099999997019765 -88.41769145727157 2
    endloop
  endfacet
  facet normal 0 0 1
    outer loop
      vertex 49.3 -88.90000000149011 2
      vertex 51.099999997019765 -88.41769145727157 2
      vertex 52.41769145727157 -87.09999999701976 2
    endloop
  endfacet
  facet normal 0 0 1
    outer loop
      vertex 51.099999997019765 -88.41769145727157 2
      vertex 51.36487517058849 -88.24894736260175 2
      vertex 51.845584410429 -87.845584410429 2
    endloop
  endfacet
  facet normal 0 0 1
    outer loop
      vertex 51.36487517058849 -88.24894736260175 2
      vertex 51.61403539329767 -88.05775999575853 2
      vertex 51.845584410429 -87.845584410429 2
    endloop
  endfacet
  facet normal 0 0 1
    outer loop
      vertex 51.099999997019765 -88.41769145727157 2
      vertex 51.845584410429 -87.845584410429 2
      vertex 52.41769145727157 -87.09999999701976 2
    endloop
  endfacet
  facet normal 0.2707268650900347 -0.6535924367527575 0.7067700412001875
    outer loop
      vertex 50.53127251863479 -88.68289343565702 2
      vertex 51.159520357847214 -89.28775426745415 1.2
      vertex 50.8214257389307 -88.56270803064108 2
    endloop
  endfacet
  facet normal 0.3266609791646784 -0.627509930782747 0.7067700414280486
    outer loop
      vertex 50.8214257389307 -88.56270803064108 2
      vertex 51.159520357847214 -89.28775426745415 1.2
      vertex 51.099999997019765 -88.41769145727157 2
    endloop
  endfacet
  facet normal 0.32666099317267994 -0.6275099269777414 0.7067700383320079
    outer loop
      vertex 51.099999997019765 -88.41769145727157 2
      vertex 51.159520357847214 -89.28775426745415 1.2
      vertex 51.50000000745058 -89.11051177978516 1.2
    endloop
  endfacet
  facet normal 0.2127323141640765 -0.6747007297255587 0.7067700388515314
    outer loop
      vertex 50.53127251863479 -88.68289343565702 2
      vertex 50.4388037994504 -89.55007363855839 1.2
      vertex 50.804888635873795 -89.43464753776789 1.2
    endloop
  endfacet
  facet normal 0.27072685662915397 -0.6535924426339605 0.7067700390024115
    outer loop
      vertex 50.53127251863479 -88.68289343565702 2
      vertex 50.804888635873795 -89.43464753776789 1.2
      vertex 51.159520357847214 -89.28775426745415 1.2
    endloop
  endfacet
  facet normal 0.3801090398270546 -0.5966516819224746 0.706770039192973
    outer loop
      vertex 51.099999997019765 -88.41769145727157 2
      vertex 51.82373632490635 -88.90426900237799 1.2
      vertex 51.36487517058849 -88.24894736260175 2
    endloop
  endfacet
  facet normal 0.43066423729771797 -0.5612525505723882 0.7067700398211314
    outer loop
      vertex 51.36487517058849 -88.24894736260175 2
      vertex 52.1282654851675 -88.67059555649757 1.2
      vertex 51.61403539329767 -88.05775999575853 2
    endloop
  endfacet
  facet normal 0.4779418099946768 -0.5215819538254477 0.7067700415995579
    outer loop
      vertex 51.61403539329767 -88.05775999575853 2
      vertex 52.41126984357834 -88.41126984357834 1.2
      vertex 51.845584410429 -87.845584410429 2
    endloop
  endfacet
  facet normal 0.3801090383874894 -0.5966516833521929 0.706770038760227
    outer loop
      vertex 51.099999997019765 -88.41769145727157 2
      vertex 51.50000000745058 -89.11051177978516 1.2
      vertex 51.82373632490635 -88.90426900237799 1.2
    endloop
  endfacet
  facet normal 0.4779418049634387 -0.5215819609585726 0.7067700397377498
    outer loop
      vertex 51.61403539329767 -88.05775999575853 2
      vertex 52.1282654851675 -88.67059555649757 1.2
      vertex 52.41126984357834 -88.41126984357834 1.2
    endloop
  endfacet
  facet normal 0.4306642355124758 -0.561252552685189 0.706770039231159
    outer loop
      vertex 51.36487517058849 -88.24894736260175 2
      vertex 51.82373632490635 -88.90426900237799 1.2
      vertex 52.1282654851675 -88.67059555649757 1.2
    endloop
  endfacet
  facet normal 0 0 1
    outer loop
      vertex 52.90000000149011 -85.3 2
      vertex 52.845307911932466 -85.92513343989849 2
      vertex 52.88630090951919 -85.6137606754899 2
    endloop
  endfacet
  facet normal 0 0 1
    outer loop
      vertex 52.90000000149011 -85.3 2
      vertex 52.41769145727157 -87.09999999701976 2
      vertex 52.777332971990106 -86.2317485615611 2
    endloop
  endfacet
  facet normal 0 0 1
    outer loop
      vertex 52.90000000149011 -85.3 2
      vertex 52.777332971990106 -86.2317485615611 2
      vertex 52.845307911932466 -85.92513343989849 2
    endloop
  endfacet
  facet normal 0 0 1
    outer loop
      vertex 51.845584410429 -87.845584410429 2
      vertex 52.248947362601754 -87.36487517058849 2
      vertex 52.41769145727157 -87.09999999701976 2
    endloop
  endfacet
  facet normal 0 0 1
    outer loop
      vertex 52.777332971990106 -86.2317485615611 2
      vertex 52.41769145727157 -87.09999999701976 2
      vertex 52.68289343565702 -86.5312725186348 2
    endloop
  endfacet
  facet normal 0 0 1
    outer loop
      vertex 52.41769145727157 -87.09999999701976 2
      vertex 52.562708030641076 -86.8214257389307 2
      vertex 52.68289343565702 -86.5312725186348 2
    endloop
  endfacet
  facet normal 0.5612525505723882 -0.43066423729771797 0.7067700398211314
    outer loop
      vertex 52.05775999575853 -87.61403539329767 2
      vertex 52.670595556497574 -88.1282654851675 1.2
      vertex 52.248947362601754 -87.36487517058849 2
    endloop
  endfacet
  facet normal 0.627509930782747 -0.3266609791646784 0.7067700414280486
    outer loop
      vertex 52.41769145727157 -87.09999999701976 2
      vertex 53.28775426745415 -87.15952035784721 1.2
      vertex 52.562708030641076 -86.8214257389307 2
    endloop
  endfacet
  facet normal 0.6535924367527575 -0.2707268650900347 0.7067700412001875
    outer loop
      vertex 52.68289343565702 -86.5312725186348 2
      vertex 52.562708030641076 -86.8214257389307 2
      vertex 53.28775426745415 -87.15952035784721 1.2
    endloop
  endfacet
  facet normal 0.5966516819224746 -0.3801090398270546 0.706770039192973
    outer loop
      vertex 52.248947362601754 -87.36487517058849 2
      vertex 52.90426900237799 -87.82373632490635 1.2
      vertex 52.41769145727157 -87.09999999701976 2
    endloop
  endfacet
  facet normal 0.5966516833521929 -0.3801090383874894 0.706770038760227
    outer loop
      vertex 52.41769145727157 -87.09999999701976 2
      vertex 52.90426900237799 -87.82373632490635 1.2
      vertex 53.110511779785156 -87.50000000745058 1.2
    endloop
  endfacet
  facet normal 0.7067700310978577 -0.030858257310870465 0.7067700411715745
    outer loop
      vertex 52.90000000149011 -85.3 2
      vertex 52.88630090951919 -85.6137606754899 2
      vertex 53.683256678283215 -85.68348526954651 1.2
    endloop
  endfacet
  facet normal 0.690674128615577 -0.15311877691422324 0.7067700391339504
    outer loop
      vertex 52.845307911932466 -85.92513343989849 2
      vertex 52.777332971990106 -86.2317485615611 2
      vertex 53.55007363855839 -86.4388037994504 1.2
    endloop
  endfacet
  facet normal 0.7013910862778137 -0.09233987809354238 0.7067700411050954
    outer loop
      vertex 52.88630090951919 -85.6137606754899 2
      vertex 52.845307911932466 -85.92513343989849 2
      vertex 53.683256678283215 -85.68348526954651 1.2
    endloop
  endfacet
  facet normal 0.7067700357767703 -0.030858239606111216 0.7067700372656686
    outer loop
      vertex 52.90000000149011 -85.3 2
      vertex 53.683256678283215 -85.68348526954651 1.2
      vertex 53.70000000298023 -85.30000000447035 1.2
    endloop
  endfacet
  facet normal 0.7013910876185527 -0.0923398940487301 0.7067700376900063
    outer loop
      vertex 52.845307911932466 -85.92513343989849 2
      vertex 53.63315411657095 -86.06405198574066 1.2
      vertex 53.683256678283215 -85.68348526954651 1.2
    endloop
  endfacet
  facet normal 0.6906741315298406 -0.15311877060815254 0.7067700376522398
    outer loop
      vertex 52.845307911932466 -85.92513343989849 2
      vertex 53.55007363855839 -86.4388037994504 1.2
      vertex 53.63315411657095 -86.06405198574066 1.2
    endloop
  endfacet
  facet normal 0.6747007298604522 -0.2127323126808805 0.7067700391691891
    outer loop
      vertex 52.777332971990106 -86.2317485615611 2
      vertex 52.68289343565702 -86.5312725186348 2
      vertex 53.55007363855839 -86.4388037994504 1.2
    endloop
  endfacet
  facet normal 0.6747007297255587 -0.2127323141640765 0.7067700388515314
    outer loop
      vertex 52.68289343565702 -86.5312725186348 2
      vertex 53.43464753776789 -86.8048886358738 1.2
      vertex 53.55007363855839 -86.4388037994504 1.2
    endloop
  endfacet
  facet normal 0.6535924426339605 -0.27072685662915397 0.7067700390024115
    outer loop
      vertex 52.68289343565702 -86.5312725186348 2
      vertex 53.28775426745415 -87.15952035784721 1.2
      vertex 53.43464753776789 -86.8048886358738 1.2
    endloop
  endfacet
  facet normal 0.6275099269777414 -0.32666099317267994 0.7067700383320079
    outer loop
      vertex 52.41769145727157 -87.09999999701976 2
      vertex 53.110511779785156 -87.50000000745058 1.2
      vertex 53.28775426745415 -87.15952035784721 1.2
    endloop
  endfacet
  facet normal 0.5215819538254477 -0.4779418099946768 0.7067700415995579
    outer loop
      vertex 52.05775999575853 -87.61403539329767 2
      vertex 51.845584410429 -87.845584410429 2
      vertex 52.41126984357834 -88.41126984357834 1.2
    endloop
  endfacet
  facet normal 0.5215819609585726 -0.4779418049634387 0.7067700397377498
    outer loop
      vertex 52.05775999575853 -87.61403539329767 2
      vertex 52.41126984357834 -88.41126984357834 1.2
      vertex 52.670595556497574 -88.1282654851675 1.2
    endloop
  endfacet
  facet normal 0.561252552685189 -0.4306642355124758 0.706770039231159
    outer loop
      vertex 52.248947362601754 -87.36487517058849 2
      vertex 52.670595556497574 -88.1282654851675 1.2
      vertex 52.90426900237799 -87.82373632490635 1.2
    endloop
  endfacet
  facet normal 0.04361937808844548 -0.9990482219868955 0
    outer loop
      vertex 49.30000000447035 -89.70000000298023 1.2
      vertex 49.68348526954651 -89.68325667828321 0.8
      vertex 49.68348526954651 -89.68325667828321 1.2
    endloop
  endfacet
  facet normal 0.04361937808844548 -0.9990482219868955 0
    outer loop
      vertex 49.30000000447035 -89.70000000298023 1.2
      vertex 49.30000000447035 -89.70000000298023 0.8
      vertex 49.68348526954651 -89.68325667828321 0.8
    endloop
  endfacet
  facet normal 0.13052619997073736 -0.9914448603534132 0
    outer loop
      vertex 49.68348526954651 -89.68325667828321 1.2
      vertex 50.06405198574066 -89.63315411657095 0.8
      vertex 50.06405198574066 -89.63315411657095 1.2
    endloop
  endfacet
  facet normal 0.13052619997073736 -0.9914448603534132 0
    outer loop
      vertex 49.68348526954651 -89.68325667828321 1.2
      vertex 49.68348526954651 -89.68325667828321 0.8
      vertex 50.06405198574066 -89.63315411657095 0.8
    endloop
  endfacet
  facet normal 0.21643961666297906 -0.9762960065158428 0
    outer loop
      vertex 50.06405198574066 -89.63315411657095 1.2
      vertex 50.06405198574066 -89.63315411657095 0.8
      vertex 50.4388037994504 -89.55007363855839 1.2
    endloop
  endfacet
  facet normal 0.21643961666297906 -0.9762960065158428 0
    outer loop
      vertex 50.4388037994504 -89.55007363855839 1.2
      vertex 50.06405198574066 -89.63315411657095 0.8
      vertex 50.4388037994504 -89.55007363855839 0.8
    endloop
  endfacet
  facet normal 0.030858239606111358 -0.7067700357767719 -0.706770037265667
    outer loop
      vertex 49.30000000447035 -89.70000000298023 0.8
      vertex 49.30479356586933 -88.90979070995003 0.010000000000000009
      vertex 49.68348526954651 -89.68325667828321 0.8
    endloop
  endfacet
  facet normal 0.09233989404873051 -0.7013910876185557 -0.7067700376900035
    outer loop
      vertex 49.68348526954651 -89.68325667828321 0.8
      vertex 49.92211283776909 -88.85578227151186 0.010000000000000009
      vertex 50.06405198574066 -89.63315411657095 0.8
    endloop
  endfacet
  facet normal 0.15311877060815304 -0.6906741315298432 -0.706770037652237
    outer loop
      vertex 50.06405198574066 -89.63315411657095 0.8
      vertex 49.93155431939289 -88.8541174835153 0.010000000000000009
      vertex 50.4388037994504 -89.55007363855839 0.8
    endloop
  endfacet
  facet normal 0.030858239604821713 -0.7067700357767962 -0.7067700372656991
    outer loop
      vertex 49.30000000447035 -89.70000000298023 0.8
      vertex 49.300000000055874 -88.91000000150873 0.010000000000000009
      vertex 49.30479356586933 -88.90979070995003 0.010000000000000009
    endloop
  endfacet
  facet normal 0.030858257310889776 -0.7067700310978542 -0.7067700411715773
    outer loop
      vertex 49.68348526954651 -89.68325667828321 0.8
      vertex 49.30479356586933 -88.90979070995003 0.010000000000000009
      vertex 49.61463223291561 -88.89626285662874 0.010000000000000009
    endloop
  endfacet
  facet normal 0.1531187769142298 -0.6906741286155769 -0.706770039133949
    outer loop
      vertex 50.4388037994504 -89.55007363855839 0.8
      vertex 49.93155431939289 -88.8541174835153 0.010000000000000009
      vertex 50.23433675203472 -88.78699223032221 0.010000000000000009
    endloop
  endfacet
  facet normal 0.2127323126808811 -0.6747007298604536 -0.7067700391691877
    outer loop
      vertex 50.4388037994504 -89.55007363855839 0.8
      vertex 50.23433675203472 -88.78699223032221 0.010000000000000009
      vertex 50.53011665964499 -88.69373318819329 0.010000000000000009
    endloop
  endfacet
  facet normal 0.09233987809351646 -0.7013910862778144 -0.7067700411050981
    outer loop
      vertex 49.68348526954651 -89.68325667828321 0.8
      vertex 49.61463223291561 -88.89626285662874 0.010000000000000009
      vertex 49.92211283776909 -88.85578227151186 0.010000000000000009
    endloop
  endfacet
  facet normal 0.09233989405037592 -0.7013910876182977 -0.7067700376900444
    outer loop
      vertex 50.06405198574066 -89.63315411657095 0.8
      vertex 49.92211283776909 -88.85578227151186 0.010000000000000009
      vertex 49.92686992172152 -88.85515598949044 0.010000000000000009
    endloop
  endfacet
  facet normal 0.15311877060663795 -0.6906741315301398 -0.7067700376522755
    outer loop
      vertex 50.06405198574066 -89.63315411657095 0.8
      vertex 49.92686992172152 -88.85515598949044 0.010000000000000009
      vertex 49.93155431939289 -88.8541174835153 0.010000000000000009
    endloop
  endfacet
  facet normal 0.3007057882231379 -0.9537169543051551 0
    outer loop
      vertex 50.4388037994504 -89.55007363855839 1.2
      vertex 50.4388037994504 -89.55007363855839 0.8
      vertex 50.804888635873795 -89.43464753776789 1.2
    endloop
  endfacet
  facet normal 0.3007057882231379 -0.9537169543051551 0
    outer loop
      vertex 50.4388037994504 -89.55007363855839 0.8
      vertex 50.804888635873795 -89.43464753776789 0.8
      vertex 50.804888635873795 -89.43464753776789 1.2
    endloop
  endfacet
  facet normal 0.38268343553297157 -0.9238795311991072 0
    outer loop
      vertex 50.804888635873795 -89.43464753776789 1.2
      vertex 50.804888635873795 -89.43464753776789 0.8
      vertex 51.159520357847214 -89.28775426745415 1.2
    endloop
  endfacet
  facet normal 0.38268343553297157 -0.9238795311991072 0
    outer loop
      vertex 51.159520357847214 -89.28775426745415 1.2
      vertex 50.804888635873795 -89.43464753776789 0.8
      vertex 51.159520357847214 -89.28775426745415 0.8
    endloop
  endfacet
  facet normal 0.4617486146740933 -0.8870108324290947 0
    outer loop
      vertex 51.159520357847214 -89.28775426745415 1.2
      vertex 51.159520357847214 -89.28775426745415 0.8
      vertex 51.50000000745058 -89.11051177978516 0.8
    endloop
  endfacet
  facet normal 0.5372996031818316 -0.8433914491033485 0
    outer loop
      vertex 51.50000000745058 -89.11051177978516 1.2
      vertex 51.50000000745058 -89.11051177978516 0.8
      vertex 51.82373632490635 -88.90426900237799 1.2
    endloop
  endfacet
  facet normal 0.6087614332481638 -0.7933533370381959 0
    outer loop
      vertex 51.82373632490635 -88.90426900237799 1.2
      vertex 51.82373632490635 -88.90426900237799 0.8
      vertex 52.1282654851675 -88.67059555649757 1.2
    endloop
  endfacet
  facet normal 0.5372996031818316 -0.8433914491033485 0
    outer loop
      vertex 51.82373632490635 -88.90426900237799 1.2
      vertex 51.50000000745058 -89.11051177978516 0.8
      vertex 51.82373632490635 -88.90426900237799 0.8
    endloop
  endfacet
  facet normal 0.6087614332481638 -0.7933533370381959 0
    outer loop
      vertex 51.82373632490635 -88.90426900237799 0.8
      vertex 52.1282654851675 -88.67059555649757 0.8
      vertex 52.1282654851675 -88.67059555649757 1.2
    endloop
  endfacet
  facet normal 0.4617486146740933 -0.8870108324290947 0
    outer loop
      vertex 51.159520357847214 -89.28775426745415 1.2
      vertex 51.50000000745058 -89.11051177978516 0.8
      vertex 51.50000000745058 -89.11051177978516 1.2
    endloop
  endfacet
  facet normal 0.3266609931726801 -0.627509926977742 -0.7067700383320074
    outer loop
      vertex 51.159520357847214 -89.28775426745415 0.8
      vertex 51.10074400153011 -88.42856724239886 0.010000000000000009
      vertex 51.50000000745058 -89.11051177978516 0.8
    endloop
  endfacet
  facet normal 0.21273231416407698 -0.6747007297255602 -0.70677003885153
    outer loop
      vertex 50.4388037994504 -89.55007363855839 0.8
      vertex 50.53011665964499 -88.69373318819329 0.010000000000000009
      vertex 50.804888635873795 -89.43464753776789 0.8
    endloop
  endfacet
  facet normal 0.2707268566291546 -0.6535924426339622 -0.7067700390024099
    outer loop
      vertex 50.804888635873795 -89.43464753776789 0.8
      vertex 50.53912561662495 -88.69045419605449 0.010000000000000009
      vertex 51.159520357847214 -89.28775426745415 0.8
    endloop
  endfacet
  facet normal 0.380109038387489 -0.5966516833521922 -0.7067700387602278
    outer loop
      vertex 51.50000000745058 -89.11051177978516 0.8
      vertex 51.10904670111835 -88.4237736765854 0.010000000000000009
      vertex 51.82373632490635 -88.90426900237799 0.8
    endloop
  endfacet
  facet normal 0.4779418049634381 -0.5215819609585718 -0.7067700397377508
    outer loop
      vertex 52.41126984357834 -88.41126984357834 0.8
      vertex 52.1282654851675 -88.67059555649757 0.8
      vertex 51.624000823926174 -88.06217886885628 0.010000000000000009
    endloop
  endfacet
  facet normal 0.4306642355124748 -0.5612525526851876 -0.7067700392311607
    outer loop
      vertex 51.82373632490635 -88.90426900237799 0.8
      vertex 51.37441754952073 -88.25421796502545 0.010000000000000009
      vertex 52.1282654851675 -88.67059555649757 0.8
    endloop
  endfacet
  facet normal 0.9990482219868955 -0.04361937808844548 0
    outer loop
      vertex 53.70000000298023 -85.30000000447035 1.2
      vertex 53.683256678283215 -85.68348526954651 1.2
      vertex 53.683256678283215 -85.68348526954651 0.8
    endloop
  endfacet
  facet normal 0.9990482219868955 -0.04361937808844548 0
    outer loop
      vertex 53.70000000298023 -85.30000000447035 1.2
      vertex 53.683256678283215 -85.68348526954651 0.8
      vertex 53.70000000298023 -85.30000000447035 0.8
    endloop
  endfacet
  facet normal 0.9914448603534132 -0.13052619997073736 0
    outer loop
      vertex 53.683256678283215 -85.68348526954651 1.2
      vertex 53.63315411657095 -86.06405198574066 1.2
      vertex 53.63315411657095 -86.06405198574066 0.8
    endloop
  endfacet
  facet normal 0.9762960065158428 -0.21643961666297906 0
    outer loop
      vertex 53.63315411657095 -86.06405198574066 1.2
      vertex 53.55007363855839 -86.4388037994504 1.2
      vertex 53.55007363855839 -86.4388037994504 0.8
    endloop
  endfacet
  facet normal 0.9914448603534132 -0.13052619997073736 0
    outer loop
      vertex 53.683256678283215 -85.68348526954651 1.2
      vertex 53.63315411657095 -86.06405198574066 0.8
      vertex 53.683256678283215 -85.68348526954651 0.8
    endloop
  endfacet
  facet normal 0.9762960065158428 -0.21643961666297906 0
    outer loop
      vertex 53.63315411657095 -86.06405198574066 1.2
      vertex 53.55007363855839 -86.4388037994504 0.8
      vertex 53.63315411657095 -86.06405198574066 0.8
    endloop
  endfacet
  facet normal 0.8433914491033485 -0.5372996031818316 0
    outer loop
      vertex 53.110511779785156 -87.50000000745058 1.2
      vertex 52.90426900237799 -87.82373632490635 1.2
      vertex 53.110511779785156 -87.50000000745058 0.8
    endloop
  endfacet
  facet normal 0.8870108324290947 -0.4617486146740933 0
    outer loop
      vertex 53.28775426745415 -87.15952035784721 1.2
      vertex 53.110511779785156 -87.50000000745058 1.2
      vertex 53.110511779785156 -87.50000000745058 0.8
    endloop
  endfacet
  facet normal 0.8433914491033485 -0.5372996031818316 0
    outer loop
      vertex 53.110511779785156 -87.50000000745058 0.8
      vertex 52.90426900237799 -87.82373632490635 1.2
      vertex 52.90426900237799 -87.82373632490635 0.8
    endloop
  endfacet
  facet normal 0.8870108324290947 -0.4617486146740933 0
    outer loop
      vertex 53.28775426745415 -87.15952035784721 1.2
      vertex 53.110511779785156 -87.50000000745058 0.8
      vertex 53.28775426745415 -87.15952035784721 0.8
    endloop
  endfacet
  facet normal 0.9238795311991072 -0.38268343553297157 0
    outer loop
      vertex 53.28775426745415 -87.15952035784721 1.2
      vertex 53.43464753776789 -86.8048886358738 0.8
      vertex 53.43464753776789 -86.8048886358738 1.2
    endloop
  endfacet
  facet normal 0.9537169543051551 -0.3007057882231379 0
    outer loop
      vertex 53.43464753776789 -86.8048886358738 1.2
      vertex 53.55007363855839 -86.4388037994504 0.8
      vertex 53.55007363855839 -86.4388037994504 1.2
    endloop
  endfacet
  facet normal 0.9537169543051551 -0.3007057882231379 0
    outer loop
      vertex 53.43464753776789 -86.8048886358738 1.2
      vertex 53.43464753776789 -86.8048886358738 0.8
      vertex 53.55007363855839 -86.4388037994504 0.8
    endloop
  endfacet
  facet normal 0.9238795311991072 -0.38268343553297157 0
    outer loop
      vertex 53.28775426745415 -87.15952035784721 1.2
      vertex 53.28775426745415 -87.15952035784721 0.8
      vertex 53.43464753776789 -86.8048886358738 0.8
    endloop
  endfacet
  facet normal 0.596651683352193 -0.38010903838748944 -0.7067700387602267
    outer loop
      vertex 53.110511779785156 -87.50000000745058 0.8
      vertex 52.90426900237799 -87.82373632490635 0.8
      vertex 52.423773676585405 -87.10904670111834 0.010000000000000009
    endloop
  endfacet
  facet normal 0.7067700357767719 -0.030858239606111358 -0.706770037265667
    outer loop
      vertex 53.70000000298023 -85.30000000447035 0.8
      vertex 53.683256678283215 -85.68348526954651 0.8
      vertex 52.90979070995003 -85.30479356586933 0.010000000000000009
    endloop
  endfacet
  facet normal 0.7013910876185525 -0.0923398940487301 -0.7067700376900065
    outer loop
      vertex 53.683256678283215 -85.68348526954651 0.8
      vertex 53.63315411657095 -86.06405198574066 0.8
      vertex 52.85578227151185 -85.92211283776909 0.010000000000000009
    endloop
  endfacet
  facet normal 0.6906741315298403 -0.15311877060815238 -0.7067700376522401
    outer loop
      vertex 53.63315411657095 -86.06405198574066 0.8
      vertex 53.55007363855839 -86.4388037994504 0.8
      vertex 52.85411748351529 -85.93155431939289 0.010000000000000009
    endloop
  endfacet
  facet normal 0.6747007297255602 -0.21273231416407698 -0.70677003885153
    outer loop
      vertex 53.43464753776789 -86.8048886358738 0.8
      vertex 52.69373318819329 -86.53011665964499 0.010000000000000009
      vertex 53.55007363855839 -86.4388037994504 0.8
    endloop
  endfacet
  facet normal 0.6535924426339611 -0.27072685662915413 -0.7067700390024112
    outer loop
      vertex 53.28775426745415 -87.15952035784721 0.8
      vertex 52.69045419605449 -86.53912561662494 0.010000000000000009
      vertex 53.43464753776789 -86.8048886358738 0.8
    endloop
  endfacet
  facet normal 0.6275099269777408 -0.32666099317267944 -0.7067700383320088
    outer loop
      vertex 53.28775426745415 -87.15952035784721 0.8
      vertex 53.110511779785156 -87.50000000745058 0.8
      vertex 52.428567242398856 -87.1007440015301 0.010000000000000009
    endloop
  endfacet
  facet normal 0.7372773408008826 -0.6755902032605114 0
    outer loop
      vertex 52.41126984357834 -88.41126984357834 1.2
      vertex 52.41126984357834 -88.41126984357834 0.8
      vertex 52.670595556497574 -88.1282654851675 0.8
    endloop
  endfacet
  facet normal 0.6755902032605114 -0.7372773408008826 0
    outer loop
      vertex 52.41126984357834 -88.41126984357834 1.2
      vertex 52.1282654851675 -88.67059555649757 1.2
      vertex 52.41126984357834 -88.41126984357834 0.8
    endloop
  endfacet
  facet normal 0.6755902032605114 -0.7372773408008826 0
    outer loop
      vertex 52.1282654851675 -88.67059555649757 1.2
      vertex 52.1282654851675 -88.67059555649757 0.8
      vertex 52.41126984357834 -88.41126984357834 0.8
    endloop
  endfacet
  facet normal 0.7372773408008826 -0.6755902032605114 0
    outer loop
      vertex 52.41126984357834 -88.41126984357834 1.2
      vertex 52.670595556497574 -88.1282654851675 0.8
      vertex 52.670595556497574 -88.1282654851675 1.2
    endloop
  endfacet
  facet normal 0.7933533370381959 -0.6087614332481638 0
    outer loop
      vertex 52.670595556497574 -88.1282654851675 1.2
      vertex 52.670595556497574 -88.1282654851675 0.8
      vertex 52.90426900237799 -87.82373632490635 1.2
    endloop
  endfacet
  facet normal 0.7933533370381959 -0.6087614332481638 0
    outer loop
      vertex 52.90426900237799 -87.82373632490635 1.2
      vertex 52.670595556497574 -88.1282654851675 0.8
      vertex 52.90426900237799 -87.82373632490635 0.8
    endloop
  endfacet
  facet normal 0.5215819609585733 -0.47794180496343946 -0.7067700397377487
    outer loop
      vertex 52.41126984357834 -88.41126984357834 0.8
      vertex 52.06217886885628 -87.62400082392618 0.010000000000000009
      vertex 52.670595556497574 -88.1282654851675 0.8
    endloop
  endfacet
  facet normal 0.5612525526851897 -0.43066423551247635 -0.7067700392311582
    outer loop
      vertex 52.670595556497574 -88.1282654851675 0.8
      vertex 52.254217965025454 -87.37441754952073 0.010000000000000009
      vertex 52.90426900237799 -87.82373632490635 0.8
    endloop
  endfacet
  facet normal 0 0 -1
    outer loop
      vertex 50.89102136492729 -87.467449426651 0
      vertex 51.699999997019766 -86.16508789360523 0
      vertex 50.999237874150275 -87.41111547499895 0
    endloop
  endfacet
  facet normal 0 0 -1
    outer loop
      vertex 50.999237874150275 -87.41111547499895 0
      vertex 51.699999997019766 -86.16508789360523 0
      vertex 51.102132664620875 -87.34556426107883 0
    endloop
  endfacet
  facet normal 0 0 -1
    outer loop
      vertex 50.54284277707338 -87.57722970843315 0
      vertex 51.699999997019766 -86.16508789360523 0
      vertex 50.66195215433836 -87.55082379281521 0
    endloop
  endfacet
  facet normal 0 0 -1
    outer loop
      vertex 50.66195215433836 -87.55082379281521 0
      vertex 51.699999997019766 -86.16508789360523 0
      vertex 50.77830688804388 -87.51413729041815 0
    endloop
  endfacet
  facet normal 0 0 -1
    outer loop
      vertex 50.77830688804388 -87.51413729041815 0
      vertex 51.699999997019766 -86.16508789360523 0
      vertex 50.89102136492729 -87.467449426651 0
    endloop
  endfacet
  facet normal 0 0 -1
    outer loop
      vertex 51.699999997019766 -86.16508789360523 0
      vertex 51.69315407574177 -86.32188514620066 0
      vertex 51.6772297039628 -86.44284278154373 0
    endloop
  endfacet
  facet normal 0 0 -1
    outer loop
      vertex 51.102132664620875 -87.34556426107883 0
      vertex 51.699999997019766 -86.16508789360523 0
      vertex 51.19892285168171 -87.27129453420639 0
    endloop
  endfacet
  facet normal 0 0 -1
    outer loop
      vertex 51.19892285168171 -87.27129453420639 0
      vertex 51.699999997019766 -86.16508789360523 0
      vertex 51.288871647417544 -87.1888716518879 0
    endloop
  endfacet
  facet normal 0 0 -1
    outer loop
      vertex 51.288871647417544 -87.1888716518879 0
      vertex 51.699999997019766 -86.16508789360523 0
      vertex 51.37129452973604 -87.09892285615206 0
    endloop
  endfacet
  facet normal 0 0 -1
    outer loop
      vertex 51.699999997019766 -86.16508789360523 0
      vertex 51.56744942218065 -86.79102136939764 0
      vertex 51.5111154705286 -86.89923787862062 0
    endloop
  endfacet
  facet normal 0 0 -1
    outer loop
      vertex 51.699999997019766 -86.16508789360523 0
      vertex 51.6772297039628 -86.44284278154373 0
      vertex 51.65082378834486 -86.56195215880871 0
    endloop
  endfacet
  facet normal 0 0 -1
    outer loop
      vertex 51.699999997019766 -86.16508789360523 0
      vertex 51.65082378834486 -86.56195215880871 0
      vertex 51.6141372859478 -86.67830689251423 0
    endloop
  endfacet
  facet normal 0 0 -1
    outer loop
      vertex 51.699999997019766 -86.16508789360523 0
      vertex 51.6141372859478 -86.67830689251423 0
      vertex 51.56744942218065 -86.79102136939764 0
    endloop
  endfacet
  facet normal 0 0 -1
    outer loop
      vertex 51.699999997019766 -86.16508789360523 0
      vertex 51.445564256608485 -87.00213266909122 0
      vertex 51.37129452973604 -87.09892285615206 0
    endloop
  endfacet
  facet normal 0 0 -1
    outer loop
      vertex 51.699999997019766 -86.16508789360523 0
      vertex 51.5111154705286 -86.89923787862062 0
      vertex 51.445564256608485 -87.00213266909122 0
    endloop
  endfacet
  facet normal 0.21273231416520666 -0.6747007297251733 -0.7067700388515591
    outer loop
      vertex 50.804888635873795 -89.43464753776789 0.8
      vertex 50.53011665964499 -88.69373318819329 0.010000000000000009
      vertex 50.53469272010028 -88.6922903619334 0.010000000000000009
    endloop
  endfacet
  facet normal 0.2707268566279889 -0.6535924426344103 -0.7067700390024421
    outer loop
      vertex 50.804888635873795 -89.43464753776789 0.8
      vertex 50.53469272010028 -88.6922903619334 0.010000000000000009
      vertex 50.53912561662495 -88.69045419605449 0.010000000000000009
    endloop
  endfacet
  facet normal 0.27072686509003946 -0.6535924367527562 -0.7067700412001868
    outer loop
      vertex 51.159520357847214 -89.28775426745415 0.8
      vertex 50.53912561662495 -88.69045419605449 0.010000000000000009
      vertex 50.82565192166716 -88.57177110860124 0.010000000000000009
    endloop
  endfacet
  facet normal 0.32666097916468007 -0.6275099307827471 -0.7067700414280477
    outer loop
      vertex 51.159520357847214 -89.28775426745415 0.8
      vertex 50.82565192166716 -88.57177110860124 0.010000000000000009
      vertex 51.10074400153011 -88.42856724239886 0.010000000000000009
    endloop
  endfacet
  facet normal 0.3266609931720206 -0.6275099269780997 -0.7067700383319946
    outer loop
      vertex 51.50000000745058 -89.11051177978516 0.8
      vertex 51.10074400153011 -88.42856724239886 0.010000000000000009
      vertex 51.10499999715015 -88.426351711303 0.010000000000000009
    endloop
  endfacet
  facet normal 0.3801090383884982 -0.596651683351581 -0.7067700387602008
    outer loop
      vertex 51.50000000745058 -89.11051177978516 0.8
      vertex 51.10499999715015 -88.426351711303 0.010000000000000009
      vertex 51.10904670111835 -88.4237736765854 0.010000000000000009
    endloop
  endfacet
  facet normal 0.3801090398270436 -0.5966516819224845 -0.7067700391929708
    outer loop
      vertex 51.82373632490635 -88.90426900237799 0.8
      vertex 51.10904670111835 -88.4237736765854 0.010000000000000009
      vertex 51.37061093501747 -88.25713888309896 0.010000000000000009
    endloop
  endfacet
  facet normal 0.4306642355134957 -0.5612525526844471 -0.7067700392311266
    outer loop
      vertex 51.82373632490635 -88.90426900237799 0.8
      vertex 51.37061093501747 -88.25713888309896 0.010000000000000009
      vertex 51.37441754952073 -88.25421796502545 0.010000000000000009
    endloop
  endfacet
  facet normal 0.43066423729770803 -0.5612525505723973 -0.7067700398211301
    outer loop
      vertex 52.1282654851675 -88.67059555649757 0.8
      vertex 51.37441754952073 -88.25421796502545 0.010000000000000009
      vertex 51.62046326944604 -88.06542044026777 0.010000000000000009
    endloop
  endfacet
  facet normal 0.4779418049638853 -0.5215819609581779 -0.7067700397377391
    outer loop
      vertex 52.1282654851675 -88.67059555649757 0.8
      vertex 51.62046326944604 -88.06542044026777 0.010000000000000009
      vertex 51.624000823926174 -88.06217886885628 0.010000000000000009
    endloop
  endfacet
  facet normal 0.4779418099946723 -0.5215819538254525 -0.7067700415995575
    outer loop
      vertex 52.41126984357834 -88.41126984357834 0.8
      vertex 51.624000823926174 -88.06217886885628 0.010000000000000009
      vertex 51.852655478343365 -87.85265547834337 0.010000000000000009
    endloop
  endfacet
  facet normal 0.561252550572397 -0.4306642372977115 -0.7067700398211282
    outer loop
      vertex 52.670595556497574 -88.1282654851675 0.8
      vertex 52.06542044026777 -87.62046326944605 0.010000000000000009
      vertex 52.254217965025454 -87.37441754952073 0.010000000000000009
    endloop
  endfacet
  facet normal 0.5612525526849409 -0.43066423551281785 -0.7067700392311475
    outer loop
      vertex 52.90426900237799 -87.82373632490635 0.8
      vertex 52.254217965025454 -87.37441754952073 0.010000000000000009
      vertex 52.25713888309896 -87.37061093501747 0.010000000000000009
    endloop
  endfacet
  facet normal 0.6275099307827438 -0.32666097916468684 -0.7067700414280476
    outer loop
      vertex 53.28775426745415 -87.15952035784721 0.8
      vertex 52.428567242398856 -87.1007440015301 0.010000000000000009
      vertex 52.57177110860124 -86.82565192166716 0.010000000000000009
    endloop
  endfacet
  facet normal 0.6535924367527589 -0.27072686509003374 -0.7067700412001866
    outer loop
      vertex 53.28775426745415 -87.15952035784721 0.8
      vertex 52.57177110860124 -86.82565192166716 0.010000000000000009
      vertex 52.69045419605449 -86.53912561662494 0.010000000000000009
    endloop
  endfacet
  facet normal 0.5966516833524926 -0.38010903838699606 -0.7067700387602394
    outer loop
      vertex 53.110511779785156 -87.50000000745058 0.8
      vertex 52.423773676585405 -87.10904670111834 0.010000000000000009
      vertex 52.42635171130299 -87.10499999715014 0.010000000000000009
    endloop
  endfacet
  facet normal 0.6275099269776512 -0.3266609931728391 -0.7067700383320145
    outer loop
      vertex 53.110511779785156 -87.50000000745058 0.8
      vertex 52.42635171130299 -87.10499999715014 0.010000000000000009
      vertex 52.428567242398856 -87.1007440015301 0.010000000000000009
    endloop
  endfacet
  facet normal 0.5966516819224819 -0.38010903982704763 -0.7067700391929707
    outer loop
      vertex 52.90426900237799 -87.82373632490635 0.8
      vertex 52.25713888309896 -87.37061093501747 0.010000000000000009
      vertex 52.423773676585405 -87.10904670111834 0.010000000000000009
    endloop
  endfacet
  facet normal 0.7067700357767764 -0.030858239605868486 -0.706770037265673
    outer loop
      vertex 53.70000000298023 -85.30000000447035 0.8
      vertex 52.90979070995003 -85.30479356586933 0.010000000000000009
      vertex 52.91000000150874 -85.30000000005587 0.010000000000000009
    endloop
  endfacet
  facet normal 0.7067700310978584 -0.030858257310873608 -0.7067700411715737
    outer loop
      vertex 53.683256678283215 -85.68348526954651 0.8
      vertex 52.896262856628745 -85.61463223291561 0.010000000000000009
      vertex 52.90979070995003 -85.30479356586933 0.010000000000000009
    endloop
  endfacet
  facet normal 0.6906741286155806 -0.1531187769142144 -0.7067700391339486
    outer loop
      vertex 53.55007363855839 -86.4388037994504 0.8
      vertex 52.78699223032221 -86.23433675203472 0.010000000000000009
      vertex 52.85411748351529 -85.93155431939289 0.010000000000000009
    endloop
  endfacet
  facet normal 0.7013910862778141 -0.09233987809354897 -0.7067700411050942
    outer loop
      vertex 53.683256678283215 -85.68348526954651 0.8
      vertex 52.85578227151185 -85.92211283776909 0.010000000000000009
      vertex 52.896262856628745 -85.61463223291561 0.010000000000000009
    endloop
  endfacet
  facet normal 0.7013910876186172 -0.09233989404831361 -0.7067700376899968
    outer loop
      vertex 53.63315411657095 -86.06405198574066 0.8
      vertex 52.85515598949045 -85.92686992172152 0.010000000000000009
      vertex 52.85578227151185 -85.92211283776909 0.010000000000000009
    endloop
  endfacet
  facet normal 0.6906741315297447 -0.15311877060863402 -0.7067700376522292
    outer loop
      vertex 53.63315411657095 -86.06405198574066 0.8
      vertex 52.85411748351529 -85.93155431939289 0.010000000000000009
      vertex 52.85515598949045 -85.92686992172152 0.010000000000000009
    endloop
  endfacet
  facet normal 0.6747007297254957 -0.2127323141642723 -0.7067700388515326
    outer loop
      vertex 53.43464753776789 -86.8048886358738 0.8
      vertex 52.69229036193341 -86.53469272010028 0.010000000000000009
      vertex 52.69373318819329 -86.53011665964499 0.010000000000000009
    endloop
  endfacet
  facet normal 0.6535924426339168 -0.27072685662926604 -0.7067700390024092
    outer loop
      vertex 53.43464753776789 -86.8048886358738 0.8
      vertex 52.69045419605449 -86.53912561662494 0.010000000000000009
      vertex 52.69229036193341 -86.53469272010028 0.010000000000000009
    endloop
  endfacet
  facet normal 0.6747007298604536 -0.2127323126808811 -0.7067700391691877
    outer loop
      vertex 53.55007363855839 -86.4388037994504 0.8
      vertex 52.69373318819329 -86.53011665964499 0.010000000000000009
      vertex 52.78699223032221 -86.23433675203472 0.010000000000000009
    endloop
  endfacet
  facet normal 0.5215819538254449 -0.4779418099946801 -0.7067700415995576
    outer loop
      vertex 52.41126984357834 -88.41126984357834 0.8
      vertex 51.852655478343365 -87.85265547834337 0.010000000000000009
      vertex 52.06217886885628 -87.62400082392618 0.010000000000000009
    endloop
  endfacet
  facet normal 0.5215819609581821 -0.47794180496388805 -0.7067700397377341
    outer loop
      vertex 52.670595556497574 -88.1282654851675 0.8
      vertex 52.06217886885628 -87.62400082392618 0.010000000000000009
      vertex 52.06542044026777 -87.62046326944605 0.010000000000000009
    endloop
  endfacet
  facet normal -0.624695047554423 -5.763175005457558e-16 0.7808688094430314
    outer loop
      vertex 36.839999997707515 -89.20000000298023 -1.6000000018339873
      vertex 36.21499999813735 -89.20000000298023 -2.100000001490117
      vertex 35.839999999999996 -89.8 -2.4000000000000004
    endloop
  endfacet
  facet normal -0.6246950475544233 5.4229443563377755e-17 0.7808688094430312
    outer loop
      vertex 36.839999997707515 -89.20000000298023 -1.6000000018339873
      vertex 35.839999999999996 -89.8 -2.4000000000000004
      vertex 35.839999999999996 -90.5 -2.4000000000000004
    endloop
  endfacet
  facet normal 0 -0.5240974256643357 0.8516583167045432
    outer loop
      vertex 36.839999997707515 -89.20000000298023 -1.6000000018339873
      vertex 35.839999999999996 -90.5 -2.4000000000000004
      vertex 41.84000000229248 -89.20000000298023 -1.6000000018339873
    endloop
  endfacet
  facet normal 0 -0.5240974256643357 0.8516583167045434
    outer loop
      vertex 35.839999999999996 -90.5 -2.4000000000000004
      vertex 42.839999999999996 -90.5 -2.4000000000000004
      vertex 41.84000000229248 -89.20000000298023 -1.6000000018339873
    endloop
  endfacet
  facet normal -0.8479983040050868 0.5299989400031818 -8.717281007154826e-18
    outer loop
      vertex 36.21499999813735 -89.20000000298023 -2.100000001490117
      vertex 35.839999999999996 -89.8 -3.3
      vertex 35.839999999999996 -89.8 -2.4000000000000004
    endloop
  endfacet
  facet normal -1 0 0
    outer loop
      vertex 35.839999999999996 -89.8 -2.4000000000000004
      vertex 35.839999999999996 -90.5 -3.3
      vertex 35.839999999999996 -90.5 -2.4000000000000004
    endloop
  endfacet
  facet normal -0.8479983040050869 0.5299989400031818 0
    outer loop
      vertex 36.21499999813735 -89.20000000298023 -2.100000001490117
      vertex 36.21499999813735 -89.20000000298023 -3.562499998696148
      vertex 35.839999999999996 -89.8 -3.3
    endloop
  endfacet
  facet normal -1 0 0
    outer loop
      vertex 35.839999999999996 -89.8 -2.4000000000000004
      vertex 35.839999999999996 -89.8 -3.3
      vertex 35.839999999999996 -90.5 -3.3
    endloop
  endfacet
  facet normal -0.5734623443633278 0 -0.8192319205190408
    outer loop
      vertex 35.839999999999996 -89.8 -3.3
      vertex 36.21499999813735 -89.20000000298023 -3.562499998696148
      vertex 35.839999999999996 -90.5 -3.3
    endloop
  endfacet
  facet normal -0.8479983040051768 0.5299989400030378 0
    outer loop
      vertex 36.839999999999996 -88.2 -4
      vertex 36.825714285714284 -88.22285714285715 -3.99
      vertex 36.839999999999996 -88.2 -3.99
    endloop
  endfacet
  facet normal -0.5734623443633693 -2.7451496134703294e-19 -0.8192319205190117
    outer loop
      vertex 36.839999999999996 -88.2 -4
      vertex 36.825714285714284 -89.20000000298023 -3.99
      vertex 36.825714285714284 -88.22285714285715 -3.99
    endloop
  endfacet
  facet normal -0.5734623443633694 0 -0.8192319205190117
    outer loop
      vertex 36.839999999999996 -88.2 -4
      vertex 36.839999999999996 -89.2 -4
      vertex 36.825714285714284 -89.20000000298023 -3.99
    endloop
  endfacet
  facet normal -0.5734623443633279 2.2257510157202582e-17 -0.8192319205190408
    outer loop
      vertex 35.839999999999996 -90.5 -3.3
      vertex 36.21499999813735 -89.20000000298023 -3.562499998696148
      vertex 36.825714285714284 -89.20000000298023 -3.99
    endloop
  endfacet
  facet normal -0.5734623443633685 4.8974707741296395e-14 -0.8192319205190124
    outer loop
      vertex 35.839999999999996 -90.5 -3.3
      vertex 36.825714285714284 -89.20000000298023 -3.99
      vertex 36.839999999999996 -89.2 -4
    endloop
  endfacet
  facet normal 0 -1 0
    outer loop
      vertex 35.839999999999996 -90.5 -2.4000000000000004
      vertex 35.839999999999996 -90.5 -3.3
      vertex 42.839999999999996 -90.5 -3.3
    endloop
  endfacet
  facet normal 0 -1 0
    outer loop
      vertex 35.839999999999996 -90.5 -2.4000000000000004
      vertex 42.839999999999996 -90.5 -3.3
      vertex 42.839999999999996 -90.5 -2.4000000000000004
    endloop
  endfacet
  facet normal 1.8046509925858605e-18 -0.4740998230350183 -0.8804710999221748
    outer loop
      vertex 35.839999999999996 -90.5 -3.3
      vertex 36.839999999999996 -89.2 -4
      vertex 41.839999999999996 -89.2 -4
    endloop
  endfacet
  facet normal 0 1 0
    outer loop
      vertex 36.839999999999996 -88.2 -4
      vertex 36.839999999999996 -88.2 -3.99
      vertex 41.839999999999996 -88.2 -4
    endloop
  endfacet
  facet normal 0 0 -1
    outer loop
      vertex 36.839999999999996 -88.2 -4
      vertex 41.839999999999996 -89.2 -4
      vertex 36.839999999999996 -89.2 -4
    endloop
  endfacet
  facet normal 0 -0.47409982303501835 -0.8804710999221748
    outer loop
      vertex 35.839999999999996 -90.5 -3.3
      vertex 41.839999999999996 -89.2 -4
      vertex 42.839999999999996 -90.5 -3.3
    endloop
  endfacet
  facet normal 0 1 0
    outer loop
      vertex 36.839999999999996 -88.2 -3.99
      vertex 41.839999999999996 -88.2 -3.99
      vertex 41.839999999999996 -88.2 -4
    endloop
  endfacet
  facet normal 0 0 -1
    outer loop
      vertex 36.839999999999996 -88.2 -4
      vertex 41.839999999999996 -88.2 -4
      vertex 41.839999999999996 -89.2 -4
    endloop
  endfacet
  facet normal 0.624695047554423 -2.88847967135999e-16 0.7808688094430313
    outer loop
      vertex 41.84000000229248 -89.20000000298023 -1.6000000018339873
      vertex 42.839999999999996 -90.5 -2.4000000000000004
      vertex 42.46500000186264 -89.20000000298023 -2.100000001490117
    endloop
  endfacet
  facet normal 0.6246950475544236 8.25655453066698e-18 0.7808688094430309
    outer loop
      vertex 42.46500000186264 -89.20000000298023 -2.100000001490117
      vertex 42.839999999999996 -90.5 -2.4000000000000004
      vertex 42.839999999999996 -89.8 -2.4000000000000004
    endloop
  endfacet
  facet normal 0.8479983040050869 0.5299989400031818 0
    outer loop
      vertex 42.46500000186264 -89.20000000298023 -2.100000001490117
      vertex 42.839999999999996 -89.8 -2.4000000000000004
      vertex 42.46500000186264 -89.20000000298023 -3.562499998696148
    endloop
  endfacet
  facet normal 1 0 0
    outer loop
      vertex 42.839999999999996 -89.8 -2.4000000000000004
      vertex 42.839999999999996 -90.5 -2.4000000000000004
      vertex 42.839999999999996 -89.8 -3.3
    endloop
  endfacet
  facet normal 0.8479983040050868 0.5299989400031817 0
    outer loop
      vertex 42.839999999999996 -89.8 -2.4000000000000004
      vertex 42.839999999999996 -89.8 -3.3
      vertex 42.46500000186264 -89.20000000298023 -3.562499998696148
    endloop
  endfacet
  facet normal 1 0 0
    outer loop
      vertex 42.839999999999996 -90.5 -2.4000000000000004
      vertex 42.839999999999996 -90.5 -3.3
      vertex 42.839999999999996 -89.8 -3.3
    endloop
  endfacet
  facet normal 0.8479983040051768 0.5299989400030378 0
    outer loop
      vertex 41.839999999999996 -88.2 -4
      vertex 41.839999999999996 -88.2 -3.99
      vertex 41.85428571428571 -88.22285714285715 -3.99
    endloop
  endfacet
  facet normal 0.5734623443633694 0 -0.8192319205190117
    outer loop
      vertex 41.839999999999996 -88.2 -4
      vertex 41.85428571428571 -88.22285714285715 -3.99
      vertex 41.839999999999996 -89.2 -4
    endloop
  endfacet
  facet normal 0.5734623443633694 0 -0.8192319205190118
    outer loop
      vertex 41.85428571428571 -88.22285714285715 -3.99
      vertex 41.85428571428571 -89.20000000298023 -3.99
      vertex 41.839999999999996 -89.2 -4
    endloop
  endfacet
  facet normal 0.5734623443633279 6.606504955728516e-17 -0.8192319205190408
    outer loop
      vertex 42.46500000186264 -89.20000000298023 -3.562499998696148
      vertex 42.839999999999996 -89.8 -3.3
      vertex 41.85428571428571 -89.20000000298023 -3.99
    endloop
  endfacet
  facet normal 0.5734623443633694 4.690858725846042e-14 -0.8192319205190117
    outer loop
      vertex 41.839999999999996 -89.2 -4
      vertex 41.85428571428571 -89.20000000298023 -3.99
      vertex 42.839999999999996 -90.5 -3.3
    endloop
  endfacet
  facet normal 0.5734623443633278 -4.3536929300717436e-17 -0.8192319205190408
    outer loop
      vertex 41.85428571428571 -89.20000000298023 -3.99
      vertex 42.839999999999996 -89.8 -3.3
      vertex 42.839999999999996 -90.5 -3.3
    endloop
  endfacet
  facet normal -0.6246950475544245 -2.0079566320494924e-17 0.78086880944303
    outer loop
      vertex 14.359999997707515 -89.20000000298023 -1.6000000018339873
      vertex 13.36 -89.8 -2.4000000000000004
      vertex 13.36 -90.5 -2.4000000000000004
    endloop
  endfacet
  facet normal -0.6246950475544252 1.6199267941041998e-15 0.7808688094430296
    outer loop
      vertex 14.359999997707515 -89.20000000298023 -1.6000000018339873
      vertex 13.734999998137354 -89.20000000298023 -2.100000001490117
      vertex 13.36 -89.8 -2.4000000000000004
    endloop
  endfacet
  facet normal -0.8479983040050868 0.5299989400031818 -8.717281007154826e-18
    outer loop
      vertex 13.734999998137354 -89.20000000298023 -2.100000001490117
      vertex 13.36 -89.8 -3.3
      vertex 13.36 -89.8 -2.4000000000000004
    endloop
  endfacet
  facet normal -1 0 0
    outer loop
      vertex 13.36 -89.8 -2.4000000000000004
      vertex 13.36 -90.5 -3.3
      vertex 13.36 -90.5 -2.4000000000000004
    endloop
  endfacet
  facet normal -0.8479983040050869 0.5299989400031818 0
    outer loop
      vertex 13.734999998137354 -89.20000000298023 -2.100000001490117
      vertex 13.734999998137354 -89.20000000298023 -3.562499998696148
      vertex 13.36 -89.8 -3.3
    endloop
  endfacet
  facet normal -1 0 0
    outer loop
      vertex 13.36 -89.8 -2.4000000000000004
      vertex 13.36 -89.8 -3.3
      vertex 13.36 -90.5 -3.3
    endloop
  endfacet
  facet normal -0.5734623443633278 0 -0.8192319205190408
    outer loop
      vertex 13.36 -89.8 -3.3
      vertex 13.734999998137354 -89.20000000298023 -3.562499998696148
      vertex 13.36 -90.5 -3.3
    endloop
  endfacet
  facet normal -0.8479983040051472 0.5299989400030852 2.8829807421920744e-17
    outer loop
      vertex 14.345714285714285 -88.22285714285715 -3.99
      vertex 14.36 -88.2 -3.99
      vertex 14.36 -88.2 -4
    endloop
  endfacet
  facet normal -0.5734623443633216 0 -0.8192319205190454
    outer loop
      vertex 14.345714285714285 -88.22285714285715 -3.99
      vertex 14.36 -88.2 -4
      vertex 14.345714285714285 -89.20000000298023 -3.99
    endloop
  endfacet
  facet normal -0.5734623443633216 0 -0.8192319205190454
    outer loop
      vertex 14.36 -88.2 -4
      vertex 14.36 -89.2 -4
      vertex 14.345714285714285 -89.20000000298023 -3.99
    endloop
  endfacet
  facet normal -0.573462344363329 5.034124536132222e-16 -0.81923192051904
    outer loop
      vertex 13.36 -90.5 -3.3
      vertex 13.734999998137354 -89.20000000298023 -3.562499998696148
      vertex 14.345714285714285 -89.20000000298023 -3.99
    endloop
  endfacet
  facet normal -0.5734623443633207 -9.79494154825846e-15 -0.8192319205190459
    outer loop
      vertex 13.36 -90.5 -3.3
      vertex 14.345714285714285 -89.20000000298023 -3.99
      vertex 14.36 -89.2 -4
    endloop
  endfacet
  facet normal 0 -0.5240974256643357 0.8516583167045433
    outer loop
      vertex 14.359999997707515 -89.20000000298023 -1.6000000018339873
      vertex 13.36 -90.5 -2.4000000000000004
      vertex 19.360000002292484 -89.20000000298023 -1.6000000018339873
    endloop
  endfacet
  facet normal 0 -0.5240974256643357 0.8516583167045434
    outer loop
      vertex 13.36 -90.5 -2.4000000000000004
      vertex 20.36 -90.5 -2.4000000000000004
      vertex 19.360000002292484 -89.20000000298023 -1.6000000018339873
    endloop
  endfacet
  facet normal 0.6246950475544252 7.354732483588306e-16 0.7808688094430296
    outer loop
      vertex 19.360000002292484 -89.20000000298023 -1.6000000018339873
      vertex 20.36 -90.5 -2.4000000000000004
      vertex 19.985000001862645 -89.20000000298023 -2.100000001490117
    endloop
  endfacet
  facet normal 0 -1 0
    outer loop
      vertex 13.36 -90.5 -2.4000000000000004
      vertex 13.36 -90.5 -3.3
      vertex 20.36 -90.5 -3.3
    endloop
  endfacet
  facet normal 0 -1 0
    outer loop
      vertex 13.36 -90.5 -2.4000000000000004
      vertex 20.36 -90.5 -3.3
      vertex 20.36 -90.5 -2.4000000000000004
    endloop
  endfacet
  facet normal 0 1 0
    outer loop
      vertex 14.36 -88.2 -4
      vertex 14.36 -88.2 -3.99
      vertex 19.36 -88.2 -4
    endloop
  endfacet
  facet normal 0 0 -1
    outer loop
      vertex 14.36 -88.2 -4
      vertex 19.36 -89.2 -4
      vertex 14.36 -89.2 -4
    endloop
  endfacet
  facet normal 1.8046509925858605e-18 -0.4740998230350183 -0.8804710999221748
    outer loop
      vertex 13.36 -90.5 -3.3
      vertex 14.36 -89.2 -4
      vertex 19.36 -89.2 -4
    endloop
  endfacet
  facet normal 0 -0.47409982303501835 -0.8804710999221748
    outer loop
      vertex 13.36 -90.5 -3.3
      vertex 19.36 -89.2 -4
      vertex 20.36 -90.5 -3.3
    endloop
  endfacet
  facet normal 0 1 0
    outer loop
      vertex 14.36 -88.2 -3.99
      vertex 19.36 -88.2 -3.99
      vertex 19.36 -88.2 -4
    endloop
  endfacet
  facet normal 0 0 -1
    outer loop
      vertex 14.36 -88.2 -4
      vertex 19.36 -88.2 -4
      vertex 19.36 -89.2 -4
    endloop
  endfacet
  facet normal 0.6246950475544236 8.25655453066698e-18 0.7808688094430309
    outer loop
      vertex 19.985000001862645 -89.20000000298023 -2.100000001490117
      vertex 20.36 -90.5 -2.4000000000000004
      vertex 20.36 -89.8 -2.4000000000000004
    endloop
  endfacet
  facet normal 0.8479983040050869 0.5299989400031818 0
    outer loop
      vertex 19.985000001862645 -89.20000000298023 -2.100000001490117
      vertex 20.36 -89.8 -2.4000000000000004
      vertex 19.985000001862645 -89.20000000298023 -3.562499998696148
    endloop
  endfacet
  facet normal 1 0 0
    outer loop
      vertex 20.36 -89.8 -2.4000000000000004
      vertex 20.36 -90.5 -2.4000000000000004
      vertex 20.36 -89.8 -3.3
    endloop
  endfacet
  facet normal 0.8479983040050868 0.5299989400031817 0
    outer loop
      vertex 20.36 -89.8 -2.4000000000000004
      vertex 20.36 -89.8 -3.3
      vertex 19.985000001862645 -89.20000000298023 -3.562499998696148
    endloop
  endfacet
  facet normal 1 0 0
    outer loop
      vertex 20.36 -90.5 -2.4000000000000004
      vertex 20.36 -90.5 -3.3
      vertex 20.36 -89.8 -3.3
    endloop
  endfacet
  facet normal 0.5734623443633292 -5.4082206293972776e-17 -0.8192319205190397
    outer loop
      vertex 19.374285714285715 -89.20000000298023 -3.99
      vertex 20.36 -89.8 -3.3
      vertex 20.36 -90.5 -3.3
    endloop
  endfacet
  facet normal 0.8479983040051768 0.5299989400030378 0
    outer loop
      vertex 19.36 -88.2 -4
      vertex 19.36 -88.2 -3.99
      vertex 19.374285714285712 -88.22285714285715 -3.99
    endloop
  endfacet
  facet normal 0.5734623443633694 0 -0.8192319205190117
    outer loop
      vertex 19.36 -88.2 -4
      vertex 19.374285714285712 -88.22285714285715 -3.99
      vertex 19.36 -89.2 -4
    endloop
  endfacet
  facet normal 0.5734623443632736 2.085004760552394e-15 -0.8192319205190788
    outer loop
      vertex 19.374285714285712 -88.22285714285715 -3.99
      vertex 19.374285714285715 -89.20000000298023 -3.99
      vertex 19.36 -89.2 -4
    endloop
  endfacet
  facet normal 0.5734623443632736 -6.282536727437123e-14 -0.8192319205190787
    outer loop
      vertex 19.36 -89.2 -4
      vertex 19.374285714285715 -89.20000000298023 -3.99
      vertex 20.36 -90.5 -3.3
    endloop
  endfacet
  facet normal 0.5734623443633301 2.15106981010987e-15 -0.8192319205190391
    outer loop
      vertex 19.985000001862645 -89.20000000298023 -3.562499998696148
      vertex 20.36 -89.8 -3.3
      vertex 19.374285714285715 -89.20000000298023 -3.99
    endloop
  endfacet
  facet normal -0.6246950475544245 -2.6675031737085715e-16 0.7808688094430299
    outer loop
      vertex 14.36 -3 -1.6
      vertex 13.36 -1.7 -2.4000000000000004
      vertex 13.735 -3 -2.1000000000000005
    endloop
  endfacet
  facet normal -0.6246950475544241 0 0.7808688094430305
    outer loop
      vertex 13.735 -3 -2.1000000000000005
      vertex 13.36 -1.7 -2.4000000000000004
      vertex 13.36 -2.4 -2.4000000000000004
    endloop
  endfacet
  facet normal -1 0 0
    outer loop
      vertex 13.36 -1.7 -2.4000000000000004
      vertex 13.36 -2.4 -3.3
      vertex 13.36 -2.4 -2.4000000000000004
    endloop
  endfacet
  facet normal -0.847998304005088 -0.5299989400031799 0
    outer loop
      vertex 13.735 -3 -2.1000000000000005
      vertex 13.36 -2.4 -2.4000000000000004
      vertex 13.735 -3 -3.5625
    endloop
  endfacet
  facet normal -1 0 0
    outer loop
      vertex 13.36 -1.7 -2.4000000000000004
      vertex 13.36 -1.7 -3.3
      vertex 13.36 -2.4 -3.3
    endloop
  endfacet
  facet normal -0.847998304005088 -0.5299989400031799 0
    outer loop
      vertex 13.36 -2.4 -2.4000000000000004
      vertex 13.36 -2.4 -3.3
      vertex 13.735 -3 -3.5625
    endloop
  endfacet
  facet normal -0.5734623443633285 0 -0.8192319205190404
    outer loop
      vertex 13.36 -1.7 -3.3
      vertex 14.345714285714285 -3 -3.99
      vertex 13.36 -2.4 -3.3
    endloop
  endfacet
  facet normal -0.5734623443633285 1.2410742660188837e-16 -0.8192319205190404
    outer loop
      vertex 13.36 -2.4 -3.3
      vertex 14.345714285714285 -3 -3.99
      vertex 13.735 -3 -3.5625
    endloop
  endfacet
  facet normal -0.5734623443633221 7.947894152300011e-15 -0.8192319205190448
    outer loop
      vertex 13.36 -1.7 -3.3
      vertex 14.36 -3 -4
      vertex 14.345714285714285 -3 -3.99
    endloop
  endfacet
  facet normal -0.5734623443633216 0 -0.8192319205190453
    outer loop
      vertex 14.345714285714285 -3 -3.99
      vertex 14.36 -3 -4
      vertex 14.345714285714285 -3.9771428571428578 -3.99
    endloop
  endfacet
  facet normal -0.5734623443633216 0 -0.8192319205190454
    outer loop
      vertex 14.36 -3 -4
      vertex 14.36 -4 -4
      vertex 14.345714285714285 -3.9771428571428578 -3.99
    endloop
  endfacet
  facet normal -0.8479983040050825 -0.5299989400031889 5.161783288021101e-17
    outer loop
      vertex 14.345714285714285 -3.9771428571428578 -3.99
      vertex 14.36 -4 -4
      vertex 14.36 -4 -3.99
    endloop
  endfacet
  facet normal 0 0.5240974256643348 0.8516583167045437
    outer loop
      vertex 14.36 -3 -1.6
      vertex 19.36 -3 -1.6
      vertex 13.36 -1.7 -2.4000000000000004
    endloop
  endfacet
  facet normal 0 0.5240974256643348 0.8516583167045438
    outer loop
      vertex 13.36 -1.7 -2.4000000000000004
      vertex 19.36 -3 -1.6
      vertex 20.36 -1.7 -2.4000000000000004
    endloop
  endfacet
  facet normal 0.6246950475544244 0 0.78086880944303
    outer loop
      vertex 19.36 -3 -1.6
      vertex 20.36 -2.4 -2.4000000000000004
      vertex 20.36 -1.7 -2.4000000000000004
    endloop
  endfacet
  facet normal 0.6246950475544246 -4.623672167761523e-16 0.78086880944303
    outer loop
      vertex 19.36 -3 -1.6
      vertex 19.985 -3 -2.1000000000000005
      vertex 20.36 -2.4 -2.4000000000000004
    endloop
  endfacet
  facet normal 0 1 0
    outer loop
      vertex 13.36 -1.7 -2.4000000000000004
      vertex 20.36 -1.7 -2.4000000000000004
      vertex 13.36 -1.7 -3.3
    endloop
  endfacet
  facet normal 0 1 0
    outer loop
      vertex 13.36 -1.7 -3.3
      vertex 20.36 -1.7 -2.4000000000000004
      vertex 20.36 -1.7 -3.3
    endloop
  endfacet
  facet normal 0 0.4740998230350176 -0.8804710999221753
    outer loop
      vertex 13.36 -1.7 -3.3
      vertex 20.36 -1.7 -3.3
      vertex 14.36 -3 -4
    endloop
  endfacet
  facet normal 0 0 -1
    outer loop
      vertex 14.36 -3 -4
      vertex 19.36 -4 -4
      vertex 14.36 -4 -4
    endloop
  endfacet
  facet normal 0 -1 0
    outer loop
      vertex 14.36 -4 -4
      vertex 19.36 -4 -3.99
      vertex 14.36 -4 -3.99
    endloop
  endfacet
  facet normal 0 0 -1
    outer loop
      vertex 14.36 -3 -4
      vertex 19.36 -3 -4
      vertex 19.36 -4 -4
    endloop
  endfacet
  facet normal 0 -1 0
    outer loop
      vertex 14.36 -4 -4
      vertex 19.36 -4 -4
      vertex 19.36 -4 -3.99
    endloop
  endfacet
  facet normal 0 0.4740998230350175 -0.8804710999221752
    outer loop
      vertex 14.36 -3 -4
      vertex 20.36 -1.7 -3.3
      vertex 19.36 -3 -4
    endloop
  endfacet
  facet normal 0.847998304005088 -0.52999894000318 0
    outer loop
      vertex 19.985 -3 -2.1000000000000005
      vertex 20.36 -2.4 -3.3
      vertex 20.36 -2.4 -2.4000000000000004
    endloop
  endfacet
  facet normal 1 0 0
    outer loop
      vertex 20.36 -1.7 -2.4000000000000004
      vertex 20.36 -2.4 -2.4000000000000004
      vertex 20.36 -1.7 -3.3
    endloop
  endfacet
  facet normal 1 0 0
    outer loop
      vertex 20.36 -2.4 -2.4000000000000004
      vertex 20.36 -2.4 -3.3
      vertex 20.36 -1.7 -3.3
    endloop
  endfacet
  facet normal 0.847998304005088 -0.5299989400031799 0
    outer loop
      vertex 19.985 -3 -2.1000000000000005
      vertex 19.985 -3 -3.5625
      vertex 20.36 -2.4 -3.3
    endloop
  endfacet
  facet normal 0.5734623443633694 -4.690376971568983e-14 -0.8192319205190117
    outer loop
      vertex 19.36 -3 -4
      vertex 20.36 -1.7 -3.3
      vertex 19.374285714285712 -3 -3.99
    endloop
  endfacet
  facet normal 0.5734623443633274 5.155231566539968e-16 -0.8192319205190413
    outer loop
      vertex 19.985 -3 -3.5625
      vertex 19.374285714285712 -3 -3.99
      vertex 20.36 -1.7 -3.3
    endloop
  endfacet
  facet normal 0.5734623443633693 2.74514962184286e-19 -0.8192319205190117
    outer loop
      vertex 19.36 -3 -4
      vertex 19.374285714285712 -3 -3.99
      vertex 19.374285714285712 -3.9771428571428578 -3.99
    endloop
  endfacet
  facet normal 0.5734623443633694 0 -0.8192319205190117
    outer loop
      vertex 19.36 -3 -4
      vertex 19.374285714285712 -3.9771428571428578 -3.99
      vertex 19.36 -4 -4
    endloop
  endfacet
  facet normal 0.847998304005112 -0.5299989400031414 0
    outer loop
      vertex 19.36 -4 -4
      vertex 19.374285714285712 -3.9771428571428578 -3.99
      vertex 19.36 -4 -3.99
    endloop
  endfacet
  facet normal 0.5734623443633285 0 -0.8192319205190404
    outer loop
      vertex 19.985 -3 -3.5625
      vertex 20.36 -1.7 -3.3
      vertex 20.36 -2.4 -3.3
    endloop
  endfacet
  facet normal -0.6246950475544245 -2.6675031737085715e-16 0.7808688094430299
    outer loop
      vertex 36.839999999999996 -3 -1.6
      vertex 35.839999999999996 -1.7 -2.4000000000000004
      vertex 36.214999999999996 -3 -2.1000000000000005
    endloop
  endfacet
  facet normal 0 0.5240974256643348 0.8516583167045437
    outer loop
      vertex 36.839999999999996 -3 -1.6
      vertex 41.839999999999996 -3 -1.6
      vertex 35.839999999999996 -1.7 -2.4000000000000004
    endloop
  endfacet
  facet normal 0 0.5240974256643348 0.8516583167045438
    outer loop
      vertex 35.839999999999996 -1.7 -2.4000000000000004
      vertex 41.839999999999996 -3 -1.6
      vertex 42.839999999999996 -1.7 -2.4000000000000004
    endloop
  endfacet
  facet normal -0.6246950475544241 0 0.7808688094430305
    outer loop
      vertex 36.214999999999996 -3 -2.1000000000000005
      vertex 35.839999999999996 -1.7 -2.4000000000000004
      vertex 35.839999999999996 -2.4 -2.4000000000000004
    endloop
  endfacet
  facet normal -1 0 0
    outer loop
      vertex 35.839999999999996 -1.7 -2.4000000000000004
      vertex 35.839999999999996 -2.4 -3.3
      vertex 35.839999999999996 -2.4 -2.4000000000000004
    endloop
  endfacet
  facet normal -0.847998304005088 -0.5299989400031799 0
    outer loop
      vertex 36.214999999999996 -3 -2.1000000000000005
      vertex 35.839999999999996 -2.4 -2.4000000000000004
      vertex 36.214999999999996 -3 -3.5625
    endloop
  endfacet
  facet normal -1 0 0
    outer loop
      vertex 35.839999999999996 -1.7 -2.4000000000000004
      vertex 35.839999999999996 -1.7 -3.3
      vertex 35.839999999999996 -2.4 -3.3
    endloop
  endfacet
  facet normal -0.847998304005088 -0.5299989400031799 0
    outer loop
      vertex 35.839999999999996 -2.4 -2.4000000000000004
      vertex 35.839999999999996 -2.4 -3.3
      vertex 36.214999999999996 -3 -3.5625
    endloop
  endfacet
  facet normal -0.5734623443633279 0 -0.8192319205190408
    outer loop
      vertex 35.839999999999996 -1.7 -3.3
      vertex 36.825714285714284 -3 -3.99
      vertex 35.839999999999996 -2.4 -3.3
    endloop
  endfacet
  facet normal -0.5734623443633273 1.1169668394169928e-15 -0.8192319205190411
    outer loop
      vertex 35.839999999999996 -2.4 -3.3
      vertex 36.825714285714284 -3 -3.99
      vertex 36.214999999999996 -3 -3.5625
    endloop
  endfacet
  facet normal -0.5734623443633682 -4.6903769715689756e-14 -0.8192319205190125
    outer loop
      vertex 35.839999999999996 -1.7 -3.3
      vertex 36.839999999999996 -3 -4
      vertex 36.825714285714284 -3 -3.99
    endloop
  endfacet
  facet normal -0.5734623443633693 -2.74514962184286e-19 -0.8192319205190117
    outer loop
      vertex 36.839999999999996 -3 -4
      vertex 36.825714285714284 -3.9771428571428578 -3.99
      vertex 36.825714285714284 -3 -3.99
    endloop
  endfacet
  facet normal -0.5734623443633694 0 -0.8192319205190117
    outer loop
      vertex 36.839999999999996 -3 -4
      vertex 36.839999999999996 -4 -4
      vertex 36.825714285714284 -3.9771428571428578 -3.99
    endloop
  endfacet
  facet normal -0.847998304005112 -0.5299989400031414 0
    outer loop
      vertex 36.839999999999996 -4 -4
      vertex 36.839999999999996 -4 -3.99
      vertex 36.825714285714284 -3.9771428571428578 -3.99
    endloop
  endfacet
  facet normal 0 1 0
    outer loop
      vertex 35.839999999999996 -1.7 -2.4000000000000004
      vertex 42.839999999999996 -1.7 -2.4000000000000004
      vertex 35.839999999999996 -1.7 -3.3
    endloop
  endfacet
  facet normal 0 1 0
    outer loop
      vertex 35.839999999999996 -1.7 -3.3
      vertex 42.839999999999996 -1.7 -2.4000000000000004
      vertex 42.839999999999996 -1.7 -3.3
    endloop
  endfacet
  facet normal 0 0.4740998230350176 -0.8804710999221753
    outer loop
      vertex 35.839999999999996 -1.7 -3.3
      vertex 42.839999999999996 -1.7 -3.3
      vertex 36.839999999999996 -3 -4
    endloop
  endfacet
  facet normal 0 0 -1
    outer loop
      vertex 36.839999999999996 -3 -4
      vertex 41.839999999999996 -4 -4
      vertex 36.839999999999996 -4 -4
    endloop
  endfacet
  facet normal 0 -1 0
    outer loop
      vertex 36.839999999999996 -4 -4
      vertex 41.839999999999996 -4 -3.99
      vertex 36.839999999999996 -4 -3.99
    endloop
  endfacet
  facet normal 0 0.4740998230350175 -0.8804710999221752
    outer loop
      vertex 36.839999999999996 -3 -4
      vertex 42.839999999999996 -1.7 -3.3
      vertex 41.839999999999996 -3 -4
    endloop
  endfacet
  facet normal 0 0 -1
    outer loop
      vertex 36.839999999999996 -3 -4
      vertex 41.839999999999996 -3 -4
      vertex 41.839999999999996 -4 -4
    endloop
  endfacet
  facet normal 0 -1 0
    outer loop
      vertex 36.839999999999996 -4 -4
      vertex 41.839999999999996 -4 -4
      vertex 41.839999999999996 -4 -3.99
    endloop
  endfacet
  facet normal 0.6246950475544246 -4.623672167761523e-16 0.78086880944303
    outer loop
      vertex 41.839999999999996 -3 -1.6
      vertex 42.464999999999996 -3 -2.1000000000000005
      vertex 42.839999999999996 -2.4 -2.4000000000000004
    endloop
  endfacet
  facet normal 0.6246950475544244 0 0.78086880944303
    outer loop
      vertex 41.839999999999996 -3 -1.6
      vertex 42.839999999999996 -2.4 -2.4000000000000004
      vertex 42.839999999999996 -1.7 -2.4000000000000004
    endloop
  endfacet
  facet normal 0.847998304005088 -0.52999894000318 0
    outer loop
      vertex 42.464999999999996 -3 -2.1000000000000005
      vertex 42.839999999999996 -2.4 -3.3
      vertex 42.839999999999996 -2.4 -2.4000000000000004
    endloop
  endfacet
  facet normal 1 0 0
    outer loop
      vertex 42.839999999999996 -1.7 -2.4000000000000004
      vertex 42.839999999999996 -2.4 -2.4000000000000004
      vertex 42.839999999999996 -1.7 -3.3
    endloop
  endfacet
  facet normal 1 0 0
    outer loop
      vertex 42.839999999999996 -2.4 -2.4000000000000004
      vertex 42.839999999999996 -2.4 -3.3
      vertex 42.839999999999996 -1.7 -3.3
    endloop
  endfacet
  facet normal 0.847998304005088 -0.5299989400031799 0
    outer loop
      vertex 42.464999999999996 -3 -2.1000000000000005
      vertex 42.464999999999996 -3 -3.5625
      vertex 42.839999999999996 -2.4 -3.3
    endloop
  endfacet
  facet normal 0.5734623443633274 5.155231566539968e-16 -0.8192319205190413
    outer loop
      vertex 42.464999999999996 -3 -3.5625
      vertex 41.85428571428571 -3 -3.99
      vertex 42.839999999999996 -1.7 -3.3
    endloop
  endfacet
  facet normal 0.5734623443633694 -4.690376971568983e-14 -0.8192319205190117
    outer loop
      vertex 41.839999999999996 -3 -4
      vertex 42.839999999999996 -1.7 -3.3
      vertex 41.85428571428571 -3 -3.99
    endloop
  endfacet
  facet normal 0.5734623443633694 0 -0.8192319205190117
    outer loop
      vertex 41.839999999999996 -3 -4
      vertex 41.85428571428571 -3 -3.99
      vertex 41.839999999999996 -4 -4
    endloop
  endfacet
  facet normal 0.5734623443633693 0 -0.8192319205190117
    outer loop
      vertex 41.85428571428571 -3 -3.99
      vertex 41.85428571428571 -3.9771428571428578 -3.99
      vertex 41.839999999999996 -4 -4
    endloop
  endfacet
  facet normal 0.847998304005112 -0.5299989400031414 0
    outer loop
      vertex 41.839999999999996 -4 -4
      vertex 41.85428571428571 -3.9771428571428578 -3.99
      vertex 41.839999999999996 -4 -3.99
    endloop
  endfacet
  facet normal 0.5734623443633285 0 -0.8192319205190404
    outer loop
      vertex 42.464999999999996 -3 -3.5625
      vertex 42.839999999999996 -1.7 -3.3
      vertex 42.839999999999996 -2.4 -3.3
    endloop
  endfacet
  facet normal -1 0 0
    outer loop
      vertex 8.600000000000001 -76.48804247156559 10.137711787350053
      vertex 8.600000000000001 -76.13884191507967 10.06029588778518
      vertex 8.600000000000001 -76.84266145473461 10.184398262176156
    endloop
  endfacet
  facet normal -1 0 0
    outer loop
      vertex 8.600000000000001 -76.13884191507967 10.06029588778518
      vertex 8.600000000000001 -75.79771741236476 9.952739745222225
      vertex 8.600000000000001 -76.84266145473461 10.184398262176156
    endloop
  endfacet
  facet normal -1 0 0
    outer loop
      vertex 8.600000000000001 -75.79771741236476 9.952739745222225
      vertex 8.600000000000001 -75.46726512686314 9.815861926850264
      vertex 8.600000000000001 -75.15 9.650704155516198
    endloop
  endfacet
  facet normal -1 0 0
    outer loop
      vertex 8.600000000000001 -75.79771741236476 9.952739745222225
      vertex 8.600000000000001 -74.84833661096071 9.458523381584866
      vertex 8.600000000000001 -74.30086219713516 8.999137802864844
    endloop
  endfacet
  facet normal -1 0 0
    outer loop
      vertex 8.600000000000001 -75.79771741236476 9.952739745222225
      vertex 8.600000000000001 -75.15 9.650704155516198
      vertex 8.600000000000001 -74.84833661096071 9.458523381584866
    endloop
  endfacet
  facet normal -1 0 0
    outer loop
      vertex 8.600000000000001 -75.79771741236476 9.952739745222225
      vertex 8.600000000000001 -74.30086219713516 8.999137802864844
      vertex 8.600000000000001 -77.91195752843441 10.137711787350053
    endloop
  endfacet
  facet normal -1 0 0
    outer loop
      vertex 8.600000000000001 -75.79771741236476 9.952739745222225
      vertex 8.600000000000001 -77.91195752843441 10.137711787350053
      vertex 8.600000000000001 -76.84266145473461 10.184398262176156
    endloop
  endfacet
  facet normal -1 0 0
    outer loop
      vertex 8.600000000000001 -76.84266145473461 10.184398262176156
      vertex 8.600000000000001 -77.91195752843441 10.137711787350053
      vertex 8.600000000000001 -77.2 10.2
    endloop
  endfacet
  facet normal -1 0 0
    outer loop
      vertex 8.600000000000001 -77.2 10.2
      vertex 8.600000000000001 -77.91195752843441 10.137711787350053
      vertex 8.600000000000001 -77.5573385452654 10.184398262176156
    endloop
  endfacet
  facet normal -1 0 0
    outer loop
      vertex 8.600000000000001 -77.91195752843441 10.137711787350053
      vertex 8.600000000000001 -78.93273487313687 9.815861926850264
      vertex 8.600000000000001 -78.26115808492034 10.06029588778518
    endloop
  endfacet
  facet normal -1 0 0
    outer loop
      vertex 8.600000000000001 -78.26115808492034 10.06029588778518
      vertex 8.600000000000001 -78.93273487313687 9.815861926850264
      vertex 8.600000000000001 -78.60228258763524 9.952739745222225
    endloop
  endfacet
  facet normal -1 0 0
    outer loop
      vertex 8.600000000000001 -77.91195752843441 10.137711787350053
      vertex 8.600000000000001 -79.83542919971481 9.24078221678781
      vertex 8.600000000000001 -78.93273487313687 9.815861926850264
    endloop
  endfacet
  facet normal -1 0 0
    outer loop
      vertex 8.600000000000001 -78.93273487313687 9.815861926850264
      vertex 8.600000000000001 -79.83542919971481 9.24078221678781
      vertex 8.600000000000001 -79.25 9.650704155516198
    endloop
  endfacet
  facet normal -1 0 0
    outer loop
      vertex 8.600000000000001 -74.84833661096071 9.458523381584866
      vertex 8.600000000000001 -74.5645708002852 9.24078221678781
      vertex 8.600000000000001 -74.30086219713516 8.999137802864844
    endloop
  endfacet
  facet normal -1 0 0
    outer loop
      vertex 8.600000000000001 -73.84147661841514 8.451663389039288
      vertex 8.600000000000001 -74.30086219713516 8.999137802864844
      vertex 8.600000000000001 -74.05921778321219 8.73542919971481
    endloop
  endfacet
  facet normal -1 0 0
    outer loop
      vertex 8.600000000000001 -73.84147661841514 8.451663389039288
      vertex 8.600000000000001 -73.48413807314974 7.832734873136867
      vertex 8.600000000000001 -74.30086219713516 8.999137802864844
    endloop
  endfacet
  facet normal -1 0 0
    outer loop
      vertex 8.600000000000001 -77.91195752843441 10.137711787350053
      vertex 8.600000000000001 -74.30086219713516 8.999137802864844
      vertex 8.600000000000001 -81.05273974522223 7.502282587635241
    endloop
  endfacet
  facet normal -1 0 0
    outer loop
      vertex 8.600000000000001 -73.84147661841514 8.451663389039288
      vertex 8.600000000000001 -73.6492958444838 8.149999999999999
      vertex 8.600000000000001 -73.48413807314974 7.832734873136867
    endloop
  endfacet
  facet normal -1 0 0
    outer loop
      vertex 8.600000000000001 -74.30086219713516 8.999137802864844
      vertex 8.600000000000001 -73.48413807314974 7.832734873136867
      vertex 8.600000000000001 -73.11560173782385 6.457338545265398
    endloop
  endfacet
  facet normal -1 0 0
    outer loop
      vertex 8.600000000000001 -73.48413807314974 7.832734873136867
      vertex 8.600000000000001 -73.34726025477778 7.502282587635241
      vertex 8.600000000000001 -73.23970411221482 7.161158084920334
    endloop
  endfacet
  facet normal -1 0 0
    outer loop
      vertex 8.600000000000001 -73.48413807314974 7.832734873136867
      vertex 8.600000000000001 -73.23970411221482 7.161158084920334
      vertex 8.600000000000001 -73.11560173782385 6.457338545265398
    endloop
  endfacet
  facet normal -1 0 0
    outer loop
      vertex 8.600000000000001 -73.23970411221482 7.161158084920334
      vertex 8.600000000000001 -73.16228821264995 6.811957528434414
      vertex 8.600000000000001 -73.11560173782385 6.457338545265398
    endloop
  endfacet
  facet normal -1 0 0
    outer loop
      vertex 8.600000000000001 -74.30086219713516 8.999137802864844
      vertex 8.600000000000001 -76.67172717282413 7.232884733795812
      vertex 8.600000000000001 -76.77247482084292 7.274615775982385
    endloop
  endfacet
  facet normal -1 0 0
    outer loop
      vertex 8.600000000000001 -74.30086219713516 8.999137802864844
      vertex 8.600000000000001 -76.575 7.182531754730547
      vertex 8.600000000000001 -76.67172717282413 7.232884733795812
    endloop
  endfacet
  facet normal -1 0 0
    outer loop
      vertex 8.600000000000001 -74.30086219713516 8.999137802864844
      vertex 8.600000000000001 -76.48302945456119 7.123940055361239
      vertex 8.600000000000001 -76.575 7.182531754730547
    endloop
  endfacet
  facet normal -1 0 0
    outer loop
      vertex 8.600000000000001 -74.30086219713516 8.999137802864844
      vertex 8.600000000000001 -76.87647619362185 7.307407282861335
      vertex 8.600000000000001 -76.98293977791634 7.33100969126526
    endloop
  endfacet
  facet normal -1 0 0
    outer loop
      vertex 8.600000000000001 -74.30086219713516 8.999137802864844
      vertex 8.600000000000001 -77.09105532156543 7.345243372614681
      vertex 8.600000000000001 -77.2 7.35
    endloop
  endfacet
  facet normal -1 0 0
    outer loop
      vertex 8.600000000000001 -74.30086219713516 8.999137802864844
      vertex 8.600000000000001 -76.98293977791634 7.33100969126526
      vertex 8.600000000000001 -77.09105532156543 7.345243372614681
    endloop
  endfacet
  facet normal -1 0 0
    outer loop
      vertex 8.600000000000001 -74.30086219713516 8.999137802864844
      vertex 8.600000000000001 -76.77247482084292 7.274615775982385
      vertex 8.600000000000001 -76.87647619362185 7.307407282861335
    endloop
  endfacet
  facet normal -1 0 0
    outer loop
      vertex 8.600000000000001 -74.30086219713516 8.999137802864844
      vertex 8.600000000000001 -76.39651548789183 7.057555553898722
      vertex 8.600000000000001 -76.48302945456119 7.123940055361239
    endloop
  endfacet
  facet normal -1 0 0
    outer loop
      vertex 8.600000000000001 -74.30086219713516 8.999137802864844
      vertex 8.600000000000001 -76.31611652351683 6.983883476483184
      vertex 8.600000000000001 -76.39651548789183 7.057555553898722
    endloop
  endfacet
  facet normal -1 0 0
    outer loop
      vertex 8.600000000000001 -74.30086219713516 8.999137802864844
      vertex 8.600000000000001 -76.17605994463877 6.816970545438807
      vertex 8.600000000000001 -76.24244444610127 6.903484512108173
    endloop
  endfacet
  facet normal -1 0 0
    outer loop
      vertex 8.600000000000001 -74.30086219713516 8.999137802864844
      vertex 8.600000000000001 -76.24244444610127 6.903484512108173
      vertex 8.600000000000001 -76.31611652351683 6.983883476483184
    endloop
  endfacet
  facet normal -1 0 0
    outer loop
      vertex 8.600000000000001 -74.30086219713516 8.999137802864844
      vertex 8.600000000000001 -77.2 7.35
      vertex 8.600000000000001 -81.05273974522223 7.502282587635241
    endloop
  endfacet
  facet normal -1 0 0
    outer loop
      vertex 8.600000000000001 -74.30086219713516 8.999137802864844
      vertex 8.600000000000001 -76.11746824526945 6.725
      vertex 8.600000000000001 -76.17605994463877 6.816970545438807
    endloop
  endfacet
  facet normal -1 0 0
    outer loop
      vertex 8.600000000000001 -74.30086219713516 8.999137802864844
      vertex 8.600000000000001 -76.06711526620418 6.6282728271758735
      vertex 8.600000000000001 -76.11746824526945 6.725
    endloop
  endfacet
  facet normal -1 0 0
    outer loop
      vertex 8.600000000000001 -74.30086219713516 8.999137802864844
      vertex 8.600000000000001 -76.02538422401761 6.527525179157085
      vertex 8.600000000000001 -76.06711526620418 6.6282728271758735
    endloop
  endfacet
  facet normal -1 0 0
    outer loop
      vertex 8.600000000000001 -74.30086219713516 8.999137802864844
      vertex 8.600000000000001 -75.99259271713866 6.42352380637815
      vertex 8.600000000000001 -76.02538422401761 6.527525179157085
    endloop
  endfacet
  facet normal -1 0 0
    outer loop
      vertex 8.600000000000001 -74.30086219713516 8.999137802864844
      vertex 8.600000000000001 -75.96899030873475 6.317060222083662
      vertex 8.600000000000001 -75.99259271713866 6.42352380637815
    endloop
  endfacet
  facet normal -1 0 0
    outer loop
      vertex 8.600000000000001 -74.30086219713516 8.999137802864844
      vertex 8.600000000000001 -75.95475662738532 6.208944678434572
      vertex 8.600000000000001 -75.96899030873475 6.317060222083662
    endloop
  endfacet
  facet normal -1 0 0
    outer loop
      vertex 8.600000000000001 -74.30086219713516 8.999137802864844
      vertex 8.600000000000001 -75.95 6.1
      vertex 8.600000000000001 -75.95475662738532 6.208944678434572
    endloop
  endfacet
  facet normal -1 0 0
    outer loop
      vertex 8.600000000000001 -74.30086219713516 8.999137802864844
      vertex 8.600000000000001 -75.95475662738532 5.991055321565427
      vertex 8.600000000000001 -75.95 6.1
    endloop
  endfacet
  facet normal -1 0 0
    outer loop
      vertex 8.600000000000001 -74.30086219713516 8.999137802864844
      vertex 8.600000000000001 -75.96899030873475 5.882939777916336
      vertex 8.600000000000001 -75.95475662738532 5.991055321565427
    endloop
  endfacet
  facet normal -1 0 0
    outer loop
      vertex 8.600000000000001 -74.30086219713516 8.999137802864844
      vertex 8.600000000000001 -75.99259271713866 5.776476193621849
      vertex 8.600000000000001 -75.96899030873475 5.882939777916336
    endloop
  endfacet
  facet normal -1 0 0
    outer loop
      vertex 8.600000000000001 -81.05273974522223 7.502282587635241
      vertex 8.600000000000001 -77.2 7.35
      vertex 8.600000000000001 -77.30894467843457 7.345243372614681
    endloop
  endfacet
  facet normal -1 0 0
    outer loop
      vertex 8.600000000000001 -81.05273974522223 7.502282587635241
      vertex 8.600000000000001 -77.30894467843457 7.345243372614681
      vertex 8.600000000000001 -77.41706022208366 7.33100969126526
    endloop
  endfacet
  facet normal -1 0 0
    outer loop
      vertex 8.600000000000001 -81.05273974522223 7.502282587635241
      vertex 8.600000000000001 -77.41706022208366 7.33100969126526
      vertex 8.600000000000001 -77.52352380637815 7.307407282861335
    endloop
  endfacet
  facet normal -1 0 0
    outer loop
      vertex 8.600000000000001 -81.05273974522223 7.502282587635241
      vertex 8.600000000000001 -77.52352380637815 7.307407282861335
      vertex 8.600000000000001 -77.62752517915709 7.274615775982385
    endloop
  endfacet
  facet normal -1 0 0
    outer loop
      vertex 8.600000000000001 -81.05273974522223 7.502282587635241
      vertex 8.600000000000001 -77.62752517915709 7.274615775982385
      vertex 8.600000000000001 -77.72827282717587 7.232884733795812
    endloop
  endfacet
  facet normal -1 0 0
    outer loop
      vertex 8.600000000000001 -81.05273974522223 7.502282587635241
      vertex 8.600000000000001 -77.72827282717587 7.232884733795812
      vertex 8.600000000000001 -77.825 7.182531754730547
    endloop
  endfacet
  facet normal -1 0 0
    outer loop
      vertex 8.600000000000001 -81.05273974522223 7.502282587635241
      vertex 8.600000000000001 -77.825 7.182531754730547
      vertex 8.600000000000001 -77.91697054543882 7.123940055361239
    endloop
  endfacet
  facet normal -1 0 0
    outer loop
      vertex 8.600000000000001 -81.05273974522223 7.502282587635241
      vertex 8.600000000000001 -77.91697054543882 7.123940055361239
      vertex 8.600000000000001 -78.00348451210817 7.057555553898722
    endloop
  endfacet
  facet normal -1 0 0
    outer loop
      vertex 8.600000000000001 -81.05273974522223 7.502282587635241
      vertex 8.600000000000001 -78.00348451210817 7.057555553898722
      vertex 8.600000000000001 -78.08388347648318 6.983883476483184
    endloop
  endfacet
  facet normal -1 0 0
    outer loop
      vertex 8.600000000000001 -81.05273974522223 7.502282587635241
      vertex 8.600000000000001 -78.08388347648318 6.983883476483184
      vertex 8.600000000000001 -78.15755555389873 6.903484512108173
    endloop
  endfacet
  facet normal -1 0 0
    outer loop
      vertex 8.600000000000001 -81.05273974522223 7.502282587635241
      vertex 8.600000000000001 -78.15755555389873 6.903484512108173
      vertex 8.600000000000001 -78.22394005536124 6.816970545438807
    endloop
  endfacet
  facet normal -1 0 0
    outer loop
      vertex 8.600000000000001 -81.05273974522223 7.502282587635241
      vertex 8.600000000000001 -78.22394005536124 6.816970545438807
      vertex 8.600000000000001 -78.28253175473056 6.725
    endloop
  endfacet
  facet normal -1 0 0
    outer loop
      vertex 8.600000000000001 -81.05273974522223 7.502282587635241
      vertex 8.600000000000001 -78.28253175473056 6.725
      vertex 8.600000000000001 -78.33288473379582 6.6282728271758735
    endloop
  endfacet
  facet normal -1 0 0
    outer loop
      vertex 8.600000000000001 -81.05273974522223 7.502282587635241
      vertex 8.600000000000001 -78.33288473379582 6.6282728271758735
      vertex 8.600000000000001 -78.37461577598239 6.527525179157085
    endloop
  endfacet
  facet normal -1 0 0
    outer loop
      vertex 8.600000000000001 -81.05273974522223 7.502282587635241
      vertex 8.600000000000001 -78.37461577598239 6.527525179157085
      vertex 8.600000000000001 -78.40740728286134 6.42352380637815
    endloop
  endfacet
  facet normal -1 0 0
    outer loop
      vertex 8.600000000000001 -81.05273974522223 7.502282587635241
      vertex 8.600000000000001 -78.40740728286134 6.42352380637815
      vertex 8.600000000000001 -78.43100969126526 6.317060222083662
    endloop
  endfacet
  facet normal -1 0 0
    outer loop
      vertex 8.600000000000001 -81.05273974522223 7.502282587635241
      vertex 8.600000000000001 -78.43100969126526 6.317060222083662
      vertex 8.600000000000001 -78.44524337261468 6.208944678434572
    endloop
  endfacet
  facet normal -1 0 0
    outer loop
      vertex 8.600000000000001 -79.25 9.650704155516198
      vertex 8.600000000000001 -79.83542919971481 9.24078221678781
      vertex 8.600000000000001 -79.55166338903929 9.458523381584866
    endloop
  endfacet
  facet normal -1 0 0
    outer loop
      vertex 8.600000000000001 -77.91195752843441 10.137711787350053
      vertex 8.600000000000001 -81.05273974522223 7.502282587635241
      vertex 8.600000000000001 -79.83542919971481 9.24078221678781
    endloop
  endfacet
  facet normal -1 0 0
    outer loop
      vertex 8.600000000000001 -79.83542919971481 9.24078221678781
      vertex 8.600000000000001 -80.55852338158486 8.451663389039288
      vertex 8.600000000000001 -80.09913780286485 8.999137802864844
    endloop
  endfacet
  facet normal -1 0 0
    outer loop
      vertex 8.600000000000001 -80.09913780286485 8.999137802864844
      vertex 8.600000000000001 -80.55852338158486 8.451663389039288
      vertex 8.600000000000001 -80.34078221678782 8.73542919971481
    endloop
  endfacet
  facet normal -1 0 0
    outer loop
      vertex 8.600000000000001 -79.83542919971481 9.24078221678781
      vertex 8.600000000000001 -81.05273974522223 7.502282587635241
      vertex 8.600000000000001 -80.55852338158486 8.451663389039288
    endloop
  endfacet
  facet normal -1 0 0
    outer loop
      vertex 8.600000000000001 -80.55852338158486 8.451663389039288
      vertex 8.600000000000001 -81.05273974522223 7.502282587635241
      vertex 8.600000000000001 -80.7507041555162 8.149999999999999
    endloop
  endfacet
  facet normal -1 0 0
    outer loop
      vertex 8.600000000000001 -80.7507041555162 8.149999999999999
      vertex 8.600000000000001 -81.05273974522223 7.502282587635241
      vertex 8.600000000000001 -80.91586192685027 7.832734873136867
    endloop
  endfacet
  facet normal -1 0 0
    outer loop
      vertex 8.600000000000001 -81.05273974522223 7.502282587635241
      vertex 8.600000000000001 -81.23771178735005 6.811957528434414
      vertex 8.600000000000001 -81.16029588778518 7.161158084920334
    endloop
  endfacet
  facet normal -1 0 0
    outer loop
      vertex 8.600000000000001 -81.05273974522223 7.502282587635241
      vertex 8.600000000000001 -81.3 6.1
      vertex 8.600000000000001 -81.23771178735005 6.811957528434414
    endloop
  endfacet
  facet normal 0 0.1305261922200492 0.9914448613738107
    outer loop
      vertex 8.600000000000001 -76.48804247156559 10.137711787350053
      vertex 8.600000000000001 -76.84266145473461 10.184398262176156
      vertex 13.600000000000001 -76.48804247156559 10.137711787350053
    endloop
  endfacet
  facet normal 0 0.21643961393809877 0.9762960071199343
    outer loop
      vertex 8.600000000000001 -76.48804247156559 10.137711787350053
      vertex 13.600000000000001 -76.48804247156559 10.137711787350053
      vertex 8.600000000000001 -76.13884191507967 10.06029588778518
    endloop
  endfacet
  facet normal 0 0.3007057995042751 0.9537169507482263
    outer loop
      vertex 8.600000000000001 -76.13884191507967 10.06029588778518
      vertex 13.600000000000001 -76.13884191507967 10.06029588778518
      vertex 8.600000000000001 -75.79771741236476 9.952739745222225
    endloop
  endfacet
  facet normal 0 0.3826834323650964 0.923879532511284
    outer loop
      vertex 8.600000000000001 -75.79771741236476 9.952739745222225
      vertex 13.600000000000001 -75.79771741236476 9.952739745222225
      vertex 8.600000000000001 -75.46726512686314 9.815861926850264
    endloop
  endfacet
  facet normal 0 0.5372996083468208 0.8433914458128875
    outer loop
      vertex 8.600000000000001 -75.15 9.650704155516198
      vertex 13.600000000000001 -75.15 9.650704155516198
      vertex 8.600000000000001 -74.84833661096071 9.458523381584866
    endloop
  endfacet
  facet normal 0 0.6087614290087252 0.7933533402912316
    outer loop
      vertex 8.600000000000001 -74.84833661096071 9.458523381584866
      vertex 13.600000000000001 -74.84833661096071 9.458523381584866
      vertex 8.600000000000001 -74.5645708002852 9.24078221678781
    endloop
  endfacet
  facet normal 7.313458725655296e-19 0.46174861323503036 0.8870108331782236
    outer loop
      vertex 8.600000000000001 -75.46726512686314 9.815861926850264
      vertex 13.600000000000001 -75.15 9.650704155516198
      vertex 8.600000000000001 -75.15 9.650704155516198
    endloop
  endfacet
  facet normal 0 0.043619387365336174 0.9990482215818578
    outer loop
      vertex 8.600000000000001 -76.84266145473461 10.184398262176156
      vertex 8.600000000000001 -77.2 10.2
      vertex 13.600000000000001 -76.84266145473461 10.184398262176156
    endloop
  endfacet
  facet normal 1.8389123245590413e-19 -0.043619387365336174 0.9990482215818578
    outer loop
      vertex 8.600000000000001 -77.2 10.2
      vertex 8.600000000000001 -77.5573385452654 10.184398262176156
      vertex 13.600000000000001 -77.5573385452654 10.184398262176156
    endloop
  endfacet
  facet normal 0 -0.1305261922200492 0.9914448613738107
    outer loop
      vertex 8.600000000000001 -77.5573385452654 10.184398262176156
      vertex 8.600000000000001 -77.91195752843441 10.137711787350053
      vertex 13.600000000000001 -77.5573385452654 10.184398262176156
    endloop
  endfacet
  facet normal -7.587899396399546e-19 -0.21643961393809877 0.9762960071199343
    outer loop
      vertex 8.600000000000001 -77.91195752843441 10.137711787350053
      vertex 8.600000000000001 -78.26115808492034 10.06029588778518
      vertex 13.600000000000001 -78.26115808492034 10.06029588778518
    endloop
  endfacet
  facet normal 7.405618332190152e-19 -0.3007057995042751 0.9537169507482263
    outer loop
      vertex 8.600000000000001 -78.26115808492034 10.06029588778518
      vertex 8.600000000000001 -78.60228258763524 9.952739745222225
      vertex 13.600000000000001 -78.60228258763524 9.952739745222225
    endloop
  endfacet
  facet normal 0 -0.3826834323650964 0.923879532511284
    outer loop
      vertex 8.600000000000001 -78.60228258763524 9.952739745222225
      vertex 8.600000000000001 -78.93273487313687 9.815861926850264
      vertex 13.600000000000001 -78.60228258763524 9.952739745222225
    endloop
  endfacet
  facet normal 0 -0.46174861323503036 0.8870108331782236
    outer loop
      vertex 8.600000000000001 -78.93273487313687 9.815861926850264
      vertex 8.600000000000001 -79.25 9.650704155516198
      vertex 13.600000000000001 -78.93273487313687 9.815861926850264
    endloop
  endfacet
  facet normal 0 0.3007057995042751 0.9537169507482263
    outer loop
      vertex 8.600000000000001 -75.79771741236476 9.952739745222225
      vertex 13.600000000000001 -76.13884191507967 10.06029588778518
      vertex 13.600000000000001 -75.79771741236476 9.952739745222225
    endloop
  endfacet
  facet normal 0 0.21643961393809877 0.9762960071199343
    outer loop
      vertex 8.600000000000001 -76.13884191507967 10.06029588778518
      vertex 13.600000000000001 -76.48804247156559 10.137711787350053
      vertex 13.600000000000001 -76.13884191507967 10.06029588778518
    endloop
  endfacet
  facet normal 0 0.3826834323650964 0.923879532511284
    outer loop
      vertex 8.600000000000001 -75.46726512686314 9.815861926850264
      vertex 13.600000000000001 -75.79771741236476 9.952739745222225
      vertex 13.600000000000001 -75.46726512686314 9.815861926850264
    endloop
  endfacet
  facet normal 0 0.46174861323503036 0.8870108331782236
    outer loop
      vertex 8.600000000000001 -75.46726512686314 9.815861926850264
      vertex 13.600000000000001 -75.46726512686314 9.815861926850264
      vertex 13.600000000000001 -75.15 9.650704155516198
    endloop
  endfacet
  facet normal 0 0.5372996083468208 0.8433914458128875
    outer loop
      vertex 8.600000000000001 -74.84833661096071 9.458523381584866
      vertex 13.600000000000001 -75.15 9.650704155516198
      vertex 13.600000000000001 -74.84833661096071 9.458523381584866
    endloop
  endfacet
  facet normal 0 0.6087614290087252 0.7933533402912316
    outer loop
      vertex 8.600000000000001 -74.5645708002852 9.24078221678781
      vertex 13.600000000000001 -74.84833661096071 9.458523381584866
      vertex 13.600000000000001 -74.5645708002852 9.24078221678781
    endloop
  endfacet
  facet normal 0 0.1305261922200492 0.9914448613738107
    outer loop
      vertex 8.600000000000001 -76.84266145473461 10.184398262176156
      vertex 13.600000000000001 -76.84266145473461 10.184398262176156
      vertex 13.600000000000001 -76.48804247156559 10.137711787350053
    endloop
  endfacet
  facet normal 0 0.043619387365336174 0.9990482215818578
    outer loop
      vertex 8.600000000000001 -77.2 10.2
      vertex 13.600000000000001 -77.2 10.2
      vertex 13.600000000000001 -76.84266145473461 10.184398262176156
    endloop
  endfacet
  facet normal 0 -0.043619387365336174 0.9990482215818578
    outer loop
      vertex 8.600000000000001 -77.2 10.2
      vertex 13.600000000000001 -77.5573385452654 10.184398262176156
      vertex 13.600000000000001 -77.2 10.2
    endloop
  endfacet
  facet normal 0 -0.1305261922200492 0.9914448613738107
    outer loop
      vertex 8.600000000000001 -77.91195752843441 10.137711787350053
      vertex 13.600000000000001 -77.91195752843441 10.137711787350053
      vertex 13.600000000000001 -77.5573385452654 10.184398262176156
    endloop
  endfacet
  facet normal 0 -0.21643961393809877 0.9762960071199343
    outer loop
      vertex 8.600000000000001 -77.91195752843441 10.137711787350053
      vertex 13.600000000000001 -78.26115808492034 10.06029588778518
      vertex 13.600000000000001 -77.91195752843441 10.137711787350053
    endloop
  endfacet
  facet normal 0 -0.3007057995042751 0.9537169507482263
    outer loop
      vertex 8.600000000000001 -78.26115808492034 10.06029588778518
      vertex 13.600000000000001 -78.60228258763524 9.952739745222225
      vertex 13.600000000000001 -78.26115808492034 10.06029588778518
    endloop
  endfacet
  facet normal 0 -0.3826834323650964 0.923879532511284
    outer loop
      vertex 8.600000000000001 -78.93273487313687 9.815861926850264
      vertex 13.600000000000001 -78.93273487313687 9.815861926850264
      vertex 13.600000000000001 -78.60228258763524 9.952739745222225
    endloop
  endfacet
  facet normal 0 -0.46174861323503036 0.8870108331782236
    outer loop
      vertex 8.600000000000001 -79.25 9.650704155516198
      vertex 13.600000000000001 -79.25 9.650704155516198
      vertex 13.600000000000001 -78.93273487313687 9.815861926850264
    endloop
  endfacet
  facet normal 0 -0.5372996083468208 0.8433914458128875
    outer loop
      vertex 8.600000000000001 -79.25 9.650704155516198
      vertex 13.600000000000001 -79.55166338903929 9.458523381584866
      vertex 13.600000000000001 -79.25 9.650704155516198
    endloop
  endfacet
  facet normal -7.632803731659303e-19 0.6755902076156585 0.7372773368101256
    outer loop
      vertex 8.600000000000001 -74.5645708002852 9.24078221678781
      vertex 13.600000000000001 -74.30086219713516 8.999137802864844
      vertex 8.600000000000001 -74.30086219713516 8.999137802864844
    endloop
  endfacet
  facet normal 2.5042835717138795e-18 0.7372773368101184 0.6755902076156663
    outer loop
      vertex 8.600000000000001 -74.30086219713516 8.999137802864844
      vertex 13.600000000000001 -74.05921778321219 8.73542919971481
      vertex 8.600000000000001 -74.05921778321219 8.73542919971481
    endloop
  endfacet
  facet normal -1.0416187486846784e-18 0.7933533402912473 0.6087614290087049
    outer loop
      vertex 8.600000000000001 -73.84147661841514 8.451663389039288
      vertex 8.600000000000001 -74.05921778321219 8.73542919971481
      vertex 13.600000000000001 -74.05921778321219 8.73542919971481
    endloop
  endfacet
  facet normal 0 0.6755902076156585 0.7372773368101256
    outer loop
      vertex 8.600000000000001 -74.5645708002852 9.24078221678781
      vertex 13.600000000000001 -74.5645708002852 9.24078221678781
      vertex 13.600000000000001 -74.30086219713516 8.999137802864844
    endloop
  endfacet
  facet normal 0 0.7372773368101184 0.6755902076156663
    outer loop
      vertex 8.600000000000001 -74.30086219713516 8.999137802864844
      vertex 13.600000000000001 -74.30086219713516 8.999137802864844
      vertex 13.600000000000001 -74.05921778321219 8.73542919971481
    endloop
  endfacet
  facet normal 0 0.7933533402912473 0.6087614290087049
    outer loop
      vertex 8.600000000000001 -73.84147661841514 8.451663389039288
      vertex 13.600000000000001 -74.05921778321219 8.73542919971481
      vertex 13.600000000000001 -73.84147661841514 8.451663389039288
    endloop
  endfacet
  facet normal 1 0 0
    outer loop
      vertex 13.600000000000001 -73.84147661841514 8.451663389039288
      vertex 13.600000000000001 -74.05921778321219 8.73542919971481
      vertex 13.600000000000001 -73.6492958444838 8.149999999999999
    endloop
  endfacet
  facet normal 1 0 0
    outer loop
      vertex 13.600000000000001 -76.48804247156559 10.137711787350053
      vertex 13.600000000000001 -76.84266145473461 10.184398262176156
      vertex 13.600000000000001 -76.13884191507967 10.06029588778518
    endloop
  endfacet
  facet normal 1 0 0
    outer loop
      vertex 13.600000000000001 -76.13884191507967 10.06029588778518
      vertex 13.600000000000001 -75.15 9.650704155516198
      vertex 13.600000000000001 -75.79771741236476 9.952739745222225
    endloop
  endfacet
  facet normal 1 0 0
    outer loop
      vertex 13.600000000000001 -75.79771741236476 9.952739745222225
      vertex 13.600000000000001 -75.15 9.650704155516198
      vertex 13.600000000000001 -75.46726512686314 9.815861926850264
    endloop
  endfacet
  facet normal 1 0 0
    outer loop
      vertex 13.600000000000001 -76.13884191507967 10.06029588778518
      vertex 13.600000000000001 -77.5573385452654 10.184398262176156
      vertex 13.600000000000001 -75.15 9.650704155516198
    endloop
  endfacet
  facet normal 1 0 0
    outer loop
      vertex 13.600000000000001 -75.15 9.650704155516198
      vertex 13.600000000000001 -74.5645708002852 9.24078221678781
      vertex 13.600000000000001 -74.84833661096071 9.458523381584866
    endloop
  endfacet
  facet normal 1 0 0
    outer loop
      vertex 13.600000000000001 -76.13884191507967 10.06029588778518
      vertex 13.600000000000001 -76.84266145473461 10.184398262176156
      vertex 13.600000000000001 -77.5573385452654 10.184398262176156
    endloop
  endfacet
  facet normal 1 0 0
    outer loop
      vertex 13.600000000000001 -76.84266145473461 10.184398262176156
      vertex 13.600000000000001 -77.2 10.2
      vertex 13.600000000000001 -77.5573385452654 10.184398262176156
    endloop
  endfacet
  facet normal 1 0 0
    outer loop
      vertex 13.600000000000001 -77.5573385452654 10.184398262176156
      vertex 13.600000000000001 -77.91195752843441 10.137711787350053
      vertex 13.600000000000001 -78.26115808492034 10.06029588778518
    endloop
  endfacet
  facet normal 1 0 0
    outer loop
      vertex 13.600000000000001 -77.5573385452654 10.184398262176156
      vertex 13.600000000000001 -78.26115808492034 10.06029588778518
      vertex 13.600000000000001 -78.60228258763524 9.952739745222225
    endloop
  endfacet
  facet normal 1 0 0
    outer loop
      vertex 13.600000000000001 -77.5573385452654 10.184398262176156
      vertex 13.600000000000001 -78.60228258763524 9.952739745222225
      vertex 13.600000000000001 -79.55166338903929 9.458523381584866
    endloop
  endfacet
  facet normal 1 0 0
    outer loop
      vertex 13.600000000000001 -78.60228258763524 9.952739745222225
      vertex 13.600000000000001 -78.93273487313687 9.815861926850264
      vertex 13.600000000000001 -79.55166338903929 9.458523381584866
    endloop
  endfacet
  facet normal 1 0 0
    outer loop
      vertex 13.600000000000001 -78.93273487313687 9.815861926850264
      vertex 13.600000000000001 -79.25 9.650704155516198
      vertex 13.600000000000001 -79.55166338903929 9.458523381584866
    endloop
  endfacet
  facet normal 1 0 0
    outer loop
      vertex 13.600000000000001 -75.15 9.650704155516198
      vertex 13.600000000000001 -74.05921778321219 8.73542919971481
      vertex 13.600000000000001 -74.5645708002852 9.24078221678781
    endloop
  endfacet
  facet normal 1 0 0
    outer loop
      vertex 13.600000000000001 -74.5645708002852 9.24078221678781
      vertex 13.600000000000001 -74.05921778321219 8.73542919971481
      vertex 13.600000000000001 -74.30086219713516 8.999137802864844
    endloop
  endfacet
  facet normal 1 0 0
    outer loop
      vertex 13.600000000000001 -75.15 9.650704155516198
      vertex 13.600000000000001 -77.5573385452654 10.184398262176156
      vertex 13.600000000000001 -73.48413807314974 7.832734873136867
    endloop
  endfacet
  facet normal 1 0 0
    outer loop
      vertex 13.600000000000001 -75.15 9.650704155516198
      vertex 13.600000000000001 -73.48413807314974 7.832734873136867
      vertex 13.600000000000001 -74.05921778321219 8.73542919971481
    endloop
  endfacet
  facet normal 1 0 0
    outer loop
      vertex 13.600000000000001 -77.5573385452654 10.184398262176156
      vertex 13.600000000000001 -79.55166338903929 9.458523381584866
      vertex 13.600000000000001 -81.05273974522223 7.502282587635241
    endloop
  endfacet
  facet normal 4.536741375516556e-19 0.843391445812875 0.5372996083468409
    outer loop
      vertex 8.600000000000001 -73.84147661841514 8.451663389039288
      vertex 13.600000000000001 -73.6492958444838 8.149999999999999
      vertex 8.600000000000001 -73.6492958444838 8.149999999999999
    endloop
  endfacet
  facet normal 0 0.8870108331782219 0.4617486132350334
    outer loop
      vertex 8.600000000000001 -73.6492958444838 8.149999999999999
      vertex 13.600000000000001 -73.6492958444838 8.149999999999999
      vertex 8.600000000000001 -73.48413807314974 7.832734873136867
    endloop
  endfacet
  facet normal 1.8702054816806236e-18 0.9238795325112894 0.38268343236508356
    outer loop
      vertex 8.600000000000001 -73.48413807314974 7.832734873136867
      vertex 13.600000000000001 -73.34726025477778 7.502282587635241
      vertex 8.600000000000001 -73.34726025477778 7.502282587635241
    endloop
  endfacet
  facet normal 0 0.843391445812875 0.5372996083468409
    outer loop
      vertex 8.600000000000001 -73.84147661841514 8.451663389039288
      vertex 13.600000000000001 -73.84147661841514 8.451663389039288
      vertex 13.600000000000001 -73.6492958444838 8.149999999999999
    endloop
  endfacet
  facet normal 0 0.8870108331782219 0.4617486132350334
    outer loop
      vertex 8.600000000000001 -73.48413807314974 7.832734873136867
      vertex 13.600000000000001 -73.6492958444838 8.149999999999999
      vertex 13.600000000000001 -73.48413807314974 7.832734873136867
    endloop
  endfacet
  facet normal 0 0.9238795325112894 0.38268343236508356
    outer loop
      vertex 8.600000000000001 -73.48413807314974 7.832734873136867
      vertex 13.600000000000001 -73.48413807314974 7.832734873136867
      vertex 13.600000000000001 -73.34726025477778 7.502282587635241
    endloop
  endfacet
  facet normal 0 0.9537169507482267 0.30070579950427373
    outer loop
      vertex 8.600000000000001 -73.34726025477778 7.502282587635241
      vertex 13.600000000000001 -73.34726025477778 7.502282587635241
      vertex 8.600000000000001 -73.23970411221482 7.161158084920334
    endloop
  endfacet
  facet normal -2.2634730057400764e-19 0.9762960071199357 0.21643961393809247
    outer loop
      vertex 8.600000000000001 -73.23970411221482 7.161158084920334
      vertex 13.600000000000001 -73.16228821264995 6.811957528434414
      vertex 8.600000000000001 -73.16228821264995 6.811957528434414
    endloop
  endfacet
  facet normal 0 0.9914448613738106 0.13052619222005016
    outer loop
      vertex 8.600000000000001 -73.16228821264995 6.811957528434414
      vertex 13.600000000000001 -73.16228821264995 6.811957528434414
      vertex 8.600000000000001 -73.11560173782385 6.457338545265398
    endloop
  endfacet
  facet normal 0 0.9537169507482267 0.30070579950427373
    outer loop
      vertex 8.600000000000001 -73.23970411221482 7.161158084920334
      vertex 13.600000000000001 -73.34726025477778 7.502282587635241
      vertex 13.600000000000001 -73.23970411221482 7.161158084920334
    endloop
  endfacet
  facet normal 0 0.9762960071199357 0.21643961393809247
    outer loop
      vertex 8.600000000000001 -73.23970411221482 7.161158084920334
      vertex 13.600000000000001 -73.23970411221482 7.161158084920334
      vertex 13.600000000000001 -73.16228821264995 6.811957528434414
    endloop
  endfacet
  facet normal 1 0 0
    outer loop
      vertex 13.600000000000001 -74.05921778321219 8.73542919971481
      vertex 13.600000000000001 -73.48413807314974 7.832734873136867
      vertex 13.600000000000001 -73.6492958444838 8.149999999999999
    endloop
  endfacet
  facet normal 1 0 0
    outer loop
      vertex 13.600000000000001 -73.48413807314974 7.832734873136867
      vertex 13.600000000000001 -73.23970411221482 7.161158084920334
      vertex 13.600000000000001 -73.34726025477778 7.502282587635241
    endloop
  endfacet
  facet normal 1 0 0
    outer loop
      vertex 13.600000000000001 -73.48413807314974 7.832734873136867
      vertex 13.600000000000001 -73.11560173782385 6.457338545265398
      vertex 13.600000000000001 -73.23970411221482 7.161158084920334
    endloop
  endfacet
  facet normal 1 0 0
    outer loop
      vertex 13.600000000000001 -73.23970411221482 7.161158084920334
      vertex 13.600000000000001 -73.11560173782385 6.457338545265398
      vertex 13.600000000000001 -73.16228821264995 6.811957528434414
    endloop
  endfacet
  facet normal 1 0 0
    outer loop
      vertex 13.600000000000001 -77.5573385452654 10.184398262176156
      vertex 13.600000000000001 -76.31611652351683 6.983883476483184
      vertex 13.600000000000001 -73.48413807314974 7.832734873136867
    endloop
  endfacet
  facet normal 1 0 0
    outer loop
      vertex 13.600000000000001 -77.5573385452654 10.184398262176156
      vertex 13.600000000000001 -76.98293977791634 7.33100969126526
      vertex 13.600000000000001 -76.87647619362185 7.307407282861335
    endloop
  endfacet
  facet normal 1 0 0
    outer loop
      vertex 13.600000000000001 -77.5573385452654 10.184398262176156
      vertex 13.600000000000001 -77.09105532156543 7.345243372614681
      vertex 13.600000000000001 -76.98293977791634 7.33100969126526
    endloop
  endfacet
  facet normal 1 0 0
    outer loop
      vertex 13.600000000000001 -77.5573385452654 10.184398262176156
      vertex 13.600000000000001 -77.2 7.35
      vertex 13.600000000000001 -77.09105532156543 7.345243372614681
    endloop
  endfacet
  facet normal 1 0 0
    outer loop
      vertex 13.600000000000001 -77.5573385452654 10.184398262176156
      vertex 13.600000000000001 -76.87647619362185 7.307407282861335
      vertex 13.600000000000001 -76.77247482084292 7.274615775982385
    endloop
  endfacet
  facet normal 1 0 0
    outer loop
      vertex 13.600000000000001 -77.5573385452654 10.184398262176156
      vertex 13.600000000000001 -76.77247482084292 7.274615775982385
      vertex 13.600000000000001 -76.67172717282413 7.232884733795812
    endloop
  endfacet
  facet normal 1 0 0
    outer loop
      vertex 13.600000000000001 -77.5573385452654 10.184398262176156
      vertex 13.600000000000001 -77.30894467843457 7.345243372614681
      vertex 13.600000000000001 -77.2 7.35
    endloop
  endfacet
  facet normal 1 0 0
    outer loop
      vertex 13.600000000000001 -77.5573385452654 10.184398262176156
      vertex 13.600000000000001 -77.41706022208366 7.33100969126526
      vertex 13.600000000000001 -77.30894467843457 7.345243372614681
    endloop
  endfacet
  facet normal 1 0 0
    outer loop
      vertex 13.600000000000001 -77.5573385452654 10.184398262176156
      vertex 13.600000000000001 -77.52352380637815 7.307407282861335
      vertex 13.600000000000001 -77.41706022208366 7.33100969126526
    endloop
  endfacet
  facet normal 1 0 0
    outer loop
      vertex 13.600000000000001 -77.5573385452654 10.184398262176156
      vertex 13.600000000000001 -77.62752517915709 7.274615775982385
      vertex 13.600000000000001 -77.52352380637815 7.307407282861335
    endloop
  endfacet
  facet normal 1 0 0
    outer loop
      vertex 13.600000000000001 -77.5573385452654 10.184398262176156
      vertex 13.600000000000001 -77.72827282717587 7.232884733795812
      vertex 13.600000000000001 -77.62752517915709 7.274615775982385
    endloop
  endfacet
  facet normal 1 0 0
    outer loop
      vertex 13.600000000000001 -77.5573385452654 10.184398262176156
      vertex 13.600000000000001 -76.67172717282413 7.232884733795812
      vertex 13.600000000000001 -76.575 7.182531754730547
    endloop
  endfacet
  facet normal 1 0 0
    outer loop
      vertex 13.600000000000001 -77.5573385452654 10.184398262176156
      vertex 13.600000000000001 -76.575 7.182531754730547
      vertex 13.600000000000001 -76.48302945456119 7.123940055361239
    endloop
  endfacet
  facet normal 1 0 0
    outer loop
      vertex 13.600000000000001 -77.5573385452654 10.184398262176156
      vertex 13.600000000000001 -76.48302945456119 7.123940055361239
      vertex 13.600000000000001 -76.39651548789183 7.057555553898722
    endloop
  endfacet
  facet normal 1 0 0
    outer loop
      vertex 13.600000000000001 -77.5573385452654 10.184398262176156
      vertex 13.600000000000001 -76.39651548789183 7.057555553898722
      vertex 13.600000000000001 -76.31611652351683 6.983883476483184
    endloop
  endfacet
  facet normal 1 0 0
    outer loop
      vertex 13.600000000000001 -77.5573385452654 10.184398262176156
      vertex 13.600000000000001 -77.825 7.182531754730547
      vertex 13.600000000000001 -77.72827282717587 7.232884733795812
    endloop
  endfacet
  facet normal 1 0 0
    outer loop
      vertex 13.600000000000001 -77.5573385452654 10.184398262176156
      vertex 13.600000000000001 -77.91697054543882 7.123940055361239
      vertex 13.600000000000001 -77.825 7.182531754730547
    endloop
  endfacet
  facet normal 1 0 0
    outer loop
      vertex 13.600000000000001 -77.5573385452654 10.184398262176156
      vertex 13.600000000000001 -78.00348451210817 7.057555553898722
      vertex 13.600000000000001 -77.91697054543882 7.123940055361239
    endloop
  endfacet
  facet normal 1 0 0
    outer loop
      vertex 13.600000000000001 -77.5573385452654 10.184398262176156
      vertex 13.600000000000001 -78.08388347648318 6.983883476483184
      vertex 13.600000000000001 -78.00348451210817 7.057555553898722
    endloop
  endfacet
  facet normal 1 0 0
    outer loop
      vertex 13.600000000000001 -77.5573385452654 10.184398262176156
      vertex 13.600000000000001 -78.15755555389873 6.903484512108173
      vertex 13.600000000000001 -78.08388347648318 6.983883476483184
    endloop
  endfacet
  facet normal 1 0 0
    outer loop
      vertex 13.600000000000001 -77.5573385452654 10.184398262176156
      vertex 13.600000000000001 -78.22394005536124 6.816970545438807
      vertex 13.600000000000001 -78.15755555389873 6.903484512108173
    endloop
  endfacet
  facet normal 1 0 0
    outer loop
      vertex 13.600000000000001 -73.48413807314974 7.832734873136867
      vertex 13.600000000000001 -76.31611652351683 6.983883476483184
      vertex 13.600000000000001 -76.24244444610127 6.903484512108173
    endloop
  endfacet
  facet normal 1 0 0
    outer loop
      vertex 13.600000000000001 -73.48413807314974 7.832734873136867
      vertex 13.600000000000001 -76.24244444610127 6.903484512108173
      vertex 13.600000000000001 -76.17605994463877 6.816970545438807
    endloop
  endfacet
  facet normal 1 0 0
    outer loop
      vertex 13.600000000000001 -73.48413807314974 7.832734873136867
      vertex 13.600000000000001 -76.17605994463877 6.816970545438807
      vertex 13.600000000000001 -76.11746824526945 6.725
    endloop
  endfacet
  facet normal 1 0 0
    outer loop
      vertex 13.600000000000001 -73.48413807314974 7.832734873136867
      vertex 13.600000000000001 -76.11746824526945 6.725
      vertex 13.600000000000001 -76.06711526620418 6.6282728271758735
    endloop
  endfacet
  facet normal 1 0 0
    outer loop
      vertex 13.600000000000001 -73.48413807314974 7.832734873136867
      vertex 13.600000000000001 -76.06711526620418 6.6282728271758735
      vertex 13.600000000000001 -76.02538422401761 6.527525179157085
    endloop
  endfacet
  facet normal 1 0 0
    outer loop
      vertex 13.600000000000001 -73.48413807314974 7.832734873136867
      vertex 13.600000000000001 -76.02538422401761 6.527525179157085
      vertex 13.600000000000001 -75.99259271713866 6.42352380637815
    endloop
  endfacet
  facet normal 1 0 0
    outer loop
      vertex 13.600000000000001 -73.48413807314974 7.832734873136867
      vertex 13.600000000000001 -75.96899030873475 5.882939777916336
      vertex 13.600000000000001 -73.11560173782385 6.457338545265398
    endloop
  endfacet
  facet normal 1 0 0
    outer loop
      vertex 13.600000000000001 -73.48413807314974 7.832734873136867
      vertex 13.600000000000001 -75.99259271713866 6.42352380637815
      vertex 13.600000000000001 -75.96899030873475 6.317060222083662
    endloop
  endfacet
  facet normal 1 0 0
    outer loop
      vertex 13.600000000000001 -73.48413807314974 7.832734873136867
      vertex 13.600000000000001 -75.96899030873475 6.317060222083662
      vertex 13.600000000000001 -75.95475662738532 6.208944678434572
    endloop
  endfacet
  facet normal 1 0 0
    outer loop
      vertex 13.600000000000001 -73.48413807314974 7.832734873136867
      vertex 13.600000000000001 -75.95475662738532 6.208944678434572
      vertex 13.600000000000001 -75.95 6.1
    endloop
  endfacet
  facet normal -1.8541335648748197e-19 -0.5372996083468208 0.8433914458128875
    outer loop
      vertex 8.600000000000001 -79.25 9.650704155516198
      vertex 8.600000000000001 -79.55166338903929 9.458523381584866
      vertex 13.600000000000001 -79.55166338903929 9.458523381584866
    endloop
  endfacet
  facet normal 2.0264064446933914e-20 -0.6087614290087252 0.7933533402912316
    outer loop
      vertex 8.600000000000001 -79.55166338903929 9.458523381584866
      vertex 8.600000000000001 -79.83542919971481 9.24078221678781
      vertex 13.600000000000001 -79.83542919971481 9.24078221678781
    endloop
  endfacet
  facet normal 0 -0.6087614290087252 0.7933533402912316
    outer loop
      vertex 8.600000000000001 -79.55166338903929 9.458523381584866
      vertex 13.600000000000001 -79.83542919971481 9.24078221678781
      vertex 13.600000000000001 -79.55166338903929 9.458523381584866
    endloop
  endfacet
  facet normal 7.632803731659303e-19 -0.6755902076156585 0.7372773368101256
    outer loop
      vertex 8.600000000000001 -79.83542919971481 9.24078221678781
      vertex 8.600000000000001 -80.09913780286485 8.999137802864844
      vertex 13.600000000000001 -80.09913780286485 8.999137802864844
    endloop
  endfacet
  facet normal -2.5042835717138795e-18 -0.7372773368101184 0.6755902076156663
    outer loop
      vertex 8.600000000000001 -80.09913780286485 8.999137802864844
      vertex 8.600000000000001 -80.34078221678782 8.73542919971481
      vertex 13.600000000000001 -80.34078221678782 8.73542919971481
    endloop
  endfacet
  facet normal 0 -0.7933533402912473 0.6087614290087049
    outer loop
      vertex 8.600000000000001 -80.34078221678782 8.73542919971481
      vertex 8.600000000000001 -80.55852338158486 8.451663389039288
      vertex 13.600000000000001 -80.34078221678782 8.73542919971481
    endloop
  endfacet
  facet normal 0 -0.6755902076156585 0.7372773368101256
    outer loop
      vertex 8.600000000000001 -79.83542919971481 9.24078221678781
      vertex 13.600000000000001 -80.09913780286485 8.999137802864844
      vertex 13.600000000000001 -79.83542919971481 9.24078221678781
    endloop
  endfacet
  facet normal 0 -0.7372773368101184 0.6755902076156663
    outer loop
      vertex 8.600000000000001 -80.09913780286485 8.999137802864844
      vertex 13.600000000000001 -80.34078221678782 8.73542919971481
      vertex 13.600000000000001 -80.09913780286485 8.999137802864844
    endloop
  endfacet
  facet normal 0 -0.7933533402912473 0.6087614290087049
    outer loop
      vertex 8.600000000000001 -80.55852338158486 8.451663389039288
      vertex 13.600000000000001 -80.55852338158486 8.451663389039288
      vertex 13.600000000000001 -80.34078221678782 8.73542919971481
    endloop
  endfacet
  facet normal 1 0 0
    outer loop
      vertex 13.600000000000001 -79.55166338903929 9.458523381584866
      vertex 13.600000000000001 -79.83542919971481 9.24078221678781
      vertex 13.600000000000001 -80.09913780286485 8.999137802864844
    endloop
  endfacet
  facet normal 1 0 0
    outer loop
      vertex 13.600000000000001 -79.55166338903929 9.458523381584866
      vertex 13.600000000000001 -80.09913780286485 8.999137802864844
      vertex 13.600000000000001 -80.55852338158486 8.451663389039288
    endloop
  endfacet
  facet normal 1 0 0
    outer loop
      vertex 13.600000000000001 -80.09913780286485 8.999137802864844
      vertex 13.600000000000001 -80.34078221678782 8.73542919971481
      vertex 13.600000000000001 -80.55852338158486 8.451663389039288
    endloop
  endfacet
  facet normal 1 0 0
    outer loop
      vertex 13.600000000000001 -79.55166338903929 9.458523381584866
      vertex 13.600000000000001 -80.55852338158486 8.451663389039288
      vertex 13.600000000000001 -81.05273974522223 7.502282587635241
    endloop
  endfacet
  facet normal 0 -0.843391445812875 0.5372996083468409
    outer loop
      vertex 8.600000000000001 -80.55852338158486 8.451663389039288
      vertex 8.600000000000001 -80.7507041555162 8.149999999999999
      vertex 13.600000000000001 -80.55852338158486 8.451663389039288
    endloop
  endfacet
  facet normal 0 -0.8870108331782219 0.4617486132350334
    outer loop
      vertex 8.600000000000001 -80.7507041555162 8.149999999999999
      vertex 8.600000000000001 -80.91586192685027 7.832734873136867
      vertex 13.600000000000001 -80.7507041555162 8.149999999999999
    endloop
  endfacet
  facet normal -1.8702054816806236e-18 -0.9238795325112894 0.38268343236508356
    outer loop
      vertex 8.600000000000001 -80.91586192685027 7.832734873136867
      vertex 8.600000000000001 -81.05273974522223 7.502282587635241
      vertex 13.600000000000001 -81.05273974522223 7.502282587635241
    endloop
  endfacet
  facet normal 0 -0.843391445812875 0.5372996083468409
    outer loop
      vertex 8.600000000000001 -80.7507041555162 8.149999999999999
      vertex 13.600000000000001 -80.7507041555162 8.149999999999999
      vertex 13.600000000000001 -80.55852338158486 8.451663389039288
    endloop
  endfacet
  facet normal 0 -0.8870108331782219 0.4617486132350334
    outer loop
      vertex 8.600000000000001 -80.91586192685027 7.832734873136867
      vertex 13.600000000000001 -80.91586192685027 7.832734873136867
      vertex 13.600000000000001 -80.7507041555162 8.149999999999999
    endloop
  endfacet
  facet normal 0 -0.9238795325112894 0.38268343236508356
    outer loop
      vertex 8.600000000000001 -80.91586192685027 7.832734873136867
      vertex 13.600000000000001 -81.05273974522223 7.502282587635241
      vertex 13.600000000000001 -80.91586192685027 7.832734873136867
    endloop
  endfacet
  facet normal 0 -0.9537169507482267 0.30070579950427373
    outer loop
      vertex 8.600000000000001 -81.05273974522223 7.502282587635241
      vertex 8.600000000000001 -81.16029588778518 7.161158084920334
      vertex 13.600000000000001 -81.05273974522223 7.502282587635241
    endloop
  endfacet
  facet normal 2.2634730057400764e-19 -0.9762960071199357 0.21643961393809247
    outer loop
      vertex 8.600000000000001 -81.16029588778518 7.161158084920334
      vertex 8.600000000000001 -81.23771178735005 6.811957528434414
      vertex 13.600000000000001 -81.23771178735005 6.811957528434414
    endloop
  endfacet
  facet normal 0 -0.9914448613738106 0.13052619222005016
    outer loop
      vertex 8.600000000000001 -81.23771178735005 6.811957528434414
      vertex 8.600000000000001 -81.28439826217615 6.457338545265398
      vertex 13.600000000000001 -81.23771178735005 6.811957528434414
    endloop
  endfacet
  facet normal 0 -0.9537169507482267 0.30070579950427373
    outer loop
      vertex 8.600000000000001 -81.16029588778518 7.161158084920334
      vertex 13.600000000000001 -81.16029588778518 7.161158084920334
      vertex 13.600000000000001 -81.05273974522223 7.502282587635241
    endloop
  endfacet
  facet normal 0 -0.9762960071199357 0.21643961393809247
    outer loop
      vertex 8.600000000000001 -81.16029588778518 7.161158084920334
      vertex 13.600000000000001 -81.23771178735005 6.811957528434414
      vertex 13.600000000000001 -81.16029588778518 7.161158084920334
    endloop
  endfacet
  facet normal 1 0 0
    outer loop
      vertex 13.600000000000001 -80.55852338158486 8.451663389039288
      vertex 13.600000000000001 -80.7507041555162 8.149999999999999
      vertex 13.600000000000001 -81.05273974522223 7.502282587635241
    endloop
  endfacet
  facet normal 1 0 0
    outer loop
      vertex 13.600000000000001 -80.7507041555162 8.149999999999999
      vertex 13.600000000000001 -80.91586192685027 7.832734873136867
      vertex 13.600000000000001 -81.05273974522223 7.502282587635241
    endloop
  endfacet
  facet normal 1 0 0
    outer loop
      vertex 13.600000000000001 -81.05273974522223 7.502282587635241
      vertex 13.600000000000001 -81.16029588778518 7.161158084920334
      vertex 13.600000000000001 -81.23771178735005 6.811957528434414
    endloop
  endfacet
  facet normal 1 0 0
    outer loop
      vertex 13.600000000000001 -81.05273974522223 7.502282587635241
      vertex 13.600000000000001 -81.23771178735005 6.811957528434414
      vertex 13.600000000000001 -81.3 6.1
    endloop
  endfacet
  facet normal -1 0 0
    outer loop
      vertex 8.600000000000001 -74.30086219713516 8.999137802864844
      vertex 8.600000000000001 -73.11560173782385 6.457338545265398
      vertex 8.600000000000001 -73.10000000000001 2
    endloop
  endfacet
  facet normal -1 0 0
    outer loop
      vertex 8.600000000000001 -81.05273974522223 7.502282587635241
      vertex 8.600000000000001 -78.44524337261468 6.208944678434572
      vertex 8.600000000000001 -78.45 6.1
    endloop
  endfacet
  facet normal -1 0 0
    outer loop
      vertex 8.600000000000001 -81.05273974522223 7.502282587635241
      vertex 8.600000000000001 -78.45 6.1
      vertex 8.600000000000001 -78.44524337261468 5.991055321565427
    endloop
  endfacet
  facet normal -1 0 0
    outer loop
      vertex 8.600000000000001 -81.05273974522223 7.502282587635241
      vertex 8.600000000000001 -78.44524337261468 5.991055321565427
      vertex 8.600000000000001 -78.43100969126526 5.882939777916336
    endloop
  endfacet
  facet normal -1 0 0
    outer loop
      vertex 8.600000000000001 -81.05273974522223 7.502282587635241
      vertex 8.600000000000001 -78.43100969126526 5.882939777916336
      vertex 8.600000000000001 -78.40740728286134 5.776476193621849
    endloop
  endfacet
  facet normal -1 0 0
    outer loop
      vertex 8.600000000000001 -81.05273974522223 7.502282587635241
      vertex 8.600000000000001 -78.40740728286134 5.776476193621849
      vertex 8.600000000000001 -78.37461577598239 5.672474820842914
    endloop
  endfacet
  facet normal -1 0 0
    outer loop
      vertex 8.600000000000001 -81.05273974522223 7.502282587635241
      vertex 8.600000000000001 -78.37461577598239 5.672474820842914
      vertex 8.600000000000001 -78.33288473379582 5.571727172824126
    endloop
  endfacet
  facet normal -1 0 0
    outer loop
      vertex 8.600000000000001 -74.30086219713516 8.999137802864844
      vertex 8.600000000000001 -73.10000000000001 2
      vertex 8.600000000000001 -75.99259271713866 5.776476193621849
    endloop
  endfacet
  facet normal -1 0 0
    outer loop
      vertex 8.600000000000001 -81.3 6.1
      vertex 8.600000000000001 -78.33288473379582 5.571727172824126
      vertex 8.600000000000001 -78.28253175473056 5.475
    endloop
  endfacet
  facet normal -1 0 0
    outer loop
      vertex 8.600000000000001 -81.3 6.1
      vertex 8.600000000000001 -78.28253175473056 5.475
      vertex 8.600000000000001 -78.22394005536124 5.383029454561192
    endloop
  endfacet
  facet normal -1 0 0
    outer loop
      vertex 8.600000000000001 -81.3 6.1
      vertex 8.600000000000001 -78.22394005536124 5.383029454561192
      vertex 8.600000000000001 -78.15755555389873 5.296515487891826
    endloop
  endfacet
  facet normal -1 0 0
    outer loop
      vertex 8.600000000000001 -81.3 6.1
      vertex 8.600000000000001 -78.15755555389873 5.296515487891826
      vertex 8.600000000000001 -78.08388347648318 5.216116523516815
    endloop
  endfacet
  facet normal -1 0 0
    outer loop
      vertex 8.600000000000001 -81.3 6.1
      vertex 8.600000000000001 -78.08388347648318 5.216116523516815
      vertex 8.600000000000001 -78.00348451210817 5.142444446101277
    endloop
  endfacet
  facet normal -1 0 0
    outer loop
      vertex 8.600000000000001 -81.3 6.1
      vertex 8.600000000000001 -78.00348451210817 5.142444446101277
      vertex 8.600000000000001 -77.91697054543882 5.07605994463876
    endloop
  endfacet
  facet normal -1 0 0
    outer loop
      vertex 8.600000000000001 -73.11560173782385 6.457338545265398
      vertex 8.600000000000001 -73.10000000000001 6.1
      vertex 8.600000000000001 -73.10000000000001 2
    endloop
  endfacet
  facet normal -1 0 0
    outer loop
      vertex 8.600000000000001 -73.10000000000001 2
      vertex 8.600000000000001 -76.02538422401761 5.672474820842914
      vertex 8.600000000000001 -75.99259271713866 5.776476193621849
    endloop
  endfacet
  facet normal -1 0 0
    outer loop
      vertex 8.600000000000001 -73.10000000000001 2
      vertex 8.600000000000001 -76.06711526620418 5.571727172824126
      vertex 8.600000000000001 -76.02538422401761 5.672474820842914
    endloop
  endfacet
  facet normal -1 0 0
    outer loop
      vertex 8.600000000000001 -73.10000000000001 2
      vertex 8.600000000000001 -76.11746824526945 5.475
      vertex 8.600000000000001 -76.06711526620418 5.571727172824126
    endloop
  endfacet
  facet normal -1 0 0
    outer loop
      vertex 8.600000000000001 -73.10000000000001 2
      vertex 8.600000000000001 -76.17605994463877 5.383029454561192
      vertex 8.600000000000001 -76.11746824526945 5.475
    endloop
  endfacet
  facet normal -1 0 0
    outer loop
      vertex 8.600000000000001 -73.10000000000001 2
      vertex 8.600000000000001 -76.24244444610127 5.296515487891826
      vertex 8.600000000000001 -76.17605994463877 5.383029454561192
    endloop
  endfacet
  facet normal -1 0 0
    outer loop
      vertex 8.600000000000001 -73.10000000000001 2
      vertex 8.600000000000001 -76.31611652351683 5.216116523516815
      vertex 8.600000000000001 -76.24244444610127 5.296515487891826
    endloop
  endfacet
  facet normal -1 0 0
    outer loop
      vertex 8.600000000000001 -73.10000000000001 2
      vertex 8.600000000000001 -76.39651548789183 5.142444446101277
      vertex 8.600000000000001 -76.31611652351683 5.216116523516815
    endloop
  endfacet
  facet normal -1 0 0
    outer loop
      vertex 8.600000000000001 -73.10000000000001 2
      vertex 8.600000000000001 -76.48302945456119 5.07605994463876
      vertex 8.600000000000001 -76.39651548789183 5.142444446101277
    endloop
  endfacet
  facet normal -1 0 0
    outer loop
      vertex 8.600000000000001 -73.10000000000001 2
      vertex 8.600000000000001 -76.575 5.017468245269452
      vertex 8.600000000000001 -76.48302945456119 5.07605994463876
    endloop
  endfacet
  facet normal -1 0 0
    outer loop
      vertex 8.600000000000001 -73.10000000000001 2
      vertex 8.600000000000001 -76.67172717282413 4.967115266204187
      vertex 8.600000000000001 -76.575 5.017468245269452
    endloop
  endfacet
  facet normal -1 0 0
    outer loop
      vertex 8.600000000000001 -73.10000000000001 2
      vertex 8.600000000000001 -77.825 5.017468245269452
      vertex 8.600000000000001 -77.72827282717587 4.967115266204187
    endloop
  endfacet
  facet normal -1 0 0
    outer loop
      vertex 8.600000000000001 -73.10000000000001 2
      vertex 8.600000000000001 -77.91697054543882 5.07605994463876
      vertex 8.600000000000001 -77.825 5.017468245269452
    endloop
  endfacet
  facet normal -1 0 0
    outer loop
      vertex 8.600000000000001 -81.3 6.1
      vertex 8.600000000000001 -77.91697054543882 5.07605994463876
      vertex 8.600000000000001 -73.10000000000001 2
    endloop
  endfacet
  facet normal -1 0 0
    outer loop
      vertex 8.600000000000001 -73.10000000000001 2
      vertex 8.600000000000001 -76.77247482084292 4.925384224017614
      vertex 8.600000000000001 -76.67172717282413 4.967115266204187
    endloop
  endfacet
  facet normal -1 0 0
    outer loop
      vertex 8.600000000000001 -73.10000000000001 2
      vertex 8.600000000000001 -76.87647619362185 4.8925927171386645
      vertex 8.600000000000001 -76.77247482084292 4.925384224017614
    endloop
  endfacet
  facet normal -1 0 0
    outer loop
      vertex 8.600000000000001 -73.10000000000001 2
      vertex 8.600000000000001 -76.98293977791634 4.868990308734739
      vertex 8.600000000000001 -76.87647619362185 4.8925927171386645
    endloop
  endfacet
  facet normal -1 0 0
    outer loop
      vertex 8.600000000000001 -73.10000000000001 2
      vertex 8.600000000000001 -77.09105532156543 4.854756627385318
      vertex 8.600000000000001 -76.98293977791634 4.868990308734739
    endloop
  endfacet
  facet normal -1 0 0
    outer loop
      vertex 8.600000000000001 -73.10000000000001 2
      vertex 8.600000000000001 -77.2 4.85
      vertex 8.600000000000001 -77.09105532156543 4.854756627385318
    endloop
  endfacet
  facet normal -1 0 0
    outer loop
      vertex 8.600000000000001 -73.10000000000001 2
      vertex 8.600000000000001 -77.30894467843457 4.854756627385318
      vertex 8.600000000000001 -77.2 4.85
    endloop
  endfacet
  facet normal -1 0 0
    outer loop
      vertex 8.600000000000001 -73.10000000000001 2
      vertex 8.600000000000001 -77.62752517915709 4.925384224017614
      vertex 8.600000000000001 -77.52352380637815 4.8925927171386645
    endloop
  endfacet
  facet normal -1 0 0
    outer loop
      vertex 8.600000000000001 -73.10000000000001 2
      vertex 8.600000000000001 -77.72827282717587 4.967115266204187
      vertex 8.600000000000001 -77.62752517915709 4.925384224017614
    endloop
  endfacet
  facet normal -1 0 0
    outer loop
      vertex 8.600000000000001 -73.10000000000001 2
      vertex 8.600000000000001 -77.52352380637815 4.8925927171386645
      vertex 8.600000000000001 -77.41706022208366 4.868990308734739
    endloop
  endfacet
  facet normal -1 0 0
    outer loop
      vertex 8.600000000000001 -73.10000000000001 2
      vertex 8.600000000000001 -77.41706022208366 4.868990308734739
      vertex 8.600000000000001 -77.30894467843457 4.854756627385318
    endloop
  endfacet
  facet normal -1 0 0
    outer loop
      vertex 8.600000000000001 -81.3 6.1
      vertex 8.600000000000001 -73.10000000000001 2
      vertex 8.600000000000001 -81.3 2
    endloop
  endfacet
  facet normal -1 0 0
    outer loop
      vertex 8.600000000000001 -81.05273974522223 7.502282587635241
      vertex 8.600000000000001 -78.33288473379582 5.571727172824126
      vertex 8.600000000000001 -81.3 6.1
    endloop
  endfacet
  facet normal -1 0 0
    outer loop
      vertex 8.600000000000001 -81.23771178735005 6.811957528434414
      vertex 8.600000000000001 -81.3 6.1
      vertex 8.600000000000001 -81.28439826217615 6.457338545265398
    endloop
  endfacet
  facet normal 0 0.9990482215818577 0.04361938736533541
    outer loop
      vertex 8.600000000000001 -73.11560173782385 6.457338545265398
      vertex 13.600000000000001 -73.11560173782385 6.457338545265398
      vertex 8.600000000000001 -73.10000000000001 6.1
    endloop
  endfacet
  facet normal -8.880875782086093e-19 0.9914448613738106 0.13052619222005016
    outer loop
      vertex 13.600000000000001 -73.16228821264995 6.811957528434414
      vertex 13.600000000000001 -73.11560173782385 6.457338545265398
      vertex 8.600000000000001 -73.11560173782385 6.457338545265398
    endloop
  endfacet
  facet normal 0 0.9990482215818577 0.04361938736533541
    outer loop
      vertex 8.600000000000001 -73.10000000000001 6.1
      vertex 13.600000000000001 -73.11560173782385 6.457338545265398
      vertex 13.600000000000001 -73.10000000000001 6.1
    endloop
  endfacet
  facet normal 1 0 0
    outer loop
      vertex 13.600000000000001 -73.48413807314974 7.832734873136867
      vertex 13.600000000000001 -75.95 6.1
      vertex 13.600000000000001 -75.95475662738532 5.991055321565427
    endloop
  endfacet
  facet normal 1 0 0
    outer loop
      vertex 13.600000000000001 -73.48413807314974 7.832734873136867
      vertex 13.600000000000001 -75.95475662738532 5.991055321565427
      vertex 13.600000000000001 -75.96899030873475 5.882939777916336
    endloop
  endfacet
  facet normal 1 0 0
    outer loop
      vertex 13.600000000000001 -73.11560173782385 6.457338545265398
      vertex 13.600000000000001 -75.96899030873475 5.882939777916336
      vertex 13.600000000000001 -75.99259271713866 5.776476193621849
    endloop
  endfacet
  facet normal 1 0 0
    outer loop
      vertex 13.600000000000001 -73.11560173782385 6.457338545265398
      vertex 13.600000000000001 -75.99259271713866 5.776476193621849
      vertex 13.600000000000001 -76.02538422401761 5.672474820842914
    endloop
  endfacet
  facet normal 1 0 0
    outer loop
      vertex 13.600000000000001 -73.11560173782385 6.457338545265398
      vertex 13.600000000000001 -76.02538422401761 5.672474820842914
      vertex 13.600000000000001 -76.06711526620418 5.571727172824126
    endloop
  endfacet
  facet normal 1 0 0
    outer loop
      vertex 13.600000000000001 -73.11560173782385 6.457338545265398
      vertex 13.600000000000001 -76.06711526620418 5.571727172824126
      vertex 13.600000000000001 -76.11746824526945 5.475
    endloop
  endfacet
  facet normal 1 0 0
    outer loop
      vertex 13.600000000000001 -73.11560173782385 6.457338545265398
      vertex 13.600000000000001 -76.11746824526945 5.475
      vertex 13.600000000000001 -76.17605994463877 5.383029454561192
    endloop
  endfacet
  facet normal 1 0 0
    outer loop
      vertex 13.600000000000001 -77.5573385452654 10.184398262176156
      vertex 13.600000000000001 -81.3 2
      vertex 13.600000000000001 -78.22394005536124 6.816970545438807
    endloop
  endfacet
  facet normal 1 0 0
    outer loop
      vertex 13.600000000000001 -73.11560173782385 6.457338545265398
      vertex 13.600000000000001 -76.17605994463877 5.383029454561192
      vertex 13.600000000000001 -76.24244444610127 5.296515487891826
    endloop
  endfacet
  facet normal 1 0 0
    outer loop
      vertex 13.600000000000001 -73.11560173782385 6.457338545265398
      vertex 13.600000000000001 -76.24244444610127 5.296515487891826
      vertex 13.600000000000001 -76.31611652351683 5.216116523516815
    endloop
  endfacet
  facet normal 1 0 0
    outer loop
      vertex 13.600000000000001 -73.11560173782385 6.457338545265398
      vertex 13.600000000000001 -76.31611652351683 5.216116523516815
      vertex 13.600000000000001 -76.39651548789183 5.142444446101277
    endloop
  endfacet
  facet normal 1 0 0
    outer loop
      vertex 13.600000000000001 -73.11560173782385 6.457338545265398
      vertex 13.600000000000001 -76.39651548789183 5.142444446101277
      vertex 13.600000000000001 -76.48302945456119 5.07605994463876
    endloop
  endfacet
  facet normal 1 0 0
    outer loop
      vertex 13.600000000000001 -81.3 2
      vertex 13.600000000000001 -78.28253175473056 6.725
      vertex 13.600000000000001 -78.22394005536124 6.816970545438807
    endloop
  endfacet
  facet normal 1 0 0
    outer loop
      vertex 13.600000000000001 -81.3 2
      vertex 13.600000000000001 -78.33288473379582 6.6282728271758735
      vertex 13.600000000000001 -78.28253175473056 6.725
    endloop
  endfacet
  facet normal 1 0 0
    outer loop
      vertex 13.600000000000001 -81.3 2
      vertex 13.600000000000001 -78.37461577598239 6.527525179157085
      vertex 13.600000000000001 -78.33288473379582 6.6282728271758735
    endloop
  endfacet
  facet normal 1 0 0
    outer loop
      vertex 13.600000000000001 -81.3 2
      vertex 13.600000000000001 -78.40740728286134 6.42352380637815
      vertex 13.600000000000001 -78.37461577598239 6.527525179157085
    endloop
  endfacet
  facet normal 1 0 0
    outer loop
      vertex 13.600000000000001 -81.3 2
      vertex 13.600000000000001 -78.43100969126526 6.317060222083662
      vertex 13.600000000000001 -78.40740728286134 6.42352380637815
    endloop
  endfacet
  facet normal 0 1 0
    outer loop
      vertex 8.600000000000001 -73.10000000000001 6.1
      vertex 13.600000000000001 -73.10000000000001 6.1
      vertex 13.600000000000001 -73.10000000000001 2
    endloop
  endfacet
  facet normal 0 1 0
    outer loop
      vertex 8.600000000000001 -73.10000000000001 6.1
      vertex 13.600000000000001 -73.10000000000001 2
      vertex 8.600000000000001 -73.10000000000001 2
    endloop
  endfacet
  facet normal 1 0 0
    outer loop
      vertex 13.600000000000001 -73.11560173782385 6.457338545265398
      vertex 13.600000000000001 -81.3 2
      vertex 13.600000000000001 -73.10000000000001 6.1
    endloop
  endfacet
  facet normal 1 0 0
    outer loop
      vertex 13.600000000000001 -73.11560173782385 6.457338545265398
      vertex 13.600000000000001 -76.48302945456119 5.07605994463876
      vertex 13.600000000000001 -81.3 2
    endloop
  endfacet
  facet normal 1 0 0
    outer loop
      vertex 13.600000000000001 -81.3 2
      vertex 13.600000000000001 -78.44524337261468 6.208944678434572
      vertex 13.600000000000001 -78.43100969126526 6.317060222083662
    endloop
  endfacet
  facet normal 1 0 0
    outer loop
      vertex 13.600000000000001 -81.3 2
      vertex 13.600000000000001 -78.45 6.1
      vertex 13.600000000000001 -78.44524337261468 6.208944678434572
    endloop
  endfacet
  facet normal 1 0 0
    outer loop
      vertex 13.600000000000001 -81.3 2
      vertex 13.600000000000001 -78.44524337261468 5.991055321565427
      vertex 13.600000000000001 -78.45 6.1
    endloop
  endfacet
  facet normal 1 0 0
    outer loop
      vertex 13.600000000000001 -81.3 2
      vertex 13.600000000000001 -78.43100969126526 5.882939777916336
      vertex 13.600000000000001 -78.44524337261468 5.991055321565427
    endloop
  endfacet
  facet normal 1 0 0
    outer loop
      vertex 13.600000000000001 -81.3 2
      vertex 13.600000000000001 -78.40740728286134 5.776476193621849
      vertex 13.600000000000001 -78.43100969126526 5.882939777916336
    endloop
  endfacet
  facet normal 1 0 0
    outer loop
      vertex 13.600000000000001 -81.3 2
      vertex 13.600000000000001 -78.37461577598239 5.672474820842914
      vertex 13.600000000000001 -78.40740728286134 5.776476193621849
    endloop
  endfacet
  facet normal 1 0 0
    outer loop
      vertex 13.600000000000001 -81.3 2
      vertex 13.600000000000001 -78.33288473379582 5.571727172824126
      vertex 13.600000000000001 -78.37461577598239 5.672474820842914
    endloop
  endfacet
  facet normal 1 0 0
    outer loop
      vertex 13.600000000000001 -81.3 2
      vertex 13.600000000000001 -78.28253175473056 5.475
      vertex 13.600000000000001 -78.33288473379582 5.571727172824126
    endloop
  endfacet
  facet normal 1 0 0
    outer loop
      vertex 13.600000000000001 -81.3 2
      vertex 13.600000000000001 -78.22394005536124 5.383029454561192
      vertex 13.600000000000001 -78.28253175473056 5.475
    endloop
  endfacet
  facet normal 1 0 0
    outer loop
      vertex 13.600000000000001 -81.3 2
      vertex 13.600000000000001 -78.15755555389873 5.296515487891826
      vertex 13.600000000000001 -78.22394005536124 5.383029454561192
    endloop
  endfacet
  facet normal 1 0 0
    outer loop
      vertex 13.600000000000001 -81.3 2
      vertex 13.600000000000001 -76.48302945456119 5.07605994463876
      vertex 13.600000000000001 -76.575 5.017468245269452
    endloop
  endfacet
  facet normal 1 0 0
    outer loop
      vertex 13.600000000000001 -81.3 2
      vertex 13.600000000000001 -76.575 5.017468245269452
      vertex 13.600000000000001 -76.67172717282413 4.967115266204187
    endloop
  endfacet
  facet normal 1 0 0
    outer loop
      vertex 13.600000000000001 -81.3 2
      vertex 13.600000000000001 -78.08388347648318 5.216116523516815
      vertex 13.600000000000001 -78.15755555389873 5.296515487891826
    endloop
  endfacet
  facet normal 1 0 0
    outer loop
      vertex 13.600000000000001 -81.3 2
      vertex 13.600000000000001 -78.00348451210817 5.142444446101277
      vertex 13.600000000000001 -78.08388347648318 5.216116523516815
    endloop
  endfacet
  facet normal 1 0 0
    outer loop
      vertex 13.600000000000001 -81.3 2
      vertex 13.600000000000001 -77.825 5.017468245269452
      vertex 13.600000000000001 -77.91697054543882 5.07605994463876
    endloop
  endfacet
  facet normal 1 0 0
    outer loop
      vertex 13.600000000000001 -81.3 2
      vertex 13.600000000000001 -77.72827282717587 4.967115266204187
      vertex 13.600000000000001 -77.825 5.017468245269452
    endloop
  endfacet
  facet normal 1 0 0
    outer loop
      vertex 13.600000000000001 -81.3 2
      vertex 13.600000000000001 -77.91697054543882 5.07605994463876
      vertex 13.600000000000001 -78.00348451210817 5.142444446101277
    endloop
  endfacet
  facet normal 1 0 0
    outer loop
      vertex 13.600000000000001 -73.10000000000001 6.1
      vertex 13.600000000000001 -81.3 2
      vertex 13.600000000000001 -73.10000000000001 2
    endloop
  endfacet
  facet normal 1 0 0
    outer loop
      vertex 13.600000000000001 -81.3 2
      vertex 13.600000000000001 -76.67172717282413 4.967115266204187
      vertex 13.600000000000001 -76.77247482084292 4.925384224017614
    endloop
  endfacet
  facet normal 1 0 0
    outer loop
      vertex 13.600000000000001 -81.3 2
      vertex 13.600000000000001 -76.77247482084292 4.925384224017614
      vertex 13.600000000000001 -76.87647619362185 4.8925927171386645
    endloop
  endfacet
  facet normal 1 0 0
    outer loop
      vertex 13.600000000000001 -81.3 2
      vertex 13.600000000000001 -76.87647619362185 4.8925927171386645
      vertex 13.600000000000001 -76.98293977791634 4.868990308734739
    endloop
  endfacet
  facet normal 1 0 0
    outer loop
      vertex 13.600000000000001 -81.3 2
      vertex 13.600000000000001 -76.98293977791634 4.868990308734739
      vertex 13.600000000000001 -77.09105532156543 4.854756627385318
    endloop
  endfacet
  facet normal 1 0 0
    outer loop
      vertex 13.600000000000001 -81.3 2
      vertex 13.600000000000001 -77.09105532156543 4.854756627385318
      vertex 13.600000000000001 -77.2 4.85
    endloop
  endfacet
  facet normal 1 0 0
    outer loop
      vertex 13.600000000000001 -81.3 2
      vertex 13.600000000000001 -77.30894467843457 4.854756627385318
      vertex 13.600000000000001 -77.41706022208366 4.868990308734739
    endloop
  endfacet
  facet normal 1 0 0
    outer loop
      vertex 13.600000000000001 -81.3 2
      vertex 13.600000000000001 -77.2 4.85
      vertex 13.600000000000001 -77.30894467843457 4.854756627385318
    endloop
  endfacet
  facet normal 1 0 0
    outer loop
      vertex 13.600000000000001 -81.3 2
      vertex 13.600000000000001 -77.52352380637815 4.8925927171386645
      vertex 13.600000000000001 -77.62752517915709 4.925384224017614
    endloop
  endfacet
  facet normal 1 0 0
    outer loop
      vertex 13.600000000000001 -81.3 2
      vertex 13.600000000000001 -77.62752517915709 4.925384224017614
      vertex 13.600000000000001 -77.72827282717587 4.967115266204187
    endloop
  endfacet
  facet normal 1 0 0
    outer loop
      vertex 13.600000000000001 -81.3 2
      vertex 13.600000000000001 -77.41706022208366 4.868990308734739
      vertex 13.600000000000001 -77.52352380637815 4.8925927171386645
    endloop
  endfacet
  facet normal 1.0302165411944912e-19 -0.9990482215818577 0.04361938736533541
    outer loop
      vertex 8.600000000000001 -81.28439826217615 6.457338545265398
      vertex 8.600000000000001 -81.3 6.1
      vertex 13.600000000000001 -81.3 6.1
    endloop
  endfacet
  facet normal 8.880875782086093e-19 -0.9914448613738106 0.13052619222005016
    outer loop
      vertex 13.600000000000001 -81.23771178735005 6.811957528434414
      vertex 8.600000000000001 -81.28439826217615 6.457338545265398
      vertex 13.600000000000001 -81.28439826217615 6.457338545265398
    endloop
  endfacet
  facet normal 0 -0.9990482215818577 0.04361938736533541
    outer loop
      vertex 8.600000000000001 -81.28439826217615 6.457338545265398
      vertex 13.600000000000001 -81.3 6.1
      vertex 13.600000000000001 -81.28439826217615 6.457338545265398
    endloop
  endfacet
  facet normal 1 0 0
    outer loop
      vertex 13.600000000000001 -77.5573385452654 10.184398262176156
      vertex 13.600000000000001 -81.05273974522223 7.502282587635241
      vertex 13.600000000000001 -81.3 2
    endloop
  endfacet
  facet normal 1 0 0
    outer loop
      vertex 13.600000000000001 -81.23771178735005 6.811957528434414
      vertex 13.600000000000001 -81.28439826217615 6.457338545265398
      vertex 13.600000000000001 -81.3 6.1
    endloop
  endfacet
  facet normal 1 0 0
    outer loop
      vertex 13.600000000000001 -81.05273974522223 7.502282587635241
      vertex 13.600000000000001 -81.3 6.1
      vertex 13.600000000000001 -81.3 2
    endloop
  endfacet
  facet normal 0 -1 0
    outer loop
      vertex 8.600000000000001 -81.3 6.1
      vertex 8.600000000000001 -81.3 2
      vertex 13.600000000000001 -81.3 6.1
    endloop
  endfacet
  facet normal 0 -1 0
    outer loop
      vertex 13.600000000000001 -81.3 6.1
      vertex 8.600000000000001 -81.3 2
      vertex 13.600000000000001 -81.3 2
    endloop
  endfacet
  facet normal -1 0 0
    outer loop
      vertex 42.6 -76.48804247156559 10.137711787350053
      vertex 42.6 -76.13884191507967 10.06029588778518
      vertex 42.6 -76.84266145473461 10.184398262176156
    endloop
  endfacet
  facet normal -1 0 0
    outer loop
      vertex 42.6 -76.13884191507967 10.06029588778518
      vertex 42.6 -75.79771741236476 9.952739745222225
      vertex 42.6 -76.84266145473461 10.184398262176156
    endloop
  endfacet
  facet normal -1 0 0
    outer loop
      vertex 42.6 -75.79771741236476 9.952739745222225
      vertex 42.6 -75.46726512686314 9.815861926850264
      vertex 42.6 -75.15 9.650704155516198
    endloop
  endfacet
  facet normal -1 0 0
    outer loop
      vertex 42.6 -75.79771741236476 9.952739745222225
      vertex 42.6 -74.84833661096071 9.458523381584866
      vertex 42.6 -74.30086219713516 8.999137802864844
    endloop
  endfacet
  facet normal -1 0 0
    outer loop
      vertex 42.6 -75.79771741236476 9.952739745222225
      vertex 42.6 -75.15 9.650704155516198
      vertex 42.6 -74.84833661096071 9.458523381584866
    endloop
  endfacet
  facet normal -1 0 0
    outer loop
      vertex 42.6 -75.79771741236476 9.952739745222225
      vertex 42.6 -74.30086219713516 8.999137802864844
      vertex 42.6 -77.91195752843441 10.137711787350053
    endloop
  endfacet
  facet normal -1 0 0
    outer loop
      vertex 42.6 -75.79771741236476 9.952739745222225
      vertex 42.6 -77.91195752843441 10.137711787350053
      vertex 42.6 -76.84266145473461 10.184398262176156
    endloop
  endfacet
  facet normal -1 0 0
    outer loop
      vertex 42.6 -76.84266145473461 10.184398262176156
      vertex 42.6 -77.91195752843441 10.137711787350053
      vertex 42.6 -77.2 10.2
    endloop
  endfacet
  facet normal -1 0 0
    outer loop
      vertex 42.6 -77.2 10.2
      vertex 42.6 -77.91195752843441 10.137711787350053
      vertex 42.6 -77.5573385452654 10.184398262176156
    endloop
  endfacet
  facet normal -1 0 0
    outer loop
      vertex 42.6 -77.91195752843441 10.137711787350053
      vertex 42.6 -78.93273487313687 9.815861926850264
      vertex 42.6 -78.26115808492034 10.06029588778518
    endloop
  endfacet
  facet normal -1 0 0
    outer loop
      vertex 42.6 -78.26115808492034 10.06029588778518
      vertex 42.6 -78.93273487313687 9.815861926850264
      vertex 42.6 -78.60228258763524 9.952739745222225
    endloop
  endfacet
  facet normal -1 0 0
    outer loop
      vertex 42.6 -77.91195752843441 10.137711787350053
      vertex 42.6 -79.83542919971481 9.24078221678781
      vertex 42.6 -78.93273487313687 9.815861926850264
    endloop
  endfacet
  facet normal -1 0 0
    outer loop
      vertex 42.6 -78.93273487313687 9.815861926850264
      vertex 42.6 -79.83542919971481 9.24078221678781
      vertex 42.6 -79.25 9.650704155516198
    endloop
  endfacet
  facet normal -1 0 0
    outer loop
      vertex 42.6 -74.84833661096071 9.458523381584866
      vertex 42.6 -74.5645708002852 9.24078221678781
      vertex 42.6 -74.30086219713516 8.999137802864844
    endloop
  endfacet
  facet normal -1 0 0
    outer loop
      vertex 42.6 -73.84147661841514 8.451663389039288
      vertex 42.6 -74.30086219713516 8.999137802864844
      vertex 42.6 -74.05921778321219 8.73542919971481
    endloop
  endfacet
  facet normal -1 0 0
    outer loop
      vertex 42.6 -73.84147661841514 8.451663389039288
      vertex 42.6 -73.48413807314974 7.832734873136867
      vertex 42.6 -74.30086219713516 8.999137802864844
    endloop
  endfacet
  facet normal -1 0 0
    outer loop
      vertex 42.6 -77.91195752843441 10.137711787350053
      vertex 42.6 -74.30086219713516 8.999137802864844
      vertex 42.6 -81.05273974522223 7.502282587635241
    endloop
  endfacet
  facet normal 0 0.1305261922200492 0.9914448613738107
    outer loop
      vertex 42.6 -76.48804247156559 10.137711787350053
      vertex 42.6 -76.84266145473461 10.184398262176156
      vertex 47.6 -76.48804247156559 10.137711787350053
    endloop
  endfacet
  facet normal 0 0.21643961393809877 0.9762960071199343
    outer loop
      vertex 42.6 -76.48804247156559 10.137711787350053
      vertex 47.6 -76.48804247156559 10.137711787350053
      vertex 42.6 -76.13884191507967 10.06029588778518
    endloop
  endfacet
  facet normal 0 0.3007057995042751 0.9537169507482263
    outer loop
      vertex 42.6 -76.13884191507967 10.06029588778518
      vertex 47.6 -76.13884191507967 10.06029588778518
      vertex 42.6 -75.79771741236476 9.952739745222225
    endloop
  endfacet
  facet normal 0 0.3826834323650964 0.923879532511284
    outer loop
      vertex 42.6 -75.79771741236476 9.952739745222225
      vertex 47.6 -75.79771741236476 9.952739745222225
      vertex 42.6 -75.46726512686314 9.815861926850264
    endloop
  endfacet
  facet normal 0 0.5372996083468208 0.8433914458128875
    outer loop
      vertex 42.6 -75.15 9.650704155516198
      vertex 47.6 -75.15 9.650704155516198
      vertex 42.6 -74.84833661096071 9.458523381584866
    endloop
  endfacet
  facet normal 0 0.6087614290087252 0.7933533402912316
    outer loop
      vertex 42.6 -74.84833661096071 9.458523381584866
      vertex 47.6 -74.84833661096071 9.458523381584866
      vertex 42.6 -74.5645708002852 9.24078221678781
    endloop
  endfacet
  facet normal 7.313458725655296e-19 0.46174861323503036 0.8870108331782236
    outer loop
      vertex 42.6 -75.46726512686314 9.815861926850264
      vertex 47.6 -75.15 9.650704155516198
      vertex 42.6 -75.15 9.650704155516198
    endloop
  endfacet
  facet normal 0 0.043619387365336174 0.9990482215818578
    outer loop
      vertex 42.6 -76.84266145473461 10.184398262176156
      vertex 42.6 -77.2 10.2
      vertex 47.6 -76.84266145473461 10.184398262176156
    endloop
  endfacet
  facet normal 1.8389123245590413e-19 -0.043619387365336174 0.9990482215818578
    outer loop
      vertex 42.6 -77.2 10.2
      vertex 42.6 -77.5573385452654 10.184398262176156
      vertex 47.6 -77.5573385452654 10.184398262176156
    endloop
  endfacet
  facet normal 0 -0.1305261922200492 0.9914448613738107
    outer loop
      vertex 42.6 -77.5573385452654 10.184398262176156
      vertex 42.6 -77.91195752843441 10.137711787350053
      vertex 47.6 -77.5573385452654 10.184398262176156
    endloop
  endfacet
  facet normal -7.587899396399546e-19 -0.21643961393809877 0.9762960071199343
    outer loop
      vertex 42.6 -77.91195752843441 10.137711787350053
      vertex 42.6 -78.26115808492034 10.06029588778518
      vertex 47.6 -78.26115808492034 10.06029588778518
    endloop
  endfacet
  facet normal 7.405618332190152e-19 -0.3007057995042751 0.9537169507482263
    outer loop
      vertex 42.6 -78.26115808492034 10.06029588778518
      vertex 42.6 -78.60228258763524 9.952739745222225
      vertex 47.6 -78.60228258763524 9.952739745222225
    endloop
  endfacet
  facet normal 0 -0.3826834323650964 0.923879532511284
    outer loop
      vertex 42.6 -78.60228258763524 9.952739745222225
      vertex 42.6 -78.93273487313687 9.815861926850264
      vertex 47.6 -78.60228258763524 9.952739745222225
    endloop
  endfacet
  facet normal 0 -0.46174861323503036 0.8870108331782236
    outer loop
      vertex 42.6 -78.93273487313687 9.815861926850264
      vertex 42.6 -79.25 9.650704155516198
      vertex 47.6 -78.93273487313687 9.815861926850264
    endloop
  endfacet
  facet normal 0 0.3007057995042751 0.9537169507482263
    outer loop
      vertex 42.6 -75.79771741236476 9.952739745222225
      vertex 47.6 -76.13884191507967 10.06029588778518
      vertex 47.6 -75.79771741236476 9.952739745222225
    endloop
  endfacet
  facet normal 0 0.21643961393809877 0.9762960071199343
    outer loop
      vertex 42.6 -76.13884191507967 10.06029588778518
      vertex 47.6 -76.48804247156559 10.137711787350053
      vertex 47.6 -76.13884191507967 10.06029588778518
    endloop
  endfacet
  facet normal 0 0.3826834323650964 0.923879532511284
    outer loop
      vertex 42.6 -75.46726512686314 9.815861926850264
      vertex 47.6 -75.79771741236476 9.952739745222225
      vertex 47.6 -75.46726512686314 9.815861926850264
    endloop
  endfacet
  facet normal 0 0.46174861323503036 0.8870108331782236
    outer loop
      vertex 42.6 -75.46726512686314 9.815861926850264
      vertex 47.6 -75.46726512686314 9.815861926850264
      vertex 47.6 -75.15 9.650704155516198
    endloop
  endfacet
  facet normal 0 0.5372996083468208 0.8433914458128875
    outer loop
      vertex 42.6 -74.84833661096071 9.458523381584866
      vertex 47.6 -75.15 9.650704155516198
      vertex 47.6 -74.84833661096071 9.458523381584866
    endloop
  endfacet
  facet normal 0 0.6087614290087252 0.7933533402912316
    outer loop
      vertex 42.6 -74.5645708002852 9.24078221678781
      vertex 47.6 -74.84833661096071 9.458523381584866
      vertex 47.6 -74.5645708002852 9.24078221678781
    endloop
  endfacet
  facet normal 0 0.1305261922200492 0.9914448613738107
    outer loop
      vertex 42.6 -76.84266145473461 10.184398262176156
      vertex 47.6 -76.84266145473461 10.184398262176156
      vertex 47.6 -76.48804247156559 10.137711787350053
    endloop
  endfacet
  facet normal 0 0.043619387365336174 0.9990482215818578
    outer loop
      vertex 42.6 -77.2 10.2
      vertex 47.6 -77.2 10.2
      vertex 47.6 -76.84266145473461 10.184398262176156
    endloop
  endfacet
  facet normal 0 -0.043619387365336174 0.9990482215818578
    outer loop
      vertex 42.6 -77.2 10.2
      vertex 47.6 -77.5573385452654 10.184398262176156
      vertex 47.6 -77.2 10.2
    endloop
  endfacet
  facet normal 0 -0.1305261922200492 0.9914448613738107
    outer loop
      vertex 42.6 -77.91195752843441 10.137711787350053
      vertex 47.6 -77.91195752843441 10.137711787350053
      vertex 47.6 -77.5573385452654 10.184398262176156
    endloop
  endfacet
  facet normal 0 -0.21643961393809877 0.9762960071199343
    outer loop
      vertex 42.6 -77.91195752843441 10.137711787350053
      vertex 47.6 -78.26115808492034 10.06029588778518
      vertex 47.6 -77.91195752843441 10.137711787350053
    endloop
  endfacet
  facet normal 0 -0.3007057995042751 0.9537169507482263
    outer loop
      vertex 42.6 -78.26115808492034 10.06029588778518
      vertex 47.6 -78.60228258763524 9.952739745222225
      vertex 47.6 -78.26115808492034 10.06029588778518
    endloop
  endfacet
  facet normal 0 -0.3826834323650964 0.923879532511284
    outer loop
      vertex 42.6 -78.93273487313687 9.815861926850264
      vertex 47.6 -78.93273487313687 9.815861926850264
      vertex 47.6 -78.60228258763524 9.952739745222225
    endloop
  endfacet
  facet normal 0 -0.46174861323503036 0.8870108331782236
    outer loop
      vertex 42.6 -79.25 9.650704155516198
      vertex 47.6 -79.25 9.650704155516198
      vertex 47.6 -78.93273487313687 9.815861926850264
    endloop
  endfacet
  facet normal 0 -0.5372996083468208 0.8433914458128875
    outer loop
      vertex 42.6 -79.25 9.650704155516198
      vertex 47.6 -79.55166338903929 9.458523381584866
      vertex 47.6 -79.25 9.650704155516198
    endloop
  endfacet
  facet normal -7.632803731659303e-19 0.6755902076156585 0.7372773368101256
    outer loop
      vertex 42.6 -74.5645708002852 9.24078221678781
      vertex 47.6 -74.30086219713516 8.999137802864844
      vertex 42.6 -74.30086219713516 8.999137802864844
    endloop
  endfacet
  facet normal 2.5042835717138795e-18 0.7372773368101184 0.6755902076156663
    outer loop
      vertex 42.6 -74.30086219713516 8.999137802864844
      vertex 47.6 -74.05921778321219 8.73542919971481
      vertex 42.6 -74.05921778321219 8.73542919971481
    endloop
  endfacet
  facet normal -1.0416187486846784e-18 0.7933533402912473 0.6087614290087049
    outer loop
      vertex 42.6 -73.84147661841514 8.451663389039288
      vertex 42.6 -74.05921778321219 8.73542919971481
      vertex 47.6 -74.05921778321219 8.73542919971481
    endloop
  endfacet
  facet normal 0 0.6755902076156585 0.7372773368101256
    outer loop
      vertex 42.6 -74.5645708002852 9.24078221678781
      vertex 47.6 -74.5645708002852 9.24078221678781
      vertex 47.6 -74.30086219713516 8.999137802864844
    endloop
  endfacet
  facet normal 0 0.7372773368101184 0.6755902076156663
    outer loop
      vertex 42.6 -74.30086219713516 8.999137802864844
      vertex 47.6 -74.30086219713516 8.999137802864844
      vertex 47.6 -74.05921778321219 8.73542919971481
    endloop
  endfacet
  facet normal 0 0.7933533402912473 0.6087614290087049
    outer loop
      vertex 42.6 -73.84147661841514 8.451663389039288
      vertex 47.6 -74.05921778321219 8.73542919971481
      vertex 47.6 -73.84147661841514 8.451663389039288
    endloop
  endfacet
  facet normal -1 0 0
    outer loop
      vertex 42.6 -73.84147661841514 8.451663389039288
      vertex 42.6 -73.6492958444838 8.149999999999999
      vertex 42.6 -73.48413807314974 7.832734873136867
    endloop
  endfacet
  facet normal -1 0 0
    outer loop
      vertex 42.6 -74.30086219713516 8.999137802864844
      vertex 42.6 -73.48413807314974 7.832734873136867
      vertex 42.6 -73.11560173782385 6.457338545265398
    endloop
  endfacet
  facet normal -1 0 0
    outer loop
      vertex 42.6 -73.48413807314974 7.832734873136867
      vertex 42.6 -73.34726025477778 7.502282587635241
      vertex 42.6 -73.23970411221482 7.161158084920334
    endloop
  endfacet
  facet normal -1 0 0
    outer loop
      vertex 42.6 -73.48413807314974 7.832734873136867
      vertex 42.6 -73.23970411221482 7.161158084920334
      vertex 42.6 -73.11560173782385 6.457338545265398
    endloop
  endfacet
  facet normal -1 0 0
    outer loop
      vertex 42.6 -73.23970411221482 7.161158084920334
      vertex 42.6 -73.16228821264995 6.811957528434414
      vertex 42.6 -73.11560173782385 6.457338545265398
    endloop
  endfacet
  facet normal -1 0 0
    outer loop
      vertex 42.6 -74.30086219713516 8.999137802864844
      vertex 42.6 -76.67172717282413 7.232884733795812
      vertex 42.6 -76.77247482084292 7.274615775982385
    endloop
  endfacet
  facet normal -1 0 0
    outer loop
      vertex 42.6 -74.30086219713516 8.999137802864844
      vertex 42.6 -76.575 7.182531754730547
      vertex 42.6 -76.67172717282413 7.232884733795812
    endloop
  endfacet
  facet normal -1 0 0
    outer loop
      vertex 42.6 -74.30086219713516 8.999137802864844
      vertex 42.6 -76.48302945456119 7.123940055361239
      vertex 42.6 -76.575 7.182531754730547
    endloop
  endfacet
  facet normal -1 0 0
    outer loop
      vertex 42.6 -74.30086219713516 8.999137802864844
      vertex 42.6 -76.87647619362185 7.307407282861335
      vertex 42.6 -76.98293977791634 7.33100969126526
    endloop
  endfacet
  facet normal -1 0 0
    outer loop
      vertex 42.6 -74.30086219713516 8.999137802864844
      vertex 42.6 -77.09105532156543 7.345243372614681
      vertex 42.6 -77.2 7.35
    endloop
  endfacet
  facet normal -1 0 0
    outer loop
      vertex 42.6 -74.30086219713516 8.999137802864844
      vertex 42.6 -76.98293977791634 7.33100969126526
      vertex 42.6 -77.09105532156543 7.345243372614681
    endloop
  endfacet
  facet normal -1 0 0
    outer loop
      vertex 42.6 -74.30086219713516 8.999137802864844
      vertex 42.6 -76.77247482084292 7.274615775982385
      vertex 42.6 -76.87647619362185 7.307407282861335
    endloop
  endfacet
  facet normal -1 0 0
    outer loop
      vertex 42.6 -74.30086219713516 8.999137802864844
      vertex 42.6 -76.39651548789183 7.057555553898722
      vertex 42.6 -76.48302945456119 7.123940055361239
    endloop
  endfacet
  facet normal -1 0 0
    outer loop
      vertex 42.6 -74.30086219713516 8.999137802864844
      vertex 42.6 -76.31611652351683 6.983883476483184
      vertex 42.6 -76.39651548789183 7.057555553898722
    endloop
  endfacet
  facet normal -1 0 0
    outer loop
      vertex 42.6 -74.30086219713516 8.999137802864844
      vertex 42.6 -76.17605994463877 6.816970545438807
      vertex 42.6 -76.24244444610127 6.903484512108173
    endloop
  endfacet
  facet normal -1 0 0
    outer loop
      vertex 42.6 -74.30086219713516 8.999137802864844
      vertex 42.6 -76.24244444610127 6.903484512108173
      vertex 42.6 -76.31611652351683 6.983883476483184
    endloop
  endfacet
  facet normal -1 0 0
    outer loop
      vertex 42.6 -74.30086219713516 8.999137802864844
      vertex 42.6 -77.2 7.35
      vertex 42.6 -81.05273974522223 7.502282587635241
    endloop
  endfacet
  facet normal -1 0 0
    outer loop
      vertex 42.6 -74.30086219713516 8.999137802864844
      vertex 42.6 -76.11746824526945 6.725
      vertex 42.6 -76.17605994463877 6.816970545438807
    endloop
  endfacet
  facet normal -1 0 0
    outer loop
      vertex 42.6 -74.30086219713516 8.999137802864844
      vertex 42.6 -76.06711526620418 6.6282728271758735
      vertex 42.6 -76.11746824526945 6.725
    endloop
  endfacet
  facet normal -1 0 0
    outer loop
      vertex 42.6 -74.30086219713516 8.999137802864844
      vertex 42.6 -76.02538422401761 6.527525179157085
      vertex 42.6 -76.06711526620418 6.6282728271758735
    endloop
  endfacet
  facet normal -1 0 0
    outer loop
      vertex 42.6 -74.30086219713516 8.999137802864844
      vertex 42.6 -75.99259271713866 6.42352380637815
      vertex 42.6 -76.02538422401761 6.527525179157085
    endloop
  endfacet
  facet normal -1 0 0
    outer loop
      vertex 42.6 -74.30086219713516 8.999137802864844
      vertex 42.6 -75.96899030873475 6.317060222083662
      vertex 42.6 -75.99259271713866 6.42352380637815
    endloop
  endfacet
  facet normal -1 0 0
    outer loop
      vertex 42.6 -74.30086219713516 8.999137802864844
      vertex 42.6 -75.95475662738532 6.208944678434572
      vertex 42.6 -75.96899030873475 6.317060222083662
    endloop
  endfacet
  facet normal -1 0 0
    outer loop
      vertex 42.6 -74.30086219713516 8.999137802864844
      vertex 42.6 -75.95 6.1
      vertex 42.6 -75.95475662738532 6.208944678434572
    endloop
  endfacet
  facet normal -1 0 0
    outer loop
      vertex 42.6 -74.30086219713516 8.999137802864844
      vertex 42.6 -75.95475662738532 5.991055321565427
      vertex 42.6 -75.95 6.1
    endloop
  endfacet
  facet normal -1 0 0
    outer loop
      vertex 42.6 -74.30086219713516 8.999137802864844
      vertex 42.6 -75.96899030873475 5.882939777916336
      vertex 42.6 -75.95475662738532 5.991055321565427
    endloop
  endfacet
  facet normal -1 0 0
    outer loop
      vertex 42.6 -74.30086219713516 8.999137802864844
      vertex 42.6 -75.99259271713866 5.776476193621849
      vertex 42.6 -75.96899030873475 5.882939777916336
    endloop
  endfacet
  facet normal -1 0 0
    outer loop
      vertex 42.6 -81.05273974522223 7.502282587635241
      vertex 42.6 -77.2 7.35
      vertex 42.6 -77.30894467843457 7.345243372614681
    endloop
  endfacet
  facet normal -1 0 0
    outer loop
      vertex 42.6 -81.05273974522223 7.502282587635241
      vertex 42.6 -77.30894467843457 7.345243372614681
      vertex 42.6 -77.41706022208366 7.33100969126526
    endloop
  endfacet
  facet normal -1 0 0
    outer loop
      vertex 42.6 -81.05273974522223 7.502282587635241
      vertex 42.6 -77.41706022208366 7.33100969126526
      vertex 42.6 -77.52352380637815 7.307407282861335
    endloop
  endfacet
  facet normal -1 0 0
    outer loop
      vertex 42.6 -81.05273974522223 7.502282587635241
      vertex 42.6 -77.52352380637815 7.307407282861335
      vertex 42.6 -77.62752517915709 7.274615775982385
    endloop
  endfacet
  facet normal -1 0 0
    outer loop
      vertex 42.6 -81.05273974522223 7.502282587635241
      vertex 42.6 -77.62752517915709 7.274615775982385
      vertex 42.6 -77.72827282717587 7.232884733795812
    endloop
  endfacet
  facet normal -1 0 0
    outer loop
      vertex 42.6 -81.05273974522223 7.502282587635241
      vertex 42.6 -77.72827282717587 7.232884733795812
      vertex 42.6 -77.825 7.182531754730547
    endloop
  endfacet
  facet normal -1 0 0
    outer loop
      vertex 42.6 -81.05273974522223 7.502282587635241
      vertex 42.6 -77.825 7.182531754730547
      vertex 42.6 -77.91697054543882 7.123940055361239
    endloop
  endfacet
  facet normal -1 0 0
    outer loop
      vertex 42.6 -81.05273974522223 7.502282587635241
      vertex 42.6 -77.91697054543882 7.123940055361239
      vertex 42.6 -78.00348451210817 7.057555553898722
    endloop
  endfacet
  facet normal -1 0 0
    outer loop
      vertex 42.6 -81.05273974522223 7.502282587635241
      vertex 42.6 -78.00348451210817 7.057555553898722
      vertex 42.6 -78.08388347648318 6.983883476483184
    endloop
  endfacet
  facet normal -1 0 0
    outer loop
      vertex 42.6 -81.05273974522223 7.502282587635241
      vertex 42.6 -78.08388347648318 6.983883476483184
      vertex 42.6 -78.15755555389873 6.903484512108173
    endloop
  endfacet
  facet normal -1 0 0
    outer loop
      vertex 42.6 -81.05273974522223 7.502282587635241
      vertex 42.6 -78.15755555389873 6.903484512108173
      vertex 42.6 -78.22394005536124 6.816970545438807
    endloop
  endfacet
  facet normal -1 0 0
    outer loop
      vertex 42.6 -81.05273974522223 7.502282587635241
      vertex 42.6 -78.22394005536124 6.816970545438807
      vertex 42.6 -78.28253175473056 6.725
    endloop
  endfacet
  facet normal -1 0 0
    outer loop
      vertex 42.6 -81.05273974522223 7.502282587635241
      vertex 42.6 -78.28253175473056 6.725
      vertex 42.6 -78.33288473379582 6.6282728271758735
    endloop
  endfacet
  facet normal -1 0 0
    outer loop
      vertex 42.6 -81.05273974522223 7.502282587635241
      vertex 42.6 -78.33288473379582 6.6282728271758735
      vertex 42.6 -78.37461577598239 6.527525179157085
    endloop
  endfacet
  facet normal -1 0 0
    outer loop
      vertex 42.6 -81.05273974522223 7.502282587635241
      vertex 42.6 -78.37461577598239 6.527525179157085
      vertex 42.6 -78.40740728286134 6.42352380637815
    endloop
  endfacet
  facet normal -1 0 0
    outer loop
      vertex 42.6 -81.05273974522223 7.502282587635241
      vertex 42.6 -78.40740728286134 6.42352380637815
      vertex 42.6 -78.43100969126526 6.317060222083662
    endloop
  endfacet
  facet normal -1 0 0
    outer loop
      vertex 42.6 -81.05273974522223 7.502282587635241
      vertex 42.6 -78.43100969126526 6.317060222083662
      vertex 42.6 -78.44524337261468 6.208944678434572
    endloop
  endfacet
  facet normal 4.536741375516556e-19 0.843391445812875 0.5372996083468409
    outer loop
      vertex 42.6 -73.84147661841514 8.451663389039288
      vertex 47.6 -73.6492958444838 8.149999999999999
      vertex 42.6 -73.6492958444838 8.149999999999999
    endloop
  endfacet
  facet normal 0 0.8870108331782219 0.4617486132350334
    outer loop
      vertex 42.6 -73.6492958444838 8.149999999999999
      vertex 47.6 -73.6492958444838 8.149999999999999
      vertex 42.6 -73.48413807314974 7.832734873136867
    endloop
  endfacet
  facet normal 1.8702054816806236e-18 0.9238795325112894 0.38268343236508356
    outer loop
      vertex 42.6 -73.48413807314974 7.832734873136867
      vertex 47.6 -73.34726025477778 7.502282587635241
      vertex 42.6 -73.34726025477778 7.502282587635241
    endloop
  endfacet
  facet normal 0 0.843391445812875 0.5372996083468409
    outer loop
      vertex 42.6 -73.84147661841514 8.451663389039288
      vertex 47.6 -73.84147661841514 8.451663389039288
      vertex 47.6 -73.6492958444838 8.149999999999999
    endloop
  endfacet
  facet normal 0 0.8870108331782219 0.4617486132350334
    outer loop
      vertex 42.6 -73.48413807314974 7.832734873136867
      vertex 47.6 -73.6492958444838 8.149999999999999
      vertex 47.6 -73.48413807314974 7.832734873136867
    endloop
  endfacet
  facet normal 0 0.9238795325112894 0.38268343236508356
    outer loop
      vertex 42.6 -73.48413807314974 7.832734873136867
      vertex 47.6 -73.48413807314974 7.832734873136867
      vertex 47.6 -73.34726025477778 7.502282587635241
    endloop
  endfacet
  facet normal 0 0.9537169507482267 0.30070579950427373
    outer loop
      vertex 42.6 -73.34726025477778 7.502282587635241
      vertex 47.6 -73.34726025477778 7.502282587635241
      vertex 42.6 -73.23970411221482 7.161158084920334
    endloop
  endfacet
  facet normal -2.2634730057400764e-19 0.9762960071199357 0.21643961393809247
    outer loop
      vertex 42.6 -73.23970411221482 7.161158084920334
      vertex 47.6 -73.16228821264995 6.811957528434414
      vertex 42.6 -73.16228821264995 6.811957528434414
    endloop
  endfacet
  facet normal 0 0.9914448613738106 0.13052619222005016
    outer loop
      vertex 42.6 -73.16228821264995 6.811957528434414
      vertex 47.6 -73.16228821264995 6.811957528434414
      vertex 42.6 -73.11560173782385 6.457338545265398
    endloop
  endfacet
  facet normal 0 0.9537169507482267 0.30070579950427373
    outer loop
      vertex 42.6 -73.23970411221482 7.161158084920334
      vertex 47.6 -73.34726025477778 7.502282587635241
      vertex 47.6 -73.23970411221482 7.161158084920334
    endloop
  endfacet
  facet normal 0 0.9762960071199357 0.21643961393809247
    outer loop
      vertex 42.6 -73.23970411221482 7.161158084920334
      vertex 47.6 -73.23970411221482 7.161158084920334
      vertex 47.6 -73.16228821264995 6.811957528434414
    endloop
  endfacet
  facet normal -1 0 0
    outer loop
      vertex 42.6 -79.25 9.650704155516198
      vertex 42.6 -79.83542919971481 9.24078221678781
      vertex 42.6 -79.55166338903929 9.458523381584866
    endloop
  endfacet
  facet normal -1 0 0
    outer loop
      vertex 42.6 -77.91195752843441 10.137711787350053
      vertex 42.6 -81.05273974522223 7.502282587635241
      vertex 42.6 -79.83542919971481 9.24078221678781
    endloop
  endfacet
  facet normal -1 0 0
    outer loop
      vertex 42.6 -79.83542919971481 9.24078221678781
      vertex 42.6 -80.55852338158486 8.451663389039288
      vertex 42.6 -80.09913780286485 8.999137802864844
    endloop
  endfacet
  facet normal -1 0 0
    outer loop
      vertex 42.6 -80.09913780286485 8.999137802864844
      vertex 42.6 -80.55852338158486 8.451663389039288
      vertex 42.6 -80.34078221678782 8.73542919971481
    endloop
  endfacet
  facet normal -1.8541335648748197e-19 -0.5372996083468208 0.8433914458128875
    outer loop
      vertex 42.6 -79.25 9.650704155516198
      vertex 42.6 -79.55166338903929 9.458523381584866
      vertex 47.6 -79.55166338903929 9.458523381584866
    endloop
  endfacet
  facet normal 2.0264064446933914e-20 -0.6087614290087252 0.7933533402912316
    outer loop
      vertex 42.6 -79.55166338903929 9.458523381584866
      vertex 42.6 -79.83542919971481 9.24078221678781
      vertex 47.6 -79.83542919971481 9.24078221678781
    endloop
  endfacet
  facet normal 0 -0.6087614290087252 0.7933533402912316
    outer loop
      vertex 42.6 -79.55166338903929 9.458523381584866
      vertex 47.6 -79.83542919971481 9.24078221678781
      vertex 47.6 -79.55166338903929 9.458523381584866
    endloop
  endfacet
  facet normal 7.632803731659303e-19 -0.6755902076156585 0.7372773368101256
    outer loop
      vertex 42.6 -79.83542919971481 9.24078221678781
      vertex 42.6 -80.09913780286485 8.999137802864844
      vertex 47.6 -80.09913780286485 8.999137802864844
    endloop
  endfacet
  facet normal -2.5042835717138795e-18 -0.7372773368101184 0.6755902076156663
    outer loop
      vertex 42.6 -80.09913780286485 8.999137802864844
      vertex 42.6 -80.34078221678782 8.73542919971481
      vertex 47.6 -80.34078221678782 8.73542919971481
    endloop
  endfacet
  facet normal 0 -0.7933533402912473 0.6087614290087049
    outer loop
      vertex 42.6 -80.34078221678782 8.73542919971481
      vertex 42.6 -80.55852338158486 8.451663389039288
      vertex 47.6 -80.34078221678782 8.73542919971481
    endloop
  endfacet
  facet normal 0 -0.6755902076156585 0.7372773368101256
    outer loop
      vertex 42.6 -79.83542919971481 9.24078221678781
      vertex 47.6 -80.09913780286485 8.999137802864844
      vertex 47.6 -79.83542919971481 9.24078221678781
    endloop
  endfacet
  facet normal 0 -0.7372773368101184 0.6755902076156663
    outer loop
      vertex 42.6 -80.09913780286485 8.999137802864844
      vertex 47.6 -80.34078221678782 8.73542919971481
      vertex 47.6 -80.09913780286485 8.999137802864844
    endloop
  endfacet
  facet normal 0 -0.7933533402912473 0.6087614290087049
    outer loop
      vertex 42.6 -80.55852338158486 8.451663389039288
      vertex 47.6 -80.55852338158486 8.451663389039288
      vertex 47.6 -80.34078221678782 8.73542919971481
    endloop
  endfacet
  facet normal -1 0 0
    outer loop
      vertex 42.6 -79.83542919971481 9.24078221678781
      vertex 42.6 -81.05273974522223 7.502282587635241
      vertex 42.6 -80.55852338158486 8.451663389039288
    endloop
  endfacet
  facet normal -1 0 0
    outer loop
      vertex 42.6 -80.55852338158486 8.451663389039288
      vertex 42.6 -81.05273974522223 7.502282587635241
      vertex 42.6 -80.7507041555162 8.149999999999999
    endloop
  endfacet
  facet normal -1 0 0
    outer loop
      vertex 42.6 -80.7507041555162 8.149999999999999
      vertex 42.6 -81.05273974522223 7.502282587635241
      vertex 42.6 -80.91586192685027 7.832734873136867
    endloop
  endfacet
  facet normal -1 0 0
    outer loop
      vertex 42.6 -81.05273974522223 7.502282587635241
      vertex 42.6 -81.23771178735005 6.811957528434414
      vertex 42.6 -81.16029588778518 7.161158084920334
    endloop
  endfacet
  facet normal -1 0 0
    outer loop
      vertex 42.6 -81.05273974522223 7.502282587635241
      vertex 42.6 -81.3 6.1
      vertex 42.6 -81.23771178735005 6.811957528434414
    endloop
  endfacet
  facet normal 0 -0.843391445812875 0.5372996083468409
    outer loop
      vertex 42.6 -80.55852338158486 8.451663389039288
      vertex 42.6 -80.7507041555162 8.149999999999999
      vertex 47.6 -80.55852338158486 8.451663389039288
    endloop
  endfacet
  facet normal 0 -0.8870108331782219 0.4617486132350334
    outer loop
      vertex 42.6 -80.7507041555162 8.149999999999999
      vertex 42.6 -80.91586192685027 7.832734873136867
      vertex 47.6 -80.7507041555162 8.149999999999999
    endloop
  endfacet
  facet normal -1.8702054816806236e-18 -0.9238795325112894 0.38268343236508356
    outer loop
      vertex 42.6 -80.91586192685027 7.832734873136867
      vertex 42.6 -81.05273974522223 7.502282587635241
      vertex 47.6 -81.05273974522223 7.502282587635241
    endloop
  endfacet
  facet normal 0 -0.843391445812875 0.5372996083468409
    outer loop
      vertex 42.6 -80.7507041555162 8.149999999999999
      vertex 47.6 -80.7507041555162 8.149999999999999
      vertex 47.6 -80.55852338158486 8.451663389039288
    endloop
  endfacet
  facet normal 0 -0.8870108331782219 0.4617486132350334
    outer loop
      vertex 42.6 -80.91586192685027 7.832734873136867
      vertex 47.6 -80.91586192685027 7.832734873136867
      vertex 47.6 -80.7507041555162 8.149999999999999
    endloop
  endfacet
  facet normal 0 -0.9238795325112894 0.38268343236508356
    outer loop
      vertex 42.6 -80.91586192685027 7.832734873136867
      vertex 47.6 -81.05273974522223 7.502282587635241
      vertex 47.6 -80.91586192685027 7.832734873136867
    endloop
  endfacet
  facet normal 0 -0.9537169507482267 0.30070579950427373
    outer loop
      vertex 42.6 -81.05273974522223 7.502282587635241
      vertex 42.6 -81.16029588778518 7.161158084920334
      vertex 47.6 -81.05273974522223 7.502282587635241
    endloop
  endfacet
  facet normal 2.2634730057400764e-19 -0.9762960071199357 0.21643961393809247
    outer loop
      vertex 42.6 -81.16029588778518 7.161158084920334
      vertex 42.6 -81.23771178735005 6.811957528434414
      vertex 47.6 -81.23771178735005 6.811957528434414
    endloop
  endfacet
  facet normal 0 -0.9914448613738106 0.13052619222005016
    outer loop
      vertex 42.6 -81.23771178735005 6.811957528434414
      vertex 42.6 -81.28439826217615 6.457338545265398
      vertex 47.6 -81.23771178735005 6.811957528434414
    endloop
  endfacet
  facet normal 0 -0.9537169507482267 0.30070579950427373
    outer loop
      vertex 42.6 -81.16029588778518 7.161158084920334
      vertex 47.6 -81.16029588778518 7.161158084920334
      vertex 47.6 -81.05273974522223 7.502282587635241
    endloop
  endfacet
  facet normal 0 -0.9762960071199357 0.21643961393809247
    outer loop
      vertex 42.6 -81.16029588778518 7.161158084920334
      vertex 47.6 -81.23771178735005 6.811957528434414
      vertex 47.6 -81.16029588778518 7.161158084920334
    endloop
  endfacet
  facet normal 1 0 0
    outer loop
      vertex 47.6 -73.84147661841514 8.451663389039288
      vertex 47.6 -74.05921778321219 8.73542919971481
      vertex 47.6 -73.6492958444838 8.149999999999999
    endloop
  endfacet
  facet normal 1 0 0
    outer loop
      vertex 47.6 -76.48804247156559 10.137711787350053
      vertex 47.6 -76.84266145473461 10.184398262176156
      vertex 47.6 -76.13884191507967 10.06029588778518
    endloop
  endfacet
  facet normal 1 0 0
    outer loop
      vertex 47.6 -76.13884191507967 10.06029588778518
      vertex 47.6 -75.15 9.650704155516198
      vertex 47.6 -75.79771741236476 9.952739745222225
    endloop
  endfacet
  facet normal 1 0 0
    outer loop
      vertex 47.6 -75.79771741236476 9.952739745222225
      vertex 47.6 -75.15 9.650704155516198
      vertex 47.6 -75.46726512686314 9.815861926850264
    endloop
  endfacet
  facet normal 1 0 0
    outer loop
      vertex 47.6 -76.13884191507967 10.06029588778518
      vertex 47.6 -77.5573385452654 10.184398262176156
      vertex 47.6 -75.15 9.650704155516198
    endloop
  endfacet
  facet normal 1 0 0
    outer loop
      vertex 47.6 -75.15 9.650704155516198
      vertex 47.6 -74.5645708002852 9.24078221678781
      vertex 47.6 -74.84833661096071 9.458523381584866
    endloop
  endfacet
  facet normal 1 0 0
    outer loop
      vertex 47.6 -76.13884191507967 10.06029588778518
      vertex 47.6 -76.84266145473461 10.184398262176156
      vertex 47.6 -77.5573385452654 10.184398262176156
    endloop
  endfacet
  facet normal 1 0 0
    outer loop
      vertex 47.6 -76.84266145473461 10.184398262176156
      vertex 47.6 -77.2 10.2
      vertex 47.6 -77.5573385452654 10.184398262176156
    endloop
  endfacet
  facet normal 1 0 0
    outer loop
      vertex 47.6 -77.5573385452654 10.184398262176156
      vertex 47.6 -77.91195752843441 10.137711787350053
      vertex 47.6 -78.26115808492034 10.06029588778518
    endloop
  endfacet
  facet normal 1 0 0
    outer loop
      vertex 47.6 -77.5573385452654 10.184398262176156
      vertex 47.6 -78.26115808492034 10.06029588778518
      vertex 47.6 -78.60228258763524 9.952739745222225
    endloop
  endfacet
  facet normal 1 0 0
    outer loop
      vertex 47.6 -77.5573385452654 10.184398262176156
      vertex 47.6 -78.60228258763524 9.952739745222225
      vertex 47.6 -79.55166338903929 9.458523381584866
    endloop
  endfacet
  facet normal 1 0 0
    outer loop
      vertex 47.6 -78.60228258763524 9.952739745222225
      vertex 47.6 -78.93273487313687 9.815861926850264
      vertex 47.6 -79.55166338903929 9.458523381584866
    endloop
  endfacet
  facet normal 1 0 0
    outer loop
      vertex 47.6 -78.93273487313687 9.815861926850264
      vertex 47.6 -79.25 9.650704155516198
      vertex 47.6 -79.55166338903929 9.458523381584866
    endloop
  endfacet
  facet normal 1 0 0
    outer loop
      vertex 47.6 -75.15 9.650704155516198
      vertex 47.6 -74.05921778321219 8.73542919971481
      vertex 47.6 -74.5645708002852 9.24078221678781
    endloop
  endfacet
  facet normal 1 0 0
    outer loop
      vertex 47.6 -74.5645708002852 9.24078221678781
      vertex 47.6 -74.05921778321219 8.73542919971481
      vertex 47.6 -74.30086219713516 8.999137802864844
    endloop
  endfacet
  facet normal 1 0 0
    outer loop
      vertex 47.6 -75.15 9.650704155516198
      vertex 47.6 -77.5573385452654 10.184398262176156
      vertex 47.6 -73.48413807314974 7.832734873136867
    endloop
  endfacet
  facet normal 1 0 0
    outer loop
      vertex 47.6 -75.15 9.650704155516198
      vertex 47.6 -73.48413807314974 7.832734873136867
      vertex 47.6 -74.05921778321219 8.73542919971481
    endloop
  endfacet
  facet normal 1 0 0
    outer loop
      vertex 47.6 -77.5573385452654 10.184398262176156
      vertex 47.6 -79.55166338903929 9.458523381584866
      vertex 47.6 -81.05273974522223 7.502282587635241
    endloop
  endfacet
  facet normal 1 0 0
    outer loop
      vertex 47.6 -74.05921778321219 8.73542919971481
      vertex 47.6 -73.48413807314974 7.832734873136867
      vertex 47.6 -73.6492958444838 8.149999999999999
    endloop
  endfacet
  facet normal 1 0 0
    outer loop
      vertex 47.6 -73.48413807314974 7.832734873136867
      vertex 47.6 -73.23970411221482 7.161158084920334
      vertex 47.6 -73.34726025477778 7.502282587635241
    endloop
  endfacet
  facet normal 1 0 0
    outer loop
      vertex 47.6 -73.48413807314974 7.832734873136867
      vertex 47.6 -73.11560173782385 6.457338545265398
      vertex 47.6 -73.23970411221482 7.161158084920334
    endloop
  endfacet
  facet normal 1 0 0
    outer loop
      vertex 47.6 -73.23970411221482 7.161158084920334
      vertex 47.6 -73.11560173782385 6.457338545265398
      vertex 47.6 -73.16228821264995 6.811957528434414
    endloop
  endfacet
  facet normal 1 0 0
    outer loop
      vertex 47.6 -77.5573385452654 10.184398262176156
      vertex 47.6 -76.31611652351683 6.983883476483184
      vertex 47.6 -73.48413807314974 7.832734873136867
    endloop
  endfacet
  facet normal 1 0 0
    outer loop
      vertex 47.6 -77.5573385452654 10.184398262176156
      vertex 47.6 -76.98293977791634 7.33100969126526
      vertex 47.6 -76.87647619362185 7.307407282861335
    endloop
  endfacet
  facet normal 1 0 0
    outer loop
      vertex 47.6 -77.5573385452654 10.184398262176156
      vertex 47.6 -77.09105532156543 7.345243372614681
      vertex 47.6 -76.98293977791634 7.33100969126526
    endloop
  endfacet
  facet normal 1 0 0
    outer loop
      vertex 47.6 -77.5573385452654 10.184398262176156
      vertex 47.6 -77.2 7.35
      vertex 47.6 -77.09105532156543 7.345243372614681
    endloop
  endfacet
  facet normal 1 0 0
    outer loop
      vertex 47.6 -77.5573385452654 10.184398262176156
      vertex 47.6 -76.87647619362185 7.307407282861335
      vertex 47.6 -76.77247482084292 7.274615775982385
    endloop
  endfacet
  facet normal 1 0 0
    outer loop
      vertex 47.6 -77.5573385452654 10.184398262176156
      vertex 47.6 -76.77247482084292 7.274615775982385
      vertex 47.6 -76.67172717282413 7.232884733795812
    endloop
  endfacet
  facet normal 1 0 0
    outer loop
      vertex 47.6 -77.5573385452654 10.184398262176156
      vertex 47.6 -77.30894467843457 7.345243372614681
      vertex 47.6 -77.2 7.35
    endloop
  endfacet
  facet normal 1 0 0
    outer loop
      vertex 47.6 -77.5573385452654 10.184398262176156
      vertex 47.6 -77.41706022208366 7.33100969126526
      vertex 47.6 -77.30894467843457 7.345243372614681
    endloop
  endfacet
  facet normal 1 0 0
    outer loop
      vertex 47.6 -77.5573385452654 10.184398262176156
      vertex 47.6 -77.52352380637815 7.307407282861335
      vertex 47.6 -77.41706022208366 7.33100969126526
    endloop
  endfacet
  facet normal 1 0 0
    outer loop
      vertex 47.6 -77.5573385452654 10.184398262176156
      vertex 47.6 -77.62752517915709 7.274615775982385
      vertex 47.6 -77.52352380637815 7.307407282861335
    endloop
  endfacet
  facet normal 1 0 0
    outer loop
      vertex 47.6 -77.5573385452654 10.184398262176156
      vertex 47.6 -77.72827282717587 7.232884733795812
      vertex 47.6 -77.62752517915709 7.274615775982385
    endloop
  endfacet
  facet normal 1 0 0
    outer loop
      vertex 47.6 -77.5573385452654 10.184398262176156
      vertex 47.6 -76.67172717282413 7.232884733795812
      vertex 47.6 -76.575 7.182531754730547
    endloop
  endfacet
  facet normal 1 0 0
    outer loop
      vertex 47.6 -77.5573385452654 10.184398262176156
      vertex 47.6 -76.575 7.182531754730547
      vertex 47.6 -76.48302945456119 7.123940055361239
    endloop
  endfacet
  facet normal 1 0 0
    outer loop
      vertex 47.6 -77.5573385452654 10.184398262176156
      vertex 47.6 -76.48302945456119 7.123940055361239
      vertex 47.6 -76.39651548789183 7.057555553898722
    endloop
  endfacet
  facet normal 1 0 0
    outer loop
      vertex 47.6 -77.5573385452654 10.184398262176156
      vertex 47.6 -76.39651548789183 7.057555553898722
      vertex 47.6 -76.31611652351683 6.983883476483184
    endloop
  endfacet
  facet normal 1 0 0
    outer loop
      vertex 47.6 -77.5573385452654 10.184398262176156
      vertex 47.6 -77.825 7.182531754730547
      vertex 47.6 -77.72827282717587 7.232884733795812
    endloop
  endfacet
  facet normal 1 0 0
    outer loop
      vertex 47.6 -77.5573385452654 10.184398262176156
      vertex 47.6 -77.91697054543882 7.123940055361239
      vertex 47.6 -77.825 7.182531754730547
    endloop
  endfacet
  facet normal 1 0 0
    outer loop
      vertex 47.6 -77.5573385452654 10.184398262176156
      vertex 47.6 -78.00348451210817 7.057555553898722
      vertex 47.6 -77.91697054543882 7.123940055361239
    endloop
  endfacet
  facet normal 1 0 0
    outer loop
      vertex 47.6 -77.5573385452654 10.184398262176156
      vertex 47.6 -78.08388347648318 6.983883476483184
      vertex 47.6 -78.00348451210817 7.057555553898722
    endloop
  endfacet
  facet normal 1 0 0
    outer loop
      vertex 47.6 -77.5573385452654 10.184398262176156
      vertex 47.6 -78.15755555389873 6.903484512108173
      vertex 47.6 -78.08388347648318 6.983883476483184
    endloop
  endfacet
  facet normal 1 0 0
    outer loop
      vertex 47.6 -77.5573385452654 10.184398262176156
      vertex 47.6 -78.22394005536124 6.816970545438807
      vertex 47.6 -78.15755555389873 6.903484512108173
    endloop
  endfacet
  facet normal 1 0 0
    outer loop
      vertex 47.6 -73.48413807314974 7.832734873136867
      vertex 47.6 -76.31611652351683 6.983883476483184
      vertex 47.6 -76.24244444610127 6.903484512108173
    endloop
  endfacet
  facet normal 1 0 0
    outer loop
      vertex 47.6 -73.48413807314974 7.832734873136867
      vertex 47.6 -76.24244444610127 6.903484512108173
      vertex 47.6 -76.17605994463877 6.816970545438807
    endloop
  endfacet
  facet normal 1 0 0
    outer loop
      vertex 47.6 -73.48413807314974 7.832734873136867
      vertex 47.6 -76.17605994463877 6.816970545438807
      vertex 47.6 -76.11746824526945 6.725
    endloop
  endfacet
  facet normal 1 0 0
    outer loop
      vertex 47.6 -73.48413807314974 7.832734873136867
      vertex 47.6 -76.11746824526945 6.725
      vertex 47.6 -76.06711526620418 6.6282728271758735
    endloop
  endfacet
  facet normal 1 0 0
    outer loop
      vertex 47.6 -73.48413807314974 7.832734873136867
      vertex 47.6 -76.06711526620418 6.6282728271758735
      vertex 47.6 -76.02538422401761 6.527525179157085
    endloop
  endfacet
  facet normal 1 0 0
    outer loop
      vertex 47.6 -73.48413807314974 7.832734873136867
      vertex 47.6 -76.02538422401761 6.527525179157085
      vertex 47.6 -75.99259271713866 6.42352380637815
    endloop
  endfacet
  facet normal 1 0 0
    outer loop
      vertex 47.6 -73.48413807314974 7.832734873136867
      vertex 47.6 -75.96899030873475 5.882939777916336
      vertex 47.6 -73.11560173782385 6.457338545265398
    endloop
  endfacet
  facet normal 1 0 0
    outer loop
      vertex 47.6 -73.48413807314974 7.832734873136867
      vertex 47.6 -75.99259271713866 6.42352380637815
      vertex 47.6 -75.96899030873475 6.317060222083662
    endloop
  endfacet
  facet normal 1 0 0
    outer loop
      vertex 47.6 -73.48413807314974 7.832734873136867
      vertex 47.6 -75.96899030873475 6.317060222083662
      vertex 47.6 -75.95475662738532 6.208944678434572
    endloop
  endfacet
  facet normal 1 0 0
    outer loop
      vertex 47.6 -73.48413807314974 7.832734873136867
      vertex 47.6 -75.95475662738532 6.208944678434572
      vertex 47.6 -75.95 6.1
    endloop
  endfacet
  facet normal 1 0 0
    outer loop
      vertex 47.6 -79.55166338903929 9.458523381584866
      vertex 47.6 -79.83542919971481 9.24078221678781
      vertex 47.6 -80.09913780286485 8.999137802864844
    endloop
  endfacet
  facet normal 1 0 0
    outer loop
      vertex 47.6 -79.55166338903929 9.458523381584866
      vertex 47.6 -80.09913780286485 8.999137802864844
      vertex 47.6 -80.55852338158486 8.451663389039288
    endloop
  endfacet
  facet normal 1 0 0
    outer loop
      vertex 47.6 -80.09913780286485 8.999137802864844
      vertex 47.6 -80.34078221678782 8.73542919971481
      vertex 47.6 -80.55852338158486 8.451663389039288
    endloop
  endfacet
  facet normal 1 0 0
    outer loop
      vertex 47.6 -79.55166338903929 9.458523381584866
      vertex 47.6 -80.55852338158486 8.451663389039288
      vertex 47.6 -81.05273974522223 7.502282587635241
    endloop
  endfacet
  facet normal 1 0 0
    outer loop
      vertex 47.6 -80.55852338158486 8.451663389039288
      vertex 47.6 -80.7507041555162 8.149999999999999
      vertex 47.6 -81.05273974522223 7.502282587635241
    endloop
  endfacet
  facet normal 1 0 0
    outer loop
      vertex 47.6 -80.7507041555162 8.149999999999999
      vertex 47.6 -80.91586192685027 7.832734873136867
      vertex 47.6 -81.05273974522223 7.502282587635241
    endloop
  endfacet
  facet normal 1 0 0
    outer loop
      vertex 47.6 -81.05273974522223 7.502282587635241
      vertex 47.6 -81.16029588778518 7.161158084920334
      vertex 47.6 -81.23771178735005 6.811957528434414
    endloop
  endfacet
  facet normal 1 0 0
    outer loop
      vertex 47.6 -81.05273974522223 7.502282587635241
      vertex 47.6 -81.23771178735005 6.811957528434414
      vertex 47.6 -81.3 6.1
    endloop
  endfacet
  facet normal -1 0 0
    outer loop
      vertex 42.6 -74.30086219713516 8.999137802864844
      vertex 42.6 -73.11560173782385 6.457338545265398
      vertex 42.6 -73.10000000000001 2
    endloop
  endfacet
  facet normal -1 0 0
    outer loop
      vertex 42.6 -81.05273974522223 7.502282587635241
      vertex 42.6 -78.44524337261468 6.208944678434572
      vertex 42.6 -78.45 6.1
    endloop
  endfacet
  facet normal -1 0 0
    outer loop
      vertex 42.6 -81.05273974522223 7.502282587635241
      vertex 42.6 -78.45 6.1
      vertex 42.6 -78.44524337261468 5.991055321565427
    endloop
  endfacet
  facet normal -1 0 0
    outer loop
      vertex 42.6 -81.05273974522223 7.502282587635241
      vertex 42.6 -78.44524337261468 5.991055321565427
      vertex 42.6 -78.43100969126526 5.882939777916336
    endloop
  endfacet
  facet normal -1 0 0
    outer loop
      vertex 42.6 -81.05273974522223 7.502282587635241
      vertex 42.6 -78.43100969126526 5.882939777916336
      vertex 42.6 -78.40740728286134 5.776476193621849
    endloop
  endfacet
  facet normal -1 0 0
    outer loop
      vertex 42.6 -81.05273974522223 7.502282587635241
      vertex 42.6 -78.40740728286134 5.776476193621849
      vertex 42.6 -78.37461577598239 5.672474820842914
    endloop
  endfacet
  facet normal -1 0 0
    outer loop
      vertex 42.6 -81.05273974522223 7.502282587635241
      vertex 42.6 -78.37461577598239 5.672474820842914
      vertex 42.6 -78.33288473379582 5.571727172824126
    endloop
  endfacet
  facet normal -1 0 0
    outer loop
      vertex 42.6 -74.30086219713516 8.999137802864844
      vertex 42.6 -73.10000000000001 2
      vertex 42.6 -75.99259271713866 5.776476193621849
    endloop
  endfacet
  facet normal -1 0 0
    outer loop
      vertex 42.6 -81.3 6.1
      vertex 42.6 -78.33288473379582 5.571727172824126
      vertex 42.6 -78.28253175473056 5.475
    endloop
  endfacet
  facet normal -1 0 0
    outer loop
      vertex 42.6 -81.3 6.1
      vertex 42.6 -78.28253175473056 5.475
      vertex 42.6 -78.22394005536124 5.383029454561192
    endloop
  endfacet
  facet normal -1 0 0
    outer loop
      vertex 42.6 -81.3 6.1
      vertex 42.6 -78.22394005536124 5.383029454561192
      vertex 42.6 -78.15755555389873 5.296515487891826
    endloop
  endfacet
  facet normal -1 0 0
    outer loop
      vertex 42.6 -81.3 6.1
      vertex 42.6 -78.15755555389873 5.296515487891826
      vertex 42.6 -78.08388347648318 5.216116523516815
    endloop
  endfacet
  facet normal -1 0 0
    outer loop
      vertex 42.6 -81.3 6.1
      vertex 42.6 -78.08388347648318 5.216116523516815
      vertex 42.6 -78.00348451210817 5.142444446101277
    endloop
  endfacet
  facet normal -1 0 0
    outer loop
      vertex 42.6 -81.3 6.1
      vertex 42.6 -78.00348451210817 5.142444446101277
      vertex 42.6 -77.91697054543882 5.07605994463876
    endloop
  endfacet
  facet normal 0 0.9990482215818577 0.04361938736533541
    outer loop
      vertex 42.6 -73.11560173782385 6.457338545265398
      vertex 47.6 -73.11560173782385 6.457338545265398
      vertex 42.6 -73.10000000000001 6.1
    endloop
  endfacet
  facet normal -8.880875782086093e-19 0.9914448613738106 0.13052619222005016
    outer loop
      vertex 47.6 -73.16228821264995 6.811957528434414
      vertex 47.6 -73.11560173782385 6.457338545265398
      vertex 42.6 -73.11560173782385 6.457338545265398
    endloop
  endfacet
  facet normal 0 0.9990482215818577 0.04361938736533541
    outer loop
      vertex 42.6 -73.10000000000001 6.1
      vertex 47.6 -73.11560173782385 6.457338545265398
      vertex 47.6 -73.10000000000001 6.1
    endloop
  endfacet
  facet normal -1 0 0
    outer loop
      vertex 42.6 -73.11560173782385 6.457338545265398
      vertex 42.6 -73.10000000000001 6.1
      vertex 42.6 -73.10000000000001 2
    endloop
  endfacet
  facet normal -1 0 0
    outer loop
      vertex 42.6 -73.10000000000001 2
      vertex 42.6 -76.02538422401761 5.672474820842914
      vertex 42.6 -75.99259271713866 5.776476193621849
    endloop
  endfacet
  facet normal -1 0 0
    outer loop
      vertex 42.6 -73.10000000000001 2
      vertex 42.6 -76.06711526620418 5.571727172824126
      vertex 42.6 -76.02538422401761 5.672474820842914
    endloop
  endfacet
  facet normal -1 0 0
    outer loop
      vertex 42.6 -73.10000000000001 2
      vertex 42.6 -76.11746824526945 5.475
      vertex 42.6 -76.06711526620418 5.571727172824126
    endloop
  endfacet
  facet normal -1 0 0
    outer loop
      vertex 42.6 -73.10000000000001 2
      vertex 42.6 -76.17605994463877 5.383029454561192
      vertex 42.6 -76.11746824526945 5.475
    endloop
  endfacet
  facet normal -1 0 0
    outer loop
      vertex 42.6 -73.10000000000001 2
      vertex 42.6 -76.24244444610127 5.296515487891826
      vertex 42.6 -76.17605994463877 5.383029454561192
    endloop
  endfacet
  facet normal -1 0 0
    outer loop
      vertex 42.6 -73.10000000000001 2
      vertex 42.6 -76.31611652351683 5.216116523516815
      vertex 42.6 -76.24244444610127 5.296515487891826
    endloop
  endfacet
  facet normal -1 0 0
    outer loop
      vertex 42.6 -73.10000000000001 2
      vertex 42.6 -76.39651548789183 5.142444446101277
      vertex 42.6 -76.31611652351683 5.216116523516815
    endloop
  endfacet
  facet normal -1 0 0
    outer loop
      vertex 42.6 -73.10000000000001 2
      vertex 42.6 -76.48302945456119 5.07605994463876
      vertex 42.6 -76.39651548789183 5.142444446101277
    endloop
  endfacet
  facet normal -1 0 0
    outer loop
      vertex 42.6 -73.10000000000001 2
      vertex 42.6 -76.575 5.017468245269452
      vertex 42.6 -76.48302945456119 5.07605994463876
    endloop
  endfacet
  facet normal -1 0 0
    outer loop
      vertex 42.6 -73.10000000000001 2
      vertex 42.6 -76.67172717282413 4.967115266204187
      vertex 42.6 -76.575 5.017468245269452
    endloop
  endfacet
  facet normal -1 0 0
    outer loop
      vertex 42.6 -73.10000000000001 2
      vertex 42.6 -77.825 5.017468245269452
      vertex 42.6 -77.72827282717587 4.967115266204187
    endloop
  endfacet
  facet normal -1 0 0
    outer loop
      vertex 42.6 -73.10000000000001 2
      vertex 42.6 -77.91697054543882 5.07605994463876
      vertex 42.6 -77.825 5.017468245269452
    endloop
  endfacet
  facet normal -1 0 0
    outer loop
      vertex 42.6 -81.3 6.1
      vertex 42.6 -77.91697054543882 5.07605994463876
      vertex 42.6 -73.10000000000001 2
    endloop
  endfacet
  facet normal -1 0 0
    outer loop
      vertex 42.6 -73.10000000000001 2
      vertex 42.6 -76.77247482084292 4.925384224017614
      vertex 42.6 -76.67172717282413 4.967115266204187
    endloop
  endfacet
  facet normal -1 0 0
    outer loop
      vertex 42.6 -73.10000000000001 2
      vertex 42.6 -76.87647619362185 4.8925927171386645
      vertex 42.6 -76.77247482084292 4.925384224017614
    endloop
  endfacet
  facet normal -1 0 0
    outer loop
      vertex 42.6 -73.10000000000001 2
      vertex 42.6 -76.98293977791634 4.868990308734739
      vertex 42.6 -76.87647619362185 4.8925927171386645
    endloop
  endfacet
  facet normal -1 0 0
    outer loop
      vertex 42.6 -73.10000000000001 2
      vertex 42.6 -77.09105532156543 4.854756627385318
      vertex 42.6 -76.98293977791634 4.868990308734739
    endloop
  endfacet
  facet normal -1 0 0
    outer loop
      vertex 42.6 -73.10000000000001 2
      vertex 42.6 -77.2 4.85
      vertex 42.6 -77.09105532156543 4.854756627385318
    endloop
  endfacet
  facet normal -1 0 0
    outer loop
      vertex 42.6 -73.10000000000001 2
      vertex 42.6 -77.30894467843457 4.854756627385318
      vertex 42.6 -77.2 4.85
    endloop
  endfacet
  facet normal -1 0 0
    outer loop
      vertex 42.6 -73.10000000000001 2
      vertex 42.6 -77.62752517915709 4.925384224017614
      vertex 42.6 -77.52352380637815 4.8925927171386645
    endloop
  endfacet
  facet normal -1 0 0
    outer loop
      vertex 42.6 -73.10000000000001 2
      vertex 42.6 -77.72827282717587 4.967115266204187
      vertex 42.6 -77.62752517915709 4.925384224017614
    endloop
  endfacet
  facet normal -1 0 0
    outer loop
      vertex 42.6 -73.10000000000001 2
      vertex 42.6 -77.52352380637815 4.8925927171386645
      vertex 42.6 -77.41706022208366 4.868990308734739
    endloop
  endfacet
  facet normal -1 0 0
    outer loop
      vertex 42.6 -73.10000000000001 2
      vertex 42.6 -77.41706022208366 4.868990308734739
      vertex 42.6 -77.30894467843457 4.854756627385318
    endloop
  endfacet
  facet normal -1 0 0
    outer loop
      vertex 42.6 -81.3 6.1
      vertex 42.6 -73.10000000000001 2
      vertex 42.6 -81.3 2
    endloop
  endfacet
  facet normal 0 1 0
    outer loop
      vertex 42.6 -73.10000000000001 6.1
      vertex 47.6 -73.10000000000001 6.1
      vertex 47.6 -73.10000000000001 2
    endloop
  endfacet
  facet normal 0 1 0
    outer loop
      vertex 42.6 -73.10000000000001 6.1
      vertex 47.6 -73.10000000000001 2
      vertex 42.6 -73.10000000000001 2
    endloop
  endfacet
  facet normal -1 0 0
    outer loop
      vertex 42.6 -81.05273974522223 7.502282587635241
      vertex 42.6 -78.33288473379582 5.571727172824126
      vertex 42.6 -81.3 6.1
    endloop
  endfacet
  facet normal -1 0 0
    outer loop
      vertex 42.6 -81.23771178735005 6.811957528434414
      vertex 42.6 -81.3 6.1
      vertex 42.6 -81.28439826217615 6.457338545265398
    endloop
  endfacet
  facet normal 1.0302165411944912e-19 -0.9990482215818577 0.04361938736533541
    outer loop
      vertex 42.6 -81.28439826217615 6.457338545265398
      vertex 42.6 -81.3 6.1
      vertex 47.6 -81.3 6.1
    endloop
  endfacet
  facet normal 8.880875782086093e-19 -0.9914448613738106 0.13052619222005016
    outer loop
      vertex 47.6 -81.23771178735005 6.811957528434414
      vertex 42.6 -81.28439826217615 6.457338545265398
      vertex 47.6 -81.28439826217615 6.457338545265398
    endloop
  endfacet
  facet normal 0 -0.9990482215818577 0.04361938736533541
    outer loop
      vertex 42.6 -81.28439826217615 6.457338545265398
      vertex 47.6 -81.3 6.1
      vertex 47.6 -81.28439826217615 6.457338545265398
    endloop
  endfacet
  facet normal 0 -1 0
    outer loop
      vertex 42.6 -81.3 6.1
      vertex 42.6 -81.3 2
      vertex 47.6 -81.3 6.1
    endloop
  endfacet
  facet normal 0 -1 0
    outer loop
      vertex 47.6 -81.3 6.1
      vertex 42.6 -81.3 2
      vertex 47.6 -81.3 2
    endloop
  endfacet
  facet normal 1 0 0
    outer loop
      vertex 47.6 -73.48413807314974 7.832734873136867
      vertex 47.6 -75.95 6.1
      vertex 47.6 -75.95475662738532 5.991055321565427
    endloop
  endfacet
  facet normal 1 0 0
    outer loop
      vertex 47.6 -73.48413807314974 7.832734873136867
      vertex 47.6 -75.95475662738532 5.991055321565427
      vertex 47.6 -75.96899030873475 5.882939777916336
    endloop
  endfacet
  facet normal 1 0 0
    outer loop
      vertex 47.6 -73.11560173782385 6.457338545265398
      vertex 47.6 -75.96899030873475 5.882939777916336
      vertex 47.6 -75.99259271713866 5.776476193621849
    endloop
  endfacet
  facet normal 1 0 0
    outer loop
      vertex 47.6 -73.11560173782385 6.457338545265398
      vertex 47.6 -75.99259271713866 5.776476193621849
      vertex 47.6 -76.02538422401761 5.672474820842914
    endloop
  endfacet
  facet normal 1 0 0
    outer loop
      vertex 47.6 -73.11560173782385 6.457338545265398
      vertex 47.6 -76.02538422401761 5.672474820842914
      vertex 47.6 -76.06711526620418 5.571727172824126
    endloop
  endfacet
  facet normal 1 0 0
    outer loop
      vertex 47.6 -73.11560173782385 6.457338545265398
      vertex 47.6 -76.06711526620418 5.571727172824126
      vertex 47.6 -76.11746824526945 5.475
    endloop
  endfacet
  facet normal 1 0 0
    outer loop
      vertex 47.6 -73.11560173782385 6.457338545265398
      vertex 47.6 -76.11746824526945 5.475
      vertex 47.6 -76.17605994463877 5.383029454561192
    endloop
  endfacet
  facet normal 1 0 0
    outer loop
      vertex 47.6 -77.5573385452654 10.184398262176156
      vertex 47.6 -81.3 2
      vertex 47.6 -78.22394005536124 6.816970545438807
    endloop
  endfacet
  facet normal 1 0 0
    outer loop
      vertex 47.6 -73.11560173782385 6.457338545265398
      vertex 47.6 -76.17605994463877 5.383029454561192
      vertex 47.6 -76.24244444610127 5.296515487891826
    endloop
  endfacet
  facet normal 1 0 0
    outer loop
      vertex 47.6 -73.11560173782385 6.457338545265398
      vertex 47.6 -76.24244444610127 5.296515487891826
      vertex 47.6 -76.31611652351683 5.216116523516815
    endloop
  endfacet
  facet normal 1 0 0
    outer loop
      vertex 47.6 -73.11560173782385 6.457338545265398
      vertex 47.6 -76.31611652351683 5.216116523516815
      vertex 47.6 -76.39651548789183 5.142444446101277
    endloop
  endfacet
  facet normal 1 0 0
    outer loop
      vertex 47.6 -73.11560173782385 6.457338545265398
      vertex 47.6 -76.39651548789183 5.142444446101277
      vertex 47.6 -76.48302945456119 5.07605994463876
    endloop
  endfacet
  facet normal 1 0 0
    outer loop
      vertex 47.6 -81.3 2
      vertex 47.6 -78.28253175473056 6.725
      vertex 47.6 -78.22394005536124 6.816970545438807
    endloop
  endfacet
  facet normal 1 0 0
    outer loop
      vertex 47.6 -81.3 2
      vertex 47.6 -78.33288473379582 6.6282728271758735
      vertex 47.6 -78.28253175473056 6.725
    endloop
  endfacet
  facet normal 1 0 0
    outer loop
      vertex 47.6 -81.3 2
      vertex 47.6 -78.37461577598239 6.527525179157085
      vertex 47.6 -78.33288473379582 6.6282728271758735
    endloop
  endfacet
  facet normal 1 0 0
    outer loop
      vertex 47.6 -81.3 2
      vertex 47.6 -78.40740728286134 6.42352380637815
      vertex 47.6 -78.37461577598239 6.527525179157085
    endloop
  endfacet
  facet normal 1 0 0
    outer loop
      vertex 47.6 -81.3 2
      vertex 47.6 -78.43100969126526 6.317060222083662
      vertex 47.6 -78.40740728286134 6.42352380637815
    endloop
  endfacet
  facet normal 1 0 0
    outer loop
      vertex 47.6 -73.11560173782385 6.457338545265398
      vertex 47.6 -81.3 2
      vertex 47.6 -73.10000000000001 6.1
    endloop
  endfacet
  facet normal 1 0 0
    outer loop
      vertex 47.6 -73.11560173782385 6.457338545265398
      vertex 47.6 -76.48302945456119 5.07605994463876
      vertex 47.6 -81.3 2
    endloop
  endfacet
  facet normal 1 0 0
    outer loop
      vertex 47.6 -81.3 2
      vertex 47.6 -78.44524337261468 6.208944678434572
      vertex 47.6 -78.43100969126526 6.317060222083662
    endloop
  endfacet
  facet normal 1 0 0
    outer loop
      vertex 47.6 -81.3 2
      vertex 47.6 -78.45 6.1
      vertex 47.6 -78.44524337261468 6.208944678434572
    endloop
  endfacet
  facet normal 1 0 0
    outer loop
      vertex 47.6 -81.3 2
      vertex 47.6 -78.44524337261468 5.991055321565427
      vertex 47.6 -78.45 6.1
    endloop
  endfacet
  facet normal 1 0 0
    outer loop
      vertex 47.6 -81.3 2
      vertex 47.6 -78.43100969126526 5.882939777916336
      vertex 47.6 -78.44524337261468 5.991055321565427
    endloop
  endfacet
  facet normal 1 0 0
    outer loop
      vertex 47.6 -81.3 2
      vertex 47.6 -78.40740728286134 5.776476193621849
      vertex 47.6 -78.43100969126526 5.882939777916336
    endloop
  endfacet
  facet normal 1 0 0
    outer loop
      vertex 47.6 -81.3 2
      vertex 47.6 -78.37461577598239 5.672474820842914
      vertex 47.6 -78.40740728286134 5.776476193621849
    endloop
  endfacet
  facet normal 1 0 0
    outer loop
      vertex 47.6 -81.3 2
      vertex 47.6 -78.33288473379582 5.571727172824126
      vertex 47.6 -78.37461577598239 5.672474820842914
    endloop
  endfacet
  facet normal 1 0 0
    outer loop
      vertex 47.6 -81.3 2
      vertex 47.6 -78.28253175473056 5.475
      vertex 47.6 -78.33288473379582 5.571727172824126
    endloop
  endfacet
  facet normal 1 0 0
    outer loop
      vertex 47.6 -81.3 2
      vertex 47.6 -78.22394005536124 5.383029454561192
      vertex 47.6 -78.28253175473056 5.475
    endloop
  endfacet
  facet normal 1 0 0
    outer loop
      vertex 47.6 -81.3 2
      vertex 47.6 -78.15755555389873 5.296515487891826
      vertex 47.6 -78.22394005536124 5.383029454561192
    endloop
  endfacet
  facet normal 1 0 0
    outer loop
      vertex 47.6 -81.3 2
      vertex 47.6 -76.48302945456119 5.07605994463876
      vertex 47.6 -76.575 5.017468245269452
    endloop
  endfacet
  facet normal 1 0 0
    outer loop
      vertex 47.6 -81.3 2
      vertex 47.6 -76.575 5.017468245269452
      vertex 47.6 -76.67172717282413 4.967115266204187
    endloop
  endfacet
  facet normal 1 0 0
    outer loop
      vertex 47.6 -81.3 2
      vertex 47.6 -78.08388347648318 5.216116523516815
      vertex 47.6 -78.15755555389873 5.296515487891826
    endloop
  endfacet
  facet normal 1 0 0
    outer loop
      vertex 47.6 -81.3 2
      vertex 47.6 -78.00348451210817 5.142444446101277
      vertex 47.6 -78.08388347648318 5.216116523516815
    endloop
  endfacet
  facet normal 1 0 0
    outer loop
      vertex 47.6 -81.3 2
      vertex 47.6 -77.825 5.017468245269452
      vertex 47.6 -77.91697054543882 5.07605994463876
    endloop
  endfacet
  facet normal 1 0 0
    outer loop
      vertex 47.6 -81.3 2
      vertex 47.6 -77.72827282717587 4.967115266204187
      vertex 47.6 -77.825 5.017468245269452
    endloop
  endfacet
  facet normal 1 0 0
    outer loop
      vertex 47.6 -81.3 2
      vertex 47.6 -77.91697054543882 5.07605994463876
      vertex 47.6 -78.00348451210817 5.142444446101277
    endloop
  endfacet
  facet normal 1 0 0
    outer loop
      vertex 47.6 -73.10000000000001 6.1
      vertex 47.6 -81.3 2
      vertex 47.6 -73.10000000000001 2
    endloop
  endfacet
  facet normal 1 0 0
    outer loop
      vertex 47.6 -81.3 2
      vertex 47.6 -76.67172717282413 4.967115266204187
      vertex 47.6 -76.77247482084292 4.925384224017614
    endloop
  endfacet
  facet normal 1 0 0
    outer loop
      vertex 47.6 -81.3 2
      vertex 47.6 -76.77247482084292 4.925384224017614
      vertex 47.6 -76.87647619362185 4.8925927171386645
    endloop
  endfacet
  facet normal 1 0 0
    outer loop
      vertex 47.6 -81.3 2
      vertex 47.6 -76.87647619362185 4.8925927171386645
      vertex 47.6 -76.98293977791634 4.868990308734739
    endloop
  endfacet
  facet normal 1 0 0
    outer loop
      vertex 47.6 -81.3 2
      vertex 47.6 -76.98293977791634 4.868990308734739
      vertex 47.6 -77.09105532156543 4.854756627385318
    endloop
  endfacet
  facet normal 1 0 0
    outer loop
      vertex 47.6 -81.3 2
      vertex 47.6 -77.09105532156543 4.854756627385318
      vertex 47.6 -77.2 4.85
    endloop
  endfacet
  facet normal 1 0 0
    outer loop
      vertex 47.6 -81.3 2
      vertex 47.6 -77.30894467843457 4.854756627385318
      vertex 47.6 -77.41706022208366 4.868990308734739
    endloop
  endfacet
  facet normal 1 0 0
    outer loop
      vertex 47.6 -81.3 2
      vertex 47.6 -77.2 4.85
      vertex 47.6 -77.30894467843457 4.854756627385318
    endloop
  endfacet
  facet normal 1 0 0
    outer loop
      vertex 47.6 -81.3 2
      vertex 47.6 -77.52352380637815 4.8925927171386645
      vertex 47.6 -77.62752517915709 4.925384224017614
    endloop
  endfacet
  facet normal 1 0 0
    outer loop
      vertex 47.6 -81.3 2
      vertex 47.6 -77.62752517915709 4.925384224017614
      vertex 47.6 -77.72827282717587 4.967115266204187
    endloop
  endfacet
  facet normal 1 0 0
    outer loop
      vertex 47.6 -81.3 2
      vertex 47.6 -77.41706022208366 4.868990308734739
      vertex 47.6 -77.52352380637815 4.8925927171386645
    endloop
  endfacet
  facet normal 1 0 0
    outer loop
      vertex 47.6 -77.5573385452654 10.184398262176156
      vertex 47.6 -81.05273974522223 7.502282587635241
      vertex 47.6 -81.3 2
    endloop
  endfacet
  facet normal 1 0 0
    outer loop
      vertex 47.6 -81.23771178735005 6.811957528434414
      vertex 47.6 -81.28439826217615 6.457338545265398
      vertex 47.6 -81.3 6.1
    endloop
  endfacet
  facet normal 1 0 0
    outer loop
      vertex 47.6 -81.05273974522223 7.502282587635241
      vertex 47.6 -81.3 6.1
      vertex 47.6 -81.3 2
    endloop
  endfacet
  facet normal 0 0 1
    outer loop
      vertex 3.442543865740299 -4.279270693659782 0.010000000000000009
      vertex 3.945782036483288 -4.825582451988011 0.010000000000000009
      vertex 3.6018666714429854 -4.0716371685266495 0.010000000000000009
    endloop
  endfacet
  facet normal 0 0 1
    outer loop
      vertex 3.6018666714429854 -4.0716371685266495 0.010000000000000009
      vertex 4.137821132652461 -4.5759991775825615 0.010000000000000009
      vertex 3.7786796554923057 -3.8786796554923058 0.010000000000000009
    endloop
  endfacet
  facet normal 0 0 1
    outer loop
      vertex 3.9716371685266494 -3.7018666714429855 0.010000000000000009
      vertex 3.7786796554923057 -3.8786796554923058 0.010000000000000009
      vertex 4.347344523165375 -4.347344523165375 0.010000000000000009
    endloop
  endfacet
  facet normal 0 0 1
    outer loop
      vertex 3.6018666714429854 -4.0716371685266495 0.010000000000000009
      vertex 4.134579561240971 -4.579536732062698 0.010000000000000009
      vertex 4.137821132652461 -4.5759991775825615 0.010000000000000009
    endloop
  endfacet
  facet normal 0 0 1
    outer loop
      vertex 3.7786796554923057 -3.8786796554923058 0.010000000000000009
      vertex 4.137821132652461 -4.5759991775825615 0.010000000000000009
      vertex 4.347344523165375 -4.347344523165375 0.010000000000000009
    endloop
  endfacet
  facet normal 0 0 1
    outer loop
      vertex 3.080922135710716 -4.9739395678043365 0.010000000000000009
      vertex 3.6282288929075 -5.3743480798415835 0.010000000000000009
      vertex 3.1810766398906707 -4.732145212590694 0.010000000000000009
    endloop
  endfacet
  facet normal 0 0 1
    outer loop
      vertex 2.9455767437815665 -5.479055464267731 0.010000000000000009
      vertex 2.9114159062504767 -5.7385327741503716 0.010000000000000009
      vertex 3.4130077711865305 -5.9656632494740185 0.010000000000000009
    endloop
  endfacet
  facet normal 0 0 1
    outer loop
      vertex 2.9455767437815665 -5.479055464267731 0.010000000000000009
      vertex 3.509545805454254 -5.660874384883791 0.010000000000000009
      vertex 3.0022225245833396 -5.223542861640453 0.010000000000000009
    endloop
  endfacet
  facet normal 0 0 1
    outer loop
      vertex 3.080922135710716 -4.9739395678043365 0.010000000000000009
      vertex 3.0022225245833396 -5.223542861640453 0.010000000000000009
      vertex 3.6282288929075 -5.3743480798415835 0.010000000000000009
    endloop
  endfacet
  facet normal 0 0 1
    outer loop
      vertex 2.9455767437815665 -5.479055464267731 0.010000000000000009
      vertex 3.4130077711865305 -5.9656632494740185 0.010000000000000009
      vertex 3.506266813315451 -5.669883341863751 0.010000000000000009
    endloop
  endfacet
  facet normal 0 0 1
    outer loop
      vertex 2.9114159062504767 -5.7385327741503716 0.010000000000000009
      vertex 2.9 -6 0.010000000000000009
      vertex 3.34588251799345 -6.2684456821158525 0.010000000000000009
    endloop
  endfacet
  facet normal 0 0 1
    outer loop
      vertex 2.9 -6 0.010000000000000009
      vertex 3.344844012018293 -6.273130079787224 0.010000000000000009
      vertex 3.34588251799345 -6.2684456821158525 0.010000000000000009
    endloop
  endfacet
  facet normal 0 0 1
    outer loop
      vertex 2.9 -6 0.010000000000000009
      vertex 3.3442177299968896 -6.277887163739651 0.010000000000000009
      vertex 3.344844012018293 -6.273130079787224 0.010000000000000009
    endloop
  endfacet
  facet normal 0 0 1
    outer loop
      vertex 2.9114159062504767 -5.7385327741503716 0.010000000000000009
      vertex 3.34588251799345 -6.2684456821158525 0.010000000000000009
      vertex 3.4130077711865305 -5.9656632494740185 0.010000000000000009
    endloop
  endfacet
  facet normal 0 0 1
    outer loop
      vertex 2.9 -6 0.010000000000000009
      vertex 3.3037371448799964 -6.585367768593132 0.010000000000000009
      vertex 3.3442177299968896 -6.277887163739651 0.010000000000000009
    endloop
  endfacet
  facet normal 0 0 1
    outer loop
      vertex 2.9 -6 0.010000000000000009
      vertex 3.2902092915587127 -6.895206435639411 0.010000000000000009
      vertex 3.3037371448799964 -6.585367768593132 0.010000000000000009
    endloop
  endfacet
  facet normal 0 0 1
    outer loop
      vertex 2.9 -6 0.010000000000000009
      vertex 3.2899999999999996 -6.900000001452863 0.010000000000000009
      vertex 3.2902092915587127 -6.895206435639411 0.010000000000000009
    endloop
  endfacet
  facet normal 0 0 1
    outer loop
      vertex 3.1810766398906707 -4.732145212590694 0.010000000000000009
      vertex 3.7762263249233365 -5.090953300390392 0.010000000000000009
      vertex 3.3019237905740737 -4.5 0.010000000000000009
    endloop
  endfacet
  facet normal 0 0 1
    outer loop
      vertex 3.442543865740299 -4.279270693659782 0.010000000000000009
      vertex 3.3019237905740737 -4.5 0.010000000000000009
      vertex 3.945782036483288 -4.825582451988011 0.010000000000000009
    endloop
  endfacet
  facet normal 0 0 1
    outer loop
      vertex 3.3019237905740737 -4.5 0.010000000000000009
      vertex 3.7762263249233365 -5.090953300390392 0.010000000000000009
      vertex 3.9428611184097826 -4.8293890664912755 0.010000000000000009
    endloop
  endfacet
  facet normal 0 0 1
    outer loop
      vertex 3.1810766398906707 -4.732145212590694 0.010000000000000009
      vertex 3.7736482902057467 -5.09500000435859 0.010000000000000009
      vertex 3.7762263249233365 -5.090953300390392 0.010000000000000009
    endloop
  endfacet
  facet normal 0 0 1
    outer loop
      vertex 3.1810766398906707 -4.732145212590694 0.010000000000000009
      vertex 3.771432759109884 -5.099255999978632 0.010000000000000009
      vertex 3.7736482902057467 -5.09500000435859 0.010000000000000009
    endloop
  endfacet
  facet normal 0 0 1
    outer loop
      vertex 3.1810766398906707 -4.732145212590694 0.010000000000000009
      vertex 3.6282288929075 -5.3743480798415835 0.010000000000000009
      vertex 3.771432759109884 -5.099255999978632 0.010000000000000009
    endloop
  endfacet
  facet normal 0 0 1
    outer loop
      vertex 3.0022225245833396 -5.223542861640453 0.010000000000000009
      vertex 3.509545805454254 -5.660874384883791 0.010000000000000009
      vertex 3.6282288929075 -5.3743480798415835 0.010000000000000009
    endloop
  endfacet
  facet normal 0 0 1
    outer loop
      vertex 2.9455767437815665 -5.479055464267731 0.010000000000000009
      vertex 3.5077096395753324 -5.665307281408459 0.010000000000000009
      vertex 3.509545805454254 -5.660874384883791 0.010000000000000009
    endloop
  endfacet
  facet normal 0 0 1
    outer loop
      vertex 2.9455767437815665 -5.479055464267731 0.010000000000000009
      vertex 3.506266813315451 -5.669883341863751 0.010000000000000009
      vertex 3.5077096395753324 -5.665307281408459 0.010000000000000009
    endloop
  endfacet
  facet normal 0 0 1
    outer loop
      vertex 3.3019237905740737 -4.5 0.010000000000000009
      vertex 3.9428611184097826 -4.8293890664912755 0.010000000000000009
      vertex 3.945782036483288 -4.825582451988011 0.010000000000000009
    endloop
  endfacet
  facet normal 0 0 1
    outer loop
      vertex 3.6018666714429854 -4.0716371685266495 0.010000000000000009
      vertex 3.945782036483288 -4.825582451988011 0.010000000000000009
      vertex 4.134579561240971 -4.579536732062698 0.010000000000000009
    endloop
  endfacet
  facet normal 0 0 1
    outer loop
      vertex 4.179270693659783 -3.5425438657402992 0.010000000000000009
      vertex 4.579536732062698 -4.134579561240971 0.010000000000000009
      vertex 4.4 -3.401923790574074 0.010000000000000009
    endloop
  endfacet
  facet normal 0 0 1
    outer loop
      vertex 3.9716371685266494 -3.7018666714429855 0.010000000000000009
      vertex 4.347344523165375 -4.347344523165375 0.010000000000000009
      vertex 4.179270693659783 -3.5425438657402992 0.010000000000000009
    endloop
  endfacet
  facet normal 0 0 1
    outer loop
      vertex 4.179270693659783 -3.5425438657402992 0.010000000000000009
      vertex 4.347344523165375 -4.347344523165375 0.010000000000000009
      vertex 4.5759991775825615 -4.137821132652461 0.010000000000000009
    endloop
  endfacet
  facet normal 0 0 1
    outer loop
      vertex 4.179270693659783 -3.5425438657402992 0.010000000000000009
      vertex 4.5759991775825615 -4.137821132652461 0.010000000000000009
      vertex 4.579536732062698 -4.134579561240971 0.010000000000000009
    endloop
  endfacet
  facet normal 0 0 1
    outer loop
      vertex 4.4 -3.401923790574074 0.010000000000000009
      vertex 4.8293890664912755 -3.9428611184097826 0.010000000000000009
      vertex 4.632145212590695 -3.2810766398906708 0.010000000000000009
    endloop
  endfacet
  facet normal 0 0 1
    outer loop
      vertex 4.4 -3.401923790574074 0.010000000000000009
      vertex 4.825582451988011 -3.945782036483288 0.010000000000000009
      vertex 4.8293890664912755 -3.9428611184097826 0.010000000000000009
    endloop
  endfacet
  facet normal 0 0 1
    outer loop
      vertex 4.632145212590695 -3.2810766398906708 0.010000000000000009
      vertex 4.8293890664912755 -3.9428611184097826 0.010000000000000009
      vertex 4.873939567804337 -3.1809221357107162 0.010000000000000009
    endloop
  endfacet
  facet normal 0 0 1
    outer loop
      vertex 4.4 -3.401923790574074 0.010000000000000009
      vertex 4.579536732062698 -4.134579561240971 0.010000000000000009
      vertex 4.825582451988011 -3.945782036483288 0.010000000000000009
    endloop
  endfacet
  facet normal 0 0 1
    outer loop
      vertex 4.873939567804337 -3.1809221357107162 0.010000000000000009
      vertex 5.099255999978632 -3.771432759109884 0.010000000000000009
      vertex 5.123542861640454 -3.1022225245833397 0.010000000000000009
    endloop
  endfacet
  facet normal 0 0 1
    outer loop
      vertex 4.873939567804337 -3.1809221357107162 0.010000000000000009
      vertex 4.8293890664912755 -3.9428611184097826 0.010000000000000009
      vertex 5.090953300390392 -3.7762263249233365 0.010000000000000009
    endloop
  endfacet
  facet normal 0 0 1
    outer loop
      vertex 4.873939567804337 -3.1809221357107162 0.010000000000000009
      vertex 5.090953300390392 -3.7762263249233365 0.010000000000000009
      vertex 5.09500000435859 -3.7736482902057467 0.010000000000000009
    endloop
  endfacet
  facet normal 0 0 1
    outer loop
      vertex 4.873939567804337 -3.1809221357107162 0.010000000000000009
      vertex 5.09500000435859 -3.7736482902057467 0.010000000000000009
      vertex 5.099255999978632 -3.771432759109884 0.010000000000000009
    endloop
  endfacet
  facet normal 0 0 1
    outer loop
      vertex 5.379055464267731 -3.0455767437815666 0.010000000000000009
      vertex 5.123542861640454 -3.1022225245833397 0.010000000000000009
      vertex 5.3743480798415835 -3.6282288929075 0.010000000000000009
    endloop
  endfacet
  facet normal 0 0 1
    outer loop
      vertex 5.099255999978632 -3.771432759109884 0.010000000000000009
      vertex 5.3743480798415835 -3.6282288929075 0.010000000000000009
      vertex 5.123542861640454 -3.1022225245833397 0.010000000000000009
    endloop
  endfacet
  facet normal 0 0 1
    outer loop
      vertex 5.379055464267731 -3.0455767437815666 0.010000000000000009
      vertex 5.3743480798415835 -3.6282288929075 0.010000000000000009
      vertex 5.638532774150372 -3.011415906250477 0.010000000000000009
    endloop
  endfacet
  facet normal 0 0 1
    outer loop
      vertex 5.638532774150372 -3.011415906250477 0.010000000000000009
      vertex 5.3743480798415835 -3.6282288929075 0.010000000000000009
      vertex 5.660874384883791 -3.509545805454254 0.010000000000000009
    endloop
  endfacet
  facet normal 0 0 1
    outer loop
      vertex 5.638532774150372 -3.011415906250477 0.010000000000000009
      vertex 5.660874384883791 -3.509545805454254 0.010000000000000009
      vertex 5.665307281408459 -3.507709639575332 0.010000000000000009
    endloop
  endfacet
  facet normal 0 0 1
    outer loop
      vertex 5.638532774150372 -3.011415906250477 0.010000000000000009
      vertex 5.665307281408459 -3.507709639575332 0.010000000000000009
      vertex 5.669883341863751 -3.506266813315451 0.010000000000000009
    endloop
  endfacet
  facet normal 0 0 1
    outer loop
      vertex 5.638532774150372 -3.011415906250477 0.010000000000000009
      vertex 5.669883341863751 -3.506266813315451 0.010000000000000009
      vertex 5.9 -3 0.010000000000000009
    endloop
  endfacet
  facet normal 0 0 1
    outer loop
      vertex 5.669883341863751 -3.506266813315451 0.010000000000000009
      vertex 5.9656632494740185 -3.4130077711865305 0.010000000000000009
      vertex 5.9 -3 0.010000000000000009
    endloop
  endfacet
  facet normal 0 0 1
    outer loop
      vertex 5.9 -3 0.010000000000000009
      vertex 5.9656632494740185 -3.4130077711865305 0.010000000000000009
      vertex 6.2684456821158525 -3.34588251799345 0.010000000000000009
    endloop
  endfacet
  facet normal 0 0 1
    outer loop
      vertex 5.9 -3 0.010000000000000009
      vertex 6.2684456821158525 -3.34588251799345 0.010000000000000009
      vertex 6.273130079787224 -3.344844012018293 0.010000000000000009
    endloop
  endfacet
  facet normal 0 0 1
    outer loop
      vertex 5.9 -3 0.010000000000000009
      vertex 6.273130079787224 -3.344844012018293 0.010000000000000009
      vertex 6.277887163739651 -3.3442177299968896 0.010000000000000009
    endloop
  endfacet
  facet normal 0 0 1
    outer loop
      vertex 5.9 -3 0.010000000000000009
      vertex 6.277887163739651 -3.3442177299968896 0.010000000000000009
      vertex 6.585367768593132 -3.303737144879997 0.010000000000000009
    endloop
  endfacet
  facet normal 0 0 1
    outer loop
      vertex 5.9 -3 0.010000000000000009
      vertex 6.585367768593132 -3.303737144879997 0.010000000000000009
      vertex 6.895206435639411 -3.2902092915587127 0.010000000000000009
    endloop
  endfacet
  facet normal 0 0 1
    outer loop
      vertex 5.9 -3 0.010000000000000009
      vertex 6.895206435639411 -3.2902092915587127 0.010000000000000009
      vertex 6.900000001452863 -3.29 0.010000000000000009
    endloop
  endfacet
  facet normal -0.8433914485690289 0.5372996040205454 0
    outer loop
      vertex 3.442543865740299 -4.279270693659782 0.010000000000000009
      vertex 3.3019237905740737 -4.5 -3.99
      vertex 3.3019237905740737 -4.5 0.010000000000000009
    endloop
  endfacet
  facet normal -0.7933533435043424 0.6087614248213178 0
    outer loop
      vertex 3.442543865740299 -4.279270693659782 0.010000000000000009
      vertex 3.6018666714429854 -4.0716371685266495 0.010000000000000009
      vertex 3.442543865740299 -4.279270693659782 -3.99
    endloop
  endfacet
  facet normal -0.7372773375807703 0.6755902067746475 0
    outer loop
      vertex 3.6018666714429854 -4.0716371685266495 0.010000000000000009
      vertex 3.7786796554923057 -3.8786796554923058 0.010000000000000009
      vertex 3.6018666714429854 -4.0716371685266495 -3.99
    endloop
  endfacet
  facet normal -0.6087614248213168 0.793353343504343 0
    outer loop
      vertex 3.9716371685266494 -3.7018666714429855 0.010000000000000009
      vertex 4.179270693659783 -3.5425438657402992 0.010000000000000009
      vertex 3.9716371685266494 -3.7018666714429855 -3.99
    endloop
  endfacet
  facet normal -0.6755902067746475 0.7372773375807703 0
    outer loop
      vertex 3.9716371685266494 -3.7018666714429855 0.010000000000000009
      vertex 3.7786796554923057 -3.8786796554923058 -3.99
      vertex 3.7786796554923057 -3.8786796554923058 0.010000000000000009
    endloop
  endfacet
  facet normal -0.9537169563580069 0.3007057817123236 0
    outer loop
      vertex 3.080922135710716 -4.9739395678043365 0.010000000000000009
      vertex 3.0022225245833396 -5.223542861640453 -3.99
      vertex 3.0022225245833396 -5.223542861640453 0.010000000000000009
    endloop
  endfacet
  facet normal -0.8870108299460169 0.46174861944404144 0
    outer loop
      vertex 3.1810766398906707 -4.732145212590694 0.010000000000000009
      vertex 3.3019237905740737 -4.5 0.010000000000000009
      vertex 3.1810766398906707 -4.732145212590694 -3.99
    endloop
  endfacet
  facet normal -0.9238795285325985 0.38268344197049287 0
    outer loop
      vertex 3.080922135710716 -4.9739395678043365 0.010000000000000009
      vertex 3.1810766398906707 -4.732145212590694 0.010000000000000009
      vertex 3.080922135710716 -4.9739395678043365 -3.99
    endloop
  endfacet
  facet normal -0.9762960066667415 0.21643961598231837 0
    outer loop
      vertex 2.9455767437815665 -5.479055464267731 0.010000000000000009
      vertex 3.0022225245833396 -5.223542861640453 0.010000000000000009
      vertex 2.9455767437815665 -5.479055464267731 -3.99
    endloop
  endfacet
  facet normal -0.9914448605738744 0.13052619829616904 0
    outer loop
      vertex 2.9455767437815665 -5.479055464267731 0.010000000000000009
      vertex 2.9114159062504767 -5.7385327741503716 -3.99
      vertex 2.9114159062504767 -5.7385327741503716 0.010000000000000009
    endloop
  endfacet
  facet normal -0.9990482214769228 0.04361938976874022 0
    outer loop
      vertex 2.9114159062504767 -5.7385327741503716 0.010000000000000009
      vertex 2.9 -6 -3.99
      vertex 2.9 -6 0.010000000000000009
    endloop
  endfacet
  facet normal -0.5372996040205454 0.8433914485690289 0
    outer loop
      vertex 4.179270693659783 -3.5425438657402992 0.010000000000000009
      vertex 4.4 -3.401923790574074 0.010000000000000009
      vertex 4.179270693659783 -3.5425438657402992 -3.99
    endloop
  endfacet
  facet normal -0.46174861944404144 0.8870108299460169 0
    outer loop
      vertex 4.4 -3.401923790574074 0.010000000000000009
      vertex 4.632145212590695 -3.2810766398906708 0.010000000000000009
      vertex 4.4 -3.401923790574074 -3.99
    endloop
  endfacet
  facet normal -0.38268344197049287 0.9238795285325985 0
    outer loop
      vertex 4.632145212590695 -3.2810766398906708 0.010000000000000009
      vertex 4.873939567804337 -3.1809221357107162 0.010000000000000009
      vertex 4.632145212590695 -3.2810766398906708 -3.99
    endloop
  endfacet
  facet normal -0.21643961598231837 0.9762960066667415 0
    outer loop
      vertex 5.379055464267731 -3.0455767437815666 0.010000000000000009
      vertex 5.123542861640454 -3.1022225245833397 -3.99
      vertex 5.123542861640454 -3.1022225245833397 0.010000000000000009
    endloop
  endfacet
  facet normal -0.13052619829616904 0.9914448605738744 0
    outer loop
      vertex 5.379055464267731 -3.0455767437815666 0.010000000000000009
      vertex 5.638532774150372 -3.011415906250477 0.010000000000000009
      vertex 5.379055464267731 -3.0455767437815666 -3.99
    endloop
  endfacet
  facet normal -0.3007057817123236 0.9537169563580069 0
    outer loop
      vertex 4.873939567804337 -3.1809221357107162 0.010000000000000009
      vertex 5.123542861640454 -3.1022225245833397 0.010000000000000009
      vertex 4.873939567804337 -3.1809221357107162 -3.99
    endloop
  endfacet
  facet normal 0.7933533237870127 -0.6087614505174415 0
    outer loop
      vertex 4.828705461323262 -5.101077139377594 0
      vertex 4.7544357344508175 -5.197867326438427 0
      vertex 4.7544357344508175 -5.197867326438427 -3.99
    endloop
  endfacet
  facet normal 0.7372773501997171 -0.6755901930034833 0
    outer loop
      vertex 4.828705461323262 -5.101077139377594 0
      vertex 4.828705461323262 -5.101077139377594 -3.99
      vertex 4.911128343641758 -5.011128343641758 0
    endloop
  endfacet
  facet normal 0.9238795360866325 -0.38268342373344155 0
    outer loop
      vertex 4.632550568878651 -5.408978626132011 0
      vertex 4.585862705111504 -5.521693103015423 0
      vertex 4.585862705111504 -5.521693103015423 -3.99
    endloop
  endfacet
  facet normal 0.8870108243662727 -0.4617486301626301 0
    outer loop
      vertex 4.688884520530701 -5.300762116909027 0
      vertex 4.632550568878651 -5.408978626132011 0
      vertex 4.632550568878651 -5.408978626132011 -3.99
    endloop
  endfacet
  facet normal 0.9537169606696437 -0.30070576803755733 0
    outer loop
      vertex 4.549176202714444 -5.6380478367209435 0
      vertex 4.549176202714444 -5.6380478367209435 -3.99
      vertex 4.585862705111504 -5.521693103015423 0
    endloop
  endfacet
  facet normal 0.9762960029499594 -0.2164396327476388 0
    outer loop
      vertex 4.549176202714444 -5.6380478367209435 0
      vertex 4.522770287096501 -5.75715721398592 0
      vertex 4.522770287096501 -5.75715721398592 -3.99
    endloop
  endfacet
  facet normal 0.9914448645731766 -0.13052616791845034 0
    outer loop
      vertex 4.522770287096501 -5.75715721398592 0
      vertex 4.506845915317536 -5.878114849328995 0
      vertex 4.506845915317536 -5.878114849328995 -3.99
    endloop
  endfacet
  facet normal 0.8433914349696949 -0.5372996253672236 0
    outer loop
      vertex 4.688884520530701 -5.300762116909027 0
      vertex 4.688884520530701 -5.300762116909027 -3.99
      vertex 4.7544357344508175 -5.197867326438427 0
    endloop
  endfacet
  facet normal 0.9990482221556044 -0.043619374224375125 0
    outer loop
      vertex 4.506845915317536 -5.878114849328995 0
      vertex 4.5000000014901165 -6.034912101924419 0
      vertex 4.5000000014901165 -6.034912101924419 -3.99
    endloop
  endfacet
  facet normal 0.6755901930034833 -0.7372773501997171 0
    outer loop
      vertex 4.911128343641758 -5.011128343641758 0
      vertex 4.911128343641758 -5.011128343641758 -3.99
      vertex 5.001077139377594 -4.928705461323261 0
    endloop
  endfacet
  facet normal 0.6087614505174415 -0.7933533237870127 0
    outer loop
      vertex 5.001077139377594 -4.928705461323261 0
      vertex 5.001077139377594 -4.928705461323261 -3.99
      vertex 5.097867326438427 -4.854435734450817 0
    endloop
  endfacet
  facet normal 0.4617486301626301 -0.8870108243662727 0
    outer loop
      vertex 5.2007621169090275 -4.788884520530701 0
      vertex 5.2007621169090275 -4.788884520530701 -3.99
      vertex 5.308978626132012 -4.732550568878651 0
    endloop
  endfacet
  facet normal 0.5372996253672236 -0.8433914349696949 0
    outer loop
      vertex 5.097867326438427 -4.854435734450817 0
      vertex 5.097867326438427 -4.854435734450817 -3.99
      vertex 5.2007621169090275 -4.788884520530701 0
    endloop
  endfacet
  facet normal 0.38268342373344155 -0.9238795360866325 0
    outer loop
      vertex 5.308978626132012 -4.732550568878651 0
      vertex 5.308978626132012 -4.732550568878651 -3.99
      vertex 5.421693103015423 -4.685862705111504 0
    endloop
  endfacet
  facet normal 0.30070576803755733 -0.9537169606696437 0
    outer loop
      vertex 5.421693103015423 -4.685862705111504 0
      vertex 5.421693103015423 -4.685862705111504 -3.99
      vertex 5.538047836720944 -4.649176202714443 0
    endloop
  endfacet
  facet normal 0.2164396327476388 -0.9762960029499594 0
    outer loop
      vertex 5.538047836720944 -4.649176202714443 0
      vertex 5.538047836720944 -4.649176202714443 -3.99
      vertex 5.65715721398592 -4.6227702870965 0
    endloop
  endfacet
  facet normal 0.13052616791845034 -0.9914448645731766 0
    outer loop
      vertex 5.65715721398592 -4.6227702870965 0
      vertex 5.65715721398592 -4.6227702870965 -3.99
      vertex 5.778114849328995 -4.606845915317535 0
    endloop
  endfacet
  facet normal -0.04361938976874022 0.9990482214769228 0
    outer loop
      vertex 5.638532774150372 -3.011415906250477 0.010000000000000009
      vertex 5.9 -3 0.010000000000000009
      vertex 5.638532774150372 -3.011415906250477 -3.99
    endloop
  endfacet
  facet normal 0.04361937215564433 -0.9990482222459272 0
    outer loop
      vertex 5.778114849328995 -4.606845915317535 0
      vertex 5.778114849328995 -4.606845915317535 -3.99
      vertex 5.934912109375 -4.600000001490116 0
    endloop
  endfacet
  facet normal -0.8433914485690289 0.5372996040205454 0
    outer loop
      vertex 3.442543865740299 -4.279270693659782 0.010000000000000009
      vertex 3.442543865740299 -4.279270693659782 -3.99
      vertex 3.3019237905740737 -4.5 -3.99
    endloop
  endfacet
  facet normal -0.7933533435043424 0.6087614248213178 0
    outer loop
      vertex 3.6018666714429854 -4.0716371685266495 0.010000000000000009
      vertex 3.6018666714429854 -4.0716371685266495 -3.99
      vertex 3.442543865740299 -4.279270693659782 -3.99
    endloop
  endfacet
  facet normal -0.6755902067746475 0.7372773375807703 0
    outer loop
      vertex 3.9716371685266494 -3.7018666714429855 0.010000000000000009
      vertex 3.9716371685266494 -3.7018666714429855 -3.99
      vertex 3.7786796554923057 -3.8786796554923058 -3.99
    endloop
  endfacet
  facet normal -0.7372773375807703 0.6755902067746475 0
    outer loop
      vertex 3.7786796554923057 -3.8786796554923058 0.010000000000000009
      vertex 3.7786796554923057 -3.8786796554923058 -3.99
      vertex 3.6018666714429854 -4.0716371685266495 -3.99
    endloop
  endfacet
  facet normal -0.9537169563580069 0.3007057817123236 0
    outer loop
      vertex 3.080922135710716 -4.9739395678043365 0.010000000000000009
      vertex 3.080922135710716 -4.9739395678043365 -3.99
      vertex 3.0022225245833396 -5.223542861640453 -3.99
    endloop
  endfacet
  facet normal -0.9238795285325985 0.38268344197049287 0
    outer loop
      vertex 3.1810766398906707 -4.732145212590694 0.010000000000000009
      vertex 3.1810766398906707 -4.732145212590694 -3.99
      vertex 3.080922135710716 -4.9739395678043365 -3.99
    endloop
  endfacet
  facet normal -0.8870108299460169 0.46174861944404144 0
    outer loop
      vertex 3.3019237905740737 -4.5 0.010000000000000009
      vertex 3.3019237905740737 -4.5 -3.99
      vertex 3.1810766398906707 -4.732145212590694 -3.99
    endloop
  endfacet
  facet normal -0.9762960066667415 0.21643961598231837 0
    outer loop
      vertex 3.0022225245833396 -5.223542861640453 0.010000000000000009
      vertex 3.0022225245833396 -5.223542861640453 -3.99
      vertex 2.9455767437815665 -5.479055464267731 -3.99
    endloop
  endfacet
  facet normal -0.9914448605738744 0.13052619829616904 0
    outer loop
      vertex 2.9455767437815665 -5.479055464267731 0.010000000000000009
      vertex 2.9455767437815665 -5.479055464267731 -3.99
      vertex 2.9114159062504767 -5.7385327741503716 -3.99
    endloop
  endfacet
  facet normal -0.9990482214769228 0.04361938976874022 0
    outer loop
      vertex 2.9114159062504767 -5.7385327741503716 0.010000000000000009
      vertex 2.9114159062504767 -5.7385327741503716 -3.99
      vertex 2.9 -6 -3.99
    endloop
  endfacet
  facet normal -0.6087614248213168 0.793353343504343 0
    outer loop
      vertex 4.179270693659783 -3.5425438657402992 0.010000000000000009
      vertex 4.179270693659783 -3.5425438657402992 -3.99
      vertex 3.9716371685266494 -3.7018666714429855 -3.99
    endloop
  endfacet
  facet normal -0.5372996040205454 0.8433914485690289 0
    outer loop
      vertex 4.4 -3.401923790574074 0.010000000000000009
      vertex 4.4 -3.401923790574074 -3.99
      vertex 4.179270693659783 -3.5425438657402992 -3.99
    endloop
  endfacet
  facet normal -0.46174861944404144 0.8870108299460169 0
    outer loop
      vertex 4.632145212590695 -3.2810766398906708 0.010000000000000009
      vertex 4.632145212590695 -3.2810766398906708 -3.99
      vertex 4.4 -3.401923790574074 -3.99
    endloop
  endfacet
  facet normal -0.38268344197049287 0.9238795285325985 0
    outer loop
      vertex 4.873939567804337 -3.1809221357107162 0.010000000000000009
      vertex 4.873939567804337 -3.1809221357107162 -3.99
      vertex 4.632145212590695 -3.2810766398906708 -3.99
    endloop
  endfacet
  facet normal -0.21643961598231837 0.9762960066667415 0
    outer loop
      vertex 5.379055464267731 -3.0455767437815666 0.010000000000000009
      vertex 5.379055464267731 -3.0455767437815666 -3.99
      vertex 5.123542861640454 -3.1022225245833397 -3.99
    endloop
  endfacet
  facet normal -0.13052619829616904 0.9914448605738744 0
    outer loop
      vertex 5.638532774150372 -3.011415906250477 0.010000000000000009
      vertex 5.638532774150372 -3.011415906250477 -3.99
      vertex 5.379055464267731 -3.0455767437815666 -3.99
    endloop
  endfacet
  facet normal -0.3007057817123236 0.9537169563580069 0
    outer loop
      vertex 5.123542861640454 -3.1022225245833397 0.010000000000000009
      vertex 5.123542861640454 -3.1022225245833397 -3.99
      vertex 4.873939567804337 -3.1809221357107162 -3.99
    endloop
  endfacet
  facet normal 0.7933533237870127 -0.6087614505174415 0
    outer loop
      vertex 4.828705461323262 -5.101077139377594 0
      vertex 4.7544357344508175 -5.197867326438427 -3.99
      vertex 4.828705461323262 -5.101077139377594 -3.99
    endloop
  endfacet
  facet normal 0.7372773501997171 -0.6755901930034833 0
    outer loop
      vertex 4.911128343641758 -5.011128343641758 0
      vertex 4.828705461323262 -5.101077139377594 -3.99
      vertex 4.911128343641758 -5.011128343641758 -3.99
    endloop
  endfacet
  facet normal 0.8870108243662727 -0.4617486301626301 0
    outer loop
      vertex 4.688884520530701 -5.300762116909027 0
      vertex 4.632550568878651 -5.408978626132011 -3.99
      vertex 4.688884520530701 -5.300762116909027 -3.99
    endloop
  endfacet
  facet normal 0.9238795360866325 -0.38268342373344155 0
    outer loop
      vertex 4.632550568878651 -5.408978626132011 0
      vertex 4.585862705111504 -5.521693103015423 -3.99
      vertex 4.632550568878651 -5.408978626132011 -3.99
    endloop
  endfacet
  facet normal 0.9762960029499594 -0.2164396327476388 0
    outer loop
      vertex 4.549176202714444 -5.6380478367209435 0
      vertex 4.522770287096501 -5.75715721398592 -3.99
      vertex 4.549176202714444 -5.6380478367209435 -3.99
    endloop
  endfacet
  facet normal 0.9537169606696437 -0.30070576803755733 0
    outer loop
      vertex 4.585862705111504 -5.521693103015423 0
      vertex 4.549176202714444 -5.6380478367209435 -3.99
      vertex 4.585862705111504 -5.521693103015423 -3.99
    endloop
  endfacet
  facet normal 0.9914448645731766 -0.13052616791845034 0
    outer loop
      vertex 4.522770287096501 -5.75715721398592 0
      vertex 4.506845915317536 -5.878114849328995 -3.99
      vertex 4.522770287096501 -5.75715721398592 -3.99
    endloop
  endfacet
  facet normal 0.8433914349696949 -0.5372996253672236 0
    outer loop
      vertex 4.7544357344508175 -5.197867326438427 0
      vertex 4.688884520530701 -5.300762116909027 -3.99
      vertex 4.7544357344508175 -5.197867326438427 -3.99
    endloop
  endfacet
  facet normal 0.9990482221556044 -0.043619374224375125 0
    outer loop
      vertex 4.506845915317536 -5.878114849328995 0
      vertex 4.5000000014901165 -6.034912101924419 -3.99
      vertex 4.506845915317536 -5.878114849328995 -3.99
    endloop
  endfacet
  facet normal 0.6755901930034833 -0.7372773501997171 0
    outer loop
      vertex 5.001077139377594 -4.928705461323261 0
      vertex 4.911128343641758 -5.011128343641758 -3.99
      vertex 5.001077139377594 -4.928705461323261 -3.99
    endloop
  endfacet
  facet normal 0.6087614505174415 -0.7933533237870127 0
    outer loop
      vertex 5.097867326438427 -4.854435734450817 0
      vertex 5.001077139377594 -4.928705461323261 -3.99
      vertex 5.097867326438427 -4.854435734450817 -3.99
    endloop
  endfacet
  facet normal 0.5372996253672236 -0.8433914349696949 0
    outer loop
      vertex 5.2007621169090275 -4.788884520530701 0
      vertex 5.097867326438427 -4.854435734450817 -3.99
      vertex 5.2007621169090275 -4.788884520530701 -3.99
    endloop
  endfacet
  facet normal 0.4617486301626301 -0.8870108243662727 0
    outer loop
      vertex 5.308978626132012 -4.732550568878651 0
      vertex 5.2007621169090275 -4.788884520530701 -3.99
      vertex 5.308978626132012 -4.732550568878651 -3.99
    endloop
  endfacet
  facet normal 0.38268342373344155 -0.9238795360866325 0
    outer loop
      vertex 5.421693103015423 -4.685862705111504 0
      vertex 5.308978626132012 -4.732550568878651 -3.99
      vertex 5.421693103015423 -4.685862705111504 -3.99
    endloop
  endfacet
  facet normal 0.30070576803755733 -0.9537169606696437 0
    outer loop
      vertex 5.538047836720944 -4.649176202714443 0
      vertex 5.421693103015423 -4.685862705111504 -3.99
      vertex 5.538047836720944 -4.649176202714443 -3.99
    endloop
  endfacet
  facet normal 0.2164396327476388 -0.9762960029499594 0
    outer loop
      vertex 5.65715721398592 -4.6227702870965 0
      vertex 5.538047836720944 -4.649176202714443 -3.99
      vertex 5.65715721398592 -4.6227702870965 -3.99
    endloop
  endfacet
  facet normal 0 0 -1
    outer loop
      vertex 3.6018666714429854 -4.0716371685266495 -3.99
      vertex 3.7786796554923057 -3.8786796554923058 -3.99
      vertex 4.828705461323262 -5.101077139377594 -3.99
    endloop
  endfacet
  facet normal 0 0 -1
    outer loop
      vertex 3.080922135710716 -4.9739395678043365 -3.99
      vertex 3.1810766398906707 -4.732145212590694 -3.99
      vertex 4.585862705111504 -5.521693103015423 -3.99
    endloop
  endfacet
  facet normal 0 0 -1
    outer loop
      vertex 2.9455767437815665 -5.479055464267731 -3.99
      vertex 3.0022225245833396 -5.223542861640453 -3.99
      vertex 4.522770287096501 -5.75715721398592 -3.99
    endloop
  endfacet
  facet normal 0 0 -1
    outer loop
      vertex 2.9455767437815665 -5.479055464267731 -3.99
      vertex 4.506845915317536 -5.878114849328995 -3.99
      vertex 2.9114159062504767 -5.7385327741503716 -3.99
    endloop
  endfacet
  facet normal 0 0 -1
    outer loop
      vertex 3.080922135710716 -4.9739395678043365 -3.99
      vertex 4.549176202714444 -5.6380478367209435 -3.99
      vertex 3.0022225245833396 -5.223542861640453 -3.99
    endloop
  endfacet
  facet normal 0 0 -1
    outer loop
      vertex 3.442543865740299 -4.279270693659782 -3.99
      vertex 4.688884520530701 -5.300762116909027 -3.99
      vertex 3.3019237905740737 -4.5 -3.99
    endloop
  endfacet
  facet normal 0 0 -1
    outer loop
      vertex 3.1810766398906707 -4.732145212590694 -3.99
      vertex 3.3019237905740737 -4.5 -3.99
      vertex 4.632550568878651 -5.408978626132011 -3.99
    endloop
  endfacet
  facet normal 0 0 -1
    outer loop
      vertex 3.442543865740299 -4.279270693659782 -3.99
      vertex 3.6018666714429854 -4.0716371685266495 -3.99
      vertex 4.7544357344508175 -5.197867326438427 -3.99
    endloop
  endfacet
  facet normal 0 0 -1
    outer loop
      vertex 3.080922135710716 -4.9739395678043365 -3.99
      vertex 4.585862705111504 -5.521693103015423 -3.99
      vertex 4.549176202714444 -5.6380478367209435 -3.99
    endloop
  endfacet
  facet normal 0 0 -1
    outer loop
      vertex 2.9455767437815665 -5.479055464267731 -3.99
      vertex 4.522770287096501 -5.75715721398592 -3.99
      vertex 4.506845915317536 -5.878114849328995 -3.99
    endloop
  endfacet
  facet normal 0 0 -1
    outer loop
      vertex 3.0022225245833396 -5.223542861640453 -3.99
      vertex 4.549176202714444 -5.6380478367209435 -3.99
      vertex 4.522770287096501 -5.75715721398592 -3.99
    endloop
  endfacet
  facet normal 0 0 -1
    outer loop
      vertex 2.9114159062504767 -5.7385327741503716 -3.99
      vertex 4.5000000014901165 -6.034912101924419 -3.99
      vertex 2.9 -6 -3.99
    endloop
  endfacet
  facet normal 0 0 -1
    outer loop
      vertex 2.9114159062504767 -5.7385327741503716 -3.99
      vertex 4.506845915317536 -5.878114849328995 -3.99
      vertex 4.5000000014901165 -6.034912101924419 -3.99
    endloop
  endfacet
  facet normal 0 0 -1
    outer loop
      vertex 3.9716371685266494 -3.7018666714429855 -3.99
      vertex 4.911128343641758 -5.011128343641758 -3.99
      vertex 3.7786796554923057 -3.8786796554923058 -3.99
    endloop
  endfacet
  facet normal 0 0 -1
    outer loop
      vertex 3.9716371685266494 -3.7018666714429855 -3.99
      vertex 4.179270693659783 -3.5425438657402992 -3.99
      vertex 5.001077139377594 -4.928705461323261 -3.99
    endloop
  endfacet
  facet normal 0 0 -1
    outer loop
      vertex 4.179270693659783 -3.5425438657402992 -3.99
      vertex 4.4 -3.401923790574074 -3.99
      vertex 5.097867326438427 -4.854435734450817 -3.99
    endloop
  endfacet
  facet normal 0 0 -1
    outer loop
      vertex 4.4 -3.401923790574074 -3.99
      vertex 4.632145212590695 -3.2810766398906708 -3.99
      vertex 5.2007621169090275 -4.788884520530701 -3.99
    endloop
  endfacet
  facet normal 0 0 -1
    outer loop
      vertex 4.179270693659783 -3.5425438657402992 -3.99
      vertex 5.097867326438427 -4.854435734450817 -3.99
      vertex 5.001077139377594 -4.928705461323261 -3.99
    endloop
  endfacet
  facet normal 0 0 -1
    outer loop
      vertex 4.4 -3.401923790574074 -3.99
      vertex 5.2007621169090275 -4.788884520530701 -3.99
      vertex 5.097867326438427 -4.854435734450817 -3.99
    endloop
  endfacet
  facet normal 0 0 -1
    outer loop
      vertex 4.632145212590695 -3.2810766398906708 -3.99
      vertex 4.873939567804337 -3.1809221357107162 -3.99
      vertex 5.308978626132012 -4.732550568878651 -3.99
    endloop
  endfacet
  facet normal 0 0 -1
    outer loop
      vertex 4.873939567804337 -3.1809221357107162 -3.99
      vertex 5.123542861640454 -3.1022225245833397 -3.99
      vertex 5.421693103015423 -4.685862705111504 -3.99
    endloop
  endfacet
  facet normal 0 0 -1
    outer loop
      vertex 4.632145212590695 -3.2810766398906708 -3.99
      vertex 5.308978626132012 -4.732550568878651 -3.99
      vertex 5.2007621169090275 -4.788884520530701 -3.99
    endloop
  endfacet
  facet normal 0 0 -1
    outer loop
      vertex 4.873939567804337 -3.1809221357107162 -3.99
      vertex 5.421693103015423 -4.685862705111504 -3.99
      vertex 5.308978626132012 -4.732550568878651 -3.99
    endloop
  endfacet
  facet normal 0 0 -1
    outer loop
      vertex 5.379055464267731 -3.0455767437815666 -3.99
      vertex 5.538047836720944 -4.649176202714443 -3.99
      vertex 5.123542861640454 -3.1022225245833397 -3.99
    endloop
  endfacet
  facet normal 0 0 -1
    outer loop
      vertex 5.379055464267731 -3.0455767437815666 -3.99
      vertex 5.638532774150372 -3.011415906250477 -3.99
      vertex 5.65715721398592 -4.6227702870965 -3.99
    endloop
  endfacet
  facet normal 0 0 -1
    outer loop
      vertex 5.123542861640454 -3.1022225245833397 -3.99
      vertex 5.538047836720944 -4.649176202714443 -3.99
      vertex 5.421693103015423 -4.685862705111504 -3.99
    endloop
  endfacet
  facet normal 0 0 -1
    outer loop
      vertex 5.379055464267731 -3.0455767437815666 -3.99
      vertex 5.65715721398592 -4.6227702870965 -3.99
      vertex 5.538047836720944 -4.649176202714443 -3.99
    endloop
  endfacet
  facet normal 0 0 -1
    outer loop
      vertex 5.638532774150372 -3.011415906250477 -3.99
      vertex 5.778114849328995 -4.606845915317535 -3.99
      vertex 5.65715721398592 -4.6227702870965 -3.99
    endloop
  endfacet
  facet normal 0 0 -1
    outer loop
      vertex 3.442543865740299 -4.279270693659782 -3.99
      vertex 4.7544357344508175 -5.197867326438427 -3.99
      vertex 4.688884520530701 -5.300762116909027 -3.99
    endloop
  endfacet
  facet normal 0 0 -1
    outer loop
      vertex 3.3019237905740737 -4.5 -3.99
      vertex 4.688884520530701 -5.300762116909027 -3.99
      vertex 4.632550568878651 -5.408978626132011 -3.99
    endloop
  endfacet
  facet normal 0 0 -1
    outer loop
      vertex 3.6018666714429854 -4.0716371685266495 -3.99
      vertex 4.828705461323262 -5.101077139377594 -3.99
      vertex 4.7544357344508175 -5.197867326438427 -3.99
    endloop
  endfacet
  facet normal 0 0 -1
    outer loop
      vertex 3.1810766398906707 -4.732145212590694 -3.99
      vertex 4.632550568878651 -5.408978626132011 -3.99
      vertex 4.585862705111504 -5.521693103015423 -3.99
    endloop
  endfacet
  facet normal 0 0 -1
    outer loop
      vertex 3.7786796554923057 -3.8786796554923058 -3.99
      vertex 4.911128343641758 -5.011128343641758 -3.99
      vertex 4.828705461323262 -5.101077139377594 -3.99
    endloop
  endfacet
  facet normal 0 0 -1
    outer loop
      vertex 3.9716371685266494 -3.7018666714429855 -3.99
      vertex 5.001077139377594 -4.928705461323261 -3.99
      vertex 4.911128343641758 -5.011128343641758 -3.99
    endloop
  endfacet
  facet normal -0.04361938976874022 0.9990482214769228 0
    outer loop
      vertex 5.9 -3 0.010000000000000009
      vertex 5.9 -3 -3.99
      vertex 5.638532774150372 -3.011415906250477 -3.99
    endloop
  endfacet
  facet normal 0.13052616791845034 -0.9914448645731766 0
    outer loop
      vertex 5.778114849328995 -4.606845915317535 0
      vertex 5.65715721398592 -4.6227702870965 -3.99
      vertex 5.778114849328995 -4.606845915317535 -3.99
    endloop
  endfacet
  facet normal 0.04361937215564433 -0.9990482222459272 0
    outer loop
      vertex 5.934912109375 -4.600000001490116 0
      vertex 5.778114849328995 -4.606845915317535 -3.99
      vertex 5.934912109375 -4.600000001490116 -3.99
    endloop
  endfacet
  facet normal 0 1 0
    outer loop
      vertex 5.9 -3 0.010000000000000009
      vertex 13.735 -3 -3.5625
      vertex 5.9 -3 -3.99
    endloop
  endfacet
  facet normal 0 0 -1
    outer loop
      vertex 5.638532774150372 -3.011415906250477 -3.99
      vertex 5.9 -3 -3.99
      vertex 5.778114849328995 -4.606845915317535 -3.99
    endloop
  endfacet
  facet normal 0 0 -1
    outer loop
      vertex 5.9 -3 -3.99
      vertex 5.934912109375 -4.600000001490116 -3.99
      vertex 5.778114849328995 -4.606845915317535 -3.99
    endloop
  endfacet
  facet normal 0 0 -1
    outer loop
      vertex 5.9 -3 -3.99
      vertex 14.345714285714285 -3.9771428571428578 -3.99
      vertex 5.934912109375 -4.600000001490116 -3.99
    endloop
  endfacet
  facet normal 0 1 0
    outer loop
      vertex 5.9 -3 0.010000000000000009
      vertex 14.36 -3 -1.6
      vertex 13.735 -3 -2.1000000000000005
    endloop
  endfacet
  facet normal 0 1 0
    outer loop
      vertex 5.9 -3 0.010000000000000009
      vertex 13.735 -3 -2.1000000000000005
      vertex 13.735 -3 -3.5625
    endloop
  endfacet
  facet normal 0 1 0
    outer loop
      vertex 5.9 -3 -3.99
      vertex 13.735 -3 -3.5625
      vertex 14.345714285714285 -3 -3.99
    endloop
  endfacet
  facet normal 0 0 -1
    outer loop
      vertex 5.9 -3 -3.99
      vertex 14.345714285714285 -3 -3.99
      vertex 14.345714285714285 -3.9771428571428578 -3.99
    endloop
  endfacet
  facet normal 0 0 -1
    outer loop
      vertex 5.934912109375 -4.600000001490116 -3.99
      vertex 14.345714285714285 -3.9771428571428578 -3.99
      vertex 14.36 -4 -3.99
    endloop
  endfacet
  facet normal 0 0 1
    outer loop
      vertex 2.9 -6 0.010000000000000009
      vertex 3.29 -85.30000000005587 0.010000000000000009
      vertex 3.2899999999999996 -6.900000001452863 0.010000000000000009
    endloop
  endfacet
  facet normal -1 0 0
    outer loop
      vertex 2.9 -6 0.010000000000000009
      vertex 2.9 -6 -3.99
      vertex 2.9 -86.20000000298023 -3.99
    endloop
  endfacet
  facet normal 1 0 0
    outer loop
      vertex 4.5000000014901165 -6.034912101924419 0
      vertex 4.5000000014901165 -86.16508789360523 -3.99
      vertex 4.5000000014901165 -6.034912101924419 -3.99
    endloop
  endfacet
  facet normal 0 0 -1
    outer loop
      vertex 2.9 -6 -3.99
      vertex 4.5000000014901165 -6.034912101924419 -3.99
      vertex 4.5000000014901165 -86.16508789360523 -3.99
    endloop
  endfacet
  facet normal 0 0 1
    outer loop
      vertex 5.9 -3 0.010000000000000009
      vertex 6.900000001452863 -3.29 0.010000000000000009
      vertex 50.29999999850988 -3 0.010000000000000009
    endloop
  endfacet
  facet normal 0 -1 0
    outer loop
      vertex 5.934912109375 -4.600000001490116 0
      vertex 5.934912109375 -4.600000001490116 -3.99
      vertex 50.26508788913488 -4.600000001490116 0
    endloop
  endfacet
  facet normal 0 1 0
    outer loop
      vertex 5.9 -3 0.010000000000000009
      vertex 50.29999999850988 -3 0.010000000000000009
      vertex 14.36 -3 -1.6
    endloop
  endfacet
  facet normal 0 1 0
    outer loop
      vertex 14.36 -3 -1.6
      vertex 50.29999999850988 -3 0.010000000000000009
      vertex 19.36 -3 -1.6
    endloop
  endfacet
  facet normal 0 0 -1
    outer loop
      vertex 5.934912109375 -4.600000001490116 -3.99
      vertex 14.36 -4 -3.99
      vertex 50.26508788913488 -4.600000001490116 -3.99
    endloop
  endfacet
  facet normal 0 1 0
    outer loop
      vertex 19.985 -3 -2.1000000000000005
      vertex 36.214999999999996 -3 -3.5625
      vertex 19.985 -3 -3.5625
    endloop
  endfacet
  facet normal 0 1 0
    outer loop
      vertex 19.985 -3 -3.5625
      vertex 36.825714285714284 -3 -3.99
      vertex 19.374285714285712 -3 -3.99
    endloop
  endfacet
  facet normal 0 0 -1
    outer loop
      vertex 19.374285714285712 -3 -3.99
      vertex 36.825714285714284 -3 -3.99
      vertex 19.374285714285712 -3.9771428571428578 -3.99
    endloop
  endfacet
  facet normal 0 0 -1
    outer loop
      vertex 14.36 -4 -3.99
      vertex 19.36 -4 -3.99
      vertex 50.26508788913488 -4.600000001490116 -3.99
    endloop
  endfacet
  facet normal 0 0 1
    outer loop
      vertex 2.9 -6 0.010000000000000009
      vertex 2.9 -86.20000000298023 0.010000000000000009
      vertex 3.29 -85.30000000005587 0.010000000000000009
    endloop
  endfacet
  facet normal -1 0 0
    outer loop
      vertex 2.9 -6 0.010000000000000009
      vertex 2.9 -86.20000000298023 -3.99
      vertex 2.9 -86.20000000298023 0.010000000000000009
    endloop
  endfacet
  facet normal 1 0 0
    outer loop
      vertex 4.5000000014901165 -6.034912101924419 0
      vertex 4.5000000014901165 -86.16508789360523 0
      vertex 4.5000000014901165 -86.16508789360523 -3.99
    endloop
  endfacet
  facet normal 0 0 -1
    outer loop
      vertex 2.9 -6 -3.99
      vertex 4.5000000014901165 -86.16508789360523 -3.99
      vertex 2.9 -86.20000000298023 -3.99
    endloop
  endfacet
  facet normal 0 0 1
    outer loop
      vertex 2.9 -86.20000000298023 0.010000000000000009
      vertex 3.2902092915587127 -85.30479356586933 0.010000000000000009
      vertex 3.29 -85.30000000005587 0.010000000000000009
    endloop
  endfacet
  facet normal 0 0 1
    outer loop
      vertex 2.9 -86.20000000298023 0.010000000000000009
      vertex 3.303737144879997 -85.61463223291561 0.010000000000000009
      vertex 3.2902092915587127 -85.30479356586933 0.010000000000000009
    endloop
  endfacet
  facet normal 0 0 1
    outer loop
      vertex 2.9 -86.20000000298023 0.010000000000000009
      vertex 3.3442177299968896 -85.92211283776909 0.010000000000000009
      vertex 3.303737144879997 -85.61463223291561 0.010000000000000009
    endloop
  endfacet
  facet normal 0 0 1
    outer loop
      vertex 2.9 -86.20000000298023 0.010000000000000009
      vertex 3.34588251799345 -85.93155431939289 0.010000000000000009
      vertex 3.344844012018293 -85.92686992172152 0.010000000000000009
    endloop
  endfacet
  facet normal 0 0 1
    outer loop
      vertex 2.9 -86.20000000298023 0.010000000000000009
      vertex 3.344844012018293 -85.92686992172152 0.010000000000000009
      vertex 3.3442177299968896 -85.92211283776909 0.010000000000000009
    endloop
  endfacet
  facet normal 0 0 1
    outer loop
      vertex 2.9 -86.20000000298023 0.010000000000000009
      vertex 3.4130077711865305 -86.23433675203472 0.010000000000000009
      vertex 3.34588251799345 -85.93155431939289 0.010000000000000009
    endloop
  endfacet
  facet normal 0 0 1
    outer loop
      vertex 2.9 -86.20000000298023 0.010000000000000009
      vertex 3.506266813315451 -86.53011665964499 0.010000000000000009
      vertex 3.4130077711865305 -86.23433675203472 0.010000000000000009
    endloop
  endfacet
  facet normal 0 0 1
    outer loop
      vertex 2.9 -86.20000000298023 0.010000000000000009
      vertex 2.9114159062504767 -86.46146722882986 0.010000000000000009
      vertex 3.506266813315451 -86.53011665964499 0.010000000000000009
    endloop
  endfacet
  facet normal 0 0 1
    outer loop
      vertex 2.9114159062504767 -86.46146722882986 0.010000000000000009
      vertex 2.9455767437815665 -86.7209445387125 0.010000000000000009
      vertex 3.506266813315451 -86.53011665964499 0.010000000000000009
    endloop
  endfacet
  facet normal 0 0 1
    outer loop
      vertex 2.9455767437815665 -86.7209445387125 0.010000000000000009
      vertex 3.0022225245833396 -86.97645714133978 0.010000000000000009
      vertex 3.6282288929075 -86.82565192166716 0.010000000000000009
    endloop
  endfacet
  facet normal 0 0 1
    outer loop
      vertex 3.0022225245833396 -86.97645714133978 0.010000000000000009
      vertex 3.080922135710716 -87.2260604351759 0.010000000000000009
      vertex 3.771432759109884 -87.1007440015301 0.010000000000000009
    endloop
  endfacet
  facet normal 0 0 1
    outer loop
      vertex 2.9455767437815665 -86.7209445387125 0.010000000000000009
      vertex 3.5077096395753324 -86.53469272010028 0.010000000000000009
      vertex 3.506266813315451 -86.53011665964499 0.010000000000000009
    endloop
  endfacet
  facet normal 0 0 1
    outer loop
      vertex 2.9455767437815665 -86.7209445387125 0.010000000000000009
      vertex 3.509545805454254 -86.53912561662494 0.010000000000000009
      vertex 3.5077096395753324 -86.53469272010028 0.010000000000000009
    endloop
  endfacet
  facet normal 0 0 1
    outer loop
      vertex 2.9455767437815665 -86.7209445387125 0.010000000000000009
      vertex 3.6282288929075 -86.82565192166716 0.010000000000000009
      vertex 3.509545805454254 -86.53912561662494 0.010000000000000009
    endloop
  endfacet
  facet normal 0 0 1
    outer loop
      vertex 3.0022225245833396 -86.97645714133978 0.010000000000000009
      vertex 3.771432759109884 -87.1007440015301 0.010000000000000009
      vertex 3.6282288929075 -86.82565192166716 0.010000000000000009
    endloop
  endfacet
  facet normal 0 0 1
    outer loop
      vertex 3.080922135710716 -87.2260604351759 0.010000000000000009
      vertex 3.1810766398906707 -87.46785479038954 0.010000000000000009
      vertex 3.771432759109884 -87.1007440015301 0.010000000000000009
    endloop
  endfacet
  facet normal 0 0 1
    outer loop
      vertex 3.1810766398906707 -87.46785479038954 0.010000000000000009
      vertex 3.3019237905740737 -87.70000000298023 0.010000000000000009
      vertex 3.9428611184097826 -87.37061093501747 0.010000000000000009
    endloop
  endfacet
  facet normal 0 0 1
    outer loop
      vertex 3.1810766398906707 -87.46785479038954 0.010000000000000009
      vertex 3.776226324923336 -87.10904670111834 0.010000000000000009
      vertex 3.7736482902057467 -87.10499999715014 0.010000000000000009
    endloop
  endfacet
  facet normal 0 0 1
    outer loop
      vertex 3.1810766398906707 -87.46785479038954 0.010000000000000009
      vertex 3.7736482902057467 -87.10499999715014 0.010000000000000009
      vertex 3.771432759109884 -87.1007440015301 0.010000000000000009
    endloop
  endfacet
  facet normal 0 0 1
    outer loop
      vertex 3.1810766398906707 -87.46785479038954 0.010000000000000009
      vertex 3.9428611184097826 -87.37061093501747 0.010000000000000009
      vertex 3.776226324923336 -87.10904670111834 0.010000000000000009
    endloop
  endfacet
  facet normal 0 0 1
    outer loop
      vertex 3.3019237905740737 -87.70000000298023 0.010000000000000009
      vertex 3.9457820364832874 -87.37441754952073 0.010000000000000009
      vertex 3.9428611184097826 -87.37061093501747 0.010000000000000009
    endloop
  endfacet
  facet normal 0 0 1
    outer loop
      vertex 3.3019237905740737 -87.70000000298023 0.010000000000000009
      vertex 4.134579561240971 -87.62046326944605 0.010000000000000009
      vertex 3.9457820364832874 -87.37441754952073 0.010000000000000009
    endloop
  endfacet
  facet normal 0 0 1
    outer loop
      vertex 3.3019237905740737 -87.70000000298023 0.010000000000000009
      vertex 3.442543865740299 -87.92072930932045 0.010000000000000009
      vertex 4.134579561240971 -87.62046326944605 0.010000000000000009
    endloop
  endfacet
  facet normal 0 0 1
    outer loop
      vertex 3.442543865740299 -87.92072930932045 0.010000000000000009
      vertex 3.6018666714429854 -88.12836283445358 0.010000000000000009
      vertex 4.134579561240971 -87.62046326944605 0.010000000000000009
    endloop
  endfacet
  facet normal 0 0 1
    outer loop
      vertex 3.6018666714429854 -88.12836283445358 0.010000000000000009
      vertex 4.137821132652461 -87.62400082392618 0.010000000000000009
      vertex 4.134579561240971 -87.62046326944605 0.010000000000000009
    endloop
  endfacet
  facet normal 0 0 1
    outer loop
      vertex 3.6018666714429854 -88.12836283445358 0.010000000000000009
      vertex 4.347344523165375 -87.85265547834337 0.010000000000000009
      vertex 4.137821132652461 -87.62400082392618 0.010000000000000009
    endloop
  endfacet
  facet normal 0 0 1
    outer loop
      vertex 3.6018666714429854 -88.12836283445358 0.010000000000000009
      vertex 3.7786796554923057 -88.32132034748793 0.010000000000000009
      vertex 4.347344523165375 -87.85265547834337 0.010000000000000009
    endloop
  endfacet
  facet normal 0 0 1
    outer loop
      vertex 3.7786796554923057 -88.32132034748793 0.010000000000000009
      vertex 3.9716371685266494 -88.49813333153725 0.010000000000000009
      vertex 4.347344523165375 -87.85265547834337 0.010000000000000009
    endloop
  endfacet
  facet normal 0 0 1
    outer loop
      vertex 3.9716371685266494 -88.49813333153725 0.010000000000000009
      vertex 4.5759991775825615 -88.06217886885628 0.010000000000000009
      vertex 4.347344523165375 -87.85265547834337 0.010000000000000009
    endloop
  endfacet
  facet normal 0 0 1
    outer loop
      vertex 3.9716371685266494 -88.49813333153725 0.010000000000000009
      vertex 4.579536732062698 -88.06542044026777 0.010000000000000009
      vertex 4.5759991775825615 -88.06217886885628 0.010000000000000009
    endloop
  endfacet
  facet normal 0 0 1
    outer loop
      vertex 3.9716371685266494 -88.49813333153725 0.010000000000000009
      vertex 4.825582451988011 -88.25421796502545 0.010000000000000009
      vertex 4.579536732062698 -88.06542044026777 0.010000000000000009
    endloop
  endfacet
  facet normal 0 0 1
    outer loop
      vertex 3.9716371685266494 -88.49813333153725 0.010000000000000009
      vertex 4.179270693659783 -88.65745613723993 0.010000000000000009
      vertex 4.825582451988011 -88.25421796502545 0.010000000000000009
    endloop
  endfacet
  facet normal 0 0 1
    outer loop
      vertex 4.179270693659783 -88.65745613723993 0.010000000000000009
      vertex 4.4 -88.79807621240616 0.010000000000000009
      vertex 4.825582451988011 -88.25421796502545 0.010000000000000009
    endloop
  endfacet
  facet normal 0 0 1
    outer loop
      vertex 4.4 -88.79807621240616 0.010000000000000009
      vertex 4.8293890664912755 -88.25713888309896 0.010000000000000009
      vertex 4.825582451988011 -88.25421796502545 0.010000000000000009
    endloop
  endfacet
  facet normal 0 0 1
    outer loop
      vertex 4.4 -88.79807621240616 0.010000000000000009
      vertex 5.090953300390392 -88.4237736765854 0.010000000000000009
      vertex 4.8293890664912755 -88.25713888309896 0.010000000000000009
    endloop
  endfacet
  facet normal 0 0 1
    outer loop
      vertex 4.4 -88.79807621240616 0.010000000000000009
      vertex 4.632145212590695 -88.91892336308956 0.010000000000000009
      vertex 5.090953300390392 -88.4237736765854 0.010000000000000009
    endloop
  endfacet
  facet normal 0 0 1
    outer loop
      vertex 4.632145212590695 -88.91892336308956 0.010000000000000009
      vertex 4.873939567804337 -89.01907786726952 0.010000000000000009
      vertex 5.090953300390392 -88.4237736765854 0.010000000000000009
    endloop
  endfacet
  facet normal 0 0 1
    outer loop
      vertex 4.873939567804337 -89.01907786726952 0.010000000000000009
      vertex 5.09500000435859 -88.42635171130298 0.010000000000000009
      vertex 5.090953300390392 -88.4237736765854 0.010000000000000009
    endloop
  endfacet
  facet normal 0 0 1
    outer loop
      vertex 4.873939567804337 -89.01907786726952 0.010000000000000009
      vertex 5.099255999978632 -88.42856724239886 0.010000000000000009
      vertex 5.09500000435859 -88.42635171130298 0.010000000000000009
    endloop
  endfacet
  facet normal 0 0 1
    outer loop
      vertex 4.873939567804337 -89.01907786726952 0.010000000000000009
      vertex 5.3743480798415835 -88.57177110860124 0.010000000000000009
      vertex 5.099255999978632 -88.42856724239886 0.010000000000000009
    endloop
  endfacet
  facet normal 0 0 1
    outer loop
      vertex 4.873939567804337 -89.01907786726952 0.010000000000000009
      vertex 5.123542861640454 -89.09777747839689 0.010000000000000009
      vertex 5.3743480798415835 -88.57177110860124 0.010000000000000009
    endloop
  endfacet
  facet normal 0 0 1
    outer loop
      vertex 5.123542861640454 -89.09777747839689 0.010000000000000009
      vertex 5.660874384883791 -88.69045419605449 0.010000000000000009
      vertex 5.3743480798415835 -88.57177110860124 0.010000000000000009
    endloop
  endfacet
  facet normal 0 0 1
    outer loop
      vertex 5.123542861640454 -89.09777747839689 0.010000000000000009
      vertex 5.379055464267731 -89.15442325919867 0.010000000000000009
      vertex 5.660874384883791 -88.69045419605449 0.010000000000000009
    endloop
  endfacet
  facet normal 0 0 1
    outer loop
      vertex 5.665307281408459 -88.6922903619334 0.010000000000000009
      vertex 5.379055464267731 -89.15442325919867 0.010000000000000009
      vertex 5.669883341863751 -88.69373318819329 0.010000000000000009
    endloop
  endfacet
  facet normal 0 0 1
    outer loop
      vertex 5.660874384883791 -88.69045419605449 0.010000000000000009
      vertex 5.379055464267731 -89.15442325919867 0.010000000000000009
      vertex 5.665307281408459 -88.6922903619334 0.010000000000000009
    endloop
  endfacet
  facet normal 0 0 1
    outer loop
      vertex 5.669883341863751 -88.69373318819329 0.010000000000000009
      vertex 5.379055464267731 -89.15442325919867 0.010000000000000009
      vertex 5.9656632494740185 -88.78699223032221 0.010000000000000009
    endloop
  endfacet
  facet normal 0 0 1
    outer loop
      vertex 5.379055464267731 -89.15442325919867 0.010000000000000009
      vertex 5.638532774150372 -89.18858409672976 0.010000000000000009
      vertex 5.9656632494740185 -88.78699223032221 0.010000000000000009
    endloop
  endfacet
  facet normal 0 0 1
    outer loop
      vertex 5.638532774150372 -89.18858409672976 0.010000000000000009
      vertex 5.9 -89.20000000298023 0.010000000000000009
      vertex 5.9656632494740185 -88.78699223032221 0.010000000000000009
    endloop
  endfacet
  facet normal 0 0 1
    outer loop
      vertex 5.9656632494740185 -88.78699223032221 0.010000000000000009
      vertex 5.9 -89.20000000298023 0.010000000000000009
      vertex 6.2684456821158525 -88.8541174835153 0.010000000000000009
    endloop
  endfacet
  facet normal 0 0 1
    outer loop
      vertex 6.2684456821158525 -88.8541174835153 0.010000000000000009
      vertex 5.9 -89.20000000298023 0.010000000000000009
      vertex 6.273130079787224 -88.85515598949044 0.010000000000000009
    endloop
  endfacet
  facet normal 0 0 1
    outer loop
      vertex 6.273130079787224 -88.85515598949044 0.010000000000000009
      vertex 5.9 -89.20000000298023 0.010000000000000009
      vertex 6.277887163739651 -88.85578227151186 0.010000000000000009
    endloop
  endfacet
  facet normal 0 0 1
    outer loop
      vertex 6.277887163739651 -88.85578227151186 0.010000000000000009
      vertex 5.9 -89.20000000298023 0.010000000000000009
      vertex 6.585367768593132 -88.89626285662874 0.010000000000000009
    endloop
  endfacet
  facet normal 0 0 1
    outer loop
      vertex 5.9 -89.20000000298023 0.010000000000000009
      vertex 6.895206435639411 -88.90979070995003 0.010000000000000009
      vertex 6.585367768593132 -88.89626285662874 0.010000000000000009
    endloop
  endfacet
  facet normal 0 0 1
    outer loop
      vertex 5.9 -89.20000000298023 0.010000000000000009
      vertex 6.900000001452863 -88.91000000150873 0.010000000000000009
      vertex 6.895206435639411 -88.90979070995003 0.010000000000000009
    endloop
  endfacet
  facet normal -0.9990482214769228 -0.04361938976874022 0
    outer loop
      vertex 2.9 -86.20000000298023 0.010000000000000009
      vertex 2.9114159062504767 -86.46146722882986 -3.99
      vertex 2.9114159062504767 -86.46146722882986 0.010000000000000009
    endloop
  endfacet
  facet normal -0.9914448605738744 -0.13052619829616904 0
    outer loop
      vertex 2.9114159062504767 -86.46146722882986 0.010000000000000009
      vertex 2.9455767437815665 -86.7209445387125 -3.99
      vertex 2.9455767437815665 -86.7209445387125 0.010000000000000009
    endloop
  endfacet
  facet normal -0.9762960066667415 -0.21643961598231837 0
    outer loop
      vertex 2.9455767437815665 -86.7209445387125 0.010000000000000009
      vertex 3.0022225245833396 -86.97645714133978 -3.99
      vertex 3.0022225245833396 -86.97645714133978 0.010000000000000009
    endloop
  endfacet
  facet normal -0.9537169563580069 -0.3007057817123236 0
    outer loop
      vertex 3.0022225245833396 -86.97645714133978 0.010000000000000009
      vertex 3.080922135710716 -87.2260604351759 -3.99
      vertex 3.080922135710716 -87.2260604351759 0.010000000000000009
    endloop
  endfacet
  facet normal -0.9238795285325985 -0.38268344197049287 0
    outer loop
      vertex 3.080922135710716 -87.2260604351759 0.010000000000000009
      vertex 3.1810766398906707 -87.46785479038954 -3.99
      vertex 3.1810766398906707 -87.46785479038954 0.010000000000000009
    endloop
  endfacet
  facet normal -0.8870108299460169 -0.46174861944404144 0
    outer loop
      vertex 3.1810766398906707 -87.46785479038954 0.010000000000000009
      vertex 3.3019237905740737 -87.70000000298023 -3.99
      vertex 3.3019237905740737 -87.70000000298023 0.010000000000000009
    endloop
  endfacet
  facet normal -0.8433914485690289 -0.5372996040205454 0
    outer loop
      vertex 3.3019237905740737 -87.70000000298023 0.010000000000000009
      vertex 3.442543865740299 -87.92072930932045 -3.99
      vertex 3.442543865740299 -87.92072930932045 0.010000000000000009
    endloop
  endfacet
  facet normal -0.7933533435043424 -0.6087614248213178 0
    outer loop
      vertex 3.442543865740299 -87.92072930932045 0.010000000000000009
      vertex 3.6018666714429854 -88.12836283445358 -3.99
      vertex 3.6018666714429854 -88.12836283445358 0.010000000000000009
    endloop
  endfacet
  facet normal -0.7372773375807703 -0.6755902067746475 0
    outer loop
      vertex 3.6018666714429854 -88.12836283445358 0.010000000000000009
      vertex 3.7786796554923057 -88.32132034748793 -3.99
      vertex 3.7786796554923057 -88.32132034748793 0.010000000000000009
    endloop
  endfacet
  facet normal -0.6755902067746475 -0.7372773375807703 0
    outer loop
      vertex 3.7786796554923057 -88.32132034748793 0.010000000000000009
      vertex 3.9716371685266494 -88.49813333153725 -3.99
      vertex 3.9716371685266494 -88.49813333153725 0.010000000000000009
    endloop
  endfacet
  facet normal 0.9990482221556044 0.043619374224375125 0
    outer loop
      vertex 4.5000000014901165 -86.16508789360523 0
      vertex 4.506845915317536 -86.32188514620066 0
      vertex 4.506845915317536 -86.32188514620066 -3.99
    endloop
  endfacet
  facet normal 0.9914448645731766 0.13052616791845034 0
    outer loop
      vertex 4.506845915317536 -86.32188514620066 0
      vertex 4.522770287096501 -86.44284278154373 0
      vertex 4.522770287096501 -86.44284278154373 -3.99
    endloop
  endfacet
  facet normal 0.9762960029499594 0.2164396327476388 0
    outer loop
      vertex 4.522770287096501 -86.44284278154373 0
      vertex 4.549176202714444 -86.56195215880871 0
      vertex 4.549176202714444 -86.56195215880871 -3.99
    endloop
  endfacet
  facet normal 0.9537169606696437 0.30070576803755733 0
    outer loop
      vertex 4.549176202714444 -86.56195215880871 0
      vertex 4.585862705111504 -86.67830689251423 0
      vertex 4.585862705111504 -86.67830689251423 -3.99
    endloop
  endfacet
  facet normal 0.9238795360866325 0.38268342373344155 0
    outer loop
      vertex 4.585862705111504 -86.67830689251423 0
      vertex 4.632550568878651 -86.79102136939764 0
      vertex 4.632550568878651 -86.79102136939764 -3.99
    endloop
  endfacet
  facet normal 0.8870108243662727 0.4617486301626301 0
    outer loop
      vertex 4.632550568878651 -86.79102136939764 0
      vertex 4.688884520530701 -86.89923787862062 0
      vertex 4.688884520530701 -86.89923787862062 -3.99
    endloop
  endfacet
  facet normal 0.8433914349696949 0.5372996253672236 0
    outer loop
      vertex 4.688884520530701 -86.89923787862062 0
      vertex 4.7544357344508175 -87.00213266909122 0
      vertex 4.7544357344508175 -87.00213266909122 -3.99
    endloop
  endfacet
  facet normal 0.7933533237870127 0.6087614505174415 0
    outer loop
      vertex 4.7544357344508175 -87.00213266909122 0
      vertex 4.828705461323262 -87.09892285615206 0
      vertex 4.828705461323262 -87.09892285615206 -3.99
    endloop
  endfacet
  facet normal 0.7372773501997171 0.6755901930034833 0
    outer loop
      vertex 4.828705461323262 -87.09892285615206 0
      vertex 4.911128343641758 -87.1888716518879 0
      vertex 4.911128343641758 -87.1888716518879 -3.99
    endloop
  endfacet
  facet normal 0.6755901930034833 0.7372773501997171 0
    outer loop
      vertex 4.911128343641758 -87.1888716518879 0
      vertex 5.001077139377594 -87.27129453420639 0
      vertex 5.001077139377594 -87.27129453420639 -3.99
    endloop
  endfacet
  facet normal 0.6087614505174415 0.7933533237870127 0
    outer loop
      vertex 5.001077139377594 -87.27129453420639 0
      vertex 5.097867326438427 -87.34556426107883 0
      vertex 5.097867326438427 -87.34556426107883 -3.99
    endloop
  endfacet
  facet normal 0.5372996253672236 0.8433914349696949 0
    outer loop
      vertex 5.097867326438427 -87.34556426107883 0
      vertex 5.2007621169090275 -87.41111547499895 0
      vertex 5.2007621169090275 -87.41111547499895 -3.99
    endloop
  endfacet
  facet normal 0.4617486301626301 0.8870108243662727 0
    outer loop
      vertex 5.2007621169090275 -87.41111547499895 0
      vertex 5.308978626132012 -87.467449426651 0
      vertex 5.308978626132012 -87.467449426651 -3.99
    endloop
  endfacet
  facet normal 0.38268342373344155 0.9238795360866325 0
    outer loop
      vertex 5.308978626132012 -87.467449426651 0
      vertex 5.421693103015423 -87.51413729041815 0
      vertex 5.421693103015423 -87.51413729041815 -3.99
    endloop
  endfacet
  facet normal 0.30070576803755733 0.9537169606696437 0
    outer loop
      vertex 5.421693103015423 -87.51413729041815 0
      vertex 5.538047836720944 -87.55082379281521 0
      vertex 5.538047836720944 -87.55082379281521 -3.99
    endloop
  endfacet
  facet normal 0.2164396327476388 0.9762960029499594 0
    outer loop
      vertex 5.538047836720944 -87.55082379281521 0
      vertex 5.65715721398592 -87.57722970843315 0
      vertex 5.65715721398592 -87.57722970843315 -3.99
    endloop
  endfacet
  facet normal -0.6087614248213168 -0.793353343504343 -1.3035104254340085e-18
    outer loop
      vertex 3.9716371685266494 -88.49813333153725 0.010000000000000009
      vertex 4.179270693659783 -88.65745613723993 -3.99
      vertex 4.179270693659783 -88.65745613723993 0.010000000000000009
    endloop
  endfacet
  facet normal -0.5372996040205454 -0.8433914485690289 0
    outer loop
      vertex 4.179270693659783 -88.65745613723993 0.010000000000000009
      vertex 4.4 -88.79807621240616 -3.99
      vertex 4.4 -88.79807621240616 0.010000000000000009
    endloop
  endfacet
  facet normal -0.46174861944404144 -0.8870108299460169 0
    outer loop
      vertex 4.4 -88.79807621240616 0.010000000000000009
      vertex 4.632145212590695 -88.91892336308956 -3.99
      vertex 4.632145212590695 -88.91892336308956 0.010000000000000009
    endloop
  endfacet
  facet normal -0.38268344197049287 -0.9238795285325985 0
    outer loop
      vertex 4.632145212590695 -88.91892336308956 0.010000000000000009
      vertex 4.873939567804337 -89.01907786726952 -3.99
      vertex 4.873939567804337 -89.01907786726952 0.010000000000000009
    endloop
  endfacet
  facet normal -0.3007057817123236 -0.9537169563580069 0
    outer loop
      vertex 4.873939567804337 -89.01907786726952 0.010000000000000009
      vertex 5.123542861640454 -89.09777747839689 -3.99
      vertex 5.123542861640454 -89.09777747839689 0.010000000000000009
    endloop
  endfacet
  facet normal -0.21643961598231837 -0.9762960066667415 0
    outer loop
      vertex 5.123542861640454 -89.09777747839689 0.010000000000000009
      vertex 5.379055464267731 -89.15442325919867 -3.99
      vertex 5.379055464267731 -89.15442325919867 0.010000000000000009
    endloop
  endfacet
  facet normal -0.13052619829616904 -0.9914448605738744 0
    outer loop
      vertex 5.379055464267731 -89.15442325919867 0.010000000000000009
      vertex 5.638532774150372 -89.18858409672976 -3.99
      vertex 5.638532774150372 -89.18858409672976 0.010000000000000009
    endloop
  endfacet
  facet normal 0.13052616791845034 0.9914448645731766 0
    outer loop
      vertex 5.65715721398592 -87.57722970843315 0
      vertex 5.778114849328995 -87.59315408021212 0
      vertex 5.778114849328995 -87.59315408021212 -3.99
    endloop
  endfacet
  facet normal 0.04361941953738379 0.9990482201771953 0
    outer loop
      vertex 5.778114849328995 -87.59315408021212 0
      vertex 5.934912109375 -87.60000000149012 0
      vertex 5.934912109375 -87.60000000149012 -3.99
    endloop
  endfacet
  facet normal -0.04361938976874022 -0.9990482214769228 0
    outer loop
      vertex 5.638532774150372 -89.18858409672976 0.010000000000000009
      vertex 5.9 -89.20000000298023 -3.99
      vertex 5.9 -89.20000000298023 0.010000000000000009
    endloop
  endfacet
  facet normal 0 -1 0
    outer loop
      vertex 5.9 -89.20000000298023 0.010000000000000009
      vertex 5.9 -89.20000000298023 -3.99
      vertex 13.734999998137354 -89.20000000298023 -2.100000001490117
    endloop
  endfacet
  facet normal -0.9990482214769228 -0.04361938976874022 0
    outer loop
      vertex 2.9 -86.20000000298023 0.010000000000000009
      vertex 2.9 -86.20000000298023 -3.99
      vertex 2.9114159062504767 -86.46146722882986 -3.99
    endloop
  endfacet
  facet normal -0.9914448605738744 -0.13052619829616904 0
    outer loop
      vertex 2.9114159062504767 -86.46146722882986 0.010000000000000009
      vertex 2.9114159062504767 -86.46146722882986 -3.99
      vertex 2.9455767437815665 -86.7209445387125 -3.99
    endloop
  endfacet
  facet normal -0.9762960066667415 -0.21643961598231837 0
    outer loop
      vertex 2.9455767437815665 -86.7209445387125 0.010000000000000009
      vertex 2.9455767437815665 -86.7209445387125 -3.99
      vertex 3.0022225245833396 -86.97645714133978 -3.99
    endloop
  endfacet
  facet normal -0.9537169563580069 -0.3007057817123236 0
    outer loop
      vertex 3.0022225245833396 -86.97645714133978 0.010000000000000009
      vertex 3.0022225245833396 -86.97645714133978 -3.99
      vertex 3.080922135710716 -87.2260604351759 -3.99
    endloop
  endfacet
  facet normal -0.9238795285325985 -0.38268344197049287 0
    outer loop
      vertex 3.080922135710716 -87.2260604351759 0.010000000000000009
      vertex 3.080922135710716 -87.2260604351759 -3.99
      vertex 3.1810766398906707 -87.46785479038954 -3.99
    endloop
  endfacet
  facet normal -0.8870108299460169 -0.46174861944404144 0
    outer loop
      vertex 3.1810766398906707 -87.46785479038954 0.010000000000000009
      vertex 3.1810766398906707 -87.46785479038954 -3.99
      vertex 3.3019237905740737 -87.70000000298023 -3.99
    endloop
  endfacet
  facet normal -0.8433914485690289 -0.5372996040205454 0
    outer loop
      vertex 3.3019237905740737 -87.70000000298023 0.010000000000000009
      vertex 3.3019237905740737 -87.70000000298023 -3.99
      vertex 3.442543865740299 -87.92072930932045 -3.99
    endloop
  endfacet
  facet normal -0.7933533435043424 -0.6087614248213178 0
    outer loop
      vertex 3.442543865740299 -87.92072930932045 0.010000000000000009
      vertex 3.442543865740299 -87.92072930932045 -3.99
      vertex 3.6018666714429854 -88.12836283445358 -3.99
    endloop
  endfacet
  facet normal -0.7372773375807703 -0.6755902067746475 0
    outer loop
      vertex 3.6018666714429854 -88.12836283445358 0.010000000000000009
      vertex 3.6018666714429854 -88.12836283445358 -3.99
      vertex 3.7786796554923057 -88.32132034748793 -3.99
    endloop
  endfacet
  facet normal -0.6755902067746475 -0.7372773375807703 0
    outer loop
      vertex 3.7786796554923057 -88.32132034748793 0.010000000000000009
      vertex 3.7786796554923057 -88.32132034748793 -3.99
      vertex 3.9716371685266494 -88.49813333153725 -3.99
    endloop
  endfacet
  facet normal -0.6087614248213168 -0.793353343504343 0
    outer loop
      vertex 3.9716371685266494 -88.49813333153725 0.010000000000000009
      vertex 3.9716371685266494 -88.49813333153725 -3.99
      vertex 4.179270693659783 -88.65745613723993 -3.99
    endloop
  endfacet
  facet normal 0.9990482221556044 0.043619374224375125 0
    outer loop
      vertex 4.5000000014901165 -86.16508789360523 0
      vertex 4.506845915317536 -86.32188514620066 -3.99
      vertex 4.5000000014901165 -86.16508789360523 -3.99
    endloop
  endfacet
  facet normal 0.9914448645731766 0.13052616791845034 0
    outer loop
      vertex 4.506845915317536 -86.32188514620066 0
      vertex 4.522770287096501 -86.44284278154373 -3.99
      vertex 4.506845915317536 -86.32188514620066 -3.99
    endloop
  endfacet
  facet normal 0.9762960029499594 0.2164396327476388 0
    outer loop
      vertex 4.522770287096501 -86.44284278154373 0
      vertex 4.549176202714444 -86.56195215880871 -3.99
      vertex 4.522770287096501 -86.44284278154373 -3.99
    endloop
  endfacet
  facet normal 0.9537169606696437 0.30070576803755733 0
    outer loop
      vertex 4.549176202714444 -86.56195215880871 0
      vertex 4.585862705111504 -86.67830689251423 -3.99
      vertex 4.549176202714444 -86.56195215880871 -3.99
    endloop
  endfacet
  facet normal 0.9238795360866325 0.38268342373344155 0
    outer loop
      vertex 4.585862705111504 -86.67830689251423 0
      vertex 4.632550568878651 -86.79102136939764 -3.99
      vertex 4.585862705111504 -86.67830689251423 -3.99
    endloop
  endfacet
  facet normal 0.8870108243662727 0.4617486301626301 0
    outer loop
      vertex 4.632550568878651 -86.79102136939764 0
      vertex 4.688884520530701 -86.89923787862062 -3.99
      vertex 4.632550568878651 -86.79102136939764 -3.99
    endloop
  endfacet
  facet normal 0.8433914349696949 0.5372996253672236 0
    outer loop
      vertex 4.688884520530701 -86.89923787862062 0
      vertex 4.7544357344508175 -87.00213266909122 -3.99
      vertex 4.688884520530701 -86.89923787862062 -3.99
    endloop
  endfacet
  facet normal 0.7933533237870127 0.6087614505174415 0
    outer loop
      vertex 4.7544357344508175 -87.00213266909122 0
      vertex 4.828705461323262 -87.09892285615206 -3.99
      vertex 4.7544357344508175 -87.00213266909122 -3.99
    endloop
  endfacet
  facet normal 0.7372773501997171 0.6755901930034833 0
    outer loop
      vertex 4.828705461323262 -87.09892285615206 0
      vertex 4.911128343641758 -87.1888716518879 -3.99
      vertex 4.828705461323262 -87.09892285615206 -3.99
    endloop
  endfacet
  facet normal 0.6755901930034833 0.7372773501997171 0
    outer loop
      vertex 4.911128343641758 -87.1888716518879 0
      vertex 5.001077139377594 -87.27129453420639 -3.99
      vertex 4.911128343641758 -87.1888716518879 -3.99
    endloop
  endfacet
  facet normal 0.6087614505174415 0.7933533237870127 0
    outer loop
      vertex 5.001077139377594 -87.27129453420639 0
      vertex 5.097867326438427 -87.34556426107883 -3.99
      vertex 5.001077139377594 -87.27129453420639 -3.99
    endloop
  endfacet
  facet normal 0.5372996253672236 0.8433914349696949 0
    outer loop
      vertex 5.097867326438427 -87.34556426107883 0
      vertex 5.2007621169090275 -87.41111547499895 -3.99
      vertex 5.097867326438427 -87.34556426107883 -3.99
    endloop
  endfacet
  facet normal 0.4617486301626301 0.8870108243662727 0
    outer loop
      vertex 5.2007621169090275 -87.41111547499895 0
      vertex 5.308978626132012 -87.467449426651 -3.99
      vertex 5.2007621169090275 -87.41111547499895 -3.99
    endloop
  endfacet
  facet normal 0.38268342373344155 0.9238795360866325 0
    outer loop
      vertex 5.308978626132012 -87.467449426651 0
      vertex 5.421693103015423 -87.51413729041815 -3.99
      vertex 5.308978626132012 -87.467449426651 -3.99
    endloop
  endfacet
  facet normal 0.30070576803755733 0.9537169606696437 0
    outer loop
      vertex 5.421693103015423 -87.51413729041815 0
      vertex 5.538047836720944 -87.55082379281521 -3.99
      vertex 5.421693103015423 -87.51413729041815 -3.99
    endloop
  endfacet
  facet normal 0.2164396327476388 0.9762960029499594 0
    outer loop
      vertex 5.538047836720944 -87.55082379281521 0
      vertex 5.65715721398592 -87.57722970843315 -3.99
      vertex 5.538047836720944 -87.55082379281521 -3.99
    endloop
  endfacet
  facet normal 0.13052616791845034 0.9914448645731766 0
    outer loop
      vertex 5.65715721398592 -87.57722970843315 0
      vertex 5.778114849328995 -87.59315408021212 -3.99
      vertex 5.65715721398592 -87.57722970843315 -3.99
    endloop
  endfacet
  facet normal -0.5372996040205454 -0.8433914485690289 0
    outer loop
      vertex 4.179270693659783 -88.65745613723993 0.010000000000000009
      vertex 4.179270693659783 -88.65745613723993 -3.99
      vertex 4.4 -88.79807621240616 -3.99
    endloop
  endfacet
  facet normal -0.46174861944404144 -0.8870108299460169 0
    outer loop
      vertex 4.4 -88.79807621240616 0.010000000000000009
      vertex 4.4 -88.79807621240616 -3.99
      vertex 4.632145212590695 -88.91892336308956 -3.99
    endloop
  endfacet
  facet normal -0.38268344197049287 -0.9238795285325985 0
    outer loop
      vertex 4.632145212590695 -88.91892336308956 0.010000000000000009
      vertex 4.632145212590695 -88.91892336308956 -3.99
      vertex 4.873939567804337 -89.01907786726952 -3.99
    endloop
  endfacet
  facet normal -0.3007057817123236 -0.9537169563580069 0
    outer loop
      vertex 4.873939567804337 -89.01907786726952 0.010000000000000009
      vertex 4.873939567804337 -89.01907786726952 -3.99
      vertex 5.123542861640454 -89.09777747839689 -3.99
    endloop
  endfacet
  facet normal -0.21643961598231837 -0.9762960066667415 0
    outer loop
      vertex 5.123542861640454 -89.09777747839689 0.010000000000000009
      vertex 5.123542861640454 -89.09777747839689 -3.99
      vertex 5.379055464267731 -89.15442325919867 -3.99
    endloop
  endfacet
  facet normal -0.13052619829616904 -0.9914448605738744 0
    outer loop
      vertex 5.379055464267731 -89.15442325919867 0.010000000000000009
      vertex 5.379055464267731 -89.15442325919867 -3.99
      vertex 5.638532774150372 -89.18858409672976 -3.99
    endloop
  endfacet
  facet normal 0 0 -1
    outer loop
      vertex 2.9 -86.20000000298023 -3.99
      vertex 4.506845915317536 -86.32188514620066 -3.99
      vertex 2.9114159062504767 -86.46146722882986 -3.99
    endloop
  endfacet
  facet normal 0 0 -1
    outer loop
      vertex 2.9 -86.20000000298023 -3.99
      vertex 4.5000000014901165 -86.16508789360523 -3.99
      vertex 4.506845915317536 -86.32188514620066 -3.99
    endloop
  endfacet
  facet normal 0 0 -1
    outer loop
      vertex 2.9114159062504767 -86.46146722882986 -3.99
      vertex 4.522770287096501 -86.44284278154373 -3.99
      vertex 2.9455767437815665 -86.7209445387125 -3.99
    endloop
  endfacet
  facet normal 0 0 -1
    outer loop
      vertex 2.9455767437815665 -86.7209445387125 -3.99
      vertex 4.549176202714444 -86.56195215880871 -3.99
      vertex 3.0022225245833396 -86.97645714133978 -3.99
    endloop
  endfacet
  facet normal 0 0 -1
    outer loop
      vertex 3.0022225245833396 -86.97645714133978 -3.99
      vertex 4.585862705111504 -86.67830689251423 -3.99
      vertex 3.080922135710716 -87.2260604351759 -3.99
    endloop
  endfacet
  facet normal 0 0 -1
    outer loop
      vertex 3.080922135710716 -87.2260604351759 -3.99
      vertex 4.632550568878651 -86.79102136939764 -3.99
      vertex 3.1810766398906707 -87.46785479038954 -3.99
    endloop
  endfacet
  facet normal 0 0 -1
    outer loop
      vertex 2.9114159062504767 -86.46146722882986 -3.99
      vertex 4.506845915317536 -86.32188514620066 -3.99
      vertex 4.522770287096501 -86.44284278154373 -3.99
    endloop
  endfacet
  facet normal 0 0 -1
    outer loop
      vertex 2.9455767437815665 -86.7209445387125 -3.99
      vertex 4.522770287096501 -86.44284278154373 -3.99
      vertex 4.549176202714444 -86.56195215880871 -3.99
    endloop
  endfacet
  facet normal 0 0 -1
    outer loop
      vertex 3.0022225245833396 -86.97645714133978 -3.99
      vertex 4.549176202714444 -86.56195215880871 -3.99
      vertex 4.585862705111504 -86.67830689251423 -3.99
    endloop
  endfacet
  facet normal 0 0 -1
    outer loop
      vertex 3.080922135710716 -87.2260604351759 -3.99
      vertex 4.585862705111504 -86.67830689251423 -3.99
      vertex 4.632550568878651 -86.79102136939764 -3.99
    endloop
  endfacet
  facet normal 0 0 -1
    outer loop
      vertex 3.1810766398906707 -87.46785479038954 -3.99
      vertex 4.688884520530701 -86.89923787862062 -3.99
      vertex 3.3019237905740737 -87.70000000298023 -3.99
    endloop
  endfacet
  facet normal 0 0 -1
    outer loop
      vertex 3.3019237905740737 -87.70000000298023 -3.99
      vertex 4.7544357344508175 -87.00213266909122 -3.99
      vertex 3.442543865740299 -87.92072930932045 -3.99
    endloop
  endfacet
  facet normal 0 0 -1
    outer loop
      vertex 3.442543865740299 -87.92072930932045 -3.99
      vertex 4.828705461323262 -87.09892285615206 -3.99
      vertex 3.6018666714429854 -88.12836283445358 -3.99
    endloop
  endfacet
  facet normal 0 0 -1
    outer loop
      vertex 3.6018666714429854 -88.12836283445358 -3.99
      vertex 4.911128343641758 -87.1888716518879 -3.99
      vertex 3.7786796554923057 -88.32132034748793 -3.99
    endloop
  endfacet
  facet normal 0 0 -1
    outer loop
      vertex 3.1810766398906707 -87.46785479038954 -3.99
      vertex 4.632550568878651 -86.79102136939764 -3.99
      vertex 4.688884520530701 -86.89923787862062 -3.99
    endloop
  endfacet
  facet normal 0 0 -1
    outer loop
      vertex 3.3019237905740737 -87.70000000298023 -3.99
      vertex 4.688884520530701 -86.89923787862062 -3.99
      vertex 4.7544357344508175 -87.00213266909122 -3.99
    endloop
  endfacet
  facet normal 0 0 -1
    outer loop
      vertex 3.442543865740299 -87.92072930932045 -3.99
      vertex 4.7544357344508175 -87.00213266909122 -3.99
      vertex 4.828705461323262 -87.09892285615206 -3.99
    endloop
  endfacet
  facet normal 0 0 -1
    outer loop
      vertex 3.6018666714429854 -88.12836283445358 -3.99
      vertex 4.828705461323262 -87.09892285615206 -3.99
      vertex 4.911128343641758 -87.1888716518879 -3.99
    endloop
  endfacet
  facet normal 0 0 -1
    outer loop
      vertex 3.7786796554923057 -88.32132034748793 -3.99
      vertex 4.911128343641758 -87.1888716518879 -3.99
      vertex 5.001077139377594 -87.27129453420639 -3.99
    endloop
  endfacet
  facet normal 0 0 -1
    outer loop
      vertex 3.9716371685266494 -88.49813333153725 -3.99
      vertex 5.001077139377594 -87.27129453420639 -3.99
      vertex 5.097867326438427 -87.34556426107883 -3.99
    endloop
  endfacet
  facet normal 0 0 -1
    outer loop
      vertex 3.7786796554923057 -88.32132034748793 -3.99
      vertex 5.001077139377594 -87.27129453420639 -3.99
      vertex 3.9716371685266494 -88.49813333153725 -3.99
    endloop
  endfacet
  facet normal 0 0 -1
    outer loop
      vertex 3.9716371685266494 -88.49813333153725 -3.99
      vertex 5.097867326438427 -87.34556426107883 -3.99
      vertex 4.179270693659783 -88.65745613723993 -3.99
    endloop
  endfacet
  facet normal 0 0 -1
    outer loop
      vertex 5.2007621169090275 -87.41111547499895 -3.99
      vertex 4.4 -88.79807621240616 -3.99
      vertex 4.179270693659783 -88.65745613723993 -3.99
    endloop
  endfacet
  facet normal 0 0 -1
    outer loop
      vertex 5.097867326438427 -87.34556426107883 -3.99
      vertex 5.2007621169090275 -87.41111547499895 -3.99
      vertex 4.179270693659783 -88.65745613723993 -3.99
    endloop
  endfacet
  facet normal 0 0 -1
    outer loop
      vertex 5.308978626132012 -87.467449426651 -3.99
      vertex 4.632145212590695 -88.91892336308956 -3.99
      vertex 4.4 -88.79807621240616 -3.99
    endloop
  endfacet
  facet normal 0 0 -1
    outer loop
      vertex 5.2007621169090275 -87.41111547499895 -3.99
      vertex 5.308978626132012 -87.467449426651 -3.99
      vertex 4.4 -88.79807621240616 -3.99
    endloop
  endfacet
  facet normal 0 0 -1
    outer loop
      vertex 5.308978626132012 -87.467449426651 -3.99
      vertex 5.421693103015423 -87.51413729041815 -3.99
      vertex 4.632145212590695 -88.91892336308956 -3.99
    endloop
  endfacet
  facet normal 0 0 -1
    outer loop
      vertex 5.421693103015423 -87.51413729041815 -3.99
      vertex 5.538047836720944 -87.55082379281521 -3.99
      vertex 4.873939567804337 -89.01907786726952 -3.99
    endloop
  endfacet
  facet normal 0 0 -1
    outer loop
      vertex 5.421693103015423 -87.51413729041815 -3.99
      vertex 4.873939567804337 -89.01907786726952 -3.99
      vertex 4.632145212590695 -88.91892336308956 -3.99
    endloop
  endfacet
  facet normal 0 0 -1
    outer loop
      vertex 5.538047836720944 -87.55082379281521 -3.99
      vertex 5.123542861640454 -89.09777747839689 -3.99
      vertex 4.873939567804337 -89.01907786726952 -3.99
    endloop
  endfacet
  facet normal 0 0 -1
    outer loop
      vertex 5.538047836720944 -87.55082379281521 -3.99
      vertex 5.65715721398592 -87.57722970843315 -3.99
      vertex 5.123542861640454 -89.09777747839689 -3.99
    endloop
  endfacet
  facet normal 0 0 -1
    outer loop
      vertex 5.65715721398592 -87.57722970843315 -3.99
      vertex 5.778114849328995 -87.59315408021212 -3.99
      vertex 5.379055464267731 -89.15442325919867 -3.99
    endloop
  endfacet
  facet normal 0 0 -1
    outer loop
      vertex 5.65715721398592 -87.57722970843315 -3.99
      vertex 5.379055464267731 -89.15442325919867 -3.99
      vertex 5.123542861640454 -89.09777747839689 -3.99
    endloop
  endfacet
  facet normal 0 0 -1
    outer loop
      vertex 5.379055464267731 -89.15442325919867 -3.99
      vertex 5.778114849328995 -87.59315408021212 -3.99
      vertex 5.638532774150372 -89.18858409672976 -3.99
    endloop
  endfacet
  facet normal 0.04361941953738379 0.9990482201771953 0
    outer loop
      vertex 5.778114849328995 -87.59315408021212 0
      vertex 5.934912109375 -87.60000000149012 -3.99
      vertex 5.778114849328995 -87.59315408021212 -3.99
    endloop
  endfacet
  facet normal -0.04361938976874022 -0.9990482214769228 0
    outer loop
      vertex 5.638532774150372 -89.18858409672976 0.010000000000000009
      vertex 5.638532774150372 -89.18858409672976 -3.99
      vertex 5.9 -89.20000000298023 -3.99
    endloop
  endfacet
  facet normal 0 0 -1
    outer loop
      vertex 5.638532774150372 -89.18858409672976 -3.99
      vertex 5.778114849328995 -87.59315408021212 -3.99
      vertex 5.934912109375 -87.60000000149012 -3.99
    endloop
  endfacet
  facet normal 0 0 -1
    outer loop
      vertex 5.638532774150372 -89.18858409672976 -3.99
      vertex 5.934912109375 -87.60000000149012 -3.99
      vertex 5.9 -89.20000000298023 -3.99
    endloop
  endfacet
  facet normal 0 0 -1
    outer loop
      vertex 5.934912109375 -87.60000000149012 -3.99
      vertex 14.345714285714285 -89.20000000298023 -3.99
      vertex 5.9 -89.20000000298023 -3.99
    endloop
  endfacet
  facet normal 0 -1 0
    outer loop
      vertex 5.9 -89.20000000298023 0.010000000000000009
      vertex 13.734999998137354 -89.20000000298023 -2.100000001490117
      vertex 14.359999997707515 -89.20000000298023 -1.6000000018339873
    endloop
  endfacet
  facet normal 0 -1 0
    outer loop
      vertex 5.9 -89.20000000298023 0.010000000000000009
      vertex 14.359999997707515 -89.20000000298023 -1.6000000018339873
      vertex 19.360000002292484 -89.20000000298023 -1.6000000018339873
    endloop
  endfacet
  facet normal 0 -1 0
    outer loop
      vertex 5.9 -89.20000000298023 -3.99
      vertex 13.734999998137354 -89.20000000298023 -3.562499998696148
      vertex 13.734999998137354 -89.20000000298023 -2.100000001490117
    endloop
  endfacet
  facet normal 0 0 -1
    outer loop
      vertex 5.934912109375 -87.60000000149012 -3.99
      vertex 14.36 -88.2 -3.99
      vertex 14.345714285714285 -88.22285714285715 -3.99
    endloop
  endfacet
  facet normal 0 0 -1
    outer loop
      vertex 5.934912109375 -87.60000000149012 -3.99
      vertex 14.345714285714285 -88.22285714285715 -3.99
      vertex 14.345714285714285 -89.20000000298023 -3.99
    endloop
  endfacet
  facet normal 0 -1 0
    outer loop
      vertex 5.9 -89.20000000298023 -3.99
      vertex 14.345714285714285 -89.20000000298023 -3.99
      vertex 13.734999998137354 -89.20000000298023 -3.562499998696148
    endloop
  endfacet
  facet normal 0 0 1
    outer loop
      vertex 5.9 -89.20000000298023 0.010000000000000009
      vertex 49.300000000055874 -88.91000000150873 0.010000000000000009
      vertex 6.900000001452863 -88.91000000150873 0.010000000000000009
    endloop
  endfacet
  facet normal 0 -1 0
    outer loop
      vertex 5.9 -89.20000000298023 0.010000000000000009
      vertex 19.360000002292484 -89.20000000298023 -1.6000000018339873
      vertex 36.21499999813735 -89.20000000298023 -2.100000001490117
    endloop
  endfacet
  facet normal 0 1 0
    outer loop
      vertex 5.934912109375 -87.60000000149012 0
      vertex 50.26508788913488 -87.60000000149012 -3.99
      vertex 5.934912109375 -87.60000000149012 -3.99
    endloop
  endfacet
  facet normal 0 -1 0
    outer loop
      vertex 5.9 -89.20000000298023 0.010000000000000009
      vertex 36.21499999813735 -89.20000000298023 -2.100000001490117
      vertex 36.839999997707515 -89.20000000298023 -1.6000000018339873
    endloop
  endfacet
  facet normal 0 -1 0
    outer loop
      vertex 19.360000002292484 -89.20000000298023 -1.6000000018339873
      vertex 19.985000001862645 -89.20000000298023 -2.100000001490117
      vertex 36.21499999813735 -89.20000000298023 -2.100000001490117
    endloop
  endfacet
  facet normal 0 0 -1
    outer loop
      vertex 5.934912109375 -87.60000000149012 -3.99
      vertex 50.26508788913488 -87.60000000149012 -3.99
      vertex 14.36 -88.2 -3.99
    endloop
  endfacet
  facet normal 0 -1 0
    outer loop
      vertex 19.985000001862645 -89.20000000298023 -2.100000001490117
      vertex 19.985000001862645 -89.20000000298023 -3.562499998696148
      vertex 36.21499999813735 -89.20000000298023 -2.100000001490117
    endloop
  endfacet
  facet normal 0 0 -1
    outer loop
      vertex 19.374285714285712 -88.22285714285715 -3.99
      vertex 36.825714285714284 -89.20000000298023 -3.99
      vertex 19.374285714285715 -89.20000000298023 -3.99
    endloop
  endfacet
  facet normal 0 -1 0
    outer loop
      vertex 19.985000001862645 -89.20000000298023 -3.562499998696148
      vertex 19.374285714285715 -89.20000000298023 -3.99
      vertex 36.21499999813735 -89.20000000298023 -3.562499998696148
    endloop
  endfacet
  facet normal 0 0 -1
    outer loop
      vertex 14.36 -88.2 -3.99
      vertex 50.26508788913488 -87.60000000149012 -3.99
      vertex 19.36 -88.2 -3.99
    endloop
  endfacet
  facet normal 0 0 1
    outer loop
      vertex 6.900000001452863 -3.29 0.010000000000000009
      vertex 49.300000000055874 -3.29 0.010000000000000009
      vertex 50.29999999850988 -3 0.010000000000000009
    endloop
  endfacet
  facet normal 0 1 0
    outer loop
      vertex 19.36 -3 -1.6
      vertex 50.29999999850988 -3 0.010000000000000009
      vertex 19.985 -3 -2.1000000000000005
    endloop
  endfacet
  facet normal 0 1 0
    outer loop
      vertex 19.985 -3 -2.1000000000000005
      vertex 36.839999999999996 -3 -1.6
      vertex 36.214999999999996 -3 -2.1000000000000005
    endloop
  endfacet
  facet normal 0 1 0
    outer loop
      vertex 19.985 -3 -2.1000000000000005
      vertex 36.214999999999996 -3 -2.1000000000000005
      vertex 36.214999999999996 -3 -3.5625
    endloop
  endfacet
  facet normal 0 0 -1
    outer loop
      vertex 19.36 -4 -3.99
      vertex 19.374285714285712 -3.9771428571428578 -3.99
      vertex 50.26508788913488 -4.600000001490116 -3.99
    endloop
  endfacet
  facet normal 0 1 0
    outer loop
      vertex 19.985 -3 -3.5625
      vertex 36.214999999999996 -3 -3.5625
      vertex 36.825714285714284 -3 -3.99
    endloop
  endfacet
  facet normal 0 0 -1
    outer loop
      vertex 19.374285714285712 -3.9771428571428578 -3.99
      vertex 36.825714285714284 -3 -3.99
      vertex 36.825714285714284 -3.9771428571428578 -3.99
    endloop
  endfacet
  facet normal 0 0 -1
    outer loop
      vertex 19.374285714285712 -3.9771428571428578 -3.99
      vertex 36.825714285714284 -3.9771428571428578 -3.99
      vertex 36.839999999999996 -4 -3.99
    endloop
  endfacet
  facet normal 0 1 0
    outer loop
      vertex 19.985 -3 -2.1000000000000005
      vertex 50.29999999850988 -3 0.010000000000000009
      vertex 36.839999999999996 -3 -1.6
    endloop
  endfacet
  facet normal 0 -1 0
    outer loop
      vertex 5.934912109375 -4.600000001490116 -3.99
      vertex 50.26508788913488 -4.600000001490116 -3.99
      vertex 50.26508788913488 -4.600000001490116 0
    endloop
  endfacet
  facet normal 0 0 -1
    outer loop
      vertex 19.374285714285712 -3.9771428571428578 -3.99
      vertex 36.839999999999996 -4 -3.99
      vertex 50.26508788913488 -4.600000001490116 -3.99
    endloop
  endfacet
  facet normal 0 0 1
    outer loop
      vertex 49.300000000055874 -3.29 0.010000000000000009
      vertex 49.30479356586933 -3.2902092915587127 0.010000000000000009
      vertex 50.29999999850988 -3 0.010000000000000009
    endloop
  endfacet
  facet normal 0 0 1
    outer loop
      vertex 49.30479356586933 -3.2902092915587127 0.010000000000000009
      vertex 49.61463223291561 -3.303737144879997 0.010000000000000009
      vertex 50.29999999850988 -3 0.010000000000000009
    endloop
  endfacet
  facet normal 0 0 1
    outer loop
      vertex 49.61463223291561 -3.303737144879997 0.010000000000000009
      vertex 49.92211283776909 -3.3442177299968896 0.010000000000000009
      vertex 50.29999999850988 -3 0.010000000000000009
    endloop
  endfacet
  facet normal 0 0 1
    outer loop
      vertex 50.29999999850988 -3 0.010000000000000009
      vertex 49.92211283776909 -3.3442177299968896 0.010000000000000009
      vertex 49.92686992172152 -3.344844012018293 0.010000000000000009
    endloop
  endfacet
  facet normal 0 0 1
    outer loop
      vertex 50.29999999850988 -3 0.010000000000000009
      vertex 49.92686992172152 -3.344844012018293 0.010000000000000009
      vertex 49.93155431939289 -3.34588251799345 0.010000000000000009
    endloop
  endfacet
  facet normal 0 0 1
    outer loop
      vertex 50.29999999850988 -3 0.010000000000000009
      vertex 49.93155431939289 -3.34588251799345 0.010000000000000009
      vertex 50.23433675203472 -3.4130077711865305 0.010000000000000009
    endloop
  endfacet
  facet normal 0 0 1
    outer loop
      vertex 50.29999999850988 -3 0.010000000000000009
      vertex 50.23433675203472 -3.4130077711865305 0.010000000000000009
      vertex 50.56146722435951 -3.011415906250477 0.010000000000000009
    endloop
  endfacet
  facet normal 0 0 1
    outer loop
      vertex 50.23433675203472 -3.4130077711865305 0.010000000000000009
      vertex 50.53011665964499 -3.506266813315451 0.010000000000000009
      vertex 50.56146722435951 -3.011415906250477 0.010000000000000009
    endloop
  endfacet
  facet normal 0 0 1
    outer loop
      vertex 50.56146722435951 -3.011415906250477 0.010000000000000009
      vertex 50.53469272010028 -3.507709639575332 0.010000000000000009
      vertex 50.53912561662495 -3.509545805454254 0.010000000000000009
    endloop
  endfacet
  facet normal 0 0 1
    outer loop
      vertex 50.56146722435951 -3.011415906250477 0.010000000000000009
      vertex 50.53011665964499 -3.506266813315451 0.010000000000000009
      vertex 50.53469272010028 -3.507709639575332 0.010000000000000009
    endloop
  endfacet
  facet normal 0 0 1
    outer loop
      vertex 50.56146722435951 -3.011415906250477 0.010000000000000009
      vertex 50.53912561662495 -3.509545805454254 0.010000000000000009
      vertex 50.82094453424215 -3.0455767437815666 0.010000000000000009
    endloop
  endfacet
  facet normal 0 0 1
    outer loop
      vertex 50.82094453424215 -3.0455767437815666 0.010000000000000009
      vertex 50.53912561662495 -3.509545805454254 0.010000000000000009
      vertex 51.07645713686943 -3.1022225245833397 0.010000000000000009
    endloop
  endfacet
  facet normal 0 0 1
    outer loop
      vertex 50.53912561662495 -3.509545805454254 0.010000000000000009
      vertex 50.82565192166716 -3.6282288929075 0.010000000000000009
      vertex 51.07645713686943 -3.1022225245833397 0.010000000000000009
    endloop
  endfacet
  facet normal 0 0 1
    outer loop
      vertex 50.82565192166716 -3.6282288929075 0.010000000000000009
      vertex 51.326060430705546 -3.1809221357107162 0.010000000000000009
      vertex 51.07645713686943 -3.1022225245833397 0.010000000000000009
    endloop
  endfacet
  facet normal 0 0 1
    outer loop
      vertex 50.82565192166716 -3.6282288929075 0.010000000000000009
      vertex 51.10074400153011 -3.771432759109884 0.010000000000000009
      vertex 51.326060430705546 -3.1809221357107162 0.010000000000000009
    endloop
  endfacet
  facet normal 0 0 1
    outer loop
      vertex 51.10499999715015 -3.7736482902057467 0.010000000000000009
      vertex 51.109046701118345 -3.776226324923336 0.010000000000000009
      vertex 51.326060430705546 -3.1809221357107162 0.010000000000000009
    endloop
  endfacet
  facet normal 0 0 1
    outer loop
      vertex 51.10499999715015 -3.7736482902057467 0.010000000000000009
      vertex 51.326060430705546 -3.1809221357107162 0.010000000000000009
      vertex 51.10074400153011 -3.771432759109884 0.010000000000000009
    endloop
  endfacet
  facet normal 0 0 1
    outer loop
      vertex 51.109046701118345 -3.776226324923336 0.010000000000000009
      vertex 51.56785478591919 -3.2810766398906708 0.010000000000000009
      vertex 51.326060430705546 -3.1809221357107162 0.010000000000000009
    endloop
  endfacet
  facet normal 0 0 1
    outer loop
      vertex 51.109046701118345 -3.776226324923336 0.010000000000000009
      vertex 51.79999999850988 -3.401923790574074 0.010000000000000009
      vertex 51.56785478591919 -3.2810766398906708 0.010000000000000009
    endloop
  endfacet
  facet normal 0 0 1
    outer loop
      vertex 51.109046701118345 -3.776226324923336 0.010000000000000009
      vertex 51.37061093501747 -3.9428611184097826 0.010000000000000009
      vertex 51.79999999850988 -3.401923790574074 0.010000000000000009
    endloop
  endfacet
  facet normal 0 0 1
    outer loop
      vertex 51.37441754952073 -3.945782036483288 0.010000000000000009
      vertex 51.79999999850988 -3.401923790574074 0.010000000000000009
      vertex 51.37061093501747 -3.9428611184097826 0.010000000000000009
    endloop
  endfacet
  facet normal 0 0 1
    outer loop
      vertex 51.37441754952073 -3.945782036483288 0.010000000000000009
      vertex 51.62046326944604 -4.134579561240971 0.010000000000000009
      vertex 52.0207293048501 -3.5425438657402992 0.010000000000000009
    endloop
  endfacet
  facet normal 0 0 1
    outer loop
      vertex 51.37441754952073 -3.945782036483288 0.010000000000000009
      vertex 52.0207293048501 -3.5425438657402992 0.010000000000000009
      vertex 51.79999999850988 -3.401923790574074 0.010000000000000009
    endloop
  endfacet
  facet normal 0 0 1
    outer loop
      vertex 51.624000823926174 -4.137821132652461 0.010000000000000009
      vertex 52.0207293048501 -3.5425438657402992 0.010000000000000009
      vertex 51.62046326944604 -4.134579561240971 0.010000000000000009
    endloop
  endfacet
  facet normal 0 0 1
    outer loop
      vertex 51.624000823926174 -4.137821132652461 0.010000000000000009
      vertex 52.22836282998323 -3.7018666714429855 0.010000000000000009
      vertex 52.0207293048501 -3.5425438657402992 0.010000000000000009
    endloop
  endfacet
  facet normal 0 0 1
    outer loop
      vertex 51.624000823926174 -4.137821132652461 0.010000000000000009
      vertex 51.852655478343365 -4.347344523165375 0.010000000000000009
      vertex 52.22836282998323 -3.7018666714429855 0.010000000000000009
    endloop
  endfacet
  facet normal 0 0 1
    outer loop
      vertex 51.852655478343365 -4.347344523165375 0.010000000000000009
      vertex 52.42132034301758 -3.8786796554923058 0.010000000000000009
      vertex 52.22836282998323 -3.7018666714429855 0.010000000000000009
    endloop
  endfacet
  facet normal 0 0 1
    outer loop
      vertex 51.852655478343365 -4.347344523165375 0.010000000000000009
      vertex 52.5981333270669 -4.0716371685266495 0.010000000000000009
      vertex 52.42132034301758 -3.8786796554923058 0.010000000000000009
    endloop
  endfacet
  facet normal 0 0 1
    outer loop
      vertex 51.852655478343365 -4.347344523165375 0.010000000000000009
      vertex 52.06217886885628 -4.5759991775825615 0.010000000000000009
      vertex 52.5981333270669 -4.0716371685266495 0.010000000000000009
    endloop
  endfacet
  facet normal 0 0 1
    outer loop
      vertex 52.06542044026777 -4.579536732062698 0.010000000000000009
      vertex 52.5981333270669 -4.0716371685266495 0.010000000000000009
      vertex 52.06217886885628 -4.5759991775825615 0.010000000000000009
    endloop
  endfacet
  facet normal 0 0 1
    outer loop
      vertex 52.06542044026777 -4.579536732062698 0.010000000000000009
      vertex 52.75745613276958 -4.279270693659782 0.010000000000000009
      vertex 52.5981333270669 -4.0716371685266495 0.010000000000000009
    endloop
  endfacet
  facet normal 0 0 1
    outer loop
      vertex 52.06542044026777 -4.579536732062698 0.010000000000000009
      vertex 52.254217965025454 -4.825582451988011 0.010000000000000009
      vertex 52.75745613276958 -4.279270693659782 0.010000000000000009
    endloop
  endfacet
  facet normal 0 0 1
    outer loop
      vertex 52.25713888309896 -4.8293890664912755 0.010000000000000009
      vertex 52.89807620793581 -4.5 0.010000000000000009
      vertex 52.254217965025454 -4.825582451988011 0.010000000000000009
    endloop
  endfacet
  facet normal 0 0 1
    outer loop
      vertex 52.75745613276958 -4.279270693659782 0.010000000000000009
      vertex 52.254217965025454 -4.825582451988011 0.010000000000000009
      vertex 52.89807620793581 -4.5 0.010000000000000009
    endloop
  endfacet
  facet normal 0 0 1
    outer loop
      vertex 52.25713888309896 -4.8293890664912755 0.010000000000000009
      vertex 52.423773676585405 -5.090953300390392 0.010000000000000009
      vertex 53.01892335861921 -4.732145212590694 0.010000000000000009
    endloop
  endfacet
  facet normal 0 0 1
    outer loop
      vertex 52.42635171130299 -5.09500000435859 0.010000000000000009
      vertex 53.01892335861921 -4.732145212590694 0.010000000000000009
      vertex 52.423773676585405 -5.090953300390392 0.010000000000000009
    endloop
  endfacet
  facet normal 0 0 1
    outer loop
      vertex 52.42635171130299 -5.09500000435859 0.010000000000000009
      vertex 52.428567242398856 -5.099255999978632 0.010000000000000009
      vertex 53.01892335861921 -4.732145212590694 0.010000000000000009
    endloop
  endfacet
  facet normal 0 0 1
    outer loop
      vertex 52.25713888309896 -4.8293890664912755 0.010000000000000009
      vertex 53.01892335861921 -4.732145212590694 0.010000000000000009
      vertex 52.89807620793581 -4.5 0.010000000000000009
    endloop
  endfacet
  facet normal 0 0 1
    outer loop
      vertex 52.428567242398856 -5.099255999978632 0.010000000000000009
      vertex 52.57177110860124 -5.3743480798415835 0.010000000000000009
      vertex 53.119077862799166 -4.9739395678043365 0.010000000000000009
    endloop
  endfacet
  facet normal 0 0 1
    outer loop
      vertex 52.428567242398856 -5.099255999978632 0.010000000000000009
      vertex 53.119077862799166 -4.9739395678043365 0.010000000000000009
      vertex 53.01892335861921 -4.732145212590694 0.010000000000000009
    endloop
  endfacet
  facet normal 0 0 1
    outer loop
      vertex 52.57177110860124 -5.3743480798415835 0.010000000000000009
      vertex 52.69045419605448 -5.660874384883791 0.010000000000000009
      vertex 53.254423254728316 -5.479055464267731 0.010000000000000009
    endloop
  endfacet
  facet normal 0 0 1
    outer loop
      vertex 52.69229036193341 -5.665307281408459 0.010000000000000009
      vertex 53.254423254728316 -5.479055464267731 0.010000000000000009
      vertex 52.69045419605448 -5.660874384883791 0.010000000000000009
    endloop
  endfacet
  facet normal 0 0 1
    outer loop
      vertex 52.69229036193341 -5.665307281408459 0.010000000000000009
      vertex 52.69373318819329 -5.669883341863751 0.010000000000000009
      vertex 53.254423254728316 -5.479055464267731 0.010000000000000009
    endloop
  endfacet
  facet normal 0 0 1
    outer loop
      vertex 52.57177110860124 -5.3743480798415835 0.010000000000000009
      vertex 53.19777747392654 -5.223542861640453 0.010000000000000009
      vertex 53.119077862799166 -4.9739395678043365 0.010000000000000009
    endloop
  endfacet
  facet normal 0 0 1
    outer loop
      vertex 52.57177110860124 -5.3743480798415835 0.010000000000000009
      vertex 53.254423254728316 -5.479055464267731 0.010000000000000009
      vertex 53.19777747392654 -5.223542861640453 0.010000000000000009
    endloop
  endfacet
  facet normal 0 0 1
    outer loop
      vertex 52.69373318819329 -5.669883341863751 0.010000000000000009
      vertex 52.78699223032221 -5.9656632494740185 0.010000000000000009
      vertex 53.288584092259406 -5.7385327741503716 0.010000000000000009
    endloop
  endfacet
  facet normal 0 0 1
    outer loop
      vertex 52.69373318819329 -5.669883341863751 0.010000000000000009
      vertex 53.288584092259406 -5.7385327741503716 0.010000000000000009
      vertex 53.254423254728316 -5.479055464267731 0.010000000000000009
    endloop
  endfacet
  facet normal 0 0 1
    outer loop
      vertex 52.78699223032221 -5.9656632494740185 0.010000000000000009
      vertex 52.85411748351529 -6.2684456821158525 0.010000000000000009
      vertex 53.29999999850988 -6 0.010000000000000009
    endloop
  endfacet
  facet normal 0 0 1
    outer loop
      vertex 52.85515598949045 -6.273130079787224 0.010000000000000009
      vertex 53.29999999850988 -6 0.010000000000000009
      vertex 52.85411748351529 -6.2684456821158525 0.010000000000000009
    endloop
  endfacet
  facet normal 0 0 1
    outer loop
      vertex 52.85515598949045 -6.273130079787224 0.010000000000000009
      vertex 52.85578227151185 -6.277887163739651 0.010000000000000009
      vertex 53.29999999850988 -6 0.010000000000000009
    endloop
  endfacet
  facet normal 0 0 1
    outer loop
      vertex 52.85578227151185 -6.277887163739651 0.010000000000000009
      vertex 52.896262856628745 -6.585367768593132 0.010000000000000009
      vertex 53.29999999850988 -6 0.010000000000000009
    endloop
  endfacet
  facet normal 0 0 1
    outer loop
      vertex 52.896262856628745 -6.585367768593132 0.010000000000000009
      vertex 52.90979070995003 -6.895206435639411 0.010000000000000009
      vertex 53.29999999850988 -6 0.010000000000000009
    endloop
  endfacet
  facet normal 0 0 1
    outer loop
      vertex 52.78699223032221 -5.9656632494740185 0.010000000000000009
      vertex 53.29999999850988 -6 0.010000000000000009
      vertex 53.288584092259406 -5.7385327741503716 0.010000000000000009
    endloop
  endfacet
  facet normal 0 0 1
    outer loop
      vertex 53.29999999850988 -6 0.010000000000000009
      vertex 52.90979070995003 -6.895206435639411 0.010000000000000009
      vertex 52.91000000150874 -6.900000001452863 0.010000000000000009
    endloop
  endfacet
  facet normal 0 1 0
    outer loop
      vertex 36.839999999999996 -3 -1.6
      vertex 50.29999999850988 -3 0.010000000000000009
      vertex 41.839999999999996 -3 -1.6
    endloop
  endfacet
  facet normal 0 1 0
    outer loop
      vertex 50.29999999850988 -3 0.010000000000000009
      vertex 42.464999999999996 -3 -2.1000000000000005
      vertex 41.839999999999996 -3 -1.6
    endloop
  endfacet
  facet normal 0 0 -1
    outer loop
      vertex 36.839999999999996 -4 -3.99
      vertex 41.839999999999996 -4 -3.99
      vertex 50.26508788913488 -4.600000001490116 -3.99
    endloop
  endfacet
  facet normal 0 1 0
    outer loop
      vertex 42.464999999999996 -3 -2.1000000000000005
      vertex 50.29999999850988 -3 -3.99
      vertex 42.464999999999996 -3 -3.5625
    endloop
  endfacet
  facet normal 0 1 0
    outer loop
      vertex 42.464999999999996 -3 -3.5625
      vertex 50.29999999850988 -3 -3.99
      vertex 41.85428571428571 -3 -3.99
    endloop
  endfacet
  facet normal 0 0 -1
    outer loop
      vertex 41.85428571428571 -3 -3.99
      vertex 50.26508788913488 -4.600000001490116 -3.99
      vertex 41.85428571428571 -3.9771428571428578 -3.99
    endloop
  endfacet
  facet normal 0 0 -1
    outer loop
      vertex 41.839999999999996 -4 -3.99
      vertex 41.85428571428571 -3.9771428571428578 -3.99
      vertex 50.26508788913488 -4.600000001490116 -3.99
    endloop
  endfacet
  facet normal 0.04361938976874022 0.9990482214769228 0
    outer loop
      vertex 50.29999999850988 -3 0.010000000000000009
      vertex 50.56146722435951 -3.011415906250477 0.010000000000000009
      vertex 50.29999999850988 -3 -3.99
    endloop
  endfacet
  facet normal -0.043619374224375125 -0.9990482221556044 0
    outer loop
      vertex 50.26508788913488 -4.600000001490116 0
      vertex 50.26508788913488 -4.600000001490116 -3.99
      vertex 50.42188514173031 -4.606845915317535 0
    endloop
  endfacet
  facet normal -0.13052616791845034 -0.9914448645731766 0
    outer loop
      vertex 50.42188514173031 -4.606845915317535 0
      vertex 50.42188514173031 -4.606845915317535 -3.99
      vertex 50.54284277707338 -4.6227702870965 0
    endloop
  endfacet
  facet normal 0 1 0
    outer loop
      vertex 50.29999999850988 -3 0.010000000000000009
      vertex 50.29999999850988 -3 -3.99
      vertex 42.464999999999996 -3 -2.1000000000000005
    endloop
  endfacet
  facet normal 0.13052619829616904 0.9914448605738744 0
    outer loop
      vertex 50.56146722435951 -3.011415906250477 0.010000000000000009
      vertex 50.82094453424215 -3.0455767437815666 0.010000000000000009
      vertex 50.56146722435951 -3.011415906250477 -3.99
    endloop
  endfacet
  facet normal 0.21643961598231837 0.9762960066667415 0
    outer loop
      vertex 50.82094453424215 -3.0455767437815666 0.010000000000000009
      vertex 51.07645713686943 -3.1022225245833397 0.010000000000000009
      vertex 50.82094453424215 -3.0455767437815666 -3.99
    endloop
  endfacet
  facet normal 0.3007057817123236 0.9537169563580069 0
    outer loop
      vertex 51.07645713686943 -3.1022225245833397 0.010000000000000009
      vertex 51.326060430705546 -3.1809221357107162 0.010000000000000009
      vertex 51.07645713686943 -3.1022225245833397 -3.99
    endloop
  endfacet
  facet normal 0.38268344197049287 0.9238795285325985 0
    outer loop
      vertex 51.326060430705546 -3.1809221357107162 0.010000000000000009
      vertex 51.56785478591919 -3.2810766398906708 0.010000000000000009
      vertex 51.326060430705546 -3.1809221357107162 -3.99
    endloop
  endfacet
  facet normal 0.46174861944404144 0.8870108299460169 0
    outer loop
      vertex 51.56785478591919 -3.2810766398906708 0.010000000000000009
      vertex 51.79999999850988 -3.401923790574074 0.010000000000000009
      vertex 51.56785478591919 -3.2810766398906708 -3.99
    endloop
  endfacet
  facet normal 0.5372996040205454 0.8433914485690289 0
    outer loop
      vertex 51.79999999850988 -3.401923790574074 0.010000000000000009
      vertex 52.0207293048501 -3.5425438657402992 0.010000000000000009
      vertex 51.79999999850988 -3.401923790574074 -3.99
    endloop
  endfacet
  facet normal 0.6087614248213178 0.7933533435043424 0
    outer loop
      vertex 52.0207293048501 -3.5425438657402992 0.010000000000000009
      vertex 52.22836282998323 -3.7018666714429855 0.010000000000000009
      vertex 52.0207293048501 -3.5425438657402992 -3.99
    endloop
  endfacet
  facet normal -0.2164396327476388 -0.9762960029499594 0
    outer loop
      vertex 50.54284277707338 -4.6227702870965 0
      vertex 50.54284277707338 -4.6227702870965 -3.99
      vertex 50.66195215433836 -4.649176202714443 0
    endloop
  endfacet
  facet normal -0.30070576803755733 -0.9537169606696437 0
    outer loop
      vertex 50.66195215433836 -4.649176202714443 0
      vertex 50.66195215433836 -4.649176202714443 -3.99
      vertex 50.77830688804388 -4.685862705111504 0
    endloop
  endfacet
  facet normal -0.38268342373344155 -0.9238795360866325 0
    outer loop
      vertex 50.77830688804388 -4.685862705111504 0
      vertex 50.77830688804388 -4.685862705111504 -3.99
      vertex 50.89102136492729 -4.732550568878651 0
    endloop
  endfacet
  facet normal -0.4617486301626301 -0.8870108243662727 0
    outer loop
      vertex 50.89102136492729 -4.732550568878651 0
      vertex 50.89102136492729 -4.732550568878651 -3.99
      vertex 50.999237874150275 -4.788884520530701 0
    endloop
  endfacet
  facet normal -0.5372996253672236 -0.8433914349696949 0
    outer loop
      vertex 50.999237874150275 -4.788884520530701 0
      vertex 50.999237874150275 -4.788884520530701 -3.99
      vertex 51.102132664620875 -4.854435734450817 0
    endloop
  endfacet
  facet normal -0.6087614505174415 -0.7933533237870127 0
    outer loop
      vertex 51.102132664620875 -4.854435734450817 0
      vertex 51.102132664620875 -4.854435734450817 -3.99
      vertex 51.19892285168171 -4.928705461323261 0
    endloop
  endfacet
  facet normal -0.6755901930034833 -0.7372773501997171 0
    outer loop
      vertex 51.19892285168171 -4.928705461323261 0
      vertex 51.19892285168171 -4.928705461323261 -3.99
      vertex 51.288871647417544 -5.011128343641758 0
    endloop
  endfacet
  facet normal -0.7372773501997171 -0.6755901930034833 0
    outer loop
      vertex 51.288871647417544 -5.011128343641758 0
      vertex 51.288871647417544 -5.011128343641758 -3.99
      vertex 51.37129452973604 -5.101077139377594 0
    endloop
  endfacet
  facet normal -0.7933533237870127 -0.6087614505174415 0
    outer loop
      vertex 51.37129452973604 -5.101077139377594 0
      vertex 51.37129452973604 -5.101077139377594 -3.99
      vertex 51.445564256608485 -5.197867326438427 0
    endloop
  endfacet
  facet normal -0.8433914349696949 -0.5372996253672236 0
    outer loop
      vertex 51.445564256608485 -5.197867326438427 0
      vertex 51.445564256608485 -5.197867326438427 -3.99
      vertex 51.5111154705286 -5.300762116909027 0
    endloop
  endfacet
  facet normal -0.8870108243662727 -0.4617486301626301 0
    outer loop
      vertex 51.5111154705286 -5.300762116909027 0
      vertex 51.5111154705286 -5.300762116909027 -3.99
      vertex 51.56744942218065 -5.408978626132011 0
    endloop
  endfacet
  facet normal -0.9238795360866325 -0.38268342373344155 0
    outer loop
      vertex 51.56744942218065 -5.408978626132011 0
      vertex 51.56744942218065 -5.408978626132011 -3.99
      vertex 51.6141372859478 -5.521693103015423 0
    endloop
  endfacet
  facet normal -0.9537169606696437 -0.30070576803755733 0
    outer loop
      vertex 51.6141372859478 -5.521693103015423 0
      vertex 51.6141372859478 -5.521693103015423 -3.99
      vertex 51.65082378834486 -5.6380478367209435 0
    endloop
  endfacet
  facet normal -0.9762960029499594 -0.2164396327476388 0
    outer loop
      vertex 51.65082378834486 -5.6380478367209435 0
      vertex 51.65082378834486 -5.6380478367209435 -3.99
      vertex 51.6772297039628 -5.75715721398592 0
    endloop
  endfacet
  facet normal -0.9914448645731766 -0.13052616791845034 0
    outer loop
      vertex 51.6772297039628 -5.75715721398592 0
      vertex 51.6772297039628 -5.75715721398592 -3.99
      vertex 51.69315407574177 -5.878114849328995 0
    endloop
  endfacet
  facet normal -0.9990482200868723 -0.04361942160611683 0
    outer loop
      vertex 51.69315407574177 -5.878114849328995 0
      vertex 51.69315407574177 -5.878114849328995 -3.99
      vertex 51.699999997019766 -6.034912101924419 0
    endloop
  endfacet
  facet normal 0.6755902067746475 0.7372773375807703 0
    outer loop
      vertex 52.22836282998323 -3.7018666714429855 0.010000000000000009
      vertex 52.42132034301758 -3.8786796554923058 0.010000000000000009
      vertex 52.22836282998323 -3.7018666714429855 -3.99
    endloop
  endfacet
  facet normal 0.7372773375807703 0.6755902067746475 0
    outer loop
      vertex 52.42132034301758 -3.8786796554923058 0.010000000000000009
      vertex 52.5981333270669 -4.0716371685266495 0.010000000000000009
      vertex 52.42132034301758 -3.8786796554923058 -3.99
    endloop
  endfacet
  facet normal 0.7933533435043424 0.6087614248213178 0
    outer loop
      vertex 52.5981333270669 -4.0716371685266495 0.010000000000000009
      vertex 52.75745613276958 -4.279270693659782 0.010000000000000009
      vertex 52.5981333270669 -4.0716371685266495 -3.99
    endloop
  endfacet
  facet normal 0.8433914485690289 0.5372996040205454 0
    outer loop
      vertex 52.75745613276958 -4.279270693659782 0.010000000000000009
      vertex 52.89807620793581 -4.5 0.010000000000000009
      vertex 52.75745613276958 -4.279270693659782 -3.99
    endloop
  endfacet
  facet normal 0.8870108299460169 0.46174861944404144 0
    outer loop
      vertex 52.89807620793581 -4.5 0.010000000000000009
      vertex 53.01892335861921 -4.732145212590694 0.010000000000000009
      vertex 52.89807620793581 -4.5 -3.99
    endloop
  endfacet
  facet normal 0.9238795285325985 0.38268344197049287 0
    outer loop
      vertex 53.01892335861921 -4.732145212590694 0.010000000000000009
      vertex 53.119077862799166 -4.9739395678043365 0.010000000000000009
      vertex 53.01892335861921 -4.732145212590694 -3.99
    endloop
  endfacet
  facet normal 0.9537169563580069 0.3007057817123236 0
    outer loop
      vertex 53.119077862799166 -4.9739395678043365 0.010000000000000009
      vertex 53.19777747392654 -5.223542861640453 0.010000000000000009
      vertex 53.119077862799166 -4.9739395678043365 -3.99
    endloop
  endfacet
  facet normal 0.9762960066667415 0.21643961598231837 0
    outer loop
      vertex 53.19777747392654 -5.223542861640453 0.010000000000000009
      vertex 53.254423254728316 -5.479055464267731 0.010000000000000009
      vertex 53.19777747392654 -5.223542861640453 -3.99
    endloop
  endfacet
  facet normal 0.9914448605738744 0.13052619829616904 0
    outer loop
      vertex 53.254423254728316 -5.479055464267731 0.010000000000000009
      vertex 53.288584092259406 -5.7385327741503716 0.010000000000000009
      vertex 53.254423254728316 -5.479055464267731 -3.99
    endloop
  endfacet
  facet normal 0.9990482214769228 0.04361938976874022 0
    outer loop
      vertex 53.288584092259406 -5.7385327741503716 0.010000000000000009
      vertex 53.29999999850988 -6 0.010000000000000009
      vertex 53.288584092259406 -5.7385327741503716 -3.99
    endloop
  endfacet
  facet normal 0.04361938976874022 0.9990482214769228 0
    outer loop
      vertex 50.56146722435951 -3.011415906250477 0.010000000000000009
      vertex 50.56146722435951 -3.011415906250477 -3.99
      vertex 50.29999999850988 -3 -3.99
    endloop
  endfacet
  facet normal -0.043619374224375125 -0.9990482221556044 0
    outer loop
      vertex 50.42188514173031 -4.606845915317535 0
      vertex 50.26508788913488 -4.600000001490116 -3.99
      vertex 50.42188514173031 -4.606845915317535 -3.99
    endloop
  endfacet
  facet normal 0 0 -1
    outer loop
      vertex 41.85428571428571 -3 -3.99
      vertex 50.29999999850988 -3 -3.99
      vertex 50.26508788913488 -4.600000001490116 -3.99
    endloop
  endfacet
  facet normal 0 0 -1
    outer loop
      vertex 50.29999999850988 -3 -3.99
      vertex 50.56146722435951 -3.011415906250477 -3.99
      vertex 50.42188514173031 -4.606845915317535 -3.99
    endloop
  endfacet
  facet normal 0 0 -1
    outer loop
      vertex 50.29999999850988 -3 -3.99
      vertex 50.42188514173031 -4.606845915317535 -3.99
      vertex 50.26508788913488 -4.600000001490116 -3.99
    endloop
  endfacet
  facet normal 0.13052619829616904 0.9914448605738744 0
    outer loop
      vertex 50.82094453424215 -3.0455767437815666 0.010000000000000009
      vertex 50.82094453424215 -3.0455767437815666 -3.99
      vertex 50.56146722435951 -3.011415906250477 -3.99
    endloop
  endfacet
  facet normal 0.21643961598231837 0.9762960066667415 0
    outer loop
      vertex 51.07645713686943 -3.1022225245833397 0.010000000000000009
      vertex 51.07645713686943 -3.1022225245833397 -3.99
      vertex 50.82094453424215 -3.0455767437815666 -3.99
    endloop
  endfacet
  facet normal 0.3007057817123236 0.9537169563580069 0
    outer loop
      vertex 51.326060430705546 -3.1809221357107162 0.010000000000000009
      vertex 51.326060430705546 -3.1809221357107162 -3.99
      vertex 51.07645713686943 -3.1022225245833397 -3.99
    endloop
  endfacet
  facet normal 0.38268344197049287 0.9238795285325985 0
    outer loop
      vertex 51.56785478591919 -3.2810766398906708 0.010000000000000009
      vertex 51.56785478591919 -3.2810766398906708 -3.99
      vertex 51.326060430705546 -3.1809221357107162 -3.99
    endloop
  endfacet
  facet normal 0.46174861944404144 0.8870108299460169 0
    outer loop
      vertex 51.79999999850988 -3.401923790574074 0.010000000000000009
      vertex 51.79999999850988 -3.401923790574074 -3.99
      vertex 51.56785478591919 -3.2810766398906708 -3.99
    endloop
  endfacet
  facet normal 0.5372996040205454 0.8433914485690289 0
    outer loop
      vertex 52.0207293048501 -3.5425438657402992 0.010000000000000009
      vertex 52.0207293048501 -3.5425438657402992 -3.99
      vertex 51.79999999850988 -3.401923790574074 -3.99
    endloop
  endfacet
  facet normal -0.13052616791845034 -0.9914448645731766 0
    outer loop
      vertex 50.54284277707338 -4.6227702870965 0
      vertex 50.42188514173031 -4.606845915317535 -3.99
      vertex 50.54284277707338 -4.6227702870965 -3.99
    endloop
  endfacet
  facet normal -0.2164396327476388 -0.9762960029499594 0
    outer loop
      vertex 50.66195215433836 -4.649176202714443 0
      vertex 50.54284277707338 -4.6227702870965 -3.99
      vertex 50.66195215433836 -4.649176202714443 -3.99
    endloop
  endfacet
  facet normal -0.30070576803755733 -0.9537169606696437 0
    outer loop
      vertex 50.77830688804388 -4.685862705111504 0
      vertex 50.66195215433836 -4.649176202714443 -3.99
      vertex 50.77830688804388 -4.685862705111504 -3.99
    endloop
  endfacet
  facet normal -0.38268342373344155 -0.9238795360866325 0
    outer loop
      vertex 50.89102136492729 -4.732550568878651 0
      vertex 50.77830688804388 -4.685862705111504 -3.99
      vertex 50.89102136492729 -4.732550568878651 -3.99
    endloop
  endfacet
  facet normal -0.4617486301626301 -0.8870108243662727 0
    outer loop
      vertex 50.999237874150275 -4.788884520530701 0
      vertex 50.89102136492729 -4.732550568878651 -3.99
      vertex 50.999237874150275 -4.788884520530701 -3.99
    endloop
  endfacet
  facet normal -0.5372996253672236 -0.8433914349696949 0
    outer loop
      vertex 51.102132664620875 -4.854435734450817 0
      vertex 50.999237874150275 -4.788884520530701 -3.99
      vertex 51.102132664620875 -4.854435734450817 -3.99
    endloop
  endfacet
  facet normal -0.6087614505174415 -0.7933533237870127 0
    outer loop
      vertex 51.19892285168171 -4.928705461323261 0
      vertex 51.102132664620875 -4.854435734450817 -3.99
      vertex 51.19892285168171 -4.928705461323261 -3.99
    endloop
  endfacet
  facet normal -0.6755901930034833 -0.7372773501997171 0
    outer loop
      vertex 51.288871647417544 -5.011128343641758 0
      vertex 51.19892285168171 -4.928705461323261 -3.99
      vertex 51.288871647417544 -5.011128343641758 -3.99
    endloop
  endfacet
  facet normal -0.7372773501997171 -0.6755901930034833 0
    outer loop
      vertex 51.37129452973604 -5.101077139377594 0
      vertex 51.288871647417544 -5.011128343641758 -3.99
      vertex 51.37129452973604 -5.101077139377594 -3.99
    endloop
  endfacet
  facet normal -0.7933533237870127 -0.6087614505174415 0
    outer loop
      vertex 51.445564256608485 -5.197867326438427 0
      vertex 51.37129452973604 -5.101077139377594 -3.99
      vertex 51.445564256608485 -5.197867326438427 -3.99
    endloop
  endfacet
  facet normal -0.8433914349696949 -0.5372996253672236 0
    outer loop
      vertex 51.5111154705286 -5.300762116909027 0
      vertex 51.445564256608485 -5.197867326438427 -3.99
      vertex 51.5111154705286 -5.300762116909027 -3.99
    endloop
  endfacet
  facet normal -0.8870108243662727 -0.4617486301626301 0
    outer loop
      vertex 51.56744942218065 -5.408978626132011 0
      vertex 51.5111154705286 -5.300762116909027 -3.99
      vertex 51.56744942218065 -5.408978626132011 -3.99
    endloop
  endfacet
  facet normal -0.9238795360866325 -0.38268342373344155 0
    outer loop
      vertex 51.6141372859478 -5.521693103015423 0
      vertex 51.56744942218065 -5.408978626132011 -3.99
      vertex 51.6141372859478 -5.521693103015423 -3.99
    endloop
  endfacet
  facet normal -0.9537169606696437 -0.30070576803755733 0
    outer loop
      vertex 51.65082378834486 -5.6380478367209435 0
      vertex 51.6141372859478 -5.521693103015423 -3.99
      vertex 51.65082378834486 -5.6380478367209435 -3.99
    endloop
  endfacet
  facet normal -0.9762960029499594 -0.2164396327476388 0
    outer loop
      vertex 51.6772297039628 -5.75715721398592 0
      vertex 51.65082378834486 -5.6380478367209435 -3.99
      vertex 51.6772297039628 -5.75715721398592 -3.99
    endloop
  endfacet
  facet normal -0.9914448645731766 -0.13052616791845034 0
    outer loop
      vertex 51.69315407574177 -5.878114849328995 0
      vertex 51.6772297039628 -5.75715721398592 -3.99
      vertex 51.69315407574177 -5.878114849328995 -3.99
    endloop
  endfacet
  facet normal -0.9990482200868723 -0.04361942160611683 0
    outer loop
      vertex 51.699999997019766 -6.034912101924419 0
      vertex 51.69315407574177 -5.878114849328995 -3.99
      vertex 51.699999997019766 -6.034912101924419 -3.99
    endloop
  endfacet
  facet normal 0.6087614248213178 0.7933533435043424 0
    outer loop
      vertex 52.22836282998323 -3.7018666714429855 0.010000000000000009
      vertex 52.22836282998323 -3.7018666714429855 -3.99
      vertex 52.0207293048501 -3.5425438657402992 -3.99
    endloop
  endfacet
  facet normal 0.6755902067746475 0.7372773375807703 0
    outer loop
      vertex 52.42132034301758 -3.8786796554923058 0.010000000000000009
      vertex 52.42132034301758 -3.8786796554923058 -3.99
      vertex 52.22836282998323 -3.7018666714429855 -3.99
    endloop
  endfacet
  facet normal 0.7372773375807703 0.6755902067746475 0
    outer loop
      vertex 52.5981333270669 -4.0716371685266495 0.010000000000000009
      vertex 52.5981333270669 -4.0716371685266495 -3.99
      vertex 52.42132034301758 -3.8786796554923058 -3.99
    endloop
  endfacet
  facet normal 0.7933533435043424 0.6087614248213178 0
    outer loop
      vertex 52.75745613276958 -4.279270693659782 0.010000000000000009
      vertex 52.75745613276958 -4.279270693659782 -3.99
      vertex 52.5981333270669 -4.0716371685266495 -3.99
    endloop
  endfacet
  facet normal 0.8433914485690289 0.5372996040205454 0
    outer loop
      vertex 52.89807620793581 -4.5 0.010000000000000009
      vertex 52.89807620793581 -4.5 -3.99
      vertex 52.75745613276958 -4.279270693659782 -3.99
    endloop
  endfacet
  facet normal 0.8870108299460169 0.46174861944404144 0
    outer loop
      vertex 53.01892335861921 -4.732145212590694 0.010000000000000009
      vertex 53.01892335861921 -4.732145212590694 -3.99
      vertex 52.89807620793581 -4.5 -3.99
    endloop
  endfacet
  facet normal 0.9238795285325985 0.38268344197049287 0
    outer loop
      vertex 53.119077862799166 -4.9739395678043365 0.010000000000000009
      vertex 53.119077862799166 -4.9739395678043365 -3.99
      vertex 53.01892335861921 -4.732145212590694 -3.99
    endloop
  endfacet
  facet normal 0.9537169563580069 0.3007057817123236 0
    outer loop
      vertex 53.19777747392654 -5.223542861640453 0.010000000000000009
      vertex 53.19777747392654 -5.223542861640453 -3.99
      vertex 53.119077862799166 -4.9739395678043365 -3.99
    endloop
  endfacet
  facet normal 0.9762960066667415 0.21643961598231837 0
    outer loop
      vertex 53.254423254728316 -5.479055464267731 0.010000000000000009
      vertex 53.254423254728316 -5.479055464267731 -3.99
      vertex 53.19777747392654 -5.223542861640453 -3.99
    endloop
  endfacet
  facet normal 0.9914448605738744 0.13052619829616904 0
    outer loop
      vertex 53.288584092259406 -5.7385327741503716 0.010000000000000009
      vertex 53.288584092259406 -5.7385327741503716 -3.99
      vertex 53.254423254728316 -5.479055464267731 -3.99
    endloop
  endfacet
  facet normal 0.9990482214769228 0.04361938976874022 0
    outer loop
      vertex 53.29999999850988 -6 0.010000000000000009
      vertex 53.29999999850988 -6 -3.99
      vertex 53.288584092259406 -5.7385327741503716 -3.99
    endloop
  endfacet
  facet normal 0 0 -1
    outer loop
      vertex 50.56146722435951 -3.011415906250477 -3.99
      vertex 50.82094453424215 -3.0455767437815666 -3.99
      vertex 50.54284277707338 -4.6227702870965 -3.99
    endloop
  endfacet
  facet normal 0 0 -1
    outer loop
      vertex 50.82094453424215 -3.0455767437815666 -3.99
      vertex 51.07645713686943 -3.1022225245833397 -3.99
      vertex 50.66195215433836 -4.649176202714443 -3.99
    endloop
  endfacet
  facet normal 0 0 -1
    outer loop
      vertex 50.42188514173031 -4.606845915317535 -3.99
      vertex 50.56146722435951 -3.011415906250477 -3.99
      vertex 50.54284277707338 -4.6227702870965 -3.99
    endloop
  endfacet
  facet normal 0 0 -1
    outer loop
      vertex 50.82094453424215 -3.0455767437815666 -3.99
      vertex 50.66195215433836 -4.649176202714443 -3.99
      vertex 50.54284277707338 -4.6227702870965 -3.99
    endloop
  endfacet
  facet normal 0 0 -1
    outer loop
      vertex 51.07645713686943 -3.1022225245833397 -3.99
      vertex 50.77830688804388 -4.685862705111504 -3.99
      vertex 50.66195215433836 -4.649176202714443 -3.99
    endloop
  endfacet
  facet normal 0 0 -1
    outer loop
      vertex 51.07645713686943 -3.1022225245833397 -3.99
      vertex 51.326060430705546 -3.1809221357107162 -3.99
      vertex 50.77830688804388 -4.685862705111504 -3.99
    endloop
  endfacet
  facet normal 0 0 -1
    outer loop
      vertex 51.326060430705546 -3.1809221357107162 -3.99
      vertex 51.56785478591919 -3.2810766398906708 -3.99
      vertex 50.89102136492729 -4.732550568878651 -3.99
    endloop
  endfacet
  facet normal 0 0 -1
    outer loop
      vertex 51.326060430705546 -3.1809221357107162 -3.99
      vertex 50.89102136492729 -4.732550568878651 -3.99
      vertex 50.77830688804388 -4.685862705111504 -3.99
    endloop
  endfacet
  facet normal 0 0 -1
    outer loop
      vertex 51.56785478591919 -3.2810766398906708 -3.99
      vertex 50.999237874150275 -4.788884520530701 -3.99
      vertex 50.89102136492729 -4.732550568878651 -3.99
    endloop
  endfacet
  facet normal 0 0 -1
    outer loop
      vertex 51.56785478591919 -3.2810766398906708 -3.99
      vertex 51.79999999850988 -3.401923790574074 -3.99
      vertex 50.999237874150275 -4.788884520530701 -3.99
    endloop
  endfacet
  facet normal 0 0 -1
    outer loop
      vertex 51.79999999850988 -3.401923790574074 -3.99
      vertex 51.102132664620875 -4.854435734450817 -3.99
      vertex 50.999237874150275 -4.788884520530701 -3.99
    endloop
  endfacet
  facet normal 0 0 -1
    outer loop
      vertex 52.0207293048501 -3.5425438657402992 -3.99
      vertex 51.19892285168171 -4.928705461323261 -3.99
      vertex 51.102132664620875 -4.854435734450817 -3.99
    endloop
  endfacet
  facet normal 0 0 -1
    outer loop
      vertex 51.79999999850988 -3.401923790574074 -3.99
      vertex 52.0207293048501 -3.5425438657402992 -3.99
      vertex 51.102132664620875 -4.854435734450817 -3.99
    endloop
  endfacet
  facet normal 0 0 -1
    outer loop
      vertex 52.0207293048501 -3.5425438657402992 -3.99
      vertex 52.22836282998323 -3.7018666714429855 -3.99
      vertex 51.19892285168171 -4.928705461323261 -3.99
    endloop
  endfacet
  facet normal 0 0 -1
    outer loop
      vertex 51.288871647417544 -5.011128343641758 -3.99
      vertex 52.22836282998323 -3.7018666714429855 -3.99
      vertex 52.42132034301758 -3.8786796554923058 -3.99
    endloop
  endfacet
  facet normal 0 0 -1
    outer loop
      vertex 51.19892285168171 -4.928705461323261 -3.99
      vertex 52.22836282998323 -3.7018666714429855 -3.99
      vertex 51.288871647417544 -5.011128343641758 -3.99
    endloop
  endfacet
  facet normal 0 0 -1
    outer loop
      vertex 51.288871647417544 -5.011128343641758 -3.99
      vertex 52.42132034301758 -3.8786796554923058 -3.99
      vertex 51.37129452973604 -5.101077139377594 -3.99
    endloop
  endfacet
  facet normal 0 0 -1
    outer loop
      vertex 51.37129452973604 -5.101077139377594 -3.99
      vertex 52.5981333270669 -4.0716371685266495 -3.99
      vertex 51.445564256608485 -5.197867326438427 -3.99
    endloop
  endfacet
  facet normal 0 0 -1
    outer loop
      vertex 51.445564256608485 -5.197867326438427 -3.99
      vertex 52.75745613276958 -4.279270693659782 -3.99
      vertex 51.5111154705286 -5.300762116909027 -3.99
    endloop
  endfacet
  facet normal 0 0 -1
    outer loop
      vertex 51.5111154705286 -5.300762116909027 -3.99
      vertex 52.89807620793581 -4.5 -3.99
      vertex 51.56744942218065 -5.408978626132011 -3.99
    endloop
  endfacet
  facet normal 0 0 -1
    outer loop
      vertex 51.56744942218065 -5.408978626132011 -3.99
      vertex 53.01892335861921 -4.732145212590694 -3.99
      vertex 51.6141372859478 -5.521693103015423 -3.99
    endloop
  endfacet
  facet normal 0 0 -1
    outer loop
      vertex 51.37129452973604 -5.101077139377594 -3.99
      vertex 52.42132034301758 -3.8786796554923058 -3.99
      vertex 52.5981333270669 -4.0716371685266495 -3.99
    endloop
  endfacet
  facet normal 0 0 -1
    outer loop
      vertex 51.445564256608485 -5.197867326438427 -3.99
      vertex 52.5981333270669 -4.0716371685266495 -3.99
      vertex 52.75745613276958 -4.279270693659782 -3.99
    endloop
  endfacet
  facet normal 0 0 -1
    outer loop
      vertex 51.5111154705286 -5.300762116909027 -3.99
      vertex 52.75745613276958 -4.279270693659782 -3.99
      vertex 52.89807620793581 -4.5 -3.99
    endloop
  endfacet
  facet normal 0 0 -1
    outer loop
      vertex 51.56744942218065 -5.408978626132011 -3.99
      vertex 52.89807620793581 -4.5 -3.99
      vertex 53.01892335861921 -4.732145212590694 -3.99
    endloop
  endfacet
  facet normal 0 0 -1
    outer loop
      vertex 51.6141372859478 -5.521693103015423 -3.99
      vertex 53.119077862799166 -4.9739395678043365 -3.99
      vertex 51.65082378834486 -5.6380478367209435 -3.99
    endloop
  endfacet
  facet normal 0 0 -1
    outer loop
      vertex 51.65082378834486 -5.6380478367209435 -3.99
      vertex 53.19777747392654 -5.223542861640453 -3.99
      vertex 51.6772297039628 -5.75715721398592 -3.99
    endloop
  endfacet
  facet normal 0 0 -1
    outer loop
      vertex 51.6772297039628 -5.75715721398592 -3.99
      vertex 53.254423254728316 -5.479055464267731 -3.99
      vertex 51.69315407574177 -5.878114849328995 -3.99
    endloop
  endfacet
  facet normal 0 0 -1
    outer loop
      vertex 51.6141372859478 -5.521693103015423 -3.99
      vertex 53.01892335861921 -4.732145212590694 -3.99
      vertex 53.119077862799166 -4.9739395678043365 -3.99
    endloop
  endfacet
  facet normal 0 0 -1
    outer loop
      vertex 51.65082378834486 -5.6380478367209435 -3.99
      vertex 53.119077862799166 -4.9739395678043365 -3.99
      vertex 53.19777747392654 -5.223542861640453 -3.99
    endloop
  endfacet
  facet normal 0 0 -1
    outer loop
      vertex 51.6772297039628 -5.75715721398592 -3.99
      vertex 53.19777747392654 -5.223542861640453 -3.99
      vertex 53.254423254728316 -5.479055464267731 -3.99
    endloop
  endfacet
  facet normal 0 0 -1
    outer loop
      vertex 51.69315407574177 -5.878114849328995 -3.99
      vertex 53.254423254728316 -5.479055464267731 -3.99
      vertex 53.288584092259406 -5.7385327741503716 -3.99
    endloop
  endfacet
  facet normal 0 0 -1
    outer loop
      vertex 51.69315407574177 -5.878114849328995 -3.99
      vertex 53.288584092259406 -5.7385327741503716 -3.99
      vertex 51.699999997019766 -6.034912101924419 -3.99
    endloop
  endfacet
  facet normal 0 0 -1
    outer loop
      vertex 51.699999997019766 -6.034912101924419 -3.99
      vertex 53.288584092259406 -5.7385327741503716 -3.99
      vertex 53.29999999850988 -6 -3.99
    endloop
  endfacet
  facet normal 0 0 1
    outer loop
      vertex 53.29999999850988 -6 0.010000000000000009
      vertex 52.91000000150874 -6.900000001452863 0.010000000000000009
      vertex 53.29999999850988 -86.20000000298023 0.010000000000000009
    endloop
  endfacet
  facet normal -1 0 0
    outer loop
      vertex 51.699999997019766 -6.034912101924419 0
      vertex 51.699999997019766 -6.034912101924419 -3.99
      vertex 51.699999997019766 -86.16508789360523 0
    endloop
  endfacet
  facet normal 1 0 0
    outer loop
      vertex 53.29999999850988 -6 0.010000000000000009
      vertex 53.29999999850988 -86.20000000298023 0.010000000000000009
      vertex 53.29999999850988 -6 -3.99
    endloop
  endfacet
  facet normal 0 0 -1
    outer loop
      vertex 51.699999997019766 -6.034912101924419 -3.99
      vertex 53.29999999850988 -6 -3.99
      vertex 51.699999997019766 -86.16508789360523 -3.99
    endloop
  endfacet
  facet normal 0 0 1
    outer loop
      vertex 5.9 -89.20000000298023 0.010000000000000009
      vertex 50.29999999850988 -89.20000000298023 0.010000000000000009
      vertex 49.300000000055874 -88.91000000150873 0.010000000000000009
    endloop
  endfacet
  facet normal 0 -1 0
    outer loop
      vertex 5.9 -89.20000000298023 0.010000000000000009
      vertex 36.839999997707515 -89.20000000298023 -1.6000000018339873
      vertex 41.84000000229248 -89.20000000298023 -1.6000000018339873
    endloop
  endfacet
  facet normal 0 -1 0
    outer loop
      vertex 5.9 -89.20000000298023 0.010000000000000009
      vertex 41.84000000229248 -89.20000000298023 -1.6000000018339873
      vertex 50.29999999850988 -89.20000000298023 0.010000000000000009
    endloop
  endfacet
  facet normal 0 -1 0
    outer loop
      vertex 19.985000001862645 -89.20000000298023 -3.562499998696148
      vertex 36.21499999813735 -89.20000000298023 -3.562499998696148
      vertex 36.21499999813735 -89.20000000298023 -2.100000001490117
    endloop
  endfacet
  facet normal 0 0 -1
    outer loop
      vertex 19.36 -88.2 -3.99
      vertex 50.26508788913488 -87.60000000149012 -3.99
      vertex 19.374285714285712 -88.22285714285715 -3.99
    endloop
  endfacet
  facet normal 0 0 -1
    outer loop
      vertex 19.374285714285712 -88.22285714285715 -3.99
      vertex 36.839999999999996 -88.2 -3.99
      vertex 36.825714285714284 -88.22285714285715 -3.99
    endloop
  endfacet
  facet normal 0 0 -1
    outer loop
      vertex 19.374285714285712 -88.22285714285715 -3.99
      vertex 36.825714285714284 -88.22285714285715 -3.99
      vertex 36.825714285714284 -89.20000000298023 -3.99
    endloop
  endfacet
  facet normal 0 -1 0
    outer loop
      vertex 19.374285714285715 -89.20000000298023 -3.99
      vertex 36.825714285714284 -89.20000000298023 -3.99
      vertex 36.21499999813735 -89.20000000298023 -3.562499998696148
    endloop
  endfacet
  facet normal 0 1 0
    outer loop
      vertex 5.934912109375 -87.60000000149012 0
      vertex 50.26508788913488 -87.60000000149012 0
      vertex 50.26508788913488 -87.60000000149012 -3.99
    endloop
  endfacet
  facet normal 0 0 -1
    outer loop
      vertex 19.374285714285712 -88.22285714285715 -3.99
      vertex 50.26508788913488 -87.60000000149012 -3.99
      vertex 36.839999999999996 -88.2 -3.99
    endloop
  endfacet
  facet normal 0 0 1
    outer loop
      vertex 52.91000000150874 -6.900000001452863 0.010000000000000009
      vertex 52.91000000150874 -85.30000000005587 0.010000000000000009
      vertex 53.29999999850988 -86.20000000298023 0.010000000000000009
    endloop
  endfacet
  facet normal -1 0 0
    outer loop
      vertex 51.699999997019766 -6.034912101924419 -3.99
      vertex 51.699999997019766 -86.16508789360523 -3.99
      vertex 51.699999997019766 -86.16508789360523 0
    endloop
  endfacet
  facet normal 1 0 0
    outer loop
      vertex 53.29999999850988 -6 -3.99
      vertex 53.29999999850988 -86.20000000298023 0.010000000000000009
      vertex 53.29999999850988 -86.20000000298023 -3.99
    endloop
  endfacet
  facet normal 0 0 -1
    outer loop
      vertex 53.29999999850988 -6 -3.99
      vertex 53.29999999850988 -86.20000000298023 -3.99
      vertex 51.699999997019766 -86.16508789360523 -3.99
    endloop
  endfacet
  facet normal 0 0 1
    outer loop
      vertex 49.300000000055874 -88.91000000150873 0.010000000000000009
      vertex 50.29999999850988 -89.20000000298023 0.010000000000000009
      vertex 49.30479356586933 -88.90979070995003 0.010000000000000009
    endloop
  endfacet
  facet normal 0 0 1
    outer loop
      vertex 49.30479356586933 -88.90979070995003 0.010000000000000009
      vertex 50.29999999850988 -89.20000000298023 0.010000000000000009
      vertex 49.61463223291561 -88.89626285662874 0.010000000000000009
    endloop
  endfacet
  facet normal 0 0 1
    outer loop
      vertex 49.61463223291561 -88.89626285662874 0.010000000000000009
      vertex 50.29999999850988 -89.20000000298023 0.010000000000000009
      vertex 49.92211283776909 -88.85578227151186 0.010000000000000009
    endloop
  endfacet
  facet normal 0 0 1
    outer loop
      vertex 49.92211283776909 -88.85578227151186 0.010000000000000009
      vertex 50.29999999850988 -89.20000000298023 0.010000000000000009
      vertex 49.92686992172152 -88.85515598949044 0.010000000000000009
    endloop
  endfacet
  facet normal 0 0 1
    outer loop
      vertex 49.92686992172152 -88.85515598949044 0.010000000000000009
      vertex 50.29999999850988 -89.20000000298023 0.010000000000000009
      vertex 49.93155431939289 -88.8541174835153 0.010000000000000009
    endloop
  endfacet
  facet normal 0 0 1
    outer loop
      vertex 49.93155431939289 -88.8541174835153 0.010000000000000009
      vertex 50.29999999850988 -89.20000000298023 0.010000000000000009
      vertex 50.23433675203472 -88.78699223032221 0.010000000000000009
    endloop
  endfacet
  facet normal 0 0 1
    outer loop
      vertex 50.23433675203472 -88.78699223032221 0.010000000000000009
      vertex 50.29999999850988 -89.20000000298023 0.010000000000000009
      vertex 50.53011665964499 -88.69373318819329 0.010000000000000009
    endloop
  endfacet
  facet normal 0 0 1
    outer loop
      vertex 50.29999999850988 -89.20000000298023 0.010000000000000009
      vertex 50.56146722435951 -89.18858409672976 0.010000000000000009
      vertex 50.53011665964499 -88.69373318819329 0.010000000000000009
    endloop
  endfacet
  facet normal 0 0 1
    outer loop
      vertex 50.53469272010028 -88.6922903619334 0.010000000000000009
      vertex 50.56146722435951 -89.18858409672976 0.010000000000000009
      vertex 50.53912561662495 -88.69045419605449 0.010000000000000009
    endloop
  endfacet
  facet normal 0 0 1
    outer loop
      vertex 50.53011665964499 -88.69373318819329 0.010000000000000009
      vertex 50.56146722435951 -89.18858409672976 0.010000000000000009
      vertex 50.53469272010028 -88.6922903619334 0.010000000000000009
    endloop
  endfacet
  facet normal 0 0 1
    outer loop
      vertex 50.53912561662495 -88.69045419605449 0.010000000000000009
      vertex 50.56146722435951 -89.18858409672976 0.010000000000000009
      vertex 50.82565192166716 -88.57177110860124 0.010000000000000009
    endloop
  endfacet
  facet normal 0 0 1
    outer loop
      vertex 50.82565192166716 -88.57177110860124 0.010000000000000009
      vertex 50.56146722435951 -89.18858409672976 0.010000000000000009
      vertex 50.82094453424215 -89.15442325919867 0.010000000000000009
    endloop
  endfacet
  facet normal 0 0 1
    outer loop
      vertex 50.82565192166716 -88.57177110860124 0.010000000000000009
      vertex 51.07645713686943 -89.09777747839689 0.010000000000000009
      vertex 51.10074400153011 -88.42856724239886 0.010000000000000009
    endloop
  endfacet
  facet normal 0 0 1
    outer loop
      vertex 50.82565192166716 -88.57177110860124 0.010000000000000009
      vertex 50.82094453424215 -89.15442325919867 0.010000000000000009
      vertex 51.07645713686943 -89.09777747839689 0.010000000000000009
    endloop
  endfacet
  facet normal 0 0 1
    outer loop
      vertex 51.10499999715015 -88.426351711303 0.010000000000000009
      vertex 51.326060430705546 -89.01907786726952 0.010000000000000009
      vertex 51.10904670111835 -88.4237736765854 0.010000000000000009
    endloop
  endfacet
  facet normal 0 0 1
    outer loop
      vertex 51.10074400153011 -88.42856724239886 0.010000000000000009
      vertex 51.326060430705546 -89.01907786726952 0.010000000000000009
      vertex 51.10499999715015 -88.426351711303 0.010000000000000009
    endloop
  endfacet
  facet normal 0 0 1
    outer loop
      vertex 51.10904670111835 -88.4237736765854 0.010000000000000009
      vertex 51.326060430705546 -89.01907786726952 0.010000000000000009
      vertex 51.37061093501747 -88.25713888309896 0.010000000000000009
    endloop
  endfacet
  facet normal 0 0 1
    outer loop
      vertex 51.07645713686943 -89.09777747839689 0.010000000000000009
      vertex 51.326060430705546 -89.01907786726952 0.010000000000000009
      vertex 51.10074400153011 -88.42856724239886 0.010000000000000009
    endloop
  endfacet
  facet normal 0 0 1
    outer loop
      vertex 51.37441754952073 -88.25421796502545 0.010000000000000009
      vertex 51.79999999850988 -88.79807621240616 0.010000000000000009
      vertex 51.62046326944604 -88.06542044026777 0.010000000000000009
    endloop
  endfacet
  facet normal 0 0 1
    outer loop
      vertex 51.37061093501747 -88.25713888309896 0.010000000000000009
      vertex 51.326060430705546 -89.01907786726952 0.010000000000000009
      vertex 51.56785478591919 -88.91892336308956 0.010000000000000009
    endloop
  endfacet
  facet normal 0 0 1
    outer loop
      vertex 51.37061093501747 -88.25713888309896 0.010000000000000009
      vertex 51.79999999850988 -88.79807621240616 0.010000000000000009
      vertex 51.37441754952073 -88.25421796502545 0.010000000000000009
    endloop
  endfacet
  facet normal 0 0 1
    outer loop
      vertex 51.37061093501747 -88.25713888309896 0.010000000000000009
      vertex 51.56785478591919 -88.91892336308956 0.010000000000000009
      vertex 51.79999999850988 -88.79807621240616 0.010000000000000009
    endloop
  endfacet
  facet normal 0 0 1
    outer loop
      vertex 51.62046326944604 -88.06542044026777 0.010000000000000009
      vertex 52.0207293048501 -88.65745613723993 0.010000000000000009
      vertex 51.624000823926174 -88.06217886885628 0.010000000000000009
    endloop
  endfacet
  facet normal 0 0 1
    outer loop
      vertex 51.624000823926174 -88.06217886885628 0.010000000000000009
      vertex 52.0207293048501 -88.65745613723993 0.010000000000000009
      vertex 51.852655478343365 -87.85265547834337 0.010000000000000009
    endloop
  endfacet
  facet normal 0 0 1
    outer loop
      vertex 51.852655478343365 -87.85265547834337 0.010000000000000009
      vertex 52.0207293048501 -88.65745613723993 0.010000000000000009
      vertex 52.22836282998323 -88.49813333153725 0.010000000000000009
    endloop
  endfacet
  facet normal 0 0 1
    outer loop
      vertex 51.62046326944604 -88.06542044026777 0.010000000000000009
      vertex 51.79999999850988 -88.79807621240616 0.010000000000000009
      vertex 52.0207293048501 -88.65745613723993 0.010000000000000009
    endloop
  endfacet
  facet normal 0 0 1
    outer loop
      vertex 52.06542044026777 -87.62046326944605 0.010000000000000009
      vertex 52.5981333270669 -88.12836283445358 0.010000000000000009
      vertex 52.254217965025454 -87.37441754952073 0.010000000000000009
    endloop
  endfacet
  facet normal 0 0 1
    outer loop
      vertex 52.254217965025454 -87.37441754952073 0.010000000000000009
      vertex 52.89807620793581 -87.70000000298023 0.010000000000000009
      vertex 52.25713888309896 -87.37061093501747 0.010000000000000009
    endloop
  endfacet
  facet normal 0 0 1
    outer loop
      vertex 52.69229036193341 -86.53469272010028 0.010000000000000009
      vertex 53.254423254728316 -86.7209445387125 0.010000000000000009
      vertex 52.69373318819329 -86.53011665964499 0.010000000000000009
    endloop
  endfacet
  facet normal 0 0 1
    outer loop
      vertex 52.69229036193341 -86.53469272010028 0.010000000000000009
      vertex 52.69045419605449 -86.53912561662494 0.010000000000000009
      vertex 53.254423254728316 -86.7209445387125 0.010000000000000009
    endloop
  endfacet
  facet normal 0 0 1
    outer loop
      vertex 52.69045419605449 -86.53912561662494 0.010000000000000009
      vertex 52.57177110860124 -86.82565192166716 0.010000000000000009
      vertex 53.19777747392654 -86.97645714133978 0.010000000000000009
    endloop
  endfacet
  facet normal 0 0 1
    outer loop
      vertex 52.428567242398856 -87.1007440015301 0.010000000000000009
      vertex 53.01892335861921 -87.46785479038954 0.010000000000000009
      vertex 52.57177110860124 -86.82565192166716 0.010000000000000009
    endloop
  endfacet
  facet normal 0 0 1
    outer loop
      vertex 52.423773676585405 -87.10904670111834 0.010000000000000009
      vertex 53.01892335861921 -87.46785479038954 0.010000000000000009
      vertex 52.42635171130299 -87.10499999715014 0.010000000000000009
    endloop
  endfacet
  facet normal 0 0 1
    outer loop
      vertex 52.42635171130299 -87.10499999715014 0.010000000000000009
      vertex 53.01892335861921 -87.46785479038954 0.010000000000000009
      vertex 52.428567242398856 -87.1007440015301 0.010000000000000009
    endloop
  endfacet
  facet normal 0 0 1
    outer loop
      vertex 52.25713888309896 -87.37061093501747 0.010000000000000009
      vertex 52.89807620793581 -87.70000000298023 0.010000000000000009
      vertex 52.423773676585405 -87.10904670111834 0.010000000000000009
    endloop
  endfacet
  facet normal 0 0 1
    outer loop
      vertex 52.254217965025454 -87.37441754952073 0.010000000000000009
      vertex 52.75745613276958 -87.92072930932045 0.010000000000000009
      vertex 52.89807620793581 -87.70000000298023 0.010000000000000009
    endloop
  endfacet
  facet normal 0 0 1
    outer loop
      vertex 52.423773676585405 -87.10904670111834 0.010000000000000009
      vertex 52.89807620793581 -87.70000000298023 0.010000000000000009
      vertex 53.01892335861921 -87.46785479038954 0.010000000000000009
    endloop
  endfacet
  facet normal 0 0 1
    outer loop
      vertex 52.91000000150874 -85.30000000005587 0.010000000000000009
      vertex 52.90979070995003 -85.30479356586933 0.010000000000000009
      vertex 53.29999999850988 -86.20000000298023 0.010000000000000009
    endloop
  endfacet
  facet normal 0 0 1
    outer loop
      vertex 52.896262856628745 -85.61463223291561 0.010000000000000009
      vertex 53.29999999850988 -86.20000000298023 0.010000000000000009
      vertex 52.90979070995003 -85.30479356586933 0.010000000000000009
    endloop
  endfacet
  facet normal 0 0 1
    outer loop
      vertex 52.896262856628745 -85.61463223291561 0.010000000000000009
      vertex 52.85578227151185 -85.92211283776909 0.010000000000000009
      vertex 53.29999999850988 -86.20000000298023 0.010000000000000009
    endloop
  endfacet
  facet normal 0 0 1
    outer loop
      vertex 52.85411748351529 -85.93155431939289 0.010000000000000009
      vertex 52.78699223032221 -86.23433675203472 0.010000000000000009
      vertex 53.288584092259406 -86.46146722882986 0.010000000000000009
    endloop
  endfacet
  facet normal 0 0 1
    outer loop
      vertex 52.85515598949045 -85.92686992172152 0.010000000000000009
      vertex 52.85411748351529 -85.93155431939289 0.010000000000000009
      vertex 53.29999999850988 -86.20000000298023 0.010000000000000009
    endloop
  endfacet
  facet normal 0 0 1
    outer loop
      vertex 52.85515598949045 -85.92686992172152 0.010000000000000009
      vertex 53.29999999850988 -86.20000000298023 0.010000000000000009
      vertex 52.85578227151185 -85.92211283776909 0.010000000000000009
    endloop
  endfacet
  facet normal 0 0 1
    outer loop
      vertex 52.85411748351529 -85.93155431939289 0.010000000000000009
      vertex 53.288584092259406 -86.46146722882986 0.010000000000000009
      vertex 53.29999999850988 -86.20000000298023 0.010000000000000009
    endloop
  endfacet
  facet normal 0 0 1
    outer loop
      vertex 52.78699223032221 -86.23433675203472 0.010000000000000009
      vertex 52.69373318819329 -86.53011665964499 0.010000000000000009
      vertex 53.254423254728316 -86.7209445387125 0.010000000000000009
    endloop
  endfacet
  facet normal 0 0 1
    outer loop
      vertex 52.57177110860124 -86.82565192166716 0.010000000000000009
      vertex 53.119077862799166 -87.2260604351759 0.010000000000000009
      vertex 53.19777747392654 -86.97645714133978 0.010000000000000009
    endloop
  endfacet
  facet normal 0 0 1
    outer loop
      vertex 52.69045419605449 -86.53912561662494 0.010000000000000009
      vertex 53.19777747392654 -86.97645714133978 0.010000000000000009
      vertex 53.254423254728316 -86.7209445387125 0.010000000000000009
    endloop
  endfacet
  facet normal 0 0 1
    outer loop
      vertex 52.78699223032221 -86.23433675203472 0.010000000000000009
      vertex 53.254423254728316 -86.7209445387125 0.010000000000000009
      vertex 53.288584092259406 -86.46146722882986 0.010000000000000009
    endloop
  endfacet
  facet normal 0 0 1
    outer loop
      vertex 52.57177110860124 -86.82565192166716 0.010000000000000009
      vertex 53.01892335861921 -87.46785479038954 0.010000000000000009
      vertex 53.119077862799166 -87.2260604351759 0.010000000000000009
    endloop
  endfacet
  facet normal 0 0 1
    outer loop
      vertex 52.06217886885628 -87.62400082392618 0.010000000000000009
      vertex 51.852655478343365 -87.85265547834337 0.010000000000000009
      vertex 52.42132034301758 -88.32132034748793 0.010000000000000009
    endloop
  endfacet
  facet normal 0 0 1
    outer loop
      vertex 52.06217886885628 -87.62400082392618 0.010000000000000009
      vertex 52.5981333270669 -88.12836283445358 0.010000000000000009
      vertex 52.06542044026777 -87.62046326944605 0.010000000000000009
    endloop
  endfacet
  facet normal 0 0 1
    outer loop
      vertex 51.852655478343365 -87.85265547834337 0.010000000000000009
      vertex 52.22836282998323 -88.49813333153725 0.010000000000000009
      vertex 52.42132034301758 -88.32132034748793 0.010000000000000009
    endloop
  endfacet
  facet normal 0 0 1
    outer loop
      vertex 52.06217886885628 -87.62400082392618 0.010000000000000009
      vertex 52.42132034301758 -88.32132034748793 0.010000000000000009
      vertex 52.5981333270669 -88.12836283445358 0.010000000000000009
    endloop
  endfacet
  facet normal 0 0 1
    outer loop
      vertex 52.254217965025454 -87.37441754952073 0.010000000000000009
      vertex 52.5981333270669 -88.12836283445358 0.010000000000000009
      vertex 52.75745613276958 -87.92072930932045 0.010000000000000009
    endloop
  endfacet
  facet normal 0 -1 0
    outer loop
      vertex 50.29999999850988 -89.20000000298023 0.010000000000000009
      vertex 41.84000000229248 -89.20000000298023 -1.6000000018339873
      vertex 42.46500000186264 -89.20000000298023 -2.100000001490117
    endloop
  endfacet
  facet normal 0 -1 0
    outer loop
      vertex 50.29999999850988 -89.20000000298023 0.010000000000000009
      vertex 42.46500000186264 -89.20000000298023 -2.100000001490117
      vertex 42.46500000186264 -89.20000000298023 -3.562499998696148
    endloop
  endfacet
  facet normal 0 0 -1
    outer loop
      vertex 36.839999999999996 -88.2 -3.99
      vertex 50.26508788913488 -87.60000000149012 -3.99
      vertex 41.839999999999996 -88.2 -3.99
    endloop
  endfacet
  facet normal 0 0 -1
    outer loop
      vertex 41.839999999999996 -88.2 -3.99
      vertex 50.26508788913488 -87.60000000149012 -3.99
      vertex 41.85428571428571 -88.22285714285715 -3.99
    endloop
  endfacet
  facet normal 0 0 -1
    outer loop
      vertex 41.85428571428571 -88.22285714285715 -3.99
      vertex 50.29999999850988 -89.20000000298023 -3.99
      vertex 41.85428571428571 -89.20000000298023 -3.99
    endloop
  endfacet
  facet normal 0 -1 0
    outer loop
      vertex 42.46500000186264 -89.20000000298023 -3.562499998696148
      vertex 41.85428571428571 -89.20000000298023 -3.99
      vertex 50.29999999850988 -89.20000000298023 -3.99
    endloop
  endfacet
  facet normal -0.04361942160611683 0.9990482200868723 0
    outer loop
      vertex 50.26508788913488 -87.60000000149012 0
      vertex 50.42188514173031 -87.59315408021212 0
      vertex 50.42188514173031 -87.59315408021212 -3.99
    endloop
  endfacet
  facet normal 0.04361938976874022 -0.9990482214769228 0
    outer loop
      vertex 50.29999999850988 -89.20000000298023 0.010000000000000009
      vertex 50.56146722435951 -89.18858409672976 -3.99
      vertex 50.56146722435951 -89.18858409672976 0.010000000000000009
    endloop
  endfacet
  facet normal -0.13052616791845034 0.9914448645731766 0
    outer loop
      vertex 50.42188514173031 -87.59315408021212 0
      vertex 50.54284277707338 -87.57722970843315 0
      vertex 50.54284277707338 -87.57722970843315 -3.99
    endloop
  endfacet
  facet normal -0.2164396327476388 0.9762960029499594 0
    outer loop
      vertex 50.54284277707338 -87.57722970843315 0
      vertex 50.66195215433836 -87.55082379281521 0
      vertex 50.66195215433836 -87.55082379281521 -3.99
    endloop
  endfacet
  facet normal -0.30070576803755733 0.9537169606696437 0
    outer loop
      vertex 50.66195215433836 -87.55082379281521 0
      vertex 50.77830688804388 -87.51413729041815 0
      vertex 50.77830688804388 -87.51413729041815 -3.99
    endloop
  endfacet
  facet normal -0.38268342373344155 0.9238795360866325 0
    outer loop
      vertex 50.77830688804388 -87.51413729041815 0
      vertex 50.89102136492729 -87.467449426651 0
      vertex 50.89102136492729 -87.467449426651 -3.99
    endloop
  endfacet
  facet normal -0.5372996253672236 0.8433914349696949 0
    outer loop
      vertex 50.999237874150275 -87.41111547499895 0
      vertex 51.102132664620875 -87.34556426107883 0
      vertex 51.102132664620875 -87.34556426107883 -3.99
    endloop
  endfacet
  facet normal -0.4617486301626301 0.8870108243662727 0
    outer loop
      vertex 50.89102136492729 -87.467449426651 0
      vertex 50.999237874150275 -87.41111547499895 0
      vertex 50.999237874150275 -87.41111547499895 -3.99
    endloop
  endfacet
  facet normal -0.6087614505174415 0.7933533237870127 0
    outer loop
      vertex 51.102132664620875 -87.34556426107883 0
      vertex 51.19892285168171 -87.27129453420639 0
      vertex 51.19892285168171 -87.27129453420639 -3.99
    endloop
  endfacet
  facet normal -0.6755901930034833 0.7372773501997171 0
    outer loop
      vertex 51.19892285168171 -87.27129453420639 0
      vertex 51.288871647417544 -87.1888716518879 0
      vertex 51.288871647417544 -87.1888716518879 -3.99
    endloop
  endfacet
  facet normal -0.9990482200868723 0.04361942160611683 0
    outer loop
      vertex 51.699999997019766 -86.16508789360523 0
      vertex 51.699999997019766 -86.16508789360523 -3.99
      vertex 51.69315407574177 -86.32188514620066 0
    endloop
  endfacet
  facet normal -0.8433914349696949 0.5372996253672236 0
    outer loop
      vertex 51.445564256608485 -87.00213266909122 0
      vertex 51.5111154705286 -86.89923787862062 0
      vertex 51.5111154705286 -86.89923787862062 -3.99
    endloop
  endfacet
  facet normal -0.9914448645731766 0.13052616791845034 0
    outer loop
      vertex 51.69315407574177 -86.32188514620066 0
      vertex 51.69315407574177 -86.32188514620066 -3.99
      vertex 51.6772297039628 -86.44284278154373 0
    endloop
  endfacet
  facet normal -0.9762960029499594 0.2164396327476388 0
    outer loop
      vertex 51.6772297039628 -86.44284278154373 0
      vertex 51.6772297039628 -86.44284278154373 -3.99
      vertex 51.65082378834486 -86.56195215880871 0
    endloop
  endfacet
  facet normal -0.9537169606696437 0.30070576803755733 0
    outer loop
      vertex 51.6141372859478 -86.67830689251423 0
      vertex 51.65082378834486 -86.56195215880871 0
      vertex 51.65082378834486 -86.56195215880871 -3.99
    endloop
  endfacet
  facet normal -0.8870108243662727 0.4617486301626301 0
    outer loop
      vertex 51.56744942218065 -86.79102136939764 0
      vertex 51.56744942218065 -86.79102136939764 -3.99
      vertex 51.5111154705286 -86.89923787862062 0
    endloop
  endfacet
  facet normal -0.9238795360866325 0.38268342373344155 0
    outer loop
      vertex 51.6141372859478 -86.67830689251423 0
      vertex 51.6141372859478 -86.67830689251423 -3.99
      vertex 51.56744942218065 -86.79102136939764 0
    endloop
  endfacet
  facet normal -0.7372773501997171 0.6755901930034833 0
    outer loop
      vertex 51.288871647417544 -87.1888716518879 0
      vertex 51.37129452973604 -87.09892285615206 0
      vertex 51.37129452973604 -87.09892285615206 -3.99
    endloop
  endfacet
  facet normal -0.7933533237870127 0.6087614505174415 0
    outer loop
      vertex 51.445564256608485 -87.00213266909122 0
      vertex 51.445564256608485 -87.00213266909122 -3.99
      vertex 51.37129452973604 -87.09892285615206 0
    endloop
  endfacet
  facet normal 0.3007057817123236 -0.9537169563580069 0
    outer loop
      vertex 51.07645713686943 -89.09777747839689 0.010000000000000009
      vertex 51.326060430705546 -89.01907786726952 -3.99
      vertex 51.326060430705546 -89.01907786726952 0.010000000000000009
    endloop
  endfacet
  facet normal 0.13052619829616904 -0.9914448605738744 0
    outer loop
      vertex 50.56146722435951 -89.18858409672976 0.010000000000000009
      vertex 50.82094453424215 -89.15442325919867 -3.99
      vertex 50.82094453424215 -89.15442325919867 0.010000000000000009
    endloop
  endfacet
  facet normal 0.21643961598231837 -0.9762960066667415 0
    outer loop
      vertex 51.07645713686943 -89.09777747839689 0.010000000000000009
      vertex 50.82094453424215 -89.15442325919867 0.010000000000000009
      vertex 51.07645713686943 -89.09777747839689 -3.99
    endloop
  endfacet
  facet normal 0.38268344197049287 -0.9238795285325985 0
    outer loop
      vertex 51.326060430705546 -89.01907786726952 0.010000000000000009
      vertex 51.56785478591919 -88.91892336308956 -3.99
      vertex 51.56785478591919 -88.91892336308956 0.010000000000000009
    endloop
  endfacet
  facet normal 0.46174861944404144 -0.8870108299460169 0
    outer loop
      vertex 51.56785478591919 -88.91892336308956 0.010000000000000009
      vertex 51.79999999850988 -88.79807621240616 -3.99
      vertex 51.79999999850988 -88.79807621240616 0.010000000000000009
    endloop
  endfacet
  facet normal 0.5372996040205454 -0.8433914485690289 0
    outer loop
      vertex 51.79999999850988 -88.79807621240616 0.010000000000000009
      vertex 52.0207293048501 -88.65745613723993 -3.99
      vertex 52.0207293048501 -88.65745613723993 0.010000000000000009
    endloop
  endfacet
  facet normal 0.9990482214769228 -0.04361938976874022 0
    outer loop
      vertex 53.29999999850988 -86.20000000298023 0.010000000000000009
      vertex 53.288584092259406 -86.46146722882986 0.010000000000000009
      vertex 53.29999999850988 -86.20000000298023 -3.99
    endloop
  endfacet
  facet normal 0.9914448605738744 -0.13052619829616904 0
    outer loop
      vertex 53.288584092259406 -86.46146722882986 0.010000000000000009
      vertex 53.254423254728316 -86.7209445387125 0.010000000000000009
      vertex 53.288584092259406 -86.46146722882986 -3.99
    endloop
  endfacet
  facet normal 0.9762960066667415 -0.21643961598231837 0
    outer loop
      vertex 53.19777747392654 -86.97645714133978 0.010000000000000009
      vertex 53.254423254728316 -86.7209445387125 -3.99
      vertex 53.254423254728316 -86.7209445387125 0.010000000000000009
    endloop
  endfacet
  facet normal 0.9238795285325985 -0.38268344197049287 0
    outer loop
      vertex 53.01892335861921 -87.46785479038954 0.010000000000000009
      vertex 53.119077862799166 -87.2260604351759 -3.99
      vertex 53.119077862799166 -87.2260604351759 0.010000000000000009
    endloop
  endfacet
  facet normal 0.8870108299460169 -0.46174861944404144 0
    outer loop
      vertex 52.89807620793581 -87.70000000298023 0.010000000000000009
      vertex 53.01892335861921 -87.46785479038954 -3.99
      vertex 53.01892335861921 -87.46785479038954 0.010000000000000009
    endloop
  endfacet
  facet normal 0.9537169563580069 -0.3007057817123236 0
    outer loop
      vertex 53.19777747392654 -86.97645714133978 0.010000000000000009
      vertex 53.119077862799166 -87.2260604351759 0.010000000000000009
      vertex 53.19777747392654 -86.97645714133978 -3.99
    endloop
  endfacet
  facet normal 0.6755902067746475 -0.7372773375807703 0
    outer loop
      vertex 52.42132034301758 -88.32132034748793 0.010000000000000009
      vertex 52.22836282998323 -88.49813333153725 0.010000000000000009
      vertex 52.42132034301758 -88.32132034748793 -3.99
    endloop
  endfacet
  facet normal 0.6087614248213178 -0.7933533435043424 0
    outer loop
      vertex 52.0207293048501 -88.65745613723993 0.010000000000000009
      vertex 52.22836282998323 -88.49813333153725 -3.99
      vertex 52.22836282998323 -88.49813333153725 0.010000000000000009
    endloop
  endfacet
  facet normal 0.7372773375807703 -0.6755902067746475 0
    outer loop
      vertex 52.42132034301758 -88.32132034748793 0.010000000000000009
      vertex 52.5981333270669 -88.12836283445358 -3.99
      vertex 52.5981333270669 -88.12836283445358 0.010000000000000009
    endloop
  endfacet
  facet normal 0.7933533435043424 -0.6087614248213178 0
    outer loop
      vertex 52.5981333270669 -88.12836283445358 0.010000000000000009
      vertex 52.75745613276958 -87.92072930932045 -3.99
      vertex 52.75745613276958 -87.92072930932045 0.010000000000000009
    endloop
  endfacet
  facet normal 0.8433914485690289 -0.5372996040205454 0
    outer loop
      vertex 52.89807620793581 -87.70000000298023 0.010000000000000009
      vertex 52.75745613276958 -87.92072930932045 0.010000000000000009
      vertex 52.89807620793581 -87.70000000298023 -3.99
    endloop
  endfacet
  facet normal 0 -1 0
    outer loop
      vertex 50.29999999850988 -89.20000000298023 0.010000000000000009
      vertex 42.46500000186264 -89.20000000298023 -3.562499998696148
      vertex 50.29999999850988 -89.20000000298023 -3.99
    endloop
  endfacet
  facet normal -0.04361942160611683 0.9990482200868723 0
    outer loop
      vertex 50.26508788913488 -87.60000000149012 0
      vertex 50.42188514173031 -87.59315408021212 -3.99
      vertex 50.26508788913488 -87.60000000149012 -3.99
    endloop
  endfacet
  facet normal -0.13052616791845034 0.9914448645731766 0
    outer loop
      vertex 50.42188514173031 -87.59315408021212 0
      vertex 50.54284277707338 -87.57722970843315 -3.99
      vertex 50.42188514173031 -87.59315408021212 -3.99
    endloop
  endfacet
  facet normal 0.04361938976874022 -0.9990482214769228 0
    outer loop
      vertex 50.29999999850988 -89.20000000298023 0.010000000000000009
      vertex 50.29999999850988 -89.20000000298023 -3.99
      vertex 50.56146722435951 -89.18858409672976 -3.99
    endloop
  endfacet
  facet normal 0 0 -1
    outer loop
      vertex 41.85428571428571 -88.22285714285715 -3.99
      vertex 50.26508788913488 -87.60000000149012 -3.99
      vertex 50.29999999850988 -89.20000000298023 -3.99
    endloop
  endfacet
  facet normal 0 0 -1
    outer loop
      vertex 50.26508788913488 -87.60000000149012 -3.99
      vertex 50.42188514173031 -87.59315408021212 -3.99
      vertex 50.29999999850988 -89.20000000298023 -3.99
    endloop
  endfacet
  facet normal 0 0 -1
    outer loop
      vertex 50.42188514173031 -87.59315408021212 -3.99
      vertex 50.56146722435951 -89.18858409672976 -3.99
      vertex 50.29999999850988 -89.20000000298023 -3.99
    endloop
  endfacet
  facet normal -0.2164396327476388 0.9762960029499594 0
    outer loop
      vertex 50.54284277707338 -87.57722970843315 0
      vertex 50.66195215433836 -87.55082379281521 -3.99
      vertex 50.54284277707338 -87.57722970843315 -3.99
    endloop
  endfacet
  facet normal -0.30070576803755733 0.9537169606696437 0
    outer loop
      vertex 50.66195215433836 -87.55082379281521 0
      vertex 50.77830688804388 -87.51413729041815 -3.99
      vertex 50.66195215433836 -87.55082379281521 -3.99
    endloop
  endfacet
  facet normal -0.38268342373344155 0.9238795360866325 0
    outer loop
      vertex 50.77830688804388 -87.51413729041815 0
      vertex 50.89102136492729 -87.467449426651 -3.99
      vertex 50.77830688804388 -87.51413729041815 -3.99
    endloop
  endfacet
  facet normal -0.4617486301626301 0.8870108243662727 0
    outer loop
      vertex 50.89102136492729 -87.467449426651 0
      vertex 50.999237874150275 -87.41111547499895 -3.99
      vertex 50.89102136492729 -87.467449426651 -3.99
    endloop
  endfacet
  facet normal -0.5372996253672236 0.8433914349696949 0
    outer loop
      vertex 50.999237874150275 -87.41111547499895 0
      vertex 51.102132664620875 -87.34556426107883 -3.99
      vertex 50.999237874150275 -87.41111547499895 -3.99
    endloop
  endfacet
  facet normal -0.6087614505174415 0.7933533237870127 0
    outer loop
      vertex 51.102132664620875 -87.34556426107883 0
      vertex 51.19892285168171 -87.27129453420639 -3.99
      vertex 51.102132664620875 -87.34556426107883 -3.99
    endloop
  endfacet
  facet normal -0.6755901930034833 0.7372773501997171 0
    outer loop
      vertex 51.19892285168171 -87.27129453420639 0
      vertex 51.288871647417544 -87.1888716518879 -3.99
      vertex 51.19892285168171 -87.27129453420639 -3.99
    endloop
  endfacet
  facet normal -0.9990482200868723 0.04361942160611683 0
    outer loop
      vertex 51.69315407574177 -86.32188514620066 0
      vertex 51.699999997019766 -86.16508789360523 -3.99
      vertex 51.69315407574177 -86.32188514620066 -3.99
    endloop
  endfacet
  facet normal -0.8433914349696949 0.5372996253672236 0
    outer loop
      vertex 51.445564256608485 -87.00213266909122 0
      vertex 51.5111154705286 -86.89923787862062 -3.99
      vertex 51.445564256608485 -87.00213266909122 -3.99
    endloop
  endfacet
  facet normal -0.9914448645731766 0.13052616791845034 0
    outer loop
      vertex 51.6772297039628 -86.44284278154373 0
      vertex 51.69315407574177 -86.32188514620066 -3.99
      vertex 51.6772297039628 -86.44284278154373 -3.99
    endloop
  endfacet
  facet normal -0.9537169606696437 0.30070576803755733 0
    outer loop
      vertex 51.6141372859478 -86.67830689251423 0
      vertex 51.65082378834486 -86.56195215880871 -3.99
      vertex 51.6141372859478 -86.67830689251423 -3.99
    endloop
  endfacet
  facet normal -0.9762960029499594 0.2164396327476388 0
    outer loop
      vertex 51.65082378834486 -86.56195215880871 0
      vertex 51.6772297039628 -86.44284278154373 -3.99
      vertex 51.65082378834486 -86.56195215880871 -3.99
    endloop
  endfacet
  facet normal -0.9238795360866325 0.38268342373344155 0
    outer loop
      vertex 51.56744942218065 -86.79102136939764 0
      vertex 51.6141372859478 -86.67830689251423 -3.99
      vertex 51.56744942218065 -86.79102136939764 -3.99
    endloop
  endfacet
  facet normal -0.8870108243662727 0.4617486301626301 0
    outer loop
      vertex 51.5111154705286 -86.89923787862062 0
      vertex 51.56744942218065 -86.79102136939764 -3.99
      vertex 51.5111154705286 -86.89923787862062 -3.99
    endloop
  endfacet
  facet normal -0.7372773501997171 0.6755901930034833 0
    outer loop
      vertex 51.288871647417544 -87.1888716518879 0
      vertex 51.37129452973604 -87.09892285615206 -3.99
      vertex 51.288871647417544 -87.1888716518879 -3.99
    endloop
  endfacet
  facet normal -0.7933533237870127 0.6087614505174415 0
    outer loop
      vertex 51.37129452973604 -87.09892285615206 0
      vertex 51.445564256608485 -87.00213266909122 -3.99
      vertex 51.37129452973604 -87.09892285615206 -3.99
    endloop
  endfacet
  facet normal 0.3007057817123236 -0.9537169563580069 0
    outer loop
      vertex 51.07645713686943 -89.09777747839689 0.010000000000000009
      vertex 51.07645713686943 -89.09777747839689 -3.99
      vertex 51.326060430705546 -89.01907786726952 -3.99
    endloop
  endfacet
  facet normal 0.13052619829616904 -0.9914448605738744 0
    outer loop
      vertex 50.56146722435951 -89.18858409672976 0.010000000000000009
      vertex 50.56146722435951 -89.18858409672976 -3.99
      vertex 50.82094453424215 -89.15442325919867 -3.99
    endloop
  endfacet
  facet normal 0.21643961598231837 -0.9762960066667415 0
    outer loop
      vertex 50.82094453424215 -89.15442325919867 0.010000000000000009
      vertex 50.82094453424215 -89.15442325919867 -3.99
      vertex 51.07645713686943 -89.09777747839689 -3.99
    endloop
  endfacet
  facet normal 0.38268344197049287 -0.9238795285325985 0
    outer loop
      vertex 51.326060430705546 -89.01907786726952 0.010000000000000009
      vertex 51.326060430705546 -89.01907786726952 -3.99
      vertex 51.56785478591919 -88.91892336308956 -3.99
    endloop
  endfacet
  facet normal 0.46174861944404144 -0.8870108299460169 0
    outer loop
      vertex 51.56785478591919 -88.91892336308956 0.010000000000000009
      vertex 51.56785478591919 -88.91892336308956 -3.99
      vertex 51.79999999850988 -88.79807621240616 -3.99
    endloop
  endfacet
  facet normal 0.5372996040205454 -0.8433914485690289 0
    outer loop
      vertex 51.79999999850988 -88.79807621240616 0.010000000000000009
      vertex 51.79999999850988 -88.79807621240616 -3.99
      vertex 52.0207293048501 -88.65745613723993 -3.99
    endloop
  endfacet
  facet normal 0.6087614248213178 -0.7933533435043424 0
    outer loop
      vertex 52.0207293048501 -88.65745613723993 0.010000000000000009
      vertex 52.0207293048501 -88.65745613723993 -3.99
      vertex 52.22836282998323 -88.49813333153725 -3.99
    endloop
  endfacet
  facet normal 0.9990482214769228 -0.04361938976874022 0
    outer loop
      vertex 53.288584092259406 -86.46146722882986 0.010000000000000009
      vertex 53.288584092259406 -86.46146722882986 -3.99
      vertex 53.29999999850988 -86.20000000298023 -3.99
    endloop
  endfacet
  facet normal 0.9914448605738744 -0.13052619829616904 0
    outer loop
      vertex 53.254423254728316 -86.7209445387125 0.010000000000000009
      vertex 53.254423254728316 -86.7209445387125 -3.99
      vertex 53.288584092259406 -86.46146722882986 -3.99
    endloop
  endfacet
  facet normal 0.9762960066667415 -0.21643961598231837 0
    outer loop
      vertex 53.19777747392654 -86.97645714133978 0.010000000000000009
      vertex 53.19777747392654 -86.97645714133978 -3.99
      vertex 53.254423254728316 -86.7209445387125 -3.99
    endloop
  endfacet
  facet normal 0.8870108299460169 -0.46174861944404144 0
    outer loop
      vertex 52.89807620793581 -87.70000000298023 0.010000000000000009
      vertex 52.89807620793581 -87.70000000298023 -3.99
      vertex 53.01892335861921 -87.46785479038954 -3.99
    endloop
  endfacet
  facet normal 0.9238795285325985 -0.38268344197049287 0
    outer loop
      vertex 53.01892335861921 -87.46785479038954 0.010000000000000009
      vertex 53.01892335861921 -87.46785479038954 -3.99
      vertex 53.119077862799166 -87.2260604351759 -3.99
    endloop
  endfacet
  facet normal 0.9537169563580069 -0.3007057817123236 0
    outer loop
      vertex 53.119077862799166 -87.2260604351759 0.010000000000000009
      vertex 53.119077862799166 -87.2260604351759 -3.99
      vertex 53.19777747392654 -86.97645714133978 -3.99
    endloop
  endfacet
  facet normal 0.7372773375807703 -0.6755902067746475 0
    outer loop
      vertex 52.42132034301758 -88.32132034748793 0.010000000000000009
      vertex 52.42132034301758 -88.32132034748793 -3.99
      vertex 52.5981333270669 -88.12836283445358 -3.99
    endloop
  endfacet
  facet normal 0.6755902067746475 -0.7372773375807703 0
    outer loop
      vertex 52.22836282998323 -88.49813333153725 0.010000000000000009
      vertex 52.22836282998323 -88.49813333153725 -3.99
      vertex 52.42132034301758 -88.32132034748793 -3.99
    endloop
  endfacet
  facet normal 0.7933533435043424 -0.6087614248213178 0
    outer loop
      vertex 52.5981333270669 -88.12836283445358 0.010000000000000009
      vertex 52.5981333270669 -88.12836283445358 -3.99
      vertex 52.75745613276958 -87.92072930932045 -3.99
    endloop
  endfacet
  facet normal 0.8433914485690289 -0.5372996040205454 0
    outer loop
      vertex 52.75745613276958 -87.92072930932045 0.010000000000000009
      vertex 52.75745613276958 -87.92072930932045 -3.99
      vertex 52.89807620793581 -87.70000000298023 -3.99
    endloop
  endfacet
  facet normal 0 0 -1
    outer loop
      vertex 51.19892285168171 -87.27129453420639 -3.99
      vertex 51.288871647417544 -87.1888716518879 -3.99
      vertex 52.22836282998323 -88.49813333153725 -3.99
    endloop
  endfacet
  facet normal 0 0 -1
    outer loop
      vertex 51.288871647417544 -87.1888716518879 -3.99
      vertex 51.37129452973604 -87.09892285615206 -3.99
      vertex 52.42132034301758 -88.32132034748793 -3.99
    endloop
  endfacet
  facet normal 0 0 -1
    outer loop
      vertex 51.6141372859478 -86.67830689251423 -3.99
      vertex 53.01892335861921 -87.46785479038954 -3.99
      vertex 51.56744942218065 -86.79102136939764 -3.99
    endloop
  endfacet
  facet normal 0 0 -1
    outer loop
      vertex 51.445564256608485 -87.00213266909122 -3.99
      vertex 52.5981333270669 -88.12836283445358 -3.99
      vertex 51.37129452973604 -87.09892285615206 -3.99
    endloop
  endfacet
  facet normal 0 0 -1
    outer loop
      vertex 51.56744942218065 -86.79102136939764 -3.99
      vertex 52.89807620793581 -87.70000000298023 -3.99
      vertex 51.5111154705286 -86.89923787862062 -3.99
    endloop
  endfacet
  facet normal 0 0 -1
    outer loop
      vertex 51.445564256608485 -87.00213266909122 -3.99
      vertex 51.5111154705286 -86.89923787862062 -3.99
      vertex 52.75745613276958 -87.92072930932045 -3.99
    endloop
  endfacet
  facet normal 0 0 -1
    outer loop
      vertex 50.42188514173031 -87.59315408021212 -3.99
      vertex 50.54284277707338 -87.57722970843315 -3.99
      vertex 50.56146722435951 -89.18858409672976 -3.99
    endloop
  endfacet
  facet normal 0 0 -1
    outer loop
      vertex 50.54284277707338 -87.57722970843315 -3.99
      vertex 50.66195215433836 -87.55082379281521 -3.99
      vertex 50.82094453424215 -89.15442325919867 -3.99
    endloop
  endfacet
  facet normal 0 0 -1
    outer loop
      vertex 50.66195215433836 -87.55082379281521 -3.99
      vertex 50.77830688804388 -87.51413729041815 -3.99
      vertex 51.07645713686943 -89.09777747839689 -3.99
    endloop
  endfacet
  facet normal 0 0 -1
    outer loop
      vertex 50.54284277707338 -87.57722970843315 -3.99
      vertex 50.82094453424215 -89.15442325919867 -3.99
      vertex 50.56146722435951 -89.18858409672976 -3.99
    endloop
  endfacet
  facet normal 0 0 -1
    outer loop
      vertex 50.66195215433836 -87.55082379281521 -3.99
      vertex 51.07645713686943 -89.09777747839689 -3.99
      vertex 50.82094453424215 -89.15442325919867 -3.99
    endloop
  endfacet
  facet normal 0 0 -1
    outer loop
      vertex 50.77830688804388 -87.51413729041815 -3.99
      vertex 50.89102136492729 -87.467449426651 -3.99
      vertex 51.326060430705546 -89.01907786726952 -3.99
    endloop
  endfacet
  facet normal 0 0 -1
    outer loop
      vertex 50.89102136492729 -87.467449426651 -3.99
      vertex 50.999237874150275 -87.41111547499895 -3.99
      vertex 51.56785478591919 -88.91892336308956 -3.99
    endloop
  endfacet
  facet normal 0 0 -1
    outer loop
      vertex 50.77830688804388 -87.51413729041815 -3.99
      vertex 51.326060430705546 -89.01907786726952 -3.99
      vertex 51.07645713686943 -89.09777747839689 -3.99
    endloop
  endfacet
  facet normal 0 0 -1
    outer loop
      vertex 50.89102136492729 -87.467449426651 -3.99
      vertex 51.56785478591919 -88.91892336308956 -3.99
      vertex 51.326060430705546 -89.01907786726952 -3.99
    endloop
  endfacet
  facet normal 0 0 -1
    outer loop
      vertex 50.999237874150275 -87.41111547499895 -3.99
      vertex 51.102132664620875 -87.34556426107883 -3.99
      vertex 51.79999999850988 -88.79807621240616 -3.99
    endloop
  endfacet
  facet normal 0 0 -1
    outer loop
      vertex 51.102132664620875 -87.34556426107883 -3.99
      vertex 51.19892285168171 -87.27129453420639 -3.99
      vertex 52.0207293048501 -88.65745613723993 -3.99
    endloop
  endfacet
  facet normal 0 0 -1
    outer loop
      vertex 50.999237874150275 -87.41111547499895 -3.99
      vertex 51.79999999850988 -88.79807621240616 -3.99
      vertex 51.56785478591919 -88.91892336308956 -3.99
    endloop
  endfacet
  facet normal 0 0 -1
    outer loop
      vertex 51.102132664620875 -87.34556426107883 -3.99
      vertex 52.0207293048501 -88.65745613723993 -3.99
      vertex 51.79999999850988 -88.79807621240616 -3.99
    endloop
  endfacet
  facet normal 0 0 -1
    outer loop
      vertex 51.19892285168171 -87.27129453420639 -3.99
      vertex 52.22836282998323 -88.49813333153725 -3.99
      vertex 52.0207293048501 -88.65745613723993 -3.99
    endloop
  endfacet
  facet normal 0 0 -1
    outer loop
      vertex 51.288871647417544 -87.1888716518879 -3.99
      vertex 52.42132034301758 -88.32132034748793 -3.99
      vertex 52.22836282998323 -88.49813333153725 -3.99
    endloop
  endfacet
  facet normal 0 0 -1
    outer loop
      vertex 51.699999997019766 -86.16508789360523 -3.99
      vertex 53.288584092259406 -86.46146722882986 -3.99
      vertex 51.69315407574177 -86.32188514620066 -3.99
    endloop
  endfacet
  facet normal 0 0 -1
    outer loop
      vertex 51.699999997019766 -86.16508789360523 -3.99
      vertex 53.29999999850988 -86.20000000298023 -3.99
      vertex 53.288584092259406 -86.46146722882986 -3.99
    endloop
  endfacet
  facet normal 0 0 -1
    outer loop
      vertex 51.6772297039628 -86.44284278154373 -3.99
      vertex 53.19777747392654 -86.97645714133978 -3.99
      vertex 51.65082378834486 -86.56195215880871 -3.99
    endloop
  endfacet
  facet normal 0 0 -1
    outer loop
      vertex 51.69315407574177 -86.32188514620066 -3.99
      vertex 53.254423254728316 -86.7209445387125 -3.99
      vertex 51.6772297039628 -86.44284278154373 -3.99
    endloop
  endfacet
  facet normal 0 0 -1
    outer loop
      vertex 51.6141372859478 -86.67830689251423 -3.99
      vertex 51.65082378834486 -86.56195215880871 -3.99
      vertex 53.119077862799166 -87.2260604351759 -3.99
    endloop
  endfacet
  facet normal 0 0 -1
    outer loop
      vertex 51.445564256608485 -87.00213266909122 -3.99
      vertex 52.75745613276958 -87.92072930932045 -3.99
      vertex 52.5981333270669 -88.12836283445358 -3.99
    endloop
  endfacet
  facet normal 0 0 -1
    outer loop
      vertex 51.56744942218065 -86.79102136939764 -3.99
      vertex 53.01892335861921 -87.46785479038954 -3.99
      vertex 52.89807620793581 -87.70000000298023 -3.99
    endloop
  endfacet
  facet normal 0 0 -1
    outer loop
      vertex 51.5111154705286 -86.89923787862062 -3.99
      vertex 52.89807620793581 -87.70000000298023 -3.99
      vertex 52.75745613276958 -87.92072930932045 -3.99
    endloop
  endfacet
  facet normal 0 0 -1
    outer loop
      vertex 51.65082378834486 -86.56195215880871 -3.99
      vertex 53.19777747392654 -86.97645714133978 -3.99
      vertex 53.119077862799166 -87.2260604351759 -3.99
    endloop
  endfacet
  facet normal 0 0 -1
    outer loop
      vertex 51.69315407574177 -86.32188514620066 -3.99
      vertex 53.288584092259406 -86.46146722882986 -3.99
      vertex 53.254423254728316 -86.7209445387125 -3.99
    endloop
  endfacet
  facet normal 0 0 -1
    outer loop
      vertex 51.6772297039628 -86.44284278154373 -3.99
      vertex 53.254423254728316 -86.7209445387125 -3.99
      vertex 53.19777747392654 -86.97645714133978 -3.99
    endloop
  endfacet
  facet normal 0 0 -1
    outer loop
      vertex 51.6141372859478 -86.67830689251423 -3.99
      vertex 53.119077862799166 -87.2260604351759 -3.99
      vertex 53.01892335861921 -87.46785479038954 -3.99
    endloop
  endfacet
  facet normal 0 0 -1
    outer loop
      vertex 51.37129452973604 -87.09892285615206 -3.99
      vertex 52.5981333270669 -88.12836283445358 -3.99
      vertex 52.42132034301758 -88.32132034748793 -3.99
    endloop
  endfacet
  facet normal 0 -0.4617486132350156 -0.8870108331782314
    outer loop
      vertex 13.600000000000001 -76.575 7.182531754730547
      vertex 8.600000000000001 -76.67172717282413 7.232884733795812
      vertex 8.600000000000001 -76.575 7.182531754730547
    endloop
  endfacet
  facet normal 0 -0.5372996083468016 -0.8433914458128999
    outer loop
      vertex 13.600000000000001 -76.48302945456119 7.123940055361239
      vertex 8.600000000000001 -76.575 7.182531754730547
      vertex 8.600000000000001 -76.48302945456119 7.123940055361239
    endloop
  endfacet
  facet normal 2.9050038682667277e-19 -0.608761429008758 -0.7933533402912066
    outer loop
      vertex 8.600000000000001 -76.48302945456119 7.123940055361239
      vertex 8.600000000000001 -76.39651548789183 7.057555553898722
      vertex 13.600000000000001 -76.39651548789183 7.057555553898722
    endloop
  endfacet
  facet normal 0 -0.6755902076156746 -0.737277336810111
    outer loop
      vertex 13.600000000000001 -76.31611652351683 6.983883476483184
      vertex 8.600000000000001 -76.39651548789183 7.057555553898722
      vertex 8.600000000000001 -76.31611652351683 6.983883476483184
    endloop
  endfacet
  facet normal 0 -0.7372773368100651 -0.6755902076157247
    outer loop
      vertex 8.600000000000001 -76.24244444610127 6.903484512108173
      vertex 13.600000000000001 -76.24244444610127 6.903484512108173
      vertex 8.600000000000001 -76.31611652351683 6.983883476483184
    endloop
  endfacet
  facet normal 0 -0.7933533402912731 -0.6087614290086713
    outer loop
      vertex 13.600000000000001 -76.17605994463877 6.816970545438807
      vertex 8.600000000000001 -76.24244444610127 6.903484512108173
      vertex 8.600000000000001 -76.17605994463877 6.816970545438807
    endloop
  endfacet
  facet normal 0 -0.843391445812855 -0.5372996083468721
    outer loop
      vertex 13.600000000000001 -76.11746824526945 6.725
      vertex 8.600000000000001 -76.17605994463877 6.816970545438807
      vertex 8.600000000000001 -76.11746824526945 6.725
    endloop
  endfacet
  facet normal 0 -0.887010833178214 -0.4617486132350483
    outer loop
      vertex 13.600000000000001 -76.06711526620418 6.6282728271758735
      vertex 8.600000000000001 -76.11746824526945 6.725
      vertex 8.600000000000001 -76.06711526620418 6.6282728271758735
    endloop
  endfacet
  facet normal 0 -0.043619387365340184 -0.9990482215818576
    outer loop
      vertex 13.600000000000001 -77.09105532156543 7.345243372614681
      vertex 8.600000000000001 -77.2 7.35
      vertex 8.600000000000001 -77.09105532156543 7.345243372614681
    endloop
  endfacet
  facet normal 0 -0.13052619222004466 -0.9914448613738114
    outer loop
      vertex 13.600000000000001 -76.98293977791634 7.33100969126526
      vertex 8.600000000000001 -77.09105532156543 7.345243372614681
      vertex 8.600000000000001 -76.98293977791634 7.33100969126526
    endloop
  endfacet
  facet normal 0 0.043619387365340184 -0.9990482215818576
    outer loop
      vertex 13.600000000000001 -77.2 7.35
      vertex 8.600000000000001 -77.30894467843457 7.345243372614681
      vertex 8.600000000000001 -77.2 7.35
    endloop
  endfacet
  facet normal 0 0.13052619222004466 -0.9914448613738114
    outer loop
      vertex 13.600000000000001 -77.30894467843457 7.345243372614681
      vertex 8.600000000000001 -77.41706022208366 7.33100969126526
      vertex 8.600000000000001 -77.30894467843457 7.345243372614681
    endloop
  endfacet
  facet normal 0 0.21643961393810734 -0.9762960071199324
    outer loop
      vertex 13.600000000000001 -77.41706022208366 7.33100969126526
      vertex 8.600000000000001 -77.52352380637815 7.307407282861335
      vertex 8.600000000000001 -77.41706022208366 7.33100969126526
    endloop
  endfacet
  facet normal 0 -0.21643961393810734 -0.9762960071199324
    outer loop
      vertex 13.600000000000001 -76.87647619362185 7.307407282861335
      vertex 8.600000000000001 -76.98293977791634 7.33100969126526
      vertex 8.600000000000001 -76.87647619362185 7.307407282861335
    endloop
  endfacet
  facet normal 0 -0.300705799504264 -0.9537169507482298
    outer loop
      vertex 13.600000000000001 -76.77247482084292 7.274615775982385
      vertex 8.600000000000001 -76.87647619362185 7.307407282861335
      vertex 8.600000000000001 -76.77247482084292 7.274615775982385
    endloop
  endfacet
  facet normal 0 -0.3826834323651096 -0.9238795325112786
    outer loop
      vertex 13.600000000000001 -76.67172717282413 7.232884733795812
      vertex 8.600000000000001 -76.77247482084292 7.274615775982385
      vertex 8.600000000000001 -76.67172717282413 7.232884733795812
    endloop
  endfacet
  facet normal 0 0.300705799504264 -0.9537169507482298
    outer loop
      vertex 13.600000000000001 -77.52352380637815 7.307407282861335
      vertex 8.600000000000001 -77.62752517915709 7.274615775982385
      vertex 8.600000000000001 -77.52352380637815 7.307407282861335
    endloop
  endfacet
  facet normal 0 0.3826834323651096 -0.9238795325112786
    outer loop
      vertex 13.600000000000001 -77.62752517915709 7.274615775982385
      vertex 8.600000000000001 -77.72827282717587 7.232884733795812
      vertex 8.600000000000001 -77.62752517915709 7.274615775982385
    endloop
  endfacet
  facet normal 0 0.4617486132350156 -0.8870108331782314
    outer loop
      vertex 13.600000000000001 -77.72827282717587 7.232884733795812
      vertex 8.600000000000001 -77.825 7.182531754730547
      vertex 8.600000000000001 -77.72827282717587 7.232884733795812
    endloop
  endfacet
  facet normal 0 0.5372996083468016 -0.8433914458128999
    outer loop
      vertex 13.600000000000001 -77.825 7.182531754730547
      vertex 8.600000000000001 -77.91697054543882 7.123940055361239
      vertex 8.600000000000001 -77.825 7.182531754730547
    endloop
  endfacet
  facet normal 0 0.608761429008758 -0.7933533402912066
    outer loop
      vertex 13.600000000000001 -77.91697054543882 7.123940055361239
      vertex 8.600000000000001 -78.00348451210817 7.057555553898722
      vertex 8.600000000000001 -77.91697054543882 7.123940055361239
    endloop
  endfacet
  facet normal 0 0.6755902076156746 -0.737277336810111
    outer loop
      vertex 13.600000000000001 -78.00348451210817 7.057555553898722
      vertex 8.600000000000001 -78.08388347648318 6.983883476483184
      vertex 8.600000000000001 -78.00348451210817 7.057555553898722
    endloop
  endfacet
  facet normal 0 0.7372773368100651 -0.6755902076157247
    outer loop
      vertex 8.600000000000001 -78.08388347648318 6.983883476483184
      vertex 13.600000000000001 -78.08388347648318 6.983883476483184
      vertex 8.600000000000001 -78.15755555389873 6.903484512108173
    endloop
  endfacet
  facet normal 0 0.7933533402912731 -0.6087614290086713
    outer loop
      vertex 8.600000000000001 -78.15755555389873 6.903484512108173
      vertex 13.600000000000001 -78.15755555389873 6.903484512108173
      vertex 8.600000000000001 -78.22394005536124 6.816970545438807
    endloop
  endfacet
  facet normal 0 0.843391445812855 -0.5372996083468721
    outer loop
      vertex 8.600000000000001 -78.22394005536124 6.816970545438807
      vertex 13.600000000000001 -78.22394005536124 6.816970545438807
      vertex 8.600000000000001 -78.28253175473056 6.725
    endloop
  endfacet
  facet normal 0 0.887010833178214 -0.4617486132350483
    outer loop
      vertex 8.600000000000001 -78.28253175473056 6.725
      vertex 13.600000000000001 -78.28253175473056 6.725
      vertex 8.600000000000001 -78.33288473379582 6.6282728271758735
    endloop
  endfacet
  facet normal 0 -0.5372996083468016 -0.8433914458128999
    outer loop
      vertex 13.600000000000001 -76.575 7.182531754730547
      vertex 8.600000000000001 -76.575 7.182531754730547
      vertex 13.600000000000001 -76.48302945456119 7.123940055361239
    endloop
  endfacet
  facet normal 0 -0.608761429008758 -0.7933533402912066
    outer loop
      vertex 13.600000000000001 -76.48302945456119 7.123940055361239
      vertex 8.600000000000001 -76.48302945456119 7.123940055361239
      vertex 13.600000000000001 -76.39651548789183 7.057555553898722
    endloop
  endfacet
  facet normal 0 -0.6755902076156746 -0.737277336810111
    outer loop
      vertex 13.600000000000001 -76.39651548789183 7.057555553898722
      vertex 8.600000000000001 -76.39651548789183 7.057555553898722
      vertex 13.600000000000001 -76.31611652351683 6.983883476483184
    endloop
  endfacet
  facet normal 4.550719068471776e-19 -0.7933533402912731 -0.6087614290086713
    outer loop
      vertex 13.600000000000001 -76.17605994463877 6.816970545438807
      vertex 13.600000000000001 -76.24244444610127 6.903484512108173
      vertex 8.600000000000001 -76.24244444610127 6.903484512108173
    endloop
  endfacet
  facet normal 5.636957448672965e-19 -0.7372773368100651 -0.6755902076157247
    outer loop
      vertex 13.600000000000001 -76.24244444610127 6.903484512108173
      vertex 13.600000000000001 -76.31611652351683 6.983883476483184
      vertex 8.600000000000001 -76.31611652351683 6.983883476483184
    endloop
  endfacet
  facet normal 3.74969262981528e-19 -0.843391445812855 -0.5372996083468721
    outer loop
      vertex 13.600000000000001 -76.11746824526945 6.725
      vertex 13.600000000000001 -76.17605994463877 6.816970545438807
      vertex 8.600000000000001 -76.17605994463877 6.816970545438807
    endloop
  endfacet
  facet normal 5.587587735223446e-19 -0.887010833178214 -0.4617486132350483
    outer loop
      vertex 13.600000000000001 -76.06711526620418 6.6282728271758735
      vertex 13.600000000000001 -76.11746824526945 6.725
      vertex 8.600000000000001 -76.11746824526945 6.725
    endloop
  endfacet
  facet normal 0 -0.21643961393810734 -0.9762960071199324
    outer loop
      vertex 13.600000000000001 -76.98293977791634 7.33100969126526
      vertex 8.600000000000001 -76.98293977791634 7.33100969126526
      vertex 13.600000000000001 -76.87647619362185 7.307407282861335
    endloop
  endfacet
  facet normal 0 -0.13052619222004466 -0.9914448613738114
    outer loop
      vertex 13.600000000000001 -77.09105532156543 7.345243372614681
      vertex 8.600000000000001 -77.09105532156543 7.345243372614681
      vertex 13.600000000000001 -76.98293977791634 7.33100969126526
    endloop
  endfacet
  facet normal 0 -0.043619387365340184 -0.9990482215818576
    outer loop
      vertex 13.600000000000001 -77.2 7.35
      vertex 8.600000000000001 -77.2 7.35
      vertex 13.600000000000001 -77.09105532156543 7.345243372614681
    endloop
  endfacet
  facet normal 0 0.043619387365340184 -0.9990482215818576
    outer loop
      vertex 13.600000000000001 -77.30894467843457 7.345243372614681
      vertex 8.600000000000001 -77.30894467843457 7.345243372614681
      vertex 13.600000000000001 -77.2 7.35
    endloop
  endfacet
  facet normal 0 0.13052619222004466 -0.9914448613738114
    outer loop
      vertex 13.600000000000001 -77.41706022208366 7.33100969126526
      vertex 8.600000000000001 -77.41706022208366 7.33100969126526
      vertex 13.600000000000001 -77.30894467843457 7.345243372614681
    endloop
  endfacet
  facet normal 0 -0.3826834323651096 -0.9238795325112786
    outer loop
      vertex 13.600000000000001 -76.77247482084292 7.274615775982385
      vertex 8.600000000000001 -76.77247482084292 7.274615775982385
      vertex 13.600000000000001 -76.67172717282413 7.232884733795812
    endloop
  endfacet
  facet normal 0 -0.300705799504264 -0.9537169507482298
    outer loop
      vertex 13.600000000000001 -76.87647619362185 7.307407282861335
      vertex 8.600000000000001 -76.87647619362185 7.307407282861335
      vertex 13.600000000000001 -76.77247482084292 7.274615775982385
    endloop
  endfacet
  facet normal 0 -0.4617486132350156 -0.8870108331782314
    outer loop
      vertex 13.600000000000001 -76.67172717282413 7.232884733795812
      vertex 8.600000000000001 -76.67172717282413 7.232884733795812
      vertex 13.600000000000001 -76.575 7.182531754730547
    endloop
  endfacet
  facet normal 0 0.21643961393810734 -0.9762960071199324
    outer loop
      vertex 13.600000000000001 -77.52352380637815 7.307407282861335
      vertex 8.600000000000001 -77.52352380637815 7.307407282861335
      vertex 13.600000000000001 -77.41706022208366 7.33100969126526
    endloop
  endfacet
  facet normal 0 0.300705799504264 -0.9537169507482298
    outer loop
      vertex 13.600000000000001 -77.62752517915709 7.274615775982385
      vertex 8.600000000000001 -77.62752517915709 7.274615775982385
      vertex 13.600000000000001 -77.52352380637815 7.307407282861335
    endloop
  endfacet
  facet normal 0 0.3826834323651096 -0.9238795325112786
    outer loop
      vertex 13.600000000000001 -77.72827282717587 7.232884733795812
      vertex 8.600000000000001 -77.72827282717587 7.232884733795812
      vertex 13.600000000000001 -77.62752517915709 7.274615775982385
    endloop
  endfacet
  facet normal 0 0.4617486132350156 -0.8870108331782314
    outer loop
      vertex 13.600000000000001 -77.825 7.182531754730547
      vertex 8.600000000000001 -77.825 7.182531754730547
      vertex 13.600000000000001 -77.72827282717587 7.232884733795812
    endloop
  endfacet
  facet normal 0 0.5372996083468016 -0.8433914458128999
    outer loop
      vertex 13.600000000000001 -77.91697054543882 7.123940055361239
      vertex 8.600000000000001 -77.91697054543882 7.123940055361239
      vertex 13.600000000000001 -77.825 7.182531754730547
    endloop
  endfacet
  facet normal 0 0.608761429008758 -0.7933533402912066
    outer loop
      vertex 13.600000000000001 -78.00348451210817 7.057555553898722
      vertex 8.600000000000001 -78.00348451210817 7.057555553898722
      vertex 13.600000000000001 -77.91697054543882 7.123940055361239
    endloop
  endfacet
  facet normal 0 0.6755902076156746 -0.737277336810111
    outer loop
      vertex 13.600000000000001 -78.08388347648318 6.983883476483184
      vertex 8.600000000000001 -78.08388347648318 6.983883476483184
      vertex 13.600000000000001 -78.00348451210817 7.057555553898722
    endloop
  endfacet
  facet normal -5.636957448672965e-19 0.7372773368100651 -0.6755902076157247
    outer loop
      vertex 13.600000000000001 -78.08388347648318 6.983883476483184
      vertex 13.600000000000001 -78.15755555389873 6.903484512108173
      vertex 8.600000000000001 -78.15755555389873 6.903484512108173
    endloop
  endfacet
  facet normal -4.550719068471776e-19 0.7933533402912731 -0.6087614290086713
    outer loop
      vertex 13.600000000000001 -78.15755555389873 6.903484512108173
      vertex 13.600000000000001 -78.22394005536124 6.816970545438807
      vertex 8.600000000000001 -78.22394005536124 6.816970545438807
    endloop
  endfacet
  facet normal -3.74969262981528e-19 0.843391445812855 -0.5372996083468721
    outer loop
      vertex 13.600000000000001 -78.22394005536124 6.816970545438807
      vertex 13.600000000000001 -78.28253175473056 6.725
      vertex 8.600000000000001 -78.28253175473056 6.725
    endloop
  endfacet
  facet normal -5.587587735223446e-19 0.887010833178214 -0.4617486132350483
    outer loop
      vertex 13.600000000000001 -78.28253175473056 6.725
      vertex 13.600000000000001 -78.33288473379582 6.6282728271758735
      vertex 8.600000000000001 -78.33288473379582 6.6282728271758735
    endloop
  endfacet
  facet normal 0 -0.9238795325112984 -0.3826834323650616
    outer loop
      vertex 13.600000000000001 -76.02538422401761 6.527525179157085
      vertex 8.600000000000001 -76.06711526620418 6.6282728271758735
      vertex 8.600000000000001 -76.02538422401761 6.527525179157085
    endloop
  endfacet
  facet normal 0 -0.9537169507482246 -0.3007057995042808
    outer loop
      vertex 13.600000000000001 -75.99259271713866 6.42352380637815
      vertex 8.600000000000001 -76.02538422401761 6.527525179157085
      vertex 8.600000000000001 -75.99259271713866 6.42352380637815
    endloop
  endfacet
  facet normal 0 -0.9762960071199479 -0.21643961393803748
    outer loop
      vertex 13.600000000000001 -75.96899030873475 6.317060222083662
      vertex 8.600000000000001 -75.99259271713866 6.42352380637815
      vertex 8.600000000000001 -75.96899030873475 6.317060222083662
    endloop
  endfacet
  facet normal 0 -0.991444861373808 -0.1305261922200708
    outer loop
      vertex 13.600000000000001 -75.95475662738532 6.208944678434572
      vertex 8.600000000000001 -75.96899030873475 6.317060222083662
      vertex 8.600000000000001 -75.95475662738532 6.208944678434572
    endloop
  endfacet
  facet normal 0 -0.9990482215818574 -0.04361938736534655
    outer loop
      vertex 13.600000000000001 -75.95 6.1
      vertex 8.600000000000001 -75.95475662738532 6.208944678434572
      vertex 8.600000000000001 -75.95 6.1
    endloop
  endfacet
  facet normal 0 -0.9990482215818574 0.04361938736534655
    outer loop
      vertex 13.600000000000001 -75.95475662738532 5.991055321565427
      vertex 8.600000000000001 -75.95 6.1
      vertex 8.600000000000001 -75.95475662738532 5.991055321565427
    endloop
  endfacet
  facet normal 1.9743330189923657e-19 -0.991444861373808 0.13052619222006973
    outer loop
      vertex 8.600000000000001 -75.95475662738532 5.991055321565427
      vertex 8.600000000000001 -75.96899030873475 5.882939777916336
      vertex 13.600000000000001 -75.96899030873475 5.882939777916336
    endloop
  endfacet
  facet normal 2.676082726357723e-19 -0.9762960071199475 0.2164396139380392
    outer loop
      vertex 8.600000000000001 -75.96899030873475 5.882939777916336
      vertex 8.600000000000001 -75.99259271713866 5.776476193621849
      vertex 13.600000000000001 -75.99259271713866 5.776476193621849
    endloop
  endfacet
  facet normal 0 0.9238795325112984 -0.3826834323650616
    outer loop
      vertex 13.600000000000001 -78.33288473379582 6.6282728271758735
      vertex 8.600000000000001 -78.37461577598239 6.527525179157085
      vertex 8.600000000000001 -78.33288473379582 6.6282728271758735
    endloop
  endfacet
  facet normal 0 0.9537169507482246 -0.3007057995042808
    outer loop
      vertex 13.600000000000001 -78.37461577598239 6.527525179157085
      vertex 8.600000000000001 -78.40740728286134 6.42352380637815
      vertex 8.600000000000001 -78.37461577598239 6.527525179157085
    endloop
  endfacet
  facet normal 0 0.9762960071199479 -0.21643961393803748
    outer loop
      vertex 8.600000000000001 -78.40740728286134 6.42352380637815
      vertex 13.600000000000001 -78.40740728286134 6.42352380637815
      vertex 8.600000000000001 -78.43100969126526 6.317060222083662
    endloop
  endfacet
  facet normal 0 0.991444861373808 -0.1305261922200708
    outer loop
      vertex 13.600000000000001 -78.43100969126526 6.317060222083662
      vertex 8.600000000000001 -78.44524337261468 6.208944678434572
      vertex 8.600000000000001 -78.43100969126526 6.317060222083662
    endloop
  endfacet
  facet normal 0 0.9990482215818574 -0.04361938736534655
    outer loop
      vertex 8.600000000000001 -78.44524337261468 6.208944678434572
      vertex 13.600000000000001 -78.44524337261468 6.208944678434572
      vertex 8.600000000000001 -78.45 6.1
    endloop
  endfacet
  facet normal 0 0.9990482215818574 0.04361938736534655
    outer loop
      vertex 8.600000000000001 -78.45 6.1
      vertex 13.600000000000001 -78.45 6.1
      vertex 8.600000000000001 -78.44524337261468 5.991055321565427
    endloop
  endfacet
  facet normal 0 0.991444861373808 0.13052619222006973
    outer loop
      vertex 13.600000000000001 -78.44524337261468 5.991055321565427
      vertex 8.600000000000001 -78.43100969126526 5.882939777916336
      vertex 8.600000000000001 -78.44524337261468 5.991055321565427
    endloop
  endfacet
  facet normal 0 0.9762960071199475 0.2164396139380392
    outer loop
      vertex 13.600000000000001 -78.43100969126526 5.882939777916336
      vertex 8.600000000000001 -78.40740728286134 5.776476193621849
      vertex 8.600000000000001 -78.43100969126526 5.882939777916336
    endloop
  endfacet
  facet normal 5.227713114418739e-19 -0.9238795325112984 -0.3826834323650616
    outer loop
      vertex 13.600000000000001 -76.02538422401761 6.527525179157085
      vertex 13.600000000000001 -76.06711526620418 6.6282728271758735
      vertex 8.600000000000001 -76.06711526620418 6.6282728271758735
    endloop
  endfacet
  facet normal 1.0792652911106958e-19 -0.9537169507482246 -0.3007057995042808
    outer loop
      vertex 13.600000000000001 -75.99259271713866 6.42352380637815
      vertex 13.600000000000001 -76.02538422401761 6.527525179157085
      vertex 8.600000000000001 -76.02538422401761 6.527525179157085
    endloop
  endfacet
  facet normal 2.59153428077077e-19 -0.9762960071199479 -0.21643961393803748
    outer loop
      vertex 13.600000000000001 -75.96899030873475 6.317060222083662
      vertex 13.600000000000001 -75.99259271713866 6.42352380637815
      vertex 8.600000000000001 -75.99259271713866 6.42352380637815
    endloop
  endfacet
  facet normal -7.766379469788048e-20 -0.991444861373808 -0.1305261922200708
    outer loop
      vertex 13.600000000000001 -75.95475662738532 6.208944678434572
      vertex 13.600000000000001 -75.96899030873475 6.317060222083662
      vertex 8.600000000000001 -75.96899030873475 6.317060222083662
    endloop
  endfacet
  facet normal 5.362953510462822e-20 -0.9990482215818574 -0.04361938736534655
    outer loop
      vertex 13.600000000000001 -75.95 6.1
      vertex 13.600000000000001 -75.95475662738532 6.208944678434572
      vertex 8.600000000000001 -75.95475662738532 6.208944678434572
    endloop
  endfacet
  facet normal -5.362953510462822e-20 -0.9990482215818574 0.04361938736534655
    outer loop
      vertex 13.600000000000001 -75.95475662738532 5.991055321565427
      vertex 13.600000000000001 -75.95 6.1
      vertex 8.600000000000001 -75.95 6.1
    endloop
  endfacet
  facet normal 1.9743330189923657e-19 -0.991444861373808 0.13052619222006973
    outer loop
      vertex 13.600000000000001 -75.96899030873475 5.882939777916336
      vertex 13.600000000000001 -75.95475662738532 5.991055321565427
      vertex 8.600000000000001 -75.95475662738532 5.991055321565427
    endloop
  endfacet
  facet normal 0 -0.9762960071199475 0.2164396139380392
    outer loop
      vertex 8.600000000000001 -75.96899030873475 5.882939777916336
      vertex 13.600000000000001 -75.99259271713866 5.776476193621849
      vertex 13.600000000000001 -75.96899030873475 5.882939777916336
    endloop
  endfacet
  facet normal -5.227713114418739e-19 0.9238795325112984 -0.3826834323650616
    outer loop
      vertex 13.600000000000001 -78.33288473379582 6.6282728271758735
      vertex 13.600000000000001 -78.37461577598239 6.527525179157085
      vertex 8.600000000000001 -78.37461577598239 6.527525179157085
    endloop
  endfacet
  facet normal -1.0792652911106958e-19 0.9537169507482246 -0.3007057995042808
    outer loop
      vertex 13.600000000000001 -78.37461577598239 6.527525179157085
      vertex 13.600000000000001 -78.40740728286134 6.42352380637815
      vertex 8.600000000000001 -78.40740728286134 6.42352380637815
    endloop
  endfacet
  facet normal -2.59153428077077e-19 0.9762960071199479 -0.21643961393803748
    outer loop
      vertex 13.600000000000001 -78.40740728286134 6.42352380637815
      vertex 13.600000000000001 -78.43100969126526 6.317060222083662
      vertex 8.600000000000001 -78.43100969126526 6.317060222083662
    endloop
  endfacet
  facet normal 7.766379469788048e-20 0.991444861373808 -0.1305261922200708
    outer loop
      vertex 13.600000000000001 -78.43100969126526 6.317060222083662
      vertex 13.600000000000001 -78.44524337261468 6.208944678434572
      vertex 8.600000000000001 -78.44524337261468 6.208944678434572
    endloop
  endfacet
  facet normal -5.362953510462822e-20 0.9990482215818574 -0.04361938736534655
    outer loop
      vertex 13.600000000000001 -78.44524337261468 6.208944678434572
      vertex 13.600000000000001 -78.45 6.1
      vertex 8.600000000000001 -78.45 6.1
    endloop
  endfacet
  facet normal 5.362953510462822e-20 0.9990482215818574 0.04361938736534655
    outer loop
      vertex 13.600000000000001 -78.45 6.1
      vertex 13.600000000000001 -78.44524337261468 5.991055321565427
      vertex 8.600000000000001 -78.44524337261468 5.991055321565427
    endloop
  endfacet
  facet normal -1.9743330189923657e-19 0.991444861373808 0.13052619222006973
    outer loop
      vertex 13.600000000000001 -78.44524337261468 5.991055321565427
      vertex 13.600000000000001 -78.43100969126526 5.882939777916336
      vertex 8.600000000000001 -78.43100969126526 5.882939777916336
    endloop
  endfacet
  facet normal -2.676082726357723e-19 0.9762960071199475 0.2164396139380392
    outer loop
      vertex 13.600000000000001 -78.43100969126526 5.882939777916336
      vertex 13.600000000000001 -78.40740728286134 5.776476193621849
      vertex 8.600000000000001 -78.40740728286134 5.776476193621849
    endloop
  endfacet
  facet normal -1.0792652911106958e-19 -0.9537169507482246 0.3007057995042808
    outer loop
      vertex 8.600000000000001 -75.99259271713866 5.776476193621849
      vertex 8.600000000000001 -76.02538422401761 5.672474820842914
      vertex 13.600000000000001 -76.02538422401761 5.672474820842914
    endloop
  endfacet
  facet normal -5.227713114418739e-19 -0.9238795325112984 0.3826834323650616
    outer loop
      vertex 8.600000000000001 -76.02538422401761 5.672474820842914
      vertex 8.600000000000001 -76.06711526620418 5.571727172824126
      vertex 13.600000000000001 -76.06711526620418 5.571727172824126
    endloop
  endfacet
  facet normal -5.587587735223446e-19 -0.887010833178214 0.4617486132350483
    outer loop
      vertex 8.600000000000001 -76.06711526620418 5.571727172824126
      vertex 8.600000000000001 -76.11746824526945 5.475
      vertex 13.600000000000001 -76.11746824526945 5.475
    endloop
  endfacet
  facet normal -3.74969262981528e-19 -0.843391445812855 0.5372996083468721
    outer loop
      vertex 8.600000000000001 -76.11746824526945 5.475
      vertex 8.600000000000001 -76.17605994463877 5.383029454561192
      vertex 13.600000000000001 -76.17605994463877 5.383029454561192
    endloop
  endfacet
  facet normal -4.550719068471776e-19 -0.7933533402912731 0.6087614290086713
    outer loop
      vertex 8.600000000000001 -76.17605994463877 5.383029454561192
      vertex 8.600000000000001 -76.24244444610127 5.296515487891826
      vertex 13.600000000000001 -76.24244444610127 5.296515487891826
    endloop
  endfacet
  facet normal -5.636957448672965e-19 -0.7372773368100651 0.6755902076157247
    outer loop
      vertex 8.600000000000001 -76.24244444610127 5.296515487891826
      vertex 8.600000000000001 -76.31611652351683 5.216116523516815
      vertex 13.600000000000001 -76.31611652351683 5.216116523516815
    endloop
  endfacet
  facet normal -6.883827384536433e-20 -0.6755902076156746 0.737277336810111
    outer loop
      vertex 8.600000000000001 -76.31611652351683 5.216116523516815
      vertex 8.600000000000001 -76.39651548789183 5.142444446101277
      vertex 13.600000000000001 -76.39651548789183 5.142444446101277
    endloop
  endfacet
  facet normal 0 -0.608761429008758 0.7933533402912066
    outer loop
      vertex 8.600000000000001 -76.48302945456119 5.07605994463876
      vertex 13.600000000000001 -76.48302945456119 5.07605994463876
      vertex 8.600000000000001 -76.39651548789183 5.142444446101277
    endloop
  endfacet
  facet normal 2.4377179454721276e-19 -0.5372996083468016 0.8433914458128999
    outer loop
      vertex 8.600000000000001 -76.48302945456119 5.07605994463876
      vertex 8.600000000000001 -76.575 5.017468245269452
      vertex 13.600000000000001 -76.575 5.017468245269452
    endloop
  endfacet
  facet normal 0 0.9537169507482246 0.3007057995042808
    outer loop
      vertex 8.600000000000001 -78.40740728286134 5.776476193621849
      vertex 13.600000000000001 -78.40740728286134 5.776476193621849
      vertex 8.600000000000001 -78.37461577598239 5.672474820842914
    endloop
  endfacet
  facet normal 5.227713114418739e-19 0.9238795325112984 0.3826834323650616
    outer loop
      vertex 8.600000000000001 -78.33288473379582 5.571727172824126
      vertex 8.600000000000001 -78.37461577598239 5.672474820842914
      vertex 13.600000000000001 -78.37461577598239 5.672474820842914
    endloop
  endfacet
  facet normal 0 0.887010833178214 0.4617486132350483
    outer loop
      vertex 8.600000000000001 -78.33288473379582 5.571727172824126
      vertex 13.600000000000001 -78.33288473379582 5.571727172824126
      vertex 8.600000000000001 -78.28253175473056 5.475
    endloop
  endfacet
  facet normal 0 0.843391445812855 0.5372996083468721
    outer loop
      vertex 8.600000000000001 -78.28253175473056 5.475
      vertex 13.600000000000001 -78.28253175473056 5.475
      vertex 8.600000000000001 -78.22394005536124 5.383029454561192
    endloop
  endfacet
  facet normal 0 0.7933533402912731 0.6087614290086713
    outer loop
      vertex 13.600000000000001 -78.22394005536124 5.383029454561192
      vertex 8.600000000000001 -78.15755555389873 5.296515487891826
      vertex 8.600000000000001 -78.22394005536124 5.383029454561192
    endloop
  endfacet
  facet normal 0 0.608761429008758 0.7933533402912066
    outer loop
      vertex 13.600000000000001 -78.00348451210817 5.142444446101277
      vertex 8.600000000000001 -77.91697054543882 5.07605994463876
      vertex 8.600000000000001 -78.00348451210817 5.142444446101277
    endloop
  endfacet
  facet normal 0 -0.4617486132350156 0.8870108331782314
    outer loop
      vertex 8.600000000000001 -76.67172717282413 4.967115266204187
      vertex 13.600000000000001 -76.67172717282413 4.967115266204187
      vertex 8.600000000000001 -76.575 5.017468245269452
    endloop
  endfacet
  facet normal 0 -0.3826834323651096 0.9238795325112786
    outer loop
      vertex 8.600000000000001 -76.77247482084292 4.925384224017614
      vertex 13.600000000000001 -76.77247482084292 4.925384224017614
      vertex 8.600000000000001 -76.67172717282413 4.967115266204187
    endloop
  endfacet
  facet normal 3.9572533359277e-19 -0.300705799504264 0.9537169507482298
    outer loop
      vertex 8.600000000000001 -76.77247482084292 4.925384224017614
      vertex 8.600000000000001 -76.87647619362185 4.8925927171386645
      vertex 13.600000000000001 -76.87647619362185 4.8925927171386645
    endloop
  endfacet
  facet normal 0 -0.21643961393810734 0.9762960071199324
    outer loop
      vertex 8.600000000000001 -76.98293977791634 4.868990308734739
      vertex 13.600000000000001 -76.98293977791634 4.868990308734739
      vertex 8.600000000000001 -76.87647619362185 4.8925927171386645
    endloop
  endfacet
  facet normal 0 0.5372996083468016 0.8433914458128999
    outer loop
      vertex 13.600000000000001 -77.91697054543882 5.07605994463876
      vertex 8.600000000000001 -77.825 5.017468245269452
      vertex 8.600000000000001 -77.91697054543882 5.07605994463876
    endloop
  endfacet
  facet normal 1.2693552096746996e-19 0.4617486132350156 0.8870108331782314
    outer loop
      vertex 8.600000000000001 -77.72827282717587 4.967115266204187
      vertex 8.600000000000001 -77.825 5.017468245269452
      vertex 13.600000000000001 -77.825 5.017468245269452
    endloop
  endfacet
  facet normal -8.722910044649836e-21 0.21643961393810734 0.9762960071199324
    outer loop
      vertex 8.600000000000001 -77.41706022208366 4.868990308734739
      vertex 8.600000000000001 -77.52352380637815 4.8925927171386645
      vertex 13.600000000000001 -77.52352380637815 4.8925927171386645
    endloop
  endfacet
  facet normal 0 0.300705799504264 0.9537169507482298
    outer loop
      vertex 13.600000000000001 -77.62752517915709 4.925384224017614
      vertex 8.600000000000001 -77.52352380637815 4.8925927171386645
      vertex 8.600000000000001 -77.62752517915709 4.925384224017614
    endloop
  endfacet
  facet normal 0 0.3826834323651096 0.9238795325112786
    outer loop
      vertex 13.600000000000001 -77.72827282717587 4.967115266204187
      vertex 8.600000000000001 -77.62752517915709 4.925384224017614
      vertex 8.600000000000001 -77.72827282717587 4.967115266204187
    endloop
  endfacet
  facet normal 0 0.7372773368100651 0.6755902076157247
    outer loop
      vertex 13.600000000000001 -78.15755555389873 5.296515487891826
      vertex 8.600000000000001 -78.08388347648318 5.216116523516815
      vertex 8.600000000000001 -78.15755555389873 5.296515487891826
    endloop
  endfacet
  facet normal 6.883827384536433e-20 0.6755902076156746 0.737277336810111
    outer loop
      vertex 8.600000000000001 -78.00348451210817 5.142444446101277
      vertex 8.600000000000001 -78.08388347648318 5.216116523516815
      vertex 13.600000000000001 -78.08388347648318 5.216116523516815
    endloop
  endfacet
  facet normal 0 -0.9537169507482246 0.3007057995042808
    outer loop
      vertex 8.600000000000001 -75.99259271713866 5.776476193621849
      vertex 13.600000000000001 -76.02538422401761 5.672474820842914
      vertex 13.600000000000001 -75.99259271713866 5.776476193621849
    endloop
  endfacet
  facet normal 0 -0.9238795325112984 0.3826834323650616
    outer loop
      vertex 8.600000000000001 -76.02538422401761 5.672474820842914
      vertex 13.600000000000001 -76.06711526620418 5.571727172824126
      vertex 13.600000000000001 -76.02538422401761 5.672474820842914
    endloop
  endfacet
  facet normal 0 -0.887010833178214 0.4617486132350483
    outer loop
      vertex 8.600000000000001 -76.06711526620418 5.571727172824126
      vertex 13.600000000000001 -76.11746824526945 5.475
      vertex 13.600000000000001 -76.06711526620418 5.571727172824126
    endloop
  endfacet
  facet normal 0 -0.843391445812855 0.5372996083468721
    outer loop
      vertex 8.600000000000001 -76.11746824526945 5.475
      vertex 13.600000000000001 -76.17605994463877 5.383029454561192
      vertex 13.600000000000001 -76.11746824526945 5.475
    endloop
  endfacet
  facet normal 0 -0.7933533402912731 0.6087614290086713
    outer loop
      vertex 8.600000000000001 -76.17605994463877 5.383029454561192
      vertex 13.600000000000001 -76.24244444610127 5.296515487891826
      vertex 13.600000000000001 -76.17605994463877 5.383029454561192
    endloop
  endfacet
  facet normal 0 -0.7372773368100651 0.6755902076157247
    outer loop
      vertex 8.600000000000001 -76.24244444610127 5.296515487891826
      vertex 13.600000000000001 -76.31611652351683 5.216116523516815
      vertex 13.600000000000001 -76.24244444610127 5.296515487891826
    endloop
  endfacet
  facet normal 0 -0.6755902076156746 0.737277336810111
    outer loop
      vertex 8.600000000000001 -76.31611652351683 5.216116523516815
      vertex 13.600000000000001 -76.39651548789183 5.142444446101277
      vertex 13.600000000000001 -76.31611652351683 5.216116523516815
    endloop
  endfacet
  facet normal 0 -0.608761429008758 0.7933533402912066
    outer loop
      vertex 8.600000000000001 -76.39651548789183 5.142444446101277
      vertex 13.600000000000001 -76.48302945456119 5.07605994463876
      vertex 13.600000000000001 -76.39651548789183 5.142444446101277
    endloop
  endfacet
  facet normal 2.4377179454721276e-19 -0.5372996083468016 0.8433914458128999
    outer loop
      vertex 13.600000000000001 -76.575 5.017468245269452
      vertex 13.600000000000001 -76.48302945456119 5.07605994463876
      vertex 8.600000000000001 -76.48302945456119 5.07605994463876
    endloop
  endfacet
  facet normal 0 -0.4617486132350156 0.8870108331782314
    outer loop
      vertex 8.600000000000001 -76.575 5.017468245269452
      vertex 13.600000000000001 -76.67172717282413 4.967115266204187
      vertex 13.600000000000001 -76.575 5.017468245269452
    endloop
  endfacet
  facet normal 1.0792652911106958e-19 0.9537169507482246 0.3007057995042808
    outer loop
      vertex 13.600000000000001 -78.40740728286134 5.776476193621849
      vertex 13.600000000000001 -78.37461577598239 5.672474820842914
      vertex 8.600000000000001 -78.37461577598239 5.672474820842914
    endloop
  endfacet
  facet normal 5.227713114418739e-19 0.9238795325112984 0.3826834323650616
    outer loop
      vertex 13.600000000000001 -78.37461577598239 5.672474820842914
      vertex 13.600000000000001 -78.33288473379582 5.571727172824126
      vertex 8.600000000000001 -78.33288473379582 5.571727172824126
    endloop
  endfacet
  facet normal 5.587587735223446e-19 0.887010833178214 0.4617486132350483
    outer loop
      vertex 13.600000000000001 -78.33288473379582 5.571727172824126
      vertex 13.600000000000001 -78.28253175473056 5.475
      vertex 8.600000000000001 -78.28253175473056 5.475
    endloop
  endfacet
  facet normal 3.74969262981528e-19 0.843391445812855 0.5372996083468721
    outer loop
      vertex 13.600000000000001 -78.28253175473056 5.475
      vertex 13.600000000000001 -78.22394005536124 5.383029454561192
      vertex 8.600000000000001 -78.22394005536124 5.383029454561192
    endloop
  endfacet
  facet normal 4.550719068471776e-19 0.7933533402912731 0.6087614290086713
    outer loop
      vertex 13.600000000000001 -78.22394005536124 5.383029454561192
      vertex 13.600000000000001 -78.15755555389873 5.296515487891826
      vertex 8.600000000000001 -78.15755555389873 5.296515487891826
    endloop
  endfacet
  facet normal 0 0.608761429008758 0.7933533402912066
    outer loop
      vertex 13.600000000000001 -77.91697054543882 5.07605994463876
      vertex 8.600000000000001 -77.91697054543882 5.07605994463876
      vertex 13.600000000000001 -78.00348451210817 5.142444446101277
    endloop
  endfacet
  facet normal 0 -0.3826834323651096 0.9238795325112786
    outer loop
      vertex 8.600000000000001 -76.67172717282413 4.967115266204187
      vertex 13.600000000000001 -76.77247482084292 4.925384224017614
      vertex 13.600000000000001 -76.67172717282413 4.967115266204187
    endloop
  endfacet
  facet normal 0 -0.300705799504264 0.9537169507482298
    outer loop
      vertex 8.600000000000001 -76.77247482084292 4.925384224017614
      vertex 13.600000000000001 -76.87647619362185 4.8925927171386645
      vertex 13.600000000000001 -76.77247482084292 4.925384224017614
    endloop
  endfacet
  facet normal 0 -0.21643961393810734 0.9762960071199324
    outer loop
      vertex 8.600000000000001 -76.87647619362185 4.8925927171386645
      vertex 13.600000000000001 -76.98293977791634 4.868990308734739
      vertex 13.600000000000001 -76.87647619362185 4.8925927171386645
    endloop
  endfacet
  facet normal 0 0.5372996083468016 0.8433914458128999
    outer loop
      vertex 13.600000000000001 -77.825 5.017468245269452
      vertex 8.600000000000001 -77.825 5.017468245269452
      vertex 13.600000000000001 -77.91697054543882 5.07605994463876
    endloop
  endfacet
  facet normal 0 0.3826834323651096 0.9238795325112786
    outer loop
      vertex 13.600000000000001 -77.62752517915709 4.925384224017614
      vertex 8.600000000000001 -77.62752517915709 4.925384224017614
      vertex 13.600000000000001 -77.72827282717587 4.967115266204187
    endloop
  endfacet
  facet normal 0 0.21643961393810734 0.9762960071199324
    outer loop
      vertex 8.600000000000001 -77.41706022208366 4.868990308734739
      vertex 13.600000000000001 -77.52352380637815 4.8925927171386645
      vertex 13.600000000000001 -77.41706022208366 4.868990308734739
    endloop
  endfacet
  facet normal 0 0.300705799504264 0.9537169507482298
    outer loop
      vertex 13.600000000000001 -77.52352380637815 4.8925927171386645
      vertex 8.600000000000001 -77.52352380637815 4.8925927171386645
      vertex 13.600000000000001 -77.62752517915709 4.925384224017614
    endloop
  endfacet
  facet normal 1.2693552096746996e-19 0.4617486132350156 0.8870108331782314
    outer loop
      vertex 13.600000000000001 -77.825 5.017468245269452
      vertex 13.600000000000001 -77.72827282717587 4.967115266204187
      vertex 8.600000000000001 -77.72827282717587 4.967115266204187
    endloop
  endfacet
  facet normal 5.636957448672965e-19 0.7372773368100651 0.6755902076157247
    outer loop
      vertex 13.600000000000001 -78.15755555389873 5.296515487891826
      vertex 13.600000000000001 -78.08388347648318 5.216116523516815
      vertex 8.600000000000001 -78.08388347648318 5.216116523516815
    endloop
  endfacet
  facet normal 0 0.6755902076156746 0.737277336810111
    outer loop
      vertex 13.600000000000001 -78.00348451210817 5.142444446101277
      vertex 8.600000000000001 -78.00348451210817 5.142444446101277
      vertex 13.600000000000001 -78.08388347648318 5.216116523516815
    endloop
  endfacet
  facet normal 0 -0.13052619222004466 0.9914448613738114
    outer loop
      vertex 8.600000000000001 -77.09105532156543 4.854756627385318
      vertex 13.600000000000001 -77.09105532156543 4.854756627385318
      vertex 8.600000000000001 -76.98293977791634 4.868990308734739
    endloop
  endfacet
  facet normal 8.431842471225118e-20 -0.043619387365340184 0.9990482215818576
    outer loop
      vertex 8.600000000000001 -77.09105532156543 4.854756627385318
      vertex 8.600000000000001 -77.2 4.85
      vertex 13.600000000000001 -77.2 4.85
    endloop
  endfacet
  facet normal 0 0.043619387365340184 0.9990482215818576
    outer loop
      vertex 8.600000000000001 -77.30894467843457 4.854756627385318
      vertex 13.600000000000001 -77.30894467843457 4.854756627385318
      vertex 8.600000000000001 -77.2 4.85
    endloop
  endfacet
  facet normal 0 0.13052619222004466 0.9914448613738114
    outer loop
      vertex 8.600000000000001 -77.41706022208366 4.868990308734739
      vertex 13.600000000000001 -77.41706022208366 4.868990308734739
      vertex 8.600000000000001 -77.30894467843457 4.854756627385318
    endloop
  endfacet
  facet normal 0 -0.13052619222004466 0.9914448613738114
    outer loop
      vertex 8.600000000000001 -76.98293977791634 4.868990308734739
      vertex 13.600000000000001 -77.09105532156543 4.854756627385318
      vertex 13.600000000000001 -76.98293977791634 4.868990308734739
    endloop
  endfacet
  facet normal 8.431842471225118e-20 -0.043619387365340184 0.9990482215818576
    outer loop
      vertex 13.600000000000001 -77.2 4.85
      vertex 13.600000000000001 -77.09105532156543 4.854756627385318
      vertex 8.600000000000001 -77.09105532156543 4.854756627385318
    endloop
  endfacet
  facet normal 0 0.043619387365340184 0.9990482215818576
    outer loop
      vertex 8.600000000000001 -77.2 4.85
      vertex 13.600000000000001 -77.30894467843457 4.854756627385318
      vertex 13.600000000000001 -77.2 4.85
    endloop
  endfacet
  facet normal 0 0.13052619222004466 0.9914448613738114
    outer loop
      vertex 8.600000000000001 -77.30894467843457 4.854756627385318
      vertex 13.600000000000001 -77.41706022208366 4.868990308734739
      vertex 13.600000000000001 -77.30894467843457 4.854756627385318
    endloop
  endfacet
  facet normal 0 -0.4617486132350156 -0.8870108331782314
    outer loop
      vertex 47.6 -76.575 7.182531754730547
      vertex 42.6 -76.67172717282413 7.232884733795812
      vertex 42.6 -76.575 7.182531754730547
    endloop
  endfacet
  facet normal 0 -0.5372996083468016 -0.8433914458128999
    outer loop
      vertex 47.6 -76.48302945456119 7.123940055361239
      vertex 42.6 -76.575 7.182531754730547
      vertex 42.6 -76.48302945456119 7.123940055361239
    endloop
  endfacet
  facet normal 2.9050038682667277e-19 -0.608761429008758 -0.7933533402912066
    outer loop
      vertex 42.6 -76.48302945456119 7.123940055361239
      vertex 42.6 -76.39651548789183 7.057555553898722
      vertex 47.6 -76.39651548789183 7.057555553898722
    endloop
  endfacet
  facet normal 0 -0.6755902076156746 -0.737277336810111
    outer loop
      vertex 47.6 -76.31611652351683 6.983883476483184
      vertex 42.6 -76.39651548789183 7.057555553898722
      vertex 42.6 -76.31611652351683 6.983883476483184
    endloop
  endfacet
  facet normal 0 -0.7372773368100651 -0.6755902076157247
    outer loop
      vertex 42.6 -76.24244444610127 6.903484512108173
      vertex 47.6 -76.24244444610127 6.903484512108173
      vertex 42.6 -76.31611652351683 6.983883476483184
    endloop
  endfacet
  facet normal 0 -0.7933533402912731 -0.6087614290086713
    outer loop
      vertex 47.6 -76.17605994463877 6.816970545438807
      vertex 42.6 -76.24244444610127 6.903484512108173
      vertex 42.6 -76.17605994463877 6.816970545438807
    endloop
  endfacet
  facet normal 0 -0.843391445812855 -0.5372996083468721
    outer loop
      vertex 47.6 -76.11746824526945 6.725
      vertex 42.6 -76.17605994463877 6.816970545438807
      vertex 42.6 -76.11746824526945 6.725
    endloop
  endfacet
  facet normal 0 -0.887010833178214 -0.4617486132350483
    outer loop
      vertex 47.6 -76.06711526620418 6.6282728271758735
      vertex 42.6 -76.11746824526945 6.725
      vertex 42.6 -76.06711526620418 6.6282728271758735
    endloop
  endfacet
  facet normal 0 -0.043619387365340184 -0.9990482215818576
    outer loop
      vertex 47.6 -77.09105532156543 7.345243372614681
      vertex 42.6 -77.2 7.35
      vertex 42.6 -77.09105532156543 7.345243372614681
    endloop
  endfacet
  facet normal 0 -0.13052619222004466 -0.9914448613738114
    outer loop
      vertex 47.6 -76.98293977791634 7.33100969126526
      vertex 42.6 -77.09105532156543 7.345243372614681
      vertex 42.6 -76.98293977791634 7.33100969126526
    endloop
  endfacet
  facet normal 0 0.043619387365340184 -0.9990482215818576
    outer loop
      vertex 47.6 -77.2 7.35
      vertex 42.6 -77.30894467843457 7.345243372614681
      vertex 42.6 -77.2 7.35
    endloop
  endfacet
  facet normal 0 0.13052619222004466 -0.9914448613738114
    outer loop
      vertex 47.6 -77.30894467843457 7.345243372614681
      vertex 42.6 -77.41706022208366 7.33100969126526
      vertex 42.6 -77.30894467843457 7.345243372614681
    endloop
  endfacet
  facet normal 0 0.21643961393810734 -0.9762960071199324
    outer loop
      vertex 47.6 -77.41706022208366 7.33100969126526
      vertex 42.6 -77.52352380637815 7.307407282861335
      vertex 42.6 -77.41706022208366 7.33100969126526
    endloop
  endfacet
  facet normal 0 -0.21643961393810734 -0.9762960071199324
    outer loop
      vertex 47.6 -76.87647619362185 7.307407282861335
      vertex 42.6 -76.98293977791634 7.33100969126526
      vertex 42.6 -76.87647619362185 7.307407282861335
    endloop
  endfacet
  facet normal 0 -0.300705799504264 -0.9537169507482298
    outer loop
      vertex 47.6 -76.77247482084292 7.274615775982385
      vertex 42.6 -76.87647619362185 7.307407282861335
      vertex 42.6 -76.77247482084292 7.274615775982385
    endloop
  endfacet
  facet normal 0 -0.3826834323651096 -0.9238795325112786
    outer loop
      vertex 47.6 -76.67172717282413 7.232884733795812
      vertex 42.6 -76.77247482084292 7.274615775982385
      vertex 42.6 -76.67172717282413 7.232884733795812
    endloop
  endfacet
  facet normal 0 0.300705799504264 -0.9537169507482298
    outer loop
      vertex 47.6 -77.52352380637815 7.307407282861335
      vertex 42.6 -77.62752517915709 7.274615775982385
      vertex 42.6 -77.52352380637815 7.307407282861335
    endloop
  endfacet
  facet normal 0 0.3826834323651096 -0.9238795325112786
    outer loop
      vertex 47.6 -77.62752517915709 7.274615775982385
      vertex 42.6 -77.72827282717587 7.232884733795812
      vertex 42.6 -77.62752517915709 7.274615775982385
    endloop
  endfacet
  facet normal 0 0.4617486132350156 -0.8870108331782314
    outer loop
      vertex 47.6 -77.72827282717587 7.232884733795812
      vertex 42.6 -77.825 7.182531754730547
      vertex 42.6 -77.72827282717587 7.232884733795812
    endloop
  endfacet
  facet normal 0 0.5372996083468016 -0.8433914458128999
    outer loop
      vertex 47.6 -77.825 7.182531754730547
      vertex 42.6 -77.91697054543882 7.123940055361239
      vertex 42.6 -77.825 7.182531754730547
    endloop
  endfacet
  facet normal 0 0.608761429008758 -0.7933533402912066
    outer loop
      vertex 47.6 -77.91697054543882 7.123940055361239
      vertex 42.6 -78.00348451210817 7.057555553898722
      vertex 42.6 -77.91697054543882 7.123940055361239
    endloop
  endfacet
  facet normal 0 0.6755902076156746 -0.737277336810111
    outer loop
      vertex 47.6 -78.00348451210817 7.057555553898722
      vertex 42.6 -78.08388347648318 6.983883476483184
      vertex 42.6 -78.00348451210817 7.057555553898722
    endloop
  endfacet
  facet normal 0 0.7372773368100651 -0.6755902076157247
    outer loop
      vertex 42.6 -78.08388347648318 6.983883476483184
      vertex 47.6 -78.08388347648318 6.983883476483184
      vertex 42.6 -78.15755555389873 6.903484512108173
    endloop
  endfacet
  facet normal 0 0.7933533402912731 -0.6087614290086713
    outer loop
      vertex 42.6 -78.15755555389873 6.903484512108173
      vertex 47.6 -78.15755555389873 6.903484512108173
      vertex 42.6 -78.22394005536124 6.816970545438807
    endloop
  endfacet
  facet normal 0 0.843391445812855 -0.5372996083468721
    outer loop
      vertex 42.6 -78.22394005536124 6.816970545438807
      vertex 47.6 -78.22394005536124 6.816970545438807
      vertex 42.6 -78.28253175473056 6.725
    endloop
  endfacet
  facet normal 0 0.887010833178214 -0.4617486132350483
    outer loop
      vertex 42.6 -78.28253175473056 6.725
      vertex 47.6 -78.28253175473056 6.725
      vertex 42.6 -78.33288473379582 6.6282728271758735
    endloop
  endfacet
  facet normal 0 -0.5372996083468016 -0.8433914458128999
    outer loop
      vertex 47.6 -76.575 7.182531754730547
      vertex 42.6 -76.575 7.182531754730547
      vertex 47.6 -76.48302945456119 7.123940055361239
    endloop
  endfacet
  facet normal 0 -0.608761429008758 -0.7933533402912066
    outer loop
      vertex 47.6 -76.48302945456119 7.123940055361239
      vertex 42.6 -76.48302945456119 7.123940055361239
      vertex 47.6 -76.39651548789183 7.057555553898722
    endloop
  endfacet
  facet normal 0 -0.6755902076156746 -0.737277336810111
    outer loop
      vertex 47.6 -76.39651548789183 7.057555553898722
      vertex 42.6 -76.39651548789183 7.057555553898722
      vertex 47.6 -76.31611652351683 6.983883476483184
    endloop
  endfacet
  facet normal 4.550719068471776e-19 -0.7933533402912731 -0.6087614290086713
    outer loop
      vertex 47.6 -76.17605994463877 6.816970545438807
      vertex 47.6 -76.24244444610127 6.903484512108173
      vertex 42.6 -76.24244444610127 6.903484512108173
    endloop
  endfacet
  facet normal 5.636957448672965e-19 -0.7372773368100651 -0.6755902076157247
    outer loop
      vertex 47.6 -76.24244444610127 6.903484512108173
      vertex 47.6 -76.31611652351683 6.983883476483184
      vertex 42.6 -76.31611652351683 6.983883476483184
    endloop
  endfacet
  facet normal 3.74969262981528e-19 -0.843391445812855 -0.5372996083468721
    outer loop
      vertex 47.6 -76.11746824526945 6.725
      vertex 47.6 -76.17605994463877 6.816970545438807
      vertex 42.6 -76.17605994463877 6.816970545438807
    endloop
  endfacet
  facet normal 5.587587735223446e-19 -0.887010833178214 -0.4617486132350483
    outer loop
      vertex 47.6 -76.06711526620418 6.6282728271758735
      vertex 47.6 -76.11746824526945 6.725
      vertex 42.6 -76.11746824526945 6.725
    endloop
  endfacet
  facet normal 0 -0.21643961393810734 -0.9762960071199324
    outer loop
      vertex 47.6 -76.98293977791634 7.33100969126526
      vertex 42.6 -76.98293977791634 7.33100969126526
      vertex 47.6 -76.87647619362185 7.307407282861335
    endloop
  endfacet
  facet normal 0 -0.13052619222004466 -0.9914448613738114
    outer loop
      vertex 47.6 -77.09105532156543 7.345243372614681
      vertex 42.6 -77.09105532156543 7.345243372614681
      vertex 47.6 -76.98293977791634 7.33100969126526
    endloop
  endfacet
  facet normal 0 -0.043619387365340184 -0.9990482215818576
    outer loop
      vertex 47.6 -77.2 7.35
      vertex 42.6 -77.2 7.35
      vertex 47.6 -77.09105532156543 7.345243372614681
    endloop
  endfacet
  facet normal 0 0.043619387365340184 -0.9990482215818576
    outer loop
      vertex 47.6 -77.30894467843457 7.345243372614681
      vertex 42.6 -77.30894467843457 7.345243372614681
      vertex 47.6 -77.2 7.35
    endloop
  endfacet
  facet normal 0 0.13052619222004466 -0.9914448613738114
    outer loop
      vertex 47.6 -77.41706022208366 7.33100969126526
      vertex 42.6 -77.41706022208366 7.33100969126526
      vertex 47.6 -77.30894467843457 7.345243372614681
    endloop
  endfacet
  facet normal 0 -0.3826834323651096 -0.9238795325112786
    outer loop
      vertex 47.6 -76.77247482084292 7.274615775982385
      vertex 42.6 -76.77247482084292 7.274615775982385
      vertex 47.6 -76.67172717282413 7.232884733795812
    endloop
  endfacet
  facet normal 0 -0.300705799504264 -0.9537169507482298
    outer loop
      vertex 47.6 -76.87647619362185 7.307407282861335
      vertex 42.6 -76.87647619362185 7.307407282861335
      vertex 47.6 -76.77247482084292 7.274615775982385
    endloop
  endfacet
  facet normal 0 -0.4617486132350156 -0.8870108331782314
    outer loop
      vertex 47.6 -76.67172717282413 7.232884733795812
      vertex 42.6 -76.67172717282413 7.232884733795812
      vertex 47.6 -76.575 7.182531754730547
    endloop
  endfacet
  facet normal 0 0.21643961393810734 -0.9762960071199324
    outer loop
      vertex 47.6 -77.52352380637815 7.307407282861335
      vertex 42.6 -77.52352380637815 7.307407282861335
      vertex 47.6 -77.41706022208366 7.33100969126526
    endloop
  endfacet
  facet normal 0 0.300705799504264 -0.9537169507482298
    outer loop
      vertex 47.6 -77.62752517915709 7.274615775982385
      vertex 42.6 -77.62752517915709 7.274615775982385
      vertex 47.6 -77.52352380637815 7.307407282861335
    endloop
  endfacet
  facet normal 0 0.3826834323651096 -0.9238795325112786
    outer loop
      vertex 47.6 -77.72827282717587 7.232884733795812
      vertex 42.6 -77.72827282717587 7.232884733795812
      vertex 47.6 -77.62752517915709 7.274615775982385
    endloop
  endfacet
  facet normal 0 0.4617486132350156 -0.8870108331782314
    outer loop
      vertex 47.6 -77.825 7.182531754730547
      vertex 42.6 -77.825 7.182531754730547
      vertex 47.6 -77.72827282717587 7.232884733795812
    endloop
  endfacet
  facet normal 0 0.5372996083468016 -0.8433914458128999
    outer loop
      vertex 47.6 -77.91697054543882 7.123940055361239
      vertex 42.6 -77.91697054543882 7.123940055361239
      vertex 47.6 -77.825 7.182531754730547
    endloop
  endfacet
  facet normal 0 0.608761429008758 -0.7933533402912066
    outer loop
      vertex 47.6 -78.00348451210817 7.057555553898722
      vertex 42.6 -78.00348451210817 7.057555553898722
      vertex 47.6 -77.91697054543882 7.123940055361239
    endloop
  endfacet
  facet normal 0 0.6755902076156746 -0.737277336810111
    outer loop
      vertex 47.6 -78.08388347648318 6.983883476483184
      vertex 42.6 -78.08388347648318 6.983883476483184
      vertex 47.6 -78.00348451210817 7.057555553898722
    endloop
  endfacet
  facet normal -5.636957448672965e-19 0.7372773368100651 -0.6755902076157247
    outer loop
      vertex 47.6 -78.08388347648318 6.983883476483184
      vertex 47.6 -78.15755555389873 6.903484512108173
      vertex 42.6 -78.15755555389873 6.903484512108173
    endloop
  endfacet
  facet normal -4.550719068471776e-19 0.7933533402912731 -0.6087614290086713
    outer loop
      vertex 47.6 -78.15755555389873 6.903484512108173
      vertex 47.6 -78.22394005536124 6.816970545438807
      vertex 42.6 -78.22394005536124 6.816970545438807
    endloop
  endfacet
  facet normal -3.74969262981528e-19 0.843391445812855 -0.5372996083468721
    outer loop
      vertex 47.6 -78.22394005536124 6.816970545438807
      vertex 47.6 -78.28253175473056 6.725
      vertex 42.6 -78.28253175473056 6.725
    endloop
  endfacet
  facet normal -5.587587735223446e-19 0.887010833178214 -0.4617486132350483
    outer loop
      vertex 47.6 -78.28253175473056 6.725
      vertex 47.6 -78.33288473379582 6.6282728271758735
      vertex 42.6 -78.33288473379582 6.6282728271758735
    endloop
  endfacet
  facet normal 0 -0.9238795325112984 -0.3826834323650616
    outer loop
      vertex 47.6 -76.02538422401761 6.527525179157085
      vertex 42.6 -76.06711526620418 6.6282728271758735
      vertex 42.6 -76.02538422401761 6.527525179157085
    endloop
  endfacet
  facet normal 0 -0.9537169507482246 -0.3007057995042808
    outer loop
      vertex 47.6 -75.99259271713866 6.42352380637815
      vertex 42.6 -76.02538422401761 6.527525179157085
      vertex 42.6 -75.99259271713866 6.42352380637815
    endloop
  endfacet
  facet normal 0 -0.9762960071199479 -0.21643961393803748
    outer loop
      vertex 47.6 -75.96899030873475 6.317060222083662
      vertex 42.6 -75.99259271713866 6.42352380637815
      vertex 42.6 -75.96899030873475 6.317060222083662
    endloop
  endfacet
  facet normal 0 -0.991444861373808 -0.1305261922200708
    outer loop
      vertex 47.6 -75.95475662738532 6.208944678434572
      vertex 42.6 -75.96899030873475 6.317060222083662
      vertex 42.6 -75.95475662738532 6.208944678434572
    endloop
  endfacet
  facet normal 0 -0.9990482215818574 -0.04361938736534655
    outer loop
      vertex 47.6 -75.95 6.1
      vertex 42.6 -75.95475662738532 6.208944678434572
      vertex 42.6 -75.95 6.1
    endloop
  endfacet
  facet normal 0 -0.9990482215818574 0.04361938736534655
    outer loop
      vertex 47.6 -75.95475662738532 5.991055321565427
      vertex 42.6 -75.95 6.1
      vertex 42.6 -75.95475662738532 5.991055321565427
    endloop
  endfacet
  facet normal 1.9743330189923657e-19 -0.991444861373808 0.13052619222006973
    outer loop
      vertex 42.6 -75.95475662738532 5.991055321565427
      vertex 42.6 -75.96899030873475 5.882939777916336
      vertex 47.6 -75.96899030873475 5.882939777916336
    endloop
  endfacet
  facet normal 2.676082726357723e-19 -0.9762960071199475 0.2164396139380392
    outer loop
      vertex 42.6 -75.96899030873475 5.882939777916336
      vertex 42.6 -75.99259271713866 5.776476193621849
      vertex 47.6 -75.99259271713866 5.776476193621849
    endloop
  endfacet
  facet normal 0 0.9238795325112984 -0.3826834323650616
    outer loop
      vertex 47.6 -78.33288473379582 6.6282728271758735
      vertex 42.6 -78.37461577598239 6.527525179157085
      vertex 42.6 -78.33288473379582 6.6282728271758735
    endloop
  endfacet
  facet normal 0 0.9537169507482246 -0.3007057995042808
    outer loop
      vertex 47.6 -78.37461577598239 6.527525179157085
      vertex 42.6 -78.40740728286134 6.42352380637815
      vertex 42.6 -78.37461577598239 6.527525179157085
    endloop
  endfacet
  facet normal 0 0.9762960071199479 -0.21643961393803748
    outer loop
      vertex 42.6 -78.40740728286134 6.42352380637815
      vertex 47.6 -78.40740728286134 6.42352380637815
      vertex 42.6 -78.43100969126526 6.317060222083662
    endloop
  endfacet
  facet normal 0 0.991444861373808 -0.1305261922200708
    outer loop
      vertex 47.6 -78.43100969126526 6.317060222083662
      vertex 42.6 -78.44524337261468 6.208944678434572
      vertex 42.6 -78.43100969126526 6.317060222083662
    endloop
  endfacet
  facet normal 0 0.9990482215818574 -0.04361938736534655
    outer loop
      vertex 42.6 -78.44524337261468 6.208944678434572
      vertex 47.6 -78.44524337261468 6.208944678434572
      vertex 42.6 -78.45 6.1
    endloop
  endfacet
  facet normal 0 0.9990482215818574 0.04361938736534655
    outer loop
      vertex 42.6 -78.45 6.1
      vertex 47.6 -78.45 6.1
      vertex 42.6 -78.44524337261468 5.991055321565427
    endloop
  endfacet
  facet normal 0 0.991444861373808 0.13052619222006973
    outer loop
      vertex 47.6 -78.44524337261468 5.991055321565427
      vertex 42.6 -78.43100969126526 5.882939777916336
      vertex 42.6 -78.44524337261468 5.991055321565427
    endloop
  endfacet
  facet normal 0 0.9762960071199475 0.2164396139380392
    outer loop
      vertex 47.6 -78.43100969126526 5.882939777916336
      vertex 42.6 -78.40740728286134 5.776476193621849
      vertex 42.6 -78.43100969126526 5.882939777916336
    endloop
  endfacet
  facet normal 5.227713114418739e-19 -0.9238795325112984 -0.3826834323650616
    outer loop
      vertex 47.6 -76.02538422401761 6.527525179157085
      vertex 47.6 -76.06711526620418 6.6282728271758735
      vertex 42.6 -76.06711526620418 6.6282728271758735
    endloop
  endfacet
  facet normal 1.0792652911106958e-19 -0.9537169507482246 -0.3007057995042808
    outer loop
      vertex 47.6 -75.99259271713866 6.42352380637815
      vertex 47.6 -76.02538422401761 6.527525179157085
      vertex 42.6 -76.02538422401761 6.527525179157085
    endloop
  endfacet
  facet normal 2.59153428077077e-19 -0.9762960071199479 -0.21643961393803748
    outer loop
      vertex 47.6 -75.96899030873475 6.317060222083662
      vertex 47.6 -75.99259271713866 6.42352380637815
      vertex 42.6 -75.99259271713866 6.42352380637815
    endloop
  endfacet
  facet normal -7.766379469788048e-20 -0.991444861373808 -0.1305261922200708
    outer loop
      vertex 47.6 -75.95475662738532 6.208944678434572
      vertex 47.6 -75.96899030873475 6.317060222083662
      vertex 42.6 -75.96899030873475 6.317060222083662
    endloop
  endfacet
  facet normal 5.362953510462822e-20 -0.9990482215818574 -0.04361938736534655
    outer loop
      vertex 47.6 -75.95 6.1
      vertex 47.6 -75.95475662738532 6.208944678434572
      vertex 42.6 -75.95475662738532 6.208944678434572
    endloop
  endfacet
  facet normal -5.362953510462822e-20 -0.9990482215818574 0.04361938736534655
    outer loop
      vertex 47.6 -75.95475662738532 5.991055321565427
      vertex 47.6 -75.95 6.1
      vertex 42.6 -75.95 6.1
    endloop
  endfacet
  facet normal 1.9743330189923657e-19 -0.991444861373808 0.13052619222006973
    outer loop
      vertex 47.6 -75.96899030873475 5.882939777916336
      vertex 47.6 -75.95475662738532 5.991055321565427
      vertex 42.6 -75.95475662738532 5.991055321565427
    endloop
  endfacet
  facet normal 0 -0.9762960071199475 0.2164396139380392
    outer loop
      vertex 42.6 -75.96899030873475 5.882939777916336
      vertex 47.6 -75.99259271713866 5.776476193621849
      vertex 47.6 -75.96899030873475 5.882939777916336
    endloop
  endfacet
  facet normal -5.227713114418739e-19 0.9238795325112984 -0.3826834323650616
    outer loop
      vertex 47.6 -78.33288473379582 6.6282728271758735
      vertex 47.6 -78.37461577598239 6.527525179157085
      vertex 42.6 -78.37461577598239 6.527525179157085
    endloop
  endfacet
  facet normal -1.0792652911106958e-19 0.9537169507482246 -0.3007057995042808
    outer loop
      vertex 47.6 -78.37461577598239 6.527525179157085
      vertex 47.6 -78.40740728286134 6.42352380637815
      vertex 42.6 -78.40740728286134 6.42352380637815
    endloop
  endfacet
  facet normal -2.59153428077077e-19 0.9762960071199479 -0.21643961393803748
    outer loop
      vertex 47.6 -78.40740728286134 6.42352380637815
      vertex 47.6 -78.43100969126526 6.317060222083662
      vertex 42.6 -78.43100969126526 6.317060222083662
    endloop
  endfacet
  facet normal 7.766379469788048e-20 0.991444861373808 -0.1305261922200708
    outer loop
      vertex 47.6 -78.43100969126526 6.317060222083662
      vertex 47.6 -78.44524337261468 6.208944678434572
      vertex 42.6 -78.44524337261468 6.208944678434572
    endloop
  endfacet
  facet normal -5.362953510462822e-20 0.9990482215818574 -0.04361938736534655
    outer loop
      vertex 47.6 -78.44524337261468 6.208944678434572
      vertex 47.6 -78.45 6.1
      vertex 42.6 -78.45 6.1
    endloop
  endfacet
  facet normal 5.362953510462822e-20 0.9990482215818574 0.04361938736534655
    outer loop
      vertex 47.6 -78.45 6.1
      vertex 47.6 -78.44524337261468 5.991055321565427
      vertex 42.6 -78.44524337261468 5.991055321565427
    endloop
  endfacet
  facet normal -1.9743330189923657e-19 0.991444861373808 0.13052619222006973
    outer loop
      vertex 47.6 -78.44524337261468 5.991055321565427
      vertex 47.6 -78.43100969126526 5.882939777916336
      vertex 42.6 -78.43100969126526 5.882939777916336
    endloop
  endfacet
  facet normal -2.676082726357723e-19 0.9762960071199475 0.2164396139380392
    outer loop
      vertex 47.6 -78.43100969126526 5.882939777916336
      vertex 47.6 -78.40740728286134 5.776476193621849
      vertex 42.6 -78.40740728286134 5.776476193621849
    endloop
  endfacet
  facet normal -1.0792652911106958e-19 -0.9537169507482246 0.3007057995042808
    outer loop
      vertex 42.6 -75.99259271713866 5.776476193621849
      vertex 42.6 -76.02538422401761 5.672474820842914
      vertex 47.6 -76.02538422401761 5.672474820842914
    endloop
  endfacet
  facet normal -5.227713114418739e-19 -0.9238795325112984 0.3826834323650616
    outer loop
      vertex 42.6 -76.02538422401761 5.672474820842914
      vertex 42.6 -76.06711526620418 5.571727172824126
      vertex 47.6 -76.06711526620418 5.571727172824126
    endloop
  endfacet
  facet normal -5.587587735223446e-19 -0.887010833178214 0.4617486132350483
    outer loop
      vertex 42.6 -76.06711526620418 5.571727172824126
      vertex 42.6 -76.11746824526945 5.475
      vertex 47.6 -76.11746824526945 5.475
    endloop
  endfacet
  facet normal -3.74969262981528e-19 -0.843391445812855 0.5372996083468721
    outer loop
      vertex 42.6 -76.11746824526945 5.475
      vertex 42.6 -76.17605994463877 5.383029454561192
      vertex 47.6 -76.17605994463877 5.383029454561192
    endloop
  endfacet
  facet normal -4.550719068471776e-19 -0.7933533402912731 0.6087614290086713
    outer loop
      vertex 42.6 -76.17605994463877 5.383029454561192
      vertex 42.6 -76.24244444610127 5.296515487891826
      vertex 47.6 -76.24244444610127 5.296515487891826
    endloop
  endfacet
  facet normal -5.636957448672965e-19 -0.7372773368100651 0.6755902076157247
    outer loop
      vertex 42.6 -76.24244444610127 5.296515487891826
      vertex 42.6 -76.31611652351683 5.216116523516815
      vertex 47.6 -76.31611652351683 5.216116523516815
    endloop
  endfacet
  facet normal -6.883827384536433e-20 -0.6755902076156746 0.737277336810111
    outer loop
      vertex 42.6 -76.31611652351683 5.216116523516815
      vertex 42.6 -76.39651548789183 5.142444446101277
      vertex 47.6 -76.39651548789183 5.142444446101277
    endloop
  endfacet
  facet normal 0 -0.608761429008758 0.7933533402912066
    outer loop
      vertex 42.6 -76.48302945456119 5.07605994463876
      vertex 47.6 -76.48302945456119 5.07605994463876
      vertex 42.6 -76.39651548789183 5.142444446101277
    endloop
  endfacet
  facet normal 2.4377179454721276e-19 -0.5372996083468016 0.8433914458128999
    outer loop
      vertex 42.6 -76.48302945456119 5.07605994463876
      vertex 42.6 -76.575 5.017468245269452
      vertex 47.6 -76.575 5.017468245269452
    endloop
  endfacet
  facet normal 0 0.9537169507482246 0.3007057995042808
    outer loop
      vertex 42.6 -78.40740728286134 5.776476193621849
      vertex 47.6 -78.40740728286134 5.776476193621849
      vertex 42.6 -78.37461577598239 5.672474820842914
    endloop
  endfacet
  facet normal 5.227713114418739e-19 0.9238795325112984 0.3826834323650616
    outer loop
      vertex 42.6 -78.33288473379582 5.571727172824126
      vertex 42.6 -78.37461577598239 5.672474820842914
      vertex 47.6 -78.37461577598239 5.672474820842914
    endloop
  endfacet
  facet normal 0 0.887010833178214 0.4617486132350483
    outer loop
      vertex 42.6 -78.33288473379582 5.571727172824126
      vertex 47.6 -78.33288473379582 5.571727172824126
      vertex 42.6 -78.28253175473056 5.475
    endloop
  endfacet
  facet normal 0 0.843391445812855 0.5372996083468721
    outer loop
      vertex 42.6 -78.28253175473056 5.475
      vertex 47.6 -78.28253175473056 5.475
      vertex 42.6 -78.22394005536124 5.383029454561192
    endloop
  endfacet
  facet normal 0 0.7933533402912731 0.6087614290086713
    outer loop
      vertex 47.6 -78.22394005536124 5.383029454561192
      vertex 42.6 -78.15755555389873 5.296515487891826
      vertex 42.6 -78.22394005536124 5.383029454561192
    endloop
  endfacet
  facet normal 0 0.608761429008758 0.7933533402912066
    outer loop
      vertex 47.6 -78.00348451210817 5.142444446101277
      vertex 42.6 -77.91697054543882 5.07605994463876
      vertex 42.6 -78.00348451210817 5.142444446101277
    endloop
  endfacet
  facet normal 0 -0.4617486132350156 0.8870108331782314
    outer loop
      vertex 42.6 -76.67172717282413 4.967115266204187
      vertex 47.6 -76.67172717282413 4.967115266204187
      vertex 42.6 -76.575 5.017468245269452
    endloop
  endfacet
  facet normal 0 -0.3826834323651096 0.9238795325112786
    outer loop
      vertex 42.6 -76.77247482084292 4.925384224017614
      vertex 47.6 -76.77247482084292 4.925384224017614
      vertex 42.6 -76.67172717282413 4.967115266204187
    endloop
  endfacet
  facet normal 3.9572533359277e-19 -0.300705799504264 0.9537169507482298
    outer loop
      vertex 42.6 -76.77247482084292 4.925384224017614
      vertex 42.6 -76.87647619362185 4.8925927171386645
      vertex 47.6 -76.87647619362185 4.8925927171386645
    endloop
  endfacet
  facet normal 0 -0.21643961393810734 0.9762960071199324
    outer loop
      vertex 42.6 -76.98293977791634 4.868990308734739
      vertex 47.6 -76.98293977791634 4.868990308734739
      vertex 42.6 -76.87647619362185 4.8925927171386645
    endloop
  endfacet
  facet normal 0 0.5372996083468016 0.8433914458128999
    outer loop
      vertex 47.6 -77.91697054543882 5.07605994463876
      vertex 42.6 -77.825 5.017468245269452
      vertex 42.6 -77.91697054543882 5.07605994463876
    endloop
  endfacet
  facet normal 1.2693552096746996e-19 0.4617486132350156 0.8870108331782314
    outer loop
      vertex 42.6 -77.72827282717587 4.967115266204187
      vertex 42.6 -77.825 5.017468245269452
      vertex 47.6 -77.825 5.017468245269452
    endloop
  endfacet
  facet normal -8.722910044649836e-21 0.21643961393810734 0.9762960071199324
    outer loop
      vertex 42.6 -77.41706022208366 4.868990308734739
      vertex 42.6 -77.52352380637815 4.8925927171386645
      vertex 47.6 -77.52352380637815 4.8925927171386645
    endloop
  endfacet
  facet normal 0 0.300705799504264 0.9537169507482298
    outer loop
      vertex 47.6 -77.62752517915709 4.925384224017614
      vertex 42.6 -77.52352380637815 4.8925927171386645
      vertex 42.6 -77.62752517915709 4.925384224017614
    endloop
  endfacet
  facet normal 0 0.3826834323651096 0.9238795325112786
    outer loop
      vertex 47.6 -77.72827282717587 4.967115266204187
      vertex 42.6 -77.62752517915709 4.925384224017614
      vertex 42.6 -77.72827282717587 4.967115266204187
    endloop
  endfacet
  facet normal 0 0.7372773368100651 0.6755902076157247
    outer loop
      vertex 47.6 -78.15755555389873 5.296515487891826
      vertex 42.6 -78.08388347648318 5.216116523516815
      vertex 42.6 -78.15755555389873 5.296515487891826
    endloop
  endfacet
  facet normal 6.883827384536433e-20 0.6755902076156746 0.737277336810111
    outer loop
      vertex 42.6 -78.00348451210817 5.142444446101277
      vertex 42.6 -78.08388347648318 5.216116523516815
      vertex 47.6 -78.08388347648318 5.216116523516815
    endloop
  endfacet
  facet normal 0 -0.9537169507482246 0.3007057995042808
    outer loop
      vertex 42.6 -75.99259271713866 5.776476193621849
      vertex 47.6 -76.02538422401761 5.672474820842914
      vertex 47.6 -75.99259271713866 5.776476193621849
    endloop
  endfacet
  facet normal 0 -0.9238795325112984 0.3826834323650616
    outer loop
      vertex 42.6 -76.02538422401761 5.672474820842914
      vertex 47.6 -76.06711526620418 5.571727172824126
      vertex 47.6 -76.02538422401761 5.672474820842914
    endloop
  endfacet
  facet normal 0 -0.887010833178214 0.4617486132350483
    outer loop
      vertex 42.6 -76.06711526620418 5.571727172824126
      vertex 47.6 -76.11746824526945 5.475
      vertex 47.6 -76.06711526620418 5.571727172824126
    endloop
  endfacet
  facet normal 0 -0.843391445812855 0.5372996083468721
    outer loop
      vertex 42.6 -76.11746824526945 5.475
      vertex 47.6 -76.17605994463877 5.383029454561192
      vertex 47.6 -76.11746824526945 5.475
    endloop
  endfacet
  facet normal 0 -0.7933533402912731 0.6087614290086713
    outer loop
      vertex 42.6 -76.17605994463877 5.383029454561192
      vertex 47.6 -76.24244444610127 5.296515487891826
      vertex 47.6 -76.17605994463877 5.383029454561192
    endloop
  endfacet
  facet normal 0 -0.7372773368100651 0.6755902076157247
    outer loop
      vertex 42.6 -76.24244444610127 5.296515487891826
      vertex 47.6 -76.31611652351683 5.216116523516815
      vertex 47.6 -76.24244444610127 5.296515487891826
    endloop
  endfacet
  facet normal 0 -0.6755902076156746 0.737277336810111
    outer loop
      vertex 42.6 -76.31611652351683 5.216116523516815
      vertex 47.6 -76.39651548789183 5.142444446101277
      vertex 47.6 -76.31611652351683 5.216116523516815
    endloop
  endfacet
  facet normal 0 -0.608761429008758 0.7933533402912066
    outer loop
      vertex 42.6 -76.39651548789183 5.142444446101277
      vertex 47.6 -76.48302945456119 5.07605994463876
      vertex 47.6 -76.39651548789183 5.142444446101277
    endloop
  endfacet
  facet normal 2.4377179454721276e-19 -0.5372996083468016 0.8433914458128999
    outer loop
      vertex 47.6 -76.575 5.017468245269452
      vertex 47.6 -76.48302945456119 5.07605994463876
      vertex 42.6 -76.48302945456119 5.07605994463876
    endloop
  endfacet
  facet normal 0 -0.4617486132350156 0.8870108331782314
    outer loop
      vertex 42.6 -76.575 5.017468245269452
      vertex 47.6 -76.67172717282413 4.967115266204187
      vertex 47.6 -76.575 5.017468245269452
    endloop
  endfacet
  facet normal 1.0792652911106958e-19 0.9537169507482246 0.3007057995042808
    outer loop
      vertex 47.6 -78.40740728286134 5.776476193621849
      vertex 47.6 -78.37461577598239 5.672474820842914
      vertex 42.6 -78.37461577598239 5.672474820842914
    endloop
  endfacet
  facet normal 5.227713114418739e-19 0.9238795325112984 0.3826834323650616
    outer loop
      vertex 47.6 -78.37461577598239 5.672474820842914
      vertex 47.6 -78.33288473379582 5.571727172824126
      vertex 42.6 -78.33288473379582 5.571727172824126
    endloop
  endfacet
  facet normal 5.587587735223446e-19 0.887010833178214 0.4617486132350483
    outer loop
      vertex 47.6 -78.33288473379582 5.571727172824126
      vertex 47.6 -78.28253175473056 5.475
      vertex 42.6 -78.28253175473056 5.475
    endloop
  endfacet
  facet normal 3.74969262981528e-19 0.843391445812855 0.5372996083468721
    outer loop
      vertex 47.6 -78.28253175473056 5.475
      vertex 47.6 -78.22394005536124 5.383029454561192
      vertex 42.6 -78.22394005536124 5.383029454561192
    endloop
  endfacet
  facet normal 4.550719068471776e-19 0.7933533402912731 0.6087614290086713
    outer loop
      vertex 47.6 -78.22394005536124 5.383029454561192
      vertex 47.6 -78.15755555389873 5.296515487891826
      vertex 42.6 -78.15755555389873 5.296515487891826
    endloop
  endfacet
  facet normal 0 0.608761429008758 0.7933533402912066
    outer loop
      vertex 47.6 -77.91697054543882 5.07605994463876
      vertex 42.6 -77.91697054543882 5.07605994463876
      vertex 47.6 -78.00348451210817 5.142444446101277
    endloop
  endfacet
  facet normal 0 -0.3826834323651096 0.9238795325112786
    outer loop
      vertex 42.6 -76.67172717282413 4.967115266204187
      vertex 47.6 -76.77247482084292 4.925384224017614
      vertex 47.6 -76.67172717282413 4.967115266204187
    endloop
  endfacet
  facet normal 0 -0.300705799504264 0.9537169507482298
    outer loop
      vertex 42.6 -76.77247482084292 4.925384224017614
      vertex 47.6 -76.87647619362185 4.8925927171386645
      vertex 47.6 -76.77247482084292 4.925384224017614
    endloop
  endfacet
  facet normal 0 -0.21643961393810734 0.9762960071199324
    outer loop
      vertex 42.6 -76.87647619362185 4.8925927171386645
      vertex 47.6 -76.98293977791634 4.868990308734739
      vertex 47.6 -76.87647619362185 4.8925927171386645
    endloop
  endfacet
  facet normal 0 0.5372996083468016 0.8433914458128999
    outer loop
      vertex 47.6 -77.825 5.017468245269452
      vertex 42.6 -77.825 5.017468245269452
      vertex 47.6 -77.91697054543882 5.07605994463876
    endloop
  endfacet
  facet normal 0 0.3826834323651096 0.9238795325112786
    outer loop
      vertex 47.6 -77.62752517915709 4.925384224017614
      vertex 42.6 -77.62752517915709 4.925384224017614
      vertex 47.6 -77.72827282717587 4.967115266204187
    endloop
  endfacet
  facet normal 0 0.21643961393810734 0.9762960071199324
    outer loop
      vertex 42.6 -77.41706022208366 4.868990308734739
      vertex 47.6 -77.52352380637815 4.8925927171386645
      vertex 47.6 -77.41706022208366 4.868990308734739
    endloop
  endfacet
  facet normal 0 0.300705799504264 0.9537169507482298
    outer loop
      vertex 47.6 -77.52352380637815 4.8925927171386645
      vertex 42.6 -77.52352380637815 4.8925927171386645
      vertex 47.6 -77.62752517915709 4.925384224017614
    endloop
  endfacet
  facet normal 1.2693552096746996e-19 0.4617486132350156 0.8870108331782314
    outer loop
      vertex 47.6 -77.825 5.017468245269452
      vertex 47.6 -77.72827282717587 4.967115266204187
      vertex 42.6 -77.72827282717587 4.967115266204187
    endloop
  endfacet
  facet normal 5.636957448672965e-19 0.7372773368100651 0.6755902076157247
    outer loop
      vertex 47.6 -78.15755555389873 5.296515487891826
      vertex 47.6 -78.08388347648318 5.216116523516815
      vertex 42.6 -78.08388347648318 5.216116523516815
    endloop
  endfacet
  facet normal 0 0.6755902076156746 0.737277336810111
    outer loop
      vertex 47.6 -78.00348451210817 5.142444446101277
      vertex 42.6 -78.00348451210817 5.142444446101277
      vertex 47.6 -78.08388347648318 5.216116523516815
    endloop
  endfacet
  facet normal 0 -0.13052619222004466 0.9914448613738114
    outer loop
      vertex 42.6 -77.09105532156543 4.854756627385318
      vertex 47.6 -77.09105532156543 4.854756627385318
      vertex 42.6 -76.98293977791634 4.868990308734739
    endloop
  endfacet
  facet normal 8.431842471225118e-20 -0.043619387365340184 0.9990482215818576
    outer loop
      vertex 42.6 -77.09105532156543 4.854756627385318
      vertex 42.6 -77.2 4.85
      vertex 47.6 -77.2 4.85
    endloop
  endfacet
  facet normal 0 0.043619387365340184 0.9990482215818576
    outer loop
      vertex 42.6 -77.30894467843457 4.854756627385318
      vertex 47.6 -77.30894467843457 4.854756627385318
      vertex 42.6 -77.2 4.85
    endloop
  endfacet
  facet normal 0 0.13052619222004466 0.9914448613738114
    outer loop
      vertex 42.6 -77.41706022208366 4.868990308734739
      vertex 47.6 -77.41706022208366 4.868990308734739
      vertex 42.6 -77.30894467843457 4.854756627385318
    endloop
  endfacet
  facet normal 0 -0.13052619222004466 0.9914448613738114
    outer loop
      vertex 42.6 -76.98293977791634 4.868990308734739
      vertex 47.6 -77.09105532156543 4.854756627385318
      vertex 47.6 -76.98293977791634 4.868990308734739
    endloop
  endfacet
  facet normal 8.431842471225118e-20 -0.043619387365340184 0.9990482215818576
    outer loop
      vertex 47.6 -77.2 4.85
      vertex 47.6 -77.09105532156543 4.854756627385318
      vertex 42.6 -77.09105532156543 4.854756627385318
    endloop
  endfacet
  facet normal 0 0.043619387365340184 0.9990482215818576
    outer loop
      vertex 42.6 -77.2 4.85
      vertex 47.6 -77.30894467843457 4.854756627385318
      vertex 47.6 -77.2 4.85
    endloop
  endfacet
  facet normal 0 0.13052619222004466 0.9914448613738114
    outer loop
      vertex 42.6 -77.30894467843457 4.854756627385318
      vertex 47.6 -77.41706022208366 4.868990308734739
      vertex 47.6 -77.30894467843457 4.854756627385318
    endloop
  endfacet
endsolid OpenSCAD_Model
