solid OpenSCAD_Model
  facet normal 0 1 0
    outer loop
      vertex 1.3544914845101534 2.4 5
      vertex 1.3544914845101534 2.4 11.7
      vertex 17 2.4 5
    endloop
  endfacet
  facet normal 0 0 1
    outer loop
      vertex 1.8305556997656822 1.8305556997656822 11.7
      vertex 2.1006594598293304 1.5830512046813965 11.7
      vertex 4.433995723724365 0.6165516972541809 11.7
    endloop
  endfacet
  facet normal 0 0 1
    outer loop
      vertex 2.1006594598293304 1.5830512046813965 11.7
      vertex 2.3913068175315857 1.3600296527147293 11.7
      vertex 4.070776917040348 0.6643703505396843 11.7
    endloop
  endfacet
  facet normal 0 0 1
    outer loop
      vertex 2.3913068175315857 1.3600296527147293 11.7
      vertex 2.700285814702511 1.1631883159279823 11.7
      vertex 3.7131078988313675 0.7436636686325073 11.7
    endloop
  endfacet
  facet normal 0 0 1
    outer loop
      vertex 2.700285814702511 1.1631883159279823 11.7
      vertex 3.025244876742363 0.9940253347158432 11.7
      vertex 3.3637109100818634 0.8538281172513962 11.7
    endloop
  endfacet
  facet normal 0 0 1
    outer loop
      vertex 1.5830512046813965 2.1006594598293304 11.7
      vertex 1.8305556997656822 1.8305556997656822 11.7
      vertex 4.813091926276684 0.6000000014901161 11.7
    endloop
  endfacet
  facet normal 0 0 1
    outer loop
      vertex 2.700285814702511 1.1631883159279823 11.7
      vertex 3.3637109100818634 0.8538281172513962 11.7
      vertex 3.7131078988313675 0.7436636686325073 11.7
    endloop
  endfacet
  facet normal 0 0 1
    outer loop
      vertex 2.3913068175315857 1.3600296527147293 11.7
      vertex 3.7131078988313675 0.7436636686325073 11.7
      vertex 4.070776917040348 0.6643703505396843 11.7
    endloop
  endfacet
  facet normal 0 0 1
    outer loop
      vertex 2.1006594598293304 1.5830512046813965 11.7
      vertex 4.070776917040348 0.6643703505396843 11.7
      vertex 4.433995723724365 0.6165516972541809 11.7
    endloop
  endfacet
  facet normal 0 0 1
    outer loop
      vertex 1.8305556997656822 1.8305556997656822 11.7
      vertex 4.433995723724365 0.6165516972541809 11.7
      vertex 4.813091926276684 0.6000000014901161 11.7
    endloop
  endfacet
  facet normal 0 0 1
    outer loop
      vertex 1.3600296527147293 2.3913068175315857 11.7
      vertex 17 2.4 11.7
      vertex 1.3544914845101534 2.4 11.7
    endloop
  endfacet
  facet normal 0 0 1
    outer loop
      vertex 1.3600296527147293 2.3913068175315857 11.7
      vertex 1.5830512046813965 2.1006594598293304 11.7
      vertex 17 2.4 11.7
    endloop
  endfacet
  facet normal 0 1 0
    outer loop
      vertex 17 2.4 5
      vertex 1.3544914845101534 2.4 11.7
      vertex 17 2.4 11.7
    endloop
  endfacet
  facet normal 0 0 1
    outer loop
      vertex 1.5830512046813965 2.1006594598293304 11.7
      vertex 4.813091926276684 0.6000000014901161 11.7
      vertex 17 0.6000000014901161 11.7
    endloop
  endfacet
  facet normal 0 0 1
    outer loop
      vertex 1.5830512046813965 2.1006594598293304 11.7
      vertex 17 0.6000000014901161 11.7
      vertex 17 2.4 11.7
    endloop
  endfacet
  facet normal 1 0 0
    outer loop
      vertex 17 0.6000000014901161 5
      vertex 17 2.4 5
      vertex 17 2.4 11.7
    endloop
  endfacet
  facet normal 1 0 0
    outer loop
      vertex 17 0.6000000014901161 5
      vertex 17 2.4 11.7
      vertex 17 0.6000000014901161 11.7
    endloop
  endfacet
  facet normal 0 -1 0
    outer loop
      vertex 1.3544914892567022 101.10000000000001 5
      vertex 17 101.10000000000001 5
      vertex 17 101.10000000000001 11.7
    endloop
  endfacet
  facet normal 0 -1 0
    outer loop
      vertex 1.3544914892567022 101.10000000000001 5
      vertex 17 101.10000000000001 11.7
      vertex 1.3544914892567022 101.10000000000001 11.7
    endloop
  endfacet
  facet normal 0 0 1
    outer loop
      vertex 1.3544914892567022 101.10000000000001 11.7
      vertex 17 101.10000000000001 11.7
      vertex 1.3600296527147293 101.10869317501783 11.7
    endloop
  endfacet
  facet normal 0 0 1
    outer loop
      vertex 1.3600296527147293 101.10869317501783 11.7
      vertex 17 101.10000000000001 11.7
      vertex 1.5830512046813965 101.39934053272009 11.7
    endloop
  endfacet
  facet normal 0 0 1
    outer loop
      vertex 1.5830512046813965 101.39934053272009 11.7
      vertex 17 101.10000000000001 11.7
      vertex 1.8305556997656822 101.66944429278374 11.7
    endloop
  endfacet
  facet normal 0 0 1
    outer loop
      vertex 1.8305556997656822 101.66944429278374 11.7
      vertex 17 101.10000000000001 11.7
      vertex 2.1006594598293304 101.91694878786802 11.7
    endloop
  endfacet
  facet normal 0 0 1
    outer loop
      vertex 2.1006594598293304 101.91694878786802 11.7
      vertex 17 101.10000000000001 11.7
      vertex 2.3913068175315857 102.13997033983469 11.7
    endloop
  endfacet
  facet normal 0 0 1
    outer loop
      vertex 2.3913068175315857 102.13997033983469 11.7
      vertex 17 101.10000000000001 11.7
      vertex 2.700285814702511 102.33681167662144 11.7
    endloop
  endfacet
  facet normal 0 0 1
    outer loop
      vertex 2.700285814702511 102.33681167662144 11.7
      vertex 17 101.10000000000001 11.7
      vertex 3.025244876742363 102.50597465783358 11.7
    endloop
  endfacet
  facet normal 0 0 1
    outer loop
      vertex 3.025244876742363 102.50597465783358 11.7
      vertex 17 101.10000000000001 11.7
      vertex 3.3637109100818634 102.64617187529802 11.7
    endloop
  endfacet
  facet normal 0 0 1
    outer loop
      vertex 3.3637109100818634 102.64617187529802 11.7
      vertex 17 101.10000000000001 11.7
      vertex 3.7131078988313675 102.75633632391691 11.7
    endloop
  endfacet
  facet normal 0 0 1
    outer loop
      vertex 3.7131078988313675 102.75633632391691 11.7
      vertex 17 101.10000000000001 11.7
      vertex 4.070776917040348 102.83562964200974 11.7
    endloop
  endfacet
  facet normal 0 0 1
    outer loop
      vertex 4.070776917040348 102.83562964200974 11.7
      vertex 17 101.10000000000001 11.7
      vertex 4.433995723724365 102.88344829529524 11.7
    endloop
  endfacet
  facet normal 0 0 1
    outer loop
      vertex 4.433995723724365 102.88344829529524 11.7
      vertex 17 101.10000000000001 11.7
      vertex 4.813091926276684 102.89999999850988 11.7
    endloop
  endfacet
  facet normal 0 0 1
    outer loop
      vertex 4.813091926276684 102.89999999850988 11.7
      vertex 17 101.10000000000001 11.7
      vertex 17 102.89999999850988 11.7
    endloop
  endfacet
  facet normal 1 0 0
    outer loop
      vertex 17 101.10000000000001 5
      vertex 17 102.89999999850988 5
      vertex 17 102.89999999850988 11.7
    endloop
  endfacet
  facet normal 1 0 0
    outer loop
      vertex 17 101.10000000000001 5
      vertex 17 102.89999999850988 11.7
      vertex 17 101.10000000000001 11.7
    endloop
  endfacet
  facet normal -1 0 0
    outer loop
      vertex 35 0.6000000014901161 5
      vertex 35 0.6000000014901161 11.7
      vertex 35 0.7000000029802322 5
    endloop
  endfacet
  facet normal -1 0 0
    outer loop
      vertex 35 0.7000000029802322 5
      vertex 35 0.6000000014901161 11.7
      vertex 35 0.7000000029802322 11.7
    endloop
  endfacet
  facet normal 0 0 1
    outer loop
      vertex 35 0.7000000029802322 11.7
      vertex 37.79999999701977 2.1402061858435264 11.7
      vertex 36.2125 2.2874999999999996 11.7
    endloop
  endfacet
  facet normal 0 0 1
    outer loop
      vertex 35 0.6000000014901161 11.7
      vertex 50.186908073723316 0.6000000014901161 11.7
      vertex 35 0.7000000029802322 11.7
    endloop
  endfacet
  facet normal 0 1 0
    outer loop
      vertex 37.79999999701977 2.4 5
      vertex 37.79999999701977 2.4 11.7
      vertex 53.64550850803926 2.4 5
    endloop
  endfacet
  facet normal 0 0 1
    outer loop
      vertex 35 0.7000000029802322 11.7
      vertex 50.92922307550907 0.6643703505396843 11.7
      vertex 37.79999999701977 2.1402061858435264 11.7
    endloop
  endfacet
  facet normal 0 0 1
    outer loop
      vertex 37.79999999701977 2.1402061858435264 11.7
      vertex 53.63997033983469 2.3913068175315857 11.7
      vertex 37.79999999701977 2.4 11.7
    endloop
  endfacet
  facet normal 0 0 1
    outer loop
      vertex 35 0.7000000029802322 11.7
      vertex 50.186908073723316 0.6000000014901161 11.7
      vertex 50.566004268825054 0.6165516972541809 11.7
    endloop
  endfacet
  facet normal 0 0 1
    outer loop
      vertex 35 0.7000000029802322 11.7
      vertex 50.566004268825054 0.6165516972541809 11.7
      vertex 50.92922307550907 0.6643703505396843 11.7
    endloop
  endfacet
  facet normal 0 0 1
    outer loop
      vertex 37.79999999701977 2.1402061858435264 11.7
      vertex 50.92922307550907 0.6643703505396843 11.7
      vertex 51.28689209371805 0.7436636686325073 11.7
    endloop
  endfacet
  facet normal 0 0 1
    outer loop
      vertex 37.79999999701977 2.1402061858435264 11.7
      vertex 51.28689209371805 0.7436636686325073 11.7
      vertex 51.636289082467556 0.8538281172513962 11.7
    endloop
  endfacet
  facet normal 0 0 1
    outer loop
      vertex 37.79999999701977 2.1402061858435264 11.7
      vertex 51.636289082467556 0.8538281172513962 11.7
      vertex 51.974755115807056 0.9940253347158432 11.7
    endloop
  endfacet
  facet normal 0 0 1
    outer loop
      vertex 37.79999999701977 2.1402061858435264 11.7
      vertex 51.974755115807056 0.9940253347158432 11.7
      vertex 52.29971417784691 1.1631883159279823 11.7
    endloop
  endfacet
  facet normal 0 0 1
    outer loop
      vertex 37.79999999701977 2.1402061858435264 11.7
      vertex 52.29971417784691 1.1631883159279823 11.7
      vertex 52.608693175017834 1.3600296527147293 11.7
    endloop
  endfacet
  facet normal 0 1 0
    outer loop
      vertex 53.64550850803926 2.4 5
      vertex 37.79999999701977 2.4 11.7
      vertex 53.64550850803926 2.4 11.7
    endloop
  endfacet
  facet normal 0 0 1
    outer loop
      vertex 37.79999999701977 2.1402061858435264 11.7
      vertex 52.608693175017834 1.3600296527147293 11.7
      vertex 52.89934053272009 1.5830512046813965 11.7
    endloop
  endfacet
  facet normal 0 0 1
    outer loop
      vertex 37.79999999701977 2.1402061858435264 11.7
      vertex 52.89934053272009 1.5830512046813965 11.7
      vertex 53.16944429278374 1.8305556997656822 11.7
    endloop
  endfacet
  facet normal 0 0 1
    outer loop
      vertex 37.79999999701977 2.1402061858435264 11.7
      vertex 53.16944429278374 1.8305556997656822 11.7
      vertex 53.41694878786802 2.1006594598293304 11.7
    endloop
  endfacet
  facet normal 0 0 1
    outer loop
      vertex 37.79999999701977 2.1402061858435264 11.7
      vertex 53.41694878786802 2.1006594598293304 11.7
      vertex 53.63997033983469 2.3913068175315857 11.7
    endloop
  endfacet
  facet normal 0 0 1
    outer loop
      vertex 37.79999999701977 2.4 11.7
      vertex 53.63997033983469 2.3913068175315857 11.7
      vertex 53.64550850803926 2.4 11.7
    endloop
  endfacet
  facet normal -1 0 0
    outer loop
      vertex 35 101.10000000000001 5
      vertex 35 101.10000000000001 11.7
      vertex 35 102.89999999850988 5
    endloop
  endfacet
  facet normal -1 0 0
    outer loop
      vertex 35 102.89999999850988 5
      vertex 35 101.10000000000001 11.7
      vertex 35 102.89999999850988 11.7
    endloop
  endfacet
  facet normal 0 -1 0
    outer loop
      vertex 35 101.10000000000001 5
      vertex 53.64550850329272 101.10000000000001 5
      vertex 53.64550850329272 101.10000000000001 11.7
    endloop
  endfacet
  facet normal 0 -1 0
    outer loop
      vertex 35 101.10000000000001 5
      vertex 53.64550850329272 101.10000000000001 11.7
      vertex 35 101.10000000000001 11.7
    endloop
  endfacet
  facet normal 0 0 1
    outer loop
      vertex 35 101.10000000000001 11.7
      vertex 53.41694878786802 101.39934053272009 11.7
      vertex 35 102.89999999850988 11.7
    endloop
  endfacet
  facet normal 0 0 1
    outer loop
      vertex 35 102.89999999850988 11.7
      vertex 50.566004268825054 102.88344829529524 11.7
      vertex 50.186908073723316 102.89999999850988 11.7
    endloop
  endfacet
  facet normal 0 0 1
    outer loop
      vertex 35 102.89999999850988 11.7
      vertex 50.92922307550907 102.83562964200974 11.7
      vertex 50.566004268825054 102.88344829529524 11.7
    endloop
  endfacet
  facet normal 0 0 1
    outer loop
      vertex 35 102.89999999850988 11.7
      vertex 51.28689209371805 102.75633632391691 11.7
      vertex 50.92922307550907 102.83562964200974 11.7
    endloop
  endfacet
  facet normal 0 0 1
    outer loop
      vertex 35 102.89999999850988 11.7
      vertex 51.636289082467556 102.64617187529802 11.7
      vertex 51.28689209371805 102.75633632391691 11.7
    endloop
  endfacet
  facet normal 0 0 1
    outer loop
      vertex 35 102.89999999850988 11.7
      vertex 51.974755115807056 102.50597465783358 11.7
      vertex 51.636289082467556 102.64617187529802 11.7
    endloop
  endfacet
  facet normal 0 0 1
    outer loop
      vertex 35 102.89999999850988 11.7
      vertex 52.29971417784691 102.33681167662144 11.7
      vertex 51.974755115807056 102.50597465783358 11.7
    endloop
  endfacet
  facet normal 0 0 1
    outer loop
      vertex 35 102.89999999850988 11.7
      vertex 52.608693175017834 102.13997033983469 11.7
      vertex 52.29971417784691 102.33681167662144 11.7
    endloop
  endfacet
  facet normal 0 0 1
    outer loop
      vertex 35 101.10000000000001 11.7
      vertex 53.63997033983469 101.10869317501783 11.7
      vertex 53.41694878786802 101.39934053272009 11.7
    endloop
  endfacet
  facet normal 0 0 1
    outer loop
      vertex 35 101.10000000000001 11.7
      vertex 53.64550850329272 101.10000000000001 11.7
      vertex 53.63997033983469 101.10869317501783 11.7
    endloop
  endfacet
  facet normal 0 0 1
    outer loop
      vertex 35 102.89999999850988 11.7
      vertex 53.41694878786802 101.39934053272009 11.7
      vertex 53.16944429278374 101.66944429278374 11.7
    endloop
  endfacet
  facet normal 0 0 1
    outer loop
      vertex 35 102.89999999850988 11.7
      vertex 52.89934053272009 101.91694878786802 11.7
      vertex 52.608693175017834 102.13997033983469 11.7
    endloop
  endfacet
  facet normal 0 0 1
    outer loop
      vertex 35 102.89999999850988 11.7
      vertex 53.16944429278374 101.66944429278374 11.7
      vertex 52.89934053272009 101.91694878786802 11.7
    endloop
  endfacet
  facet normal 0 0 -1
    outer loop
      vertex 7.700000002980232 16.700000002980232 0
      vertex 9.5 84.5 0
      vertex 9.5 18.5 0
    endloop
  endfacet
  facet normal -1 0 0
    outer loop
      vertex 7.700000002980232 16.700000002980232 0
      vertex 7.700000002980232 16.700000002980232 5
      vertex 7.700000002980232 86.29999999701977 11.7
    endloop
  endfacet
  facet normal 0 0 -1
    outer loop
      vertex 7.700000002980232 16.700000002980232 0
      vertex 9.5 18.5 0
      vertex 45.5 18.5 0
    endloop
  endfacet
  facet normal 0 1 0
    outer loop
      vertex 9.5 18.5 0
      vertex 9.5 18.5 11.7
      vertex 45.5 18.5 0
    endloop
  endfacet
  facet normal 1 0 0
    outer loop
      vertex 9.5 18.5 0
      vertex 9.5 84.5 11.7
      vertex 9.5 18.5 11.7
    endloop
  endfacet
  facet normal -1 0 0
    outer loop
      vertex 7.700000002980232 16.700000002980232 5
      vertex 7.700000002980232 16.700000002980232 11.7
      vertex 7.700000002980232 86.29999999701977 11.7
    endloop
  endfacet
  facet normal 0 0 1
    outer loop
      vertex 7.700000002980232 16.700000002980232 11.7
      vertex 9.5 18.5 11.7
      vertex 9.5 84.5 11.7
    endloop
  endfacet
  facet normal 0 -1 0
    outer loop
      vertex 7.700000002980232 16.700000002980232 5
      vertex 47.29999999701977 16.700000002980232 5
      vertex 7.700000002980232 16.700000002980232 11.7
    endloop
  endfacet
  facet normal 0 0 1
    outer loop
      vertex 7.700000002980232 16.700000002980232 11.7
      vertex 45.5 18.5 11.7
      vertex 9.5 18.5 11.7
    endloop
  endfacet
  facet normal 0 0 -1
    outer loop
      vertex 7.700000002980232 16.700000002980232 0
      vertex 7.700000002980232 84.5 0
      vertex 9.5 84.5 0
    endloop
  endfacet
  facet normal -1 0 0
    outer loop
      vertex 7.700000002980232 16.700000002980232 0
      vertex 7.700000002980232 84.5 5
      vertex 7.700000002980232 84.5 0
    endloop
  endfacet
  facet normal 1 0 0
    outer loop
      vertex 9.5 18.5 0
      vertex 9.5 84.5 0
      vertex 9.5 84.5 5
    endloop
  endfacet
  facet normal -1 0 0
    outer loop
      vertex 7.700000002980232 16.700000002980232 0
      vertex 7.700000002980232 86.29999999701977 11.7
      vertex 7.700000002980232 84.5 5
    endloop
  endfacet
  facet normal 1 0 0
    outer loop
      vertex 9.5 18.5 0
      vertex 9.5 84.5 5
      vertex 9.5 84.5 11.7
    endloop
  endfacet
  facet normal 0 0 1
    outer loop
      vertex 7.700000002980232 16.700000002980232 11.7
      vertex 9.5 84.5 11.7
      vertex 7.700000002980232 86.29999999701977 11.7
    endloop
  endfacet
  facet normal -1 0 0
    outer loop
      vertex 7.700000002980232 84.5 5
      vertex 7.700000002980232 86.29999999701977 11.7
      vertex 7.700000002980232 86.29999999701977 5
    endloop
  endfacet
  facet normal 0 -1 0
    outer loop
      vertex 9.5 84.5 5
      vertex 45.5 84.5 5
      vertex 9.5 84.5 11.7
    endloop
  endfacet
  facet normal 0 1 0
    outer loop
      vertex 7.700000002980232 86.29999999701977 5
      vertex 7.700000002980232 86.29999999701977 11.7
      vertex 47.29999999701977 86.29999999701977 11.7
    endloop
  endfacet
  facet normal 0 0 1
    outer loop
      vertex 7.700000002980232 86.29999999701977 11.7
      vertex 9.5 84.5 11.7
      vertex 45.5 84.5 11.7
    endloop
  endfacet
  facet normal 0 0 -1
    outer loop
      vertex 7.700000002980232 16.700000002980232 0
      vertex 45.5 18.5 0
      vertex 47.29999999701977 16.700000002980232 0
    endloop
  endfacet
  facet normal 0 0 -1
    outer loop
      vertex 45.5 18.5 0
      vertex 45.5 84.5 0
      vertex 47.29999999701977 16.700000002980232 0
    endloop
  endfacet
  facet normal 1 0 0
    outer loop
      vertex 47.29999999701977 16.700000002980232 0
      vertex 47.29999999701977 84.5 5
      vertex 47.29999999701977 16.700000002980232 5
    endloop
  endfacet
  facet normal -1 0 0
    outer loop
      vertex 45.5 18.5 0
      vertex 45.5 18.5 11.7
      vertex 45.5 84.5 0
    endloop
  endfacet
  facet normal 0 1 0
    outer loop
      vertex 9.5 18.5 11.7
      vertex 45.5 18.5 11.7
      vertex 45.5 18.5 0
    endloop
  endfacet
  facet normal 0 -1 0
    outer loop
      vertex 7.700000002980232 16.700000002980232 11.7
      vertex 47.29999999701977 16.700000002980232 5
      vertex 47.29999999701977 16.700000002980232 11.7
    endloop
  endfacet
  facet normal 0 0 1
    outer loop
      vertex 7.700000002980232 16.700000002980232 11.7
      vertex 47.29999999701977 16.700000002980232 11.7
      vertex 45.5 18.5 11.7
    endloop
  endfacet
  facet normal 1 0 0
    outer loop
      vertex 47.29999999701977 16.700000002980232 5
      vertex 47.29999999701977 84.5 5
      vertex 47.29999999701977 16.700000002980232 11.7
    endloop
  endfacet
  facet normal 0 0 1
    outer loop
      vertex 45.5 18.5 11.7
      vertex 47.29999999701977 16.700000002980232 11.7
      vertex 45.5 84.5 11.7
    endloop
  endfacet
  facet normal 0 0 -1
    outer loop
      vertex 47.29999999701977 16.700000002980232 0
      vertex 45.5 84.5 0
      vertex 47.29999999701977 84.5 0
    endloop
  endfacet
  facet normal 1 0 0
    outer loop
      vertex 47.29999999701977 16.700000002980232 0
      vertex 47.29999999701977 84.5 0
      vertex 47.29999999701977 84.5 5
    endloop
  endfacet
  facet normal -1 0 0
    outer loop
      vertex 45.5 18.5 11.7
      vertex 45.5 84.5 5
      vertex 45.5 84.5 0
    endloop
  endfacet
  facet normal 0 1 0
    outer loop
      vertex 7.700000002980232 86.29999999701977 5
      vertex 47.29999999701977 86.29999999701977 11.7
      vertex 47.29999999701977 86.29999999701977 5
    endloop
  endfacet
  facet normal 0 -1 0
    outer loop
      vertex 9.5 84.5 11.7
      vertex 45.5 84.5 5
      vertex 45.5 84.5 11.7
    endloop
  endfacet
  facet normal 0 0 1
    outer loop
      vertex 7.700000002980232 86.29999999701977 11.7
      vertex 45.5 84.5 11.7
      vertex 47.29999999701977 86.29999999701977 11.7
    endloop
  endfacet
  facet normal -1 0 0
    outer loop
      vertex 45.5 18.5 11.7
      vertex 45.5 84.5 11.7
      vertex 45.5 84.5 5
    endloop
  endfacet
  facet normal 1 0 0
    outer loop
      vertex 47.29999999701977 16.700000002980232 11.7
      vertex 47.29999999701977 84.5 5
      vertex 47.29999999701977 86.29999999701977 11.7
    endloop
  endfacet
  facet normal 0 0 1
    outer loop
      vertex 47.29999999701977 16.700000002980232 11.7
      vertex 47.29999999701977 86.29999999701977 11.7
      vertex 45.5 84.5 11.7
    endloop
  endfacet
  facet normal 1 0 0
    outer loop
      vertex 47.29999999701977 84.5 5
      vertex 47.29999999701977 86.29999999701977 5
      vertex 47.29999999701977 86.29999999701977 11.7
    endloop
  endfacet
  facet normal 0 0 -1
    outer loop
      vertex 0.6000000014901161 84.5 0
      vertex 0.6000000014901161 98.68690806627274 0
      vertex 7.700000002980232 84.5 0
    endloop
  endfacet
  facet normal 0 0 -1
    outer loop
      vertex 1.3600296527147293 101.10869317501783 0
      vertex 9.5 84.5 0
      vertex 7.700000002980232 84.5 0
    endloop
  endfacet
  facet normal 0 -1 0
    outer loop
      vertex 0.6000000014901161 84.5 0
      vertex 7.700000002980232 84.5 0
      vertex 7.700000002980232 84.5 5
    endloop
  endfacet
  facet normal 0 0 -1
    outer loop
      vertex 0.6000000014901161 98.68690806627274 0
      vertex 0.6165516972541809 99.06600426882505 0
      vertex 7.700000002980232 84.5 0
    endloop
  endfacet
  facet normal 0 0 -1
    outer loop
      vertex 0.6165516972541809 99.06600426882505 0
      vertex 0.6643703505396843 99.42922307550907 0
      vertex 7.700000002980232 84.5 0
    endloop
  endfacet
  facet normal 0 0 -1
    outer loop
      vertex 0.6643703505396843 99.42922307550907 0
      vertex 0.7436636686325073 99.78689209371805 0
      vertex 7.700000002980232 84.5 0
    endloop
  endfacet
  facet normal 0 0 -1
    outer loop
      vertex 0.7436636686325073 99.78689209371805 0
      vertex 0.8538281172513962 100.13628908246756 0
      vertex 7.700000002980232 84.5 0
    endloop
  endfacet
  facet normal 0 0 -1
    outer loop
      vertex 0.8538281172513962 100.13628908246756 0
      vertex 0.9940253347158432 100.47475511580706 0
      vertex 7.700000002980232 84.5 0
    endloop
  endfacet
  facet normal 0 0 -1
    outer loop
      vertex 0.9940253347158432 100.47475511580706 0
      vertex 1.1631883159279823 100.79971417784691 0
      vertex 7.700000002980232 84.5 0
    endloop
  endfacet
  facet normal 0 0 -1
    outer loop
      vertex 1.1631883159279823 100.79971417784691 0
      vertex 1.3600296527147293 101.10869317501783 0
      vertex 7.700000002980232 84.5 0
    endloop
  endfacet
  facet normal 0 0 -1
    outer loop
      vertex 1.3600296527147293 101.10869317501783 0
      vertex 1.5830512046813965 101.39934053272009 0
      vertex 9.5 84.5 0
    endloop
  endfacet
  facet normal 0 0 -1
    outer loop
      vertex 1.5830512046813965 101.39934053272009 0
      vertex 1.8305556997656822 101.66944429278374 0
      vertex 9.5 84.5 0
    endloop
  endfacet
  facet normal 0 0 -1
    outer loop
      vertex 1.8305556997656822 101.66944429278374 0
      vertex 2.1006594598293304 101.91694878786802 0
      vertex 9.5 84.5 0
    endloop
  endfacet
  facet normal 0 0 -1
    outer loop
      vertex 2.1006594598293304 101.91694878786802 0
      vertex 2.3913068175315857 102.13997033983469 0
      vertex 9.5 84.5 0
    endloop
  endfacet
  facet normal 0 0 -1
    outer loop
      vertex 2.3913068175315857 102.13997033983469 0
      vertex 2.700285814702511 102.33681167662144 0
      vertex 9.5 84.5 0
    endloop
  endfacet
  facet normal 0 0 -1
    outer loop
      vertex 2.700285814702511 102.33681167662144 0
      vertex 3.025244876742363 102.50597465783358 0
      vertex 9.5 84.5 0
    endloop
  endfacet
  facet normal 0 -1 0
    outer loop
      vertex 0.6000000014901161 84.5 0
      vertex 7.700000002980232 84.5 5
      vertex 0.6000000014901161 84.5 5
    endloop
  endfacet
  facet normal 0 0 1
    outer loop
      vertex 0.6000000014901161 84.5 5
      vertex 7.700000002980232 86.29999999701977 5
      vertex 0.6000000014901161 98.68690806627274 5
    endloop
  endfacet
  facet normal 0 0 1
    outer loop
      vertex 0.6000000014901161 84.5 5
      vertex 7.700000002980232 84.5 5
      vertex 7.700000002980232 86.29999999701977 5
    endloop
  endfacet
  facet normal 0 0 1
    outer loop
      vertex 0.6000000014901161 98.68690806627274 5
      vertex 7.700000002980232 86.29999999701977 5
      vertex 0.6165516972541809 99.06600426882505 5
    endloop
  endfacet
  facet normal 0 0 1
    outer loop
      vertex 0.6165516972541809 99.06600426882505 5
      vertex 7.700000002980232 86.29999999701977 5
      vertex 0.6643703505396843 99.42922307550907 5
    endloop
  endfacet
  facet normal 0 0 1
    outer loop
      vertex 0.6643703505396843 99.42922307550907 5
      vertex 7.700000002980232 86.29999999701977 5
      vertex 0.7436636686325073 99.78689209371805 5
    endloop
  endfacet
  facet normal 0 0 1
    outer loop
      vertex 0.7436636686325073 99.78689209371805 5
      vertex 7.700000002980232 86.29999999701977 5
      vertex 0.8538281172513962 100.13628908246756 5
    endloop
  endfacet
  facet normal 0 0 1
    outer loop
      vertex 0.8538281172513962 100.13628908246756 5
      vertex 17 101.10000000000001 5
      vertex 0.9940253347158432 100.47475511580706 5
    endloop
  endfacet
  facet normal 0 0 1
    outer loop
      vertex 0.9940253347158432 100.47475511580706 5
      vertex 17 101.10000000000001 5
      vertex 1.1631883159279823 100.79971417784691 5
    endloop
  endfacet
  facet normal 0 0 1
    outer loop
      vertex 1.1631883159279823 100.79971417784691 5
      vertex 17 101.10000000000001 5
      vertex 1.3544914892567022 101.10000000000001 5
    endloop
  endfacet
  facet normal 0 0 1
    outer loop
      vertex 0.8538281172513962 100.13628908246756 5
      vertex 7.700000002980232 86.29999999701977 5
      vertex 17 101.10000000000001 5
    endloop
  endfacet
  facet normal 0 0 -1
    outer loop
      vertex 3.025244876742363 102.50597465783358 0
      vertex 45.5 84.5 0
      vertex 9.5 84.5 0
    endloop
  endfacet
  facet normal 0 0 -1
    outer loop
      vertex 3.025244876742363 102.50597465783358 0
      vertex 3.3637109100818634 102.64617187529802 0
      vertex 54.399999998509884 84.5 0
    endloop
  endfacet
  facet normal 0 0 -1
    outer loop
      vertex 3.3637109100818634 102.64617187529802 0
      vertex 3.7131078988313675 102.75633632391691 0
      vertex 54.399999998509884 84.5 0
    endloop
  endfacet
  facet normal 0 0 -1
    outer loop
      vertex 3.7131078988313675 102.75633632391691 0
      vertex 4.070776917040348 102.83562964200974 0
      vertex 54.399999998509884 84.5 0
    endloop
  endfacet
  facet normal 0 -1 0
    outer loop
      vertex 9.5 84.5 0
      vertex 45.5 84.5 0
      vertex 9.5 84.5 5
    endloop
  endfacet
  facet normal 0 0 -1
    outer loop
      vertex 4.070776917040348 102.83562964200974 0
      vertex 4.433995723724365 102.88344829529524 0
      vertex 54.399999998509884 84.5 0
    endloop
  endfacet
  facet normal 0 0 -1
    outer loop
      vertex 4.433995723724365 102.88344829529524 0
      vertex 4.813091926276684 102.89999999850988 0
      vertex 54.399999998509884 84.5 0
    endloop
  endfacet
  facet normal 0 0 1
    outer loop
      vertex 7.700000002980232 86.29999999701977 5
      vertex 47.29999999701977 86.29999999701977 5
      vertex 17 101.10000000000001 5
    endloop
  endfacet
  facet normal 0 0 1
    outer loop
      vertex 17 101.10000000000001 5
      vertex 35 101.10000000000001 5
      vertex 17 102.89999999850988 5
    endloop
  endfacet
  facet normal 0 0 -1
    outer loop
      vertex 3.025244876742363 102.50597465783358 0
      vertex 47.29999999701977 84.5 0
      vertex 45.5 84.5 0
    endloop
  endfacet
  facet normal 0 0 -1
    outer loop
      vertex 3.025244876742363 102.50597465783358 0
      vertex 54.399999998509884 84.5 0
      vertex 47.29999999701977 84.5 0
    endloop
  endfacet
  facet normal 0 0 -1
    outer loop
      vertex 4.813091926276684 102.89999999850988 0
      vertex 50.186908073723316 102.89999999850988 0
      vertex 50.566004268825054 102.88344829529524 0
    endloop
  endfacet
  facet normal 0 0 -1
    outer loop
      vertex 4.813091926276684 102.89999999850988 0
      vertex 50.566004268825054 102.88344829529524 0
      vertex 50.92922307550907 102.83562964200974 0
    endloop
  endfacet
  facet normal 0 0 -1
    outer loop
      vertex 4.813091926276684 102.89999999850988 0
      vertex 50.92922307550907 102.83562964200974 0
      vertex 51.28689209371805 102.75633632391691 0
    endloop
  endfacet
  facet normal 0 0 -1
    outer loop
      vertex 4.813091926276684 102.89999999850988 0
      vertex 51.28689209371805 102.75633632391691 0
      vertex 51.636289082467556 102.64617187529802 0
    endloop
  endfacet
  facet normal 0 0 -1
    outer loop
      vertex 4.813091926276684 102.89999999850988 0
      vertex 51.636289082467556 102.64617187529802 0
      vertex 51.974755115807056 102.50597465783358 0
    endloop
  endfacet
  facet normal 0 0 -1
    outer loop
      vertex 4.813091926276684 102.89999999850988 0
      vertex 51.974755115807056 102.50597465783358 0
      vertex 52.29971417784691 102.33681167662144 0
    endloop
  endfacet
  facet normal 0 0 -1
    outer loop
      vertex 4.813091926276684 102.89999999850988 0
      vertex 52.29971417784691 102.33681167662144 0
      vertex 52.608693175017834 102.13997033983469 0
    endloop
  endfacet
  facet normal 0 0 -1
    outer loop
      vertex 4.813091926276684 102.89999999850988 0
      vertex 53.16944429278374 101.66944429278374 0
      vertex 53.41694878786802 101.39934053272009 0
    endloop
  endfacet
  facet normal 0 0 -1
    outer loop
      vertex 4.813091926276684 102.89999999850988 0
      vertex 52.608693175017834 102.13997033983469 0
      vertex 52.89934053272009 101.91694878786802 0
    endloop
  endfacet
  facet normal 0 0 -1
    outer loop
      vertex 4.813091926276684 102.89999999850988 0
      vertex 52.89934053272009 101.91694878786802 0
      vertex 53.16944429278374 101.66944429278374 0
    endloop
  endfacet
  facet normal 0 0 -1
    outer loop
      vertex 4.813091926276684 102.89999999850988 0
      vertex 53.41694878786802 101.39934053272009 0
      vertex 53.63997033983469 101.10869317501783 0
    endloop
  endfacet
  facet normal 0 0 -1
    outer loop
      vertex 4.813091926276684 102.89999999850988 0
      vertex 53.63997033983469 101.10869317501783 0
      vertex 53.83681167662144 100.79971417784691 0
    endloop
  endfacet
  facet normal 0 0 -1
    outer loop
      vertex 4.813091926276684 102.89999999850988 0
      vertex 53.83681167662144 100.79971417784691 0
      vertex 54.005974657833576 100.47475511580706 0
    endloop
  endfacet
  facet normal 0 0 -1
    outer loop
      vertex 4.813091926276684 102.89999999850988 0
      vertex 54.399999998509884 98.68690806627274 0
      vertex 54.399999998509884 84.5 0
    endloop
  endfacet
  facet normal 0 0 -1
    outer loop
      vertex 4.813091926276684 102.89999999850988 0
      vertex 54.38344829529524 99.06600426882505 0
      vertex 54.399999998509884 98.68690806627274 0
    endloop
  endfacet
  facet normal 0 0 -1
    outer loop
      vertex 4.813091926276684 102.89999999850988 0
      vertex 54.335629642009735 99.42922307550907 0
      vertex 54.38344829529524 99.06600426882505 0
    endloop
  endfacet
  facet normal 0 0 -1
    outer loop
      vertex 4.813091926276684 102.89999999850988 0
      vertex 54.005974657833576 100.47475511580706 0
      vertex 54.14617187529802 100.13628908246756 0
    endloop
  endfacet
  facet normal 0 0 -1
    outer loop
      vertex 4.813091926276684 102.89999999850988 0
      vertex 54.14617187529802 100.13628908246756 0
      vertex 54.25633632391691 99.78689209371805 0
    endloop
  endfacet
  facet normal 0 0 -1
    outer loop
      vertex 4.813091926276684 102.89999999850988 0
      vertex 54.25633632391691 99.78689209371805 0
      vertex 54.335629642009735 99.42922307550907 0
    endloop
  endfacet
  facet normal 0 -1 0
    outer loop
      vertex 9.5 84.5 5
      vertex 45.5 84.5 0
      vertex 45.5 84.5 5
    endloop
  endfacet
  facet normal 0 0 1
    outer loop
      vertex 17 102.89999999850988 5
      vertex 35 101.10000000000001 5
      vertex 35 102.89999999850988 5
    endloop
  endfacet
  facet normal 0 0 1
    outer loop
      vertex 17 101.10000000000001 5
      vertex 54.399999998509884 98.68690806627274 5
      vertex 35 101.10000000000001 5
    endloop
  endfacet
  facet normal 0 0 1
    outer loop
      vertex 17 101.10000000000001 5
      vertex 47.29999999701977 86.29999999701977 5
      vertex 54.399999998509884 98.68690806627274 5
    endloop
  endfacet
  facet normal 0 -1 0
    outer loop
      vertex 47.29999999701977 84.5 0
      vertex 54.399999998509884 84.5 0
      vertex 54.399999998509884 84.5 5
    endloop
  endfacet
  facet normal 0 0 1
    outer loop
      vertex 35 101.10000000000001 5
      vertex 54.005974657833576 100.47475511580706 5
      vertex 53.83681167662144 100.79971417784691 5
    endloop
  endfacet
  facet normal 0 0 1
    outer loop
      vertex 35 101.10000000000001 5
      vertex 53.83681167662144 100.79971417784691 5
      vertex 53.64550850329272 101.10000000000001 5
    endloop
  endfacet
  facet normal 0 -1 0
    outer loop
      vertex 47.29999999701977 84.5 0
      vertex 54.399999998509884 84.5 5
      vertex 47.29999999701977 84.5 5
    endloop
  endfacet
  facet normal 0 0 1
    outer loop
      vertex 47.29999999701977 84.5 5
      vertex 54.399999998509884 98.68690806627274 5
      vertex 47.29999999701977 86.29999999701977 5
    endloop
  endfacet
  facet normal 0 0 1
    outer loop
      vertex 47.29999999701977 84.5 5
      vertex 54.399999998509884 84.5 5
      vertex 54.399999998509884 98.68690806627274 5
    endloop
  endfacet
  facet normal 0 0 1
    outer loop
      vertex 35 101.10000000000001 5
      vertex 54.399999998509884 98.68690806627274 5
      vertex 54.38344829529524 99.06600426882505 5
    endloop
  endfacet
  facet normal 0 0 1
    outer loop
      vertex 35 101.10000000000001 5
      vertex 54.335629642009735 99.42922307550907 5
      vertex 54.25633632391691 99.78689209371805 5
    endloop
  endfacet
  facet normal 0 0 1
    outer loop
      vertex 35 101.10000000000001 5
      vertex 54.25633632391691 99.78689209371805 5
      vertex 54.14617187529802 100.13628908246756 5
    endloop
  endfacet
  facet normal 0 0 1
    outer loop
      vertex 35 101.10000000000001 5
      vertex 54.38344829529524 99.06600426882505 5
      vertex 54.335629642009735 99.42922307550907 5
    endloop
  endfacet
  facet normal 0 0 1
    outer loop
      vertex 35 101.10000000000001 5
      vertex 54.14617187529802 100.13628908246756 5
      vertex 54.005974657833576 100.47475511580706 5
    endloop
  endfacet
  facet normal 0 0 -1
    outer loop
      vertex 0.7436636686325073 3.7131078988313675 0
      vertex 0.6643703505396843 4.070776917040348 0
      vertex 4.7 5.799999999999999 0
    endloop
  endfacet
  facet normal 0 0 -1
    outer loop
      vertex 0.6643703505396843 4.070776917040348 0
      vertex 0.6165516972541809 4.433995723724365 0
      vertex 4.7 5.799999999999999 0
    endloop
  endfacet
  facet normal 0 0 -1
    outer loop
      vertex 0.6165516972541809 4.433995723724365 0
      vertex 0.6000000014901161 4.813091926276684 0
      vertex 4.7 5.799999999999999 0
    endloop
  endfacet
  facet normal 0 0 -1
    outer loop
      vertex 0.6000000014901161 4.813091926276684 0
      vertex 1.3 5.799999999999999 0
      vertex 4.7 5.799999999999999 0
    endloop
  endfacet
  facet normal 0 0 -1
    outer loop
      vertex 0.6000000014901161 4.813091926276684 0
      vertex 0.6000000014901161 16.700000002980232 0
      vertex 1.3 5.799999999999999 0
    endloop
  endfacet
  facet normal 0 0 -1
    outer loop
      vertex 0.6000000014901161 16.700000002980232 0
      vertex 1.3 16.700000002980232 0
      vertex 1.3 5.799999999999999 0
    endloop
  endfacet
  facet normal 0 0 -1
    outer loop
      vertex 1.1631883159279823 2.700285814702511 0
      vertex 19 5.799999999999999 0
      vertex 1.3600296527147293 2.3913068175315857 0
    endloop
  endfacet
  facet normal 0 0 -1
    outer loop
      vertex 1.3600296527147293 2.3913068175315857 0
      vertex 19 5.799999999999999 0
      vertex 1.5830512046813965 2.1006594598293304 0
    endloop
  endfacet
  facet normal 0 0 -1
    outer loop
      vertex 0.7436636686325073 3.7131078988313675 0
      vertex 19 5.799999999999999 0
      vertex 0.8538281172513962 3.3637109100818634 0
    endloop
  endfacet
  facet normal 0 0 -1
    outer loop
      vertex 0.8538281172513962 3.3637109100818634 0
      vertex 19 5.799999999999999 0
      vertex 0.9940253347158432 3.025244876742363 0
    endloop
  endfacet
  facet normal 0 0 -1
    outer loop
      vertex 0.9940253347158432 3.025244876742363 0
      vertex 19 5.799999999999999 0
      vertex 1.1631883159279823 2.700285814702511 0
    endloop
  endfacet
  facet normal 0 1 0
    outer loop
      vertex 7.700000002980232 16.700000002980232 0
      vertex 4.7 16.700000002980232 0
      vertex 4.7 16.700000002980232 2.8
    endloop
  endfacet
  facet normal 0 1 0
    outer loop
      vertex 0.6000000014901161 16.700000002980232 0
      vertex 0.6000000014901161 16.700000002980232 5
      vertex 1.3 16.700000002980232 0
    endloop
  endfacet
  facet normal 0 1 0
    outer loop
      vertex 0.6000000014901161 16.700000002980232 5
      vertex 1.3 16.700000002980232 2.8
      vertex 1.3 16.700000002980232 0
    endloop
  endfacet
  facet normal 0 1 0
    outer loop
      vertex 7.700000002980232 16.700000002980232 0
      vertex 4.7 16.700000002980232 2.8
      vertex 7.700000002980232 16.700000002980232 5
    endloop
  endfacet
  facet normal 0 0 -1
    outer loop
      vertex 1.5830512046813965 2.1006594598293304 0
      vertex 19 5.799999999999999 0
      vertex 1.8305556997656822 1.8305556997656822 0
    endloop
  endfacet
  facet normal 0 0 -1
    outer loop
      vertex 1.8305556997656822 1.8305556997656822 0
      vertex 19 5.799999999999999 0
      vertex 2.1006594598293304 1.5830512046813965 0
    endloop
  endfacet
  facet normal 0 0 -1
    outer loop
      vertex 2.1006594598293304 1.5830512046813965 0
      vertex 19 5.799999999999999 0
      vertex 2.3913068175315857 1.3600296527147293 0
    endloop
  endfacet
  facet normal 0 0 -1
    outer loop
      vertex 2.3913068175315857 1.3600296527147293 0
      vertex 19 5.799999999999999 0
      vertex 2.700285814702511 1.1631883159279823 0
    endloop
  endfacet
  facet normal 0 0 -1
    outer loop
      vertex 2.700285814702511 1.1631883159279823 0
      vertex 19 5.799999999999999 0
      vertex 3.025244876742363 0.9940253347158432 0
    endloop
  endfacet
  facet normal 0 0 -1
    outer loop
      vertex 3.025244876742363 0.9940253347158432 0
      vertex 19 5.799999999999999 0
      vertex 3.3637109100818634 0.8538281172513962 0
    endloop
  endfacet
  facet normal 0 0 -1
    outer loop
      vertex 3.3637109100818634 0.8538281172513962 0
      vertex 19 5.799999999999999 0
      vertex 3.7131078988313675 0.7436636686325073 0
    endloop
  endfacet
  facet normal 0 0 -1
    outer loop
      vertex 3.7131078988313675 0.7436636686325073 0
      vertex 19 5.799999999999999 0
      vertex 4.070776917040348 0.6643703505396843 0
    endloop
  endfacet
  facet normal 0 0 -1
    outer loop
      vertex 0.7436636686325073 3.7131078988313675 0
      vertex 4.7 5.799999999999999 0
      vertex 19 5.799999999999999 0
    endloop
  endfacet
  facet normal 0 0 -1
    outer loop
      vertex 4.433995723724365 0.6165516972541809 0
      vertex 19 2.5 0
      vertex 4.813091926276684 0.6000000014901161 0
    endloop
  endfacet
  facet normal 0 0 -1
    outer loop
      vertex 4.070776917040348 0.6643703505396843 0
      vertex 19 5.799999999999999 0
      vertex 4.433995723724365 0.6165516972541809 0
    endloop
  endfacet
  facet normal 0 0 -1
    outer loop
      vertex 19 12.5 0
      vertex 4.7 9.2 0
      vertex 4.7 16.700000002980232 0
    endloop
  endfacet
  facet normal 0 0 -1
    outer loop
      vertex 7.700000002980232 16.700000002980232 0
      vertex 19 12.5 0
      vertex 4.7 16.700000002980232 0
    endloop
  endfacet
  facet normal 0 0 1
    outer loop
      vertex 0.6000000014901161 4.813091926276684 5
      vertex 7.700000002980232 16.700000002980232 5
      vertex 0.6000000014901161 16.700000002980232 5
    endloop
  endfacet
  facet normal 0 0 1
    outer loop
      vertex 0.8538281172513962 3.3637109100818634 5
      vertex 0.9940253347158432 3.025244876742363 5
      vertex 17.200000002980232 14.299999997019768 5
    endloop
  endfacet
  facet normal 0 0 1
    outer loop
      vertex 0.9940253347158432 3.025244876742363 5
      vertex 1.1631883159279823 2.700285814702511 5
      vertex 17.200000002980232 14.299999997019768 5
    endloop
  endfacet
  facet normal 0 0 1
    outer loop
      vertex 1.1631883159279823 2.700285814702511 5
      vertex 1.3544914845101534 2.4 5
      vertex 17.200000002980232 14.299999997019768 5
    endloop
  endfacet
  facet normal 0 0 1
    outer loop
      vertex 0.7436636686325073 3.7131078988313675 5
      vertex 0.8538281172513962 3.3637109100818634 5
      vertex 17.200000002980232 14.299999997019768 5
    endloop
  endfacet
  facet normal 0 0 1
    outer loop
      vertex 0.7436636686325073 3.7131078988313675 5
      vertex 17.200000002980232 14.299999997019768 5
      vertex 0.6643703505396843 4.070776917040348 5
    endloop
  endfacet
  facet normal 0 0 1
    outer loop
      vertex 0.6643703505396843 4.070776917040348 5
      vertex 17.200000002980232 14.299999997019768 5
      vertex 0.6165516972541809 4.433995723724365 5
    endloop
  endfacet
  facet normal 0 0 1
    outer loop
      vertex 0.6165516972541809 4.433995723724365 5
      vertex 17.200000002980232 14.299999997019768 5
      vertex 0.6000000014901161 4.813091926276684 5
    endloop
  endfacet
  facet normal 0 1 0
    outer loop
      vertex 0.6000000014901161 16.700000002980232 5
      vertex 4.7 16.700000002980232 2.8
      vertex 1.3 16.700000002980232 2.8
    endloop
  endfacet
  facet normal 0 1 0
    outer loop
      vertex 0.6000000014901161 16.700000002980232 5
      vertex 7.700000002980232 16.700000002980232 5
      vertex 4.7 16.700000002980232 2.8
    endloop
  endfacet
  facet normal 0 0 1
    outer loop
      vertex 0.6000000014901161 4.813091926276684 5
      vertex 17.200000002980232 14.299999997019768 5
      vertex 7.700000002980232 16.700000002980232 5
    endloop
  endfacet
  facet normal 0 0 1
    outer loop
      vertex 1.3544914845101534 2.4 5
      vertex 17 2.4 5
      vertex 17.200000002980232 14.299999997019768 5
    endloop
  endfacet
  facet normal 0 0 -1
    outer loop
      vertex 4.433995723724365 0.6165516972541809 0
      vertex 19 5.799999999999999 0
      vertex 19 2.5 0
    endloop
  endfacet
  facet normal 0 0 -1
    outer loop
      vertex 19 12.5 0
      vertex 19 9.2 0
      vertex 4.7 9.2 0
    endloop
  endfacet
  facet normal 0 0 -1
    outer loop
      vertex 4.813091926276684 0.6000000014901161 0
      vertex 19 2.5 0
      vertex 28.85330947501481 1.8157423975684157 0
    endloop
  endfacet
  facet normal 0 0 -1
    outer loop
      vertex 4.813091926276684 0.6000000014901161 0
      vertex 28.85330947501481 1.8157423975684157 0
      vertex 35.36849925605122 1.3632986627742205 0
    endloop
  endfacet
  facet normal 0 1 0
    outer loop
      vertex 19 2.5 0
      vertex 19 2.5 5
      vertex 36 2.5 0
    endloop
  endfacet
  facet normal 0 0 -1
    outer loop
      vertex 7.700000002980232 16.700000002980232 0
      vertex 47.29999999701977 16.700000002980232 0
      vertex 19 12.5 0
    endloop
  endfacet
  facet normal 0 0 1
    outer loop
      vertex 17 0.6000000014901161 5
      vertex 17.200000002980232 0.7000000029802322 5
      vertex 17 2.4 5
    endloop
  endfacet
  facet normal 0 0 1
    outer loop
      vertex 17.200000002980232 0.7000000029802322 5
      vertex 17.200000002980232 14.299999997019768 5
      vertex 17 2.4 5
    endloop
  endfacet
  facet normal 0 -1 0
    outer loop
      vertex 19 12.5 0
      vertex 36 12.5 5
      vertex 19 12.5 5
    endloop
  endfacet
  facet normal 0 0 1
    outer loop
      vertex 17 0.6000000014901161 5
      vertex 35 0.6000000014901161 5
      vertex 17.200000002980232 0.7000000029802322 5
    endloop
  endfacet
  facet normal 0 0 1
    outer loop
      vertex 7.700000002980232 16.700000002980232 5
      vertex 17.200000002980232 14.299999997019768 5
      vertex 47.29999999701977 16.700000002980232 5
    endloop
  endfacet
  facet normal 0 0 -1
    outer loop
      vertex 19 2.5 0
      vertex 36 2.5 0
      vertex 28.85330947501481 1.8157423975684157 0
    endloop
  endfacet
  facet normal 0 0 -1
    outer loop
      vertex 4.813091926276684 0.6000000014901161 0
      vertex 35.36849925605122 1.3632986627742205 0
      vertex 50.186908073723316 0.6000000014901161 0
    endloop
  endfacet
  facet normal 0 -1 0
    outer loop
      vertex 19 12.5 0
      vertex 36 12.5 0
      vertex 36 12.5 5
    endloop
  endfacet
  facet normal 0 0 -1
    outer loop
      vertex 35.36849925605122 1.3632986627742205 0
      vertex 36 2.5 0
      vertex 50.186908073723316 0.6000000014901161 0
    endloop
  endfacet
  facet normal 0 0 -1
    outer loop
      vertex 36 12.5 0
      vertex 50.3 16.700000002980232 0
      vertex 36 9.2 0
    endloop
  endfacet
  facet normal 0 0 -1
    outer loop
      vertex 19 12.5 0
      vertex 50.3 16.700000002980232 0
      vertex 36 12.5 0
    endloop
  endfacet
  facet normal 0 0 -1
    outer loop
      vertex 19 12.5 0
      vertex 47.29999999701977 16.700000002980232 0
      vertex 50.3 16.700000002980232 0
    endloop
  endfacet
  facet normal 0 1 0
    outer loop
      vertex 19 2.5 5
      vertex 36 2.5 5
      vertex 36 2.5 0
    endloop
  endfacet
  facet normal 0 0 1
    outer loop
      vertex 17.200000002980232 0.7000000029802322 5
      vertex 35 0.6000000014901161 5
      vertex 35 0.7000000029802322 5
    endloop
  endfacet
  facet normal -1 0 0
    outer loop
      vertex 36 12.5 0
      vertex 36 8.226495726495726 5
      vertex 36 12.5 5
    endloop
  endfacet
  facet normal 0 0 1
    outer loop
      vertex 17.200000002980232 14.299999997019768 5
      vertex 37.79999999701977 14.299999997019768 5
      vertex 54.399999998509884 16.700000002980232 5
    endloop
  endfacet
  facet normal 0 0 1
    outer loop
      vertex 17.200000002980232 14.299999997019768 5
      vertex 54.399999998509884 16.700000002980232 5
      vertex 47.29999999701977 16.700000002980232 5
    endloop
  endfacet
  facet normal 0 0 -1
    outer loop
      vertex 36 2.5 0
      vertex 36 5.799999999999999 0
      vertex 52 5.799999999999999 0
    endloop
  endfacet
  facet normal 0 0 -1
    outer loop
      vertex 36 2.5 0
      vertex 52 5.799999999999999 0
      vertex 50.186908073723316 0.6000000014901161 0
    endloop
  endfacet
  facet normal 0 0 -1
    outer loop
      vertex 36 9.2 0
      vertex 50.3 16.700000002980232 0
      vertex 50.3 9.2 0
    endloop
  endfacet
  facet normal 0 0 -1
    outer loop
      vertex 50.186908073723316 0.6000000014901161 0
      vertex 52 5.799999999999999 0
      vertex 50.566004268825054 0.6165516972541809 0
    endloop
  endfacet
  facet normal 0 0 -1
    outer loop
      vertex 50.566004268825054 0.6165516972541809 0
      vertex 52 5.799999999999999 0
      vertex 50.92922307550907 0.6643703505396843 0
    endloop
  endfacet
  facet normal 0 0 -1
    outer loop
      vertex 50.92922307550907 0.6643703505396843 0
      vertex 52 5.799999999999999 0
      vertex 51.28689209371805 0.7436636686325073 0
    endloop
  endfacet
  facet normal 0 0 -1
    outer loop
      vertex 51.28689209371805 0.7436636686325073 0
      vertex 52 5.799999999999999 0
      vertex 51.636289082467556 0.8538281172513962 0
    endloop
  endfacet
  facet normal 0 0 -1
    outer loop
      vertex 51.636289082467556 0.8538281172513962 0
      vertex 52 5.799999999999999 0
      vertex 51.974755115807056 0.9940253347158432 0
    endloop
  endfacet
  facet normal 0 0 -1
    outer loop
      vertex 51.974755115807056 0.9940253347158432 0
      vertex 52 5.799999999999999 0
      vertex 52.29971417784691 1.1631883159279823 0
    endloop
  endfacet
  facet normal 0 0 -1
    outer loop
      vertex 52.29971417784691 1.1631883159279823 0
      vertex 52 5.799999999999999 0
      vertex 52.608693175017834 1.3600296527147293 0
    endloop
  endfacet
  facet normal 0 0 -1
    outer loop
      vertex 52.608693175017834 1.3600296527147293 0
      vertex 52 5.799999999999999 0
      vertex 52.89934053272009 1.5830512046813965 0
    endloop
  endfacet
  facet normal 0 0 -1
    outer loop
      vertex 52.89934053272009 1.5830512046813965 0
      vertex 52 5.799999999999999 0
      vertex 53.16944429278374 1.8305556997656822 0
    endloop
  endfacet
  facet normal 0 0 -1
    outer loop
      vertex 53.16944429278374 1.8305556997656822 0
      vertex 52 5.799999999999999 0
      vertex 53.41694878786802 2.1006594598293304 0
    endloop
  endfacet
  facet normal 0 0 -1
    outer loop
      vertex 53.41694878786802 2.1006594598293304 0
      vertex 52 5.799999999999999 0
      vertex 53.63997033983469 2.3913068175315857 0
    endloop
  endfacet
  facet normal 0 0 -1
    outer loop
      vertex 53.63997033983469 2.3913068175315857 0
      vertex 52 5.799999999999999 0
      vertex 53.83681167662144 2.700285814702511 0
    endloop
  endfacet
  facet normal 0 0 -1
    outer loop
      vertex 53.83681167662144 2.700285814702511 0
      vertex 52 5.799999999999999 0
      vertex 54.005974657833576 3.025244876742363 0
    endloop
  endfacet
  facet normal 0 0 -1
    outer loop
      vertex 54.005974657833576 3.025244876742363 0
      vertex 52 5.799999999999999 0
      vertex 54.14617187529802 3.3637109100818634 0
    endloop
  endfacet
  facet normal 0 0 -1
    outer loop
      vertex 54.14617187529802 3.3637109100818634 0
      vertex 52 5.799999999999999 0
      vertex 54.25633632391691 3.7131078988313675 0
    endloop
  endfacet
  facet normal 0 0 -1
    outer loop
      vertex 54.25633632391691 3.7131078988313675 0
      vertex 52 5.799999999999999 0
      vertex 54.335629642009735 4.070776917040348 0
    endloop
  endfacet
  facet normal 0 0 -1
    outer loop
      vertex 54.399999998509884 4.813091926276684 0
      vertex 52 5.799999999999999 0
      vertex 53.699999999999996 5.799999999999999 0
    endloop
  endfacet
  facet normal 0 0 -1
    outer loop
      vertex 54.335629642009735 4.070776917040348 0
      vertex 52 5.799999999999999 0
      vertex 54.38344829529524 4.433995723724365 0
    endloop
  endfacet
  facet normal 0 0 -1
    outer loop
      vertex 54.38344829529524 4.433995723724365 0
      vertex 52 5.799999999999999 0
      vertex 54.399999998509884 4.813091926276684 0
    endloop
  endfacet
  facet normal 0 0 -1
    outer loop
      vertex 54.399999998509884 4.813091926276684 0
      vertex 53.699999999999996 5.799999999999999 0
      vertex 54.399999998509884 16.700000002980232 0
    endloop
  endfacet
  facet normal 0 0 -1
    outer loop
      vertex 54.399999998509884 16.700000002980232 0
      vertex 53.699999999999996 5.799999999999999 0
      vertex 53.699999999999996 16.700000002980232 0
    endloop
  endfacet
  facet normal 0 1 0
    outer loop
      vertex 47.29999999701977 16.700000002980232 0
      vertex 50.3 16.700000002980232 2.8
      vertex 50.3 16.700000002980232 0
    endloop
  endfacet
  facet normal 0 1 0
    outer loop
      vertex 54.399999998509884 16.700000002980232 0
      vertex 53.699999999999996 16.700000002980232 0
      vertex 53.699999999999996 16.700000002980232 2.8
    endloop
  endfacet
  facet normal 0 1 0
    outer loop
      vertex 47.29999999701977 16.700000002980232 0
      vertex 47.29999999701977 16.700000002980232 5
      vertex 50.3 16.700000002980232 2.8
    endloop
  endfacet
  facet normal 0 1 0
    outer loop
      vertex 54.399999998509884 16.700000002980232 0
      vertex 53.699999999999996 16.700000002980232 2.8
      vertex 54.399999998509884 16.700000002980232 5
    endloop
  endfacet
  facet normal 0 0 1
    outer loop
      vertex 37.79999999701977 2.4 5
      vertex 54.399999998509884 16.700000002980232 5
      vertex 37.79999999701977 14.299999997019768 5
    endloop
  endfacet
  facet normal 0 0 1
    outer loop
      vertex 37.79999999701977 2.4 5
      vertex 53.64550850803926 2.4 5
      vertex 53.83681167662144 2.700285814702511 5
    endloop
  endfacet
  facet normal 0 0 1
    outer loop
      vertex 37.79999999701977 2.4 5
      vertex 53.83681167662144 2.700285814702511 5
      vertex 54.005974657833576 3.025244876742363 5
    endloop
  endfacet
  facet normal 0 0 1
    outer loop
      vertex 37.79999999701977 2.4 5
      vertex 54.005974657833576 3.025244876742363 5
      vertex 54.14617187529802 3.3637109100818634 5
    endloop
  endfacet
  facet normal 0 0 1
    outer loop
      vertex 37.79999999701977 2.4 5
      vertex 54.14617187529802 3.3637109100818634 5
      vertex 54.25633632391691 3.7131078988313675 5
    endloop
  endfacet
  facet normal 0 0 1
    outer loop
      vertex 37.79999999701977 2.4 5
      vertex 54.25633632391691 3.7131078988313675 5
      vertex 54.335629642009735 4.070776917040348 5
    endloop
  endfacet
  facet normal 0 0 1
    outer loop
      vertex 37.79999999701977 2.4 5
      vertex 54.335629642009735 4.070776917040348 5
      vertex 54.38344829529524 4.433995723724365 5
    endloop
  endfacet
  facet normal 0 0 1
    outer loop
      vertex 37.79999999701977 2.4 5
      vertex 54.38344829529524 4.433995723724365 5
      vertex 54.399999998509884 4.813091926276684 5
    endloop
  endfacet
  facet normal 0 0 1
    outer loop
      vertex 37.79999999701977 2.4 5
      vertex 54.399999998509884 4.813091926276684 5
      vertex 54.399999998509884 16.700000002980232 5
    endloop
  endfacet
  facet normal 0 1 0
    outer loop
      vertex 47.29999999701977 16.700000002980232 5
      vertex 54.399999998509884 16.700000002980232 5
      vertex 50.3 16.700000002980232 2.8
    endloop
  endfacet
  facet normal 0 1 0
    outer loop
      vertex 54.399999998509884 16.700000002980232 5
      vertex 53.699999999999996 16.700000002980232 2.8
      vertex 50.3 16.700000002980232 2.8
    endloop
  endfacet
  facet normal 1 0 0
    outer loop
      vertex 19 2.5 0
      vertex 19 5.799999999999999 0
      vertex 19 5.799999999999999 2.8
    endloop
  endfacet
  facet normal 1 0 0
    outer loop
      vertex 19 12.5 0
      vertex 19 9.2 2.8
      vertex 19 9.2 0
    endloop
  endfacet
  facet normal 1 0 0
    outer loop
      vertex 19 12.5 0
      vertex 19 12.5 5
      vertex 19 9.2 2.8
    endloop
  endfacet
  facet normal 1 0 0
    outer loop
      vertex 19 2.5 0
      vertex 19 5.799999999999999 2.8
      vertex 19 12.5 11.7
    endloop
  endfacet
  facet normal 1 0 0
    outer loop
      vertex 19 2.5 0
      vertex 19 12.5 11.7
      vertex 19 2.5 5
    endloop
  endfacet
  facet normal 1 0 0
    outer loop
      vertex 19 12.5 11.7
      vertex 19 5.799999999999999 2.8
      vertex 19 9.2 2.8
    endloop
  endfacet
  facet normal -1 0 0
    outer loop
      vertex 17.200000002980232 0.7000000029802322 5
      vertex 17.200000002980232 0.7000000029802322 11.7
      vertex 17.200000002980232 14.299999997019768 5
    endloop
  endfacet
  facet normal 1 0 0
    outer loop
      vertex 19 12.5 5
      vertex 19 12.5 11.7
      vertex 19 9.2 2.8
    endloop
  endfacet
  facet normal 0 -1 0
    outer loop
      vertex 19 12.5 5
      vertex 36 12.5 5
      vertex 19 12.5 11.7
    endloop
  endfacet
  facet normal -1 0 0
    outer loop
      vertex 17.200000002980232 14.299999997019768 5
      vertex 17.200000002980232 0.7000000029802322 11.7
      vertex 17.200000002980232 14.299999997019768 11.7
    endloop
  endfacet
  facet normal 1 0 0
    outer loop
      vertex 19 2.5 5
      vertex 19 12.5 11.7
      vertex 19 2.5 11.7
    endloop
  endfacet
  facet normal 0 0 1
    outer loop
      vertex 17.200000002980232 0.7000000029802322 11.7
      vertex 19 2.5 11.7
      vertex 19 12.5 11.7
    endloop
  endfacet
  facet normal 0 0 1
    outer loop
      vertex 17.200000002980232 0.7000000029802322 11.7
      vertex 19 12.5 11.7
      vertex 17.200000002980232 14.299999997019768 11.7
    endloop
  endfacet
  facet normal 0 -1 0
    outer loop
      vertex 17.200000002980232 0.7000000029802322 5
      vertex 35 0.7000000029802322 11.7
      vertex 17.200000002980232 0.7000000029802322 11.7
    endloop
  endfacet
  facet normal 0 1 0
    outer loop
      vertex 19 2.5 5
      vertex 19 2.5 11.7
      vertex 36 2.5 11.7
    endloop
  endfacet
  facet normal 0 0 1
    outer loop
      vertex 17.200000002980232 0.7000000029802322 11.7
      vertex 36 2.5 11.7
      vertex 19 2.5 11.7
    endloop
  endfacet
  facet normal 0 0 1
    outer loop
      vertex 19 12.5 11.7
      vertex 36 12.5 11.7
      vertex 17.200000002980232 14.299999997019768 11.7
    endloop
  endfacet
  facet normal 0 1 0
    outer loop
      vertex 17.200000002980232 14.299999997019768 5
      vertex 17.200000002980232 14.299999997019768 11.7
      vertex 37.79999999701977 14.299999997019768 11.7
    endloop
  endfacet
  facet normal 0 0 -1
    outer loop
      vertex 28.85330947501481 1.8157423975684157 0
      vertex 36 2.5 0
      vertex 35.36849925605122 1.3632986627742205 0
    endloop
  endfacet
  facet normal -1 0 0
    outer loop
      vertex 36 2.5 0
      vertex 36 5.799999999999999 2.8
      vertex 36 5.799999999999999 0
    endloop
  endfacet
  facet normal -1 0 0
    outer loop
      vertex 36 12.5 0
      vertex 36 9.2 0
      vertex 36 9.2 2.8
    endloop
  endfacet
  facet normal -1 0 0
    outer loop
      vertex 36 2.5 0
      vertex 36 2.5 5
      vertex 36 5.799999999999999 2.8
    endloop
  endfacet
  facet normal -1 0 0
    outer loop
      vertex 36 12.5 0
      vertex 36 9.2 2.8
      vertex 36 8.226495726495726 5
    endloop
  endfacet
  facet normal -1 0 0
    outer loop
      vertex 36 2.5 5
      vertex 36 8.226495726495726 5
      vertex 36 5.799999999999999 2.8
    endloop
  endfacet
  facet normal -1 0 0
    outer loop
      vertex 36 8.226495726495726 5
      vertex 36 9.2 2.8
      vertex 36 5.799999999999999 2.8
    endloop
  endfacet
  facet normal 0 -1 0
    outer loop
      vertex 17.200000002980232 0.7000000029802322 5
      vertex 35 0.7000000029802322 5
      vertex 35 0.7000000029802322 11.7
    endloop
  endfacet
  facet normal 0 1 0
    outer loop
      vertex 19 2.5 5
      vertex 36 2.5 11.7
      vertex 36 2.5 5
    endloop
  endfacet
  facet normal 0 1 0
    outer loop
      vertex 17.200000002980232 14.299999997019768 5
      vertex 37.79999999701977 14.299999997019768 11.7
      vertex 37.79999999701977 14.299999997019768 5
    endloop
  endfacet
  facet normal -1 0 0
    outer loop
      vertex 36 2.5 5
      vertex 36 2.5 11.7
      vertex 36 8.226495726495726 5
    endloop
  endfacet
  facet normal -1 0 0
    outer loop
      vertex 36 8.226495726495726 5
      vertex 36 12.5 11.7
      vertex 36 12.5 5
    endloop
  endfacet
  facet normal 1 0 0
    outer loop
      vertex 37.79999999701977 2.4 5
      vertex 37.79999999701977 14.299999997019768 5
      vertex 37.79999999701977 2.4 11.7
    endloop
  endfacet
  facet normal 0 -1 0
    outer loop
      vertex 19 12.5 11.7
      vertex 36 12.5 5
      vertex 36 12.5 11.7
    endloop
  endfacet
  facet normal 0 0 1
    outer loop
      vertex 17.200000002980232 0.7000000029802322 11.7
      vertex 35 0.7000000029802322 11.7
      vertex 36 2.5 11.7
    endloop
  endfacet
  facet normal 0 0 1
    outer loop
      vertex 17.200000002980232 14.299999997019768 11.7
      vertex 36 12.5 11.7
      vertex 37.79999999701977 14.299999997019768 11.7
    endloop
  endfacet
  facet normal -1 0 0
    outer loop
      vertex 36 8.226495726495726 5
      vertex 36 2.5 11.7
      vertex 36 12.5 11.7
    endloop
  endfacet
  facet normal 1 0 0
    outer loop
      vertex 37.79999999701977 14.299999997019768 5
      vertex 37.79999999701977 14.299999997019768 11.7
      vertex 37.79999999701977 2.4 11.7
    endloop
  endfacet
  facet normal 0 0 1
    outer loop
      vertex 35 0.7000000029802322 11.7
      vertex 36.2125 2.2874999999999996 11.7
      vertex 36 2.5 11.7
    endloop
  endfacet
  facet normal 0 0 1
    outer loop
      vertex 36 2.5 11.7
      vertex 36.2125 2.2874999999999996 11.7
      vertex 37.79999999701977 2.1402061858435264 11.7
    endloop
  endfacet
  facet normal 0 0 1
    outer loop
      vertex 36 2.5 11.7
      vertex 37.79999999701977 2.1402061858435264 11.7
      vertex 36 12.5 11.7
    endloop
  endfacet
  facet normal 0 0 1
    outer loop
      vertex 36 12.5 11.7
      vertex 37.79999999701977 2.1402061858435264 11.7
      vertex 37.79999999701977 2.4 11.7
    endloop
  endfacet
  facet normal 0 0 1
    outer loop
      vertex 36 12.5 11.7
      vertex 37.79999999701977 2.4 11.7
      vertex 37.79999999701977 14.299999997019768 11.7
    endloop
  endfacet
  facet normal -0.9238795363207711 -0.3826834231681808 0
    outer loop
      vertex 0.8538281172513962 3.3637109100818634 0
      vertex 0.9940253347158432 3.025244876742363 0
      vertex 0.9940253347158432 3.025244876742363 5
    endloop
  endfacet
  facet normal -0.953716949786763 -0.3007058025536472 0
    outer loop
      vertex 0.7436636686325073 3.7131078988313675 0
      vertex 0.8538281172513962 3.3637109100818634 0
      vertex 0.8538281172513962 3.3637109100818634 5
    endloop
  endfacet
  facet normal -0.8870108323553967 -0.4617486148156662 0
    outer loop
      vertex 0.9940253347158432 3.025244876742363 0
      vertex 1.1631883159279823 2.700285814702511 0
      vertex 1.1631883159279823 2.700285814702511 5
    endloop
  endfacet
  facet normal -0.8433914378037141 -0.5372996209187049 6.36562612198911e-18
    outer loop
      vertex 1.1631883159279823 2.700285814702511 0
      vertex 1.3600296527147293 2.3913068175315857 0
      vertex 1.3544914845101534 2.4 5
    endloop
  endfacet
  facet normal -0.9914448648302933 -0.13052616596545505 0
    outer loop
      vertex 0.6643703505396843 4.070776917040348 0
      vertex 0.6643703505396843 4.070776917040348 5
      vertex 0.6165516972541809 4.433995723724365 0
    endloop
  endfacet
  facet normal -0.9762960037957995 -0.21643962893230134 0
    outer loop
      vertex 0.7436636686325073 3.7131078988313675 0
      vertex 0.7436636686325073 3.7131078988313675 5
      vertex 0.6643703505396843 4.070776917040348 0
    endloop
  endfacet
  facet normal -0.9990482217991866 -0.04361938238768813 0
    outer loop
      vertex 0.6165516972541809 4.433995723724365 0
      vertex 0.6165516972541809 4.433995723724365 5
      vertex 0.6000000014901161 4.813091926276684 0
    endloop
  endfacet
  facet normal -1 0 0
    outer loop
      vertex 0.6000000014901161 4.813091926276684 0
      vertex 0.6000000014901161 16.700000002980232 5
      vertex 0.6000000014901161 16.700000002980232 0
    endloop
  endfacet
  facet normal -0.953716949786763 -0.3007058025536472 0
    outer loop
      vertex 0.7436636686325073 3.7131078988313675 0
      vertex 0.8538281172513962 3.3637109100818634 5
      vertex 0.7436636686325073 3.7131078988313675 5
    endloop
  endfacet
  facet normal -0.9238795363207711 -0.3826834231681808 0
    outer loop
      vertex 0.8538281172513962 3.3637109100818634 0
      vertex 0.9940253347158432 3.025244876742363 5
      vertex 0.8538281172513962 3.3637109100818634 5
    endloop
  endfacet
  facet normal -0.8870108323553967 -0.4617486148156662 0
    outer loop
      vertex 0.9940253347158432 3.025244876742363 0
      vertex 1.1631883159279823 2.700285814702511 5
      vertex 0.9940253347158432 3.025244876742363 5
    endloop
  endfacet
  facet normal -0.8433914378037141 -0.5372996209187049 0
    outer loop
      vertex 1.1631883159279823 2.700285814702511 0
      vertex 1.3544914845101534 2.4 5
      vertex 1.1631883159279823 2.700285814702511 5
    endloop
  endfacet
  facet normal -0.9762960037957995 -0.21643962893230134 0
    outer loop
      vertex 0.6643703505396843 4.070776917040348 0
      vertex 0.7436636686325073 3.7131078988313675 5
      vertex 0.6643703505396843 4.070776917040348 5
    endloop
  endfacet
  facet normal -0.9914448648302933 -0.13052616596545505 0
    outer loop
      vertex 0.6165516972541809 4.433995723724365 0
      vertex 0.6643703505396843 4.070776917040348 5
      vertex 0.6165516972541809 4.433995723724365 5
    endloop
  endfacet
  facet normal -0.9990482217991866 -0.04361938238768813 0
    outer loop
      vertex 0.6000000014901161 4.813091926276684 0
      vertex 0.6165516972541809 4.433995723724365 5
      vertex 0.6000000014901161 4.813091926276684 5
    endloop
  endfacet
  facet normal -0.7933533529245616 -0.6087614125446489 0
    outer loop
      vertex 1.3600296527147293 2.3913068175315857 0
      vertex 1.5830512046813965 2.1006594598293304 0
      vertex 1.5830512046813965 2.1006594598293304 11.7
    endloop
  endfacet
  facet normal -0.7372773374645827 -0.675590206901444 0
    outer loop
      vertex 1.5830512046813965 2.1006594598293304 0
      vertex 1.8305556997656822 1.8305556997656822 0
      vertex 1.8305556997656822 1.8305556997656822 11.7
    endloop
  endfacet
  facet normal -0.675590206901444 -0.7372773374645827 0
    outer loop
      vertex 1.8305556997656822 1.8305556997656822 0
      vertex 2.1006594598293304 1.5830512046813965 0
      vertex 2.1006594598293304 1.5830512046813965 11.7
    endloop
  endfacet
  facet normal -0.5372996209187049 -0.8433914378037141 0
    outer loop
      vertex 2.3913068175315857 1.3600296527147293 0
      vertex 2.700285814702511 1.1631883159279823 0
      vertex 2.700285814702511 1.1631883159279823 11.7
    endloop
  endfacet
  facet normal -0.6087614125446489 -0.7933533529245616 0
    outer loop
      vertex 2.1006594598293304 1.5830512046813965 0
      vertex 2.3913068175315857 1.3600296527147293 0
      vertex 2.3913068175315857 1.3600296527147293 11.7
    endloop
  endfacet
  facet normal -0.46174861481566615 -0.8870108323553966 0
    outer loop
      vertex 2.700285814702511 1.1631883159279823 0
      vertex 3.025244876742363 0.9940253347158432 0
      vertex 3.025244876742363 0.9940253347158432 11.7
    endloop
  endfacet
  facet normal -0.38268342316818077 -0.923879536320771 0
    outer loop
      vertex 3.025244876742363 0.9940253347158432 0
      vertex 3.3637109100818634 0.8538281172513962 0
      vertex 3.3637109100818634 0.8538281172513962 11.7
    endloop
  endfacet
  facet normal -0.3007058025536471 -0.9537169497867629 0
    outer loop
      vertex 3.3637109100818634 0.8538281172513962 0
      vertex 3.7131078988313675 0.7436636686325073 0
      vertex 3.7131078988313675 0.7436636686325073 11.7
    endloop
  endfacet
  facet normal -0.21643962893230131 -0.9762960037957994 0
    outer loop
      vertex 3.7131078988313675 0.7436636686325073 0
      vertex 4.070776917040348 0.6643703505396843 0
      vertex 4.070776917040348 0.6643703505396843 11.7
    endloop
  endfacet
  facet normal -1 0 0
    outer loop
      vertex 0.6000000014901161 4.813091926276684 0
      vertex 0.6000000014901161 4.813091926276684 5
      vertex 0.6000000014901161 16.700000002980232 5
    endloop
  endfacet
  facet normal -0.13052616596545505 -0.9914448648302934 0
    outer loop
      vertex 4.070776917040348 0.6643703505396843 0
      vertex 4.433995723724365 0.6165516972541809 0
      vertex 4.433995723724365 0.6165516972541809 11.7
    endloop
  endfacet
  facet normal -0.04361938238768814 -0.9990482217991866 0
    outer loop
      vertex 4.433995723724365 0.6165516972541809 0
      vertex 4.813091926276684 0.6000000014901161 0
      vertex 4.813091926276684 0.6000000014901161 11.7
    endloop
  endfacet
  facet normal -0.8433914378037161 -0.5372996209187019 0
    outer loop
      vertex 1.3600296527147293 2.3913068175315857 0
      vertex 1.3600296527147293 2.3913068175315857 11.7
      vertex 1.3544914845101534 2.4 5
    endloop
  endfacet
  facet normal 0 -1 0
    outer loop
      vertex 4.813091926276684 0.6000000014901161 0
      vertex 17 0.6000000014901161 5
      vertex 17 0.6000000014901161 11.7
    endloop
  endfacet
  facet normal 0 -1 0
    outer loop
      vertex 4.813091926276684 0.6000000014901161 0
      vertex 35 0.6000000014901161 5
      vertex 17 0.6000000014901161 5
    endloop
  endfacet
  facet normal -0.7933533529245616 -0.6087614125446489 0
    outer loop
      vertex 1.3600296527147293 2.3913068175315857 0
      vertex 1.5830512046813965 2.1006594598293304 11.7
      vertex 1.3600296527147293 2.3913068175315857 11.7
    endloop
  endfacet
  facet normal -0.7372773374645827 -0.675590206901444 0
    outer loop
      vertex 1.5830512046813965 2.1006594598293304 0
      vertex 1.8305556997656822 1.8305556997656822 11.7
      vertex 1.5830512046813965 2.1006594598293304 11.7
    endloop
  endfacet
  facet normal -0.675590206901444 -0.7372773374645827 0
    outer loop
      vertex 1.8305556997656822 1.8305556997656822 0
      vertex 2.1006594598293304 1.5830512046813965 11.7
      vertex 1.8305556997656822 1.8305556997656822 11.7
    endloop
  endfacet
  facet normal -0.6087614125446489 -0.7933533529245616 0
    outer loop
      vertex 2.1006594598293304 1.5830512046813965 0
      vertex 2.3913068175315857 1.3600296527147293 11.7
      vertex 2.1006594598293304 1.5830512046813965 11.7
    endloop
  endfacet
  facet normal -0.5372996209187049 -0.8433914378037141 0
    outer loop
      vertex 2.3913068175315857 1.3600296527147293 0
      vertex 2.700285814702511 1.1631883159279823 11.7
      vertex 2.3913068175315857 1.3600296527147293 11.7
    endloop
  endfacet
  facet normal -0.46174861481566615 -0.8870108323553966 0
    outer loop
      vertex 2.700285814702511 1.1631883159279823 0
      vertex 3.025244876742363 0.9940253347158432 11.7
      vertex 2.700285814702511 1.1631883159279823 11.7
    endloop
  endfacet
  facet normal -0.38268342316818077 -0.923879536320771 0
    outer loop
      vertex 3.025244876742363 0.9940253347158432 0
      vertex 3.3637109100818634 0.8538281172513962 11.7
      vertex 3.025244876742363 0.9940253347158432 11.7
    endloop
  endfacet
  facet normal -0.3007058025536471 -0.9537169497867629 0
    outer loop
      vertex 3.3637109100818634 0.8538281172513962 0
      vertex 3.7131078988313675 0.7436636686325073 11.7
      vertex 3.3637109100818634 0.8538281172513962 11.7
    endloop
  endfacet
  facet normal -0.21643962893230131 -0.9762960037957994 0
    outer loop
      vertex 3.7131078988313675 0.7436636686325073 0
      vertex 4.070776917040348 0.6643703505396843 11.7
      vertex 3.7131078988313675 0.7436636686325073 11.7
    endloop
  endfacet
  facet normal -0.13052616596545505 -0.9914448648302934 0
    outer loop
      vertex 4.070776917040348 0.6643703505396843 0
      vertex 4.433995723724365 0.6165516972541809 11.7
      vertex 4.070776917040348 0.6643703505396843 11.7
    endloop
  endfacet
  facet normal -0.04361938238768814 -0.9990482217991866 0
    outer loop
      vertex 4.433995723724365 0.6165516972541809 0
      vertex 4.813091926276684 0.6000000014901161 11.7
      vertex 4.433995723724365 0.6165516972541809 11.7
    endloop
  endfacet
  facet normal 0 -1 0
    outer loop
      vertex 4.813091926276684 0.6000000014901161 0
      vertex 17 0.6000000014901161 11.7
      vertex 4.813091926276684 0.6000000014901161 11.7
    endloop
  endfacet
  facet normal -0.843391437803716 -0.5372996209187019 0
    outer loop
      vertex 1.3544914845101534 2.4 5
      vertex 1.3600296527147293 2.3913068175315857 11.7
      vertex 1.3544914845101534 2.4 11.7
    endloop
  endfacet
  facet normal -1 0 0
    outer loop
      vertex 0.6000000014901161 84.5 0
      vertex 0.6000000014901161 84.5 5
      vertex 0.6000000014901161 98.68690806627274 0
    endloop
  endfacet
  facet normal -0.9990482217991866 0.04361938238768813 0
    outer loop
      vertex 0.6000000014901161 98.68690806627274 0
      vertex 0.6000000014901161 98.68690806627274 5
      vertex 0.6165516972541809 99.06600426882505 0
    endloop
  endfacet
  facet normal -0.9914448648302933 0.13052616596545505 0
    outer loop
      vertex 0.6165516972541809 99.06600426882505 0
      vertex 0.6165516972541809 99.06600426882505 5
      vertex 0.6643703505396843 99.42922307550907 0
    endloop
  endfacet
  facet normal -0.9762960037957995 0.21643962893230134 0
    outer loop
      vertex 0.6643703505396843 99.42922307550907 0
      vertex 0.6643703505396843 99.42922307550907 5
      vertex 0.7436636686325073 99.78689209371805 0
    endloop
  endfacet
  facet normal -0.953716949786763 0.3007058025536472 0
    outer loop
      vertex 0.7436636686325073 99.78689209371805 0
      vertex 0.7436636686325073 99.78689209371805 5
      vertex 0.8538281172513962 100.13628908246756 0
    endloop
  endfacet
  facet normal -0.9238795363207711 0.3826834231681808 0
    outer loop
      vertex 0.8538281172513962 100.13628908246756 0
      vertex 0.8538281172513962 100.13628908246756 5
      vertex 0.9940253347158432 100.47475511580706 0
    endloop
  endfacet
  facet normal -0.8870108323553967 0.4617486148156662 0
    outer loop
      vertex 0.9940253347158432 100.47475511580706 0
      vertex 0.9940253347158432 100.47475511580706 5
      vertex 1.1631883159279823 100.79971417784691 0
    endloop
  endfacet
  facet normal -0.8433914378037141 0.5372996209187049 0
    outer loop
      vertex 1.1631883159279823 100.79971417784691 0
      vertex 1.1631883159279823 100.79971417784691 5
      vertex 1.3600296527147293 101.10869317501783 0
    endloop
  endfacet
  facet normal -1 0 0
    outer loop
      vertex 0.6000000014901161 98.68690806627274 0
      vertex 0.6000000014901161 84.5 5
      vertex 0.6000000014901161 98.68690806627274 5
    endloop
  endfacet
  facet normal -0.9990482217991866 0.04361938238768813 0
    outer loop
      vertex 0.6165516972541809 99.06600426882505 0
      vertex 0.6000000014901161 98.68690806627274 5
      vertex 0.6165516972541809 99.06600426882505 5
    endloop
  endfacet
  facet normal -0.9914448648302933 0.13052616596545505 0
    outer loop
      vertex 0.6643703505396843 99.42922307550907 0
      vertex 0.6165516972541809 99.06600426882505 5
      vertex 0.6643703505396843 99.42922307550907 5
    endloop
  endfacet
  facet normal -0.9762960037957995 0.21643962893230134 0
    outer loop
      vertex 0.7436636686325073 99.78689209371805 0
      vertex 0.6643703505396843 99.42922307550907 5
      vertex 0.7436636686325073 99.78689209371805 5
    endloop
  endfacet
  facet normal -0.953716949786763 0.3007058025536472 0
    outer loop
      vertex 0.8538281172513962 100.13628908246756 0
      vertex 0.7436636686325073 99.78689209371805 5
      vertex 0.8538281172513962 100.13628908246756 5
    endloop
  endfacet
  facet normal -0.9238795363207711 0.3826834231681808 0
    outer loop
      vertex 0.9940253347158432 100.47475511580706 0
      vertex 0.8538281172513962 100.13628908246756 5
      vertex 0.9940253347158432 100.47475511580706 5
    endloop
  endfacet
  facet normal -0.8870108323553967 0.4617486148156662 0
    outer loop
      vertex 1.1631883159279823 100.79971417784691 0
      vertex 0.9940253347158432 100.47475511580706 5
      vertex 1.1631883159279823 100.79971417784691 5
    endloop
  endfacet
  facet normal -0.8433914378037142 0.5372996209187046 -1.787075973948087e-17
    outer loop
      vertex 1.3600296527147293 101.10869317501783 0
      vertex 1.1631883159279823 100.79971417784691 5
      vertex 1.3544914892567022 101.10000000000001 5
    endloop
  endfacet
  facet normal -0.7933533529245616 0.6087614125446489 0
    outer loop
      vertex 1.3600296527147293 101.10869317501783 0
      vertex 1.3600296527147293 101.10869317501783 11.7
      vertex 1.5830512046813965 101.39934053272009 0
    endloop
  endfacet
  facet normal -0.7372773374645827 0.675590206901444 0
    outer loop
      vertex 1.5830512046813965 101.39934053272009 0
      vertex 1.5830512046813965 101.39934053272009 11.7
      vertex 1.8305556997656822 101.66944429278374 0
    endloop
  endfacet
  facet normal -0.675590206901444 0.7372773374645827 0
    outer loop
      vertex 1.8305556997656822 101.66944429278374 0
      vertex 1.8305556997656822 101.66944429278374 11.7
      vertex 2.1006594598293304 101.91694878786802 0
    endloop
  endfacet
  facet normal -0.6087614125446489 0.7933533529245616 0
    outer loop
      vertex 2.1006594598293304 101.91694878786802 0
      vertex 2.1006594598293304 101.91694878786802 11.7
      vertex 2.3913068175315857 102.13997033983469 0
    endloop
  endfacet
  facet normal -0.5372996209187049 0.8433914378037141 0
    outer loop
      vertex 2.3913068175315857 102.13997033983469 0
      vertex 2.3913068175315857 102.13997033983469 11.7
      vertex 2.700285814702511 102.33681167662144 0
    endloop
  endfacet
  facet normal -0.46174861481566615 0.8870108323553966 0
    outer loop
      vertex 2.700285814702511 102.33681167662144 0
      vertex 2.700285814702511 102.33681167662144 11.7
      vertex 3.025244876742363 102.50597465783358 0
    endloop
  endfacet
  facet normal -0.38268342316818077 0.923879536320771 0
    outer loop
      vertex 3.025244876742363 102.50597465783358 0
      vertex 3.025244876742363 102.50597465783358 11.7
      vertex 3.3637109100818634 102.64617187529802 0
    endloop
  endfacet
  facet normal -0.3007058025536471 0.9537169497867629 0
    outer loop
      vertex 3.3637109100818634 102.64617187529802 0
      vertex 3.3637109100818634 102.64617187529802 11.7
      vertex 3.7131078988313675 102.75633632391691 0
    endloop
  endfacet
  facet normal -0.21643962893230131 0.9762960037957994 0
    outer loop
      vertex 3.7131078988313675 102.75633632391691 0
      vertex 3.7131078988313675 102.75633632391691 11.7
      vertex 4.070776917040348 102.83562964200974 0
    endloop
  endfacet
  facet normal -0.13052616596545505 0.9914448648302934 0
    outer loop
      vertex 4.070776917040348 102.83562964200974 0
      vertex 4.070776917040348 102.83562964200974 11.7
      vertex 4.433995723724365 102.88344829529524 0
    endloop
  endfacet
  facet normal -0.04361940198515938 0.9990482209435424 0
    outer loop
      vertex 4.433995723724365 102.88344829529524 0
      vertex 4.433995723724365 102.88344829529524 11.7
      vertex 4.813091926276684 102.89999999850988 0
    endloop
  endfacet
  facet normal -0.8433914378037096 0.537299620918712 0
    outer loop
      vertex 1.3600296527147293 101.10869317501783 0
      vertex 1.3544914892567022 101.10000000000001 5
      vertex 1.3600296527147293 101.10869317501783 11.7
    endloop
  endfacet
  facet normal 0 1 0
    outer loop
      vertex 4.813091926276684 102.89999999850988 0
      vertex 17 102.89999999850988 11.7
      vertex 17 102.89999999850988 5
    endloop
  endfacet
  facet normal 0 1 0
    outer loop
      vertex 4.813091926276684 102.89999999850988 0
      vertex 17 102.89999999850988 5
      vertex 35 102.89999999850988 5
    endloop
  endfacet
  facet normal -0.7933533529245616 0.6087614125446489 0
    outer loop
      vertex 1.5830512046813965 101.39934053272009 0
      vertex 1.3600296527147293 101.10869317501783 11.7
      vertex 1.5830512046813965 101.39934053272009 11.7
    endloop
  endfacet
  facet normal -0.7372773374645827 0.675590206901444 0
    outer loop
      vertex 1.8305556997656822 101.66944429278374 0
      vertex 1.5830512046813965 101.39934053272009 11.7
      vertex 1.8305556997656822 101.66944429278374 11.7
    endloop
  endfacet
  facet normal -0.675590206901444 0.7372773374645827 0
    outer loop
      vertex 2.1006594598293304 101.91694878786802 0
      vertex 1.8305556997656822 101.66944429278374 11.7
      vertex 2.1006594598293304 101.91694878786802 11.7
    endloop
  endfacet
  facet normal -0.6087614125446489 0.7933533529245616 0
    outer loop
      vertex 2.3913068175315857 102.13997033983469 0
      vertex 2.1006594598293304 101.91694878786802 11.7
      vertex 2.3913068175315857 102.13997033983469 11.7
    endloop
  endfacet
  facet normal -0.5372996209187049 0.8433914378037141 0
    outer loop
      vertex 2.700285814702511 102.33681167662144 0
      vertex 2.3913068175315857 102.13997033983469 11.7
      vertex 2.700285814702511 102.33681167662144 11.7
    endloop
  endfacet
  facet normal -0.46174861481566615 0.8870108323553966 0
    outer loop
      vertex 3.025244876742363 102.50597465783358 0
      vertex 2.700285814702511 102.33681167662144 11.7
      vertex 3.025244876742363 102.50597465783358 11.7
    endloop
  endfacet
  facet normal -0.38268342316818077 0.923879536320771 0
    outer loop
      vertex 3.3637109100818634 102.64617187529802 0
      vertex 3.025244876742363 102.50597465783358 11.7
      vertex 3.3637109100818634 102.64617187529802 11.7
    endloop
  endfacet
  facet normal -0.3007058025536471 0.9537169497867629 0
    outer loop
      vertex 3.7131078988313675 102.75633632391691 0
      vertex 3.3637109100818634 102.64617187529802 11.7
      vertex 3.7131078988313675 102.75633632391691 11.7
    endloop
  endfacet
  facet normal -0.21643962893230131 0.9762960037957994 0
    outer loop
      vertex 4.070776917040348 102.83562964200974 0
      vertex 3.7131078988313675 102.75633632391691 11.7
      vertex 4.070776917040348 102.83562964200974 11.7
    endloop
  endfacet
  facet normal -0.13052616596545505 0.9914448648302934 0
    outer loop
      vertex 4.433995723724365 102.88344829529524 0
      vertex 4.070776917040348 102.83562964200974 11.7
      vertex 4.433995723724365 102.88344829529524 11.7
    endloop
  endfacet
  facet normal -0.04361940198515938 0.9990482209435424 0
    outer loop
      vertex 4.813091926276684 102.89999999850988 0
      vertex 4.433995723724365 102.88344829529524 11.7
      vertex 4.813091926276684 102.89999999850988 11.7
    endloop
  endfacet
  facet normal 0 1 0
    outer loop
      vertex 4.813091926276684 102.89999999850988 0
      vertex 4.813091926276684 102.89999999850988 11.7
      vertex 17 102.89999999850988 11.7
    endloop
  endfacet
  facet normal -0.8433914378037095 0.5372996209187119 0
    outer loop
      vertex 1.3544914892567022 101.10000000000001 5
      vertex 1.3544914892567022 101.10000000000001 11.7
      vertex 1.3600296527147293 101.10869317501783 11.7
    endloop
  endfacet
  facet normal 0 -1 0
    outer loop
      vertex 4.813091926276684 0.6000000014901161 0
      vertex 50.186908073723316 0.6000000014901161 0
      vertex 35 0.6000000014901161 5
    endloop
  endfacet
  facet normal 0 -1 0
    outer loop
      vertex 35 0.6000000014901161 5
      vertex 50.186908073723316 0.6000000014901161 0
      vertex 35 0.6000000014901161 11.7
    endloop
  endfacet
  facet normal 0.8433914378037141 -0.5372996209187049 0
    outer loop
      vertex 53.63997033983469 2.3913068175315857 0
      vertex 53.83681167662144 2.700285814702511 0
      vertex 53.83681167662144 2.700285814702511 5
    endloop
  endfacet
  facet normal 0.8870108323553967 -0.4617486148156662 0
    outer loop
      vertex 53.83681167662144 2.700285814702511 0
      vertex 54.005974657833576 3.025244876742363 0
      vertex 54.005974657833576 3.025244876742363 5
    endloop
  endfacet
  facet normal 0.9238795363207711 -0.3826834231681808 0
    outer loop
      vertex 54.005974657833576 3.025244876742363 0
      vertex 54.14617187529802 3.3637109100818634 0
      vertex 54.14617187529802 3.3637109100818634 5
    endloop
  endfacet
  facet normal 0.953716949786763 -0.3007058025536472 0
    outer loop
      vertex 54.14617187529802 3.3637109100818634 0
      vertex 54.25633632391691 3.7131078988313675 0
      vertex 54.25633632391691 3.7131078988313675 5
    endloop
  endfacet
  facet normal 0.9762960037957995 -0.21643962893230134 0
    outer loop
      vertex 54.25633632391691 3.7131078988313675 0
      vertex 54.335629642009735 4.070776917040348 0
      vertex 54.335629642009735 4.070776917040348 5
    endloop
  endfacet
  facet normal 0.9914448648302933 -0.13052616596545505 0
    outer loop
      vertex 54.335629642009735 4.070776917040348 0
      vertex 54.38344829529524 4.433995723724365 0
      vertex 54.38344829529524 4.433995723724365 5
    endloop
  endfacet
  facet normal 0.9990482209435424 -0.04361940198515937 0
    outer loop
      vertex 54.38344829529524 4.433995723724365 0
      vertex 54.399999998509884 4.813091926276684 0
      vertex 54.399999998509884 4.813091926276684 5
    endloop
  endfacet
  facet normal 1 0 0
    outer loop
      vertex 54.399999998509884 4.813091926276684 0
      vertex 54.399999998509884 16.700000002980232 0
      vertex 54.399999998509884 16.700000002980232 5
    endloop
  endfacet
  facet normal 0.04361938324333212 -0.9990482217618284 0
    outer loop
      vertex 50.186908073723316 0.6000000014901161 0
      vertex 50.566004268825054 0.6165516972541809 0
      vertex 50.566004268825054 0.6165516972541809 11.7
    endloop
  endfacet
  facet normal 0.13052616596545505 -0.9914448648302934 0
    outer loop
      vertex 50.566004268825054 0.6165516972541809 0
      vertex 50.92922307550907 0.6643703505396843 0
      vertex 50.92922307550907 0.6643703505396843 11.7
    endloop
  endfacet
  facet normal 0.843391437803711 -0.5372996209187099 4.314052786777182e-16
    outer loop
      vertex 53.63997033983469 2.3913068175315857 0
      vertex 53.83681167662144 2.700285814702511 5
      vertex 53.64550850803926 2.4 5
    endloop
  endfacet
  facet normal 0.8870108323553967 -0.4617486148156662 0
    outer loop
      vertex 53.83681167662144 2.700285814702511 0
      vertex 54.005974657833576 3.025244876742363 5
      vertex 53.83681167662144 2.700285814702511 5
    endloop
  endfacet
  facet normal 0.9238795363207711 -0.3826834231681808 0
    outer loop
      vertex 54.005974657833576 3.025244876742363 0
      vertex 54.14617187529802 3.3637109100818634 5
      vertex 54.005974657833576 3.025244876742363 5
    endloop
  endfacet
  facet normal 0.953716949786763 -0.3007058025536472 0
    outer loop
      vertex 54.14617187529802 3.3637109100818634 0
      vertex 54.25633632391691 3.7131078988313675 5
      vertex 54.14617187529802 3.3637109100818634 5
    endloop
  endfacet
  facet normal 0.9762960037957995 -0.21643962893230134 0
    outer loop
      vertex 54.25633632391691 3.7131078988313675 0
      vertex 54.335629642009735 4.070776917040348 5
      vertex 54.25633632391691 3.7131078988313675 5
    endloop
  endfacet
  facet normal 0.9914448648302933 -0.13052616596545505 0
    outer loop
      vertex 54.335629642009735 4.070776917040348 0
      vertex 54.38344829529524 4.433995723724365 5
      vertex 54.335629642009735 4.070776917040348 5
    endloop
  endfacet
  facet normal 0.9990482209435424 -0.04361940198515937 0
    outer loop
      vertex 54.38344829529524 4.433995723724365 0
      vertex 54.399999998509884 4.813091926276684 5
      vertex 54.38344829529524 4.433995723724365 5
    endloop
  endfacet
  facet normal 0.21643962893230131 -0.9762960037957994 0
    outer loop
      vertex 50.92922307550907 0.6643703505396843 0
      vertex 51.28689209371805 0.7436636686325073 0
      vertex 51.28689209371805 0.7436636686325073 11.7
    endloop
  endfacet
  facet normal 0.3007058025536471 -0.9537169497867629 0
    outer loop
      vertex 51.28689209371805 0.7436636686325073 0
      vertex 51.636289082467556 0.8538281172513962 0
      vertex 51.636289082467556 0.8538281172513962 11.7
    endloop
  endfacet
  facet normal 0.38268342316818077 -0.923879536320771 0
    outer loop
      vertex 51.636289082467556 0.8538281172513962 0
      vertex 51.974755115807056 0.9940253347158432 0
      vertex 51.974755115807056 0.9940253347158432 11.7
    endloop
  endfacet
  facet normal 0.46174861481566615 -0.8870108323553966 0
    outer loop
      vertex 51.974755115807056 0.9940253347158432 0
      vertex 52.29971417784691 1.1631883159279823 0
      vertex 52.29971417784691 1.1631883159279823 11.7
    endloop
  endfacet
  facet normal 0.5372996209187049 -0.8433914378037141 0
    outer loop
      vertex 52.29971417784691 1.1631883159279823 0
      vertex 52.608693175017834 1.3600296527147293 0
      vertex 52.608693175017834 1.3600296527147293 11.7
    endloop
  endfacet
  facet normal 0.6087614125446489 -0.7933533529245616 0
    outer loop
      vertex 52.608693175017834 1.3600296527147293 0
      vertex 52.89934053272009 1.5830512046813965 0
      vertex 52.89934053272009 1.5830512046813965 11.7
    endloop
  endfacet
  facet normal 0.675590206901444 -0.7372773374645827 0
    outer loop
      vertex 52.89934053272009 1.5830512046813965 0
      vertex 53.16944429278374 1.8305556997656822 0
      vertex 53.16944429278374 1.8305556997656822 11.7
    endloop
  endfacet
  facet normal 0.7372773374645827 -0.675590206901444 0
    outer loop
      vertex 53.16944429278374 1.8305556997656822 0
      vertex 53.41694878786802 2.1006594598293304 0
      vertex 53.41694878786802 2.1006594598293304 11.7
    endloop
  endfacet
  facet normal 0.7933533529245616 -0.6087614125446489 0
    outer loop
      vertex 53.41694878786802 2.1006594598293304 0
      vertex 53.63997033983469 2.3913068175315857 0
      vertex 53.63997033983469 2.3913068175315857 11.7
    endloop
  endfacet
  facet normal 1 0 0
    outer loop
      vertex 54.399999998509884 4.813091926276684 0
      vertex 54.399999998509884 16.700000002980232 5
      vertex 54.399999998509884 4.813091926276684 5
    endloop
  endfacet
  facet normal 0.8433914378038233 -0.5372996209185333 0
    outer loop
      vertex 53.63997033983469 2.3913068175315857 0
      vertex 53.64550850803926 2.4 5
      vertex 53.63997033983469 2.3913068175315857 11.7
    endloop
  endfacet
  facet normal 0 -1 0
    outer loop
      vertex 50.186908073723316 0.6000000014901161 0
      vertex 50.186908073723316 0.6000000014901161 11.7
      vertex 35 0.6000000014901161 11.7
    endloop
  endfacet
  facet normal 0.04361938324333212 -0.9990482217618284 0
    outer loop
      vertex 50.186908073723316 0.6000000014901161 0
      vertex 50.566004268825054 0.6165516972541809 11.7
      vertex 50.186908073723316 0.6000000014901161 11.7
    endloop
  endfacet
  facet normal 0.13052616596545505 -0.9914448648302934 0
    outer loop
      vertex 50.566004268825054 0.6165516972541809 0
      vertex 50.92922307550907 0.6643703505396843 11.7
      vertex 50.566004268825054 0.6165516972541809 11.7
    endloop
  endfacet
  facet normal 0.21643962893230131 -0.9762960037957994 0
    outer loop
      vertex 50.92922307550907 0.6643703505396843 0
      vertex 51.28689209371805 0.7436636686325073 11.7
      vertex 50.92922307550907 0.6643703505396843 11.7
    endloop
  endfacet
  facet normal 0.3007058025536471 -0.9537169497867629 0
    outer loop
      vertex 51.28689209371805 0.7436636686325073 0
      vertex 51.636289082467556 0.8538281172513962 11.7
      vertex 51.28689209371805 0.7436636686325073 11.7
    endloop
  endfacet
  facet normal 0.38268342316818077 -0.923879536320771 0
    outer loop
      vertex 51.636289082467556 0.8538281172513962 0
      vertex 51.974755115807056 0.9940253347158432 11.7
      vertex 51.636289082467556 0.8538281172513962 11.7
    endloop
  endfacet
  facet normal 0.46174861481566615 -0.8870108323553966 0
    outer loop
      vertex 51.974755115807056 0.9940253347158432 0
      vertex 52.29971417784691 1.1631883159279823 11.7
      vertex 51.974755115807056 0.9940253347158432 11.7
    endloop
  endfacet
  facet normal 0.5372996209187049 -0.8433914378037141 0
    outer loop
      vertex 52.29971417784691 1.1631883159279823 0
      vertex 52.608693175017834 1.3600296527147293 11.7
      vertex 52.29971417784691 1.1631883159279823 11.7
    endloop
  endfacet
  facet normal 0.6087614125446489 -0.7933533529245616 0
    outer loop
      vertex 52.608693175017834 1.3600296527147293 0
      vertex 52.89934053272009 1.5830512046813965 11.7
      vertex 52.608693175017834 1.3600296527147293 11.7
    endloop
  endfacet
  facet normal 0.675590206901444 -0.7372773374645827 0
    outer loop
      vertex 52.89934053272009 1.5830512046813965 0
      vertex 53.16944429278374 1.8305556997656822 11.7
      vertex 52.89934053272009 1.5830512046813965 11.7
    endloop
  endfacet
  facet normal 0.7372773374645827 -0.675590206901444 0
    outer loop
      vertex 53.16944429278374 1.8305556997656822 0
      vertex 53.41694878786802 2.1006594598293304 11.7
      vertex 53.16944429278374 1.8305556997656822 11.7
    endloop
  endfacet
  facet normal 0.7933533529245616 -0.6087614125446489 0
    outer loop
      vertex 53.41694878786802 2.1006594598293304 0
      vertex 53.63997033983469 2.3913068175315857 11.7
      vertex 53.41694878786802 2.1006594598293304 11.7
    endloop
  endfacet
  facet normal 0.8433914378038234 -0.5372996209185332 0
    outer loop
      vertex 53.64550850803926 2.4 5
      vertex 53.64550850803926 2.4 11.7
      vertex 53.63997033983469 2.3913068175315857 11.7
    endloop
  endfacet
  facet normal 0 1 0
    outer loop
      vertex 4.813091926276684 102.89999999850988 0
      vertex 35 102.89999999850988 5
      vertex 50.186908073723316 102.89999999850988 0
    endloop
  endfacet
  facet normal 0 1 0
    outer loop
      vertex 35 102.89999999850988 5
      vertex 35 102.89999999850988 11.7
      vertex 50.186908073723316 102.89999999850988 0
    endloop
  endfacet
  facet normal 1 0 0
    outer loop
      vertex 54.399999998509884 84.5 0
      vertex 54.399999998509884 98.68690806627274 0
      vertex 54.399999998509884 84.5 5
    endloop
  endfacet
  facet normal 0.9990482209435424 0.04361940198515937 0
    outer loop
      vertex 54.399999998509884 98.68690806627274 0
      vertex 54.38344829529524 99.06600426882505 0
      vertex 54.38344829529524 99.06600426882505 5
    endloop
  endfacet
  facet normal 0.9762960037957995 0.21643962893230134 0
    outer loop
      vertex 54.335629642009735 99.42922307550907 0
      vertex 54.25633632391691 99.78689209371805 0
      vertex 54.25633632391691 99.78689209371805 5
    endloop
  endfacet
  facet normal 0.9914448648302933 0.13052616596545505 0
    outer loop
      vertex 54.38344829529524 99.06600426882505 0
      vertex 54.335629642009735 99.42922307550907 0
      vertex 54.335629642009735 99.42922307550907 5
    endloop
  endfacet
  facet normal 0.8433914378037141 0.5372996209187049 -1.7367789563304182e-17
    outer loop
      vertex 53.63997033983469 101.10869317501783 0
      vertex 53.64550850329272 101.10000000000001 5
      vertex 53.83681167662144 100.79971417784691 0
    endloop
  endfacet
  facet normal 0.8870108323553967 0.4617486148156662 0
    outer loop
      vertex 53.83681167662144 100.79971417784691 0
      vertex 53.83681167662144 100.79971417784691 5
      vertex 54.005974657833576 100.47475511580706 0
    endloop
  endfacet
  facet normal 0.953716949786763 0.3007058025536472 0
    outer loop
      vertex 54.14617187529802 100.13628908246756 0
      vertex 54.14617187529802 100.13628908246756 5
      vertex 54.25633632391691 99.78689209371805 0
    endloop
  endfacet
  facet normal 0.9238795363207711 0.3826834231681808 0
    outer loop
      vertex 54.005974657833576 100.47475511580706 0
      vertex 54.005974657833576 100.47475511580706 5
      vertex 54.14617187529802 100.13628908246756 0
    endloop
  endfacet
  facet normal 0.04361940284080375 0.9990482209061842 0
    outer loop
      vertex 50.186908073723316 102.89999999850988 0
      vertex 50.186908073723316 102.89999999850988 11.7
      vertex 50.566004268825054 102.88344829529524 0
    endloop
  endfacet
  facet normal 0.13052616596545505 0.9914448648302934 0
    outer loop
      vertex 50.566004268825054 102.88344829529524 0
      vertex 50.566004268825054 102.88344829529524 11.7
      vertex 50.92922307550907 102.83562964200974 0
    endloop
  endfacet
  facet normal 1 0 0
    outer loop
      vertex 54.399999998509884 98.68690806627274 0
      vertex 54.399999998509884 98.68690806627274 5
      vertex 54.399999998509884 84.5 5
    endloop
  endfacet
  facet normal 0.9990482209435424 0.04361940198515937 0
    outer loop
      vertex 54.399999998509884 98.68690806627274 0
      vertex 54.38344829529524 99.06600426882505 5
      vertex 54.399999998509884 98.68690806627274 5
    endloop
  endfacet
  facet normal 0.9914448648302933 0.13052616596545505 0
    outer loop
      vertex 54.38344829529524 99.06600426882505 0
      vertex 54.335629642009735 99.42922307550907 5
      vertex 54.38344829529524 99.06600426882505 5
    endloop
  endfacet
  facet normal 0.9762960037957995 0.21643962893230134 0
    outer loop
      vertex 54.335629642009735 99.42922307550907 0
      vertex 54.25633632391691 99.78689209371805 5
      vertex 54.335629642009735 99.42922307550907 5
    endloop
  endfacet
  facet normal 0.8433914378037142 0.5372996209187046 0
    outer loop
      vertex 53.83681167662144 100.79971417784691 0
      vertex 53.64550850329272 101.10000000000001 5
      vertex 53.83681167662144 100.79971417784691 5
    endloop
  endfacet
  facet normal 0.8870108323553967 0.4617486148156662 0
    outer loop
      vertex 54.005974657833576 100.47475511580706 0
      vertex 53.83681167662144 100.79971417784691 5
      vertex 54.005974657833576 100.47475511580706 5
    endloop
  endfacet
  facet normal 0.9238795363207711 0.3826834231681808 0
    outer loop
      vertex 54.14617187529802 100.13628908246756 0
      vertex 54.005974657833576 100.47475511580706 5
      vertex 54.14617187529802 100.13628908246756 5
    endloop
  endfacet
  facet normal 0.953716949786763 0.3007058025536472 0
    outer loop
      vertex 54.25633632391691 99.78689209371805 0
      vertex 54.14617187529802 100.13628908246756 5
      vertex 54.25633632391691 99.78689209371805 5
    endloop
  endfacet
  facet normal 0.21643962893230131 0.9762960037957994 0
    outer loop
      vertex 50.92922307550907 102.83562964200974 0
      vertex 50.92922307550907 102.83562964200974 11.7
      vertex 51.28689209371805 102.75633632391691 0
    endloop
  endfacet
  facet normal 0.3007058025536471 0.9537169497867629 0
    outer loop
      vertex 51.28689209371805 102.75633632391691 0
      vertex 51.28689209371805 102.75633632391691 11.7
      vertex 51.636289082467556 102.64617187529802 0
    endloop
  endfacet
  facet normal 0.38268342316818077 0.923879536320771 0
    outer loop
      vertex 51.636289082467556 102.64617187529802 0
      vertex 51.636289082467556 102.64617187529802 11.7
      vertex 51.974755115807056 102.50597465783358 0
    endloop
  endfacet
  facet normal 0.46174861481566615 0.8870108323553966 0
    outer loop
      vertex 51.974755115807056 102.50597465783358 0
      vertex 51.974755115807056 102.50597465783358 11.7
      vertex 52.29971417784691 102.33681167662144 0
    endloop
  endfacet
  facet normal 0.6087614125446489 0.7933533529245616 0
    outer loop
      vertex 52.608693175017834 102.13997033983469 0
      vertex 52.608693175017834 102.13997033983469 11.7
      vertex 52.89934053272009 101.91694878786802 0
    endloop
  endfacet
  facet normal 0.5372996209187049 0.8433914378037141 0
    outer loop
      vertex 52.29971417784691 102.33681167662144 0
      vertex 52.29971417784691 102.33681167662144 11.7
      vertex 52.608693175017834 102.13997033983469 0
    endloop
  endfacet
  facet normal 0.675590206901444 0.7372773374645827 0
    outer loop
      vertex 52.89934053272009 101.91694878786802 0
      vertex 52.89934053272009 101.91694878786802 11.7
      vertex 53.16944429278374 101.66944429278374 0
    endloop
  endfacet
  facet normal 0.7372773374645827 0.675590206901444 0
    outer loop
      vertex 53.16944429278374 101.66944429278374 0
      vertex 53.16944429278374 101.66944429278374 11.7
      vertex 53.41694878786802 101.39934053272009 0
    endloop
  endfacet
  facet normal 0.7933533529245616 0.6087614125446489 0
    outer loop
      vertex 53.41694878786802 101.39934053272009 0
      vertex 53.41694878786802 101.39934053272009 11.7
      vertex 53.63997033983469 101.10869317501783 0
    endloop
  endfacet
  facet normal 0.8433914378037096 0.537299620918712 0
    outer loop
      vertex 53.63997033983469 101.10869317501783 0
      vertex 53.63997033983469 101.10869317501783 11.7
      vertex 53.64550850329272 101.10000000000001 5
    endloop
  endfacet
  facet normal 0 1 0
    outer loop
      vertex 50.186908073723316 102.89999999850988 0
      vertex 35 102.89999999850988 11.7
      vertex 50.186908073723316 102.89999999850988 11.7
    endloop
  endfacet
  facet normal 0.04361940284080375 0.9990482209061842 0
    outer loop
      vertex 50.566004268825054 102.88344829529524 0
      vertex 50.186908073723316 102.89999999850988 11.7
      vertex 50.566004268825054 102.88344829529524 11.7
    endloop
  endfacet
  facet normal 0.13052616596545505 0.9914448648302934 0
    outer loop
      vertex 50.92922307550907 102.83562964200974 0
      vertex 50.566004268825054 102.88344829529524 11.7
      vertex 50.92922307550907 102.83562964200974 11.7
    endloop
  endfacet
  facet normal 0.21643962893230131 0.9762960037957994 0
    outer loop
      vertex 51.28689209371805 102.75633632391691 0
      vertex 50.92922307550907 102.83562964200974 11.7
      vertex 51.28689209371805 102.75633632391691 11.7
    endloop
  endfacet
  facet normal 0.3007058025536471 0.9537169497867629 0
    outer loop
      vertex 51.636289082467556 102.64617187529802 0
      vertex 51.28689209371805 102.75633632391691 11.7
      vertex 51.636289082467556 102.64617187529802 11.7
    endloop
  endfacet
  facet normal 0.38268342316818077 0.923879536320771 0
    outer loop
      vertex 51.974755115807056 102.50597465783358 0
      vertex 51.636289082467556 102.64617187529802 11.7
      vertex 51.974755115807056 102.50597465783358 11.7
    endloop
  endfacet
  facet normal 0.46174861481566615 0.8870108323553966 0
    outer loop
      vertex 52.29971417784691 102.33681167662144 0
      vertex 51.974755115807056 102.50597465783358 11.7
      vertex 52.29971417784691 102.33681167662144 11.7
    endloop
  endfacet
  facet normal 0.5372996209187049 0.8433914378037141 0
    outer loop
      vertex 52.608693175017834 102.13997033983469 0
      vertex 52.29971417784691 102.33681167662144 11.7
      vertex 52.608693175017834 102.13997033983469 11.7
    endloop
  endfacet
  facet normal 0.6087614125446489 0.7933533529245616 0
    outer loop
      vertex 52.89934053272009 101.91694878786802 0
      vertex 52.608693175017834 102.13997033983469 11.7
      vertex 52.89934053272009 101.91694878786802 11.7
    endloop
  endfacet
  facet normal 0.675590206901444 0.7372773374645827 0
    outer loop
      vertex 53.16944429278374 101.66944429278374 0
      vertex 52.89934053272009 101.91694878786802 11.7
      vertex 53.16944429278374 101.66944429278374 11.7
    endloop
  endfacet
  facet normal 0.7372773374645827 0.675590206901444 0
    outer loop
      vertex 53.41694878786802 101.39934053272009 0
      vertex 53.16944429278374 101.66944429278374 11.7
      vertex 53.41694878786802 101.39934053272009 11.7
    endloop
  endfacet
  facet normal 0.7933533529245616 0.6087614125446489 0
    outer loop
      vertex 53.63997033983469 101.10869317501783 0
      vertex 53.41694878786802 101.39934053272009 11.7
      vertex 53.63997033983469 101.10869317501783 11.7
    endloop
  endfacet
  facet normal 0.8433914378037095 0.5372996209187119 0
    outer loop
      vertex 53.64550850329272 101.10000000000001 5
      vertex 53.63997033983469 101.10869317501783 11.7
      vertex 53.64550850329272 101.10000000000001 11.7
    endloop
  endfacet
  facet normal 0 0 -1
    outer loop
      vertex 4.7 5.799999999999999 2.8
      vertex 3.856204379562044 9.2 2.8
      vertex 4.7 9.2 2.8
    endloop
  endfacet
  facet normal 0 1 0
    outer loop
      vertex 4.7 5.799999999999999 2.8
      vertex 19 5.799999999999999 0
      vertex 4.7 5.799999999999999 0
    endloop
  endfacet
  facet normal 0 -1 0
    outer loop
      vertex 4.7 9.2 2.8
      vertex 4.7 9.2 0
      vertex 19 9.2 0
    endloop
  endfacet
  facet normal 0 0 -1
    outer loop
      vertex 4.7 5.799999999999999 2.8
      vertex 4.7 9.2 2.8
      vertex 19 9.2 2.8
    endloop
  endfacet
  facet normal 0 1 0
    outer loop
      vertex 4.7 5.799999999999999 2.8
      vertex 19 5.799999999999999 2.8
      vertex 19 5.799999999999999 0
    endloop
  endfacet
  facet normal 0 0 -1
    outer loop
      vertex 4.7 5.799999999999999 2.8
      vertex 19 9.2 2.8
      vertex 19 5.799999999999999 2.8
    endloop
  endfacet
  facet normal 0 -1 0
    outer loop
      vertex 4.7 9.2 2.8
      vertex 19 9.2 0
      vertex 19 9.2 2.8
    endloop
  endfacet
  facet normal 0 1 0
    outer loop
      vertex 1.3 5.799999999999999 2.8
      vertex 4.7 5.799999999999999 0
      vertex 1.3 5.799999999999999 0
    endloop
  endfacet
  facet normal 1 0 0
    outer loop
      vertex 1.3 16.700000002980232 2.8
      vertex 1.3 5.799999999999999 0
      vertex 1.3 16.700000002980232 0
    endloop
  endfacet
  facet normal -1 0 0
    outer loop
      vertex 4.7 9.2 2.8
      vertex 4.7 16.700000002980232 0
      vertex 4.7 9.2 0
    endloop
  endfacet
  facet normal 0 1 0
    outer loop
      vertex 1.3 5.799999999999999 2.8
      vertex 4.7 5.799999999999999 2.8
      vertex 4.7 5.799999999999999 0
    endloop
  endfacet
  facet normal 0 0 -1
    outer loop
      vertex 1.3 5.799999999999999 2.8
      vertex 3.856204379562044 9.2 2.8
      vertex 4.7 5.799999999999999 2.8
    endloop
  endfacet
  facet normal 1 0 0
    outer loop
      vertex 1.3 5.799999999999999 2.8
      vertex 1.3 5.799999999999999 0
      vertex 1.3 16.700000002980232 2.8
    endloop
  endfacet
  facet normal 0 0 -1
    outer loop
      vertex 1.3 5.799999999999999 2.8
      vertex 1.3 16.700000002980232 2.8
      vertex 3.856204379562044 9.2 2.8
    endloop
  endfacet
  facet normal 0 0 -1
    outer loop
      vertex 3.856204379562044 9.2 2.8
      vertex 1.3 16.700000002980232 2.8
      vertex 4.7 9.2 2.8
    endloop
  endfacet
  facet normal 0 0 -1
    outer loop
      vertex 4.7 9.2 2.8
      vertex 1.3 16.700000002980232 2.8
      vertex 4.7 16.700000002980232 2.8
    endloop
  endfacet
  facet normal -1 0 0
    outer loop
      vertex 4.7 9.2 2.8
      vertex 4.7 16.700000002980232 2.8
      vertex 4.7 16.700000002980232 0
    endloop
  endfacet
  facet normal 0 -1 0
    outer loop
      vertex 50.3 9.2 2.8
      vertex 36 9.2 2.8
      vertex 36 9.2 0
    endloop
  endfacet
  facet normal 0 0 -1
    outer loop
      vertex 50.3 9.2 2.8
      vertex 36 5.799999999999999 2.8
      vertex 36 9.2 2.8
    endloop
  endfacet
  facet normal 0 1 0
    outer loop
      vertex 52 5.799999999999999 2.8
      vertex 52 5.799999999999999 0
      vertex 36 5.799999999999999 0
    endloop
  endfacet
  facet normal 0 -1 0
    outer loop
      vertex 50.3 9.2 2.8
      vertex 36 9.2 0
      vertex 50.3 9.2 0
    endloop
  endfacet
  facet normal 0 1 0
    outer loop
      vertex 52 5.799999999999999 2.8
      vertex 36 5.799999999999999 0
      vertex 36 5.799999999999999 2.8
    endloop
  endfacet
  facet normal 0 0 -1
    outer loop
      vertex 50.3 6.035918367346938 2.8
      vertex 52 5.799999999999999 2.8
      vertex 36 5.799999999999999 2.8
    endloop
  endfacet
  facet normal 0 0 -1
    outer loop
      vertex 50.3 6.035918367346938 2.8
      vertex 36 5.799999999999999 2.8
      vertex 50.3 9.2 2.8
    endloop
  endfacet
  facet normal 1 0 0
    outer loop
      vertex 50.3 9.2 2.8
      vertex 50.3 9.2 0
      vertex 50.3 16.700000002980232 0
    endloop
  endfacet
  facet normal 0 1 0
    outer loop
      vertex 52 5.799999999999999 2.8
      vertex 53.699999999999996 5.799999999999999 0
      vertex 52 5.799999999999999 0
    endloop
  endfacet
  facet normal -1 0 0
    outer loop
      vertex 53.699999999999996 5.799999999999999 2.8
      vertex 53.699999999999996 16.700000002980232 0
      vertex 53.699999999999996 5.799999999999999 0
    endloop
  endfacet
  facet normal 0 0 -1
    outer loop
      vertex 50.3 6.035918367346938 2.8
      vertex 50.3 9.2 2.8
      vertex 52 5.799999999999999 2.8
    endloop
  endfacet
  facet normal 0 1 0
    outer loop
      vertex 52 5.799999999999999 2.8
      vertex 53.699999999999996 5.799999999999999 2.8
      vertex 53.699999999999996 5.799999999999999 0
    endloop
  endfacet
  facet normal 0 0 -1
    outer loop
      vertex 52 5.799999999999999 2.8
      vertex 50.3 9.2 2.8
      vertex 53.699999999999996 5.799999999999999 2.8
    endloop
  endfacet
  facet normal -1 0 0
    outer loop
      vertex 53.699999999999996 5.799999999999999 2.8
      vertex 53.699999999999996 16.700000002980232 2.8
      vertex 53.699999999999996 16.700000002980232 0
    endloop
  endfacet
  facet normal 0 0 -1
    outer loop
      vertex 53.699999999999996 5.799999999999999 2.8
      vertex 50.3 9.2 2.8
      vertex 50.3 16.700000002980232 2.8
    endloop
  endfacet
  facet normal 0 0 -1
    outer loop
      vertex 53.699999999999996 5.799999999999999 2.8
      vertex 50.3 16.700000002980232 2.8
      vertex 53.699999999999996 16.700000002980232 2.8
    endloop
  endfacet
  facet normal 1 0 0
    outer loop
      vertex 50.3 9.2 2.8
      vertex 50.3 16.700000002980232 0
      vertex 50.3 16.700000002980232 2.8
    endloop
  endfacet
endsolid OpenSCAD_Model
